hit,time,file,points,state,conf,impact,defect,bottom,dist_mm,threshold,peak_abs,peak_pos,peak_neg,mean,rod_len_mm,defect_true_mm,err_mm,note
1,21:25:02,hit_001_20260731_212502.csv,512,DEFECT,HIGH,75,0,0,440,0,6794297,6794297,-2816880,2398111.2,,200,240,坏棒 总长1000m 铁头 200
2,21:25:03,hit_002_20260731_212503.csv,512,DEFECT,HIGH,75,0,0,176,0,7089862,7089862,-2684924,2297601.1,,200,-24,坏棒 总长1000m 铁头 200
3,21:25:04,hit_003_20260731_212504.csv,512,DEFECT,HIGH,75,0,0,440,0,5480764,5480764,-2855062,1083643.9,,200,240,坏棒 总长1000m 铁头 200
4,21:25:05,hit_004_20260731_212505.csv,512,DEFECT,HIGH,75,0,0,190,0,6659610,6659610,-2763377,2405773.8,,200,-10,坏棒 总长1000m 铁头 200
5,21:25:05,hit_005_20260731_212505.csv,512,DEFECT,HIGH,74,0,0,190,0,7445094,7445094,-2575093,2970567.4,,200,-10,坏棒 总长1000m 铁头 200
6,21:25:06,hit_006_20260731_212506.csv,512,DEFECT,HIGH,75,0,0,470,0,6694848,6694848,-2727713,2551518.3,,200,270,坏棒 总长1000m 铁头 200
7,21:25:06,hit_007_20260731_212506.csv,512,DEFECT,HIGH,75,0,0,455,0,6580401,6580401,-2667407,2430843.0,,200,255,坏棒 总长1000m 铁头 200
8,21:25:06,hit_008_20260731_212506.csv,512,DEFECT,HIGH,75,0,0,455,0,6297527,6297527,-2750704,2215588.6,,200,255,坏棒 总长1000m 铁头 200
9,21:25:07,hit_009_20260731_212507.csv,512,DEFECT,HIGH,76,0,0,734,0,6091263,6091263,-2959347,2049154.8,,200,534,坏棒 总长1000m 铁头 200
10,21:25:07,hit_010_20260731_212507.csv,512,DEFECT,HIGH,76,0,0,470,0,6159296,6159296,-2823668,2095743.9,,200,270,坏棒 总长1000m 铁头 200
11,21:25:07,hit_011_20260731_212507.csv,512,DEFECT,HIGH,75,0,0,470,0,6372231,6372231,-2769936,2299219.0,,200,270,坏棒 总长1000m 铁头 200
12,21:25:08,hit_012_20260731_212508.csv,512,DEFECT,HIGH,77,0,0,719,0,6219132,6219132,-3068417,2098124.7,,200,519,坏棒 总长1000m 铁头 200
13,21:25:08,hit_013_20260731_212508.csv,512,DEFECT,HIGH,76,0,0,719,0,6132460,6132460,-2944365,2207831.4,,200,519,坏棒 总长1000m 铁头 200
14,21:25:08,hit_014_20260731_212508.csv,512,DEFECT,HIGH,76,0,0,455,0,6075931,6075931,-2816581,2196856.5,,200,255,坏棒 总长1000m 铁头 200
15,21:25:09,hit_015_20260731_212509.csv,512,DEFECT,HIGH,77,0,0,425,0,6264040,6264040,-2966809,1722697.9,,200,225,坏棒 总长1000m 铁头 200
16,21:25:09,hit_016_20260731_212509.csv,512,DEFECT,HIGH,76,0,0,440,0,6431546,6431546,-2888326,1764582.7,,200,240,坏棒 总长1000m 铁头 200
17,21:25:25,hit_017_20260731_212525.csv,512,DEFECT,HIGH,83,0,0,543,0,6533005,6533005,-4409380,720232.3,,200,343,坏棒 总长1000m 铁头 200
18,21:25:26,hit_018_20260731_212526.csv,512,DEFECT,HIGH,84,0,0,587,0,5333664,5333664,-4322330,467395.3,,200,387,坏棒 总长1000m 铁头 200
19,21:25:26,hit_019_20260731_212526.csv,512,DEFECT,HIGH,82,0,0,587,0,5700430,5700430,-4068017,516492.7,,200,387,坏棒 总长1000m 铁头 200
20,21:25:26,hit_020_20260731_212526.csv,512,DEFECT,HIGH,90,0,0,631,0,5369860,3737856,-5369860,-361812.1,,200,431,坏棒 总长1000m 铁头 200
21,21:25:27,hit_021_20260731_212527.csv,512,DEFECT,HIGH,91,0,0,675,0,5600084,4278437,-5600084,-26521.3,,200,475,坏棒 总长1000m 铁头 200
22,21:25:28,hit_022_20260731_212528.csv,512,DEFECT,HIGH,79,0,0,660,0,4590730,4590730,-3563665,873598.5,,200,460,坏棒 总长1000m 铁头 200
23,21:25:28,hit_023_20260731_212528.csv,512,DEFECT,HIGH,74,0,0,146,0,7344238,7344238,-2458662,2009434.1,,200,-54,坏棒 总长1000m 铁头 200
24,21:25:29,hit_024_20260731_212529.csv,512,DEFECT,HIGH,81,0,0,690,0,4208441,4208441,-3790087,197645.9,,200,490,坏棒 总长1000m 铁头 200
25,21:25:29,hit_025_20260731_212529.csv,512,DEFECT,HIGH,75,0,0,455,0,4629704,4629704,-2900047,1007338.4,,200,255,坏棒 总长1000m 铁头 200
26,21:25:30,hit_026_20260731_212530.csv,512,DEFECT,HIGH,79,0,0,690,0,4317766,4317766,-3521103,536541.4,,200,490,坏棒 总长1000m 铁头 200
27,21:25:30,hit_027_20260731_212530.csv,512,DEFECT,HIGH,74,0,0,425,0,5566857,5566857,-2568334,1395583.1,,200,225,坏棒 总长1000m 铁头 200
28,21:25:31,hit_028_20260731_212531.csv,512,DEFECT,HIGH,74,0,0,176,0,5729226,5729226,-2527698,1541861.7,,200,-24,坏棒 总长1000m 铁头 200
29,21:25:31,hit_029_20260731_212531.csv,512,DEFECT,HIGH,73,0,0,161,0,7064275,7064275,-2384587,2795671.8,,200,-39,坏棒 总长1000m 铁头 200
30,21:25:32,hit_030_20260731_212532.csv,512,DEFECT,HIGH,74,0,0,176,0,6344417,6344417,-2553149,1590645.0,,200,-24,坏棒 总长1000m 铁头 200
31,21:25:32,hit_031_20260731_212532.csv,512,DEFECT,HIGH,76,0,0,440,0,5098960,5098960,-2961184,741180.1,,200,240,坏棒 总长1000m 铁头 200
32,21:25:33,hit_032_20260731_212533.csv,512,DEFECT,HIGH,77,0,0,425,0,5492935,5492935,-3230183,808899.4,,200,225,坏棒 总长1000m 铁头 200
33,21:25:33,hit_033_20260731_212533.csv,512,DEFECT,HIGH,79,0,0,411,0,5445940,5445940,-3304633,677615.6,,200,211,坏棒 总长1000m 铁头 200
34,21:25:33,hit_034_20260731_212533.csv,512,DEFECT,HIGH,76,0,0,425,0,5800156,5800156,-3052798,913878.8,,200,225,坏棒 总长1000m 铁头 200
35,21:25:34,hit_035_20260731_212534.csv,512,DEFECT,HIGH,75,0,0,161,0,6316053,6316053,-2818090,1189200.4,,200,-39,坏棒 总长1000m 铁头 200
36,21:25:34,hit_036_20260731_212534.csv,512,DEFECT,HIGH,73,0,0,161,0,6367669,6367669,-2433303,1419338.2,,200,-39,坏棒 总长1000m 铁头 200
37,21:25:35,hit_037_20260731_212535.csv,512,DEFECT,HIGH,82,0,0,660,0,3959988,3814371,-3959988,121685.7,,200,460,坏棒 总长1000m 铁头 200
38,21:25:35,hit_038_20260731_212535.csv,512,DEFECT,HIGH,75,0,0,190,0,4443440,4443440,-2856511,871401.5,,200,-10,坏棒 总长1000m 铁头 200
39,21:25:35,hit_039_20260731_212535.csv,512,DEFECT,HIGH,76,0,0,425,0,4781506,4781506,-2929293,946084.5,,200,225,坏棒 总长1000m 铁头 200
40,21:25:36,hit_040_20260731_212536.csv,512,DEFECT,HIGH,73,0,0,161,0,6090010,6090010,-2329773,1700661.3,,200,-39,坏棒 总长1000m 铁头 200
41,21:25:36,hit_041_20260731_212536.csv,512,DEFECT,HIGH,72,0,0,176,0,6003823,6003823,-2214084,1808417.1,,200,-24,坏棒 总长1000m 铁头 200
42,21:25:37,hit_042_20260731_212537.csv,512,DEFECT,HIGH,76,0,0,440,0,3021320,3021320,-2999571,237633.9,,200,240,坏棒 总长1000m 铁头 200
43,21:25:37,hit_043_20260731_212537.csv,512,DEFECT,HIGH,73,0,0,176,0,5851502,5851502,-2344365,1786286.8,,200,-24,坏棒 总长1000m 铁头 200
44,21:25:37,hit_044_20260731_212537.csv,512,DEFECT,HIGH,74,0,0,161,0,7013682,7013682,-2630509,2320337.0,,200,-39,坏棒 总长1000m 铁头 200
45,21:25:38,hit_045_20260731_212538.csv,512,DEFECT,HIGH,74,0,0,161,0,6846514,6846514,-2621883,2025851.6,,200,-39,坏棒 总长1000m 铁头 200
46,21:25:38,hit_046_20260731_212538.csv,512,DEFECT,HIGH,86,0,0,572,0,5788156,5788156,-3454750,712038.4,,200,372,坏棒 总长1000m 铁头 200
47,21:25:39,hit_047_20260731_212539.csv,512,DEFECT,HIGH,86,0,0,323,0,5906320,5906320,-3597272,693498.1,,200,123,坏棒 总长1000m 铁头 200
48,21:25:39,hit_048_20260731_212539.csv,512,DEFECT,HIGH,80,0,0,514,0,4725334,4725334,-3840475,200796.4,,200,314,坏棒 总长1000m 铁头 200
49,21:25:39,hit_049_20260731_212539.csv,512,DEFECT,HIGH,81,0,0,587,0,5770380,5770380,-3274052,805266.3,,200,387,坏棒 总长1000m 铁头 200
50,21:25:40,hit_050_20260731_212540.csv,512,DEFECT,HIGH,82,0,0,543,0,4245558,4245558,-4224244,-45095.1,,200,343,坏棒 总长1000m 铁头 200
51,21:25:40,hit_051_20260731_212540.csv,512,DEFECT,HIGH,84,0,0,528,0,4843565,4099909,-4843565,-272035.0,,200,328,坏棒 总长1000m 铁头 200
52,21:25:41,hit_052_20260731_212541.csv,512,DEFECT,HIGH,76,0,0,176,0,5981289,5981289,-2921769,1178333.0,,200,-24,坏棒 总长1000m 铁头 200
53,21:25:41,hit_053_20260731_212541.csv,512,DEFECT,HIGH,74,0,0,190,0,5117223,5117223,-2550283,1253505.4,,200,-10,坏棒 总长1000m 铁头 200
54,21:25:42,hit_054_20260731_212542.csv,512,DEFECT,HIGH,74,0,0,190,0,5300778,5300778,-2507827,1441104.3,,200,-10,坏棒 总长1000m 铁头 200
55,21:25:42,hit_055_20260731_212542.csv,512,DEFECT,HIGH,76,0,0,190,0,5269216,5269216,-2903003,1233009.9,,200,-10,坏棒 总长1000m 铁头 200
56,21:25:42,hit_056_20260731_212542.csv,512,DEFECT,HIGH,74,0,0,190,0,5846419,5846419,-2535498,1565001.5,,200,-10,坏棒 总长1000m 铁头 200
57,21:25:43,hit_057_20260731_212543.csv,512,DEFECT,HIGH,74,0,0,455,0,5604713,5604713,-2619215,1467697.7,,200,255,坏棒 总长1000m 铁头 200
58,21:25:43,hit_058_20260731_212543.csv,512,DEFECT,HIGH,82,0,0,660,0,4845195,4845195,-3997087,399420.5,,200,460,坏棒 总长1000m 铁头 200
59,21:25:44,hit_059_20260731_212544.csv,512,DEFECT,HIGH,73,0,0,176,0,6263378,6263378,-2470346,1597698.1,,200,-24,坏棒 总长1000m 铁头 200
60,21:25:44,hit_060_20260731_212544.csv,512,DEFECT,HIGH,77,0,0,455,0,4884850,4884850,-3020840,1149420.2,,200,255,坏棒 总长1000m 铁头 200
61,21:25:45,hit_061_20260731_212545.csv,512,DEFECT,HIGH,73,0,0,205,0,5924035,5924035,-2508491,1760087.0,,200,5,坏棒 总长1000m 铁头 200
62,21:25:45,hit_062_20260731_212545.csv,512,DEFECT,HIGH,74,0,0,176,0,6913744,6913744,-2547976,2481985.7,,200,-24,坏棒 总长1000m 铁头 200
63,21:25:45,hit_063_20260731_212545.csv,512,DEFECT,HIGH,75,0,0,440,0,5660134,5660134,-2633308,1748885.1,,200,240,坏棒 总长1000m 铁头 200
64,21:25:46,hit_064_20260731_212546.csv,512,DEFECT,HIGH,73,0,0,176,0,6712699,6712699,-2359835,2272996.7,,200,-24,坏棒 总长1000m 铁头 200
65,21:25:46,hit_065_20260731_212546.csv,512,DEFECT,HIGH,74,0,0,176,0,6836439,6836439,-2473952,2558674.6,,200,-24,坏棒 总长1000m 铁头 200
66,21:25:47,hit_066_20260731_212547.csv,512,DEFECT,HIGH,76,0,0,719,0,6437980,6437980,-2923448,2363162.5,,200,519,坏棒 总长1000m 铁头 200
67,21:25:47,hit_067_20260731_212547.csv,512,DEFECT,HIGH,75,0,0,205,0,5463316,5463316,-2783695,1509607.3,,200,5,坏棒 总长1000m 铁头 200
68,21:25:47,hit_068_20260731_212547.csv,512,DEFECT,HIGH,74,0,0,190,0,5878406,5878406,-2644437,1638066.2,,200,-10,坏棒 总长1000m 铁头 200
69,21:25:54,hit_069_20260731_212554.csv,512,DEFECT,HIGH,75,0,0,499,0,6059980,6059980,-2717484,1974572.4,,200,299,坏棒 总长1000m 铁头 200
70,21:25:54,hit_070_20260731_212554.csv,512,DEFECT,HIGH,75,0,0,484,0,6031505,6031505,-2779138,1860795.1,,200,284,坏棒 总长1000m 铁头 200
71,21:25:55,hit_071_20260731_212555.csv,512,DEFECT,HIGH,77,0,0,719,0,5006499,5006499,-3072086,1087671.0,,200,519,坏棒 总长1000m 铁头 200
72,21:25:55,hit_072_20260731_212555.csv,512,DEFECT,HIGH,80,0,0,660,0,4730267,4730267,-3715935,591470.5,,200,460,坏棒 总长1000m 铁头 200
73,21:25:56,hit_073_20260731_212556.csv,512,DEFECT,HIGH,78,0,0,440,0,5066396,5066396,-3386291,820770.3,,200,240,坏棒 总长1000m 铁头 200
74,21:25:56,hit_074_20260731_212556.csv,512,DEFECT,HIGH,81,0,0,646,0,4980706,4980706,-3758623,573697.7,,200,446,坏棒 总长1000m 铁头 200
75,21:25:57,hit_075_20260731_212557.csv,512,DEFECT,HIGH,79,0,0,381,0,5320056,5320056,-3522961,713375.1,,200,181,坏棒 总长1000m 铁头 200
76,21:25:57,hit_076_20260731_212557.csv,512,DEFECT,HIGH,85,0,0,587,0,4875484,4875484,-4472362,193295.1,,200,387,坏棒 总长1000m 铁头 200
77,21:25:58,hit_077_20260731_212558.csv,512,DEFECT,HIGH,84,0,0,587,0,5252270,5252270,-4344695,321056.1,,200,387,坏棒 总长1000m 铁头 200
78,21:25:58,hit_078_20260731_212558.csv,512,DEFECT,HIGH,85,0,0,587,0,5101082,5101082,-4639046,203029.2,,200,387,坏棒 总长1000m 铁头 200
79,21:25:58,hit_079_20260731_212558.csv,512,DEFECT,HIGH,78,0,0,425,0,4799291,4799291,-3405421,644486.9,,200,225,坏棒 总长1000m 铁头 200
80,21:25:59,hit_080_20260731_212559.csv,512,DEFECT,HIGH,76,0,0,440,0,5806778,5806778,-2898493,1633856.7,,200,240,坏棒 总长1000m 铁头 200
81,21:25:59,hit_081_20260731_212559.csv,512,DEFECT,HIGH,77,0,0,440,0,5661160,5661160,-3242634,1587258.8,,200,240,坏棒 总长1000m 铁头 200
82,21:26:01,hit_082_20260731_212601.csv,512,DEFECT,HIGH,84,0,0,646,0,6005599,6005599,-4442412,893196.3,,200,446,坏棒 总长1000m 铁头 200
83,21:26:02,hit_083_20260731_212602.csv,512,NORMAL,LOW,85,0,0,0,0,4745118,4258029,-4745118,466760.9,,200,,坏棒 总长1000m 铁头 200
84,21:26:02,hit_084_20260731_212602.csv,512,DEFECT,HIGH,85,0,0,646,0,4728388,3744974,-4728388,250450.4,,200,446,坏棒 总长1000m 铁头 200
85,21:26:02,hit_085_20260731_212602.csv,512,DEFECT,HIGH,85,0,0,631,0,5030252,5030252,-4511190,651052.7,,200,431,坏棒 总长1000m 铁头 200
86,21:26:04,hit_086_20260731_212604.csv,512,DEFECT,HIGH,80,0,0,705,0,4719107,4719107,-3613498,977725.0,,200,505,坏棒 总长1000m 铁头 200
87,21:26:04,hit_087_20260731_212604.csv,512,DEFECT,HIGH,81,0,0,660,0,6293927,6293927,-3807485,1231269.8,,200,460,坏棒 总长1000m 铁头 200
88,21:26:05,hit_088_20260731_212605.csv,512,DEFECT,HIGH,75,0,0,499,0,6552017,6552017,-2785299,1668700.8,,200,299,坏棒 总长1000m 铁头 200
89,21:26:06,hit_089_20260731_212606.csv,512,DEFECT,LOW,82,0,0,660,0,4436367,4436367,-4125566,889489.1,,200,460,坏棒 总长1000m 铁头 200
90,21:26:06,hit_090_20260731_212606.csv,512,DEFECT,HIGH,79,0,0,705,0,5700198,5700198,-3544516,1428904.2,,200,505,坏棒 总长1000m 铁头 200
91,21:26:06,hit_091_20260731_212606.csv,512,DEFECT,HIGH,80,0,0,705,0,5811205,5811205,-3582858,1579705.9,,200,505,坏棒 总长1000m 铁头 200
92,21:26:07,hit_092_20260731_212607.csv,512,DEFECT,HIGH,83,0,0,675,0,5465483,5465483,-4228742,1220118.1,,200,475,坏棒 总长1000m 铁头 200
93,21:26:07,hit_093_20260731_212607.csv,512,DEFECT,HIGH,78,0,0,719,0,5748763,5748763,-3274838,1685606.0,,200,519,坏棒 总长1000m 铁头 200
94,21:26:08,hit_094_20260731_212608.csv,512,DEFECT,HIGH,75,0,0,719,0,5912629,5912629,-2860027,1907120.1,,200,519,坏棒 总长1000m 铁头 200
95,21:26:08,hit_095_20260731_212608.csv,512,DEFECT,HIGH,77,0,0,705,0,5904370,5904370,-3219858,1801206.0,,200,505,坏棒 总长1000m 铁头 200
96,21:26:08,hit_096_20260731_212608.csv,512,DEFECT,HIGH,76,0,0,719,0,6162963,6162963,-2900143,2054756.9,,200,519,坏棒 总长1000m 铁头 200
97,21:26:09,hit_097_20260731_212609.csv,512,DEFECT,HIGH,77,0,0,734,0,6476931,6476931,-3074326,2214959.4,,200,534,坏棒 总长1000m 铁头 200
98,21:26:11,hit_098_20260731_212611.csv,512,DEFECT,HIGH,75,0,0,470,0,6521439,6521439,-2759837,1962632.7,,200,270,坏棒 总长1000m 铁头 200
99,21:26:11,hit_099_20260731_212611.csv,512,DEFECT,HIGH,85,0,0,602,0,5134565,5134565,-4266475,429839.7,,200,402,坏棒 总长1000m 铁头 200
100,21:26:12,hit_100_20260731_212612.csv,512,DEFECT,HIGH,84,0,0,558,0,5397054,5397054,-4389390,364139.9,,200,358,坏棒 总长1000m 铁头 200
101,21:26:14,hit_101_20260731_212614.csv,512,DEFECT,HIGH,81,0,0,675,0,5633138,5633138,-3828424,887532.3,,200,475,坏棒 总长1000m 铁头 200
102,21:26:14,hit_102_20260731_212614.csv,512,DEFECT,HIGH,75,0,0,455,0,6244522,6244522,-2692330,1839751.5,,200,255,坏棒 总长1000m 铁头 200
103,21:26:15,hit_103_20260731_212615.csv,512,DEFECT,HIGH,79,0,0,705,0,5548879,5548879,-3452180,1274264.5,,200,505,坏棒 总长1000m 铁头 200
104,21:26:15,hit_104_20260731_212615.csv,512,DEFECT,HIGH,74,0,0,484,0,6306783,6306783,-2575508,2151747.8,,200,284,坏棒 总长1000m 铁头 200
105,21:26:16,hit_105_20260731_212616.csv,512,DEFECT,HIGH,77,0,0,455,0,6235903,6235903,-3103978,1727374.4,,200,255,坏棒 总长1000m 铁头 200
106,21:26:16,hit_106_20260731_212616.csv,512,DEFECT,HIGH,81,0,0,660,0,6540603,6540603,-3940361,1133712.3,,200,460,坏棒 总长1000m 铁头 200
107,21:26:17,hit_107_20260731_212617.csv,512,DEFECT,HIGH,75,0,0,190,0,7027798,7027798,-2782028,1775340.7,,200,-10,坏棒 总长1000m 铁头 200
108,21:26:17,hit_108_20260731_212617.csv,512,DEFECT,HIGH,79,0,0,396,0,6806043,6806043,-2874529,1508629.7,,200,196,坏棒 总长1000m 铁头 200
109,21:26:18,hit_109_20260731_212618.csv,512,DEFECT,HIGH,81,0,0,411,0,6508702,6508702,-3778469,1214788.9,,200,211,坏棒 总长1000m 铁头 200
110,21:26:18,hit_110_20260731_212618.csv,512,DEFECT,HIGH,75,0,0,440,0,6798827,6798827,-2818618,1560186.5,,200,240,坏棒 总长1000m 铁头 200
111,21:26:18,hit_111_20260731_212618.csv,512,DEFECT,HIGH,76,0,0,440,0,6256602,6256602,-2779214,1228739.6,,200,240,坏棒 总长1000m 铁头 200
112,21:26:19,hit_112_20260731_212619.csv,512,DEFECT,HIGH,81,0,0,660,0,6083723,6083723,-3789042,904238.3,,200,460,坏棒 总长1000m 铁头 200
113,21:26:20,hit_113_20260731_212620.csv,512,DEFECT,HIGH,76,0,0,734,0,5463100,5463100,-3019119,1375356.8,,200,534,坏棒 总长1000m 铁头 200
114,21:26:20,hit_114_20260731_212620.csv,512,DEFECT,HIGH,76,0,0,499,0,5968177,5968177,-2920578,1574140.7,,200,299,坏棒 总长1000m 铁头 200
115,21:26:21,hit_115_20260731_212621.csv,512,DEFECT,HIGH,75,0,0,484,0,5946430,5946430,-2637395,1540363.7,,200,284,坏棒 总长1000m 铁头 200
116,21:26:22,hit_116_20260731_212622.csv,512,DEFECT,HIGH,77,0,0,749,0,5908839,5908839,-2969911,1716376.5,,200,549,坏棒 总长1000m 铁头 200
117,21:26:22,hit_117_20260731_212622.csv,512,DEFECT,HIGH,76,0,0,719,0,5613889,5613889,-2984944,1252082.7,,200,519,坏棒 总长1000m 铁头 200
118,21:26:23,hit_118_20260731_212623.csv,512,DEFECT,HIGH,79,0,0,660,0,6069559,6069559,-3597153,1030283.1,,200,460,坏棒 总长1000m 铁头 200
119,21:26:23,hit_119_20260731_212623.csv,512,DEFECT,HIGH,80,0,0,675,0,5586466,5586466,-3732401,913283.0,,200,475,坏棒 总长1000m 铁头 200
120,21:26:24,hit_120_20260731_212624.csv,512,DEFECT,HIGH,80,0,0,572,0,6049658,6049658,-3740218,649807.8,,200,372,坏棒 总长1000m 铁头 200
121,21:26:24,hit_121_20260731_212624.csv,512,DEFECT,HIGH,85,0,0,558,0,5898064,5898064,-3519050,628068.4,,200,358,坏棒 总长1000m 铁头 200
122,21:26:24,hit_122_20260731_212624.csv,512,DEFECT,HIGH,83,0,0,381,0,6090983,6090983,-4349712,705204.7,,200,181,坏棒 总长1000m 铁头 200
123,21:26:25,hit_123_20260731_212625.csv,512,DEFECT,HIGH,78,0,0,352,0,6533745,6533745,-3333066,933896.1,,200,152,坏棒 总长1000m 铁头 200
124,21:26:25,hit_124_20260731_212625.csv,512,DEFECT,HIGH,88,0,0,558,0,5009006,5009006,-4857298,-146494.5,,200,358,坏棒 总长1000m 铁头 200
125,21:26:26,hit_125_20260731_212626.csv,512,DEFECT,HIGH,82,0,0,543,0,5247605,5247605,-3898645,316160.0,,200,343,坏棒 总长1000m 铁头 200
126,21:26:26,hit_126_20260731_212626.csv,512,DEFECT,HIGH,83,0,0,587,0,5354089,5354089,-4268256,343852.6,,200,387,坏棒 总长1000m 铁头 200
127,21:26:26,hit_127_20260731_212626.csv,512,DEFECT,HIGH,81,0,0,323,0,6143605,6143605,-3869182,693114.9,,200,123,坏棒 总长1000m 铁头 200
128,21:26:27,hit_128_20260731_212627.csv,512,DEFECT,HIGH,77,0,0,425,0,6049844,6049844,-3088589,1146113.7,,200,225,坏棒 总长1000m 铁头 200
129,21:26:27,hit_129_20260731_212627.csv,512,DEFECT,HIGH,79,0,0,381,0,6363812,6363812,-3349204,1155278.6,,200,181,坏棒 总长1000m 铁头 200
130,21:26:28,hit_130_20260731_212628.csv,512,DEFECT,HIGH,79,0,0,425,0,6013384,6013384,-3593631,1035527.4,,200,225,坏棒 总长1000m 铁头 200
131,21:26:28,hit_131_20260731_212628.csv,512,DEFECT,HIGH,81,0,0,660,0,4784526,4784526,-3882153,590064.8,,200,460,坏棒 总长1000m 铁头 200
132,21:26:29,hit_132_20260731_212629.csv,512,DEFECT,HIGH,83,0,0,543,0,5173758,5173758,-4356768,70179.2,,200,343,坏棒 总长1000m 铁头 200
133,21:26:29,hit_133_20260731_212629.csv,512,DEFECT,HIGH,79,0,0,425,0,5379299,5379299,-3388043,1122668.1,,200,225,坏棒 总长1000m 铁头 200
134,21:26:30,hit_134_20260731_212630.csv,512,DEFECT,HIGH,78,0,0,425,0,5955577,5955577,-3243543,1353657.8,,200,225,坏棒 总长1000m 铁头 200
135,21:26:30,hit_135_20260731_212630.csv,512,DEFECT,HIGH,74,0,0,484,0,5798733,5798733,-2618075,1565966.9,,200,284,坏棒 总长1000m 铁头 200
136,21:26:31,hit_136_20260731_212631.csv,512,DEFECT,HIGH,74,0,0,176,0,6370373,6370373,-2598873,1501792.3,,200,-24,坏棒 总长1000m 铁头 200
137,21:26:31,hit_137_20260731_212631.csv,512,DEFECT,HIGH,75,0,0,484,0,4986864,4986864,-2750331,949666.3,,200,284,坏棒 总长1000m 铁头 200
138,21:26:31,hit_138_20260731_212631.csv,512,DEFECT,HIGH,76,0,0,719,0,5253550,5253550,-2973860,1206367.1,,200,519,坏棒 总长1000m 铁头 200
139,21:26:32,hit_139_20260731_212632.csv,512,DEFECT,HIGH,86,0,0,602,0,4256383,4109392,-4256383,-59244.8,,200,402,坏棒 总长1000m 铁头 200
140,21:26:32,hit_140_20260731_212632.csv,512,DEFECT,HIGH,80,0,0,675,0,5956153,5956153,-3608185,1274812.4,,200,475,坏棒 总长1000m 铁头 200
141,21:26:33,hit_141_20260731_212633.csv,512,DEFECT,HIGH,80,0,0,675,0,5713908,5713908,-3673764,1209592.0,,200,475,坏棒 总长1000m 铁头 200
142,21:26:33,hit_142_20260731_212633.csv,512,DEFECT,HIGH,85,0,0,572,0,6195305,6195305,-4467631,698766.7,,200,372,坏棒 总长1000m 铁头 200
143,21:26:34,hit_143_20260731_212634.csv,512,DEFECT,HIGH,84,0,0,558,0,5889371,5889371,-3955499,737839.5,,200,358,坏棒 总长1000m 铁头 200
144,21:26:34,hit_144_20260731_212634.csv,512,DEFECT,HIGH,82,0,0,660,0,5571725,5571725,-3850004,1030144.3,,200,460,坏棒 总长1000m 铁头 200
145,21:26:34,hit_145_20260731_212634.csv,512,DEFECT,HIGH,85,0,0,572,0,6083936,6083936,-4565309,618809.6,,200,372,坏棒 总长1000m 铁头 200
146,21:26:35,hit_146_20260731_212635.csv,512,DEFECT,HIGH,83,0,0,646,0,5520794,5520794,-4393212,657956.4,,200,446,坏棒 总长1000m 铁头 200
147,21:26:35,hit_147_20260731_212635.csv,512,DEFECT,HIGH,85,0,0,572,0,5329851,5329851,-4318432,468144.3,,200,372,坏棒 总长1000m 铁头 200
148,21:26:35,hit_148_20260731_212635.csv,512,DEFECT,HIGH,86,0,0,587,0,5059416,5059416,-4765955,223479.9,,200,387,坏棒 总长1000m 铁头 200
149,21:26:35,hit_149_20260731_212635.csv,512,DEFECT,HIGH,86,0,0,572,0,5614478,5614478,-4070901,633795.7,,200,372,坏棒 总长1000m 铁头 200
150,21:26:35,hit_150_20260731_212635.csv,512,DEFECT,HIGH,80,0,0,675,0,5874090,5874090,-3705617,1230871.8,,200,475,坏棒 总长1000m 铁头 200
151,21:26:36,hit_151_20260731_212636.csv,512,DEFECT,HIGH,75,0,0,484,0,6016247,6016247,-2908971,1198531.2,,200,284,坏棒 总长1000m 铁头 200
152,21:26:36,hit_152_20260731_212636.csv,512,DEFECT,HIGH,77,0,0,440,0,6439810,6439810,-3123479,1280514.6,,200,240,坏棒 总长1000m 铁头 200
153,21:26:36,hit_153_20260731_212636.csv,512,DEFECT,HIGH,83,0,0,631,0,6114515,6114515,-4210498,945675.9,,200,431,坏棒 总长1000m 铁头 200
154,21:26:36,hit_154_20260731_212636.csv,512,DEFECT,HIGH,74,0,0,455,0,6414060,6414060,-2762627,1458073.1,,200,255,坏棒 总长1000m 铁头 200
155,21:26:36,hit_155_20260731_212636.csv,512,DEFECT,HIGH,80,0,0,690,0,5240014,5240014,-3702355,687023.3,,200,490,坏棒 总长1000m 铁头 200
156,21:26:36,hit_156_20260731_212636.csv,512,DEFECT,HIGH,78,0,0,705,0,6016353,6016353,-3147156,1291228.9,,200,505,坏棒 总长1000m 铁头 200
157,21:26:37,hit_157_20260731_212637.csv,512,DEFECT,HIGH,79,0,0,440,0,6137504,6137504,-3429056,1189109.1,,200,240,坏棒 总长1000m 铁头 200
158,21:26:37,hit_158_20260731_212637.csv,512,DEFECT,HIGH,83,0,0,631,0,5486748,5486748,-4056201,546922.5,,200,431,坏棒 总长1000m 铁头 200
159,21:26:37,hit_159_20260731_212637.csv,512,DEFECT,HIGH,81,0,0,396,0,6060275,6060275,-3801003,980417.6,,200,196,坏棒 总长1000m 铁头 200
160,21:26:38,hit_160_20260731_212638.csv,512,DEFECT,HIGH,85,0,0,587,0,5809170,5809170,-4536346,430063.2,,200,387,坏棒 总长1000m 铁头 200
161,21:26:38,hit_161_20260731_212638.csv,512,DEFECT,HIGH,83,0,0,616,0,6627846,6627846,-4095855,1060923.8,,200,416,坏棒 总长1000m 铁头 200
162,21:26:39,hit_162_20260731_212639.csv,512,DEFECT,HIGH,86,0,0,572,0,6301050,6301050,-3563345,662215.5,,200,372,坏棒 总长1000m 铁头 200
163,21:26:39,hit_163_20260731_212639.csv,512,DEFECT,HIGH,85,0,0,587,0,6112810,6112810,-4490645,649231.6,,200,387,坏棒 总长1000m 铁头 200
164,21:26:40,hit_164_20260731_212640.csv,512,DEFECT,HIGH,82,0,0,352,0,7130253,7130253,-2658509,1470232.0,,200,152,坏棒 总长1000m 铁头 200
165,21:26:40,hit_165_20260731_212640.csv,512,DEFECT,HIGH,76,0,0,484,0,6383198,6383198,-2832803,1834119.8,,200,284,坏棒 总长1000m 铁头 200
166,21:26:41,hit_166_20260731_212641.csv,512,DEFECT,HIGH,74,0,0,484,0,6461640,6461640,-2619927,2063357.7,,200,284,坏棒 总长1000m 铁头 200
167,21:26:41,hit_167_20260731_212641.csv,512,DEFECT,HIGH,74,0,0,470,0,6405943,6405943,-2649380,1784014.0,,200,270,坏棒 总长1000m 铁头 200
168,21:26:42,hit_168_20260731_212642.csv,512,DEFECT,HIGH,75,0,0,470,0,6350892,6350892,-2581747,1969043.3,,200,270,坏棒 总长1000m 铁头 200
169,21:26:42,hit_169_20260731_212642.csv,512,DEFECT,HIGH,74,0,0,455,0,6004352,6004352,-2505711,1651498.9,,200,255,坏棒 总长1000m 铁头 200
170,21:26:43,hit_170_20260731_212643.csv,512,DEFECT,HIGH,77,0,0,705,0,6370056,6370056,-3239831,2023049.3,,200,505,坏棒 总长1000m 铁头 200
171,21:26:43,hit_171_20260731_212643.csv,512,DEFECT,HIGH,76,0,0,719,0,6620940,6620940,-2888158,2342908.8,,200,519,坏棒 总长1000m 铁头 200
172,21:26:44,hit_172_20260731_212644.csv,512,DEFECT,HIGH,78,0,0,690,0,6620235,6620235,-3256027,1808196.8,,200,490,坏棒 总长1000m 铁头 200
173,21:26:44,hit_173_20260731_212644.csv,512,DEFECT,HIGH,76,0,0,470,0,6374526,6374526,-2935786,1756415.2,,200,270,坏棒 总长1000m 铁头 200
174,21:26:45,hit_174_20260731_212645.csv,512,DEFECT,HIGH,79,0,0,425,0,6526316,6526316,-2996152,1690804.3,,200,225,坏棒 总长1000m 铁头 200
175,21:26:45,hit_175_20260731_212645.csv,512,DEFECT,HIGH,74,0,0,176,0,7330977,7330977,-2418891,2086428.3,,200,-24,坏棒 总长1000m 铁头 200
176,21:26:46,hit_176_20260731_212646.csv,512,DEFECT,HIGH,83,0,0,602,0,6289289,6289289,-4062716,1070583.5,,200,402,坏棒 总长1000m 铁头 200
177,21:26:46,hit_177_20260731_212646.csv,512,DEFECT,HIGH,81,0,0,616,0,6098971,6098971,-3816641,1174456.1,,200,416,坏棒 总长1000m 铁头 200
178,21:26:47,hit_178_20260731_212647.csv,512,DEFECT,HIGH,80,0,0,675,0,6334676,6334676,-3665538,1351841.1,,200,475,坏棒 总长1000m 铁头 200
179,21:26:47,hit_179_20260731_212647.csv,512,DEFECT,HIGH,86,0,0,572,0,6944274,6944274,-3044773,1493679.5,,200,372,坏棒 总长1000m 铁头 200
180,21:26:48,hit_180_20260731_212648.csv,512,DEFECT,HIGH,85,0,0,572,0,6910007,6910007,-3186949,1378025.8,,200,372,坏棒 总长1000m 铁头 200
181,21:26:48,hit_181_20260731_212648.csv,512,DEFECT,HIGH,86,0,0,572,0,6883490,6883490,-2935984,1395489.1,,200,372,坏棒 总长1000m 铁头 200
182,21:26:49,hit_182_20260731_212649.csv,512,DEFECT,HIGH,85,0,0,587,0,7093074,7093074,-3185413,1537610.9,,200,387,坏棒 总长1000m 铁头 200
183,21:26:49,hit_183_20260731_212649.csv,512,DEFECT,HIGH,87,0,0,587,0,6846766,6846766,-3312329,1365687.3,,200,387,坏棒 总长1000m 铁头 200
184,21:26:50,hit_184_20260731_212650.csv,512,DEFECT,HIGH,87,0,0,631,0,6281613,6281613,-3433308,1118561.3,,200,431,坏棒 总长1000m 铁头 200
185,21:26:50,hit_185_20260731_212650.csv,512,DEFECT,HIGH,85,0,0,616,0,6931866,6931866,-3142198,1396203.4,,200,416,坏棒 总长1000m 铁头 200
186,21:26:51,hit_186_20260731_212651.csv,512,DEFECT,HIGH,83,0,0,616,0,6386700,6386700,-3078371,1537772.5,,200,416,坏棒 总长1000m 铁头 200
187,21:26:51,hit_187_20260731_212651.csv,512,DEFECT,HIGH,74,0,0,484,0,6366866,6366866,-2571339,1797744.2,,200,284,坏棒 总长1000m 铁头 200
188,21:26:51,hit_188_20260731_212651.csv,512,DEFECT,HIGH,74,0,0,323,0,6590683,6590683,-2571980,2299698.2,,200,123,坏棒 总长1000m 铁头 200
189,21:26:52,hit_189_20260731_212652.csv,512,DEFECT,HIGH,76,0,0,719,0,5795631,5795631,-2941602,1785712.8,,200,519,坏棒 总长1000m 铁头 200
190,21:26:52,hit_190_20260731_212652.csv,512,DEFECT,HIGH,74,0,0,484,0,5989686,5989686,-2617878,1836404.1,,200,284,坏棒 总长1000m 铁头 200
191,21:26:53,hit_191_20260731_212653.csv,512,DEFECT,HIGH,74,0,0,161,0,7201532,7201532,-2770345,1990499.5,,200,-39,坏棒 总长1000m 铁头 200
192,21:26:53,hit_192_20260731_212653.csv,512,DEFECT,HIGH,78,0,0,675,0,6450245,6450245,-3301783,1836696.2,,200,475,坏棒 总长1000m 铁头 200
193,21:26:54,hit_193_20260731_212654.csv,512,DEFECT,HIGH,80,0,0,396,0,5980533,5980533,-3346578,1345938.4,,200,196,坏棒 总长1000m 铁头 200
194,21:26:54,hit_194_20260731_212654.csv,512,DEFECT,HIGH,75,0,0,425,0,6593755,6593755,-2756955,1774814.0,,200,225,坏棒 总长1000m 铁头 200
195,21:26:54,hit_195_20260731_212654.csv,512,DEFECT,HIGH,80,0,0,396,0,6280334,6280334,-2773256,1630242.5,,200,196,坏棒 总长1000m 铁头 200
196,21:26:55,hit_196_20260731_212655.csv,512,DEFECT,HIGH,74,0,0,323,0,6854731,6854731,-2546027,2012176.9,,200,123,坏棒 总长1000m 铁头 200
197,21:26:55,hit_197_20260731_212655.csv,512,DEFECT,HIGH,99,0,0,499,0,6894180,6894180,-2299830,2147239.1,,200,299,坏棒 总长1000m 铁头 200
198,21:26:56,hit_198_20260731_212656.csv,512,DEFECT,HIGH,99,0,0,73,0,7394815,7394815,-1752917,2580823.6,,200,-127,坏棒 总长1000m 铁头 200
199,21:26:56,hit_199_20260731_212656.csv,512,DEFECT,HIGH,78,0,0,616,0,6200093,6200093,-3266999,1514327.2,,200,416,坏棒 总长1000m 铁头 200
200,21:26:57,hit_200_20260731_212657.csv,512,DEFECT,HIGH,99,0,0,190,0,7030562,7030562,-1806565,2371816.4,,200,-10,坏棒 总长1000m 铁头 200
201,21:26:57,hit_201_20260731_212657.csv,512,DEFECT,HIGH,81,0,0,660,0,6340350,6340350,-2217832,1977160.5,,200,460,坏棒 总长1000m 铁头 200
202,21:26:58,hit_202_20260731_212658.csv,512,DEFECT,HIGH,83,0,0,660,0,5716870,5716870,-3145163,1580210.0,,200,460,坏棒 总长1000m 铁头 200
203,21:26:58,hit_203_20260731_212658.csv,512,DEFECT,HIGH,77,0,0,660,0,5990687,5990687,-3024866,1397295.9,,200,460,坏棒 总长1000m 铁头 200
204,21:26:59,hit_204_20260731_212659.csv,512,DEFECT,HIGH,72,0,0,337,0,7939418,7939418,-2021478,3530384.6,,200,137,坏棒 总长1000m 铁头 200
205,21:26:59,hit_205_20260731_212659.csv,512,DEFECT,HIGH,96,0,0,132,0,8115863,8115863,-2004881,3674510.4,,200,-68,坏棒 总长1000m 铁头 200
206,21:26:59,hit_206_20260731_212659.csv,512,DEFECT,HIGH,78,0,0,190,0,7065783,7065783,-3104620,2438192.0,,200,-10,坏棒 总长1000m 铁头 200
207,21:27:00,hit_207_20260731_212700.csv,512,DEFECT,HIGH,72,0,0,190,0,7217824,7217824,-2156908,2393591.4,,200,-10,坏棒 总长1000m 铁头 200
208,21:27:00,hit_208_20260731_212700.csv,512,DEFECT,HIGH,73,0,0,190,0,7405386,7405386,-2188859,2224596.2,,200,-10,坏棒 总长1000m 铁头 200
209,21:27:01,hit_209_20260731_212701.csv,512,DEFECT,HIGH,73,0,0,190,0,8388607,8388607,-2221714,2792976.6,,200,-10,坏棒 总长1000m 铁头 200
210,21:27:01,hit_210_20260731_212701.csv,512,DEFECT,HIGH,73,0,0,176,0,8342400,8342400,-2131180,2466787.9,,200,-24,坏棒 总长1000m 铁头 200
211,21:27:02,hit_211_20260731_212702.csv,512,DEFECT,HIGH,74,0,0,161,0,8158086,8158086,-2618818,2464786.2,,200,-39,坏棒 总长1000m 铁头 200
212,21:27:02,hit_212_20260731_212702.csv,512,NORMAL,HIGH,99,0,0,0,0,6872424,6872424,-1161625,1588673.4,,200,,坏棒 总长1000m 铁头 200
213,21:27:02,hit_213_20260731_212702.csv,512,NORMAL,HIGH,99,0,0,0,0,5385252,5385252,-2911453,-463288.5,,200,,坏棒 总长1000m 铁头 200
214,21:27:02,hit_214_20260731_212702.csv,512,NORMAL,LOW,99,0,0,0,0,5343732,5343732,-2197680,342026.4,,200,,坏棒 总长1000m 铁头 200
215,21:27:12,hit_215_20260731_212712.csv,512,DEFECT,HIGH,75,0,0,719,0,5373590,5373590,-2758244,1121761.9,,200,519,坏棒 总长1000m 铁头 200
216,21:27:13,hit_216_20260731_212713.csv,512,DEFECT,HIGH,74,0,0,719,0,5852587,5852587,-2664631,1486132.8,,200,519,坏棒 总长1000m 铁头 200
217,21:27:13,hit_217_20260731_212713.csv,512,DEFECT,HIGH,79,0,0,719,0,5927779,5927779,-3415872,1448660.3,,200,519,坏棒 总长1000m 铁头 200
218,21:27:14,hit_218_20260731_212714.csv,512,DEFECT,HIGH,76,0,0,719,0,5399916,5399916,-3035894,1061651.1,,200,519,坏棒 总长1000m 铁头 200
219,21:27:14,hit_219_20260731_212714.csv,512,DEFECT,HIGH,78,0,0,719,0,5105436,5105436,-3335250,757089.1,,200,519,坏棒 总长1000m 铁头 200
220,21:27:15,hit_220_20260731_212715.csv,512,DEFECT,HIGH,75,0,0,499,0,5372291,5372291,-2705978,1290170.1,,200,299,坏棒 总长1000m 铁头 200
221,21:27:16,hit_221_20260731_212716.csv,512,DEFECT,HIGH,75,0,0,470,0,5397200,5397200,-2556590,1269010.0,,200,270,坏棒 总长1000m 铁头 200
222,21:27:16,hit_222_20260731_212716.csv,512,DEFECT,HIGH,76,0,0,734,0,4964550,4964550,-3028246,868332.4,,200,534,坏棒 总长1000m 铁头 200
223,21:27:18,hit_223_20260731_212718.csv,512,DEFECT,HIGH,74,0,0,381,0,5967057,5967057,-2711255,1885557.5,,200,181,坏棒 总长1000m 铁头 200
224,21:27:18,hit_224_20260731_212718.csv,512,DEFECT,HIGH,74,0,0,367,0,6142658,6142658,-2632431,1919143.7,,200,167,坏棒 总长1000m 铁头 200
225,21:27:19,hit_225_20260731_212719.csv,512,DEFECT,HIGH,75,0,0,719,0,5301328,5301328,-2723812,1165848.7,,200,519,坏棒 总长1000m 铁头 200
226,21:27:19,hit_226_20260731_212719.csv,512,DEFECT,HIGH,77,0,0,646,0,4552936,4552936,-3110729,555106.7,,200,446,坏棒 总长1000m 铁头 200
227,21:27:20,hit_227_20260731_212720.csv,512,DEFECT,HIGH,79,0,0,660,0,4881225,4881225,-3401449,831449.6,,200,460,坏棒 总长1000m 铁头 200
228,21:27:21,hit_228_20260731_212721.csv,512,DEFECT,HIGH,80,0,0,367,0,5608217,5608217,-2821722,776318.2,,200,167,坏棒 总长1000m 铁头 200
229,21:27:23,hit_229_20260731_212723.csv,512,DEFECT,HIGH,77,0,0,749,0,4978825,4978825,-3152796,895631.9,,200,549,坏棒 总长1000m 铁头 200
230,21:27:23,hit_230_20260731_212723.csv,512,DEFECT,HIGH,74,0,0,484,0,4831431,4831431,-2625045,940962.2,,200,284,坏棒 总长1000m 铁头 200
231,21:27:24,hit_231_20260731_212724.csv,512,DEFECT,HIGH,80,0,0,381,0,5480518,5480518,-3088013,708973.7,,200,181,坏棒 总长1000m 铁头 200
232,21:27:24,hit_232_20260731_212724.csv,512,DEFECT,HIGH,79,0,0,367,0,5841514,5841514,-2939672,888986.5,,200,167,坏棒 总长1000m 铁头 200
233,21:27:25,hit_233_20260731_212725.csv,512,DEFECT,HIGH,81,0,0,631,0,4757205,4757205,-3870919,548888.2,,200,431,坏棒 总长1000m 铁头 200
234,21:27:25,hit_234_20260731_212725.csv,512,DEFECT,HIGH,81,0,0,660,0,5230164,5230164,-3784778,835452.4,,200,460,坏棒 总长1000m 铁头 200
235,21:27:26,hit_235_20260731_212726.csv,512,DEFECT,HIGH,86,0,0,293,0,5123038,5123038,-3274472,449089.8,,200,93,坏棒 总长1000m 铁头 200
236,21:27:26,hit_236_20260731_212726.csv,512,DEFECT,HIGH,83,0,0,616,0,4313745,4313745,-4126382,126925.9,,200,416,坏棒 总长1000m 铁头 200
237,21:27:32,hit_237_20260731_212732.csv,512,DEFECT,HIGH,75,0,0,719,0,6389473,6389473,-2751752,2339990.8,,200,519,坏棒 总长1000m 铁头 200
238,21:27:32,hit_238_20260731_212732.csv,512,DEFECT,HIGH,77,0,0,323,0,6224592,6224592,-3146597,1963617.4,,200,123,坏棒 总长1000m 铁头 200
239,21:27:33,hit_239_20260731_212733.csv,512,DEFECT,HIGH,75,0,0,381,0,6586059,6586059,-2835631,2494066.7,,200,181,坏棒 总长1000m 铁头 200
240,21:27:33,hit_240_20260731_212733.csv,512,DEFECT,HIGH,75,0,0,763,0,6915660,6915660,-2813347,2871206.8,,200,563,坏棒 总长1000m 铁头 200
241,21:27:34,hit_241_20260731_212734.csv,512,DEFECT,HIGH,76,0,0,763,0,6512259,6512259,-3058697,2074984.2,,200,563,坏棒 总长1000m 铁头 200
242,21:27:34,hit_242_20260731_212734.csv,512,DEFECT,HIGH,76,0,0,352,0,6677499,6677499,-2843496,2593448.8,,200,152,坏棒 总长1000m 铁头 200
243,21:27:34,hit_243_20260731_212734.csv,512,DEFECT,HIGH,76,0,0,749,0,6609473,6609473,-2947876,2430624.5,,200,549,坏棒 总长1000m 铁头 200
244,21:27:35,hit_244_20260731_212735.csv,512,DEFECT,HIGH,76,0,0,308,0,5809599,5809599,-2989876,1601043.5,,200,108,坏棒 总长1000m 铁头 200
245,21:27:35,hit_245_20260731_212735.csv,512,DEFECT,HIGH,73,0,0,323,0,6333882,6333882,-2478080,2309983.7,,200,123,坏棒 总长1000m 铁头 200
246,21:27:36,hit_246_20260731_212736.csv,512,DEFECT,HIGH,80,0,0,646,0,4713932,4713932,-2514345,985199.4,,200,446,坏棒 总长1000m 铁头 200
247,21:27:36,hit_247_20260731_212736.csv,512,DEFECT,HIGH,74,0,0,323,0,6388723,6388723,-2535450,2288404.9,,200,123,坏棒 总长1000m 铁头 200
248,21:27:36,hit_248_20260731_212736.csv,512,DEFECT,HIGH,75,0,0,690,0,5184267,5184267,-2718182,1231498.9,,200,490,坏棒 总长1000m 铁头 200
249,21:27:37,hit_249_20260731_212737.csv,512,DEFECT,HIGH,80,0,0,249,0,5774342,5774342,-2582148,1458032.8,,200,49,坏棒 总长1000m 铁头 200
250,21:27:37,hit_250_20260731_212737.csv,512,DEFECT,HIGH,78,0,0,675,0,5499714,5499714,-3382282,939747.2,,200,475,坏棒 总长1000m 铁头 200
251,21:27:38,hit_251_20260731_212738.csv,512,DEFECT,HIGH,72,0,0,293,0,6713225,6713225,-2082225,2447571.4,,200,93,坏棒 总长1000m 铁头 200
252,21:27:38,hit_252_20260731_212738.csv,512,DEFECT,HIGH,72,0,0,352,0,7216762,7216762,-2061800,3076571.6,,200,152,坏棒 总长1000m 铁头 200
253,21:27:39,hit_253_20260731_212739.csv,512,DEFECT,HIGH,73,0,0,190,0,7574498,7574498,-2235596,3381867.8,,200,-10,坏棒 总长1000m 铁头 200
254,21:27:39,hit_254_20260731_212739.csv,512,DEFECT,HIGH,76,0,0,381,0,5155519,5155519,-2892576,1372585.9,,200,181,坏棒 总长1000m 铁头 200
255,21:27:40,hit_255_20260731_212740.csv,512,DEFECT,HIGH,74,0,0,176,0,6650873,6650873,-2524980,2353735.0,,200,-24,坏棒 总长1000m 铁头 200
256,21:27:40,hit_256_20260731_212740.csv,512,DEFECT,HIGH,75,0,0,161,0,5454523,5454523,-2744091,1353575.2,,200,-39,坏棒 总长1000m 铁头 200
257,21:27:40,hit_257_20260731_212740.csv,512,DEFECT,HIGH,75,0,0,161,0,5514124,5514124,-2616313,1529420.8,,200,-39,坏棒 总长1000m 铁头 200
258,21:27:41,hit_258_20260731_212741.csv,512,DEFECT,HIGH,77,0,0,381,0,4306183,4306183,-3093735,572272.7,,200,181,坏棒 总长1000m 铁头 200
259,21:27:42,hit_259_20260731_212742.csv,512,DEFECT,HIGH,91,0,0,117,0,6670193,6670193,-1867947,2189595.6,,200,-83,坏棒 总长1000m 铁头 200
260,21:27:42,hit_260_20260731_212742.csv,512,DEFECT,HIGH,74,0,0,176,0,6940073,6940073,-2234712,2740738.6,,200,-24,坏棒 总长1000m 铁头 200
261,21:27:43,hit_261_20260731_212743.csv,512,DEFECT,HIGH,75,0,0,381,0,6356946,6356946,-2777188,2101840.3,,200,181,坏棒 总长1000m 铁头 200
262,21:27:44,hit_262_20260731_212744.csv,512,DEFECT,HIGH,78,0,0,734,0,5731234,5731234,-3225467,1431528.5,,200,534,坏棒 总长1000m 铁头 200
263,21:27:44,hit_263_20260731_212744.csv,512,DEFECT,HIGH,78,0,0,793,0,5886674,5886674,-3332972,1455446.1,,200,593,坏棒 总长1000m 铁头 200
264,21:27:45,hit_264_20260731_212745.csv,512,DEFECT,HIGH,77,0,0,749,0,5684500,5684500,-3135904,1389124.6,,200,549,坏棒 总长1000m 铁头 200
265,21:27:45,hit_265_20260731_212745.csv,512,DEFECT,HIGH,79,0,0,734,0,5414067,5414067,-3581245,1118097.6,,200,534,坏棒 总长1000m 铁头 200
266,21:27:46,hit_266_20260731_212746.csv,512,DEFECT,HIGH,77,0,0,734,0,5712014,5712014,-3176867,1424364.2,,200,534,坏棒 总长1000m 铁头 200
267,21:27:46,hit_267_20260731_212746.csv,512,DEFECT,HIGH,77,0,0,705,0,5405964,5405964,-3081132,1187724.2,,200,505,坏棒 总长1000m 铁头 200
268,21:27:47,hit_268_20260731_212747.csv,512,DEFECT,HIGH,77,0,0,749,0,5473604,5473604,-3063628,1185505.9,,200,549,坏棒 总长1000m 铁头 200
269,21:27:47,hit_269_20260731_212747.csv,512,DEFECT,HIGH,75,0,0,734,0,5925170,5925170,-2725641,1730752.3,,200,534,坏棒 总长1000m 铁头 200
270,21:27:47,hit_270_20260731_212747.csv,512,DEFECT,HIGH,79,0,0,734,0,5510415,5510415,-3458120,1280835.0,,200,534,坏棒 总长1000m 铁头 200
271,21:27:48,hit_271_20260731_212748.csv,512,DEFECT,HIGH,80,0,0,749,0,5587730,5587730,-3474624,1192127.0,,200,549,坏棒 总长1000m 铁头 200
272,21:27:48,hit_272_20260731_212748.csv,512,DEFECT,HIGH,78,0,0,734,0,5566425,5566425,-3334962,1131017.3,,200,534,坏棒 总长1000m 铁头 200
273,21:27:49,hit_273_20260731_212749.csv,512,DEFECT,HIGH,77,0,0,734,0,5635740,5635740,-3173641,1258558.8,,200,534,坏棒 总长1000m 铁头 200
274,21:27:49,hit_274_20260731_212749.csv,512,DEFECT,HIGH,77,0,0,749,0,5515875,5515875,-3191023,1169604.4,,200,549,坏棒 总长1000m 铁头 200
275,21:27:50,hit_275_20260731_212750.csv,512,DEFECT,HIGH,78,0,0,705,0,5288171,5288171,-3268419,1128806.7,,200,505,坏棒 总长1000m 铁头 200
276,21:27:50,hit_276_20260731_212750.csv,512,DEFECT,HIGH,77,0,0,719,0,5377131,5377131,-3189910,1198120.8,,200,519,坏棒 总长1000m 铁头 200
277,21:27:51,hit_277_20260731_212751.csv,512,DEFECT,LOW,79,0,0,749,0,5536320,5536320,-3395041,1156631.8,,200,549,坏棒 总长1000m 铁头 200
278,21:27:51,hit_278_20260731_212751.csv,512,DEFECT,HIGH,75,0,0,749,0,6231057,6231057,-2799581,1928530.2,,200,549,坏棒 总长1000m 铁头 200
279,21:27:52,hit_279_20260731_212752.csv,512,DEFECT,HIGH,74,0,0,528,0,6019808,6019808,-2534984,1787808.9,,200,328,坏棒 总长1000m 铁头 200
280,21:27:52,hit_280_20260731_212752.csv,512,DEFECT,HIGH,76,0,0,749,0,5831402,5831402,-2913463,1579605.4,,200,549,坏棒 总长1000m 铁头 200
281,21:27:52,hit_281_20260731_212752.csv,512,DEFECT,HIGH,76,0,0,734,0,5943006,5943006,-3007046,1602270.4,,200,534,坏棒 总长1000m 铁头 200
282,21:27:53,hit_282_20260731_212753.csv,512,DEFECT,HIGH,75,0,0,734,0,6205504,6205504,-2660879,2004535.4,,200,534,坏棒 总长1000m 铁头 200
283,21:27:53,hit_283_20260731_212753.csv,512,DEFECT,HIGH,76,0,0,749,0,6396133,6396133,-2900442,2056136.9,,200,549,坏棒 总长1000m 铁头 200
284,21:27:54,hit_284_20260731_212754.csv,512,DEFECT,HIGH,75,0,0,749,0,6070157,6070157,-2867717,1766550.9,,200,549,坏棒 总长1000m 铁头 200
285,21:27:54,hit_285_20260731_212754.csv,512,DEFECT,HIGH,77,0,0,749,0,5612797,5612797,-3020671,1383182.7,,200,549,坏棒 总长1000m 铁头 200
286,21:27:55,hit_286_20260731_212755.csv,512,DEFECT,HIGH,77,0,0,749,0,6011034,6011034,-3157508,1724537.9,,200,549,坏棒 总长1000m 铁头 200
287,21:27:55,hit_287_20260731_212755.csv,512,DEFECT,LOW,79,0,0,749,0,5585969,5585969,-3487734,1260836.6,,200,549,坏棒 总长1000m 铁头 200
288,21:27:55,hit_288_20260731_212755.csv,512,DEFECT,HIGH,80,0,0,763,0,5007481,5007481,-3679529,708411.3,,200,563,坏棒 总长1000m 铁头 200
289,21:27:55,hit_289_20260731_212755.csv,512,DEFECT,HIGH,78,0,0,749,0,5205847,5205847,-3295351,944668.7,,200,549,坏棒 总长1000m 铁头 200
290,21:27:56,hit_290_20260731_212756.csv,512,DEFECT,LOW,79,0,0,749,0,5095211,5095211,-3507266,853065.1,,200,549,坏棒 总长1000m 铁头 200
291,21:27:56,hit_291_20260731_212756.csv,512,DEFECT,LOW,81,0,0,734,0,4950924,4950924,-3865821,654136.0,,200,534,坏棒 总长1000m 铁头 200
292,21:27:56,hit_292_20260731_212756.csv,512,DEFECT,HIGH,76,0,0,734,0,5321723,5321723,-2972706,1238966.5,,200,534,坏棒 总长1000m 铁头 200
293,21:27:56,hit_293_20260731_212756.csv,512,DEFECT,HIGH,77,0,0,734,0,5408581,5408581,-3239788,1201180.2,,200,534,坏棒 总长1000m 铁头 200
294,21:27:57,hit_294_20260731_212757.csv,512,DEFECT,HIGH,78,0,0,719,0,4856357,4856357,-3417410,833178.8,,200,519,坏棒 总长1000m 铁头 200
295,21:27:57,hit_295_20260731_212757.csv,512,DEFECT,HIGH,77,0,0,734,0,4906606,4906606,-3130278,867763.0,,200,534,坏棒 总长1000m 铁头 200
296,21:27:57,hit_296_20260731_212757.csv,512,DEFECT,HIGH,77,0,0,734,0,5371961,5371961,-3217773,1316174.4,,200,534,坏棒 总长1000m 铁头 200
297,21:27:57,hit_297_20260731_212757.csv,512,DEFECT,LOW,80,0,0,734,0,5216864,5216864,-3664787,945168.4,,200,534,坏棒 总长1000m 铁头 200
298,21:27:57,hit_298_20260731_212757.csv,512,DEFECT,LOW,79,0,0,749,0,5016202,5016202,-3491123,816638.5,,200,549,坏棒 总长1000m 铁头 200
299,21:27:57,hit_299_20260731_212757.csv,512,DEFECT,LOW,79,0,0,749,0,5046601,5046601,-3472742,863551.7,,200,549,坏棒 总长1000m 铁头 200
300,21:27:58,hit_300_20260731_212758.csv,512,DEFECT,LOW,77,0,0,749,0,5145447,5145447,-3183697,1086234.9,,200,549,坏棒 总长1000m 铁头 200
301,21:27:58,hit_301_20260731_212758.csv,512,DEFECT,LOW,78,0,0,749,0,5048459,5048459,-3247966,932523.3,,200,549,坏棒 总长1000m 铁头 200
302,21:27:58,hit_302_20260731_212758.csv,512,DEFECT,LOW,81,0,0,778,0,5214795,5214795,-3730836,1059635.5,,200,578,坏棒 总长1000m 铁头 200
303,21:27:58,hit_303_20260731_212758.csv,512,DEFECT,HIGH,75,0,0,323,0,6121256,6121256,-2857576,1836450.6,,200,123,坏棒 总长1000m 铁头 200
304,21:27:58,hit_304_20260731_212758.csv,512,DEFECT,HIGH,77,0,0,323,0,5613567,5613567,-3109870,1396856.5,,200,123,坏棒 总长1000m 铁头 200
305,21:27:59,hit_305_20260731_212759.csv,512,DEFECT,LOW,79,0,0,763,0,5769153,5769153,-3330525,1531302.2,,200,563,坏棒 总长1000m 铁头 200
306,21:27:59,hit_306_20260731_212759.csv,512,DEFECT,LOW,79,0,0,763,0,5454262,5454262,-3582783,1328191.7,,200,563,坏棒 总长1000m 铁头 200
307,21:27:59,hit_307_20260731_212759.csv,512,DEFECT,HIGH,79,0,0,763,0,5938545,5938545,-3371008,1642573.3,,200,563,坏棒 总长1000m 铁头 200
308,21:27:59,hit_308_20260731_212759.csv,512,DEFECT,HIGH,78,0,0,793,0,5812689,5812689,-3444008,1438445.9,,200,593,坏棒 总长1000m 铁头 200
309,21:27:59,hit_309_20260731_212759.csv,512,DEFECT,HIGH,78,0,0,734,0,5600255,5600255,-3359009,1411285.5,,200,534,坏棒 总长1000m 铁头 200
310,21:28:00,hit_310_20260731_212800.csv,512,DEFECT,HIGH,79,0,0,734,0,5768315,5768315,-3431711,1532819.8,,200,534,坏棒 总长1000m 铁头 200
311,21:28:00,hit_311_20260731_212800.csv,512,DEFECT,HIGH,76,0,0,323,0,5743714,5743714,-2959380,1467831.2,,200,123,坏棒 总长1000m 铁头 200
312,21:28:00,hit_312_20260731_212800.csv,512,DEFECT,HIGH,80,0,0,793,0,5315848,5315848,-3721281,939312.6,,200,593,坏棒 总长1000m 铁头 200
313,21:28:00,hit_313_20260731_212800.csv,512,DEFECT,HIGH,80,0,0,778,0,5594723,5594723,-3542166,1227835.2,,200,578,坏棒 总长1000m 铁头 200
314,21:28:01,hit_314_20260731_212801.csv,512,DEFECT,HIGH,75,0,0,323,0,5826375,5826375,-2777409,1491785.3,,200,123,坏棒 总长1000m 铁头 200
315,21:28:01,hit_315_20260731_212801.csv,512,DEFECT,HIGH,76,0,0,323,0,5714986,5714986,-2986619,1303313.3,,200,123,坏棒 总长1000m 铁头 200
316,21:28:01,hit_316_20260731_212801.csv,512,DEFECT,HIGH,78,0,0,734,0,5139916,5139916,-3321917,801754.5,,200,534,坏棒 总长1000m 铁头 200
317,21:28:01,hit_317_20260731_212801.csv,512,DEFECT,LOW,79,0,0,763,0,5633237,5633237,-3525648,1184710.1,,200,563,坏棒 总长1000m 铁头 200
318,21:28:01,hit_318_20260731_212801.csv,512,DEFECT,HIGH,80,0,0,763,0,5477712,5477712,-3655265,932878.2,,200,563,坏棒 总长1000m 铁头 200
319,21:28:01,hit_319_20260731_212801.csv,512,DEFECT,HIGH,79,0,0,763,0,6093913,6093913,-3302904,1533090.2,,200,563,坏棒 总长1000m 铁头 200
320,21:28:02,hit_320_20260731_212802.csv,512,DEFECT,HIGH,75,0,0,308,0,6544047,6544047,-2767700,2110566.1,,200,108,坏棒 总长1000m 铁头 200
321,21:28:02,hit_321_20260731_212802.csv,512,DEFECT,HIGH,76,0,0,749,0,6769936,6769936,-2873227,2392941.8,,200,549,坏棒 总长1000m 铁头 200
322,21:28:02,hit_322_20260731_212802.csv,512,DEFECT,HIGH,79,0,0,763,0,6250675,6250675,-3393674,1820846.0,,200,563,坏棒 总长1000m 铁头 200
323,21:28:03,hit_323_20260731_212803.csv,512,DEFECT,HIGH,74,0,0,323,0,6634058,6634058,-2654458,2338030.4,,200,123,坏棒 总长1000m 铁头 200
324,21:28:03,hit_324_20260731_212803.csv,512,DEFECT,HIGH,78,0,0,778,0,6383843,6383843,-3298342,1854876.9,,200,578,坏棒 总长1000m 铁头 200
325,21:28:04,hit_325_20260731_212804.csv,512,DEFECT,HIGH,77,0,0,763,0,6659543,6659543,-3134100,2438571.4,,200,563,坏棒 总长1000m 铁头 200
326,21:28:05,hit_326_20260731_212805.csv,512,DEFECT,HIGH,76,0,0,734,0,6196413,6196413,-2936479,1914559.9,,200,534,坏棒 总长1000m 铁头 200
327,21:28:05,hit_327_20260731_212805.csv,512,NORMAL,HIGH,99,0,0,0,0,1023843,1023843,-917280,6441.9,,200,,坏棒 总长1000m 铁头 200
328,21:28:09,hit_328_20260731_212809.csv,512,NORMAL,LOW,77,0,0,0,0,5212939,5082512,-5212939,-610755.5,,200,,坏棒 总长1000m 铁头 200
329,21:28:11,hit_329_20260731_212811.csv,512,DEFECT,HIGH,77,0,0,734,0,6093731,6093731,-3042579,2097515.4,,200,534,坏棒 总长1000m 铁头 200
330,21:28:11,hit_330_20260731_212811.csv,512,DEFECT,HIGH,77,0,0,381,0,6917895,6917895,-2991380,2585162.7,,200,181,坏棒 总长1000m 铁头 200
331,21:28:11,hit_331_20260731_212811.csv,512,DEFECT,HIGH,74,0,0,734,0,6291397,6291397,-2709424,2166812.4,,200,534,坏棒 总长1000m 铁头 200
332,21:28:12,hit_332_20260731_212812.csv,512,DEFECT,HIGH,78,0,0,734,0,5665184,5665184,-3296337,1606640.3,,200,534,坏棒 总长1000m 铁头 200
333,21:28:12,hit_333_20260731_212812.csv,512,DEFECT,HIGH,74,0,0,484,0,6554385,6554385,-2570129,2435485.2,,200,284,坏棒 总长1000m 铁头 200
334,21:28:13,hit_334_20260731_212813.csv,512,DEFECT,HIGH,79,0,0,705,0,5156100,5156100,-3404702,1115078.6,,200,505,坏棒 总长1000m 铁头 200
335,21:28:13,hit_335_20260731_212813.csv,512,DEFECT,HIGH,80,0,0,705,0,5211795,5211795,-3520284,1126663.6,,200,505,坏棒 总长1000m 铁头 200
336,21:28:14,hit_336_20260731_212814.csv,512,DEFECT,HIGH,78,0,0,719,0,5517429,5517429,-3363520,1385848.9,,200,519,坏棒 总长1000m 铁头 200
337,21:28:14,hit_337_20260731_212814.csv,512,DEFECT,HIGH,79,0,0,705,0,5334855,5334855,-3441815,1085551.6,,200,505,坏棒 总长1000m 铁头 200
338,21:28:15,hit_338_20260731_212815.csv,512,DEFECT,HIGH,80,0,0,719,0,5322782,5322782,-3661248,1177551.9,,200,519,坏棒 总长1000m 铁头 200
339,21:28:15,hit_339_20260731_212815.csv,512,DEFECT,HIGH,75,0,0,749,0,6943872,6943872,-2678515,2437051.2,,200,549,坏棒 总长1000m 铁头 200
340,21:28:16,hit_340_20260731_212816.csv,512,DEFECT,HIGH,74,0,0,396,0,7187737,7187737,-2575225,2746697.2,,200,196,坏棒 总长1000m 铁头 200
341,21:28:16,hit_341_20260731_212816.csv,512,DEFECT,HIGH,74,0,0,235,0,7105165,7105165,-2672688,2858658.0,,200,35,坏棒 总长1000m 铁头 200
342,21:28:17,hit_342_20260731_212817.csv,512,DEFECT,HIGH,77,0,0,749,0,6596320,6596320,-3144038,2373647.0,,200,549,坏棒 总长1000m 铁头 200
343,21:28:17,hit_343_20260731_212817.csv,512,DEFECT,HIGH,75,0,0,763,0,7028069,7028069,-2878341,2630347.7,,200,563,坏棒 总长1000m 铁头 200
344,21:28:18,hit_344_20260731_212818.csv,512,DEFECT,HIGH,75,0,0,749,0,7304345,7304345,-2710327,2850715.7,,200,549,坏棒 总长1000m 铁头 200
345,21:28:18,hit_345_20260731_212818.csv,512,DEFECT,HIGH,74,0,0,499,0,6946594,6946594,-2390205,2672756.8,,200,299,坏棒 总长1000m 铁头 200
346,21:28:19,hit_346_20260731_212819.csv,512,DEFECT,HIGH,77,0,0,749,0,7154830,7154830,-2947029,2653370.7,,200,549,坏棒 总长1000m 铁头 200
347,21:28:24,hit_347_20260731_212824.csv,512,DEFECT,HIGH,75,0,0,763,0,6021177,6021177,-2801467,1955784.6,,200,563,坏棒 总长1000m 铁头 200
348,21:28:25,hit_348_20260731_212825.csv,512,DEFECT,HIGH,76,0,0,749,0,6052020,6052020,-3016488,1928437.6,,200,549,坏棒 总长1000m 铁头 200
349,21:28:25,hit_349_20260731_212825.csv,512,DEFECT,HIGH,76,0,0,719,0,6039367,6039367,-2942612,1629148.2,,200,519,坏棒 总长1000m 铁头 200
350,21:28:25,hit_350_20260731_212825.csv,512,DEFECT,HIGH,74,0,0,749,0,7146527,7146527,-2639767,2697858.3,,200,549,坏棒 总长1000m 铁头 200
351,21:28:26,hit_351_20260731_212826.csv,512,DEFECT,HIGH,75,0,0,411,0,6350375,6350375,-2635300,2361753.3,,200,211,坏棒 总长1000m 铁头 200
352,21:28:26,hit_352_20260731_212826.csv,512,DEFECT,HIGH,74,0,0,176,0,7333181,7333181,-2167279,2506196.3,,200,-24,坏棒 总长1000m 铁头 200
353,21:28:27,hit_353_20260731_212827.csv,512,DEFECT,HIGH,73,0,0,190,0,8388607,8388607,-2257614,3429510.2,,200,-10,坏棒 总长1000m 铁头 200
354,21:28:27,hit_354_20260731_212827.csv,512,DEFECT,HIGH,99,0,0,558,0,7061874,7061874,-2087304,2767878.3,,200,358,坏棒 总长1000m 铁头 200
355,21:28:27,hit_355_20260731_212827.csv,512,DEFECT,HIGH,74,0,0,763,0,6942860,6942860,-2254197,2747554.4,,200,563,坏棒 总长1000m 铁头 200
356,21:28:28,hit_356_20260731_212828.csv,512,DEFECT,HIGH,73,0,0,190,0,8388607,8388607,-2319696,3418818.3,,200,-10,坏棒 总长1000m 铁头 200
357,21:28:28,hit_357_20260731_212828.csv,512,DEFECT,HIGH,74,0,0,778,0,7537047,7537047,-2488763,3238869.2,,200,578,坏棒 总长1000m 铁头 200
358,21:28:28,hit_358_20260731_212828.csv,512,DEFECT,HIGH,99,0,0,205,0,6779603,6779603,-1986814,2527366.3,,200,5,坏棒 总长1000m 铁头 200
359,21:28:29,hit_359_20260731_212829.csv,512,DEFECT,HIGH,73,0,0,763,0,6626186,6626186,-2468900,2482847.1,,200,563,坏棒 总长1000m 铁头 200
360,21:28:29,hit_360_20260731_212829.csv,512,DEFECT,HIGH,98,0,0,132,0,8359796,8359796,-2096995,3972744.3,,200,-68,坏棒 总长1000m 铁头 200
361,21:28:29,hit_361_20260731_212829.csv,512,DEFECT,HIGH,99,0,0,205,0,6624025,6624025,-2299257,1707869.8,,200,5,坏棒 总长1000m 铁头 200
362,21:28:30,hit_362_20260731_212830.csv,512,DEFECT,HIGH,75,0,0,763,0,6482947,6482947,-2778645,2236899.5,,200,563,坏棒 总长1000m 铁头 200
363,21:28:30,hit_363_20260731_212830.csv,512,DEFECT,HIGH,74,0,0,749,0,7286452,7286452,-2336467,2837222.5,,200,549,坏棒 总长1000m 铁头 200
364,21:28:31,hit_364_20260731_212831.csv,512,DEFECT,HIGH,75,0,0,749,0,6538362,6538362,-2784304,1910595.2,,200,549,坏棒 总长1000m 铁头 200
365,21:28:31,hit_365_20260731_212831.csv,512,DEFECT,HIGH,99,0,0,205,0,7311287,7311287,-2045079,2198805.5,,200,5,坏棒 总长1000m 铁头 200
366,21:28:31,hit_366_20260731_212831.csv,512,DEFECT,HIGH,74,0,0,749,0,6547746,6547746,-2550158,2495776.7,,200,549,坏棒 总长1000m 铁头 200
367,21:28:32,hit_367_20260731_212832.csv,512,DEFECT,HIGH,76,0,0,734,0,6200263,6200263,-2733158,1837551.3,,200,534,坏棒 总长1000m 铁头 200
368,21:28:32,hit_368_20260731_212832.csv,512,DEFECT,HIGH,75,0,0,749,0,5909782,5909782,-2800543,1619560.5,,200,549,坏棒 总长1000m 铁头 200
369,21:28:32,hit_369_20260731_212832.csv,512,DEFECT,HIGH,78,0,0,734,0,6289105,6289105,-3305087,1281210.3,,200,534,坏棒 总长1000m 铁头 200
370,21:28:33,hit_370_20260731_212833.csv,512,DEFECT,HIGH,77,0,0,719,0,6560330,6560330,-3037798,1857015.0,,200,519,坏棒 总长1000m 铁头 200
371,21:28:33,hit_371_20260731_212833.csv,512,DEFECT,HIGH,77,0,0,734,0,6310555,6310555,-3070408,1424571.0,,200,534,坏棒 总长1000m 铁头 200
372,21:28:34,hit_372_20260731_212834.csv,512,DEFECT,HIGH,77,0,0,749,0,5576084,5576084,-3121289,1126192.0,,200,549,坏棒 总长1000m 铁头 200
373,21:28:34,hit_373_20260731_212834.csv,512,DEFECT,HIGH,76,0,0,499,0,6307570,6307570,-2867302,1811020.1,,200,299,坏棒 总长1000m 铁头 200
374,21:28:35,hit_374_20260731_212835.csv,512,DEFECT,HIGH,99,0,0,190,0,7649243,7649243,-2233891,2945805.4,,200,-10,坏棒 总长1000m 铁头 200
375,21:28:35,hit_375_20260731_212835.csv,512,DEFECT,HIGH,74,0,0,484,0,6835170,6835170,-2546179,2125975.0,,200,284,坏棒 总长1000m 铁头 200
376,21:28:35,hit_376_20260731_212835.csv,512,DEFECT,HIGH,76,0,0,734,0,6231378,6231378,-2866657,1723803.6,,200,534,坏棒 总长1000m 铁头 200
377,21:28:36,hit_377_20260731_212836.csv,512,DEFECT,HIGH,74,0,0,734,0,6637758,6637758,-2550731,2153310.6,,200,534,坏棒 总长1000m 铁头 200
378,21:28:36,hit_378_20260731_212836.csv,512,DEFECT,HIGH,75,0,0,749,0,6763298,6763298,-2708927,2142230.0,,200,549,坏棒 总长1000m 铁头 200
379,21:28:36,hit_379_20260731_212836.csv,512,DEFECT,HIGH,72,0,0,190,0,7261561,7261561,-2206337,2965314.1,,200,-10,坏棒 总长1000m 铁头 200
380,21:28:37,hit_380_20260731_212837.csv,512,DEFECT,HIGH,76,0,0,749,0,5809965,5809965,-2956404,1520921.3,,200,549,坏棒 总长1000m 铁头 200
381,21:28:37,hit_381_20260731_212837.csv,512,DEFECT,HIGH,78,0,0,734,0,6081359,6081359,-3302952,1460288.3,,200,534,坏棒 总长1000m 铁头 200
382,21:28:38,hit_382_20260731_212838.csv,512,DEFECT,HIGH,75,0,0,749,0,6570601,6570601,-2773265,2194570.6,,200,549,坏棒 总长1000m 铁头 200
383,21:28:38,hit_383_20260731_212838.csv,512,DEFECT,HIGH,99,0,0,205,0,6551028,6551028,-2157300,2314565.8,,200,5,坏棒 总长1000m 铁头 200
384,21:28:38,hit_384_20260731_212838.csv,512,DEFECT,HIGH,74,0,0,470,0,6732463,6732463,-2484561,2156692.0,,200,270,坏棒 总长1000m 铁头 200
385,21:28:39,hit_385_20260731_212839.csv,512,DEFECT,HIGH,74,0,0,484,0,6236580,6236580,-2410403,1795030.9,,200,284,坏棒 总长1000m 铁头 200
386,21:28:39,hit_386_20260731_212839.csv,512,DEFECT,HIGH,73,0,0,470,0,6762050,6762050,-2562061,1561443.7,,200,270,坏棒 总长1000m 铁头 200
387,21:28:40,hit_387_20260731_212840.csv,512,DEFECT,HIGH,80,0,0,719,0,5439260,5439260,-3620974,728956.1,,200,519,坏棒 总长1000m 铁头 200
388,21:28:40,hit_388_20260731_212840.csv,512,DEFECT,HIGH,83,0,0,646,0,4798386,4798386,-4734675,1938.7,,200,446,坏棒 总长1000m 铁头 200
389,21:28:41,hit_389_20260731_212841.csv,512,DEFECT,HIGH,73,0,0,73,0,6514066,6514066,-2780967,1289560.8,,200,-127,坏棒 总长1000m 铁头 200
390,21:28:41,hit_390_20260731_212841.csv,512,DEFECT,HIGH,74,0,0,484,0,6164154,6164154,-2521251,1619003.4,,200,284,坏棒 总长1000m 铁头 200
391,21:28:41,hit_391_20260731_212841.csv,512,DEFECT,HIGH,72,0,0,190,0,7255437,7255437,-2308920,1911551.7,,200,-10,坏棒 总长1000m 铁头 200
392,21:28:42,hit_392_20260731_212842.csv,512,DEFECT,HIGH,74,0,0,190,0,6091021,6091021,-2585748,1255762.1,,200,-10,坏棒 总长1000m 铁头 200
393,21:28:42,hit_393_20260731_212842.csv,512,DEFECT,HIGH,74,0,0,470,0,6284578,6284578,-2561773,1706691.6,,200,270,坏棒 总长1000m 铁头 200
394,21:28:43,hit_394_20260731_212843.csv,512,DEFECT,HIGH,74,0,0,470,0,5773810,5773810,-2548154,1284722.7,,200,270,坏棒 总长1000m 铁头 200
395,21:28:43,hit_395_20260731_212843.csv,512,DEFECT,HIGH,74,0,0,205,0,6833331,6833331,-2512604,1795687.6,,200,5,坏棒 总长1000m 铁头 200
396,21:28:44,hit_396_20260731_212844.csv,512,DEFECT,HIGH,74,0,0,484,0,6601385,6601385,-2477870,1839920.0,,200,284,坏棒 总长1000m 铁头 200
397,21:28:45,hit_397_20260731_212845.csv,512,DEFECT,HIGH,74,0,0,190,0,5970773,5970773,-2569172,1911374.1,,200,-10,坏棒 总长1000m 铁头 200
398,21:28:45,hit_398_20260731_212845.csv,512,DEFECT,HIGH,74,0,0,176,0,8144352,8144352,-2333855,3338315.5,,200,-24,坏棒 总长1000m 铁头 200
399,21:28:46,hit_399_20260731_212846.csv,512,DEFECT,HIGH,71,0,0,190,0,8388607,8388607,-1895012,3942106.7,,200,-10,坏棒 总长1000m 铁头 200
400,21:28:46,hit_400_20260731_212846.csv,512,DEFECT,HIGH,76,0,0,749,0,5160082,5160082,-2947884,1244915.1,,200,549,坏棒 总长1000m 铁头 200
401,21:28:47,hit_401_20260731_212847.csv,512,DEFECT,HIGH,72,0,0,205,0,6961805,6961805,-1984081,2055076.4,,200,5,坏棒 总长1000m 铁头 200
402,21:28:48,hit_402_20260731_212848.csv,512,DEFECT,HIGH,72,0,0,176,0,7094727,7094727,-1946238,2155429.4,,200,-24,坏棒 总长1000m 铁头 200
403,21:28:48,hit_403_20260731_212848.csv,512,DEFECT,HIGH,72,0,0,205,0,6457871,6457871,-2249533,2105292.4,,200,5,坏棒 总长1000m 铁头 200
404,21:28:49,hit_404_20260731_212849.csv,512,DEFECT,HIGH,73,0,0,190,0,6515667,6515667,-2252839,1930465.2,,200,-10,坏棒 总长1000m 铁头 200
405,21:28:49,hit_405_20260731_212849.csv,512,DEFECT,HIGH,71,0,0,205,0,8220877,8220877,-1788434,3647504.7,,200,5,坏棒 总长1000m 铁头 200
406,21:28:50,hit_406_20260731_212850.csv,512,DEFECT,HIGH,74,0,0,411,0,6457272,6457272,-2560447,2444956.1,,200,211,坏棒 总长1000m 铁头 200
407,21:28:50,hit_407_20260731_212850.csv,512,DEFECT,HIGH,72,0,0,205,0,6335949,6335949,-2282974,2275243.2,,200,5,坏棒 总长1000m 铁头 200
408,21:28:50,hit_408_20260731_212850.csv,512,DEFECT,HIGH,73,0,0,499,0,6409867,6409867,-2421356,2293985.4,,200,299,坏棒 总长1000m 铁头 200
409,21:28:51,hit_409_20260731_212851.csv,512,DEFECT,HIGH,99,0,0,205,0,6792134,6792134,-1746822,2555351.7,,200,5,坏棒 总长1000m 铁头 200
410,21:28:51,hit_410_20260731_212851.csv,512,DEFECT,HIGH,74,0,0,190,0,6207946,6207946,-2462345,2010805.9,,200,-10,坏棒 总长1000m 铁头 200
411,21:28:52,hit_411_20260731_212852.csv,512,DEFECT,HIGH,72,0,0,190,0,8017360,8017360,-2073359,3204797.4,,200,-10,坏棒 总长1000m 铁头 200
412,21:28:52,hit_412_20260731_212852.csv,512,DEFECT,HIGH,73,0,0,455,0,6377617,6377617,-2518797,1742542.8,,200,255,坏棒 总长1000m 铁头 200
413,21:28:52,hit_413_20260731_212852.csv,512,DEFECT,HIGH,73,0,0,176,0,6971676,6971676,-2472751,1820289.1,,200,-24,坏棒 总长1000m 铁头 200
414,21:28:53,hit_414_20260731_212853.csv,512,DEFECT,HIGH,72,0,0,190,0,7011113,7011113,-2182642,1894285.2,,200,-10,坏棒 总长1000m 铁头 200
415,21:28:53,hit_415_20260731_212853.csv,512,DEFECT,HIGH,73,0,0,176,0,6331069,6331069,-2913921,1187636.8,,200,-24,坏棒 总长1000m 铁头 200
416,21:28:54,hit_416_20260731_212854.csv,512,DEFECT,HIGH,71,0,0,190,0,7379780,7379780,-2388892,1924461.5,,200,-10,坏棒 总长1000m 铁头 200
417,21:28:55,hit_417_20260731_212855.csv,512,DEFECT,HIGH,70,0,0,176,0,8388607,8388607,-1550289,3750617.7,,200,-24,坏棒 总长1000m 铁头 200
418,21:28:55,hit_418_20260731_212855.csv,512,DEFECT,LOW,72,0,0,190,0,8293309,8293309,-2066519,3609346.2,,200,-10,坏棒 总长1000m 铁头 200
419,21:28:56,hit_419_20260731_212856.csv,512,DEFECT,HIGH,74,0,0,470,0,6417847,6417847,-2474380,2191464.8,,200,270,坏棒 总长1000m 铁头 200
420,21:28:56,hit_420_20260731_212856.csv,512,DEFECT,HIGH,75,0,0,425,0,6387420,6387420,-2560652,2012052.2,,200,225,坏棒 总长1000m 铁头 200
421,21:28:56,hit_421_20260731_212856.csv,512,DEFECT,HIGH,72,0,0,176,0,7991291,7991291,-1956464,2935167.3,,200,-24,坏棒 总长1000m 铁头 200
422,21:28:57,hit_422_20260731_212857.csv,512,DEFECT,HIGH,73,0,0,190,0,6584250,6584250,-2408015,2097036.0,,200,-10,坏棒 总长1000m 铁头 200
423,21:28:57,hit_423_20260731_212857.csv,512,DEFECT,HIGH,70,0,0,176,0,8388607,8388607,-1830466,3398425.6,,200,-24,坏棒 总长1000m 铁头 200
424,21:28:58,hit_424_20260731_212858.csv,512,DEFECT,HIGH,73,0,0,176,0,5600360,5600360,-2780971,1096598.7,,200,-24,坏棒 总长1000m 铁头 200
425,21:28:58,hit_425_20260731_212858.csv,512,DEFECT,HIGH,77,0,0,411,0,5482819,5482819,-3171425,1105134.6,,200,211,坏棒 总长1000m 铁头 200
426,21:28:58,hit_426_20260731_212858.csv,512,DEFECT,HIGH,72,0,0,190,0,5808868,5808868,-2349926,1425499.4,,200,-10,坏棒 总长1000m 铁头 200
427,21:28:59,hit_427_20260731_212859.csv,512,DEFECT,HIGH,74,0,0,161,0,7064472,7064472,-2579010,1881091.2,,200,-39,坏棒 总长1000m 铁头 200
428,21:28:59,hit_428_20260731_212859.csv,512,DEFECT,HIGH,76,0,0,440,0,5604620,5604620,-2903797,1144155.8,,200,240,坏棒 总长1000m 铁头 200
429,21:29:00,hit_429_20260731_212900.csv,512,DEFECT,HIGH,75,0,0,176,0,6161790,6161790,-2566884,1361703.3,,200,-24,坏棒 总长1000m 铁头 200
430,21:29:01,hit_430_20260731_212901.csv,512,DEFECT,HIGH,73,0,0,190,0,6548482,6548482,-2500975,1882226.4,,200,-10,坏棒 总长1000m 铁头 200
431,21:29:02,hit_431_20260731_212902.csv,512,DEFECT,HIGH,75,0,0,190,0,6589033,6589033,-2706642,1848381.7,,200,-10,坏棒 总长1000m 铁头 200
432,21:29:02,hit_432_20260731_212902.csv,512,DEFECT,HIGH,72,0,0,190,0,7079630,7079630,-2297987,2038565.6,,200,-10,坏棒 总长1000m 铁头 200
433,21:29:03,hit_433_20260731_212903.csv,512,DEFECT,HIGH,74,0,0,440,0,5531471,5531471,-2642534,1432226.5,,200,240,坏棒 总长1000m 铁头 200
434,21:29:05,hit_434_20260731_212905.csv,512,DEFECT,HIGH,76,0,0,205,0,5564547,5564547,-2896268,1130841.7,,200,5,坏棒 总长1000m 铁头 200
435,21:29:05,hit_435_20260731_212905.csv,512,DEFECT,HIGH,75,0,0,455,0,5691191,5691191,-3010806,891145.6,,200,255,坏棒 总长1000m 铁头 200
436,21:29:05,hit_436_20260731_212905.csv,512,DEFECT,HIGH,76,0,0,425,0,5973613,5973613,-2792925,1143166.6,,200,225,坏棒 总长1000m 铁头 200
437,21:29:06,hit_437_20260731_212906.csv,512,DEFECT,HIGH,75,0,0,440,0,6182549,6182549,-2610585,1222894.1,,200,240,坏棒 总长1000m 铁头 200
438,21:29:06,hit_438_20260731_212906.csv,512,DEFECT,HIGH,74,0,0,470,0,5685364,5685364,-3018379,914023.4,,200,270,坏棒 总长1000m 铁头 200
439,21:29:06,hit_439_20260731_212906.csv,512,DEFECT,HIGH,74,0,0,455,0,6215887,6215887,-2775368,1150075.0,,200,255,坏棒 总长1000m 铁头 200
440,21:29:07,hit_440_20260731_212907.csv,512,DEFECT,HIGH,79,0,0,675,0,5683050,5683050,-3495950,715045.8,,200,475,坏棒 总长1000m 铁头 200
441,21:29:07,hit_441_20260731_212907.csv,512,DEFECT,HIGH,75,0,0,470,0,5990769,5990769,-3159336,945905.7,,200,270,坏棒 总长1000m 铁头 200
442,21:29:07,hit_442_20260731_212907.csv,512,DEFECT,HIGH,77,0,0,470,0,5740882,5740882,-3015653,1114610.6,,200,270,坏棒 总长1000m 铁头 200
443,21:29:08,hit_443_20260731_212908.csv,512,DEFECT,HIGH,75,0,0,484,0,5863233,5863233,-2884554,1120393.6,,200,284,坏棒 总长1000m 铁头 200
444,21:29:08,hit_444_20260731_212908.csv,512,DEFECT,HIGH,79,0,0,690,0,5317580,5317580,-3620974,612624.2,,200,490,坏棒 总长1000m 铁头 200
445,21:29:09,hit_445_20260731_212909.csv,512,DEFECT,HIGH,78,0,0,734,0,5300816,5300816,-3419648,853857.5,,200,534,坏棒 总长1000m 铁头 200
446,21:29:09,hit_446_20260731_212909.csv,512,DEFECT,HIGH,78,0,0,734,0,4733011,4733011,-3348078,651179.3,,200,534,坏棒 总长1000m 铁头 200
447,21:29:09,hit_447_20260731_212909.csv,512,DEFECT,HIGH,80,0,0,705,0,4410596,4410596,-3992680,258049.4,,200,505,坏棒 总长1000m 铁头 200
448,21:29:10,hit_448_20260731_212910.csv,512,DEFECT,HIGH,81,0,0,660,0,5261269,5261269,-3893792,514090.0,,200,460,坏棒 总长1000m 铁头 200
449,21:29:10,hit_449_20260731_212910.csv,512,DEFECT,HIGH,81,0,0,425,0,4598276,4598276,-3885192,301831.2,,200,225,坏棒 总长1000m 铁头 200
450,21:29:10,hit_450_20260731_212910.csv,512,DEFECT,HIGH,72,0,0,176,0,6629376,6629376,-3011792,1072974.6,,200,-24,坏棒 总长1000m 铁头 200
451,21:29:11,hit_451_20260731_212911.csv,512,DEFECT,HIGH,84,0,0,572,0,5719902,5719902,-4429509,196948.3,,200,372,坏棒 总长1000m 铁头 200
452,21:29:11,hit_452_20260731_212911.csv,512,DEFECT,HIGH,81,0,0,572,0,5180919,5180919,-4408725,26279.2,,200,372,坏棒 总长1000m 铁头 200
453,21:29:11,hit_453_20260731_212911.csv,512,DEFECT,HIGH,83,0,0,528,0,4935566,4508002,-4935566,-263539.7,,200,328,坏棒 总长1000m 铁头 200
454,21:29:12,hit_454_20260731_212912.csv,512,DEFECT,HIGH,82,0,0,572,0,5180713,5180713,-4711931,-55322.6,,200,372,坏棒 总长1000m 铁头 200
455,21:29:12,hit_455_20260731_212912.csv,512,DEFECT,HIGH,81,0,0,367,0,4896431,4896431,-3854907,227380.2,,200,167,坏棒 总长1000m 铁头 200
456,21:29:12,hit_456_20260731_212912.csv,512,DEFECT,HIGH,84,0,0,558,0,5620083,5620083,-3939137,309538.2,,200,358,坏棒 总长1000m 铁头 200
457,21:29:13,hit_457_20260731_212913.csv,512,DEFECT,HIGH,79,0,0,425,0,5230917,5230917,-3639932,526753.6,,200,225,坏棒 总长1000m 铁头 200
458,21:29:13,hit_458_20260731_212913.csv,512,DEFECT,HIGH,75,0,0,455,0,5447041,5447041,-2962900,801063.2,,200,255,坏棒 总长1000m 铁头 200
459,21:29:13,hit_459_20260731_212913.csv,512,DEFECT,HIGH,77,0,0,425,0,5185920,5185920,-3147934,747821.9,,200,225,坏棒 总长1000m 铁头 200
460,21:29:14,hit_460_20260731_212914.csv,512,DEFECT,HIGH,76,0,0,161,0,5381952,5381952,-3459431,548329.2,,200,-39,坏棒 总长1000m 铁头 200
461,21:29:14,hit_461_20260731_212914.csv,512,DEFECT,HIGH,80,0,0,396,0,5037981,5037981,-3742634,394628.1,,200,196,坏棒 总长1000m 铁头 200
462,21:29:14,hit_462_20260731_212914.csv,512,DEFECT,HIGH,81,0,0,367,0,5105665,5105665,-3671861,373146.6,,200,167,坏棒 总长1000m 铁头 200
463,21:29:15,hit_463_20260731_212915.csv,512,DEFECT,HIGH,81,0,0,411,0,4866025,4866025,-3943600,238365.9,,200,211,坏棒 总长1000m 铁头 200
464,21:29:15,hit_464_20260731_212915.csv,512,DEFECT,HIGH,84,0,0,616,0,4430437,4430437,-4148017,83363.9,,200,416,坏棒 总长1000m 铁头 200
465,21:29:15,hit_465_20260731_212915.csv,512,DEFECT,HIGH,80,0,0,411,0,5107041,5107041,-3677628,453792.5,,200,211,坏棒 总长1000m 铁头 200
466,21:29:16,hit_466_20260731_212916.csv,512,DEFECT,HIGH,77,0,0,132,0,5981932,5981932,-3173066,848105.1,,200,-68,坏棒 总长1000m 铁头 200
467,21:29:16,hit_467_20260731_212916.csv,512,DEFECT,HIGH,75,0,0,161,0,5281482,5281482,-3055363,755293.1,,200,-39,坏棒 总长1000m 铁头 200
468,21:29:16,hit_468_20260731_212916.csv,512,DEFECT,HIGH,76,0,0,734,0,4861670,4861670,-2996109,821183.2,,200,534,坏棒 总长1000m 铁头 200
469,21:29:17,hit_469_20260731_212917.csv,512,DEFECT,HIGH,75,0,0,484,0,4477771,4477771,-3390450,503363.5,,200,284,坏棒 总长1000m 铁头 200
470,21:29:17,hit_470_20260731_212917.csv,512,DEFECT,HIGH,76,0,0,749,0,4385958,4385958,-3084846,659945.6,,200,549,坏棒 总长1000m 铁头 200
471,21:29:17,hit_471_20260731_212917.csv,512,DEFECT,HIGH,74,0,0,484,0,5351360,5351360,-2666485,1230953.2,,200,284,坏棒 总长1000m 铁头 200
472,21:29:18,hit_472_20260731_212918.csv,512,DEFECT,HIGH,77,0,0,734,0,4368973,4368973,-3356129,412108.9,,200,534,坏棒 总长1000m 铁头 200
473,21:29:18,hit_473_20260731_212918.csv,512,DEFECT,HIGH,77,0,0,705,0,4426025,4426025,-3528251,428239.4,,200,505,坏棒 总长1000m 铁头 200
474,21:29:18,hit_474_20260731_212918.csv,512,DEFECT,HIGH,78,0,0,705,0,4866480,4866480,-3270106,860611.8,,200,505,坏棒 总长1000m 铁头 200
475,21:29:19,hit_475_20260731_212919.csv,512,DEFECT,HIGH,82,0,0,572,0,4488631,4488631,-4203864,112080.4,,200,372,坏棒 总长1000m 铁头 200
476,21:29:19,hit_476_20260731_212919.csv,512,DEFECT,HIGH,85,0,0,602,0,4946117,4946117,-4199192,224249.4,,200,402,坏棒 总长1000m 铁头 200
477,21:29:19,hit_477_20260731_212919.csv,512,DEFECT,HIGH,83,0,0,572,0,5082237,5082237,-4157761,77742.0,,200,372,坏棒 总长1000m 铁头 200
478,21:29:19,hit_478_20260731_212919.csv,512,DEFECT,HIGH,84,0,0,587,0,5470811,5470811,-4291997,196362.8,,200,387,坏棒 总长1000m 铁头 200
479,21:29:20,hit_479_20260731_212920.csv,512,DEFECT,HIGH,88,0,0,572,0,5541750,5541750,-5484097,-298087.0,,200,372,坏棒 总长1000m 铁头 200
480,21:29:20,hit_480_20260731_212920.csv,512,DEFECT,HIGH,78,0,0,396,0,6202922,6202922,-3297459,813625.3,,200,196,坏棒 总长1000m 铁头 200
481,21:29:20,hit_481_20260731_212920.csv,512,DEFECT,HIGH,74,0,0,176,0,5617236,5617236,-3028216,827973.6,,200,-24,坏棒 总长1000m 铁头 200
482,21:29:21,hit_482_20260731_212921.csv,512,DEFECT,HIGH,73,0,0,190,0,6126839,6126839,-2443482,1377255.1,,200,-10,坏棒 总长1000m 铁头 200
483,21:29:21,hit_483_20260731_212921.csv,512,DEFECT,HIGH,74,0,0,470,0,6034332,6034332,-3048700,1037249.4,,200,270,坏棒 总长1000m 铁头 200
484,21:29:21,hit_484_20260731_212921.csv,512,DEFECT,HIGH,77,0,0,719,0,5440446,5440446,-3158281,1043589.3,,200,519,坏棒 总长1000m 铁头 200
485,21:29:22,hit_485_20260731_212922.csv,512,DEFECT,HIGH,74,0,0,176,0,6297586,6297586,-2630810,1252024.1,,200,-24,坏棒 总长1000m 铁头 200
486,21:29:22,hit_486_20260731_212922.csv,512,DEFECT,HIGH,77,0,0,440,0,5692624,5692624,-3125266,842170.8,,200,240,坏棒 总长1000m 铁头 200
487,21:29:22,hit_487_20260731_212922.csv,512,DEFECT,HIGH,79,0,0,411,0,5841352,5841352,-3430632,700527.5,,200,211,坏棒 总长1000m 铁头 200
488,21:29:23,hit_488_20260731_212923.csv,512,DEFECT,HIGH,75,0,0,190,0,6723936,6723936,-2780893,1265364.8,,200,-10,坏棒 总长1000m 铁头 200
489,21:29:23,hit_489_20260731_212923.csv,512,DEFECT,HIGH,74,0,0,176,0,6050655,6050655,-2846744,995348.5,,200,-24,坏棒 总长1000m 铁头 200
490,21:29:23,hit_490_20260731_212923.csv,512,DEFECT,HIGH,78,0,0,411,0,5869086,5869086,-3227964,761190.7,,200,211,坏棒 总长1000m 铁头 200
491,21:29:23,hit_491_20260731_212923.csv,512,DEFECT,HIGH,74,0,0,73,0,5624930,5624930,-3081097,813115.8,,200,-127,坏棒 总长1000m 铁头 200
492,21:29:24,hit_492_20260731_212924.csv,512,DEFECT,HIGH,77,0,0,425,0,5657385,5657385,-3179653,743233.1,,200,225,坏棒 总长1000m 铁头 200
493,21:29:24,hit_493_20260731_212924.csv,512,DEFECT,HIGH,74,0,0,455,0,5737062,5737062,-2710853,1033778.4,,200,255,坏棒 总长1000m 铁头 200
494,21:29:24,hit_494_20260731_212924.csv,512,DEFECT,HIGH,76,0,0,440,0,5789227,5789227,-3012117,926537.3,,200,240,坏棒 总长1000m 铁头 200
495,21:29:25,hit_495_20260731_212925.csv,512,DEFECT,HIGH,73,0,0,176,0,6469065,6469065,-2487935,1332236.7,,200,-24,坏棒 总长1000m 铁头 200
496,21:29:25,hit_496_20260731_212925.csv,512,DEFECT,HIGH,76,0,0,425,0,5373615,5373615,-2911709,818679.0,,200,225,坏棒 总长1000m 铁头 200
497,21:29:26,hit_497_20260731_212926.csv,512,DEFECT,HIGH,76,0,0,484,0,5324697,5324697,-2851397,966533.6,,200,284,坏棒 总长1000m 铁头 200
498,21:29:26,hit_498_20260731_212926.csv,512,DEFECT,HIGH,79,0,0,440,0,5804068,5804068,-3244281,830092.2,,200,240,坏棒 总长1000m 铁头 200
499,21:29:27,hit_499_20260731_212927.csv,512,DEFECT,HIGH,75,0,0,470,0,6046975,6046975,-2741893,1164823.5,,200,270,坏棒 总长1000m 铁头 200
500,21:29:27,hit_500_20260731_212927.csv,512,DEFECT,HIGH,86,0,0,646,0,5004635,5004635,-4641290,41520.2,,200,446,坏棒 总长1000m 铁头 200
501,21:29:27,hit_501_20260731_212927.csv,512,DEFECT,HIGH,74,0,0,484,0,5686116,5686116,-3037237,895210.6,,200,284,坏棒 总长1000m 铁头 200
502,21:29:28,hit_502_20260731_212928.csv,512,DEFECT,HIGH,81,0,0,675,0,4876337,4876337,-3770175,384949.7,,200,475,坏棒 总长1000m 铁头 200
503,21:29:28,hit_503_20260731_212928.csv,512,DEFECT,HIGH,77,0,0,440,0,5586798,5586798,-3036285,829051.8,,200,240,坏棒 总长1000m 铁头 200
504,21:29:28,hit_504_20260731_212928.csv,512,DEFECT,HIGH,79,0,0,675,0,5474231,5474231,-3569545,702444.9,,200,475,坏棒 总长1000m 铁头 200
505,21:29:29,hit_505_20260731_212929.csv,512,DEFECT,HIGH,77,0,0,470,0,5172107,5172107,-3234646,758650.8,,200,270,坏棒 总长1000m 铁头 200
506,21:29:29,hit_506_20260731_212929.csv,512,DEFECT,HIGH,80,0,0,675,0,5384337,5384337,-3590439,665298.3,,200,475,坏棒 总长1000m 铁头 200
507,21:29:29,hit_507_20260731_212929.csv,512,DEFECT,HIGH,75,0,0,470,0,5559359,5559359,-2976967,895212.1,,200,270,坏棒 总长1000m 铁头 200
508,21:29:30,hit_508_20260731_212930.csv,512,DEFECT,HIGH,78,0,0,440,0,5067728,5067728,-3361503,599220.4,,200,240,坏棒 总长1000m 铁头 200
509,21:29:30,hit_509_20260731_212930.csv,512,DEFECT,HIGH,75,0,0,470,0,5465767,5465767,-3145840,797939.2,,200,270,坏棒 总长1000m 铁头 200
510,21:29:30,hit_510_20260731_212930.csv,512,DEFECT,HIGH,74,0,0,73,0,5760666,5760666,-2999334,967213.3,,200,-127,坏棒 总长1000m 铁头 200
511,21:29:31,hit_511_20260731_212931.csv,512,DEFECT,HIGH,74,0,0,470,0,5933017,5933017,-3002737,1014161.7,,200,270,坏棒 总长1000m 铁头 200
512,21:29:31,hit_512_20260731_212931.csv,512,DEFECT,HIGH,73,0,0,484,0,5896819,5896819,-2728528,1123275.5,,200,284,坏棒 总长1000m 铁头 200
513,21:29:32,hit_513_20260731_212932.csv,512,DEFECT,HIGH,85,0,0,602,0,4723211,4722944,-4723211,-86309.6,,200,402,坏棒 总长1000m 铁头 200
514,21:29:32,hit_514_20260731_212932.csv,512,DEFECT,HIGH,86,0,0,602,0,4736494,4736494,-4731868,-131158.7,,200,402,坏棒 总长1000m 铁头 200
515,21:29:33,hit_515_20260731_212933.csv,512,DEFECT,HIGH,74,0,0,455,0,5712700,5712700,-2761504,1039952.2,,200,255,坏棒 总长1000m 铁头 200
516,21:29:33,hit_516_20260731_212933.csv,512,DEFECT,HIGH,83,0,0,675,0,4284790,4284790,-4279075,68070.0,,200,475,坏棒 总长1000m 铁头 200
517,21:29:34,hit_517_20260731_212934.csv,512,DEFECT,HIGH,84,0,0,587,0,5571814,5571814,-4265770,366783.4,,200,387,坏棒 总长1000m 铁头 200
518,21:29:34,hit_518_20260731_212934.csv,512,DEFECT,HIGH,86,0,0,631,0,4635812,4635812,-4632386,78445.2,,200,431,坏棒 总长1000m 铁头 200
519,21:29:35,hit_519_20260731_212935.csv,512,DEFECT,HIGH,86,0,0,631,0,5195125,4170036,-5195125,-346254.8,,200,431,坏棒 总长1000m 铁头 200
520,21:29:35,hit_520_20260731_212935.csv,512,DEFECT,HIGH,85,0,0,602,0,4823515,4648662,-4823515,-77367.8,,200,402,坏棒 总长1000m 铁头 200
521,21:29:36,hit_521_20260731_212936.csv,512,DEFECT,HIGH,79,0,0,425,0,5118918,5118918,-3515755,856552.5,,200,225,坏棒 总长1000m 铁头 200
522,21:29:36,hit_522_20260731_212936.csv,512,DEFECT,HIGH,74,0,0,734,0,5171387,5171387,-2978201,832443.2,,200,534,坏棒 总长1000m 铁头 200
523,21:29:37,hit_523_20260731_212937.csv,512,DEFECT,HIGH,76,0,0,749,0,5205927,5205927,-3466567,618812.0,,200,549,坏棒 总长1000m 铁头 200
524,21:29:37,hit_524_20260731_212937.csv,512,DEFECT,HIGH,75,0,0,484,0,5713044,5713044,-2879781,1212871.9,,200,284,坏棒 总长1000m 铁头 200
525,21:29:38,hit_525_20260731_212938.csv,512,DEFECT,HIGH,76,0,0,734,0,4626400,4626400,-2960337,807435.5,,200,534,坏棒 总长1000m 铁头 200
526,21:29:38,hit_526_20260731_212938.csv,512,DEFECT,HIGH,73,0,0,88,0,5270646,5270646,-2940244,869026.1,,200,-112,坏棒 总长1000m 铁头 200
527,21:29:39,hit_527_20260731_212939.csv,512,DEFECT,HIGH,76,0,0,440,0,6157725,6157725,-2900813,1154460.6,,200,240,坏棒 总长1000m 铁头 200
528,21:29:39,hit_528_20260731_212939.csv,512,DEFECT,HIGH,80,0,0,660,0,5429976,5429976,-3779471,580464.4,,200,460,坏棒 总长1000m 铁头 200
529,21:29:40,hit_529_20260731_212940.csv,512,DEFECT,HIGH,72,0,0,176,0,8388607,8388607,-1845007,3006217.7,,200,-24,坏棒 总长1000m 铁头 200
530,21:29:40,hit_530_20260731_212940.csv,512,DEFECT,HIGH,74,0,0,470,0,7830375,7830375,-2438132,2203581.0,,200,270,坏棒 总长1000m 铁头 200
531,21:29:41,hit_531_20260731_212941.csv,512,DEFECT,HIGH,73,0,0,176,0,7213820,7213820,-2568463,1600714.6,,200,-24,坏棒 总长1000m 铁头 200
532,21:29:42,hit_532_20260731_212942.csv,512,DEFECT,HIGH,75,0,0,440,0,6452084,6452084,-2806565,1364868.8,,200,240,坏棒 总长1000m 铁头 200
533,21:29:42,hit_533_20260731_212942.csv,512,DEFECT,HIGH,75,0,0,440,0,7127131,7127131,-2879394,1543747.5,,200,240,坏棒 总长1000m 铁头 200
534,21:29:43,hit_534_20260731_212943.csv,512,DEFECT,HIGH,73,0,0,455,0,6887528,6887528,-2579382,1561958.7,,200,255,坏棒 总长1000m 铁头 200
535,21:29:43,hit_535_20260731_212943.csv,512,DEFECT,HIGH,76,0,0,425,0,7270831,7270831,-2759914,1600976.5,,200,225,坏棒 总长1000m 铁头 200
536,21:29:44,hit_536_20260731_212944.csv,512,DEFECT,HIGH,99,0,0,190,0,7758617,7758617,-2074395,2356349.3,,200,-10,坏棒 总长1000m 铁头 200
537,21:29:44,hit_537_20260731_212944.csv,512,DEFECT,HIGH,73,0,0,455,0,7100666,7100666,-2468253,1824438.9,,200,255,坏棒 总长1000m 铁头 200
538,21:29:45,hit_538_20260731_212945.csv,512,DEFECT,HIGH,72,0,0,190,0,7784448,7784448,-2481445,1900064.3,,200,-10,坏棒 总长1000m 铁头 200
539,21:29:45,hit_539_20260731_212945.csv,512,DEFECT,HIGH,73,0,0,176,0,7738431,7738431,-2854601,1621061.7,,200,-24,坏棒 总长1000m 铁头 200
540,21:29:46,hit_540_20260731_212946.csv,512,DEFECT,HIGH,73,0,0,176,0,7971347,7971347,-2824978,1778119.0,,200,-24,坏棒 总长1000m 铁头 200
541,21:29:46,hit_541_20260731_212946.csv,512,DEFECT,HIGH,74,0,0,455,0,7490427,7490427,-2690018,1621022.7,,200,255,坏棒 总长1000m 铁头 200
542,21:29:47,hit_542_20260731_212947.csv,512,DEFECT,HIGH,73,0,0,205,0,7491151,7491151,-2451558,1722391.9,,200,5,坏棒 总长1000m 铁头 200
543,21:29:47,hit_543_20260731_212947.csv,512,DEFECT,HIGH,73,0,0,455,0,7650885,7650885,-2385973,1897072.5,,200,255,坏棒 总长1000m 铁头 200
544,21:29:48,hit_544_20260731_212948.csv,512,DEFECT,HIGH,99,0,0,205,0,6429423,6429423,-2307145,1739930.7,,200,5,坏棒 总长1000m 铁头 200
545,21:29:49,hit_545_20260731_212949.csv,512,DEFECT,HIGH,73,0,0,176,0,6978626,6978626,-2862418,1358213.6,,200,-24,坏棒 总长1000m 铁头 200
546,21:29:49,hit_546_20260731_212949.csv,512,DEFECT,HIGH,73,0,0,190,0,8033392,8033392,-2563289,1922329.4,,200,-10,坏棒 总长1000m 铁头 200
547,21:29:50,hit_547_20260731_212950.csv,512,DEFECT,HIGH,73,0,0,176,0,7486297,7486297,-2750179,1611979.6,,200,-24,坏棒 总长1000m 铁头 200
548,21:29:50,hit_548_20260731_212950.csv,512,DEFECT,HIGH,75,0,0,176,0,7545285,7545285,-2735004,1740527.7,,200,-24,坏棒 总长1000m 铁头 200
549,21:29:51,hit_549_20260731_212951.csv,512,DEFECT,HIGH,72,0,0,470,0,6801696,6801696,-2551207,1476604.2,,200,270,坏棒 总长1000m 铁头 200
550,21:29:51,hit_550_20260731_212951.csv,512,DEFECT,HIGH,73,0,0,176,0,7454563,7454563,-2565584,1751768.0,,200,-24,坏棒 总长1000m 铁头 200
551,21:29:52,hit_551_20260731_212952.csv,512,DEFECT,HIGH,99,0,0,190,0,8009706,8009706,-1840561,2355405.9,,200,-10,坏棒 总长1000m 铁头 200
552,21:29:52,hit_552_20260731_212952.csv,512,DEFECT,HIGH,74,0,0,455,0,7156664,7156664,-2722342,1492806.1,,200,255,坏棒 总长1000m 铁头 200
553,21:29:53,hit_553_20260731_212953.csv,512,DEFECT,HIGH,74,0,0,455,0,6954646,6954646,-2565665,1696818.5,,200,255,坏棒 总长1000m 铁头 200
554,21:29:53,hit_554_20260731_212953.csv,512,DEFECT,HIGH,72,0,0,190,0,7077625,7077625,-2587454,1582718.2,,200,-10,坏棒 总长1000m 铁头 200
555,21:29:54,hit_555_20260731_212954.csv,512,DEFECT,HIGH,74,0,0,470,0,6682910,6682910,-2934450,1284922.1,,200,270,坏棒 总长1000m 铁头 200
556,21:29:54,hit_556_20260731_212954.csv,512,DEFECT,HIGH,99,0,0,205,0,7346660,7346660,-2506581,1688576.4,,200,5,坏棒 总长1000m 铁头 200
557,21:29:55,hit_557_20260731_212955.csv,512,DEFECT,HIGH,77,0,0,705,0,6902007,6902007,-3140169,1533813.6,,200,505,坏棒 总长1000m 铁头 200
558,21:29:55,hit_558_20260731_212955.csv,512,DEFECT,HIGH,72,0,0,190,0,6818921,6818921,-2792380,1411778.9,,200,-10,坏棒 总长1000m 铁头 200
559,21:29:56,hit_559_20260731_212956.csv,512,DEFECT,HIGH,73,0,0,176,0,8259341,8259341,-2225926,2493952.0,,200,-24,坏棒 总长1000m 铁头 200
560,21:29:56,hit_560_20260731_212956.csv,512,DEFECT,HIGH,71,0,0,190,0,7982928,7982928,-1971956,2513747.1,,200,-10,坏棒 总长1000m 铁头 200
561,21:29:57,hit_561_20260731_212957.csv,512,DEFECT,HIGH,72,0,0,205,0,7451482,7451482,-2235293,2014761.0,,200,5,坏棒 总长1000m 铁头 200
562,21:29:58,hit_562_20260731_212958.csv,512,DEFECT,HIGH,74,0,0,190,0,6161601,6161601,-2638792,1459291.6,,200,-10,坏棒 总长1000m 铁头 200
563,21:29:58,hit_563_20260731_212958.csv,512,DEFECT,HIGH,77,0,0,734,0,4354590,4354590,-3213528,723221.3,,200,534,坏棒 总长1000m 铁头 200
564,21:29:58,hit_564_20260731_212958.csv,512,DEFECT,HIGH,75,0,0,734,0,4854030,4854030,-2739266,1151302.6,,200,534,坏棒 总长1000m 铁头 200
565,21:29:58,hit_565_20260731_212958.csv,512,DEFECT,HIGH,75,0,0,470,0,4804002,4804002,-2859652,1110995.1,,200,270,坏棒 总长1000m 铁头 200
566,21:29:59,hit_566_20260731_212959.csv,512,NORMAL,LOW,79,0,0,0,0,3988022,3988022,-3448665,547171.9,,200,,坏棒 总长1000m 铁头 200
567,21:29:59,hit_567_20260731_212959.csv,512,DEFECT,LOW,77,0,0,734,0,4036527,4036527,-3261843,630579.5,,200,534,坏棒 总长1000m 铁头 200
568,21:30:01,hit_568_20260731_213001.csv,512,DEFECT,HIGH,77,0,0,734,0,5340530,5340530,-3114295,1359654.6,,200,534,坏棒 总长1000m 铁头 200
569,21:30:01,hit_569_20260731_213001.csv,512,NORMAL,LOW,81,0,0,0,0,4392753,4392753,-3875229,612925.0,,200,,坏棒 总长1000m 铁头 200
570,21:30:02,hit_570_20260731_213002.csv,512,DEFECT,HIGH,76,0,0,484,0,5650521,5650521,-2933355,1688423.0,,200,284,坏棒 总长1000m 铁头 200
571,21:30:03,hit_571_20260731_213003.csv,512,DEFECT,HIGH,75,0,0,455,0,5998458,5998458,-2738869,1946919.4,,200,255,坏棒 总长1000m 铁头 200
572,21:30:03,hit_572_20260731_213003.csv,512,DEFECT,HIGH,75,0,0,734,0,5807503,5807503,-2865152,1763075.3,,200,534,坏棒 总长1000m 铁头 200
573,21:30:04,hit_573_20260731_213004.csv,512,DEFECT,HIGH,73,0,0,161,0,7592592,7592592,-2112695,2475934.3,,200,-39,坏棒 总长1000m 铁头 200
574,21:30:04,hit_574_20260731_213004.csv,512,DEFECT,HIGH,70,0,0,146,0,8388607,8388607,-2095229,3375822.9,,200,-54,坏棒 总长1000m 铁头 200
575,21:30:05,hit_575_20260731_213005.csv,512,DEFECT,HIGH,72,0,0,205,0,6312620,6312620,-2261261,2083914.7,,200,5,坏棒 总长1000m 铁头 200
576,21:30:06,hit_576_20260731_213006.csv,512,DEFECT,HIGH,74,0,0,205,0,5728407,5728407,-2640421,1670738.1,,200,5,坏棒 总长1000m 铁头 200
577,21:30:06,hit_577_20260731_213006.csv,512,DEFECT,HIGH,73,0,0,176,0,7422375,7422375,-2273736,2538611.0,,200,-24,坏棒 总长1000m 铁头 200
578,21:30:07,hit_578_20260731_213007.csv,512,DEFECT,HIGH,73,0,0,190,0,5328433,5328433,-2411634,1350666.3,,200,-10,坏棒 总长1000m 铁头 200
579,21:30:07,hit_579_20260731_213007.csv,512,DEFECT,HIGH,74,0,0,176,0,5867072,5867072,-2495557,1532462.9,,200,-24,坏棒 总长1000m 铁头 200
580,21:30:08,hit_580_20260731_213008.csv,512,DEFECT,HIGH,76,0,0,484,0,3909163,3909163,-3511172,414444.4,,200,284,坏棒 总长1000m 铁头 200
581,21:30:09,hit_581_20260731_213009.csv,512,DEFECT,HIGH,72,0,0,176,0,6517475,6517475,-2312642,1757921.2,,200,-24,坏棒 总长1000m 铁头 200
582,21:30:10,hit_582_20260731_213010.csv,512,DEFECT,HIGH,78,0,0,690,0,4913940,4913940,-3483381,548886.3,,200,490,坏棒 总长1000m 铁头 200
583,21:30:10,hit_583_20260731_213010.csv,512,DEFECT,HIGH,79,0,0,220,0,4311083,4311083,-3756266,422062.9,,200,20,坏棒 总长1000m 铁头 200
584,21:30:11,hit_584_20260731_213011.csv,512,DEFECT,HIGH,73,0,0,176,0,6915479,6915479,-2390107,1997462.8,,200,-24,坏棒 总长1000m 铁头 200
585,21:30:11,hit_585_20260731_213011.csv,512,DEFECT,HIGH,72,0,0,176,0,8388607,8388607,-2023315,3351042.8,,200,-24,坏棒 总长1000m 铁头 200
586,21:30:12,hit_586_20260731_213012.csv,512,DEFECT,HIGH,72,0,0,176,0,7537832,7537832,-2231304,2049152.5,,200,-24,坏棒 总长1000m 铁头 200
587,21:30:13,hit_587_20260731_213013.csv,512,DEFECT,HIGH,73,0,0,190,0,6862342,6862342,-2414856,2380498.4,,200,-10,坏棒 总长1000m 铁头 200
588,21:30:13,hit_588_20260731_213013.csv,512,DEFECT,HIGH,71,0,0,176,0,8388607,8388607,-2001413,3469888.7,,200,-24,坏棒 总长1000m 铁头 200
589,21:30:14,hit_589_20260731_213014.csv,512,DEFECT,HIGH,72,0,0,190,0,7400968,7400968,-2321627,2532832.1,,200,-10,坏棒 总长1000m 铁头 200
590,21:30:15,hit_590_20260731_213015.csv,512,DEFECT,HIGH,72,0,0,176,0,7710722,7710722,-2327142,2406596.1,,200,-24,坏棒 总长1000m 铁头 200
591,21:30:15,hit_591_20260731_213015.csv,512,DEFECT,HIGH,74,0,0,440,0,6122335,6122335,-2502690,1813125.9,,200,240,坏棒 总长1000m 铁头 200
592,21:30:16,hit_592_20260731_213016.csv,512,DEFECT,HIGH,72,0,0,176,0,6948986,6948986,-2248679,2208981.3,,200,-24,坏棒 总长1000m 铁头 200
593,21:30:17,hit_593_20260731_213017.csv,512,DEFECT,HIGH,71,0,0,161,0,8388607,8388607,-1689797,3362313.0,,200,-39,坏棒 总长1000m 铁头 200
594,21:30:18,hit_594_20260731_213018.csv,512,DEFECT,HIGH,71,0,0,190,0,7761191,7761191,-1826428,2822629.8,,200,-10,坏棒 总长1000m 铁头 200
595,21:30:18,hit_595_20260731_213018.csv,512,DEFECT,HIGH,70,0,0,176,0,8388607,8388607,-1613658,4180282.3,,200,-24,坏棒 总长1000m 铁头 200
596,21:30:19,hit_596_20260731_213019.csv,512,DEFECT,HIGH,73,0,0,190,0,7056623,7056623,-2354130,2203503.1,,200,-10,坏棒 总长1000m 铁头 200
597,21:30:19,hit_597_20260731_213019.csv,512,DEFECT,HIGH,72,0,0,190,0,6724075,6724075,-2184618,2178159.5,,200,-10,坏棒 总长1000m 铁头 200
598,21:30:20,hit_598_20260731_213020.csv,512,DEFECT,HIGH,73,0,0,205,0,7007822,7007822,-2446585,2204521.0,,200,5,坏棒 总长1000m 铁头 200
599,21:30:20,hit_599_20260731_213020.csv,512,DEFECT,HIGH,73,0,0,190,0,7303076,7303076,-2382994,2346956.0,,200,-10,坏棒 总长1000m 铁头 200
600,21:30:21,hit_600_20260731_213021.csv,512,DEFECT,HIGH,71,0,0,176,0,7731164,7731164,-1702475,2832305.5,,200,-24,坏棒 总长1000m 铁头 200
601,21:30:24,hit_601_20260731_213024.csv,512,DEFECT,HIGH,74,0,0,470,0,6506762,6506762,-2700095,1841693.2,,200,270,坏棒 总长1000m 铁头 200
602,21:30:25,hit_602_20260731_213025.csv,512,DEFECT,HIGH,75,0,0,484,0,6111667,6111667,-2597126,1756006.2,,200,284,坏棒 总长1000m 铁头 200
603,21:30:25,hit_603_20260731_213025.csv,512,DEFECT,HIGH,77,0,0,719,0,5957161,5957161,-3143901,1499379.8,,200,519,坏棒 总长1000m 铁头 200
604,21:30:26,hit_604_20260731_213026.csv,512,DEFECT,HIGH,79,0,0,675,0,5871337,5871337,-3368798,1125847.5,,200,475,坏棒 总长1000m 铁头 200
605,21:30:26,hit_605_20260731_213026.csv,512,DEFECT,HIGH,82,0,0,631,0,5761147,5761147,-4080434,551226.2,,200,431,坏棒 总长1000m 铁头 200
606,21:30:26,hit_606_20260731_213026.csv,512,DEFECT,HIGH,93,0,0,1160,0,4639030,2740670,-4639030,374775.8,,200,960,坏棒 总长1000m 铁头 200
607,21:30:27,hit_607_20260731_213027.csv,512,DEFECT,HIGH,77,0,0,470,0,6456932,6456932,-3095133,1489746.4,,200,270,坏棒 总长1000m 铁头 200
608,21:30:27,hit_608_20260731_213027.csv,512,DEFECT,HIGH,73,0,0,176,0,6390831,6390831,-2488577,1738362.5,,200,-24,坏棒 总长1000m 铁头 200
609,21:30:28,hit_609_20260731_213028.csv,512,DEFECT,HIGH,76,0,0,719,0,6067581,6067581,-3016973,1494626.3,,200,519,坏棒 总长1000m 铁头 200
610,21:30:33,hit_610_20260731_213033.csv,512,DEFECT,HIGH,73,0,0,176,0,6196541,6196541,-2704101,1439874.6,,200,-24,坏棒 总长1000m 铁头 200
611,21:30:33,hit_611_20260731_213033.csv,512,DEFECT,HIGH,78,0,0,734,0,5729636,5729636,-3263401,1307384.6,,200,534,坏棒 总长1000m 铁头 200
612,21:30:34,hit_612_20260731_213034.csv,512,DEFECT,HIGH,79,0,0,734,0,5840660,5840660,-3427248,1445311.8,,200,534,坏棒 总长1000m 铁头 200
613,21:30:34,hit_613_20260731_213034.csv,512,DEFECT,HIGH,76,0,0,749,0,5279789,5279789,-3313093,1156204.5,,200,549,坏棒 总长1000m 铁头 200
614,21:30:35,hit_614_20260731_213035.csv,512,DEFECT,HIGH,77,0,0,734,0,5804371,5804371,-3177008,1833474.5,,200,534,坏棒 总长1000m 铁头 200
615,21:30:35,hit_615_20260731_213035.csv,512,DEFECT,HIGH,71,0,0,190,0,7418635,7418635,-1986236,2662677.0,,200,-10,坏棒 总长1000m 铁头 200
616,21:30:35,hit_616_20260731_213035.csv,512,DEFECT,HIGH,73,0,0,719,0,5383694,5383694,-2358828,1549859.3,,200,519,坏棒 总长1000m 铁头 200
617,21:30:36,hit_617_20260731_213036.csv,512,DEFECT,HIGH,99,0,0,161,0,6043576,6043576,-1910831,1965742.4,,200,-39,坏棒 总长1000m 铁头 200
618,21:30:37,hit_618_20260731_213037.csv,512,DEFECT,HIGH,73,0,0,484,0,5720934,5720934,-2377864,1800131.2,,200,284,坏棒 总长1000m 铁头 200
619,21:30:38,hit_619_20260731_213038.csv,512,DEFECT,HIGH,74,0,0,734,0,6070392,6070392,-2656912,2014996.9,,200,534,坏棒 总长1000m 铁头 200
620,21:30:38,hit_620_20260731_213038.csv,512,DEFECT,HIGH,72,0,0,176,0,6688701,6688701,-2334390,2389296.9,,200,-24,坏棒 总长1000m 铁头 200
621,21:30:39,hit_621_20260731_213039.csv,512,DEFECT,HIGH,76,0,0,396,0,6025034,6025034,-2751837,2029927.4,,200,196,坏棒 总长1000m 铁头 200
622,21:30:40,hit_622_20260731_213040.csv,512,DEFECT,HIGH,72,0,0,176,0,6629335,6629335,-2206898,2369828.3,,200,-24,坏棒 总长1000m 铁头 200
623,21:30:40,hit_623_20260731_213040.csv,512,DEFECT,HIGH,73,0,0,176,0,6603981,6603981,-2372988,2368170.4,,200,-24,坏棒 总长1000m 铁头 200
624,21:30:41,hit_624_20260731_213041.csv,512,DEFECT,HIGH,73,0,0,176,0,6625495,6625495,-2263287,2423198.3,,200,-24,坏棒 总长1000m 铁头 200
625,21:30:42,hit_625_20260731_213042.csv,512,DEFECT,HIGH,99,0,0,205,0,6113227,6113227,-2155724,2110419.9,,200,5,坏棒 总长1000m 铁头 200
626,21:30:42,hit_626_20260731_213042.csv,512,DEFECT,HIGH,77,0,0,734,0,5532233,5532233,-3106300,1553187.3,,200,534,坏棒 总长1000m 铁头 200
627,21:30:43,hit_627_20260731_213043.csv,512,DEFECT,HIGH,73,0,0,367,0,6253973,6253973,-2385629,2222492.8,,200,167,坏棒 总长1000m 铁头 200
628,21:30:44,hit_628_20260731_213044.csv,512,DEFECT,HIGH,70,0,0,205,0,6726718,6726718,-1710088,2420664.6,,200,5,坏棒 总长1000m 铁头 200
629,21:30:44,hit_629_20260731_213044.csv,512,DEFECT,HIGH,73,0,0,514,0,6459468,6459468,-2401888,2260996.1,,200,314,坏棒 总长1000m 铁头 200
630,21:30:45,hit_630_20260731_213045.csv,512,DEFECT,HIGH,72,0,0,205,0,6466053,6466053,-2167105,2270818.9,,200,5,坏棒 总长1000m 铁头 200
631,21:30:46,hit_631_20260731_213046.csv,512,DEFECT,HIGH,75,0,0,308,0,6138488,6138488,-2769073,1937361.7,,200,108,坏棒 总长1000m 铁头 200
632,21:30:46,hit_632_20260731_213046.csv,512,DEFECT,HIGH,74,0,0,279,0,6197582,6197582,-2575604,2009375.2,,200,79,坏棒 总长1000m 铁头 200
633,21:30:47,hit_633_20260731_213047.csv,512,DEFECT,HIGH,76,0,0,778,0,6810308,6810308,-2950513,2441855.1,,200,578,坏棒 总长1000m 铁头 200
634,21:30:47,hit_634_20260731_213047.csv,512,DEFECT,HIGH,75,0,0,719,0,5808945,5808945,-2701160,1759603.4,,200,519,坏棒 总长1000m 铁头 200
635,21:30:48,hit_635_20260731_213048.csv,512,DEFECT,HIGH,73,0,0,484,0,5694085,5694085,-2379921,1754713.3,,200,284,坏棒 总长1000m 铁头 200
636,21:30:49,hit_636_20260731_213049.csv,512,DEFECT,HIGH,73,0,0,470,0,5950698,5950698,-2437046,1904606.7,,200,270,坏棒 总长1000m 铁头 200
637,21:30:49,hit_637_20260731_213049.csv,512,DEFECT,HIGH,75,0,0,705,0,5727591,5727591,-2783638,1837641.6,,200,505,坏棒 总长1000m 铁头 200
638,21:30:50,hit_638_20260731_213050.csv,512,DEFECT,HIGH,72,0,0,176,0,6913935,6913935,-2143289,2456697.7,,200,-24,坏棒 总长1000m 铁头 200
639,21:30:51,hit_639_20260731_213051.csv,512,DEFECT,HIGH,72,0,0,161,0,7073286,7073286,-2065414,2632017.6,,200,-39,坏棒 总长1000m 铁头 200
640,21:30:52,hit_640_20260731_213052.csv,512,DEFECT,HIGH,73,0,0,176,0,6483049,6483049,-2306277,2136423.0,,200,-24,坏棒 总长1000m 铁头 200
641,21:30:53,hit_641_20260731_213053.csv,512,DEFECT,HIGH,71,0,0,161,0,7441138,7441138,-1866761,2699158.9,,200,-39,坏棒 总长1000m 铁头 200
642,21:30:53,hit_642_20260731_213053.csv,512,DEFECT,HIGH,73,0,0,190,0,6378715,6378715,-2297405,2156470.3,,200,-10,坏棒 总长1000m 铁头 200
643,21:30:54,hit_643_20260731_213054.csv,512,DEFECT,HIGH,72,0,0,176,0,5756467,5756467,-2426599,1588374.4,,200,-24,坏棒 总长1000m 铁头 200
644,21:30:55,hit_644_20260731_213055.csv,512,DEFECT,HIGH,72,0,0,176,0,6800477,6800477,-2249720,2410868.0,,200,-24,坏棒 总长1000m 铁头 200
645,21:30:56,hit_645_20260731_213056.csv,512,DEFECT,HIGH,74,0,0,146,0,7061716,7061716,-2477251,2591323.6,,200,-54,坏棒 总长1000m 铁头 200
646,21:30:56,hit_646_20260731_213056.csv,512,DEFECT,HIGH,71,0,0,161,0,8388607,8388607,-1859248,4352710.8,,200,-39,坏棒 总长1000m 铁头 200
647,21:30:58,hit_647_20260731_213058.csv,512,DEFECT,HIGH,74,0,0,455,0,4604401,4604401,-2989842,862291.8,,200,255,坏棒 总长1000m 铁头 200
648,21:30:58,hit_648_20260731_213058.csv,512,DEFECT,HIGH,74,0,0,176,0,5995790,5995790,-2614832,1971962.1,,200,-24,坏棒 总长1000m 铁头 200
649,21:30:59,hit_649_20260731_213059.csv,512,DEFECT,HIGH,72,0,0,176,0,7179168,7179168,-1961174,2871562.6,,200,-24,坏棒 总长1000m 铁头 200
650,21:30:59,hit_650_20260731_213059.csv,512,DEFECT,HIGH,73,0,0,205,0,5921366,5921366,-2352109,1920536.0,,200,5,坏棒 总长1000m 铁头 200
651,21:31:00,hit_651_20260731_213100.csv,512,DEFECT,HIGH,72,0,0,176,0,7212788,7212788,-2209091,2799459.2,,200,-24,坏棒 总长1000m 铁头 200
652,21:31:01,hit_652_20260731_213101.csv,512,DEFECT,HIGH,75,0,0,411,0,6539963,6539963,-2836209,2358054.2,,200,211,坏棒 总长1000m 铁头 200
653,21:31:01,hit_653_20260731_213101.csv,512,DEFECT,HIGH,74,0,0,528,0,6630888,6630888,-2584265,2527984.6,,200,328,坏棒 总长1000m 铁头 200
654,21:31:02,hit_654_20260731_213102.csv,512,DEFECT,HIGH,72,0,0,190,0,6604930,6604930,-2197350,2389353.8,,200,-10,坏棒 总长1000m 铁头 200
655,21:31:02,hit_655_20260731_213102.csv,512,DEFECT,HIGH,72,0,0,190,0,6557098,6557098,-2174688,2238403.4,,200,-10,坏棒 总长1000m 铁头 200
656,21:31:03,hit_656_20260731_213103.csv,512,DEFECT,HIGH,71,0,0,161,0,7761108,7761108,-1902141,3276663.9,,200,-39,坏棒 总长1000m 铁头 200
657,21:31:03,hit_657_20260731_213103.csv,512,DEFECT,HIGH,72,0,0,190,0,6097599,6097599,-2332423,1904249.1,,200,-10,坏棒 总长1000m 铁头 200
658,21:31:04,hit_658_20260731_213104.csv,512,DEFECT,HIGH,72,0,0,176,0,6851661,6851661,-2025750,2474287.7,,200,-24,坏棒 总长1000m 铁头 200
659,21:31:05,hit_659_20260731_213105.csv,512,DEFECT,HIGH,72,0,0,190,0,6330624,6330624,-2181806,2075353.0,,200,-10,坏棒 总长1000m 铁头 200
660,21:31:05,hit_660_20260731_213105.csv,512,DEFECT,HIGH,72,0,0,190,0,6059163,6059163,-2268962,1926095.8,,200,-10,坏棒 总长1000m 铁头 200
661,21:31:06,hit_661_20260731_213106.csv,512,DEFECT,HIGH,73,0,0,455,0,5903917,5903917,-2388841,1869799.8,,200,255,坏棒 总长1000m 铁头 200
662,21:31:06,hit_662_20260731_213106.csv,512,DEFECT,HIGH,78,0,0,719,0,5560332,5560332,-3252926,1541153.1,,200,519,坏棒 总长1000m 铁头 200
663,21:31:07,hit_663_20260731_213107.csv,512,DEFECT,HIGH,79,0,0,719,0,5538145,5538145,-3295646,1399002.5,,200,519,坏棒 总长1000m 铁头 200
664,21:31:07,hit_664_20260731_213107.csv,512,DEFECT,HIGH,76,0,0,734,0,5337173,5337173,-3025227,1368812.9,,200,534,坏棒 总长1000m 铁头 200
665,21:31:08,hit_665_20260731_213108.csv,512,DEFECT,HIGH,77,0,0,455,0,5884015,5884015,-3019416,1833601.1,,200,255,坏棒 总长1000m 铁头 200
666,21:31:09,hit_666_20260731_213109.csv,512,DEFECT,HIGH,72,0,0,190,0,6140237,6140237,-2288502,1896208.9,,200,-10,坏棒 总长1000m 铁头 200
667,21:31:09,hit_667_20260731_213109.csv,512,DEFECT,HIGH,72,0,0,190,0,6799402,6799402,-2194550,2248045.4,,200,-10,坏棒 总长1000m 铁头 200
668,21:31:10,hit_668_20260731_213110.csv,512,DEFECT,HIGH,73,0,0,161,0,7068255,7068255,-2341940,2085078.1,,200,-39,坏棒 总长1000m 铁头 200
669,21:31:10,hit_669_20260731_213110.csv,512,DEFECT,HIGH,72,0,0,176,0,7206269,7206269,-2178098,2182184.0,,200,-24,坏棒 总长1000m 铁头 200
670,21:31:11,hit_670_20260731_213111.csv,512,DEFECT,HIGH,72,0,0,190,0,6777689,6777689,-2219107,2138417.6,,200,-10,坏棒 总长1000m 铁头 200
671,21:31:11,hit_671_20260731_213111.csv,512,DEFECT,HIGH,71,0,0,176,0,7364195,7364195,-2086253,2490922.0,,200,-24,坏棒 总长1000m 铁头 200
672,21:31:12,hit_672_20260731_213112.csv,512,DEFECT,HIGH,76,0,0,440,0,5510891,5510891,-2920404,1150320.7,,200,240,坏棒 总长1000m 铁头 200
673,21:31:12,hit_673_20260731_213112.csv,512,DEFECT,HIGH,77,0,0,705,0,5312435,5312435,-3099551,1137344.6,,200,505,坏棒 总长1000m 铁头 200
674,21:31:13,hit_674_20260731_213113.csv,512,DEFECT,HIGH,74,0,0,161,0,6135814,6135814,-2421201,1482158.0,,200,-39,坏棒 总长1000m 铁头 200
675,21:31:13,hit_675_20260731_213113.csv,512,DEFECT,HIGH,72,0,0,176,0,6806973,6806973,-2210023,2081229.1,,200,-24,坏棒 总长1000m 铁头 200
676,21:31:14,hit_676_20260731_213114.csv,512,DEFECT,HIGH,71,0,0,176,0,7316885,7316885,-1978095,2666983.2,,200,-24,坏棒 总长1000m 铁头 200
677,21:31:14,hit_677_20260731_213114.csv,512,DEFECT,HIGH,73,0,0,190,0,6443215,6443215,-2393666,1986319.9,,200,-10,坏棒 总长1000m 铁头 200
678,21:31:15,hit_678_20260731_213115.csv,512,DEFECT,HIGH,74,0,0,470,0,6044137,6044137,-2480604,2101665.9,,200,270,坏棒 总长1000m 铁头 200
679,21:31:15,hit_679_20260731_213115.csv,512,DEFECT,HIGH,73,0,0,190,0,6050419,6050419,-2359585,1805114.3,,200,-10,坏棒 总长1000m 铁头 200
680,21:31:16,hit_680_20260731_213116.csv,512,DEFECT,HIGH,73,0,0,176,0,6036000,6036000,-2409521,1755636.9,,200,-24,坏棒 总长1000m 铁头 200
681,21:31:16,hit_681_20260731_213116.csv,512,DEFECT,HIGH,70,0,0,146,0,8368124,8368124,-1800119,2927560.7,,200,-54,坏棒 总长1000m 铁头 200
682,21:31:17,hit_682_20260731_213117.csv,512,DEFECT,HIGH,72,0,0,176,0,7416875,7416875,-2265875,2640862.4,,200,-24,坏棒 总长1000m 铁头 200
683,21:31:18,hit_683_20260731_213118.csv,512,DEFECT,HIGH,71,0,0,161,0,8230232,8230232,-1904745,3316476.9,,200,-39,坏棒 总长1000m 铁头 200
684,21:31:18,hit_684_20260731_213118.csv,512,DEFECT,HIGH,72,0,0,190,0,6110091,6110091,-2170697,1899095.3,,200,-10,坏棒 总长1000m 铁头 200
685,21:31:19,hit_685_20260731_213119.csv,512,DEFECT,HIGH,77,0,0,719,0,4770870,4770870,-3125675,973676.9,,200,519,坏棒 总长1000m 铁头 200
686,21:31:19,hit_686_20260731_213119.csv,512,DEFECT,HIGH,74,0,0,440,0,6207241,6207241,-2508388,2118701.8,,200,240,坏棒 总长1000m 铁头 200
687,21:31:20,hit_687_20260731_213120.csv,512,DEFECT,HIGH,71,0,0,176,0,8388607,8388607,-1853892,3926784.8,,200,-24,坏棒 总长1000m 铁头 200
688,21:31:20,hit_688_20260731_213120.csv,512,DEFECT,HIGH,71,0,0,161,0,8325603,8325603,-1945166,3339099.0,,200,-39,坏棒 总长1000m 铁头 200
689,21:31:21,hit_689_20260731_213121.csv,512,DEFECT,HIGH,71,0,0,161,0,8279698,8279698,-1914435,3456531.8,,200,-39,坏棒 总长1000m 铁头 200
690,21:31:21,hit_690_20260731_213121.csv,512,DEFECT,HIGH,72,0,0,176,0,8388607,8388607,-2097755,3772339.0,,200,-24,坏棒 总长1000m 铁头 200
691,21:31:22,hit_691_20260731_213122.csv,512,DEFECT,HIGH,71,0,0,161,0,8016601,8016601,-1576093,3145328.0,,200,-39,坏棒 总长1000m 铁头 200
692,21:31:22,hit_692_20260731_213122.csv,512,DEFECT,HIGH,72,0,0,161,0,7562886,7562886,-2140073,2830266.7,,200,-39,坏棒 总长1000m 铁头 200
693,21:31:23,hit_693_20260731_213123.csv,512,DEFECT,HIGH,74,0,0,190,0,6150918,6150918,-2502665,2079107.9,,200,-10,坏棒 总长1000m 铁头 200
694,21:31:23,hit_694_20260731_213123.csv,512,DEFECT,HIGH,72,0,0,190,0,6598122,6598122,-2256574,2449134.1,,200,-10,坏棒 总长1000m 铁头 200
695,21:31:23,hit_695_20260731_213123.csv,512,DEFECT,HIGH,75,0,0,455,0,6155561,6155561,-2706258,2199292.1,,200,255,坏棒 总长1000m 铁头 200
696,21:31:24,hit_696_20260731_213124.csv,512,DEFECT,HIGH,71,0,0,190,0,7158053,7158053,-1817306,2630929.6,,200,-10,坏棒 总长1000m 铁头 200
697,21:31:24,hit_697_20260731_213124.csv,512,DEFECT,HIGH,72,0,0,190,0,6671298,6671298,-2169785,2309027.2,,200,-10,坏棒 总长1000m 铁头 200
698,21:31:25,hit_698_20260731_213125.csv,512,DEFECT,HIGH,99,0,0,190,0,6230414,6230414,-2311927,2187019.9,,200,-10,坏棒 总长1000m 铁头 200
699,21:31:25,hit_699_20260731_213125.csv,512,DEFECT,HIGH,76,0,0,484,0,6368728,6368728,-2817013,2299231.8,,200,284,坏棒 总长1000m 铁头 200
700,21:31:26,hit_700_20260731_213126.csv,512,DEFECT,HIGH,99,0,0,205,0,6215955,6215955,-2292049,2250305.6,,200,5,坏棒 总长1000m 铁头 200
701,21:31:26,hit_701_20260731_213126.csv,512,DEFECT,HIGH,75,0,0,470,0,6170300,6170300,-2634016,2117168.9,,200,270,坏棒 总长1000m 铁头 200
702,21:31:29,hit_702_20260731_213129.csv,512,DEFECT,HIGH,70,0,0,161,0,8388607,8388607,-2122995,2918406.9,,200,-39,坏棒 总长1000m 铁头 200
703,21:31:29,hit_703_20260731_213129.csv,512,DEFECT,HIGH,76,0,0,719,0,5667030,5667030,-3037533,1668952.9,,200,519,坏棒 总长1000m 铁头 200
704,21:31:30,hit_704_20260731_213130.csv,512,DEFECT,HIGH,73,0,0,176,0,5868236,5868236,-2896451,1404312.7,,200,-24,坏棒 总长1000m 铁头 200
705,21:31:30,hit_705_20260731_213130.csv,512,DEFECT,HIGH,71,0,0,190,0,7062297,7062297,-1980719,2564846.1,,200,-10,坏棒 总长1000m 铁头 200
706,21:31:31,hit_706_20260731_213131.csv,512,DEFECT,HIGH,74,0,0,381,0,6610109,6610109,-2464874,2467792.9,,200,181,坏棒 总长1000m 铁头 200
707,21:31:31,hit_707_20260731_213131.csv,512,DEFECT,HIGH,72,0,0,176,0,7543605,7543605,-1967301,3145479.3,,200,-24,坏棒 总长1000m 铁头 200
708,21:31:32,hit_708_20260731_213132.csv,512,DEFECT,HIGH,72,0,0,176,0,7335101,7335101,-2139827,2922901.1,,200,-24,坏棒 总长1000m 铁头 200
709,21:31:32,hit_709_20260731_213132.csv,512,DEFECT,HIGH,76,0,0,734,0,6360562,6360562,-2940456,2218369.0,,200,534,坏棒 总长1000m 铁头 200
710,21:31:32,hit_710_20260731_213132.csv,512,DEFECT,HIGH,72,0,0,190,0,7808709,7808709,-1927157,3541293.6,,200,-10,坏棒 总长1000m 铁头 200
711,21:31:33,hit_711_20260731_213133.csv,512,DEFECT,HIGH,75,0,0,396,0,6868534,6868534,-2677642,2670242.1,,200,196,坏棒 总长1000m 铁头 200
712,21:31:33,hit_712_20260731_213133.csv,512,DEFECT,HIGH,75,0,0,381,0,6339082,6339082,-2631686,2385100.4,,200,181,坏棒 总长1000m 铁头 200
713,21:31:34,hit_713_20260731_213134.csv,512,DEFECT,HIGH,71,0,0,176,0,7995697,7995697,-1834996,3691172.4,,200,-24,坏棒 总长1000m 铁头 200
714,21:31:34,hit_714_20260731_213134.csv,512,DEFECT,HIGH,71,0,0,176,0,8388607,8388607,-1821362,4180863.4,,200,-24,坏棒 总长1000m 铁头 200
715,21:31:35,hit_715_20260731_213135.csv,512,DEFECT,HIGH,72,0,0,176,0,6841952,6841952,-2141094,2393488.7,,200,-24,坏棒 总长1000m 铁头 200
716,21:31:35,hit_716_20260731_213135.csv,512,DEFECT,HIGH,78,0,0,425,0,4511836,4511836,-3339143,643965.3,,200,225,坏棒 总长1000m 铁头 200
717,21:31:36,hit_717_20260731_213136.csv,512,DEFECT,HIGH,78,0,0,646,0,4615244,4615244,-3472142,470418.2,,200,446,坏棒 总长1000m 铁头 200
718,21:31:36,hit_718_20260731_213136.csv,512,DEFECT,HIGH,76,0,0,411,0,5198433,5198433,-3048371,788836.0,,200,211,坏棒 总长1000m 铁头 200
719,21:31:37,hit_719_20260731_213137.csv,512,DEFECT,HIGH,81,0,0,616,0,4441382,4441382,-3903999,284645.4,,200,416,坏棒 总长1000m 铁头 200
720,21:31:37,hit_720_20260731_213137.csv,512,DEFECT,HIGH,77,0,0,455,0,5495747,5495747,-3117823,1390345.6,,200,255,坏棒 总长1000m 铁头 200
721,21:31:38,hit_721_20260731_213138.csv,512,DEFECT,HIGH,71,0,0,176,0,7317387,7317387,-2262965,2119251.7,,200,-24,坏棒 总长1000m 铁头 200
722,21:31:38,hit_722_20260731_213138.csv,512,DEFECT,HIGH,72,0,0,161,0,7200934,7200934,-2128090,2219358.9,,200,-39,坏棒 总长1000m 铁头 200
723,21:31:39,hit_723_20260731_213139.csv,512,DEFECT,HIGH,72,0,0,146,0,8388607,8388607,-2079579,4009168.9,,200,-54,坏棒 总长1000m 铁头 200
724,21:31:39,hit_724_20260731_213139.csv,512,DEFECT,HIGH,73,0,0,190,0,6396949,6396949,-2502311,2035498.4,,200,-10,坏棒 总长1000m 铁头 200
725,21:31:40,hit_725_20260731_213140.csv,512,DEFECT,HIGH,74,0,0,146,0,7063470,7063470,-2468834,1859213.6,,200,-54,坏棒 总长1000m 铁头 200
726,21:31:40,hit_726_20260731_213140.csv,512,DEFECT,HIGH,74,0,0,425,0,6107958,6107958,-2652790,1354730.0,,200,225,坏棒 总长1000m 铁头 200
727,21:31:41,hit_727_20260731_213141.csv,512,DEFECT,HIGH,74,0,0,176,0,6220579,6220579,-2532358,1447012.7,,200,-24,坏棒 总长1000m 铁头 200
728,21:31:41,hit_728_20260731_213141.csv,512,DEFECT,HIGH,74,0,0,440,0,5646631,5646631,-2592086,1302017.5,,200,240,坏棒 总长1000m 铁头 200
729,21:31:42,hit_729_20260731_213142.csv,512,DEFECT,HIGH,77,0,0,425,0,5918861,5918861,-3114390,1252363.8,,200,225,坏棒 总长1000m 铁头 200
730,21:31:42,hit_730_20260731_213142.csv,512,DEFECT,HIGH,73,0,0,176,0,6470087,6470087,-2415192,1618122.0,,200,-24,坏棒 总长1000m 铁头 200
731,21:31:43,hit_731_20260731_213143.csv,512,DEFECT,HIGH,87,0,0,132,0,8388607,8388607,-1953803,3159921.7,,200,-68,坏棒 总长1000m 铁头 200
732,21:31:43,hit_732_20260731_213143.csv,512,DEFECT,HIGH,73,0,0,176,0,7478345,7478345,-2373626,2163945.0,,200,-24,坏棒 总长1000m 铁头 200
733,21:31:44,hit_733_20260731_213144.csv,512,DEFECT,HIGH,72,0,0,161,0,7382199,7382199,-2207169,2253309.6,,200,-39,坏棒 总长1000m 铁头 200
734,21:31:44,hit_734_20260731_213144.csv,512,DEFECT,HIGH,74,0,0,161,0,6183404,6183404,-2435864,1487595.2,,200,-39,坏棒 总长1000m 铁头 200
735,21:31:45,hit_735_20260731_213145.csv,512,DEFECT,HIGH,72,0,0,176,0,6311222,6311222,-2320720,1660941.3,,200,-24,坏棒 总长1000m 铁头 200
736,21:31:45,hit_736_20260731_213145.csv,512,DEFECT,HIGH,71,0,0,161,0,7476005,7476005,-1994066,2406946.1,,200,-39,坏棒 总长1000m 铁头 200
737,21:31:46,hit_737_20260731_213146.csv,512,DEFECT,HIGH,72,0,0,190,0,6564098,6564098,-2428445,1803307.7,,200,-10,坏棒 总长1000m 铁头 200
738,21:31:46,hit_738_20260731_213146.csv,512,DEFECT,HIGH,72,0,0,176,0,6857817,6857817,-2130386,2311956.7,,200,-24,坏棒 总长1000m 铁头 200
739,21:31:47,hit_739_20260731_213147.csv,512,DEFECT,HIGH,73,0,0,190,0,6289270,6289270,-2363964,1996153.4,,200,-10,坏棒 总长1000m 铁头 200
740,21:31:47,hit_740_20260731_213147.csv,512,DEFECT,HIGH,72,0,0,176,0,7268408,7268408,-2241284,2170902.1,,200,-24,坏棒 总长1000m 铁头 200
741,21:31:48,hit_741_20260731_213148.csv,512,DEFECT,HIGH,72,0,0,161,0,7648429,7648429,-2260123,2443385.8,,200,-39,坏棒 总长1000m 铁头 200
742,21:31:48,hit_742_20260731_213148.csv,512,DEFECT,HIGH,76,0,0,396,0,6155216,6155216,-2871628,1511989.6,,200,196,坏棒 总长1000m 铁头 200
743,21:31:49,hit_743_20260731_213149.csv,512,DEFECT,HIGH,73,0,0,176,0,6652433,6652433,-2399956,1947271.3,,200,-24,坏棒 总长1000m 铁头 200
744,21:31:49,hit_744_20260731_213149.csv,512,DEFECT,HIGH,73,0,0,176,0,7135537,7135537,-2336886,2237589.4,,200,-24,坏棒 总长1000m 铁头 200
745,21:31:49,hit_745_20260731_213149.csv,512,DEFECT,HIGH,76,0,0,660,0,5829028,5829028,-3080407,983197.5,,200,460,坏棒 总长1000m 铁头 200
746,21:31:50,hit_746_20260731_213150.csv,512,DEFECT,HIGH,70,0,0,176,0,7344567,7344567,-2124010,2216971.7,,200,-24,坏棒 总长1000m 铁头 200
747,21:31:50,hit_747_20260731_213150.csv,512,DEFECT,HIGH,74,0,0,176,0,8137667,8137667,-2434194,2740015.3,,200,-24,坏棒 总长1000m 铁头 200
748,21:31:51,hit_748_20260731_213151.csv,512,DEFECT,HIGH,99,0,0,176,0,6432047,6432047,-2098001,2057740.0,,200,-24,坏棒 总长1000m 铁头 200
749,21:31:51,hit_749_20260731_213151.csv,512,DEFECT,HIGH,99,0,0,132,0,7721589,7721589,-1520473,2867560.0,,200,-68,坏棒 总长1000m 铁头 200
750,21:31:52,hit_750_20260731_213152.csv,512,DEFECT,HIGH,72,0,0,161,0,6988055,6988055,-2020909,2367575.7,,200,-39,坏棒 总长1000m 铁头 200
751,21:31:52,hit_751_20260731_213152.csv,512,DEFECT,HIGH,71,0,0,190,0,6607291,6607291,-2079555,2147470.3,,200,-10,坏棒 总长1000m 铁头 200
752,21:31:53,hit_752_20260731_213153.csv,512,DEFECT,HIGH,99,0,0,146,0,7432087,7432087,-1560260,2757593.0,,200,-54,坏棒 总长1000m 铁头 200
753,21:31:53,hit_753_20260731_213153.csv,512,DEFECT,HIGH,73,0,0,719,0,6129804,6129804,-2360671,2003231.4,,200,519,坏棒 总长1000m 铁头 200
754,21:31:54,hit_754_20260731_213154.csv,512,DEFECT,HIGH,74,0,0,705,0,5366146,5366146,-2482520,1444680.5,,200,505,坏棒 总长1000m 铁头 200
755,21:31:54,hit_755_20260731_213154.csv,512,DEFECT,HIGH,72,0,0,161,0,7173804,7173804,-1977263,2444981.0,,200,-39,坏棒 总长1000m 铁头 200
756,21:31:55,hit_756_20260731_213155.csv,512,DEFECT,HIGH,75,0,0,719,0,6264217,6264217,-2676911,2098152.9,,200,519,坏棒 总长1000m 铁头 200
757,21:31:55,hit_757_20260731_213155.csv,512,DEFECT,HIGH,97,0,0,102,0,6941448,6941448,-2054698,2744168.9,,200,-98,坏棒 总长1000m 铁头 200
758,21:31:56,hit_758_20260731_213156.csv,512,DEFECT,HIGH,74,0,0,690,0,5140318,5140318,-2715336,1221793.1,,200,490,坏棒 总长1000m 铁头 200
759,21:31:56,hit_759_20260731_213156.csv,512,DEFECT,HIGH,72,0,0,176,0,8388607,8388607,-2120810,4369773.5,,200,-24,坏棒 总长1000m 铁头 200
760,21:31:57,hit_760_20260731_213157.csv,512,DEFECT,HIGH,74,0,0,719,0,5309853,5309853,-2661902,1292427.4,,200,519,坏棒 总长1000m 铁头 200
761,21:31:57,hit_761_20260731_213157.csv,512,DEFECT,HIGH,74,0,0,470,0,5810203,5810203,-2679808,1449726.9,,200,270,坏棒 总长1000m 铁头 200
762,21:31:58,hit_762_20260731_213158.csv,512,DEFECT,HIGH,71,0,0,161,0,8388607,8388607,-1674282,3943937.6,,200,-39,坏棒 总长1000m 铁头 200
763,21:31:58,hit_763_20260731_213158.csv,512,DEFECT,HIGH,72,0,0,176,0,7846381,7846381,-2278341,2515909.0,,200,-24,坏棒 总长1000m 铁头 200
764,21:31:58,hit_764_20260731_213158.csv,512,DEFECT,HIGH,70,0,0,161,0,8388607,8388607,-1682117,4103794.6,,200,-39,坏棒 总长1000m 铁头 200
765,21:31:59,hit_765_20260731_213159.csv,512,DEFECT,HIGH,74,0,0,176,0,7191457,7191457,-2437799,2245730.0,,200,-24,坏棒 总长1000m 铁头 200
766,21:31:59,hit_766_20260731_213159.csv,512,DEFECT,HIGH,73,0,0,161,0,5995222,5995222,-3043369,1112869.1,,200,-39,坏棒 总长1000m 铁头 200
767,21:32:00,hit_767_20260731_213200.csv,512,DEFECT,HIGH,77,0,0,690,0,5698021,5698021,-3119133,1336096.2,,200,490,坏棒 总长1000m 铁头 200
768,21:32:00,hit_768_20260731_213200.csv,512,DEFECT,HIGH,73,0,0,176,0,7064820,7064820,-2393435,1929374.0,,200,-24,坏棒 总长1000m 铁头 200
769,21:32:01,hit_769_20260731_213201.csv,512,DEFECT,HIGH,71,0,0,176,0,7574685,7574685,-2478164,2119415.5,,200,-24,坏棒 总长1000m 铁头 200
770,21:32:01,hit_770_20260731_213201.csv,512,DEFECT,HIGH,70,0,0,176,0,8388607,8388607,-1580012,3753106.4,,200,-24,坏棒 总长1000m 铁头 200
771,21:32:02,hit_771_20260731_213202.csv,512,DEFECT,HIGH,70,0,0,176,0,8388607,8388607,-1624978,3553112.7,,200,-24,坏棒 总长1000m 铁头 200
772,21:32:02,hit_772_20260731_213202.csv,512,DEFECT,HIGH,71,0,0,176,0,8388607,8388607,-1779353,3284812.0,,200,-24,坏棒 总长1000m 铁头 200
773,21:32:03,hit_773_20260731_213203.csv,512,DEFECT,HIGH,72,0,0,190,0,7478792,7478792,-1949885,2634877.2,,200,-10,坏棒 总长1000m 铁头 200
774,21:32:03,hit_774_20260731_213203.csv,512,DEFECT,HIGH,69,0,0,190,0,8388607,8388607,-1522105,3756346.6,,200,-10,坏棒 总长1000m 铁头 200
775,21:32:03,hit_775_20260731_213203.csv,512,DEFECT,HIGH,71,0,0,176,0,7133370,7133370,-2012843,2376094.1,,200,-24,坏棒 总长1000m 铁头 200
776,21:32:04,hit_776_20260731_213204.csv,512,DEFECT,HIGH,71,0,0,190,0,8140748,8140748,-1901844,3327126.2,,200,-10,坏棒 总长1000m 铁头 200
777,21:32:04,hit_777_20260731_213204.csv,512,DEFECT,HIGH,71,0,0,161,0,8388607,8388607,-1830964,3142033.6,,200,-39,坏棒 总长1000m 铁头 200
778,21:32:05,hit_778_20260731_213205.csv,512,DEFECT,HIGH,74,0,0,161,0,6731511,6731511,-2411755,1778002.2,,200,-39,坏棒 总长1000m 铁头 200
779,21:32:05,hit_779_20260731_213205.csv,512,DEFECT,HIGH,73,0,0,190,0,6704724,6704724,-2413241,2068635.6,,200,-10,坏棒 总长1000m 铁头 200
780,21:32:06,hit_780_20260731_213206.csv,512,DEFECT,HIGH,73,0,0,205,0,6385540,6385540,-2389707,2114712.5,,200,5,坏棒 总长1000m 铁头 200
781,21:32:06,hit_781_20260731_213206.csv,512,DEFECT,HIGH,72,0,0,176,0,7016932,7016932,-2010104,2366792.8,,200,-24,坏棒 总长1000m 铁头 200
782,21:32:07,hit_782_20260731_213207.csv,512,DEFECT,HIGH,80,0,0,705,0,5381533,5381533,-3558902,1283136.3,,200,505,坏棒 总长1000m 铁头 200
783,21:32:07,hit_783_20260731_213207.csv,512,DEFECT,HIGH,72,0,0,176,0,7289130,7289130,-2106030,2459181.2,,200,-24,坏棒 总长1000m 铁头 200
784,21:32:08,hit_784_20260731_213208.csv,512,DEFECT,HIGH,73,0,0,176,0,7082218,7082218,-2430956,2184270.0,,200,-24,坏棒 总长1000m 铁头 200
785,21:32:08,hit_785_20260731_213208.csv,512,DEFECT,HIGH,77,0,0,455,0,5643057,5643057,-3028009,1425865.0,,200,255,坏棒 总长1000m 铁头 200
786,21:32:09,hit_786_20260731_213209.csv,512,DEFECT,HIGH,73,0,0,161,0,6959682,6959682,-2615873,1720712.4,,200,-39,坏棒 总长1000m 铁头 200
787,21:32:09,hit_787_20260731_213209.csv,512,DEFECT,HIGH,70,0,0,176,0,7913571,7913571,-1702859,2942468.6,,200,-24,坏棒 总长1000m 铁头 200
788,21:32:10,hit_788_20260731_213210.csv,512,DEFECT,HIGH,73,0,0,161,0,7405177,7405177,-2334514,2061268.7,,200,-39,坏棒 总长1000m 铁头 200
789,21:32:10,hit_789_20260731_213210.csv,512,DEFECT,HIGH,71,0,0,161,0,8187332,8187332,-1965823,2634491.8,,200,-39,坏棒 总长1000m 铁头 200
790,21:32:11,hit_790_20260731_213211.csv,512,DEFECT,HIGH,70,0,0,176,0,7872263,7872263,-1897540,2618650.9,,200,-24,坏棒 总长1000m 铁头 200
791,21:32:11,hit_791_20260731_213211.csv,512,DEFECT,HIGH,70,0,0,161,0,8388607,8388607,-1793689,3066475.2,,200,-39,坏棒 总长1000m 铁头 200
792,21:32:12,hit_792_20260731_213212.csv,512,DEFECT,HIGH,72,0,0,190,0,7501454,7501454,-2245168,2011160.0,,200,-10,坏棒 总长1000m 铁头 200
793,21:32:13,hit_793_20260731_213213.csv,512,DEFECT,HIGH,71,0,0,161,0,8225049,8225049,-2033572,2502521.5,,200,-39,坏棒 总长1000m 铁头 200
794,21:32:14,hit_794_20260731_213214.csv,512,DEFECT,HIGH,72,0,0,190,0,6427109,6427109,-2770533,1248556.4,,200,-10,坏棒 总长1000m 铁头 200
795,21:32:14,hit_795_20260731_213214.csv,512,DEFECT,HIGH,73,0,0,161,0,7582313,7582313,-2462976,2074712.0,,200,-39,坏棒 总长1000m 铁头 200
796,21:32:15,hit_796_20260731_213215.csv,512,DEFECT,HIGH,87,0,0,132,0,8388607,8388607,-2083442,3598977.5,,200,-68,坏棒 总长1000m 铁头 200
797,21:32:16,hit_797_20260731_213216.csv,512,DEFECT,HIGH,70,0,0,161,0,8388607,8388607,-1580654,3286158.0,,200,-39,坏棒 总长1000m 铁头 200
798,21:32:16,hit_798_20260731_213216.csv,512,DEFECT,HIGH,73,0,0,425,0,5653981,5653981,-2435556,1397768.9,,200,225,坏棒 总长1000m 铁头 200
799,21:32:17,hit_799_20260731_213217.csv,512,DEFECT,HIGH,73,0,0,176,0,7322108,7322108,-2196321,2655317.4,,200,-24,坏棒 总长1000m 铁头 200
800,21:32:18,hit_800_20260731_213218.csv,512,DEFECT,HIGH,70,0,0,161,0,8133114,8133114,-1587659,3242446.5,,200,-39,坏棒 总长1000m 铁头 200
801,21:32:18,hit_801_20260731_213218.csv,512,DEFECT,HIGH,73,0,0,161,0,8065996,8065996,-2352758,2591107.5,,200,-39,坏棒 总长1000m 铁头 200
802,21:32:19,hit_802_20260731_213219.csv,512,DEFECT,HIGH,72,0,0,190,0,6656098,6656098,-2316787,2232599.2,,200,-10,坏棒 总长1000m 铁头 200
803,21:32:20,hit_803_20260731_213220.csv,512,DEFECT,HIGH,70,0,0,190,0,7986163,7986163,-1826608,2994971.0,,200,-10,坏棒 总长1000m 铁头 200
804,21:32:21,hit_804_20260731_213221.csv,512,DEFECT,HIGH,74,0,0,484,0,6129405,6129405,-2567555,2076547.2,,200,284,坏棒 总长1000m 铁头 200
805,21:32:21,hit_805_20260731_213221.csv,512,DEFECT,HIGH,71,0,0,176,0,8095445,8095445,-1952369,3122305.1,,200,-24,坏棒 总长1000m 铁头 200
806,21:32:22,hit_806_20260731_213222.csv,512,DEFECT,HIGH,99,0,0,117,0,7153180,7153180,-2123004,2991388.5,,200,-83,坏棒 总长1000m 铁头 200
807,21:32:23,hit_807_20260731_213223.csv,512,DEFECT,HIGH,71,0,0,205,0,7048632,7048632,-1768439,2821307.7,,200,5,坏棒 总长1000m 铁头 200
808,21:32:23,hit_808_20260731_213223.csv,512,DEFECT,HIGH,74,0,0,411,0,7053824,7053824,-2664284,2721744.5,,200,211,坏棒 总长1000m 铁头 200
809,21:32:24,hit_809_20260731_213224.csv,512,DEFECT,HIGH,73,0,0,190,0,6423196,6423196,-2413225,2117731.5,,200,-10,坏棒 总长1000m 铁头 200
810,21:32:25,hit_810_20260731_213225.csv,512,NORMAL,HIGH,99,0,0,0,0,8388608,168140,-8388608,-6615025.9,,200,,坏棒 总长1000m 铁头 200
811,21:32:26,hit_811_20260731_213226.csv,512,DEFECT,HIGH,75,0,0,425,0,5822218,5822218,-2820312,1463530.3,,200,225,坏棒 总长1000m 铁头 200
812,21:32:26,hit_812_20260731_213226.csv,512,NORMAL,HIGH,91,0,0,0,0,8388608,20105,-8388608,-6603354.9,,200,,坏棒 总长1000m 铁头 200
813,21:32:28,hit_813_20260731_213228.csv,512,DEFECT,HIGH,74,0,0,176,0,6720733,6720733,-2593656,1779960.7,,200,-24,坏棒 总长1000m 铁头 200
814,21:32:28,hit_814_20260731_213228.csv,512,DEFECT,HIGH,71,0,0,146,0,7152618,7152618,-2074715,2354966.5,,200,-54,坏棒 总长1000m 铁头 200
815,21:32:29,hit_815_20260731_213229.csv,512,DEFECT,HIGH,74,0,0,190,0,6160995,6160995,-2541202,1957943.7,,200,-10,坏棒 总长1000m 铁头 200
816,21:32:29,hit_816_20260731_213229.csv,512,DEFECT,HIGH,73,0,0,176,0,6269382,6269382,-2445470,2015492.8,,200,-24,坏棒 总长1000m 铁头 200
817,21:32:30,hit_817_20260731_213230.csv,512,DEFECT,HIGH,75,0,0,176,0,6390133,6390133,-2794562,1631916.2,,200,-24,坏棒 总长1000m 铁头 200
818,21:32:31,hit_818_20260731_213231.csv,512,DEFECT,HIGH,73,0,0,161,0,6731871,6731871,-2231038,1943574.7,,200,-39,坏棒 总长1000m 铁头 200
819,21:32:31,hit_819_20260731_213231.csv,512,DEFECT,HIGH,74,0,0,176,0,5786943,5786943,-2593849,1345887.1,,200,-24,坏棒 总长1000m 铁头 200
820,21:32:32,hit_820_20260731_213232.csv,512,DEFECT,HIGH,78,0,0,734,0,4298170,4298170,-3381193,532888.3,,200,534,坏棒 总长1000m 铁头 200
821,21:32:33,hit_821_20260731_213233.csv,512,DEFECT,HIGH,71,0,0,176,0,7049507,7049507,-2074009,2309390.0,,200,-24,坏棒 总长1000m 铁头 200
822,21:32:33,hit_822_20260731_213233.csv,512,DEFECT,HIGH,75,0,0,440,0,5985712,5985712,-2769213,1920534.4,,200,240,坏棒 总长1000m 铁头 200
823,21:32:34,hit_823_20260731_213234.csv,512,DEFECT,HIGH,72,0,0,190,0,6346737,6346737,-2223241,2029144.6,,200,-10,坏棒 总长1000m 铁头 200
824,21:32:35,hit_824_20260731_213235.csv,512,DEFECT,HIGH,73,0,0,176,0,6546363,6546363,-2306719,2207805.7,,200,-24,坏棒 总长1000m 铁头 200
825,21:32:35,hit_825_20260731_213235.csv,512,DEFECT,HIGH,73,0,0,499,0,6330218,6330218,-2468180,2384813.6,,200,299,坏棒 总长1000m 铁头 200
826,21:32:36,hit_826_20260731_213236.csv,512,DEFECT,HIGH,73,0,0,161,0,8195502,8195502,-2229374,3492972.2,,200,-39,坏棒 总长1000m 铁头 200
827,21:32:36,hit_827_20260731_213236.csv,512,DEFECT,HIGH,75,0,0,411,0,5830349,5830349,-2704358,1778800.6,,200,211,坏棒 总长1000m 铁头 200
828,21:32:37,hit_828_20260731_213237.csv,512,DEFECT,HIGH,73,0,0,190,0,5668692,5668692,-2491362,1573206.5,,200,-10,坏棒 总长1000m 铁头 200
829,21:32:38,hit_829_20260731_213238.csv,512,DEFECT,HIGH,75,0,0,705,0,5430461,5430461,-2801348,1545019.4,,200,505,坏棒 总长1000m 铁头 200
830,21:32:38,hit_830_20260731_213238.csv,512,DEFECT,HIGH,72,0,0,161,0,6902843,6902843,-2259827,1910030.3,,200,-39,坏棒 总长1000m 铁头 200
831,21:32:39,hit_831_20260731_213239.csv,512,DEFECT,HIGH,71,0,0,176,0,6980932,6980932,-1697108,2560702.4,,200,-24,坏棒 总长1000m 铁头 200
832,21:32:39,hit_832_20260731_213239.csv,512,DEFECT,HIGH,77,0,0,705,0,5732049,5732049,-3141521,1671103.3,,200,505,坏棒 总长1000m 铁头 200
833,21:32:40,hit_833_20260731_213240.csv,512,DEFECT,HIGH,75,0,0,705,0,5826206,5826206,-2734370,1872955.4,,200,505,坏棒 总长1000m 铁头 200
834,21:32:41,hit_834_20260731_213241.csv,512,DEFECT,HIGH,72,0,0,176,0,6579337,6579337,-2273632,1958956.2,,200,-24,坏棒 总长1000m 铁头 200
835,21:32:41,hit_835_20260731_213241.csv,512,DEFECT,HIGH,74,0,0,705,0,6141553,6141553,-2537155,2092227.2,,200,505,坏棒 总长1000m 铁头 200
836,21:32:42,hit_836_20260731_213242.csv,512,DEFECT,HIGH,77,0,0,734,0,6387590,6387590,-2988079,2154150.3,,200,534,坏棒 总长1000m 铁头 200
837,21:32:42,hit_837_20260731_213242.csv,512,DEFECT,HIGH,76,0,0,734,0,6130556,6130556,-2917181,1894298.1,,200,534,坏棒 总长1000m 铁头 200
838,21:32:43,hit_838_20260731_213243.csv,512,DEFECT,HIGH,73,0,0,455,0,5953186,5953186,-2462551,1879376.3,,200,255,坏棒 总长1000m 铁头 200
839,21:32:44,hit_839_20260731_213244.csv,512,DEFECT,HIGH,71,0,0,146,0,8388607,8388607,-2014459,2916995.0,,200,-54,坏棒 总长1000m 铁头 200
840,21:32:44,hit_840_20260731_213244.csv,512,DEFECT,HIGH,72,0,0,161,0,7979648,7979648,-2143272,2453777.4,,200,-39,坏棒 总长1000m 铁头 200
841,21:32:45,hit_841_20260731_213245.csv,512,DEFECT,HIGH,74,0,0,176,0,6223286,6223286,-2607551,1811588.6,,200,-24,坏棒 总长1000m 铁头 200
842,21:32:45,hit_842_20260731_213245.csv,512,DEFECT,HIGH,74,0,0,514,0,6010526,6010526,-2581134,2026357.6,,200,314,坏棒 总长1000m 铁头 200
843,21:32:46,hit_843_20260731_213246.csv,512,DEFECT,HIGH,73,0,0,176,0,6617125,6617125,-2411705,1666935.3,,200,-24,坏棒 总长1000m 铁头 200
844,21:32:47,hit_844_20260731_213247.csv,512,DEFECT,HIGH,74,0,0,176,0,6248193,6248193,-2572461,1578174.5,,200,-24,坏棒 总长1000m 铁头 200
845,21:32:47,hit_845_20260731_213247.csv,512,DEFECT,HIGH,72,0,0,190,0,6597960,6597960,-2210119,2229579.6,,200,-10,坏棒 总长1000m 铁头 200
846,21:32:48,hit_846_20260731_213248.csv,512,DEFECT,HIGH,74,0,0,161,0,5576879,5576879,-2870882,1009673.8,,200,-39,坏棒 总长1000m 铁头 200
847,21:32:48,hit_847_20260731_213248.csv,512,DEFECT,HIGH,74,0,0,470,0,5137724,5137724,-2636932,1319620.8,,200,270,坏棒 总长1000m 铁头 200
848,21:32:49,hit_848_20260731_213249.csv,512,DEFECT,HIGH,75,0,0,440,0,5138505,5138505,-2713268,1062939.6,,200,240,坏棒 总长1000m 铁头 200
849,21:32:49,hit_849_20260731_213249.csv,512,DEFECT,HIGH,70,0,0,176,0,8388607,8388607,-1737773,3568950.0,,200,-24,坏棒 总长1000m 铁头 200
850,21:32:50,hit_850_20260731_213250.csv,512,DEFECT,HIGH,71,0,0,176,0,7450714,7450714,-1833875,2598677.4,,200,-24,坏棒 总长1000m 铁头 200
851,21:32:51,hit_851_20260731_213251.csv,512,DEFECT,HIGH,70,0,0,161,0,8388607,8388607,-1554972,3702307.5,,200,-39,坏棒 总长1000m 铁头 200
852,21:32:51,hit_852_20260731_213251.csv,512,DEFECT,HIGH,69,0,0,146,0,8388607,8388607,-1455213,4465658.4,,200,-54,坏棒 总长1000m 铁头 200
853,21:32:52,hit_853_20260731_213252.csv,512,DEFECT,HIGH,70,0,0,176,0,7640850,7640850,-1761575,3101577.4,,200,-24,坏棒 总长1000m 铁头 200
854,21:32:52,hit_854_20260731_213252.csv,512,DEFECT,HIGH,73,0,0,205,0,7037870,7037870,-2150988,2765415.0,,200,5,坏棒 总长1000m 铁头 200
855,21:32:53,hit_855_20260731_213253.csv,512,DEFECT,HIGH,71,0,0,190,0,7961656,7961656,-1932287,3622660.4,,200,-10,坏棒 总长1000m 铁头 200
856,21:32:54,hit_856_20260731_213254.csv,512,DEFECT,HIGH,74,0,0,176,0,6480406,6480406,-2506648,2097061.7,,200,-24,坏棒 总长1000m 铁头 200
857,21:32:54,hit_857_20260731_213254.csv,512,DEFECT,HIGH,74,0,0,190,0,4952614,4952614,-2551721,1084627.2,,200,-10,坏棒 总长1000m 铁头 200
858,21:32:55,hit_858_20260731_213255.csv,512,DEFECT,HIGH,71,0,0,161,0,8187840,8187840,-1840081,3191262.3,,200,-39,坏棒 总长1000m 铁头 200
859,21:32:55,hit_859_20260731_213255.csv,512,DEFECT,HIGH,70,0,0,161,0,8388607,8388607,-1632325,4269892.2,,200,-39,坏棒 总长1000m 铁头 200
860,21:32:56,hit_860_20260731_213256.csv,512,DEFECT,HIGH,72,0,0,176,0,6996557,6996557,-2230099,2466990.4,,200,-24,坏棒 总长1000m 铁头 200
861,21:32:56,hit_861_20260731_213256.csv,512,DEFECT,HIGH,72,0,0,190,0,5581849,5581849,-2503219,1187570.6,,200,-10,坏棒 总长1000m 铁头 200
862,21:32:57,hit_862_20260731_213257.csv,512,DEFECT,HIGH,75,0,0,176,0,5894439,5894439,-2642476,1253026.0,,200,-24,坏棒 总长1000m 铁头 200
863,21:32:58,hit_863_20260731_213258.csv,512,DEFECT,HIGH,72,0,0,176,0,5932236,5932236,-2342650,1373888.9,,200,-24,坏棒 总长1000m 铁头 200
864,21:32:58,hit_864_20260731_213258.csv,512,DEFECT,HIGH,71,0,0,161,0,7954607,7954607,-1735381,2850580.7,,200,-39,坏棒 总长1000m 铁头 200
865,21:32:59,hit_865_20260731_213259.csv,512,DEFECT,HIGH,71,0,0,190,0,6801186,6801186,-2111893,2490066.5,,200,-10,坏棒 总长1000m 铁头 200
866,21:32:59,hit_866_20260731_213259.csv,512,DEFECT,HIGH,72,0,0,176,0,8307198,8307198,-2069796,3328059.2,,200,-24,坏棒 总长1000m 铁头 200
867,21:33:00,hit_867_20260731_213300.csv,512,DEFECT,HIGH,75,0,0,440,0,6484997,6484997,-2662453,2094748.8,,200,240,坏棒 总长1000m 铁头 200
868,21:33:00,hit_868_20260731_213300.csv,512,DEFECT,HIGH,70,0,0,161,0,8388607,8388607,-1828483,2906964.7,,200,-39,坏棒 总长1000m 铁头 200
869,21:33:01,hit_869_20260731_213301.csv,512,DEFECT,HIGH,71,0,0,176,0,7397089,7397089,-2051720,2534398.6,,200,-24,坏棒 总长1000m 铁头 200
870,21:33:02,hit_870_20260731_213302.csv,512,DEFECT,HIGH,74,0,0,176,0,7356911,7356911,-2491756,2410668.9,,200,-24,坏棒 总长1000m 铁头 200
871,21:33:02,hit_871_20260731_213302.csv,512,DEFECT,HIGH,69,0,0,176,0,8388607,8388607,-1447031,3880779.1,,200,-24,坏棒 总长1000m 铁头 200
872,21:33:03,hit_872_20260731_213303.csv,512,DEFECT,HIGH,68,0,0,161,0,8388607,8388607,-1336980,3890397.7,,200,-39,坏棒 总长1000m 铁头 200
873,21:33:03,hit_873_20260731_213303.csv,512,DEFECT,HIGH,73,0,0,146,0,8140110,8140110,-2218365,2438355.2,,200,-54,坏棒 总长1000m 铁头 200
874,21:33:04,hit_874_20260731_213304.csv,512,DEFECT,HIGH,69,0,0,176,0,8388607,8388607,-1715754,3399943.0,,200,-24,坏棒 总长1000m 铁头 200
875,21:33:04,hit_875_20260731_213304.csv,512,DEFECT,HIGH,71,0,0,161,0,7615430,7615430,-2040036,2716831.0,,200,-39,坏棒 总长1000m 铁头 200
876,21:33:05,hit_876_20260731_213305.csv,512,DEFECT,HIGH,73,0,0,190,0,5867961,5867961,-2657840,1233207.4,,200,-10,坏棒 总长1000m 铁头 200
877,21:33:05,hit_877_20260731_213305.csv,512,DEFECT,HIGH,72,0,0,190,0,5562359,5562359,-2862882,1089982.5,,200,-10,坏棒 总长1000m 铁头 200
878,21:33:06,hit_878_20260731_213306.csv,512,DEFECT,HIGH,73,0,0,176,0,6566791,6566791,-2338129,1846937.5,,200,-24,坏棒 总长1000m 铁头 200
879,21:33:07,hit_879_20260731_213307.csv,512,DEFECT,HIGH,70,0,0,161,0,7926037,7926037,-1977464,2506649.5,,200,-39,坏棒 总长1000m 铁头 200
880,21:33:07,hit_880_20260731_213307.csv,512,DEFECT,HIGH,76,0,0,470,0,5370049,5370049,-2879228,1490411.0,,200,270,坏棒 总长1000m 铁头 200
881,21:33:08,hit_881_20260731_213308.csv,512,DEFECT,HIGH,74,0,0,176,0,6432148,6432148,-2453520,1572437.6,,200,-24,坏棒 总长1000m 铁头 200
882,21:33:08,hit_882_20260731_213308.csv,512,DEFECT,HIGH,86,0,0,132,0,8388607,8388607,-1735729,4190928.7,,200,-68,坏棒 总长1000m 铁头 200
883,21:33:09,hit_883_20260731_213309.csv,512,DEFECT,HIGH,71,0,0,146,0,8388607,8388607,-1875420,2913365.3,,200,-54,坏棒 总长1000m 铁头 200
884,21:33:09,hit_884_20260731_213309.csv,512,DEFECT,HIGH,72,0,0,161,0,7185410,7185410,-2177007,2370547.1,,200,-39,坏棒 总长1000m 铁头 200
885,21:33:10,hit_885_20260731_213310.csv,512,DEFECT,HIGH,71,0,0,146,0,8388607,8388607,-1706133,3935859.0,,200,-54,坏棒 总长1000m 铁头 200
886,21:33:11,hit_886_20260731_213311.csv,512,DEFECT,HIGH,72,0,0,176,0,7697938,7697938,-2159119,2546369.9,,200,-24,坏棒 总长1000m 铁头 200
887,21:33:11,hit_887_20260731_213311.csv,512,DEFECT,HIGH,70,0,0,161,0,6051011,6051011,-3710170,851118.7,,200,-39,坏棒 总长1000m 铁头 200
888,21:33:12,hit_888_20260731_213312.csv,512,DEFECT,HIGH,72,0,0,161,0,8388607,8388607,-2024151,2987141.6,,200,-39,坏棒 总长1000m 铁头 200
889,21:33:12,hit_889_20260731_213312.csv,512,DEFECT,HIGH,72,0,0,176,0,7237736,7237736,-2373055,1908074.1,,200,-24,坏棒 总长1000m 铁头 200
890,21:33:13,hit_890_20260731_213313.csv,512,DEFECT,HIGH,73,0,0,176,0,6955952,6955952,-2293633,1902844.6,,200,-24,坏棒 总长1000m 铁头 200
891,21:33:13,hit_891_20260731_213313.csv,512,DEFECT,HIGH,73,0,0,176,0,6180573,6180573,-2461548,1403599.1,,200,-24,坏棒 总长1000m 铁头 200
892,21:33:15,hit_892_20260731_213315.csv,512,DEFECT,HIGH,73,0,0,176,0,6763318,6763318,-2452883,1568368.7,,200,-24,坏棒 总长1000m 铁头 200
893,21:33:16,hit_893_20260731_213316.csv,512,DEFECT,HIGH,72,0,0,161,0,8388607,8388607,-2011450,3918570.2,,200,-39,坏棒 总长1000m 铁头 200
894,21:33:16,hit_894_20260731_213316.csv,512,DEFECT,HIGH,73,0,0,190,0,7189319,7189319,-2059712,2523499.1,,200,-10,坏棒 总长1000m 铁头 200
895,21:33:17,hit_895_20260731_213317.csv,512,DEFECT,HIGH,71,0,0,176,0,7080653,7080653,-1915225,2486032.4,,200,-24,坏棒 总长1000m 铁头 200
896,21:33:17,hit_896_20260731_213317.csv,512,DEFECT,HIGH,71,0,0,190,0,7705720,7705720,-1948464,2904766.3,,200,-10,坏棒 总长1000m 铁头 200
897,21:33:18,hit_897_20260731_213318.csv,512,DEFECT,HIGH,75,0,0,176,0,6819342,6819342,-2654219,2280107.2,,200,-24,坏棒 总长1000m 铁头 200
898,21:33:18,hit_898_20260731_213318.csv,512,DEFECT,HIGH,72,0,0,205,0,6755820,6755820,-1936104,2156268.3,,200,5,坏棒 总长1000m 铁头 200
899,21:33:19,hit_899_20260731_213319.csv,512,DEFECT,HIGH,74,0,0,396,0,6615780,6615780,-2501243,2572730.1,,200,196,坏棒 总长1000m 铁头 200
900,21:33:20,hit_900_20260731_213320.csv,512,DEFECT,HIGH,73,0,0,190,0,8310346,8310346,-2241875,3775042.0,,200,-10,坏棒 总长1000m 铁头 200
901,21:33:20,hit_901_20260731_213320.csv,512,DEFECT,HIGH,73,0,0,190,0,7468771,7468771,-2225544,3112334.0,,200,-10,坏棒 总长1000m 铁头 200
902,21:33:21,hit_902_20260731_213321.csv,512,DEFECT,HIGH,74,0,0,749,0,6868823,6868823,-2646284,2784157.9,,200,549,坏棒 总长1000m 铁头 200
903,21:33:21,hit_903_20260731_213321.csv,512,DEFECT,HIGH,74,0,0,749,0,6643306,6643306,-2564689,2639712.0,,200,549,坏棒 总长1000m 铁头 200
904,21:33:22,hit_904_20260731_213322.csv,512,DEFECT,HIGH,73,0,0,190,0,8257188,8257188,-2145010,3759618.0,,200,-10,坏棒 总长1000m 铁头 200
905,21:33:22,hit_905_20260731_213322.csv,512,DEFECT,HIGH,71,0,0,190,0,8188063,8188063,-1994320,3406695.4,,200,-10,坏棒 总长1000m 铁头 200
906,21:33:23,hit_906_20260731_213323.csv,512,DEFECT,HIGH,72,0,0,190,0,7795617,7795617,-2133644,3332101.7,,200,-10,坏棒 总长1000m 铁头 200
907,21:33:23,hit_907_20260731_213323.csv,512,DEFECT,HIGH,74,0,0,190,0,7095947,7095947,-2090668,2759276.6,,200,-10,坏棒 总长1000m 铁头 200
908,21:33:24,hit_908_20260731_213324.csv,512,DEFECT,HIGH,73,0,0,176,0,6876590,6876590,-2249905,2317549.3,,200,-24,坏棒 总长1000m 铁头 200
909,21:33:24,hit_909_20260731_213324.csv,512,DEFECT,HIGH,74,0,0,719,0,6845932,6845932,-2535919,2464574.2,,200,519,坏棒 总长1000m 铁头 200
910,21:33:25,hit_910_20260731_213325.csv,512,DEFECT,HIGH,75,0,0,484,0,6528519,6528519,-2607052,1815047.9,,200,284,坏棒 总长1000m 铁头 200
911,21:33:25,hit_911_20260731_213325.csv,512,DEFECT,HIGH,75,0,0,470,0,5898913,5898913,-2853690,1290398.4,,200,270,坏棒 总长1000m 铁头 200
912,21:33:26,hit_912_20260731_213326.csv,512,DEFECT,HIGH,76,0,0,719,0,5761788,5761788,-2933169,1701730.1,,200,519,坏棒 总长1000m 铁头 200
913,21:33:27,hit_913_20260731_213327.csv,512,DEFECT,HIGH,72,0,0,176,0,7457372,7457372,-2114948,2321390.3,,200,-24,坏棒 总长1000m 铁头 200
914,21:33:27,hit_914_20260731_213327.csv,512,DEFECT,HIGH,76,0,0,734,0,6186915,6186915,-2921638,2049700.7,,200,534,坏棒 总长1000m 铁头 200
915,21:33:28,hit_915_20260731_213328.csv,512,DEFECT,HIGH,75,0,0,719,0,6879266,6879266,-2726341,2284147.1,,200,519,坏棒 总长1000m 铁头 200
916,21:33:28,hit_916_20260731_213328.csv,512,DEFECT,HIGH,74,0,0,176,0,7172188,7172188,-2811921,1580789.6,,200,-24,坏棒 总长1000m 铁头 200
917,21:33:29,hit_917_20260731_213329.csv,512,DEFECT,HIGH,72,0,0,190,0,7102734,7102734,-1908330,2756614.2,,200,-10,坏棒 总长1000m 铁头 200
918,21:33:29,hit_918_20260731_213329.csv,512,DEFECT,HIGH,74,0,0,719,0,7363025,7363025,-2315208,2706965.5,,200,519,坏棒 总长1000m 铁头 200
919,21:33:30,hit_919_20260731_213330.csv,512,DEFECT,HIGH,74,0,0,734,0,6498469,6498469,-2602913,2371985.2,,200,534,坏棒 总长1000m 铁头 200
920,21:33:30,hit_920_20260731_213330.csv,512,DEFECT,HIGH,74,0,0,763,0,7049647,7049647,-2701158,2699733.3,,200,563,坏棒 总长1000m 铁头 200
921,21:33:31,hit_921_20260731_213331.csv,512,DEFECT,HIGH,74,0,0,705,0,6384623,6384623,-2665908,1905050.7,,200,505,坏棒 总长1000m 铁头 200
922,21:33:31,hit_922_20260731_213331.csv,512,DEFECT,HIGH,75,0,0,719,0,7063792,7063792,-2532092,2495763.4,,200,519,坏棒 总长1000m 铁头 200
923,21:33:31,hit_923_20260731_213331.csv,512,DEFECT,HIGH,75,0,0,470,0,6709938,6709938,-2631908,1858421.9,,200,270,坏棒 总长1000m 铁头 200
924,21:33:32,hit_924_20260731_213332.csv,512,DEFECT,HIGH,78,0,0,719,0,6630898,6630898,-3199128,1959095.7,,200,519,坏棒 总长1000m 铁头 200
925,21:33:32,hit_925_20260731_213332.csv,512,DEFECT,HIGH,74,0,0,161,0,7294673,7294673,-2562158,2000943.5,,200,-39,坏棒 总长1000m 铁头 200
926,21:33:33,hit_926_20260731_213333.csv,512,DEFECT,HIGH,75,0,0,455,0,7177999,7177999,-2823763,1995663.0,,200,255,坏棒 总长1000m 铁头 200
927,21:33:33,hit_927_20260731_213333.csv,512,DEFECT,HIGH,74,0,0,455,0,6738947,6738947,-2460143,1887710.2,,200,255,坏棒 总长1000m 铁头 200
928,21:33:34,hit_928_20260731_213334.csv,512,DEFECT,HIGH,76,0,0,719,0,6902757,6902757,-2968217,1798059.2,,200,519,坏棒 总长1000m 铁头 200
929,21:33:35,hit_929_20260731_213335.csv,512,DEFECT,HIGH,76,0,0,719,0,6365641,6365641,-2878242,2090227.6,,200,519,坏棒 总长1000m 铁头 200
930,21:33:35,hit_930_20260731_213335.csv,512,DEFECT,HIGH,75,0,0,734,0,6755012,6755012,-2719453,2206087.5,,200,534,坏棒 总长1000m 铁头 200
931,21:33:36,hit_931_20260731_213336.csv,512,DEFECT,HIGH,74,0,0,719,0,6420020,6420020,-2431978,2339945.7,,200,519,坏棒 总长1000m 铁头 200
932,21:33:36,hit_932_20260731_213336.csv,512,DEFECT,HIGH,70,0,0,176,0,8388607,8388607,-1596578,3121270.3,,200,-24,坏棒 总长1000m 铁头 200
933,21:33:37,hit_933_20260731_213337.csv,512,DEFECT,HIGH,77,0,0,719,0,6154098,6154098,-3121323,1390485.4,,200,519,坏棒 总长1000m 铁头 200
934,21:33:37,hit_934_20260731_213337.csv,512,DEFECT,HIGH,74,0,0,455,0,6855436,6855436,-2572172,1704746.6,,200,255,坏棒 总长1000m 铁头 200
935,21:33:38,hit_935_20260731_213338.csv,512,DEFECT,HIGH,77,0,0,705,0,6834681,6834681,-3076525,1856258.5,,200,505,坏棒 总长1000m 铁头 200
936,21:33:38,hit_936_20260731_213338.csv,512,DEFECT,HIGH,99,0,0,572,0,7849060,7849060,-2148978,3420448.9,,200,372,坏棒 总长1000m 铁头 200
937,21:33:39,hit_937_20260731_213339.csv,512,DEFECT,HIGH,71,0,0,205,0,8388607,8388607,-1799050,4048358.5,,200,5,坏棒 总长1000m 铁头 200
938,21:33:41,hit_938_20260731_213341.csv,512,DEFECT,HIGH,78,0,0,705,0,6736801,6736801,-3275383,1452386.7,,200,505,坏棒 总长1000m 铁头 200
939,21:33:42,hit_939_20260731_213342.csv,512,DEFECT,HIGH,73,0,0,161,0,8029961,8029961,-2035581,2108409.3,,200,-39,坏棒 总长1000m 铁头 200
940,21:33:43,hit_940_20260731_213343.csv,512,DEFECT,HIGH,73,0,0,176,0,8362696,8362696,-2228723,2517959.6,,200,-24,坏棒 总长1000m 铁头 200
941,21:33:44,hit_941_20260731_213344.csv,512,DEFECT,HIGH,77,0,0,705,0,5867629,5867629,-3102436,1390519.5,,200,505,坏棒 总长1000m 铁头 200
942,21:33:44,hit_942_20260731_213344.csv,512,DEFECT,HIGH,73,0,0,161,0,7498525,7498525,-2494797,1769990.6,,200,-39,坏棒 总长1000m 铁头 200
943,21:33:45,hit_943_20260731_213345.csv,512,DEFECT,HIGH,75,0,0,88,0,7089125,7089125,-2868384,1252127.8,,200,-112,坏棒 总长1000m 铁头 200
944,21:33:47,hit_944_20260731_213347.csv,512,DEFECT,HIGH,77,0,0,734,0,5718778,5718778,-3111719,1782334.0,,200,534,坏棒 总长1000m 铁头 200
945,21:33:48,hit_945_20260731_213348.csv,512,DEFECT,HIGH,72,0,0,190,0,7105422,7105422,-1977684,2448693.0,,200,-10,坏棒 总长1000m 铁头 200
946,21:33:48,hit_946_20260731_213348.csv,512,DEFECT,HIGH,70,0,0,176,0,5383357,3933764,-5383357,-716628.9,,200,-24,坏棒 总长1000m 铁头 200
947,21:33:49,hit_947_20260731_213349.csv,512,DEFECT,HIGH,72,0,0,381,0,6843005,6843005,-2194451,2794426.8,,200,181,坏棒 总长1000m 铁头 200
948,21:33:49,hit_948_20260731_213349.csv,512,DEFECT,HIGH,70,0,0,205,0,6983592,6983592,-1842810,2751234.6,,200,5,坏棒 总长1000m 铁头 200
949,21:33:50,hit_949_20260731_213350.csv,512,DEFECT,HIGH,77,0,0,734,0,5959570,5959570,-3038376,2037226.6,,200,534,坏棒 总长1000m 铁头 200
950,21:33:50,hit_950_20260731_213350.csv,512,DEFECT,HIGH,72,0,0,176,0,8388607,8388607,-1980552,3729067.1,,200,-24,坏棒 总长1000m 铁头 200
951,21:33:51,hit_951_20260731_213351.csv,512,DEFECT,HIGH,74,0,0,719,0,6338453,6338453,-2630077,2459911.3,,200,519,坏棒 总长1000m 铁头 200
952,21:33:51,hit_952_20260731_213351.csv,512,DEFECT,HIGH,72,0,0,205,0,6497927,6497927,-2319081,2321523.2,,200,5,坏棒 总长1000m 铁头 200
953,21:33:52,hit_953_20260731_213352.csv,512,DEFECT,HIGH,71,0,0,161,0,8388607,8388607,-1876250,4188240.0,,200,-39,坏棒 总长1000m 铁头 200
954,21:33:52,hit_954_20260731_213352.csv,512,DEFECT,HIGH,71,0,0,176,0,7229434,7229434,-2018360,2870532.0,,200,-24,坏棒 总长1000m 铁头 200
955,21:33:53,hit_955_20260731_213353.csv,512,DEFECT,HIGH,76,0,0,734,0,5998114,5998114,-2903897,1991910.4,,200,534,坏棒 总长1000m 铁头 200
956,21:33:54,hit_956_20260731_213354.csv,512,DEFECT,HIGH,74,0,0,734,0,6302544,6302544,-2616586,2249520.2,,200,534,坏棒 总长1000m 铁头 200
957,21:33:54,hit_957_20260731_213354.csv,512,DEFECT,HIGH,74,0,0,205,0,6346140,6346140,-2573958,2134249.4,,200,5,坏棒 总长1000m 铁头 200
958,21:33:55,hit_958_20260731_213355.csv,512,DEFECT,HIGH,73,0,0,514,0,6379935,6379935,-2435103,2356690.3,,200,314,坏棒 总长1000m 铁头 200
959,21:33:55,hit_959_20260731_213355.csv,512,DEFECT,HIGH,75,0,0,470,0,5862441,5862441,-2794170,1947378.9,,200,270,坏棒 总长1000m 铁头 200
960,21:34:02,hit_960_20260731_213402.csv,512,DEFECT,HIGH,75,0,0,734,0,6725835,6725835,-2617956,2490202.0,,200,534,坏棒 总长1000m 铁头 200
961,21:34:02,hit_961_20260731_213402.csv,512,DEFECT,HIGH,75,0,0,749,0,7250880,7250880,-2441925,3128261.1,,200,549,坏棒 总长1000m 铁头 200
962,21:34:03,hit_962_20260731_213403.csv,512,DEFECT,HIGH,74,0,0,308,0,8388607,8388607,-2182377,4211612.6,,200,108,坏棒 总长1000m 铁头 200
963,21:34:03,hit_963_20260731_213403.csv,512,DEFECT,HIGH,75,0,0,778,0,7633795,7633795,-2508571,3253444.7,,200,578,坏棒 总长1000m 铁头 200
964,21:34:04,hit_964_20260731_213404.csv,512,DEFECT,HIGH,73,0,0,367,0,8015434,8015434,-2388777,3835141.7,,200,167,坏棒 总长1000m 铁头 200
965,21:34:04,hit_965_20260731_213404.csv,512,DEFECT,HIGH,77,0,0,763,0,6279001,6279001,-3079346,2144187.1,,200,563,坏棒 总长1000m 铁头 200
966,21:34:04,hit_966_20260731_213404.csv,512,DEFECT,HIGH,76,0,0,323,0,6481819,6481819,-3024711,2320280.2,,200,123,坏棒 总长1000m 铁头 200
967,21:34:05,hit_967_20260731_213405.csv,512,DEFECT,HIGH,74,0,0,323,0,6631390,6631390,-2708407,2443701.6,,200,123,坏棒 总长1000m 铁头 200
968,21:34:05,hit_968_20260731_213405.csv,512,DEFECT,HIGH,76,0,0,323,0,6636543,6636543,-2902502,2414095.8,,200,123,坏棒 总长1000m 铁头 200
969,21:34:06,hit_969_20260731_213406.csv,512,DEFECT,LOW,74,0,0,381,0,8388607,8388607,-2361127,4253363.9,,200,181,坏棒 总长1000m 铁头 200
970,21:34:07,hit_970_20260731_213407.csv,512,DEFECT,LOW,79,0,0,807,0,5524543,5524543,-3531204,1447734.6,,200,607,坏棒 总长1000m 铁头 200
971,21:34:07,hit_971_20260731_213407.csv,512,DEFECT,HIGH,76,0,0,749,0,5825721,5825721,-2916719,1760911.9,,200,549,坏棒 总长1000m 铁头 200
972,21:34:07,hit_972_20260731_213407.csv,512,DEFECT,HIGH,77,0,0,734,0,5704447,5704447,-3066012,1627454.4,,200,534,坏棒 总长1000m 铁头 200
973,21:34:08,hit_973_20260731_213408.csv,512,DEFECT,HIGH,77,0,0,749,0,5366230,5366230,-3156341,1328702.7,,200,549,坏棒 总长1000m 铁头 200
974,21:34:08,hit_974_20260731_213408.csv,512,DEFECT,HIGH,76,0,0,763,0,5754941,5754941,-2956017,1668180.8,,200,563,坏棒 总长1000m 铁头 200
975,21:34:08,hit_975_20260731_213408.csv,512,DEFECT,LOW,79,0,0,778,0,5619831,5619831,-3489637,1438235.4,,200,578,坏棒 总长1000m 铁头 200
976,21:34:09,hit_976_20260731_213409.csv,512,DEFECT,HIGH,77,0,0,763,0,5742129,5742129,-3111307,1638959.6,,200,563,坏棒 总长1000m 铁头 200
977,21:34:09,hit_977_20260731_213409.csv,512,DEFECT,HIGH,77,0,0,308,0,5836391,5836391,-3041286,1703550.9,,200,108,坏棒 总长1000m 铁头 200
978,21:34:10,hit_978_20260731_213410.csv,512,DEFECT,HIGH,75,0,0,308,0,6500072,6500072,-2687528,2204878.7,,200,108,坏棒 总长1000m 铁头 200
979,21:34:10,hit_979_20260731_213410.csv,512,DEFECT,HIGH,76,0,0,308,0,5993286,5993286,-2926330,1846634.2,,200,108,坏棒 总长1000m 铁头 200
980,21:34:10,hit_980_20260731_213410.csv,512,DEFECT,HIGH,77,0,0,337,0,6197173,6197173,-3152648,2067037.5,,200,137,坏棒 总长1000m 铁头 200
981,21:34:11,hit_981_20260731_213411.csv,512,DEFECT,HIGH,77,0,0,323,0,6155350,6155350,-3073801,2078757.8,,200,123,坏棒 总长1000m 铁头 200
982,21:34:11,hit_982_20260731_213411.csv,512,DEFECT,HIGH,74,0,0,308,0,7087352,7087352,-2649387,2759835.0,,200,108,坏棒 总长1000m 铁头 200
983,21:34:12,hit_983_20260731_213412.csv,512,DEFECT,HIGH,76,0,0,308,0,6465039,6465039,-2892700,2243775.2,,200,108,坏棒 总长1000m 铁头 200
984,21:34:12,hit_984_20260731_213412.csv,512,DEFECT,HIGH,79,0,0,323,0,6185044,6185044,-3475699,1988619.4,,200,123,坏棒 总长1000m 铁头 200
985,21:34:13,hit_985_20260731_213413.csv,512,DEFECT,HIGH,76,0,0,308,0,6443759,6443759,-2827733,2193972.1,,200,108,坏棒 总长1000m 铁头 200
986,21:34:13,hit_986_20260731_213413.csv,512,DEFECT,HIGH,77,0,0,337,0,6317970,6317970,-3190866,2056556.0,,200,137,坏棒 总长1000m 铁头 200
987,21:34:14,hit_987_20260731_213414.csv,512,DEFECT,HIGH,78,0,0,323,0,6238568,6238568,-3300899,2005685.2,,200,123,坏棒 总长1000m 铁头 200
988,21:34:14,hit_988_20260731_213414.csv,512,DEFECT,HIGH,77,0,0,323,0,6533717,6533717,-3232039,2258592.3,,200,123,坏棒 总长1000m 铁头 200
989,21:34:15,hit_989_20260731_213415.csv,512,NORMAL,HIGH,92,0,0,0,0,8388608,255227,-8388608,-6644901.8,,200,,坏棒 总长1000m 铁头 200
990,21:34:16,hit_990_20260731_213416.csv,512,DEFECT,HIGH,78,0,0,763,0,5435076,5435076,-3349619,1289013.7,,200,563,坏棒 总长1000m 铁头 200
991,21:34:17,hit_991_20260731_213417.csv,512,DEFECT,HIGH,77,0,0,763,0,5711682,5711682,-3125479,1554944.0,,200,563,坏棒 总长1000m 铁头 200
992,21:34:17,hit_992_20260731_213417.csv,512,DEFECT,HIGH,76,0,0,749,0,5901791,5901791,-2939483,1763235.7,,200,549,坏棒 总长1000m 铁头 200
993,21:34:18,hit_993_20260731_213418.csv,512,DEFECT,HIGH,75,0,0,749,0,6200344,6200344,-2847440,2076527.6,,200,549,坏棒 总长1000m 铁头 200
994,21:34:18,hit_994_20260731_213418.csv,512,DEFECT,HIGH,76,0,0,778,0,6372591,6372591,-2972399,1939732.3,,200,578,坏棒 总长1000m 铁头 200
995,21:34:19,hit_995_20260731_213419.csv,512,DEFECT,HIGH,77,0,0,763,0,6507508,6507508,-3171988,1543434.2,,200,563,坏棒 总长1000m 铁头 200
996,21:34:19,hit_996_20260731_213419.csv,512,DEFECT,HIGH,74,0,0,440,0,6121883,6121883,-2604286,1312774.6,,200,240,坏棒 总长1000m 铁头 200
997,21:34:20,hit_997_20260731_213420.csv,512,DEFECT,HIGH,75,0,0,749,0,6699730,6699730,-2869579,2183962.0,,200,549,坏棒 总长1000m 铁头 200
998,21:34:20,hit_998_20260731_213420.csv,512,DEFECT,HIGH,74,0,0,499,0,6906549,6906549,-2591610,2503784.3,,200,299,坏棒 总长1000m 铁头 200
999,21:34:21,hit_999_20260731_213421.csv,512,DEFECT,HIGH,76,0,0,749,0,6594757,6594757,-2905193,2048763.0,,200,549,坏棒 总长1000m 铁头 200
1000,21:34:21,hit_1000_20260731_213421.csv,512,DEFECT,HIGH,75,0,0,308,0,6949187,6949187,-2729260,2522623.6,,200,108,坏棒 总长1000m 铁头 200
1001,21:34:29,hit_1001_20260731_213429.csv,512,NORMAL,HIGH,92,0,0,0,0,2990426,2476037,-2990426,-98861.1,,200,,坏棒 总长1000m 铁头 200
1002,21:34:31,hit_1002_20260731_213431.csv,512,DEFECT,HIGH,81,0,0,705,0,4880002,4880002,-3805580,1086696.3,,200,505,坏棒 总长1000m 铁头 200
1003,21:34:31,hit_1003_20260731_213431.csv,512,DEFECT,HIGH,81,0,0,660,0,5884335,5884335,-3760342,1049172.6,,200,460,坏棒 总长1000m 铁头 200
1004,21:34:31,hit_1004_20260731_213431.csv,512,DEFECT,HIGH,82,0,0,690,0,5323453,5323453,-3942514,1153882.6,,200,490,坏棒 总长1000m 铁头 200
1005,21:34:32,hit_1005_20260731_213432.csv,512,DEFECT,HIGH,85,0,0,675,0,4603714,4441137,-4603714,455637.6,,200,475,坏棒 总长1000m 铁头 200
1006,21:34:32,hit_1006_20260731_213432.csv,512,DEFECT,HIGH,76,0,0,734,0,5920303,5920303,-2838932,2094034.9,,200,534,坏棒 总长1000m 铁头 200
1007,21:34:33,hit_1007_20260731_213433.csv,512,DEFECT,HIGH,73,0,0,176,0,7254021,7254021,-2730265,2218948.8,,200,-24,坏棒 总长1000m 铁头 200
1008,21:34:33,hit_1008_20260731_213433.csv,512,DEFECT,HIGH,73,0,0,220,0,6914585,6914585,-2424033,2774751.2,,200,20,坏棒 总长1000m 铁头 200
1009,21:34:34,hit_1009_20260731_213434.csv,512,DEFECT,HIGH,73,0,0,205,0,6870646,6870646,-2381347,2559465.3,,200,5,坏棒 总长1000m 铁头 200
1010,21:34:35,hit_1010_20260731_213435.csv,512,DEFECT,HIGH,72,0,0,190,0,6789419,6789419,-2920404,1437211.1,,200,-10,坏棒 总长1000m 铁头 200
1011,21:34:35,hit_1011_20260731_213435.csv,512,DEFECT,HIGH,89,0,0,117,0,6620364,6620364,-2836513,1774737.0,,200,-83,坏棒 总长1000m 铁头 200
1012,21:34:36,hit_1012_20260731_213436.csv,512,DEFECT,HIGH,76,0,0,190,0,6421369,6421369,-3472835,1093965.0,,200,-10,坏棒 总长1000m 铁头 200
1013,21:34:36,hit_1013_20260731_213436.csv,512,DEFECT,HIGH,75,0,0,176,0,5383036,5383036,-3048011,1176272.8,,200,-24,坏棒 总长1000m 铁头 200
1014,21:34:37,hit_1014_20260731_213437.csv,512,DEFECT,HIGH,73,0,0,440,0,6009722,6009722,-2447227,2098055.3,,200,240,坏棒 总长1000m 铁头 200
1015,21:34:37,hit_1015_20260731_213437.csv,512,DEFECT,HIGH,74,0,0,440,0,5959007,5959007,-2671509,1976711.1,,200,240,坏棒 总长1000m 铁头 200
1016,21:34:38,hit_1016_20260731_213438.csv,512,DEFECT,HIGH,72,0,0,190,0,6136091,6136091,-2304281,2016045.2,,200,-10,坏棒 总长1000m 铁头 200
1017,21:34:39,hit_1017_20260731_213439.csv,512,DEFECT,HIGH,72,0,0,190,0,7072149,7072149,-2206837,2772564.4,,200,-10,坏棒 总长1000m 铁头 200
1018,21:34:40,hit_1018_20260731_213440.csv,512,DEFECT,HIGH,80,0,0,675,0,5765202,5765202,-3621184,864789.0,,200,475,坏棒 总长1000m 铁头 200
1019,21:34:40,hit_1019_20260731_213440.csv,512,DEFECT,HIGH,75,0,0,455,0,6187067,6187067,-3295119,1079861.6,,200,255,坏棒 总长1000m 铁头 200
1020,21:34:41,hit_1020_20260731_213441.csv,512,DEFECT,HIGH,74,0,0,455,0,5843972,5843972,-2862695,1302971.5,,200,255,坏棒 总长1000m 铁头 200
1021,21:34:41,hit_1021_20260731_213441.csv,512,DEFECT,HIGH,75,0,0,455,0,5827079,5827079,-2648057,1657353.4,,200,255,坏棒 总长1000m 铁头 200
1022,21:34:42,hit_1022_20260731_213442.csv,512,DEFECT,HIGH,74,0,0,190,0,6871635,6871635,-2647956,1896320.0,,200,-10,坏棒 总长1000m 铁头 200
1023,21:34:42,hit_1023_20260731_213442.csv,512,DEFECT,HIGH,77,0,0,470,0,5539641,5539641,-3069390,1347853.4,,200,270,坏棒 总长1000m 铁头 200
1024,21:34:43,hit_1024_20260731_213443.csv,512,DEFECT,HIGH,76,0,0,205,0,6378070,6378070,-3031833,1412316.4,,200,5,坏棒 总长1000m 铁头 200
1025,21:34:43,hit_1025_20260731_213443.csv,512,DEFECT,HIGH,73,0,0,190,0,7512583,7512583,-2473522,2384273.1,,200,-10,坏棒 总长1000m 铁头 200
1026,21:34:44,hit_1026_20260731_213444.csv,512,DEFECT,HIGH,74,0,0,176,0,6972336,6972336,-2470990,1964770.8,,200,-24,坏棒 总长1000m 铁头 200
1027,21:34:44,hit_1027_20260731_213444.csv,512,DEFECT,HIGH,73,0,0,176,0,8147175,8147175,-2435988,2665734.6,,200,-24,坏棒 总长1000m 铁头 200
1028,21:34:45,hit_1028_20260731_213445.csv,512,DEFECT,HIGH,73,0,0,176,0,7478025,7478025,-2366811,2541738.4,,200,-24,坏棒 总长1000m 铁头 200
1029,21:34:45,hit_1029_20260731_213445.csv,512,DEFECT,HIGH,71,0,0,176,0,8170479,8170479,-1748201,3458502.2,,200,-24,坏棒 总长1000m 铁头 200
1030,21:34:46,hit_1030_20260731_213446.csv,512,DEFECT,HIGH,74,0,0,205,0,6928163,6928163,-2543666,2552833.9,,200,5,坏棒 总长1000m 铁头 200
1031,21:34:46,hit_1031_20260731_213446.csv,512,DEFECT,HIGH,72,0,0,176,0,8388607,8388607,-2040937,3789337.1,,200,-24,坏棒 总长1000m 铁头 200
1032,21:34:47,hit_1032_20260731_213447.csv,512,DEFECT,HIGH,75,0,0,176,0,7006246,7006246,-2596299,2563133.9,,200,-24,坏棒 总长1000m 铁头 200
1033,21:34:47,hit_1033_20260731_213447.csv,512,NORMAL,LOW,89,0,0,0,0,8388608,101850,-8388608,-6111190.1,,200,,坏棒 总长1000m 铁头 200
1034,21:34:48,hit_1034_20260731_213448.csv,512,DEFECT,HIGH,74,0,0,176,0,6094897,6094897,-3414557,1012940.3,,200,-24,坏棒 总长1000m 铁头 200
1035,21:34:48,hit_1035_20260731_213448.csv,512,DEFECT,HIGH,74,0,0,190,0,6671016,6671016,-3281283,1121991.3,,200,-10,坏棒 总长1000m 铁头 200
1036,21:34:49,hit_1036_20260731_213449.csv,512,DEFECT,HIGH,71,0,0,176,0,8221693,8221693,-1736765,3375124.6,,200,-24,坏棒 总长1000m 铁头 200
1037,21:34:50,hit_1037_20260731_213450.csv,512,DEFECT,HIGH,74,0,0,425,0,6660568,6660568,-2542990,2494035.4,,200,225,坏棒 总长1000m 铁头 200
1038,21:34:50,hit_1038_20260731_213450.csv,512,DEFECT,HIGH,76,0,0,161,0,6773540,6773540,-3298985,1204991.1,,200,-39,坏棒 总长1000m 铁头 200
1039,21:34:51,hit_1039_20260731_213451.csv,512,DEFECT,HIGH,74,0,0,205,0,6925652,6925652,-2435162,2511961.6,,200,5,坏棒 总长1000m 铁头 200
1040,21:34:52,hit_1040_20260731_213452.csv,512,DEFECT,HIGH,74,0,0,190,0,6373172,6373172,-3087526,1368636.7,,200,-10,坏棒 总长1000m 铁头 200
1041,21:34:52,hit_1041_20260731_213452.csv,512,DEFECT,HIGH,73,0,0,146,0,8388607,8388607,-2206453,2806932.4,,200,-54,坏棒 总长1000m 铁头 200
1042,21:34:53,hit_1042_20260731_213453.csv,512,DEFECT,HIGH,74,0,0,161,0,7332719,7332719,-2616706,1818962.8,,200,-39,坏棒 总长1000m 铁头 200
1043,21:34:53,hit_1043_20260731_213453.csv,512,DEFECT,HIGH,74,0,0,161,0,8115756,8115756,-2610756,1898412.1,,200,-39,坏棒 总长1000m 铁头 200
1044,21:34:54,hit_1044_20260731_213454.csv,512,DEFECT,HIGH,72,0,0,176,0,7795928,7795928,-1794803,3285187.6,,200,-24,坏棒 总长1000m 铁头 200
1045,21:34:55,hit_1045_20260731_213455.csv,512,DEFECT,HIGH,74,0,0,190,0,7174404,7174404,-2520832,1913793.9,,200,-10,坏棒 总长1000m 铁头 200
1046,21:34:55,hit_1046_20260731_213455.csv,512,DEFECT,HIGH,76,0,0,440,0,6660022,6660022,-3346652,1265344.3,,200,240,坏棒 总长1000m 铁头 200
1047,21:34:56,hit_1047_20260731_213456.csv,512,DEFECT,HIGH,73,0,0,176,0,7656669,7656669,-2445596,1961048.8,,200,-24,坏棒 总长1000m 铁头 200
1048,21:34:56,hit_1048_20260731_213456.csv,512,DEFECT,HIGH,73,0,0,161,0,7649303,7649303,-2445368,1945241.5,,200,-39,坏棒 总长1000m 铁头 200
1049,21:34:57,hit_1049_20260731_213457.csv,512,DEFECT,HIGH,73,0,0,161,0,7770265,7770265,-2523140,1981234.1,,200,-39,坏棒 总长1000m 铁头 200
1050,21:34:57,hit_1050_20260731_213457.csv,512,DEFECT,HIGH,72,0,0,146,0,8388607,8388607,-1838427,3447671.9,,200,-54,坏棒 总长1000m 铁头 200
1051,21:34:58,hit_1051_20260731_213458.csv,512,DEFECT,HIGH,73,0,0,146,0,8388607,8388607,-2337035,3190534.8,,200,-54,坏棒 总长1000m 铁头 200
1052,21:34:58,hit_1052_20260731_213458.csv,512,DEFECT,HIGH,74,0,0,161,0,7857624,7857624,-2514871,1992054.8,,200,-39,坏棒 总长1000m 铁头 200
1053,21:34:59,hit_1053_20260731_213459.csv,512,DEFECT,HIGH,73,0,0,161,0,7673059,7673059,-2499680,2095214.1,,200,-39,坏棒 总长1000m 铁头 200
1054,21:35:00,hit_1054_20260731_213500.csv,512,DEFECT,HIGH,72,0,0,161,0,8388607,8388607,-2346434,2394159.2,,200,-39,坏棒 总长1000m 铁头 200
1055,21:35:00,hit_1055_20260731_213500.csv,512,DEFECT,HIGH,75,0,0,161,0,7516287,7516287,-2682479,1754043.7,,200,-39,坏棒 总长1000m 铁头 200
1056,21:35:00,hit_1056_20260731_213500.csv,512,DEFECT,HIGH,72,0,0,176,0,8388607,8388607,-2225979,2554653.1,,200,-24,坏棒 总长1000m 铁头 200
1057,21:35:01,hit_1057_20260731_213501.csv,512,DEFECT,HIGH,73,0,0,161,0,8039235,8039235,-2523731,2229317.5,,200,-39,坏棒 总长1000m 铁头 200
1058,21:35:09,hit_1058_20260731_213509.csv,512,DEFECT,HIGH,80,0,0,587,0,5491569,5491569,-3778053,454925.0,,200,387,坏棒 总长1000m 铁头 200
1059,21:35:11,hit_1059_20260731_213511.csv,512,DEFECT,HIGH,80,0,0,411,0,5500955,5500955,-3639852,950935.1,,200,211,坏棒 总长1000m 铁头 200
1060,21:35:11,hit_1060_20260731_213511.csv,512,DEFECT,HIGH,84,0,0,631,0,4341148,4025745,-4341148,16243.3,,200,431,坏棒 总长1000m 铁头 200
1061,21:35:16,hit_1061_20260731_213516.csv,512,DEFECT,HIGH,80,0,0,719,0,5356908,5356908,-3623209,1197255.4,,200,519,坏棒 总长1000m 铁头 200
1062,21:35:17,hit_1062_20260731_213517.csv,512,DEFECT,HIGH,76,0,0,455,0,5496157,5496157,-2953443,1412597.7,,200,255,坏棒 总长1000m 铁头 200
1063,21:35:17,hit_1063_20260731_213517.csv,512,DEFECT,HIGH,78,0,0,734,0,5380562,5380562,-3243527,1289673.7,,200,534,坏棒 总长1000m 铁头 200
1064,21:35:18,hit_1064_20260731_213518.csv,512,DEFECT,HIGH,79,0,0,396,0,5350924,5350924,-3357702,579005.9,,200,196,坏棒 总长1000m 铁头 200
1065,21:35:18,hit_1065_20260731_213518.csv,512,DEFECT,HIGH,79,0,0,425,0,4428745,4428745,-3505727,528821.4,,200,225,坏棒 总长1000m 铁头 200
1066,21:35:19,hit_1066_20260731_213519.csv,512,DEFECT,HIGH,76,0,0,146,0,5458058,5458058,-3008949,813164.9,,200,-54,坏棒 总长1000m 铁头 200
1067,21:35:19,hit_1067_20260731_213519.csv,512,DEFECT,HIGH,77,0,0,705,0,4930466,4930466,-3203191,747168.7,,200,505,坏棒 总长1000m 铁头 200
1068,21:35:20,hit_1068_20260731_213520.csv,512,DEFECT,HIGH,76,0,0,734,0,5920440,5920440,-2983369,1819698.7,,200,534,坏棒 总长1000m 铁头 200
1069,21:35:20,hit_1069_20260731_213520.csv,512,DEFECT,HIGH,71,0,0,176,0,7901370,7901370,-1909547,3145623.7,,200,-24,坏棒 总长1000m 铁头 200
1070,21:35:21,hit_1070_20260731_213521.csv,512,DEFECT,HIGH,71,0,0,176,0,7624965,7624965,-1966479,2902613.2,,200,-24,坏棒 总长1000m 铁头 200
1071,21:35:21,hit_1071_20260731_213521.csv,512,DEFECT,HIGH,75,0,0,176,0,6189970,6189970,-2561459,1407881.1,,200,-24,坏棒 总长1000m 铁头 200
1072,21:35:22,hit_1072_20260731_213522.csv,512,DEFECT,HIGH,73,0,0,205,0,6341239,6341239,-2383614,1990466.3,,200,5,坏棒 总长1000m 铁头 200
1073,21:35:22,hit_1073_20260731_213522.csv,512,DEFECT,HIGH,73,0,0,176,0,7337662,7337662,-2259766,2400619.4,,200,-24,坏棒 总长1000m 铁头 200
1074,21:35:23,hit_1074_20260731_213523.csv,512,DEFECT,HIGH,73,0,0,190,0,6543718,6543718,-2376190,2102776.7,,200,-10,坏棒 总长1000m 铁头 200
1075,21:35:23,hit_1075_20260731_213523.csv,512,DEFECT,HIGH,72,0,0,176,0,6890154,6890154,-2170949,2135735.1,,200,-24,坏棒 总长1000m 铁头 200
1076,21:35:24,hit_1076_20260731_213524.csv,512,DEFECT,HIGH,73,0,0,176,0,7634084,7634084,-2313626,2825842.6,,200,-24,坏棒 总长1000m 铁头 200
1077,21:35:24,hit_1077_20260731_213524.csv,512,DEFECT,HIGH,72,0,0,146,0,8388607,8388607,-2288294,2910686.8,,200,-54,坏棒 总长1000m 铁头 200
1078,21:35:25,hit_1078_20260731_213525.csv,512,DEFECT,HIGH,73,0,0,161,0,6376786,6376786,-2464427,1519310.3,,200,-39,坏棒 总长1000m 铁头 200
1079,21:35:26,hit_1079_20260731_213526.csv,512,DEFECT,HIGH,74,0,0,190,0,5870001,5870001,-2739171,1291650.4,,200,-10,坏棒 总长1000m 铁头 200
1080,21:35:27,hit_1080_20260731_213527.csv,512,DEFECT,HIGH,77,0,0,470,0,4327721,4327721,-3346304,502086.9,,200,270,坏棒 总长1000m 铁头 200
1081,21:35:27,hit_1081_20260731_213527.csv,512,DEFECT,HIGH,78,0,0,190,0,5584756,5584756,-3279357,1203775.0,,200,-10,坏棒 总长1000m 铁头 200
1082,21:35:28,hit_1082_20260731_213528.csv,512,DEFECT,HIGH,73,0,0,176,0,6551942,6551942,-2426621,1991674.4,,200,-24,坏棒 总长1000m 铁头 200
1083,21:35:28,hit_1083_20260731_213528.csv,512,DEFECT,HIGH,72,0,0,161,0,7495252,7495252,-2044484,2561455.9,,200,-39,坏棒 总长1000m 铁头 200
1084,21:35:29,hit_1084_20260731_213529.csv,512,DEFECT,HIGH,73,0,0,176,0,7209243,7209243,-2439646,2205873.6,,200,-24,坏棒 总长1000m 铁头 200
1085,21:35:29,hit_1085_20260731_213529.csv,512,DEFECT,HIGH,77,0,0,440,0,5529692,5529692,-3291989,774790.5,,200,240,坏棒 总长1000m 铁头 200
1086,21:35:31,hit_1086_20260731_213531.csv,512,DEFECT,HIGH,72,0,0,146,0,8235669,8235669,-1881507,2797095.5,,200,-54,坏棒 总长1000m 铁头 200
1087,21:35:31,hit_1087_20260731_213531.csv,512,DEFECT,HIGH,76,0,0,176,0,6042516,6042516,-3029372,1029496.8,,200,-24,坏棒 总长1000m 铁头 200
1088,21:35:34,hit_1088_20260731_213534.csv,512,NORMAL,LOW,72,0,0,0,0,8388608,148701,-8388608,-6394329.8,,200,,坏棒 总长1000m 铁头 200
1089,21:35:34,hit_1089_20260731_213534.csv,512,DEFECT,HIGH,71,0,0,161,0,8061506,8061506,-2675692,2287130.1,,200,-39,坏棒 总长1000m 铁头 200
1090,21:35:35,hit_1090_20260731_213535.csv,512,DEFECT,HIGH,73,0,0,161,0,7353005,7353005,-2728744,1650395.2,,200,-39,坏棒 总长1000m 铁头 200
1091,21:35:35,hit_1091_20260731_213535.csv,512,DEFECT,HIGH,73,0,0,132,0,8388607,8388607,-2766120,2862393.6,,200,-68,坏棒 总长1000m 铁头 200
1092,21:35:36,hit_1092_20260731_213536.csv,512,DEFECT,HIGH,74,0,0,146,0,8343850,8343850,-2616796,2159960.3,,200,-54,坏棒 总长1000m 铁头 200
1093,21:35:36,hit_1093_20260731_213536.csv,512,DEFECT,HIGH,70,0,0,161,0,8388607,8388607,-1864052,3419048.0,,200,-39,坏棒 总长1000m 铁头 200
1094,21:35:37,hit_1094_20260731_213537.csv,512,DEFECT,HIGH,73,0,0,176,0,7437058,7437058,-2159585,2762356.7,,200,-24,坏棒 总长1000m 铁头 200
1095,21:35:37,hit_1095_20260731_213537.csv,512,DEFECT,HIGH,74,0,0,176,0,7871658,7871658,-2204195,3443932.7,,200,-24,坏棒 总长1000m 铁头 200
1096,21:35:38,hit_1096_20260731_213538.csv,512,DEFECT,HIGH,73,0,0,205,0,6565440,6565440,-2463414,2237800.0,,200,5,坏棒 总长1000m 铁头 200
1097,21:35:38,hit_1097_20260731_213538.csv,512,DEFECT,HIGH,72,0,0,190,0,7090252,7090252,-2302796,2617541.3,,200,-10,坏棒 总长1000m 铁头 200
1098,21:35:39,hit_1098_20260731_213539.csv,512,DEFECT,HIGH,72,0,0,146,0,7827733,7827733,-1882784,3382225.1,,200,-54,坏棒 总长1000m 铁头 200
1099,21:35:40,hit_1099_20260731_213540.csv,512,DEFECT,HIGH,75,0,0,734,0,6512261,6512261,-2822000,2518606.1,,200,534,坏棒 总长1000m 铁头 200
1100,21:35:49,hit_1100_20260731_213549.csv,512,DEFECT,HIGH,84,0,0,631,0,4538064,4299847,-4538064,1924.2,,200,431,坏棒 总长1000m 铁头 200
1101,21:35:51,hit_1101_20260731_213551.csv,512,DEFECT,HIGH,80,0,0,763,0,5519655,5519655,-3687677,1482731.1,,200,563,坏棒 总长1000m 铁头 200
1102,21:35:52,hit_1102_20260731_213552.csv,512,DEFECT,LOW,82,0,0,705,0,5107564,5107564,-4151318,1032752.4,,200,505,坏棒 总长1000m 铁头 200
1103,21:35:52,hit_1103_20260731_213552.csv,512,DEFECT,HIGH,75,0,0,176,0,6706801,6706801,-2751281,1908377.2,,200,-24,坏棒 总长1000m 铁头 200
1104,21:35:53,hit_1104_20260731_213553.csv,512,DEFECT,HIGH,78,0,0,675,0,5938928,5938928,-3377079,1710825.3,,200,475,坏棒 总长1000m 铁头 200
1105,21:35:54,hit_1105_20260731_213554.csv,512,DEFECT,HIGH,79,0,0,705,0,5849983,5849983,-3464845,1633178.7,,200,505,坏棒 总长1000m 铁头 200
1106,21:35:55,hit_1106_20260731_213555.csv,512,DEFECT,HIGH,79,0,0,719,0,5527645,5527645,-3369705,1366006.1,,200,519,坏棒 总长1000m 铁头 200
1107,21:35:56,hit_1107_20260731_213556.csv,512,DEFECT,HIGH,78,0,0,734,0,5189935,5189935,-3424371,1028869.8,,200,534,坏棒 总长1000m 铁头 200
1108,21:36:00,hit_1108_20260731_213600.csv,512,DEFECT,HIGH,76,0,0,455,0,5510639,5510639,-2968175,1492723.5,,200,255,坏棒 总长1000m 铁头 200
1109,21:36:00,hit_1109_20260731_213600.csv,512,DEFECT,HIGH,76,0,0,440,0,5674927,5674927,-2906931,1565277.9,,200,240,坏棒 总长1000m 铁头 200
1110,21:36:01,hit_1110_20260731_213601.csv,512,DEFECT,HIGH,84,0,0,1263,0,2356863,1432523,-2356863,105731.3,,200,1063,坏棒 总长1000m 铁头 200
1111,21:36:02,hit_1111_20260731_213602.csv,512,DEFECT,HIGH,74,0,0,484,0,6104544,6104544,-2718711,1605065.9,,200,284,坏棒 总长1000m 铁头 200
1112,21:36:03,hit_1112_20260731_213603.csv,512,DEFECT,HIGH,79,0,0,705,0,5737167,5737167,-3434957,1797075.9,,200,505,坏棒 总长1000m 铁头 200
1113,21:36:06,hit_1113_20260731_213606.csv,512,DEFECT,HIGH,77,0,0,719,0,6069013,6069013,-3136504,2003037.3,,200,519,坏棒 总长1000m 铁头 200
1114,21:36:06,hit_1114_20260731_213606.csv,512,DEFECT,HIGH,81,0,0,675,0,6171110,6171110,-3840675,1084534.8,,200,475,坏棒 总长1000m 铁头 200
1115,21:36:07,hit_1115_20260731_213607.csv,512,DEFECT,HIGH,82,0,0,690,0,5380914,5380914,-3934800,891536.4,,200,490,坏棒 总长1000m 铁头 200
1116,21:36:07,hit_1116_20260731_213607.csv,512,DEFECT,HIGH,78,0,0,719,0,5827184,5827184,-3334917,1799492.1,,200,519,坏棒 总长1000m 铁头 200
1117,21:36:08,hit_1117_20260731_213608.csv,512,DEFECT,HIGH,79,0,0,705,0,6041215,6041215,-3438112,1817194.7,,200,505,坏棒 总长1000m 铁头 200
1118,21:36:08,hit_1118_20260731_213608.csv,512,DEFECT,HIGH,79,0,0,411,0,5802018,5802018,-3570131,1175198.7,,200,211,坏棒 总长1000m 铁头 200
1119,21:36:09,hit_1119_20260731_213609.csv,512,DEFECT,HIGH,81,0,0,660,0,5539848,5539848,-3720465,1026734.3,,200,460,坏棒 总长1000m 铁头 200
1120,21:36:09,hit_1120_20260731_213609.csv,512,DEFECT,HIGH,83,0,0,660,0,4895094,4895094,-4284767,826192.8,,200,460,坏棒 总长1000m 铁头 200
1121,21:36:10,hit_1121_20260731_213610.csv,512,DEFECT,HIGH,86,0,0,646,0,4577873,4499616,-4577873,385873.5,,200,446,坏棒 总长1000m 铁头 200
1122,21:36:11,hit_1122_20260731_213611.csv,512,DEFECT,HIGH,76,0,0,455,0,5389458,5389458,-3037810,1376241.2,,200,255,坏棒 总长1000m 铁头 200
1123,21:36:12,hit_1123_20260731_213612.csv,512,DEFECT,HIGH,80,0,0,660,0,5628791,5628791,-3692021,1168655.4,,200,460,坏棒 总长1000m 铁头 200
1124,21:36:12,hit_1124_20260731_213612.csv,512,DEFECT,HIGH,80,0,0,690,0,5441534,5441534,-3666604,906038.0,,200,490,坏棒 总长1000m 铁头 200
1125,21:36:13,hit_1125_20260731_213613.csv,512,DEFECT,HIGH,78,0,0,719,0,5606584,5606584,-3216275,1666364.7,,200,519,坏棒 总长1000m 铁头 200
1126,21:36:13,hit_1126_20260731_213613.csv,512,DEFECT,HIGH,76,0,0,734,0,6528861,6528861,-3000583,2337167.0,,200,534,坏棒 总长1000m 铁头 200
1127,21:36:14,hit_1127_20260731_213614.csv,512,DEFECT,HIGH,75,0,0,690,0,6990607,6990607,-2827588,2688205.3,,200,490,坏棒 总长1000m 铁头 200
1128,21:36:14,hit_1128_20260731_213614.csv,512,DEFECT,HIGH,77,0,0,323,0,6547849,6547849,-3140586,2206026.2,,200,123,坏棒 总长1000m 铁头 200
1129,21:36:15,hit_1129_20260731_213615.csv,512,DEFECT,HIGH,77,0,0,719,0,6844102,6844102,-3004416,2554303.7,,200,519,坏棒 总长1000m 铁头 200
1130,21:36:15,hit_1130_20260731_213615.csv,512,DEFECT,HIGH,77,0,0,308,0,6386015,6386015,-3156485,2103911.8,,200,108,坏棒 总长1000m 铁头 200
1131,21:36:15,hit_1131_20260731_213615.csv,512,DEFECT,HIGH,78,0,0,293,0,5749980,5749980,-3244859,1573872.2,,200,93,坏棒 总长1000m 铁头 200
1132,21:36:16,hit_1132_20260731_213616.csv,512,DEFECT,HIGH,78,0,0,734,0,6036237,6036237,-3285147,1872162.0,,200,534,坏棒 总长1000m 铁头 200
1133,21:36:16,hit_1133_20260731_213616.csv,512,DEFECT,HIGH,78,0,0,719,0,5859175,5859175,-3184212,1866022.2,,200,519,坏棒 总长1000m 铁头 200
1134,21:36:17,hit_1134_20260731_213617.csv,512,DEFECT,HIGH,76,0,0,705,0,6060943,6060943,-2942923,2024011.4,,200,505,坏棒 总长1000m 铁头 200
1135,21:36:17,hit_1135_20260731_213617.csv,512,DEFECT,HIGH,79,0,0,719,0,5054092,5054092,-3475119,1138925.4,,200,519,坏棒 总长1000m 铁头 200
1136,21:36:17,hit_1136_20260731_213617.csv,512,DEFECT,HIGH,78,0,0,719,0,5483380,5483380,-3278068,1516709.4,,200,519,坏棒 总长1000m 铁头 200
1137,21:36:18,hit_1137_20260731_213618.csv,512,DEFECT,HIGH,74,0,0,176,0,6129610,6129610,-2561252,1699613.2,,200,-24,坏棒 总长1000m 铁头 200
1138,21:36:18,hit_1138_20260731_213618.csv,512,DEFECT,HIGH,76,0,0,734,0,5531534,5531534,-3013288,1617546.6,,200,534,坏棒 总长1000m 铁头 200
1139,21:36:19,hit_1139_20260731_213619.csv,512,DEFECT,HIGH,77,0,0,719,0,5464820,5464820,-3111328,1565470.5,,200,519,坏棒 总长1000m 铁头 200
1140,21:36:19,hit_1140_20260731_213619.csv,512,DEFECT,HIGH,74,0,0,484,0,6282609,6282609,-2497227,2217079.9,,200,284,坏棒 总长1000m 铁头 200
1141,21:36:20,hit_1141_20260731_213620.csv,512,DEFECT,HIGH,78,0,0,719,0,5655225,5655225,-3246495,1653201.6,,200,519,坏棒 总长1000m 铁头 200
1142,21:36:20,hit_1142_20260731_213620.csv,512,DEFECT,HIGH,75,0,0,719,0,5961436,5961436,-2740386,1920610.1,,200,519,坏棒 总长1000m 铁头 200
1143,21:36:21,hit_1143_20260731_213621.csv,512,DEFECT,HIGH,79,0,0,719,0,4963064,4963064,-3503726,975754.1,,200,519,坏棒 总长1000m 铁头 200
1144,21:36:21,hit_1144_20260731_213621.csv,512,DEFECT,HIGH,75,0,0,734,0,5886112,5886112,-2861378,1873842.5,,200,534,坏棒 总长1000m 铁头 200
1145,21:36:21,hit_1145_20260731_213621.csv,512,DEFECT,HIGH,76,0,0,455,0,6186065,6186065,-3003739,2120309.6,,200,255,坏棒 总长1000m 铁头 200
1146,21:36:22,hit_1146_20260731_213622.csv,512,DEFECT,HIGH,75,0,0,455,0,6431349,6431349,-2847415,2393533.6,,200,255,坏棒 总长1000m 铁头 200
1147,21:36:22,hit_1147_20260731_213622.csv,512,DEFECT,HIGH,76,0,0,425,0,6653937,6653937,-2891204,2475427.3,,200,225,坏棒 总长1000m 铁头 200
1148,21:36:23,hit_1148_20260731_213623.csv,512,DEFECT,HIGH,77,0,0,734,0,6341989,6341989,-3159469,2232929.2,,200,534,坏棒 总长1000m 铁头 200
1149,21:36:23,hit_1149_20260731_213623.csv,512,DEFECT,HIGH,76,0,0,411,0,6250925,6250925,-2914983,2119789.3,,200,211,坏棒 总长1000m 铁头 200
1150,21:36:24,hit_1150_20260731_213624.csv,512,DEFECT,HIGH,76,0,0,470,0,5581660,5581660,-2765468,1627175.6,,200,270,坏棒 总长1000m 铁头 200
1151,21:36:24,hit_1151_20260731_213624.csv,512,DEFECT,HIGH,77,0,0,308,0,6503605,6503605,-3003349,2022511.5,,200,108,坏棒 总长1000m 铁头 200
1152,21:36:24,hit_1152_20260731_213624.csv,512,DEFECT,HIGH,78,0,0,749,0,6112325,6112325,-3315392,1825333.5,,200,549,坏棒 总长1000m 铁头 200
1153,21:36:25,hit_1153_20260731_213625.csv,512,DEFECT,HIGH,77,0,0,705,0,5610536,5610536,-3098861,1558229.3,,200,505,坏棒 总长1000m 铁头 200
1154,21:36:25,hit_1154_20260731_213625.csv,512,DEFECT,HIGH,78,0,0,719,0,5185071,5185071,-3391265,1148751.7,,200,519,坏棒 总长1000m 铁头 200
1155,21:36:26,hit_1155_20260731_213626.csv,512,DEFECT,HIGH,79,0,0,705,0,5162928,5162928,-3332075,1133004.8,,200,505,坏棒 总长1000m 铁头 200
1156,21:36:26,hit_1156_20260731_213626.csv,512,DEFECT,HIGH,77,0,0,719,0,5032968,5032968,-3156674,1091402.8,,200,519,坏棒 总长1000m 铁头 200
1157,21:36:27,hit_1157_20260731_213627.csv,512,DEFECT,HIGH,78,0,0,734,0,5236130,5236130,-3365860,1195454.8,,200,534,坏棒 总长1000m 铁头 200
1158,21:36:30,hit_1158_20260731_213630.csv,512,DEFECT,HIGH,85,0,0,631,0,4847417,3715377,-4847417,-244548.9,,200,431,坏棒 总长1000m 铁头 200
1159,21:36:30,hit_1159_20260731_213630.csv,512,DEFECT,LOW,82,0,0,690,0,4047479,4047479,-3928073,258714.7,,200,490,坏棒 总长1000m 铁头 200
1160,21:36:31,hit_1160_20260731_213631.csv,512,DEFECT,LOW,81,0,0,690,0,3899392,3706530,-3899392,192827.4,,200,490,坏棒 总长1000m 铁头 200
1161,21:36:31,hit_1161_20260731_213631.csv,512,DEFECT,HIGH,76,0,0,749,0,4697888,4697888,-2927962,945090.3,,200,549,坏棒 总长1000m 铁头 200
1162,21:36:31,hit_1162_20260731_213631.csv,512,DEFECT,HIGH,78,0,0,719,0,4279136,4279136,-3307120,616219.1,,200,519,坏棒 总长1000m 铁头 200
1163,21:36:32,hit_1163_20260731_213632.csv,512,DEFECT,HIGH,78,0,0,734,0,4713620,4713620,-3267279,926297.5,,200,534,坏棒 总长1000m 铁头 200
1164,21:36:32,hit_1164_20260731_213632.csv,512,DEFECT,HIGH,76,0,0,734,0,4532178,4532178,-3049180,731815.7,,200,534,坏棒 总长1000m 铁头 200
1165,21:36:33,hit_1165_20260731_213633.csv,512,DEFECT,LOW,80,0,0,719,0,4104811,4104811,-3713683,288884.6,,200,519,坏棒 总长1000m 铁头 200
1166,21:36:33,hit_1166_20260731_213633.csv,512,DEFECT,HIGH,78,0,0,749,0,5145481,5145481,-3282690,1206686.0,,200,549,坏棒 总长1000m 铁头 200
1167,21:36:33,hit_1167_20260731_213633.csv,512,DEFECT,HIGH,76,0,0,763,0,5594850,5594850,-2959231,1614488.1,,200,563,坏棒 总长1000m 铁头 200
1168,21:36:34,hit_1168_20260731_213634.csv,512,DEFECT,HIGH,76,0,0,734,0,4847430,4847430,-2995467,1016524.9,,200,534,坏棒 总长1000m 铁头 200
1169,21:36:34,hit_1169_20260731_213634.csv,512,DEFECT,HIGH,78,0,0,734,0,4516649,4516649,-3453861,604786.1,,200,534,坏棒 总长1000m 铁头 200
1170,21:36:35,hit_1170_20260731_213635.csv,512,DEFECT,HIGH,77,0,0,749,0,5148377,5148377,-3106541,1132064.5,,200,549,坏棒 总长1000m 铁头 200
1171,21:36:35,hit_1171_20260731_213635.csv,512,DEFECT,HIGH,79,0,0,705,0,4409966,4409966,-3349683,419920.2,,200,505,坏棒 总长1000m 铁头 200
1172,21:36:35,hit_1172_20260731_213635.csv,512,DEFECT,HIGH,80,0,0,705,0,4420071,4420071,-3688781,389100.1,,200,505,坏棒 总长1000m 铁头 200
1173,21:36:36,hit_1173_20260731_213636.csv,512,DEFECT,HIGH,79,0,0,719,0,4371241,4371241,-3562068,358738.1,,200,519,坏棒 总长1000m 铁头 200
1174,21:36:36,hit_1174_20260731_213636.csv,512,DEFECT,HIGH,78,0,0,705,0,4599935,4599935,-3274869,624717.3,,200,505,坏棒 总长1000m 铁头 200
1175,21:36:37,hit_1175_20260731_213637.csv,512,DEFECT,HIGH,75,0,0,455,0,5062152,5062152,-2823950,1101736.5,,200,255,坏棒 总长1000m 铁头 200
1176,21:36:37,hit_1176_20260731_213637.csv,512,DEFECT,HIGH,84,0,0,631,0,4430831,3981528,-4430831,-109761.0,,200,431,坏棒 总长1000m 铁头 200
1177,21:36:38,hit_1177_20260731_213638.csv,512,DEFECT,HIGH,79,0,0,705,0,4618561,4618561,-3474332,602789.4,,200,505,坏棒 总长1000m 铁头 200
1178,21:36:38,hit_1178_20260731_213638.csv,512,DEFECT,HIGH,81,0,0,675,0,4359715,4359715,-3869294,232412.7,,200,475,坏棒 总长1000m 铁头 200
1179,21:36:38,hit_1179_20260731_213638.csv,512,DEFECT,HIGH,75,0,0,734,0,5023667,5023667,-2786789,1119133.8,,200,534,坏棒 总长1000m 铁头 200
1180,21:36:39,hit_1180_20260731_213639.csv,512,DEFECT,HIGH,75,0,0,484,0,5024663,5024663,-2716388,1085485.7,,200,284,坏棒 总长1000m 铁头 200
1181,21:36:39,hit_1181_20260731_213639.csv,512,DEFECT,HIGH,74,0,0,499,0,5011841,5011841,-2759631,1102780.2,,200,299,坏棒 总长1000m 铁头 200
1182,21:36:40,hit_1182_20260731_213640.csv,512,DEFECT,HIGH,76,0,0,749,0,4721502,4721502,-2993847,809064.1,,200,549,坏棒 总长1000m 铁头 200
1183,21:36:40,hit_1183_20260731_213640.csv,512,DEFECT,HIGH,78,0,0,705,0,4800460,4800460,-3142295,755416.4,,200,505,坏棒 总长1000m 铁头 200
1184,21:36:41,hit_1184_20260731_213641.csv,512,DEFECT,HIGH,80,0,0,660,0,4547936,4547936,-3752678,447784.9,,200,460,坏棒 总长1000m 铁头 200
1185,21:36:41,hit_1185_20260731_213641.csv,512,DEFECT,HIGH,80,0,0,690,0,4604443,4604443,-3560701,521162.1,,200,490,坏棒 总长1000m 铁头 200
1186,21:36:41,hit_1186_20260731_213641.csv,512,DEFECT,HIGH,82,0,0,675,0,4243978,4243978,-4004357,277804.4,,200,475,坏棒 总长1000m 铁头 200
1187,21:36:42,hit_1187_20260731_213642.csv,512,DEFECT,HIGH,78,0,0,705,0,4815048,4815048,-3285538,646709.1,,200,505,坏棒 总长1000m 铁头 200
1188,21:36:42,hit_1188_20260731_213642.csv,512,DEFECT,HIGH,78,0,0,705,0,4301029,4301029,-3234894,601422.3,,200,505,坏棒 总长1000m 铁头 200
1189,21:36:43,hit_1189_20260731_213643.csv,512,DEFECT,HIGH,79,0,0,719,0,4355350,4355350,-3462525,546779.9,,200,519,坏棒 总长1000m 铁头 200
1190,21:36:43,hit_1190_20260731_213643.csv,512,DEFECT,HIGH,76,0,0,734,0,4629168,4629168,-3003905,833564.1,,200,534,坏棒 总长1000m 铁头 200
1191,21:36:43,hit_1191_20260731_213643.csv,512,DEFECT,HIGH,76,0,0,734,0,4908569,4908569,-3042087,949649.5,,200,534,坏棒 总长1000m 铁头 200
1192,21:36:44,hit_1192_20260731_213644.csv,512,DEFECT,HIGH,79,0,0,705,0,4395521,4395521,-3360560,609825.4,,200,505,坏棒 总长1000m 铁头 200
1193,21:36:44,hit_1193_20260731_213644.csv,512,DEFECT,HIGH,75,0,0,470,0,5761230,5761230,-2819443,1303401.1,,200,270,坏棒 总长1000m 铁头 200
1194,21:36:45,hit_1194_20260731_213645.csv,512,DEFECT,HIGH,76,0,0,719,0,5100203,5100203,-2872864,1115253.9,,200,519,坏棒 总长1000m 铁头 200
1195,21:36:45,hit_1195_20260731_213645.csv,512,DEFECT,HIGH,77,0,0,719,0,5375228,5375228,-3190889,1189110.2,,200,519,坏棒 总长1000m 铁头 200
1196,21:36:46,hit_1196_20260731_213646.csv,512,DEFECT,HIGH,77,0,0,734,0,5444935,5444935,-3056751,1431515.3,,200,534,坏棒 总长1000m 铁头 200
1197,21:36:46,hit_1197_20260731_213646.csv,512,DEFECT,HIGH,78,0,0,705,0,5195268,5195268,-3244943,953948.1,,200,505,坏棒 总长1000m 铁头 200
1198,21:36:47,hit_1198_20260731_213647.csv,512,DEFECT,HIGH,76,0,0,484,0,5485516,5485516,-2890284,1305466.1,,200,284,坏棒 总长1000m 铁头 200
1199,21:36:47,hit_1199_20260731_213647.csv,512,DEFECT,HIGH,79,0,0,705,0,4908468,4908468,-3543902,774736.5,,200,505,坏棒 总长1000m 铁头 200
1200,21:36:47,hit_1200_20260731_213647.csv,512,DEFECT,HIGH,76,0,0,734,0,5183196,5183196,-2994896,1149271.1,,200,534,坏棒 总长1000m 铁头 200
1201,21:36:48,hit_1201_20260731_213648.csv,512,DEFECT,HIGH,78,0,0,705,0,5192559,5192559,-3256335,1020243.3,,200,505,坏棒 总长1000m 铁头 200
1202,21:36:48,hit_1202_20260731_213648.csv,512,DEFECT,HIGH,76,0,0,455,0,5566767,5566767,-2987714,953545.0,,200,255,坏棒 总长1000m 铁头 200
1203,21:36:49,hit_1203_20260731_213649.csv,512,DEFECT,HIGH,82,0,0,660,0,4668018,4668018,-4136852,252828.7,,200,460,坏棒 总长1000m 铁头 200
1204,21:36:49,hit_1204_20260731_213649.csv,512,DEFECT,HIGH,80,0,0,675,0,5766092,5766092,-3677454,874630.4,,200,475,坏棒 总长1000m 铁头 200
1205,21:36:50,hit_1205_20260731_213650.csv,512,DEFECT,LOW,85,0,0,616,0,4732290,3909478,-4732290,-75478.2,,200,416,坏棒 总长1000m 铁头 200
1206,21:36:50,hit_1206_20260731_213650.csv,512,DEFECT,HIGH,77,0,0,734,0,5049281,5049281,-3197318,1130802.2,,200,534,坏棒 总长1000m 铁头 200
1207,21:36:51,hit_1207_20260731_213651.csv,512,DEFECT,HIGH,77,0,0,734,0,4527215,4527215,-3182375,807422.3,,200,534,坏棒 总长1000m 铁头 200
1208,21:36:51,hit_1208_20260731_213651.csv,512,DEFECT,HIGH,78,0,0,719,0,4301636,4301636,-3463630,614893.7,,200,519,坏棒 总长1000m 铁头 200
1209,21:36:51,hit_1209_20260731_213651.csv,512,DEFECT,LOW,77,0,0,749,0,4294509,4294509,-3209659,811166.1,,200,549,坏棒 总长1000m 铁头 200
1210,21:36:52,hit_1210_20260731_213652.csv,512,DEFECT,HIGH,78,0,0,734,0,4750340,4750340,-3266243,1014242.4,,200,534,坏棒 总长1000m 铁头 200
1211,21:36:52,hit_1211_20260731_213652.csv,512,DEFECT,HIGH,78,0,0,734,0,4678766,4678766,-3238005,971269.2,,200,534,坏棒 总长1000m 铁头 200
1212,21:36:53,hit_1212_20260731_213653.csv,512,DEFECT,LOW,79,0,0,734,0,4353900,4353900,-3577336,695642.7,,200,534,坏棒 总长1000m 铁头 200
1213,21:36:53,hit_1213_20260731_213653.csv,512,DEFECT,HIGH,77,0,0,749,0,4615650,4615650,-3290281,905959.8,,200,549,坏棒 总长1000m 铁头 200
1214,21:36:54,hit_1214_20260731_213654.csv,512,DEFECT,HIGH,74,0,0,484,0,5878287,5878287,-2539041,1886949.6,,200,284,坏棒 总长1000m 铁头 200
1215,21:36:54,hit_1215_20260731_213654.csv,512,DEFECT,HIGH,77,0,0,734,0,4827238,4827238,-3120733,917283.2,,200,534,坏棒 总长1000m 铁头 200
1216,21:36:54,hit_1216_20260731_213654.csv,512,DEFECT,HIGH,77,0,0,734,0,4761108,4761108,-3166933,941140.9,,200,534,坏棒 总长1000m 铁头 200
1217,21:36:55,hit_1217_20260731_213655.csv,512,NORMAL,LOW,82,0,0,0,0,3637350,2760427,-3637350,-92433.1,,200,,坏棒 总长1000m 铁头 200
1218,21:36:55,hit_1218_20260731_213655.csv,512,DEFECT,HIGH,74,0,0,484,0,5461055,5461055,-2648603,1353222.5,,200,284,坏棒 总长1000m 铁头 200
1219,21:36:56,hit_1219_20260731_213656.csv,512,DEFECT,HIGH,77,0,0,719,0,4351667,4351667,-3162226,694484.7,,200,519,坏棒 总长1000m 铁头 200
1220,21:36:56,hit_1220_20260731_213656.csv,512,DEFECT,HIGH,77,0,0,705,0,4310814,4310814,-3127372,566908.1,,200,505,坏棒 总长1000m 铁头 200
1221,21:36:57,hit_1221_20260731_213657.csv,512,DEFECT,HIGH,75,0,0,484,0,4601622,4601622,-2952300,973963.4,,200,284,坏棒 总长1000m 铁头 200
1222,21:36:57,hit_1222_20260731_213657.csv,512,DEFECT,HIGH,77,0,0,484,0,4991240,4991240,-3126106,1090284.6,,200,284,坏棒 总长1000m 铁头 200
1223,21:36:58,hit_1223_20260731_213658.csv,512,DEFECT,HIGH,76,0,0,749,0,4880767,4880767,-3022533,1142545.9,,200,549,坏棒 总长1000m 铁头 200
1224,21:36:58,hit_1224_20260731_213658.csv,512,DEFECT,HIGH,76,0,0,734,0,5089479,5089479,-2965435,1269257.2,,200,534,坏棒 总长1000m 铁头 200
1225,21:36:58,hit_1225_20260731_213658.csv,512,DEFECT,HIGH,81,0,0,705,0,5629029,5629029,-3785814,1253069.1,,200,505,坏棒 总长1000m 铁头 200
1226,21:36:59,hit_1226_20260731_213659.csv,512,DEFECT,HIGH,76,0,0,734,0,6395904,6395904,-2970623,2137691.6,,200,534,坏棒 总长1000m 铁头 200
1227,21:36:59,hit_1227_20260731_213659.csv,512,DEFECT,HIGH,74,0,0,484,0,5902974,5902974,-2513965,1953650.9,,200,284,坏棒 总长1000m 铁头 200
1228,21:37:00,hit_1228_20260731_213700.csv,512,DEFECT,HIGH,80,0,0,705,0,3954076,3573157,-3954076,6422.6,,200,505,坏棒 总长1000m 铁头 200
1229,21:37:00,hit_1229_20260731_213700.csv,512,DEFECT,HIGH,80,0,0,705,0,3799197,3799197,-3620229,211134.3,,200,505,坏棒 总长1000m 铁头 200
1230,21:37:01,hit_1230_20260731_213701.csv,512,DEFECT,HIGH,75,0,0,499,0,5256403,5256403,-2813246,1501061.3,,200,299,坏棒 总长1000m 铁头 200
1231,21:37:02,hit_1231_20260731_213702.csv,512,DEFECT,HIGH,80,0,0,690,0,3827962,3827962,-3771234,119206.2,,200,490,坏棒 总长1000m 铁头 200
1232,21:37:02,hit_1232_20260731_213702.csv,512,DEFECT,HIGH,76,0,0,734,0,4841022,4841022,-3088792,1361257.5,,200,534,坏棒 总长1000m 铁头 200
1233,21:37:02,hit_1233_20260731_213702.csv,512,NORMAL,LOW,80,0,0,0,0,3700105,3160658,-3700105,47529.7,,200,,坏棒 总长1000m 铁头 200
1234,21:37:03,hit_1234_20260731_213703.csv,512,DEFECT,HIGH,76,0,0,763,0,4713202,4713202,-3068576,936196.4,,200,563,坏棒 总长1000m 铁头 200
1235,21:37:03,hit_1235_20260731_213703.csv,512,DEFECT,HIGH,76,0,0,455,0,4692250,4692250,-2954716,1030351.8,,200,255,坏棒 总长1000m 铁头 200
1236,21:37:04,hit_1236_20260731_213704.csv,512,DEFECT,HIGH,76,0,0,470,0,4853272,4853272,-2863152,1069116.9,,200,270,坏棒 总长1000m 铁头 200
1237,21:37:04,hit_1237_20260731_213704.csv,512,NORMAL,LOW,79,0,0,0,0,3698545,3698545,-3572937,239303.7,,200,,坏棒 总长1000m 铁头 200
1238,21:37:04,hit_1238_20260731_213704.csv,512,DEFECT,HIGH,77,0,0,719,0,4705317,4705317,-3092517,1108295.1,,200,519,坏棒 总长1000m 铁头 200
1239,21:37:07,hit_1239_20260731_213707.csv,512,DEFECT,HIGH,80,0,0,705,0,5015995,5015995,-3601295,1205547.6,,200,505,坏棒 总长1000m 铁头 200
1240,21:37:07,hit_1240_20260731_213707.csv,512,DEFECT,HIGH,79,0,0,440,0,5475084,5475084,-3552712,999923.7,,200,240,坏棒 总长1000m 铁头 200
1241,21:37:08,hit_1241_20260731_213708.csv,512,DEFECT,HIGH,79,0,0,396,0,5801218,5801218,-3345747,858947.3,,200,196,坏棒 总长1000m 铁头 200
1242,21:37:08,hit_1242_20260731_213708.csv,512,DEFECT,HIGH,78,0,0,705,0,4472548,4472548,-3176079,812635.3,,200,505,坏棒 总长1000m 铁头 200
1243,21:37:09,hit_1243_20260731_213709.csv,512,DEFECT,HIGH,79,0,0,690,0,5062228,5062228,-3475137,1041287.0,,200,490,坏棒 总长1000m 铁头 200
1244,21:37:09,hit_1244_20260731_213709.csv,512,DEFECT,HIGH,78,0,0,411,0,5593474,5593474,-3366589,765245.1,,200,211,坏棒 总长1000m 铁头 200
1245,21:37:09,hit_1245_20260731_213709.csv,512,DEFECT,HIGH,79,0,0,381,0,6336779,6336779,-3365846,1095717.3,,200,181,坏棒 总长1000m 铁头 200
1246,21:37:10,hit_1246_20260731_213710.csv,512,DEFECT,HIGH,91,0,0,587,0,5041704,5041704,-4844236,-63791.1,,200,387,坏棒 总长1000m 铁头 200
1247,21:37:21,hit_1247_20260731_213721.csv,512,NORMAL,HIGH,99,0,0,0,0,4058078,4058078,-459869,2129047.2,,200,,坏棒 总长1000m 铁头 200
1248,21:37:21,hit_1248_20260731_213721.csv,512,NORMAL,LOW,80,0,0,0,0,953577,546499,-953577,-16910.7,,200,,坏棒 总长1000m 铁头 200
1249,21:37:21,hit_1249_20260731_213721.csv,512,NORMAL,HIGH,99,0,0,0,0,1945944,1945944,-733756,510937.3,,200,,坏棒 总长1000m 铁头 200
1250,21:37:21,hit_1250_20260731_213721.csv,512,NORMAL,HIGH,0,0,0,0,0,1342711,1342711,-1295557,-308964.0,,200,,坏棒 总长1000m 铁头 200
1251,21:37:22,hit_1251_20260731_213722.csv,512,NORMAL,HIGH,99,0,0,0,0,8388608,8388607,-8388608,1872700.0,,200,,坏棒 总长1000m 铁头 200
1252,21:37:22,hit_1252_20260731_213722.csv,512,DEFECT,HIGH,99,0,0,279,0,3123649,-431485,-3123649,-1834597.8,,200,79,坏棒 总长1000m 铁头 200
1253,21:37:22,hit_1253_20260731_213722.csv,512,NORMAL,HIGH,99,0,0,0,0,8388607,8388607,-6655958,643356.8,,200,,坏棒 总长1000m 铁头 200
1254,21:37:22,hit_1254_20260731_213722.csv,512,NORMAL,HIGH,99,0,0,0,0,3776131,-944426,-3776131,-2883847.5,,200,,坏棒 总长1000m 铁头 200
1255,21:37:23,hit_1255_20260731_213723.csv,512,NORMAL,HIGH,99,0,0,0,0,3094670,3094670,1582001,2628774.1,,200,,坏棒 总长1000m 铁头 200
1256,21:37:29,hit_1256_20260731_213729.csv,512,DEFECT,HIGH,76,0,0,396,0,7484232,7484232,-2948985,2066980.8,,200,196,坏棒 总长1000m 铁头 200
1257,21:37:29,hit_1257_20260731_213729.csv,512,DEFECT,HIGH,73,0,0,161,0,8310950,8310950,-2460109,2270100.4,,200,-39,坏棒 总长1000m 铁头 200
1258,21:37:30,hit_1258_20260731_213730.csv,512,DEFECT,HIGH,75,0,0,161,0,6555955,6555955,-2717372,1638618.8,,200,-39,坏棒 总长1000m 铁头 200
1259,21:37:30,hit_1259_20260731_213730.csv,512,DEFECT,HIGH,73,0,0,176,0,6319659,6319659,-2791682,1494119.0,,200,-24,坏棒 总长1000m 铁头 200
1260,21:37:31,hit_1260_20260731_213731.csv,512,DEFECT,HIGH,74,0,0,176,0,6477122,6477122,-2811094,1709822.5,,200,-24,坏棒 总长1000m 铁头 200
1261,21:37:31,hit_1261_20260731_213731.csv,512,DEFECT,HIGH,79,0,0,337,0,5609612,5609612,-4300723,916341.4,,200,137,坏棒 总长1000m 铁头 200
1262,21:37:32,hit_1262_20260731_213732.csv,512,DEFECT,HIGH,92,0,0,558,0,5590596,5152048,-5590596,430828.4,,200,358,坏棒 总长1000m 铁头 200
1263,21:37:32,hit_1263_20260731_213732.csv,512,DEFECT,HIGH,98,0,0,176,0,7599264,7599264,-2945311,2170147.3,,200,-24,坏棒 总长1000m 铁头 200
1264,21:37:32,hit_1264_20260731_213732.csv,512,DEFECT,HIGH,74,0,0,323,0,6310022,6310022,-3135862,1757046.1,,200,123,坏棒 总长1000m 铁头 200
1265,21:37:35,hit_1265_20260731_213735.csv,512,DEFECT,HIGH,83,0,0,146,0,1517023,1039126,-1517023,353688.0,,200,-54,坏棒 总长1000m 铁头 200
1266,21:37:40,hit_1266_20260731_213740.csv,512,DEFECT,HIGH,77,0,0,411,0,7273707,7273707,-3572940,1654305.2,,200,211,坏棒 总长1000m 铁头 200
1267,21:37:40,hit_1267_20260731_213740.csv,512,DEFECT,HIGH,81,0,0,690,0,6814318,6814318,-4101634,1198544.2,,200,490,坏棒 总长1000m 铁头 200
1268,21:37:41,hit_1268_20260731_213741.csv,512,DEFECT,HIGH,77,0,0,411,0,7292525,7292525,-3590426,1521070.1,,200,211,坏棒 总长1000m 铁头 200
1269,21:37:41,hit_1269_20260731_213741.csv,512,DEFECT,HIGH,77,0,0,411,0,7224371,7224371,-3386464,1615429.1,,200,211,坏棒 总长1000m 铁头 200
1270,21:37:41,hit_1270_20260731_213741.csv,512,DEFECT,HIGH,79,0,0,705,0,6299723,6299723,-3964534,1093394.4,,200,505,坏棒 总长1000m 铁头 200
1271,21:37:42,hit_1271_20260731_213742.csv,512,DEFECT,HIGH,77,0,0,411,0,7216629,7216629,-3339297,1645018.3,,200,211,坏棒 总长1000m 铁头 200
1272,21:37:42,hit_1272_20260731_213742.csv,512,DEFECT,HIGH,78,0,0,381,0,7075858,7075858,-3318509,1604330.2,,200,181,坏棒 总长1000m 铁头 200
1273,21:37:42,hit_1273_20260731_213742.csv,512,DEFECT,HIGH,76,0,0,381,0,7256172,7256172,-3096236,1622493.9,,200,181,坏棒 总长1000m 铁头 200
1274,21:37:43,hit_1274_20260731_213743.csv,512,DEFECT,HIGH,79,0,0,675,0,6432335,6432335,-3502722,1303655.3,,200,475,坏棒 总长1000m 铁头 200
1275,21:37:43,hit_1275_20260731_213743.csv,512,DEFECT,HIGH,78,0,0,411,0,6590254,6590254,-3339188,1314046.1,,200,211,坏棒 总长1000m 铁头 200
1276,21:37:44,hit_1276_20260731_213744.csv,512,DEFECT,HIGH,76,0,0,381,0,7668459,7668459,-3076544,1710146.2,,200,181,坏棒 总长1000m 铁头 200
1277,21:37:44,hit_1277_20260731_213744.csv,512,DEFECT,HIGH,74,0,0,176,0,8112453,8112453,-2845458,1997241.5,,200,-24,坏棒 总长1000m 铁头 200
1278,21:37:44,hit_1278_20260731_213744.csv,512,DEFECT,HIGH,76,0,0,440,0,7216724,7216724,-3016316,1789282.6,,200,240,坏棒 总长1000m 铁头 200
1279,21:37:45,hit_1279_20260731_213745.csv,512,DEFECT,HIGH,78,0,0,705,0,6627232,6627232,-3311155,1511335.8,,200,505,坏棒 总长1000m 铁头 200
1280,21:37:45,hit_1280_20260731_213745.csv,512,DEFECT,HIGH,77,0,0,411,0,6620776,6620776,-3221070,1521434.7,,200,211,坏棒 总长1000m 铁头 200
1281,21:37:45,hit_1281_20260731_213745.csv,512,DEFECT,HIGH,80,0,0,396,0,6436349,6436349,-3625224,1381768.0,,200,196,坏棒 总长1000m 铁头 200
1282,21:37:46,hit_1282_20260731_213746.csv,512,DEFECT,HIGH,79,0,0,705,0,6652826,6652826,-3989599,1259372.9,,200,505,坏棒 总长1000m 铁头 200
1283,21:37:46,hit_1283_20260731_213746.csv,512,DEFECT,HIGH,77,0,0,396,0,6696444,6696444,-3187861,1702092.6,,200,196,坏棒 总长1000m 铁头 200
1284,21:37:46,hit_1284_20260731_213746.csv,512,DEFECT,HIGH,73,0,0,411,0,7831785,7831785,-2479293,2381666.8,,200,211,坏棒 总长1000m 铁头 200
1285,21:37:47,hit_1285_20260731_213747.csv,512,DEFECT,HIGH,78,0,0,719,0,6292474,6292474,-3289020,1576680.2,,200,519,坏棒 总长1000m 铁头 200
1286,21:37:47,hit_1286_20260731_213747.csv,512,DEFECT,HIGH,75,0,0,176,0,7685950,7685950,-2773993,2032936.9,,200,-24,坏棒 总长1000m 铁头 200
1287,21:37:47,hit_1287_20260731_213747.csv,512,DEFECT,HIGH,80,0,0,719,0,5934055,5934055,-3555618,1394094.8,,200,519,坏棒 总长1000m 铁头 200
1288,21:37:48,hit_1288_20260731_213748.csv,512,DEFECT,HIGH,76,0,0,396,0,7588748,7588748,-2970482,2063232.3,,200,196,坏棒 总长1000m 铁头 200
1289,21:37:48,hit_1289_20260731_213748.csv,512,DEFECT,HIGH,81,0,0,690,0,6577675,6577675,-4107599,1152275.8,,200,490,坏棒 总长1000m 铁头 200
1290,21:37:48,hit_1290_20260731_213748.csv,512,DEFECT,HIGH,76,0,0,396,0,7444903,7444903,-3313875,1711943.9,,200,196,坏棒 总长1000m 铁头 200
1291,21:37:49,hit_1291_20260731_213749.csv,512,DEFECT,HIGH,79,0,0,396,0,7172256,7172256,-3446048,1432432.8,,200,196,坏棒 总长1000m 铁头 200
1292,21:37:49,hit_1292_20260731_213749.csv,512,DEFECT,HIGH,80,0,0,675,0,6040453,6040453,-3551726,1202196.7,,200,475,坏棒 总长1000m 铁头 200
1293,21:37:50,hit_1293_20260731_213750.csv,512,DEFECT,HIGH,79,0,0,675,0,6832313,6832313,-3601764,1420281.5,,200,475,坏棒 总长1000m 铁头 200
1294,21:37:50,hit_1294_20260731_213750.csv,512,DEFECT,HIGH,77,0,0,381,0,7693168,7693168,-3197308,1669687.4,,200,181,坏棒 总长1000m 铁头 200
1295,21:37:51,hit_1295_20260731_213751.csv,512,DEFECT,HIGH,74,0,0,176,0,7857514,7857514,-2728718,2096299.2,,200,-24,坏棒 总长1000m 铁头 200
1296,21:37:51,hit_1296_20260731_213751.csv,512,DEFECT,HIGH,78,0,0,690,0,7139047,7139047,-3447883,1567026.1,,200,490,坏棒 总长1000m 铁头 200
1297,21:37:51,hit_1297_20260731_213751.csv,512,DEFECT,HIGH,78,0,0,690,0,7312837,7312837,-3418528,1611854.1,,200,490,坏棒 总长1000m 铁头 200
1298,21:37:52,hit_1298_20260731_213752.csv,512,DEFECT,HIGH,77,0,0,411,0,7660928,7660928,-3272456,1779309.7,,200,211,坏棒 总长1000m 铁头 200
1299,21:37:52,hit_1299_20260731_213752.csv,512,DEFECT,HIGH,78,0,0,690,0,7434429,7434429,-3222525,1755304.8,,200,490,坏棒 总长1000m 铁头 200
1300,21:37:52,hit_1300_20260731_213752.csv,512,DEFECT,HIGH,77,0,0,705,0,7068343,7068343,-3208264,1667013.5,,200,505,坏棒 总长1000m 铁头 200
1301,21:37:53,hit_1301_20260731_213753.csv,512,DEFECT,HIGH,78,0,0,690,0,7510868,7510868,-3418123,1729570.6,,200,490,坏棒 总长1000m 铁头 200
1302,21:37:53,hit_1302_20260731_213753.csv,512,DEFECT,HIGH,75,0,0,440,0,7353455,7353455,-3642420,1616813.9,,200,240,坏棒 总长1000m 铁头 200
1303,21:37:54,hit_1303_20260731_213754.csv,512,DEFECT,HIGH,75,0,0,396,0,8078622,8078622,-3181428,1901918.0,,200,196,坏棒 总长1000m 铁头 200
1304,21:37:54,hit_1304_20260731_213754.csv,512,DEFECT,HIGH,77,0,0,690,0,7705516,7705516,-3473527,1715073.7,,200,490,坏棒 总长1000m 铁头 200
1305,21:37:55,hit_1305_20260731_213755.csv,512,DEFECT,HIGH,75,0,0,396,0,8084503,8084503,-3024658,1812108.7,,200,196,坏棒 总长1000m 铁头 200
1306,21:37:55,hit_1306_20260731_213755.csv,512,DEFECT,HIGH,76,0,0,381,0,7873085,7873085,-2990496,1976498.8,,200,181,坏棒 总长1000m 铁头 200
1307,21:37:56,hit_1307_20260731_213756.csv,512,DEFECT,HIGH,78,0,0,396,0,7384653,7384653,-3262300,1683852.2,,200,196,坏棒 总长1000m 铁头 200
1308,21:37:56,hit_1308_20260731_213756.csv,512,DEFECT,HIGH,75,0,0,396,0,7881624,7881624,-2798277,2045018.2,,200,196,坏棒 总长1000m 铁头 200
1309,21:37:56,hit_1309_20260731_213756.csv,512,DEFECT,HIGH,79,0,0,675,0,6714657,6714657,-3493820,1335515.0,,200,475,坏棒 总长1000m 铁头 200
1310,21:37:57,hit_1310_20260731_213757.csv,512,DEFECT,HIGH,78,0,0,396,0,7931299,7931299,-3511116,1743769.9,,200,196,坏棒 总长1000m 铁头 200
1311,21:37:57,hit_1311_20260731_213757.csv,512,DEFECT,HIGH,77,0,0,425,0,7459165,7459165,-3394256,1664720.9,,200,225,坏棒 总长1000m 铁头 200
1312,21:37:57,hit_1312_20260731_213757.csv,512,DEFECT,HIGH,79,0,0,690,0,7059121,7059121,-3555962,1439408.0,,200,490,坏棒 总长1000m 铁头 200
1313,21:37:58,hit_1313_20260731_213758.csv,512,DEFECT,HIGH,76,0,0,734,0,7474070,7474070,-2937710,2219962.1,,200,534,坏棒 总长1000m 铁头 200
1314,21:37:58,hit_1314_20260731_213758.csv,512,DEFECT,HIGH,74,0,0,190,0,8155245,8155245,-2642366,2309115.0,,200,-10,坏棒 总长1000m 铁头 200
1315,21:37:59,hit_1315_20260731_213759.csv,512,DEFECT,HIGH,78,0,0,705,0,6764158,6764158,-3665774,1334121.6,,200,505,坏棒 总长1000m 铁头 200
1316,21:37:59,hit_1316_20260731_213759.csv,512,DEFECT,HIGH,78,0,0,705,0,6905330,6905330,-3647430,1391983.8,,200,505,坏棒 总长1000m 铁头 200
1317,21:37:59,hit_1317_20260731_213759.csv,512,DEFECT,HIGH,74,0,0,176,0,7502045,7502045,-2870052,1948423.4,,200,-24,坏棒 总长1000m 铁头 200
1318,21:37:59,hit_1318_20260731_213759.csv,512,DEFECT,HIGH,79,0,0,690,0,7596510,7596510,-3662729,1593829.6,,200,490,坏棒 总长1000m 铁头 200
1319,21:38:00,hit_1319_20260731_213800.csv,512,DEFECT,HIGH,75,0,0,161,0,8066548,8066548,-3170571,1970188.0,,200,-39,坏棒 总长1000m 铁头 200
1320,21:38:01,hit_1320_20260731_213801.csv,512,DEFECT,HIGH,77,0,0,705,0,7668232,7668232,-3290080,1781206.9,,200,505,坏棒 总长1000m 铁头 200
1321,21:38:01,hit_1321_20260731_213801.csv,512,DEFECT,HIGH,75,0,0,411,0,7353783,7353783,-2864601,1859160.7,,200,211,坏棒 总长1000m 铁头 200
1322,21:38:01,hit_1322_20260731_213801.csv,512,DEFECT,HIGH,76,0,0,367,0,7637986,7637986,-3536501,1672619.6,,200,167,坏棒 总长1000m 铁头 200
1323,21:38:02,hit_1323_20260731_213802.csv,512,DEFECT,HIGH,77,0,0,440,0,7250837,7250837,-3079494,1737856.5,,200,240,坏棒 总长1000m 铁头 200
1324,21:38:02,hit_1324_20260731_213802.csv,512,DEFECT,HIGH,77,0,0,396,0,7022456,7022456,-3172306,1720312.5,,200,196,坏棒 总长1000m 铁头 200
1325,21:38:02,hit_1325_20260731_213802.csv,512,DEFECT,HIGH,77,0,0,705,0,7521338,7521338,-3385665,1700569.2,,200,505,坏棒 总长1000m 铁头 200
1326,21:38:03,hit_1326_20260731_213803.csv,512,DEFECT,HIGH,78,0,0,705,0,7053039,7053039,-3829061,1406133.5,,200,505,坏棒 总长1000m 铁头 200
1327,21:38:03,hit_1327_20260731_213803.csv,512,DEFECT,HIGH,79,0,0,396,0,7692978,7692978,-3442686,1817545.3,,200,196,坏棒 总长1000m 铁头 200
1328,21:38:03,hit_1328_20260731_213803.csv,512,DEFECT,HIGH,75,0,0,396,0,8210934,8210934,-3008489,2016930.0,,200,196,坏棒 总长1000m 铁头 200
1329,21:38:04,hit_1329_20260731_213804.csv,512,DEFECT,HIGH,80,0,0,690,0,7349948,7349948,-3536964,1769238.6,,200,490,坏棒 总长1000m 铁头 200
1330,21:38:04,hit_1330_20260731_213804.csv,512,DEFECT,HIGH,74,0,0,190,0,8388607,8388607,-2634011,2291792.2,,200,-10,坏棒 总长1000m 铁头 200
1331,21:38:05,hit_1331_20260731_213805.csv,512,DEFECT,HIGH,76,0,0,367,0,8388607,8388607,-2844401,2126961.8,,200,167,坏棒 总长1000m 铁头 200
1332,21:38:05,hit_1332_20260731_213805.csv,512,DEFECT,HIGH,77,0,0,425,0,6999383,6999383,-3075180,1598573.8,,200,225,坏棒 总长1000m 铁头 200
1333,21:38:06,hit_1333_20260731_213806.csv,512,DEFECT,HIGH,76,0,0,705,0,7206974,7206974,-3079288,1716653.8,,200,505,坏棒 总长1000m 铁头 200
1334,21:38:06,hit_1334_20260731_213806.csv,512,DEFECT,HIGH,77,0,0,705,0,7100865,7100865,-3211180,1645485.5,,200,505,坏棒 总长1000m 铁头 200
1335,21:38:06,hit_1335_20260731_213806.csv,512,DEFECT,HIGH,77,0,0,705,0,7049599,7049599,-3019744,1643325.1,,200,505,坏棒 总长1000m 铁头 200
1336,21:38:07,hit_1336_20260731_213807.csv,512,DEFECT,HIGH,78,0,0,690,0,6966137,6966137,-3253002,1568570.2,,200,490,坏棒 总长1000m 铁头 200
1337,21:38:07,hit_1337_20260731_213807.csv,512,DEFECT,HIGH,97,0,0,161,0,8388607,8388607,-2364976,2239225.8,,200,-39,坏棒 总长1000m 铁头 200
1338,21:38:07,hit_1338_20260731_213807.csv,512,DEFECT,HIGH,78,0,0,396,0,7531775,7531775,-3289086,1576976.4,,200,196,坏棒 总长1000m 铁头 200
1339,21:38:08,hit_1339_20260731_213808.csv,512,DEFECT,HIGH,75,0,0,411,0,7509678,7509678,-2813864,1790728.9,,200,211,坏棒 总长1000m 铁头 200
1340,21:38:08,hit_1340_20260731_213808.csv,512,DEFECT,HIGH,73,0,0,367,0,7513386,7513386,-3175446,1604884.2,,200,167,坏棒 总长1000m 铁头 200
1341,21:38:08,hit_1341_20260731_213808.csv,512,DEFECT,HIGH,76,0,0,440,0,7612045,7612045,-3017621,1866528.6,,200,240,坏棒 总长1000m 铁头 200
1342,21:38:09,hit_1342_20260731_213809.csv,512,DEFECT,HIGH,77,0,0,396,0,7854275,7854275,-3548822,1699365.7,,200,196,坏棒 总长1000m 铁头 200
1343,21:38:09,hit_1343_20260731_213809.csv,512,DEFECT,HIGH,77,0,0,396,0,7113463,7113463,-3103254,1911468.8,,200,196,坏棒 总长1000m 铁头 200
1344,21:38:09,hit_1344_20260731_213809.csv,512,DEFECT,HIGH,77,0,0,705,0,7234837,7234837,-3509922,1601544.4,,200,505,坏棒 总长1000m 铁头 200
1345,21:38:10,hit_1345_20260731_213810.csv,512,DEFECT,HIGH,75,0,0,411,0,7907914,7907914,-2813385,2182893.6,,200,211,坏棒 总长1000m 铁头 200
1346,21:38:10,hit_1346_20260731_213810.csv,512,DEFECT,HIGH,76,0,0,425,0,7800012,7800012,-2953933,2062607.3,,200,225,坏棒 总长1000m 铁头 200
1347,21:38:10,hit_1347_20260731_213810.csv,512,DEFECT,HIGH,73,0,0,190,0,8308221,8308221,-2672610,2413074.3,,200,-10,坏棒 总长1000m 铁头 200
1348,21:38:11,hit_1348_20260731_213811.csv,512,DEFECT,HIGH,73,0,0,190,0,8062697,8062697,-2726469,2218871.0,,200,-10,坏棒 总长1000m 铁头 200
1349,21:38:11,hit_1349_20260731_213811.csv,512,DEFECT,HIGH,78,0,0,705,0,7490184,7490184,-3112216,1826033.6,,200,505,坏棒 总长1000m 铁头 200
1350,21:38:11,hit_1350_20260731_213811.csv,512,DEFECT,HIGH,78,0,0,396,0,7526905,7526905,-3542447,1596108.8,,200,196,坏棒 总长1000m 铁头 200
1351,21:38:12,hit_1351_20260731_213812.csv,512,DEFECT,HIGH,79,0,0,396,0,7307320,7307320,-3430740,1753647.7,,200,196,坏棒 总长1000m 铁头 200
1352,21:38:12,hit_1352_20260731_213812.csv,512,DEFECT,HIGH,79,0,0,411,0,7682548,7682548,-3470669,1682095.9,,200,211,坏棒 总长1000m 铁头 200
1353,21:38:12,hit_1353_20260731_213812.csv,512,DEFECT,HIGH,75,0,0,411,0,7673687,7673687,-3225280,1807658.1,,200,211,坏棒 总长1000m 铁头 200
1354,21:38:13,hit_1354_20260731_213813.csv,512,DEFECT,HIGH,78,0,0,396,0,7508300,7508300,-3333871,1660341.0,,200,196,坏棒 总长1000m 铁头 200
1355,21:38:13,hit_1355_20260731_213813.csv,512,DEFECT,HIGH,80,0,0,352,0,8053685,8053685,-3528877,1807158.1,,200,152,坏棒 总长1000m 铁头 200
1356,21:38:13,hit_1356_20260731_213813.csv,512,DEFECT,HIGH,77,0,0,411,0,7430314,7430314,-3357627,1683288.3,,200,211,坏棒 总长1000m 铁头 200
1357,21:38:13,hit_1357_20260731_213813.csv,512,DEFECT,HIGH,77,0,0,411,0,7510712,7510712,-3326612,1715958.2,,200,211,坏棒 总长1000m 铁头 200
1358,21:38:14,hit_1358_20260731_213814.csv,512,DEFECT,HIGH,76,0,0,396,0,7816053,7816053,-3055670,1970944.6,,200,196,坏棒 总长1000m 铁头 200
1359,21:38:14,hit_1359_20260731_213814.csv,512,DEFECT,HIGH,76,0,0,411,0,7637109,7637109,-3112941,1874406.1,,200,211,坏棒 总长1000m 铁头 200
1360,21:38:14,hit_1360_20260731_213814.csv,512,DEFECT,HIGH,76,0,0,411,0,8079750,8079750,-3015171,2047696.3,,200,211,坏棒 总长1000m 铁头 200
1361,21:38:15,hit_1361_20260731_213815.csv,512,DEFECT,HIGH,76,0,0,396,0,7530389,7530389,-2974046,1999672.6,,200,196,坏棒 总长1000m 铁头 200
1362,21:38:15,hit_1362_20260731_213815.csv,512,DEFECT,HIGH,78,0,0,705,0,7069803,7069803,-3554137,1481456.6,,200,505,坏棒 总长1000m 铁头 200
1363,21:38:15,hit_1363_20260731_213815.csv,512,DEFECT,HIGH,78,0,0,396,0,7616137,7616137,-3352481,1866012.8,,200,196,坏棒 总长1000m 铁头 200
1364,21:38:16,hit_1364_20260731_213816.csv,512,DEFECT,HIGH,79,0,0,690,0,6827048,6827048,-3466765,1457475.4,,200,490,坏棒 总长1000m 铁头 200
1365,21:38:16,hit_1365_20260731_213816.csv,512,DEFECT,HIGH,77,0,0,690,0,7248187,7248187,-3318907,1688488.3,,200,490,坏棒 总长1000m 铁头 200
1366,21:38:16,hit_1366_20260731_213816.csv,512,DEFECT,HIGH,78,0,0,705,0,7088312,7088312,-3390948,1687942.2,,200,505,坏棒 总长1000m 铁头 200
1367,21:38:17,hit_1367_20260731_213817.csv,512,DEFECT,HIGH,75,0,0,396,0,7753751,7753751,-3116293,1906912.1,,200,196,坏棒 总长1000m 铁头 200
1368,21:38:17,hit_1368_20260731_213817.csv,512,DEFECT,HIGH,77,0,0,396,0,7667813,7667813,-3300521,1722648.5,,200,196,坏棒 总长1000m 铁头 200
1369,21:38:18,hit_1369_20260731_213818.csv,512,DEFECT,HIGH,78,0,0,690,0,7276577,7276577,-3344157,1601609.3,,200,490,坏棒 总长1000m 铁头 200
1370,21:38:18,hit_1370_20260731_213818.csv,512,DEFECT,HIGH,78,0,0,690,0,7175040,7175040,-3256573,1680067.9,,200,490,坏棒 总长1000m 铁头 200
1371,21:38:18,hit_1371_20260731_213818.csv,512,DEFECT,HIGH,79,0,0,705,0,7199726,7199726,-3478738,1521420.3,,200,505,坏棒 总长1000m 铁头 200
1372,21:38:19,hit_1372_20260731_213819.csv,512,DEFECT,HIGH,79,0,0,690,0,7260348,7260348,-3603133,1519454.1,,200,490,坏棒 总长1000m 铁头 200
1373,21:38:19,hit_1373_20260731_213819.csv,512,DEFECT,HIGH,78,0,0,690,0,7614364,7614364,-3237542,1775543.7,,200,490,坏棒 总长1000m 铁头 200
1374,21:38:20,hit_1374_20260731_213820.csv,512,DEFECT,HIGH,78,0,0,705,0,7484448,7484448,-3332038,1693203.1,,200,505,坏棒 总长1000m 铁头 200
1375,21:38:20,hit_1375_20260731_213820.csv,512,DEFECT,HIGH,77,0,0,381,0,7664139,7664139,-2989431,1725707.7,,200,181,坏棒 总长1000m 铁头 200
1376,21:38:20,hit_1376_20260731_213820.csv,512,DEFECT,HIGH,78,0,0,425,0,7492164,7492164,-3294818,1592813.5,,200,225,坏棒 总长1000m 铁头 200
1377,21:38:21,hit_1377_20260731_213821.csv,512,DEFECT,HIGH,75,0,0,396,0,8188291,8188291,-2806566,1962080.9,,200,196,坏棒 总长1000m 铁头 200
1378,21:38:21,hit_1378_20260731_213821.csv,512,DEFECT,HIGH,76,0,0,411,0,7317923,7317923,-2994196,1638604.2,,200,211,坏棒 总长1000m 铁头 200
1379,21:38:22,hit_1379_20260731_213822.csv,512,DEFECT,HIGH,79,0,0,690,0,6839278,6839278,-3394729,1407471.0,,200,490,坏棒 总长1000m 铁头 200
1380,21:38:22,hit_1380_20260731_213822.csv,512,DEFECT,HIGH,76,0,0,411,0,7409280,7409280,-3104363,1591594.3,,200,211,坏棒 总长1000m 铁头 200
1381,21:38:23,hit_1381_20260731_213823.csv,512,DEFECT,HIGH,75,0,0,396,0,7770897,7770897,-3018567,1731450.3,,200,196,坏棒 总长1000m 铁头 200
1382,21:38:23,hit_1382_20260731_213823.csv,512,DEFECT,HIGH,76,0,0,396,0,7621651,7621651,-3064205,1656734.0,,200,196,坏棒 总长1000m 铁头 200
1383,21:38:23,hit_1383_20260731_213823.csv,512,DEFECT,HIGH,76,0,0,411,0,7234792,7234792,-3070703,1555566.0,,200,211,坏棒 总长1000m 铁头 200
1384,21:38:24,hit_1384_20260731_213824.csv,512,DEFECT,HIGH,79,0,0,690,0,6468564,6468564,-3498633,1198048.1,,200,490,坏棒 总长1000m 铁头 200
1385,21:38:24,hit_1385_20260731_213824.csv,512,DEFECT,HIGH,81,0,0,690,0,5501119,5501119,-3808319,982564.0,,200,490,坏棒 总长1000m 铁头 200
1386,21:38:24,hit_1386_20260731_213824.csv,512,DEFECT,HIGH,77,0,0,719,0,6395682,6395682,-3141997,1844892.0,,200,519,坏棒 总长1000m 铁头 200
1387,21:38:25,hit_1387_20260731_213825.csv,512,DEFECT,HIGH,80,0,0,675,0,5800605,5800605,-3582433,1084612.5,,200,475,坏棒 总长1000m 铁头 200
1388,21:38:25,hit_1388_20260731_213825.csv,512,DEFECT,HIGH,80,0,0,705,0,6253753,6253753,-3659385,1194123.2,,200,505,坏棒 总长1000m 铁头 200
1389,21:38:26,hit_1389_20260731_213826.csv,512,DEFECT,HIGH,79,0,0,411,0,6771877,6771877,-3487545,1354131.0,,200,211,坏棒 总长1000m 铁头 200
1390,21:38:26,hit_1390_20260731_213826.csv,512,DEFECT,HIGH,79,0,0,690,0,7264436,7264436,-3385101,1481215.5,,200,490,坏棒 总长1000m 铁头 200
1391,21:38:27,hit_1391_20260731_213827.csv,512,DEFECT,HIGH,77,0,0,425,0,7698903,7698903,-3064456,1755168.0,,200,225,坏棒 总长1000m 铁头 200
1392,21:38:27,hit_1392_20260731_213827.csv,512,DEFECT,HIGH,79,0,0,690,0,6779079,6779079,-3409417,1350384.8,,200,490,坏棒 总长1000m 铁头 200
1393,21:38:27,hit_1393_20260731_213827.csv,512,DEFECT,HIGH,79,0,0,411,0,6981621,6981621,-3423905,1340317.5,,200,211,坏棒 总长1000m 铁头 200
1394,21:38:28,hit_1394_20260731_213828.csv,512,DEFECT,HIGH,80,0,0,690,0,6672771,6672771,-3522673,1255141.1,,200,490,坏棒 总长1000m 铁头 200
1395,21:38:28,hit_1395_20260731_213828.csv,512,DEFECT,HIGH,79,0,0,660,0,7086357,7086357,-3484269,1382755.2,,200,460,坏棒 总长1000m 铁头 200
1396,21:38:29,hit_1396_20260731_213829.csv,512,DEFECT,HIGH,76,0,0,352,0,7300237,7300237,-3428739,1351557.9,,200,152,坏棒 总长1000m 铁头 200
1397,21:38:29,hit_1397_20260731_213829.csv,512,DEFECT,HIGH,76,0,0,425,0,7753172,7753172,-3086684,1755569.4,,200,225,坏棒 总长1000m 铁头 200
1398,21:38:29,hit_1398_20260731_213829.csv,512,DEFECT,HIGH,76,0,0,411,0,6751425,6751425,-3047736,1447851.8,,200,211,坏棒 总长1000m 铁头 200
1399,21:38:30,hit_1399_20260731_213830.csv,512,DEFECT,HIGH,74,0,0,396,0,7605907,7605907,-2678887,2260570.1,,200,196,坏棒 总长1000m 铁头 200
1400,21:38:30,hit_1400_20260731_213830.csv,512,DEFECT,HIGH,74,0,0,176,0,8181218,8181218,-2634358,2257370.0,,200,-24,坏棒 总长1000m 铁头 200
1401,21:38:30,hit_1401_20260731_213830.csv,512,DEFECT,HIGH,74,0,0,396,0,7657894,7657894,-2601308,2052125.5,,200,196,坏棒 总长1000m 铁头 200
1402,21:38:31,hit_1402_20260731_213831.csv,512,DEFECT,HIGH,75,0,0,425,0,7668858,7668858,-2957035,1816007.3,,200,225,坏棒 总长1000m 铁头 200
1403,21:38:31,hit_1403_20260731_213831.csv,512,DEFECT,HIGH,75,0,0,396,0,8046472,8046472,-2740473,2079906.1,,200,196,坏棒 总长1000m 铁头 200
1404,21:38:31,hit_1404_20260731_213831.csv,512,DEFECT,HIGH,76,0,0,425,0,7469995,7469995,-3184915,1657747.3,,200,225,坏棒 总长1000m 铁头 200
1405,21:38:32,hit_1405_20260731_213832.csv,512,DEFECT,HIGH,78,0,0,705,0,6873258,6873258,-3352901,1437733.2,,200,505,坏棒 总长1000m 铁头 200
1406,21:38:32,hit_1406_20260731_213832.csv,512,DEFECT,HIGH,76,0,0,411,0,7482531,7482531,-2933876,2103022.6,,200,211,坏棒 总长1000m 铁头 200
1407,21:38:33,hit_1407_20260731_213833.csv,512,DEFECT,HIGH,79,0,0,690,0,5789065,5789065,-3797741,882675.1,,200,490,坏棒 总长1000m 铁头 200
1408,21:38:33,hit_1408_20260731_213833.csv,512,DEFECT,HIGH,74,0,0,440,0,7751560,7751560,-2667704,2184591.9,,200,240,坏棒 总长1000m 铁头 200
1409,21:38:33,hit_1409_20260731_213833.csv,512,DEFECT,HIGH,76,0,0,440,0,7703748,7703748,-3489275,1573438.1,,200,240,坏棒 总长1000m 铁头 200
1410,21:38:34,hit_1410_20260731_213834.csv,512,DEFECT,HIGH,76,0,0,440,0,7480334,7480334,-3490699,1536477.3,,200,240,坏棒 总长1000m 铁头 200
1411,21:38:34,hit_1411_20260731_213834.csv,512,DEFECT,HIGH,76,0,0,440,0,7212069,7212069,-3652016,1340282.9,,200,240,坏棒 总长1000m 铁头 200
1412,21:38:34,hit_1412_20260731_213834.csv,512,DEFECT,HIGH,76,0,0,455,0,7227134,7227134,-3495544,1467270.4,,200,255,坏棒 总长1000m 铁头 200
1413,21:38:34,hit_1413_20260731_213834.csv,512,DEFECT,HIGH,75,0,0,440,0,7318177,7318177,-3294610,1609047.4,,200,240,坏棒 总长1000m 铁头 200
1414,21:38:35,hit_1414_20260731_213835.csv,512,DEFECT,HIGH,79,0,0,381,0,7782063,7782063,-3987553,1339846.1,,200,181,坏棒 总长1000m 铁头 200
1415,21:38:35,hit_1415_20260731_213835.csv,512,DEFECT,HIGH,76,0,0,411,0,7805736,7805736,-2888170,2071476.7,,200,211,坏棒 总长1000m 铁头 200
1416,21:38:35,hit_1416_20260731_213835.csv,512,DEFECT,HIGH,74,0,0,411,0,8199961,8199961,-2576092,2255250.1,,200,211,坏棒 总长1000m 铁头 200
1417,21:38:36,hit_1417_20260731_213836.csv,512,DEFECT,HIGH,76,0,0,734,0,7264819,7264819,-2936196,2142091.6,,200,534,坏棒 总长1000m 铁头 200
1418,21:38:36,hit_1418_20260731_213836.csv,512,DEFECT,HIGH,77,0,0,440,0,6741234,6741234,-3067851,1641696.9,,200,240,坏棒 总长1000m 铁头 200
1419,21:38:36,hit_1419_20260731_213836.csv,512,DEFECT,HIGH,76,0,0,749,0,7183562,7183562,-3004399,2137844.4,,200,549,坏棒 总长1000m 铁头 200
1420,21:38:37,hit_1420_20260731_213837.csv,512,DEFECT,HIGH,78,0,0,690,0,6909365,6909365,-3642542,1345777.6,,200,490,坏棒 总长1000m 铁头 200
1421,21:38:37,hit_1421_20260731_213837.csv,512,DEFECT,HIGH,77,0,0,719,0,6679057,6679057,-3400838,1417127.8,,200,519,坏棒 总长1000m 铁头 200
1422,21:38:38,hit_1422_20260731_213838.csv,512,DEFECT,HIGH,73,0,0,367,0,7319104,7319104,-3129523,1596491.5,,200,167,坏棒 总长1000m 铁头 200
1423,21:38:38,hit_1423_20260731_213838.csv,512,DEFECT,HIGH,77,0,0,440,0,6931356,6931356,-2985984,1606328.9,,200,240,坏棒 总长1000m 铁头 200
1424,21:38:38,hit_1424_20260731_213838.csv,512,DEFECT,HIGH,79,0,0,690,0,6127169,6127169,-3450302,1270846.7,,200,490,坏棒 总长1000m 铁头 200
1425,21:38:39,hit_1425_20260731_213839.csv,512,DEFECT,HIGH,75,0,0,411,0,8045377,8045377,-2823283,2438268.0,,200,211,坏棒 总长1000m 铁头 200
1426,21:38:39,hit_1426_20260731_213839.csv,512,DEFECT,HIGH,76,0,0,425,0,6821408,6821408,-2997124,1523140.7,,200,225,坏棒 总长1000m 铁头 200
1427,21:38:39,hit_1427_20260731_213839.csv,512,DEFECT,HIGH,79,0,0,690,0,5629958,5629958,-3373173,1080837.9,,200,490,坏棒 总长1000m 铁头 200
1428,21:38:40,hit_1428_20260731_213840.csv,512,DEFECT,HIGH,75,0,0,440,0,7261593,7261593,-3172520,1627249.5,,200,240,坏棒 总长1000m 铁头 200
1429,21:38:40,hit_1429_20260731_213840.csv,512,DEFECT,HIGH,78,0,0,705,0,7270492,7270492,-3472735,1517857.6,,200,505,坏棒 总长1000m 铁头 200
1430,21:38:40,hit_1430_20260731_213840.csv,512,DEFECT,HIGH,79,0,0,705,0,7486461,7486461,-3733410,1440301.9,,200,505,坏棒 总长1000m 铁头 200
1431,21:38:45,hit_1431_20260731_213845.csv,512,DEFECT,HIGH,78,0,0,719,0,5368649,5368649,-3359717,1161988.7,,200,519,坏棒 总长1000m 铁头 200
1432,21:38:45,hit_1432_20260731_213845.csv,512,DEFECT,HIGH,74,0,0,411,0,7577248,7577248,-2621521,2136092.1,,200,211,坏棒 总长1000m 铁头 200
1433,21:38:45,hit_1433_20260731_213845.csv,512,DEFECT,HIGH,72,0,0,190,0,8388607,8388607,-2091578,3452012.8,,200,-10,坏棒 总长1000m 铁头 200
1434,21:38:46,hit_1434_20260731_213846.csv,512,DEFECT,HIGH,74,0,0,411,0,8388607,8388607,-2327235,3204990.6,,200,211,坏棒 总长1000m 铁头 200
1435,21:38:46,hit_1435_20260731_213846.csv,512,DEFECT,HIGH,76,0,0,411,0,6978353,6978353,-2844329,2711246.6,,200,211,坏棒 总长1000m 铁头 200
1436,21:38:46,hit_1436_20260731_213846.csv,512,DEFECT,HIGH,74,0,0,411,0,7718419,7718419,-2355406,2458973.4,,200,211,坏棒 总长1000m 铁头 200
1437,21:38:46,hit_1437_20260731_213846.csv,512,DEFECT,HIGH,74,0,0,205,0,7958561,7958561,-2210605,2422836.1,,200,5,坏棒 总长1000m 铁头 200
1438,21:38:47,hit_1438_20260731_213847.csv,512,DEFECT,HIGH,73,0,0,205,0,8015411,8015411,-2412530,2397902.4,,200,5,坏棒 总长1000m 铁头 200
1439,21:38:47,hit_1439_20260731_213847.csv,512,DEFECT,HIGH,73,0,0,161,0,8388607,8388607,-2369981,2709074.9,,200,-39,坏棒 总长1000m 铁头 200
1440,21:38:47,hit_1440_20260731_213847.csv,512,DEFECT,HIGH,72,0,0,176,0,8388607,8388607,-2302133,2639538.9,,200,-24,坏棒 总长1000m 铁头 200
1441,21:38:48,hit_1441_20260731_213848.csv,512,DEFECT,HIGH,73,0,0,161,0,8388607,8388607,-2490100,2439022.6,,200,-39,坏棒 总长1000m 铁头 200
1442,21:38:48,hit_1442_20260731_213848.csv,512,DEFECT,HIGH,71,0,0,146,0,8388607,8388607,-2902612,2194744.6,,200,-54,坏棒 总长1000m 铁头 200
1443,21:38:48,hit_1443_20260731_213848.csv,512,DEFECT,HIGH,73,0,0,176,0,8388607,8388607,-2512037,2532488.7,,200,-24,坏棒 总长1000m 铁头 200
1444,21:38:49,hit_1444_20260731_213849.csv,512,DEFECT,HIGH,73,0,0,161,0,8388607,8388607,-2941559,2315838.4,,200,-39,坏棒 总长1000m 铁头 200
1445,21:38:49,hit_1445_20260731_213849.csv,512,DEFECT,HIGH,73,0,0,176,0,8388607,8388607,-2311464,3117609.7,,200,-24,坏棒 总长1000m 铁头 200
1446,21:38:49,hit_1446_20260731_213849.csv,512,DEFECT,HIGH,74,0,0,161,0,7460456,7460456,-3205528,1680830.9,,200,-39,坏棒 总长1000m 铁头 200
1447,21:38:50,hit_1447_20260731_213850.csv,512,DEFECT,HIGH,81,0,0,719,0,5474507,5474507,-3785609,968958.0,,200,519,坏棒 总长1000m 铁头 200
1448,21:38:51,hit_1448_20260731_213851.csv,512,DEFECT,HIGH,75,0,0,455,0,6096912,6096912,-3300855,1156883.1,,200,255,坏棒 总长1000m 铁头 200
1449,21:38:51,hit_1449_20260731_213851.csv,512,DEFECT,HIGH,76,0,0,411,0,6692397,6692397,-2818919,2179484.9,,200,211,坏棒 总长1000m 铁头 200
1450,21:38:51,hit_1450_20260731_213851.csv,512,DEFECT,HIGH,99,0,0,190,0,7950269,7950269,-1950683,2837727.2,,200,-10,坏棒 总长1000m 铁头 200
1451,21:38:52,hit_1451_20260731_213852.csv,512,DEFECT,HIGH,75,0,0,455,0,6915135,6915135,-2639690,2723301.3,,200,255,坏棒 总长1000m 铁头 200
1452,21:38:52,hit_1452_20260731_213852.csv,512,DEFECT,HIGH,75,0,0,235,0,7933459,7933459,-2309131,2860370.4,,200,35,坏棒 总长1000m 铁头 200
1453,21:38:52,hit_1453_20260731_213852.csv,512,DEFECT,HIGH,76,0,0,411,0,7774956,7774956,-2945150,3260832.1,,200,211,坏棒 总长1000m 铁头 200
1454,21:38:53,hit_1454_20260731_213853.csv,512,DEFECT,HIGH,75,0,0,396,0,8332885,8332885,-2448688,3344000.3,,200,196,坏棒 总长1000m 铁头 200
1455,21:38:53,hit_1455_20260731_213853.csv,512,DEFECT,HIGH,77,0,0,323,0,6951573,6951573,-3019550,2754959.7,,200,123,坏棒 总长1000m 铁头 200
1456,21:38:54,hit_1456_20260731_213854.csv,512,DEFECT,HIGH,75,0,0,411,0,8073659,8073659,-2464439,3199413.0,,200,211,坏棒 总长1000m 铁头 200
1457,21:38:54,hit_1457_20260731_213854.csv,512,DEFECT,HIGH,74,0,0,205,0,8388607,8388607,-2298350,3264747.9,,200,5,坏棒 总长1000m 铁头 200
1458,21:38:54,hit_1458_20260731_213854.csv,512,DEFECT,HIGH,74,0,0,205,0,7826480,7826480,-2644077,2459265.1,,200,5,坏棒 总长1000m 铁头 200
1459,21:38:55,hit_1459_20260731_213855.csv,512,DEFECT,HIGH,72,0,0,161,0,8388607,8388607,-2357102,3004833.2,,200,-39,坏棒 总长1000m 铁头 200
1460,21:38:55,hit_1460_20260731_213855.csv,512,DEFECT,HIGH,74,0,0,411,0,6999952,6999952,-2678257,2035553.4,,200,211,坏棒 总长1000m 铁头 200
1461,21:38:55,hit_1461_20260731_213855.csv,512,DEFECT,HIGH,74,0,0,440,0,7234424,7234424,-2609482,2195019.3,,200,240,坏棒 总长1000m 铁头 200
1462,21:38:56,hit_1462_20260731_213856.csv,512,DEFECT,HIGH,74,0,0,425,0,7320974,7320974,-2437940,2237534.6,,200,225,坏棒 总长1000m 铁头 200
1463,21:38:56,hit_1463_20260731_213856.csv,512,DEFECT,HIGH,73,0,0,176,0,8327592,8327592,-2820645,2398295.2,,200,-24,坏棒 总长1000m 铁头 200
1464,21:38:56,hit_1464_20260731_213856.csv,512,DEFECT,HIGH,72,0,0,161,0,8388607,8388607,-2413230,2873150.5,,200,-39,坏棒 总长1000m 铁头 200
1465,21:38:57,hit_1465_20260731_213857.csv,512,DEFECT,HIGH,73,0,0,176,0,8388607,8388607,-2313414,2757443.2,,200,-24,坏棒 总长1000m 铁头 200
1466,21:38:57,hit_1466_20260731_213857.csv,512,DEFECT,HIGH,73,0,0,205,0,8284764,8284764,-2103764,2769825.8,,200,5,坏棒 总长1000m 铁头 200
1467,21:38:58,hit_1467_20260731_213858.csv,512,DEFECT,HIGH,72,0,0,161,0,8388607,8388607,-2065212,3413208.0,,200,-39,坏棒 总长1000m 铁头 200
1468,21:38:58,hit_1468_20260731_213858.csv,512,DEFECT,HIGH,71,0,0,190,0,8388607,8388607,-1917579,3846483.6,,200,-10,坏棒 总长1000m 铁头 200
1469,21:38:58,hit_1469_20260731_213858.csv,512,DEFECT,HIGH,73,0,0,190,0,7842882,7842882,-2368554,2584144.2,,200,-10,坏棒 总长1000m 铁头 200
1470,21:38:59,hit_1470_20260731_213859.csv,512,DEFECT,HIGH,72,0,0,176,0,8388607,8388607,-2450681,2876626.1,,200,-24,坏棒 总长1000m 铁头 200
1471,21:38:59,hit_1471_20260731_213859.csv,512,DEFECT,HIGH,74,0,0,190,0,7599251,7599251,-2546571,2221796.0,,200,-10,坏棒 总长1000m 铁头 200
1472,21:39:00,hit_1472_20260731_213900.csv,512,DEFECT,HIGH,74,0,0,411,0,7197836,7197836,-2553023,2136151.0,,200,211,坏棒 总长1000m 铁头 200
1473,21:39:00,hit_1473_20260731_213900.csv,512,DEFECT,HIGH,73,0,0,190,0,7764706,7764706,-2513981,2442138.7,,200,-10,坏棒 总长1000m 铁头 200
1474,21:39:00,hit_1474_20260731_213900.csv,512,DEFECT,HIGH,76,0,0,411,0,6644275,6644275,-3185376,1335241.7,,200,211,坏棒 总长1000m 铁头 200
1475,21:39:01,hit_1475_20260731_213901.csv,512,DEFECT,HIGH,76,0,0,734,0,6094669,6094669,-2941255,1704295.7,,200,534,坏棒 总长1000m 铁头 200
1476,21:39:01,hit_1476_20260731_213901.csv,512,DEFECT,HIGH,73,0,0,190,0,7563845,7563845,-2333618,2596965.7,,200,-10,坏棒 总长1000m 铁头 200
1477,21:39:01,hit_1477_20260731_213901.csv,512,DEFECT,HIGH,76,0,0,455,0,6641858,6641858,-3231180,1350860.7,,200,255,坏棒 总长1000m 铁头 200
1478,21:39:02,hit_1478_20260731_213902.csv,512,DEFECT,HIGH,73,0,0,176,0,7271835,7271835,-2807901,1855353.8,,200,-24,坏棒 总长1000m 铁头 200
1479,21:39:02,hit_1479_20260731_213902.csv,512,DEFECT,HIGH,73,0,0,190,0,7600679,7600679,-2375660,2334550.2,,200,-10,坏棒 总长1000m 铁头 200
1480,21:39:03,hit_1480_20260731_213903.csv,512,DEFECT,HIGH,73,0,0,176,0,7849575,7849575,-2749042,2137874.6,,200,-24,坏棒 总长1000m 铁头 200
1481,21:39:03,hit_1481_20260731_213903.csv,512,DEFECT,HIGH,75,0,0,425,0,6523255,6523255,-3409901,1358868.2,,200,225,坏棒 总长1000m 铁头 200
1482,21:39:04,hit_1482_20260731_213904.csv,512,DEFECT,HIGH,72,0,0,425,0,7364891,7364891,-2426571,2118367.6,,200,225,坏棒 总长1000m 铁头 200
1483,21:39:04,hit_1483_20260731_213904.csv,512,DEFECT,HIGH,73,0,0,190,0,7787507,7787507,-2690425,2127263.3,,200,-10,坏棒 总长1000m 铁头 200
1484,21:39:05,hit_1484_20260731_213905.csv,512,DEFECT,HIGH,76,0,0,440,0,7078805,7078805,-3098425,1624705.8,,200,240,坏棒 总长1000m 铁头 200
1485,21:39:05,hit_1485_20260731_213905.csv,512,DEFECT,HIGH,80,0,0,646,0,7115772,7115772,-4483528,1045049.4,,200,446,坏棒 总长1000m 铁头 200
1486,21:39:06,hit_1486_20260731_213906.csv,512,DEFECT,HIGH,75,0,0,411,0,7687903,7687903,-2984355,1755571.8,,200,211,坏棒 总长1000m 铁头 200
1487,21:39:06,hit_1487_20260731_213906.csv,512,DEFECT,HIGH,75,0,0,161,0,7293808,7293808,-3362960,1532887.4,,200,-39,坏棒 总长1000m 铁头 200
1488,21:39:07,hit_1488_20260731_213907.csv,512,DEFECT,HIGH,76,0,0,425,0,7633617,7633617,-3021334,1718560.1,,200,225,坏棒 总长1000m 铁头 200
1489,21:39:07,hit_1489_20260731_213907.csv,512,DEFECT,HIGH,74,0,0,425,0,7327634,7327634,-3166789,1691690.2,,200,225,坏棒 总长1000m 铁头 200
1490,21:39:08,hit_1490_20260731_213908.csv,512,DEFECT,HIGH,99,0,0,176,0,8320230,8320230,-2120387,2774894.4,,200,-24,坏棒 总长1000m 铁头 200
1491,21:39:08,hit_1491_20260731_213908.csv,512,DEFECT,HIGH,97,0,0,161,0,8388607,8388607,-2744094,2033093.5,,200,-39,坏棒 总长1000m 铁头 200
1492,21:39:08,hit_1492_20260731_213908.csv,512,DEFECT,HIGH,75,0,0,425,0,7582980,7582980,-2895614,1811707.5,,200,225,坏棒 总长1000m 铁头 200
1493,21:39:09,hit_1493_20260731_213909.csv,512,DEFECT,HIGH,74,0,0,396,0,7406123,7406123,-2949732,1723131.3,,200,196,坏棒 总长1000m 铁头 200
1494,21:39:09,hit_1494_20260731_213909.csv,512,DEFECT,HIGH,75,0,0,425,0,7317696,7317696,-3123183,1713185.8,,200,225,坏棒 总长1000m 铁头 200
1495,21:39:10,hit_1495_20260731_213910.csv,512,DEFECT,HIGH,74,0,0,411,0,7545700,7545700,-3172658,1769933.8,,200,211,坏棒 总长1000m 铁头 200
1496,21:39:10,hit_1496_20260731_213910.csv,512,DEFECT,HIGH,74,0,0,411,0,7209735,7209735,-2887309,1782533.6,,200,211,坏棒 总长1000m 铁头 200
1497,21:39:11,hit_1497_20260731_213911.csv,512,DEFECT,HIGH,75,0,0,425,0,7146068,7146068,-2698307,1873583.8,,200,225,坏棒 总长1000m 铁头 200
1498,21:39:11,hit_1498_20260731_213911.csv,512,DEFECT,HIGH,75,0,0,425,0,7167671,7167671,-2732511,1878099.4,,200,225,坏棒 总长1000m 铁头 200
1499,21:39:11,hit_1499_20260731_213911.csv,512,DEFECT,HIGH,74,0,0,411,0,7365714,7365714,-2405867,1958955.0,,200,211,坏棒 总长1000m 铁头 200
1500,21:39:12,hit_1500_20260731_213912.csv,512,DEFECT,HIGH,99,0,0,176,0,8162184,8162184,-2152096,2277604.6,,200,-24,坏棒 总长1000m 铁头 200
1501,21:39:12,hit_1501_20260731_213912.csv,512,DEFECT,HIGH,73,0,0,425,0,7131970,7131970,-2471645,1795423.7,,200,225,坏棒 总长1000m 铁头 200
1502,21:39:13,hit_1502_20260731_213913.csv,512,DEFECT,HIGH,73,0,0,205,0,8388607,8388607,-2283417,2392421.7,,200,5,坏棒 总长1000m 铁头 200
1503,21:39:13,hit_1503_20260731_213913.csv,512,DEFECT,HIGH,73,0,0,205,0,8136879,8136879,-2346360,2032416.8,,200,5,坏棒 总长1000m 铁头 200
1504,21:39:14,hit_1504_20260731_213914.csv,512,DEFECT,HIGH,74,0,0,425,0,8095574,8095574,-2646769,2270459.9,,200,225,坏棒 总长1000m 铁头 200
1505,21:39:14,hit_1505_20260731_213914.csv,512,DEFECT,HIGH,77,0,0,705,0,5368364,5368364,-3416833,1044090.4,,200,505,坏棒 总长1000m 铁头 200
1506,21:39:15,hit_1506_20260731_213915.csv,512,DEFECT,HIGH,75,0,0,425,0,7562126,7562126,-3421070,1575630.9,,200,225,坏棒 总长1000m 铁头 200
1507,21:39:15,hit_1507_20260731_213915.csv,512,DEFECT,HIGH,73,0,0,190,0,8388607,8388607,-2696129,2485444.0,,200,-10,坏棒 总长1000m 铁头 200
1508,21:39:15,hit_1508_20260731_213915.csv,512,DEFECT,HIGH,75,0,0,396,0,7172250,7172250,-2938801,1851945.1,,200,196,坏棒 总长1000m 铁头 200
1509,21:39:16,hit_1509_20260731_213916.csv,512,DEFECT,HIGH,75,0,0,440,0,6751781,6751781,-2869221,1840655.8,,200,240,坏棒 总长1000m 铁头 200
1510,21:39:16,hit_1510_20260731_213916.csv,512,DEFECT,HIGH,75,0,0,396,0,7997377,7997377,-2518372,2527090.0,,200,196,坏棒 总长1000m 铁头 200
1511,21:39:17,hit_1511_20260731_213917.csv,512,DEFECT,HIGH,74,0,0,440,0,7181805,7181805,-3076907,1607416.0,,200,240,坏棒 总长1000m 铁头 200
1512,21:39:17,hit_1512_20260731_213917.csv,512,DEFECT,HIGH,75,0,0,440,0,6977236,6977236,-3167867,1501940.4,,200,240,坏棒 总长1000m 铁头 200
1513,21:39:18,hit_1513_20260731_213918.csv,512,DEFECT,HIGH,75,0,0,440,0,7249549,7249549,-3318338,1510189.9,,200,240,坏棒 总长1000m 铁头 200
1514,21:39:18,hit_1514_20260731_213918.csv,512,DEFECT,HIGH,74,0,0,425,0,7250979,7250979,-2530514,2305707.1,,200,225,坏棒 总长1000m 铁头 200
1515,21:39:18,hit_1515_20260731_213918.csv,512,DEFECT,HIGH,72,0,0,176,0,8275611,8275611,-2903560,2112939.2,,200,-24,坏棒 总长1000m 铁头 200
1516,21:39:22,hit_1516_20260731_213922.csv,512,DEFECT,HIGH,73,0,0,176,0,8388607,8388607,-2552802,2684106.2,,200,-24,坏棒 总长1000m 铁头 200
1517,21:39:23,hit_1517_20260731_213923.csv,512,DEFECT,HIGH,72,0,0,161,0,8388607,8388607,-2040155,3388784.6,,200,-39,坏棒 总长1000m 铁头 200
1518,21:39:23,hit_1518_20260731_213923.csv,512,DEFECT,HIGH,73,0,0,190,0,8388607,8388607,-2138989,2954336.2,,200,-10,坏棒 总长1000m 铁头 200
1519,21:39:24,hit_1519_20260731_213924.csv,512,DEFECT,HIGH,72,0,0,161,0,8388607,8388607,-1811581,3446734.6,,200,-39,坏棒 总长1000m 铁头 200
1520,21:39:24,hit_1520_20260731_213924.csv,512,DEFECT,HIGH,71,0,0,190,0,8388607,8388607,-1755128,4289726.4,,200,-10,坏棒 总长1000m 铁头 200
1521,21:39:25,hit_1521_20260731_213925.csv,512,NORMAL,LOW,88,0,0,0,0,8388608,286961,-8388608,-5839909.6,,200,,坏棒 总长1000m 铁头 200
1522,21:39:25,hit_1522_20260731_213925.csv,512,DEFECT,HIGH,70,0,0,161,0,8388607,8388607,-1802785,3399520.0,,200,-39,坏棒 总长1000m 铁头 200
1523,21:39:26,hit_1523_20260731_213926.csv,512,DEFECT,HIGH,73,0,0,146,0,8357794,8357794,-2379342,2521049.8,,200,-54,坏棒 总长1000m 铁头 200
1524,21:39:26,hit_1524_20260731_213926.csv,512,DEFECT,HIGH,72,0,0,146,0,8388607,8388607,-1881204,3753587.9,,200,-54,坏棒 总长1000m 铁头 200
1525,21:39:30,hit_1525_20260731_213930.csv,512,NORMAL,HIGH,67,0,0,0,0,1529627,1529627,-130943,401616.1,,200,,坏棒 总长1000m 铁头 200
1526,21:39:31,hit_1526_20260731_213931.csv,512,NORMAL,HIGH,96,0,0,0,0,1083410,289653,-1083410,-290733.3,,200,,坏棒 总长1000m 铁头 200
1527,21:39:33,hit_1527_20260731_213933.csv,512,DEFECT,HIGH,74,0,0,176,0,7633218,7633218,-2560196,1754270.9,,200,-24,坏棒 总长1000m 铁头 200
1528,21:39:33,hit_1528_20260731_213933.csv,512,DEFECT,HIGH,73,0,0,440,0,7049497,7049497,-2485325,1729220.8,,200,240,坏棒 总长1000m 铁头 200
1529,21:39:34,hit_1529_20260731_213934.csv,512,DEFECT,HIGH,74,0,0,455,0,5914817,5914817,-2507846,1922951.1,,200,255,坏棒 总长1000m 铁头 200
1530,21:39:35,hit_1530_20260731_213935.csv,512,DEFECT,HIGH,73,0,0,190,0,7975232,7975232,-2430006,2201125.8,,200,-10,坏棒 总长1000m 铁头 200
1531,21:39:36,hit_1531_20260731_213936.csv,512,DEFECT,HIGH,99,0,0,176,0,8251980,8251980,-2092152,2509740.5,,200,-24,坏棒 总长1000m 铁头 200
1532,21:39:36,hit_1532_20260731_213936.csv,512,DEFECT,LOW,83,0,0,705,0,4498120,4498120,-4094338,560658.5,,200,505,坏棒 总长1000m 铁头 200
1533,21:39:36,hit_1533_20260731_213936.csv,512,DEFECT,HIGH,73,0,0,440,0,7598921,7598921,-2769929,1761743.9,,200,240,坏棒 总长1000m 铁头 200
1534,21:39:37,hit_1534_20260731_213937.csv,512,DEFECT,HIGH,77,0,0,455,0,6719520,6719520,-3105326,1764071.5,,200,255,坏棒 总长1000m 铁头 200
1535,21:39:37,hit_1535_20260731_213937.csv,512,DEFECT,HIGH,74,0,0,176,0,7488497,7488497,-2649255,1925074.7,,200,-24,坏棒 总长1000m 铁头 200
1536,21:39:38,hit_1536_20260731_213938.csv,512,DEFECT,HIGH,74,0,0,161,0,7779120,7779120,-2517365,2056939.8,,200,-39,坏棒 总长1000m 铁头 200
1537,21:39:38,hit_1537_20260731_213938.csv,512,DEFECT,HIGH,73,0,0,176,0,7476244,7476244,-2346669,2173327.8,,200,-24,坏棒 总长1000m 铁头 200
1538,21:39:38,hit_1538_20260731_213938.csv,512,DEFECT,HIGH,72,0,0,146,0,8388607,8388607,-2162617,2994375.1,,200,-54,坏棒 总长1000m 铁头 200
1539,21:39:39,hit_1539_20260731_213939.csv,512,DEFECT,HIGH,73,0,0,176,0,7575974,7575974,-2420842,2469140.0,,200,-24,坏棒 总长1000m 铁头 200
1540,21:39:39,hit_1540_20260731_213939.csv,512,DEFECT,HIGH,73,0,0,176,0,7940680,7940680,-2317383,2735909.5,,200,-24,坏棒 总长1000m 铁头 200
1541,21:39:40,hit_1541_20260731_213940.csv,512,DEFECT,HIGH,73,0,0,190,0,7478894,7478894,-2394497,2665298.7,,200,-10,坏棒 总长1000m 铁头 200
1542,21:39:40,hit_1542_20260731_213940.csv,512,DEFECT,HIGH,71,0,0,176,0,7885826,7885826,-2005626,2773018.5,,200,-24,坏棒 总长1000m 铁头 200
1543,21:39:40,hit_1543_20260731_213940.csv,512,DEFECT,HIGH,70,0,0,161,0,8388607,8388607,-1635755,4537316.1,,200,-39,坏棒 总长1000m 铁头 200
1544,21:39:41,hit_1544_20260731_213941.csv,512,DEFECT,HIGH,73,0,0,161,0,8272215,8272215,-2452124,2129841.8,,200,-39,坏棒 总长1000m 铁头 200
1545,21:39:41,hit_1545_20260731_213941.csv,512,DEFECT,HIGH,78,0,0,719,0,5068748,5068748,-3338797,994654.5,,200,519,坏棒 总长1000m 铁头 200
1546,21:39:42,hit_1546_20260731_213942.csv,512,DEFECT,HIGH,79,0,0,719,0,5137226,5137226,-3357882,1041278.2,,200,519,坏棒 总长1000m 铁头 200
1547,21:39:42,hit_1547_20260731_213942.csv,512,DEFECT,HIGH,74,0,0,176,0,6489979,6489979,-2544829,1565332.6,,200,-24,坏棒 总长1000m 铁头 200
1548,21:39:43,hit_1548_20260731_213943.csv,512,DEFECT,HIGH,72,0,0,161,0,7397014,7397014,-2113912,2325253.9,,200,-39,坏棒 总长1000m 铁头 200
1549,21:39:43,hit_1549_20260731_213943.csv,512,DEFECT,HIGH,70,0,0,161,0,8388607,8388607,-1773305,3395294.1,,200,-39,坏棒 总长1000m 铁头 200
1550,21:39:43,hit_1550_20260731_213943.csv,512,DEFECT,HIGH,73,0,0,161,0,8388607,8388607,-2158199,3542679.6,,200,-39,坏棒 总长1000m 铁头 200
1551,21:39:44,hit_1551_20260731_213944.csv,512,DEFECT,HIGH,73,0,0,161,0,6451252,6451252,-2990186,1217484.7,,200,-39,坏棒 总长1000m 铁头 200
1552,21:39:44,hit_1552_20260731_213944.csv,512,DEFECT,HIGH,73,0,0,176,0,7358826,7358826,-2337678,2566512.6,,200,-24,坏棒 总长1000m 铁头 200
1553,21:39:45,hit_1553_20260731_213945.csv,512,DEFECT,HIGH,71,0,0,161,0,8388607,8388607,-1956397,3295566.8,,200,-39,坏棒 总长1000m 铁头 200
1554,21:39:45,hit_1554_20260731_213945.csv,512,DEFECT,HIGH,74,0,0,190,0,5335382,5335382,-2488979,1522567.0,,200,-10,坏棒 总长1000m 铁头 200
1555,21:39:45,hit_1555_20260731_213945.csv,512,DEFECT,HIGH,74,0,0,190,0,6149184,6149184,-2560503,1417864.1,,200,-10,坏棒 总长1000m 铁头 200
1556,21:39:46,hit_1556_20260731_213946.csv,512,DEFECT,HIGH,87,0,0,117,0,8388607,8388607,-1632785,4593817.3,,200,-83,坏棒 总长1000m 铁头 200
1557,21:39:46,hit_1557_20260731_213946.csv,512,DEFECT,HIGH,73,0,0,146,0,8370529,8370529,-2270853,2454634.3,,200,-54,坏棒 总长1000m 铁头 200
1558,21:39:47,hit_1558_20260731_213947.csv,512,DEFECT,HIGH,71,0,0,146,0,8388607,8388607,-1940416,3984763.8,,200,-54,坏棒 总长1000m 铁头 200
1559,21:39:47,hit_1559_20260731_213947.csv,512,DEFECT,HIGH,71,0,0,161,0,7531232,7531232,-2079868,2413601.8,,200,-39,坏棒 总长1000m 铁头 200
1560,21:39:49,hit_1560_20260731_213949.csv,512,DEFECT,HIGH,73,0,0,455,0,6717196,6717196,-2487391,1559621.1,,200,255,坏棒 总长1000m 铁头 200
1561,21:39:50,hit_1561_20260731_213950.csv,512,DEFECT,HIGH,74,0,0,440,0,7834419,7834419,-2613515,2187388.0,,200,240,坏棒 总长1000m 铁头 200
1562,21:39:51,hit_1562_20260731_213951.csv,512,DEFECT,HIGH,73,0,0,176,0,8388607,8388607,-2324748,2345824.6,,200,-24,坏棒 总长1000m 铁头 200
1563,21:39:51,hit_1563_20260731_213951.csv,512,DEFECT,HIGH,89,0,0,132,0,8388607,8388607,-2802678,2486186.3,,200,-68,坏棒 总长1000m 铁头 200
1564,21:39:52,hit_1564_20260731_213952.csv,512,DEFECT,HIGH,73,0,0,176,0,7769771,7769771,-2878723,1697562.1,,200,-24,坏棒 总长1000m 铁头 200
1565,21:39:52,hit_1565_20260731_213952.csv,512,DEFECT,HIGH,76,0,0,455,0,6365864,6365864,-2911958,1364005.3,,200,255,坏棒 总长1000m 铁头 200
1566,21:39:53,hit_1566_20260731_213953.csv,512,DEFECT,HIGH,73,0,0,190,0,8261836,8261836,-2095716,2340630.6,,200,-10,坏棒 总长1000m 铁头 200
1567,21:39:53,hit_1567_20260731_213953.csv,512,DEFECT,HIGH,74,0,0,190,0,7136864,7136864,-2612904,1691402.2,,200,-10,坏棒 总长1000m 铁头 200
1568,21:39:53,hit_1568_20260731_213953.csv,512,DEFECT,HIGH,73,0,0,176,0,7869947,7869947,-2396091,1978562.7,,200,-24,坏棒 总长1000m 铁头 200
1569,21:39:54,hit_1569_20260731_213954.csv,512,DEFECT,HIGH,72,0,0,190,0,8125916,8125916,-2038564,2172506.6,,200,-10,坏棒 总长1000m 铁头 200
1570,21:39:54,hit_1570_20260731_213954.csv,512,DEFECT,HIGH,73,0,0,190,0,7723963,7723963,-2314125,1934426.4,,200,-10,坏棒 总长1000m 铁头 200
1571,21:39:55,hit_1571_20260731_213955.csv,512,DEFECT,HIGH,75,0,0,425,0,7213003,7213003,-2615944,1892930.5,,200,225,坏棒 总长1000m 铁头 200
1572,21:39:55,hit_1572_20260731_213955.csv,512,DEFECT,HIGH,97,0,0,190,0,8185286,8185286,-1361979,3015977.0,,200,-10,坏棒 总长1000m 铁头 200
1573,21:39:55,hit_1573_20260731_213955.csv,512,DEFECT,HIGH,76,0,0,411,0,6164920,6164920,-2944472,1592614.4,,200,211,坏棒 总长1000m 铁头 200
1574,21:39:56,hit_1574_20260731_213956.csv,512,DEFECT,HIGH,99,0,0,146,0,6959552,6959552,-2267392,1917259.3,,200,-54,坏棒 总长1000m 铁头 200
1575,21:39:56,hit_1575_20260731_213956.csv,512,DEFECT,HIGH,73,0,0,146,0,8388607,8388607,-2389779,2508070.3,,200,-54,坏棒 总长1000m 铁头 200
1576,21:39:57,hit_1576_20260731_213957.csv,512,DEFECT,HIGH,74,0,0,176,0,7421195,7421195,-2752716,1635245.6,,200,-24,坏棒 总长1000m 铁头 200
1577,21:39:57,hit_1577_20260731_213957.csv,512,DEFECT,HIGH,74,0,0,440,0,7011567,7011567,-2430265,1777912.1,,200,240,坏棒 总长1000m 铁头 200
1578,21:39:57,hit_1578_20260731_213957.csv,512,DEFECT,HIGH,74,0,0,425,0,7045267,7045267,-2485714,1556123.1,,200,225,坏棒 总长1000m 铁头 200
1579,21:39:58,hit_1579_20260731_213958.csv,512,DEFECT,HIGH,74,0,0,440,0,7330862,7330862,-2554208,1910753.2,,200,240,坏棒 总长1000m 铁头 200
1580,21:39:58,hit_1580_20260731_213958.csv,512,DEFECT,HIGH,72,0,0,176,0,8266505,8266505,-2146334,2366335.6,,200,-24,坏棒 总长1000m 铁头 200
1581,21:39:59,hit_1581_20260731_213959.csv,512,DEFECT,HIGH,72,0,0,190,0,8309733,8309733,-1918723,2665968.3,,200,-10,坏棒 总长1000m 铁头 200
1582,21:39:59,hit_1582_20260731_213959.csv,512,DEFECT,HIGH,73,0,0,205,0,7538538,7538538,-2358628,1962123.1,,200,5,坏棒 总长1000m 铁头 200
1583,21:39:59,hit_1583_20260731_213959.csv,512,DEFECT,HIGH,74,0,0,190,0,7555201,7555201,-2456403,2059277.9,,200,-10,坏棒 总长1000m 铁头 200
1584,21:40:00,hit_1584_20260731_214000.csv,512,DEFECT,HIGH,71,0,0,176,0,8388607,8388607,-1847278,3665589.2,,200,-24,坏棒 总长1000m 铁头 200
1585,21:40:00,hit_1585_20260731_214000.csv,512,DEFECT,HIGH,86,0,0,117,0,8228687,8228687,-2254348,2280342.2,,200,-83,坏棒 总长1000m 铁头 200
1586,21:40:01,hit_1586_20260731_214001.csv,512,DEFECT,HIGH,73,0,0,146,0,7072941,7072941,-2333529,1823764.6,,200,-54,坏棒 总长1000m 铁头 200
1587,21:40:01,hit_1587_20260731_214001.csv,512,DEFECT,HIGH,71,0,0,190,0,8388607,8388607,-2009346,2576413.6,,200,-10,坏棒 总长1000m 铁头 200
1588,21:40:02,hit_1588_20260731_214002.csv,512,DEFECT,HIGH,74,0,0,455,0,6591331,6591331,-2575071,1672295.7,,200,255,坏棒 总长1000m 铁头 200
1589,21:40:02,hit_1589_20260731_214002.csv,512,DEFECT,HIGH,71,0,0,176,0,8388607,8388607,-1657831,2582634.7,,200,-24,坏棒 总长1000m 铁头 200
1590,21:40:02,hit_1590_20260731_214002.csv,512,DEFECT,HIGH,73,0,0,176,0,6502885,6502885,-2804442,1322662.9,,200,-24,坏棒 总长1000m 铁头 200
1591,21:40:03,hit_1591_20260731_214003.csv,512,DEFECT,HIGH,71,0,0,161,0,8388607,8388607,-2055029,2654941.4,,200,-39,坏棒 总长1000m 铁头 200
1592,21:40:03,hit_1592_20260731_214003.csv,512,DEFECT,HIGH,88,0,0,117,0,8388607,8388607,-2142361,3545191.3,,200,-83,坏棒 总长1000m 铁头 200
1593,21:40:04,hit_1593_20260731_214004.csv,512,DEFECT,HIGH,72,0,0,176,0,7730503,7730503,-2231950,2030495.2,,200,-24,坏棒 总长1000m 铁头 200
1594,21:40:04,hit_1594_20260731_214004.csv,512,DEFECT,HIGH,77,0,0,425,0,7474541,7474541,-3042394,1593867.2,,200,225,坏棒 总长1000m 铁头 200
1595,21:40:05,hit_1595_20260731_214005.csv,512,DEFECT,HIGH,71,0,0,161,0,8333602,8333602,-1965468,2340316.7,,200,-39,坏棒 总长1000m 铁头 200
1596,21:40:05,hit_1596_20260731_214005.csv,512,DEFECT,HIGH,75,0,0,719,0,7242460,7242460,-2770808,1753364.8,,200,519,坏棒 总长1000m 铁头 200
1597,21:40:06,hit_1597_20260731_214006.csv,512,DEFECT,HIGH,74,0,0,176,0,7622192,7622192,-2556301,1719359.6,,200,-24,坏棒 总长1000m 铁头 200
1598,21:40:06,hit_1598_20260731_214006.csv,512,DEFECT,HIGH,75,0,0,146,0,6615916,6615916,-2708890,1336999.0,,200,-54,坏棒 总长1000m 铁头 200
1599,21:40:06,hit_1599_20260731_214006.csv,512,DEFECT,HIGH,75,0,0,146,0,6766048,6766048,-2701301,1277830.8,,200,-54,坏棒 总长1000m 铁头 200
1600,21:40:07,hit_1600_20260731_214007.csv,512,DEFECT,HIGH,78,0,0,719,0,5924890,5924890,-3387786,1000926.1,,200,519,坏棒 总长1000m 铁头 200
1601,21:40:07,hit_1601_20260731_214007.csv,512,DEFECT,HIGH,75,0,0,176,0,7291262,7291262,-2995717,1273994.1,,200,-24,坏棒 总长1000m 铁头 200
1602,21:40:08,hit_1602_20260731_214008.csv,512,DEFECT,HIGH,73,0,0,176,0,8090302,8090302,-2406866,1975556.7,,200,-24,坏棒 总长1000m 铁头 200
1603,21:40:08,hit_1603_20260731_214008.csv,512,DEFECT,HIGH,74,0,0,470,0,7802606,7802606,-2682274,1656689.0,,200,270,坏棒 总长1000m 铁头 200
1604,21:40:09,hit_1604_20260731_214009.csv,512,DEFECT,HIGH,74,0,0,161,0,7338460,7338460,-2489214,1607594.8,,200,-39,坏棒 总长1000m 铁头 200
1605,21:40:09,hit_1605_20260731_214009.csv,512,DEFECT,HIGH,73,0,0,161,0,7745657,7745657,-2390850,1746997.8,,200,-39,坏棒 总长1000m 铁头 200
1606,21:40:10,hit_1606_20260731_214010.csv,512,DEFECT,HIGH,78,0,0,381,0,6908592,6908592,-3129840,1425366.3,,200,181,坏棒 总长1000m 铁头 200
1607,21:40:10,hit_1607_20260731_214010.csv,512,DEFECT,HIGH,77,0,0,719,0,5017800,5017800,-2994390,930730.4,,200,519,坏棒 总长1000m 铁头 200
1608,21:40:11,hit_1608_20260731_214011.csv,512,DEFECT,HIGH,76,0,0,176,0,7074855,7074855,-2960306,1273367.4,,200,-24,坏棒 总长1000m 铁头 200
1609,21:40:12,hit_1609_20260731_214012.csv,512,DEFECT,HIGH,71,0,0,161,0,8388607,8388607,-2026898,2427498.2,,200,-39,坏棒 总长1000m 铁头 200
1610,21:40:12,hit_1610_20260731_214012.csv,512,DEFECT,HIGH,72,0,0,146,0,8388607,8388607,-2146879,2807086.4,,200,-54,坏棒 总长1000m 铁头 200
1611,21:40:13,hit_1611_20260731_214013.csv,512,DEFECT,HIGH,74,0,0,176,0,6922672,6922672,-2524160,1515085.3,,200,-24,坏棒 总长1000m 铁头 200
1612,21:40:13,hit_1612_20260731_214013.csv,512,DEFECT,HIGH,72,0,0,176,0,8188070,8188070,-2240749,2222500.2,,200,-24,坏棒 总长1000m 铁头 200
1613,21:40:13,hit_1613_20260731_214013.csv,512,DEFECT,HIGH,72,0,0,161,0,8311185,8311185,-2385463,2072471.9,,200,-39,坏棒 总长1000m 铁头 200
1614,21:40:14,hit_1614_20260731_214014.csv,512,DEFECT,HIGH,74,0,0,161,0,7054380,7054380,-2580621,1483629.1,,200,-39,坏棒 总长1000m 铁头 200
1615,21:40:14,hit_1615_20260731_214014.csv,512,DEFECT,HIGH,75,0,0,470,0,6664715,6664715,-2669005,1554122.9,,200,270,坏棒 总长1000m 铁头 200
1616,21:40:15,hit_1616_20260731_214015.csv,512,DEFECT,HIGH,74,0,0,484,0,5410734,5410734,-2753148,1017886.0,,200,284,坏棒 总长1000m 铁头 200
1617,21:40:15,hit_1617_20260731_214015.csv,512,DEFECT,HIGH,73,0,0,176,0,7972652,7972652,-2488911,1834367.8,,200,-24,坏棒 总长1000m 铁头 200
1618,21:40:15,hit_1618_20260731_214015.csv,512,DEFECT,HIGH,74,0,0,734,0,5873410,5873410,-2651255,1183380.8,,200,534,坏棒 总长1000m 铁头 200
1619,21:40:16,hit_1619_20260731_214016.csv,512,DEFECT,HIGH,73,0,0,190,0,7958894,7958894,-2402327,2084862.3,,200,-10,坏棒 总长1000m 铁头 200
1620,21:40:16,hit_1620_20260731_214016.csv,512,DEFECT,HIGH,74,0,0,190,0,6759625,6759625,-2556437,1526332.1,,200,-10,坏棒 总长1000m 铁头 200
1621,21:40:17,hit_1621_20260731_214017.csv,512,NORMAL,LOW,79,0,0,0,0,3435493,3275137,-3435493,58136.5,,200,,坏棒 总长1000m 铁头 200
1622,21:40:17,hit_1622_20260731_214017.csv,512,DEFECT,HIGH,76,0,0,734,0,6316988,6316988,-2885841,1540705.1,,200,534,坏棒 总长1000m 铁头 200
1623,21:40:18,hit_1623_20260731_214018.csv,512,DEFECT,HIGH,75,0,0,176,0,7397381,7397381,-2882675,1440623.4,,200,-24,坏棒 总长1000m 铁头 200
1624,21:40:18,hit_1624_20260731_214018.csv,512,DEFECT,HIGH,73,0,0,455,0,5437790,5437790,-2362061,1217297.6,,200,255,坏棒 总长1000m 铁头 200
1625,21:40:19,hit_1625_20260731_214019.csv,512,DEFECT,HIGH,75,0,0,484,0,5824215,5824215,-2644322,1242627.9,,200,284,坏棒 总长1000m 铁头 200
1626,21:40:19,hit_1626_20260731_214019.csv,512,DEFECT,HIGH,73,0,0,176,0,7205158,7205158,-2467883,1705867.4,,200,-24,坏棒 总长1000m 铁头 200
1627,21:40:19,hit_1627_20260731_214019.csv,512,DEFECT,HIGH,72,0,0,176,0,7471381,7471381,-2482331,1723343.4,,200,-24,坏棒 总长1000m 铁头 200
1628,21:40:20,hit_1628_20260731_214020.csv,512,DEFECT,HIGH,73,0,0,161,0,6532748,6532748,-2385634,1614285.6,,200,-39,坏棒 总长1000m 铁头 200
1629,21:40:20,hit_1629_20260731_214020.csv,512,DEFECT,HIGH,72,0,0,176,0,8388607,8388607,-1944540,2709881.9,,200,-24,坏棒 总长1000m 铁头 200
1630,21:40:21,hit_1630_20260731_214021.csv,512,DEFECT,HIGH,73,0,0,176,0,5946423,5946423,-2898093,1127673.6,,200,-24,坏棒 总长1000m 铁头 200
1631,21:40:21,hit_1631_20260731_214021.csv,512,DEFECT,HIGH,72,0,0,161,0,8388607,8388607,-1946999,3114268.2,,200,-39,坏棒 总长1000m 铁头 200
1632,21:40:22,hit_1632_20260731_214022.csv,512,DEFECT,HIGH,73,0,0,176,0,7924213,7924213,-2529570,1922362.0,,200,-24,坏棒 总长1000m 铁头 200
1633,21:40:22,hit_1633_20260731_214022.csv,512,DEFECT,HIGH,73,0,0,440,0,7586348,7586348,-2372887,1819292.7,,200,240,坏棒 总长1000m 铁头 200
1634,21:40:23,hit_1634_20260731_214023.csv,512,DEFECT,HIGH,76,0,0,705,0,6383802,6383802,-2732932,1559610.2,,200,505,坏棒 总长1000m 铁头 200
1635,21:40:23,hit_1635_20260731_214023.csv,512,DEFECT,HIGH,71,0,0,176,0,8388607,8388607,-2088884,2583892.9,,200,-24,坏棒 总长1000m 铁头 200
1636,21:40:24,hit_1636_20260731_214024.csv,512,DEFECT,HIGH,73,0,0,161,0,8067445,8067445,-2402448,1964832.2,,200,-39,坏棒 总长1000m 铁头 200
1637,21:40:24,hit_1637_20260731_214024.csv,512,DEFECT,HIGH,72,0,0,190,0,7745386,7745386,-2358859,1913121.9,,200,-10,坏棒 总长1000m 铁头 200
1638,21:40:24,hit_1638_20260731_214024.csv,512,DEFECT,HIGH,75,0,0,190,0,7335712,7335712,-2790910,1455325.0,,200,-10,坏棒 总长1000m 铁头 200
1639,21:40:25,hit_1639_20260731_214025.csv,512,DEFECT,HIGH,72,0,0,161,0,8188206,8188206,-2138076,2162568.7,,200,-39,坏棒 总长1000m 铁头 200
1640,21:40:25,hit_1640_20260731_214025.csv,512,DEFECT,HIGH,78,0,0,705,0,4444719,4444719,-3270324,570108.9,,200,505,坏棒 总长1000m 铁头 200
1641,21:40:26,hit_1641_20260731_214026.csv,512,DEFECT,HIGH,72,0,0,161,0,7924775,7924775,-2265119,2191395.8,,200,-39,坏棒 总长1000m 铁头 200
1642,21:40:26,hit_1642_20260731_214026.csv,512,DEFECT,HIGH,73,0,0,176,0,6633411,6633411,-2527308,1417682.5,,200,-24,坏棒 总长1000m 铁头 200
1643,21:40:27,hit_1643_20260731_214027.csv,512,DEFECT,HIGH,74,0,0,470,0,6399557,6399557,-2514171,1574582.1,,200,270,坏棒 总长1000m 铁头 200
1644,21:40:27,hit_1644_20260731_214027.csv,512,DEFECT,HIGH,72,0,0,190,0,7104046,7104046,-2241267,1826539.9,,200,-10,坏棒 总长1000m 铁头 200
1645,21:40:28,hit_1645_20260731_214028.csv,512,DEFECT,HIGH,72,0,0,161,0,8211553,8211553,-2325356,2077828.4,,200,-39,坏棒 总长1000m 铁头 200
1646,21:40:28,hit_1646_20260731_214028.csv,512,DEFECT,HIGH,72,0,0,146,0,8388607,8388607,-2218719,2522982.6,,200,-54,坏棒 总长1000m 铁头 200
1647,21:40:28,hit_1647_20260731_214028.csv,512,DEFECT,HIGH,73,0,0,176,0,7195265,7195265,-2465060,1576429.9,,200,-24,坏棒 总长1000m 铁头 200
1648,21:40:29,hit_1648_20260731_214029.csv,512,DEFECT,HIGH,73,0,0,176,0,7187672,7187672,-2333826,1640688.0,,200,-24,坏棒 总长1000m 铁头 200
1649,21:40:29,hit_1649_20260731_214029.csv,512,DEFECT,HIGH,73,0,0,455,0,7111230,7111230,-2560036,1528161.2,,200,255,坏棒 总长1000m 铁头 200
1650,21:40:30,hit_1650_20260731_214030.csv,512,DEFECT,HIGH,72,0,0,161,0,8388607,8388607,-2311904,2168621.1,,200,-39,坏棒 总长1000m 铁头 200
1651,21:40:30,hit_1651_20260731_214030.csv,512,DEFECT,HIGH,89,0,0,132,0,8388607,8388607,-2414912,3086284.9,,200,-68,坏棒 总长1000m 铁头 200
1652,21:40:31,hit_1652_20260731_214031.csv,512,DEFECT,HIGH,74,0,0,176,0,8141710,8141710,-2702982,1742059.5,,200,-24,坏棒 总长1000m 铁头 200
1653,21:40:31,hit_1653_20260731_214031.csv,512,DEFECT,HIGH,73,0,0,176,0,8345971,8345971,-2091381,2192293.3,,200,-24,坏棒 总长1000m 铁头 200
1654,21:40:32,hit_1654_20260731_214032.csv,512,DEFECT,HIGH,76,0,0,440,0,6663828,6663828,-2759850,1438651.4,,200,240,坏棒 总长1000m 铁头 200
1655,21:40:32,hit_1655_20260731_214032.csv,512,DEFECT,HIGH,75,0,0,455,0,4346436,4346436,-2873477,761959.9,,200,255,坏棒 总长1000m 铁头 200
1656,21:40:32,hit_1656_20260731_214032.csv,512,DEFECT,HIGH,72,0,0,161,0,8308988,8308988,-2289899,2391700.4,,200,-39,坏棒 总长1000m 铁头 200
1657,21:40:33,hit_1657_20260731_214033.csv,512,DEFECT,HIGH,72,0,0,176,0,8388607,8388607,-2098672,2911397.1,,200,-24,坏棒 总长1000m 铁头 200
1658,21:40:35,hit_1658_20260731_214035.csv,512,DEFECT,HIGH,81,0,0,690,0,5802413,5802413,-4396605,381121.6,,200,490,坏棒 总长1000m 铁头 200
1659,21:40:35,hit_1659_20260731_214035.csv,512,DEFECT,HIGH,76,0,0,455,0,5687871,5687871,-2994747,1143320.6,,200,255,坏棒 总长1000m 铁头 200
1660,21:40:36,hit_1660_20260731_214036.csv,512,DEFECT,HIGH,74,0,0,719,0,7180251,7180251,-2648863,1887763.5,,200,519,坏棒 总长1000m 铁头 200
1661,21:40:36,hit_1661_20260731_214036.csv,512,DEFECT,HIGH,75,0,0,749,0,6325323,6325323,-2852951,1561455.7,,200,549,坏棒 总长1000m 铁头 200
1662,21:40:37,hit_1662_20260731_214037.csv,512,DEFECT,HIGH,75,0,0,749,0,6473418,6473418,-2739318,1607998.4,,200,549,坏棒 总长1000m 铁头 200
1663,21:40:37,hit_1663_20260731_214037.csv,512,DEFECT,HIGH,76,0,0,763,0,6177406,6177406,-2934488,1588346.5,,200,563,坏棒 总长1000m 铁头 200
1664,21:40:38,hit_1664_20260731_214038.csv,512,DEFECT,HIGH,74,0,0,205,0,7663259,7663259,-2207895,2037198.2,,200,5,坏棒 总长1000m 铁头 200
1665,21:40:38,hit_1665_20260731_214038.csv,512,DEFECT,HIGH,74,0,0,778,0,7094542,7094542,-2623053,2227218.8,,200,578,坏棒 总长1000m 铁头 200
1666,21:40:38,hit_1666_20260731_214038.csv,512,DEFECT,HIGH,76,0,0,323,0,7279910,7279910,-2925063,2123019.5,,200,123,坏棒 总长1000m 铁头 200
1667,21:40:39,hit_1667_20260731_214039.csv,512,DEFECT,HIGH,74,0,0,249,0,8388607,8388607,-2329823,3244229.4,,200,49,坏棒 总长1000m 铁头 200
1668,21:40:39,hit_1668_20260731_214039.csv,512,DEFECT,HIGH,78,0,0,235,0,8319306,8319306,-2921527,2972507.8,,200,35,坏棒 总长1000m 铁头 200
1669,21:40:40,hit_1669_20260731_214040.csv,512,NORMAL,HIGH,99,0,0,0,0,5384025,5384025,-3014062,1087339.8,,200,,坏棒 总长1000m 铁头 200
1670,21:40:41,hit_1670_20260731_214041.csv,512,DEFECT,HIGH,77,0,0,719,0,5415407,5415407,-3483142,938123.0,,200,519,坏棒 总长1000m 铁头 200
1671,21:40:41,hit_1671_20260731_214041.csv,512,DEFECT,HIGH,80,0,0,705,0,6753559,6753559,-4073112,834215.2,,200,505,坏棒 总长1000m 铁头 200
1672,21:40:42,hit_1672_20260731_214042.csv,512,DEFECT,HIGH,86,0,0,646,0,6120982,6120982,-5073050,350013.5,,200,446,坏棒 总长1000m 铁头 200
1673,21:40:42,hit_1673_20260731_214042.csv,512,DEFECT,HIGH,85,0,0,646,0,5896601,5896601,-4783598,412643.5,,200,446,坏棒 总长1000m 铁头 200
1674,21:40:42,hit_1674_20260731_214042.csv,512,DEFECT,LOW,87,0,0,646,0,5022388,4286092,-5022388,-92822.6,,200,446,坏棒 总长1000m 铁头 200
1675,21:40:43,hit_1675_20260731_214043.csv,512,DEFECT,HIGH,81,0,0,602,0,6949770,6949770,-4794030,630770.4,,200,402,坏棒 总长1000m 铁头 200
1676,21:40:43,hit_1676_20260731_214043.csv,512,DEFECT,HIGH,86,0,0,690,0,6075026,6075026,-4732930,517262.1,,200,490,坏棒 总长1000m 铁头 200
1677,21:40:44,hit_1677_20260731_214044.csv,512,DEFECT,HIGH,82,0,0,690,0,4848984,4848984,-4818647,131792.1,,200,490,坏棒 总长1000m 铁头 200
1678,21:40:44,hit_1678_20260731_214044.csv,512,DEFECT,HIGH,83,0,0,602,0,6522544,6522544,-4467948,645366.5,,200,402,坏棒 总长1000m 铁头 200
1679,21:40:45,hit_1679_20260731_214045.csv,512,DEFECT,HIGH,81,0,0,705,0,5405189,5405189,-4410233,431427.2,,200,505,坏棒 总长1000m 铁头 200
1680,21:40:45,hit_1680_20260731_214045.csv,512,DEFECT,HIGH,81,0,0,705,0,5191092,5191092,-4246330,537956.6,,200,505,坏棒 总长1000m 铁头 200
1681,21:40:45,hit_1681_20260731_214045.csv,512,DEFECT,HIGH,81,0,0,719,0,4092567,4092567,-3941299,314145.3,,200,519,坏棒 总长1000m 铁头 200
1682,21:40:46,hit_1682_20260731_214046.csv,512,DEFECT,HIGH,78,0,0,749,0,5095949,5095949,-3486564,828268.9,,200,549,坏棒 总长1000m 铁头 200
1683,21:40:46,hit_1683_20260731_214046.csv,512,DEFECT,HIGH,77,0,0,719,0,5557286,5557286,-3227700,1009715.2,,200,519,坏棒 总长1000m 铁头 200
1684,21:40:46,hit_1684_20260731_214046.csv,512,DEFECT,HIGH,76,0,0,734,0,5967690,5967690,-2987809,1368570.0,,200,534,坏棒 总长1000m 铁头 200
1685,21:40:47,hit_1685_20260731_214047.csv,512,DEFECT,HIGH,79,0,0,734,0,4736328,4736328,-3475275,839559.0,,200,534,坏棒 总长1000m 铁头 200
1686,21:40:47,hit_1686_20260731_214047.csv,512,DEFECT,HIGH,77,0,0,734,0,5998275,5998275,-3010132,1372029.4,,200,534,坏棒 总长1000m 铁头 200
1687,21:40:48,hit_1687_20260731_214048.csv,512,DEFECT,HIGH,76,0,0,734,0,6644330,6644330,-2854128,1690703.8,,200,534,坏棒 总长1000m 铁头 200
1688,21:40:48,hit_1688_20260731_214048.csv,512,DEFECT,HIGH,76,0,0,734,0,6623128,6623128,-3063404,1710781.2,,200,534,坏棒 总长1000m 铁头 200
1689,21:40:48,hit_1689_20260731_214048.csv,512,DEFECT,HIGH,78,0,0,734,0,5959164,5959164,-3218387,1309425.4,,200,534,坏棒 总长1000m 铁头 200
1690,21:40:49,hit_1690_20260731_214049.csv,512,DEFECT,HIGH,77,0,0,749,0,6680306,6680306,-3072349,1693181.8,,200,549,坏棒 总长1000m 铁头 200
1691,21:40:49,hit_1691_20260731_214049.csv,512,DEFECT,HIGH,78,0,0,734,0,5165131,5165131,-3187324,1108252.8,,200,534,坏棒 总长1000m 铁头 200
1692,21:40:49,hit_1692_20260731_214049.csv,512,DEFECT,HIGH,76,0,0,749,0,6392552,6392552,-3043580,1617611.7,,200,549,坏棒 总长1000m 铁头 200
1693,21:40:50,hit_1693_20260731_214050.csv,512,DEFECT,HIGH,77,0,0,734,0,6879610,6879610,-3077046,1878965.4,,200,534,坏棒 总长1000m 铁头 200
1694,21:40:50,hit_1694_20260731_214050.csv,512,DEFECT,HIGH,78,0,0,719,0,6401417,6401417,-3336773,1328244.3,,200,519,坏棒 总长1000m 铁头 200
1695,21:40:51,hit_1695_20260731_214051.csv,512,DEFECT,HIGH,79,0,0,719,0,5695829,5695829,-3467121,962601.3,,200,519,坏棒 总长1000m 铁头 200
1696,21:40:51,hit_1696_20260731_214051.csv,512,DEFECT,HIGH,82,0,0,660,0,4874451,4874451,-4032670,486537.3,,200,460,坏棒 总长1000m 铁头 200
1697,21:40:53,hit_1697_20260731_214053.csv,512,DEFECT,HIGH,77,0,0,719,0,5286353,5286353,-3244081,935714.6,,200,519,坏棒 总长1000m 铁头 200
1698,21:40:53,hit_1698_20260731_214053.csv,512,DEFECT,HIGH,77,0,0,734,0,6780433,6780433,-3113521,1536370.4,,200,534,坏棒 总长1000m 铁头 200
1699,21:40:54,hit_1699_20260731_214054.csv,512,DEFECT,HIGH,77,0,0,734,0,6098398,6098398,-3139998,1501480.0,,200,534,坏棒 总长1000m 铁头 200
1700,21:40:54,hit_1700_20260731_214054.csv,512,DEFECT,HIGH,75,0,0,749,0,7088498,7088498,-2857885,1851197.8,,200,549,坏棒 总长1000m 铁头 200
1701,21:40:54,hit_1701_20260731_214054.csv,512,DEFECT,HIGH,75,0,0,749,0,6415837,6415837,-2829748,1711729.2,,200,549,坏棒 总长1000m 铁头 200
1702,21:40:55,hit_1702_20260731_214055.csv,512,DEFECT,HIGH,77,0,0,749,0,6222919,6222919,-3056216,1395685.8,,200,549,坏棒 总长1000m 铁头 200
1703,21:40:55,hit_1703_20260731_214055.csv,512,DEFECT,HIGH,78,0,0,734,0,5294800,5294800,-3751442,740280.0,,200,534,坏棒 总长1000m 铁头 200
1704,21:40:56,hit_1704_20260731_214056.csv,512,DEFECT,HIGH,77,0,0,749,0,6546567,6546567,-3149301,1650559.6,,200,549,坏棒 总长1000m 铁头 200
1705,21:40:56,hit_1705_20260731_214056.csv,512,DEFECT,HIGH,76,0,0,749,0,5809251,5809251,-2986603,1246716.3,,200,549,坏棒 总长1000m 铁头 200
1706,21:40:57,hit_1706_20260731_214057.csv,512,DEFECT,HIGH,77,0,0,778,0,5244024,5244024,-3237735,1043836.8,,200,578,坏棒 总长1000m 铁头 200
1707,21:40:57,hit_1707_20260731_214057.csv,512,DEFECT,HIGH,76,0,0,734,0,6835787,6835787,-2952525,1668174.8,,200,534,坏棒 总长1000m 铁头 200
1708,21:40:58,hit_1708_20260731_214058.csv,512,DEFECT,HIGH,76,0,0,763,0,6086465,6086465,-2964858,1435004.7,,200,563,坏棒 总长1000m 铁头 200
1709,21:40:58,hit_1709_20260731_214058.csv,512,DEFECT,HIGH,76,0,0,763,0,6284690,6284690,-3000174,1550544.2,,200,563,坏棒 总长1000m 铁头 200
1710,21:40:58,hit_1710_20260731_214058.csv,512,DEFECT,HIGH,75,0,0,749,0,6407187,6407187,-2783982,1669000.0,,200,549,坏棒 总长1000m 铁头 200
1711,21:40:59,hit_1711_20260731_214059.csv,512,NORMAL,LOW,80,0,0,0,0,3875148,3875148,-3681722,305491.8,,200,,坏棒 总长1000m 铁头 200
1712,21:40:59,hit_1712_20260731_214059.csv,512,DEFECT,HIGH,85,0,0,646,0,4766963,3755420,-4766963,-135900.0,,200,446,坏棒 总长1000m 铁头 200
1713,21:41:00,hit_1713_20260731_214100.csv,512,DEFECT,HIGH,83,0,0,675,0,5665132,5665132,-4457672,434244.0,,200,475,坏棒 总长1000m 铁头 200
1714,21:41:00,hit_1714_20260731_214100.csv,512,DEFECT,HIGH,80,0,0,734,0,4273021,4273021,-3904306,348086.7,,200,534,坏棒 总长1000m 铁头 200
1715,21:41:00,hit_1715_20260731_214100.csv,512,DEFECT,HIGH,82,0,0,734,0,4290910,4256485,-4290910,176548.5,,200,534,坏棒 总长1000m 铁头 200
1716,21:41:01,hit_1716_20260731_214101.csv,512,DEFECT,HIGH,78,0,0,734,0,6265976,6265976,-3316161,1040982.8,,200,534,坏棒 总长1000m 铁头 200
1717,21:41:01,hit_1717_20260731_214101.csv,512,DEFECT,HIGH,77,0,0,719,0,6359772,6359772,-3100482,1256139.6,,200,519,坏棒 总长1000m 铁头 200
1718,21:41:02,hit_1718_20260731_214102.csv,512,DEFECT,HIGH,77,0,0,470,0,6550277,6550277,-3109008,1250226.3,,200,270,坏棒 总长1000m 铁头 200
1719,21:41:02,hit_1719_20260731_214102.csv,512,DEFECT,HIGH,76,0,0,719,0,5077869,5077869,-3485563,664831.3,,200,519,坏棒 总长1000m 铁头 200
1720,21:41:02,hit_1720_20260731_214102.csv,512,DEFECT,HIGH,76,0,0,734,0,6714620,6714620,-2886203,1455749.3,,200,534,坏棒 总长1000m 铁头 200
1721,21:41:03,hit_1721_20260731_214103.csv,512,DEFECT,HIGH,80,0,0,705,0,6731306,6731306,-3720557,1046558.3,,200,505,坏棒 总长1000m 铁头 200
1722,21:41:04,hit_1722_20260731_214104.csv,512,DEFECT,LOW,85,0,0,455,0,5364969,5020932,-5364969,254140.1,,200,255,坏棒 总长1000m 铁头 200
1723,21:41:04,hit_1723_20260731_214104.csv,512,DEFECT,HIGH,81,0,0,675,0,7133476,7133476,-3754477,1268342.8,,200,475,坏棒 总长1000m 铁头 200
1724,21:41:05,hit_1724_20260731_214105.csv,512,DEFECT,HIGH,80,0,0,660,0,7312474,7312474,-3625294,1322435.7,,200,460,坏棒 总长1000m 铁头 200
1725,21:41:06,hit_1725_20260731_214106.csv,512,DEFECT,HIGH,78,0,0,675,0,3814696,3814696,-3285901,487785.9,,200,475,坏棒 总长1000m 铁头 200
1726,21:41:06,hit_1726_20260731_214106.csv,512,DEFECT,HIGH,72,0,0,161,0,8388607,8388607,-2132511,2954046.6,,200,-39,坏棒 总长1000m 铁头 200
1727,21:41:06,hit_1727_20260731_214106.csv,512,DEFECT,HIGH,74,0,0,176,0,6431452,6431452,-2525454,1486435.6,,200,-24,坏棒 总长1000m 铁头 200
1728,21:41:07,hit_1728_20260731_214107.csv,512,DEFECT,HIGH,75,0,0,161,0,7308811,7308811,-2765092,1835981.2,,200,-39,坏棒 总长1000m 铁头 200
1729,21:41:07,hit_1729_20260731_214107.csv,512,DEFECT,HIGH,75,0,0,161,0,7039305,7039305,-2811561,1434901.7,,200,-39,坏棒 总长1000m 铁头 200
1730,21:41:07,hit_1730_20260731_214107.csv,512,DEFECT,HIGH,74,0,0,176,0,7386639,7386639,-2597388,1754281.1,,200,-24,坏棒 总长1000m 铁头 200
1731,21:41:08,hit_1731_20260731_214108.csv,512,DEFECT,HIGH,75,0,0,411,0,5730166,5730166,-2820291,1070276.8,,200,211,坏棒 总长1000m 铁头 200
1732,21:41:08,hit_1732_20260731_214108.csv,512,DEFECT,HIGH,78,0,0,396,0,5656161,5656161,-3304158,887339.3,,200,196,坏棒 总长1000m 铁头 200
1733,21:41:08,hit_1733_20260731_214108.csv,512,DEFECT,HIGH,83,0,0,631,0,5784482,5784482,-4503223,481552.5,,200,431,坏棒 总长1000m 铁头 200
1734,21:41:08,hit_1734_20260731_214108.csv,512,DEFECT,HIGH,73,0,0,132,0,7138340,7138340,-3378260,1320723.6,,200,-68,坏棒 总长1000m 铁头 200
1735,21:41:09,hit_1735_20260731_214109.csv,512,DEFECT,HIGH,87,0,0,572,0,6222765,6222765,-4276238,575132.7,,200,372,坏棒 总长1000m 铁头 200
1736,21:41:09,hit_1736_20260731_214109.csv,512,DEFECT,HIGH,74,0,0,161,0,6604535,6604535,-2481049,1730641.4,,200,-39,坏棒 总长1000m 铁头 200
1737,21:41:09,hit_1737_20260731_214109.csv,512,DEFECT,HIGH,75,0,0,176,0,5740934,5740934,-2850946,1269720.4,,200,-24,坏棒 总长1000m 铁头 200
1738,21:41:10,hit_1738_20260731_214110.csv,512,DEFECT,HIGH,79,0,0,367,0,5075487,5075487,-3608639,783977.6,,200,167,坏棒 总长1000m 铁头 200
1739,21:41:10,hit_1739_20260731_214110.csv,512,DEFECT,HIGH,80,0,0,690,0,3993969,3993969,-3713781,461960.2,,200,490,坏棒 总长1000m 铁头 200
1740,21:41:10,hit_1740_20260731_214110.csv,512,DEFECT,HIGH,76,0,0,396,0,6827153,6827153,-2833390,1468625.8,,200,196,坏棒 总长1000m 铁头 200
1741,21:41:11,hit_1741_20260731_214111.csv,512,DEFECT,HIGH,81,0,0,690,0,3994550,3994550,-3759795,477727.9,,200,490,坏棒 总长1000m 铁头 200
1742,21:41:11,hit_1742_20260731_214111.csv,512,DEFECT,HIGH,79,0,0,690,0,4855925,4855925,-3373766,895338.9,,200,490,坏棒 总长1000m 铁头 200
1743,21:41:11,hit_1743_20260731_214111.csv,512,DEFECT,HIGH,77,0,0,411,0,6108376,6108376,-3099750,1325538.3,,200,211,坏棒 总长1000m 铁头 200
1744,21:41:12,hit_1744_20260731_214112.csv,512,DEFECT,LOW,82,0,0,660,0,4111468,4111468,-4071255,374053.4,,200,460,坏棒 总长1000m 铁头 200
1745,21:41:12,hit_1745_20260731_214112.csv,512,DEFECT,HIGH,78,0,0,705,0,6529655,6529655,-3277085,1427282.6,,200,505,坏棒 总长1000m 铁头 200
1746,21:41:12,hit_1746_20260731_214112.csv,512,DEFECT,HIGH,79,0,0,719,0,5086575,5086575,-3445962,1024123.8,,200,519,坏棒 总长1000m 铁头 200
1747,21:41:13,hit_1747_20260731_214113.csv,512,DEFECT,HIGH,74,0,0,161,0,7335222,7335222,-2912718,1552396.2,,200,-39,坏棒 总长1000m 铁头 200
1748,21:41:13,hit_1748_20260731_214113.csv,512,DEFECT,HIGH,79,0,0,705,0,5570829,5570829,-3561631,1000979.0,,200,505,坏棒 总长1000m 铁头 200
1749,21:41:13,hit_1749_20260731_214113.csv,512,DEFECT,HIGH,78,0,0,690,0,6590593,6590593,-3389211,1590892.6,,200,490,坏棒 总长1000m 铁头 200
1750,21:41:14,hit_1750_20260731_214114.csv,512,DEFECT,HIGH,77,0,0,705,0,6338335,6338335,-3216486,1289847.8,,200,505,坏棒 总长1000m 铁头 200
1751,21:41:14,hit_1751_20260731_214114.csv,512,DEFECT,HIGH,78,0,0,719,0,5230071,5230071,-3390951,1196475.1,,200,519,坏棒 总长1000m 铁头 200
1752,21:41:14,hit_1752_20260731_214114.csv,512,DEFECT,HIGH,80,0,0,690,0,5805520,5805520,-3623000,1023996.3,,200,490,坏棒 总长1000m 铁头 200
1753,21:41:15,hit_1753_20260731_214115.csv,512,DEFECT,HIGH,80,0,0,705,0,5495467,5495467,-3703850,845205.6,,200,505,坏棒 总长1000m 铁头 200
1754,21:41:15,hit_1754_20260731_214115.csv,512,DEFECT,HIGH,80,0,0,705,0,5822720,5822720,-3613312,1042341.8,,200,505,坏棒 总长1000m 铁头 200
1755,21:41:15,hit_1755_20260731_214115.csv,512,DEFECT,HIGH,77,0,0,411,0,6536104,6536104,-3096470,1404261.6,,200,211,坏棒 总长1000m 铁头 200
1756,21:41:16,hit_1756_20260731_214116.csv,512,DEFECT,HIGH,79,0,0,646,0,5885385,5885385,-3560519,928265.6,,200,446,坏棒 总长1000m 铁头 200
1757,21:41:16,hit_1757_20260731_214116.csv,512,DEFECT,HIGH,76,0,0,425,0,5424738,5424738,-3104824,1050659.6,,200,225,坏棒 总长1000m 铁头 200
1758,21:41:16,hit_1758_20260731_214116.csv,512,DEFECT,HIGH,79,0,0,675,0,4597055,4597055,-3492992,754185.1,,200,475,坏棒 总长1000m 铁头 200
1759,21:41:16,hit_1759_20260731_214116.csv,512,DEFECT,HIGH,81,0,0,646,0,5653264,5653264,-4131917,632688.6,,200,446,坏棒 总长1000m 铁头 200
1760,21:41:17,hit_1760_20260731_214117.csv,512,DEFECT,LOW,85,0,0,572,0,4311508,3559415,-4311508,60094.5,,200,372,坏棒 总长1000m 铁头 200
1761,21:41:17,hit_1761_20260731_214117.csv,512,DEFECT,LOW,83,0,0,631,0,4239948,3688217,-4239948,216737.9,,200,431,坏棒 总长1000m 铁头 200
1762,21:41:17,hit_1762_20260731_214117.csv,512,DEFECT,HIGH,87,0,0,587,0,5565385,5565385,-4533361,457591.3,,200,387,坏棒 总长1000m 铁头 200
1763,21:41:18,hit_1763_20260731_214118.csv,512,DEFECT,HIGH,79,0,0,675,0,5019284,5019284,-3504419,903690.3,,200,475,坏棒 总长1000m 铁头 200
1764,21:41:18,hit_1764_20260731_214118.csv,512,DEFECT,HIGH,81,0,0,690,0,5322702,5322702,-3812802,755188.8,,200,490,坏棒 总长1000m 铁头 200
1765,21:41:18,hit_1765_20260731_214118.csv,512,DEFECT,HIGH,78,0,0,396,0,5236212,5236212,-3205636,923901.9,,200,196,坏棒 总长1000m 铁头 200
1766,21:41:19,hit_1766_20260731_214119.csv,512,DEFECT,HIGH,79,0,0,690,0,4059033,4059033,-3603905,565510.0,,200,490,坏棒 总长1000m 铁头 200
1767,21:41:19,hit_1767_20260731_214119.csv,512,DEFECT,HIGH,85,0,0,631,0,5090501,5090501,-4442699,354253.0,,200,431,坏棒 总长1000m 铁头 200
1768,21:41:21,hit_1768_20260731_214121.csv,512,DEFECT,HIGH,79,0,0,719,0,5747954,5747954,-3494609,1335856.9,,200,519,坏棒 总长1000m 铁头 200
1769,21:41:21,hit_1769_20260731_214121.csv,512,DEFECT,HIGH,79,0,0,705,0,5242921,5242921,-3440322,902078.6,,200,505,坏棒 总长1000m 铁头 200
1770,21:41:21,hit_1770_20260731_214121.csv,512,DEFECT,LOW,83,0,0,675,0,4298020,4140912,-4298020,278810.2,,200,475,坏棒 总长1000m 铁头 200
1771,21:41:22,hit_1771_20260731_214122.csv,512,DEFECT,HIGH,81,0,0,719,0,5828142,5828142,-3858976,962248.2,,200,519,坏棒 总长1000m 铁头 200
1772,21:41:22,hit_1772_20260731_214122.csv,512,DEFECT,HIGH,81,0,0,719,0,5765608,5765608,-3800250,917508.4,,200,519,坏棒 总长1000m 铁头 200
1773,21:41:22,hit_1773_20260731_214122.csv,512,DEFECT,HIGH,78,0,0,690,0,6897987,6897987,-3235363,1541888.7,,200,490,坏棒 总长1000m 铁头 200
1774,21:41:22,hit_1774_20260731_214122.csv,512,DEFECT,HIGH,80,0,0,705,0,6791661,6791661,-3726956,1371749.1,,200,505,坏棒 总长1000m 铁头 200
1775,21:41:23,hit_1775_20260731_214123.csv,512,DEFECT,HIGH,79,0,0,690,0,7084417,7084417,-3398308,1560694.0,,200,490,坏棒 总长1000m 铁头 200
1776,21:41:23,hit_1776_20260731_214123.csv,512,DEFECT,HIGH,81,0,0,675,0,6151233,6151233,-3794857,994994.6,,200,475,坏棒 总长1000m 铁头 200
1777,21:41:23,hit_1777_20260731_214123.csv,512,DEFECT,HIGH,79,0,0,705,0,6492787,6492787,-3498820,1304166.7,,200,505,坏棒 总长1000m 铁头 200
1778,21:41:24,hit_1778_20260731_214124.csv,512,DEFECT,HIGH,78,0,0,690,0,6291400,6291400,-3404782,1274767.0,,200,490,坏棒 总长1000m 铁头 200
1779,21:41:24,hit_1779_20260731_214124.csv,512,DEFECT,HIGH,80,0,0,705,0,6465749,6465749,-3690122,1194945.0,,200,505,坏棒 总长1000m 铁头 200
1780,21:41:24,hit_1780_20260731_214124.csv,512,DEFECT,HIGH,76,0,0,425,0,7931169,7931169,-2962902,1837737.6,,200,225,坏棒 总长1000m 铁头 200
1781,21:41:25,hit_1781_20260731_214125.csv,512,DEFECT,HIGH,79,0,0,660,0,6873986,6873986,-3562685,1376443.6,,200,460,坏棒 总长1000m 铁头 200
1782,21:41:30,hit_1782_20260731_214130.csv,512,DEFECT,HIGH,74,0,0,146,0,7958528,7958528,-3365283,1787720.1,,200,-54,坏棒 总长1000m 铁头 200
1783,21:41:31,hit_1783_20260731_214131.csv,512,DEFECT,HIGH,78,0,0,719,0,5523231,5523231,-3679683,1019850.6,,200,519,坏棒 总长1000m 铁头 200
1784,21:41:31,hit_1784_20260731_214131.csv,512,DEFECT,HIGH,75,0,0,425,0,6920281,6920281,-3111458,1541546.1,,200,225,坏棒 总长1000m 铁头 200
1785,21:41:32,hit_1785_20260731_214132.csv,512,DEFECT,HIGH,77,0,0,455,0,6643716,6643716,-3023291,1724344.2,,200,255,坏棒 总长1000m 铁头 200
1786,21:41:32,hit_1786_20260731_214132.csv,512,DEFECT,HIGH,74,0,0,470,0,7276955,7276955,-2688481,2126310.5,,200,270,坏棒 总长1000m 铁头 200
1787,21:41:32,hit_1787_20260731_214132.csv,512,DEFECT,HIGH,74,0,0,470,0,7189297,7189297,-2613666,1943737.8,,200,270,坏棒 总长1000m 铁头 200
1788,21:41:33,hit_1788_20260731_214133.csv,512,DEFECT,HIGH,74,0,0,455,0,6725789,6725789,-2530746,1734246.7,,200,255,坏棒 总长1000m 铁头 200
1789,21:41:33,hit_1789_20260731_214133.csv,512,DEFECT,HIGH,76,0,0,396,0,6420595,6420595,-3776372,1085296.6,,200,196,坏棒 总长1000m 铁头 200
1790,21:41:33,hit_1790_20260731_214133.csv,512,DEFECT,HIGH,77,0,0,749,0,5265182,5265182,-3060188,1254161.1,,200,549,坏棒 总长1000m 铁头 200
1791,21:41:34,hit_1791_20260731_214134.csv,512,DEFECT,HIGH,73,0,0,205,0,6916561,6916561,-2407897,1670341.7,,200,5,坏棒 总长1000m 铁头 200
1792,21:41:34,hit_1792_20260731_214134.csv,512,DEFECT,HIGH,73,0,0,205,0,7747398,7747398,-2150269,2379087.8,,200,5,坏棒 总长1000m 铁头 200
1793,21:41:35,hit_1793_20260731_214135.csv,512,DEFECT,HIGH,73,0,0,411,0,6931596,6931596,-2355348,1998262.3,,200,211,坏棒 总长1000m 铁头 200
1794,21:41:35,hit_1794_20260731_214135.csv,512,DEFECT,HIGH,74,0,0,205,0,6994109,6994109,-2472494,1857739.0,,200,5,坏棒 总长1000m 铁头 200
1795,21:41:35,hit_1795_20260731_214135.csv,512,DEFECT,HIGH,77,0,0,396,0,6478617,6478617,-3003939,1686470.8,,200,196,坏棒 总长1000m 铁头 200
1796,21:41:36,hit_1796_20260731_214136.csv,512,DEFECT,HIGH,73,0,0,425,0,6559021,6559021,-2453573,1979137.1,,200,225,坏棒 总长1000m 铁头 200
1797,21:41:36,hit_1797_20260731_214136.csv,512,DEFECT,HIGH,75,0,0,396,0,6309671,6309671,-2521294,1619472.2,,200,196,坏棒 总长1000m 铁头 200
1798,21:41:36,hit_1798_20260731_214136.csv,512,DEFECT,HIGH,76,0,0,719,0,5638933,5638933,-2931550,1321208.7,,200,519,坏棒 总长1000m 铁头 200
1799,21:41:37,hit_1799_20260731_214137.csv,512,DEFECT,HIGH,76,0,0,470,0,6294243,6294243,-2909183,1530152.5,,200,270,坏棒 总长1000m 铁头 200
1800,21:41:37,hit_1800_20260731_214137.csv,512,DEFECT,HIGH,74,0,0,190,0,7386430,7386430,-2613157,1801519.5,,200,-10,坏棒 总长1000m 铁头 200
1801,21:41:38,hit_1801_20260731_214138.csv,512,DEFECT,HIGH,75,0,0,719,0,5219175,5219175,-2839441,1128556.8,,200,519,坏棒 总长1000m 铁头 200
1802,21:41:38,hit_1802_20260731_214138.csv,512,DEFECT,HIGH,76,0,0,734,0,5500735,5500735,-2744351,1183249.6,,200,534,坏棒 总长1000m 铁头 200
1803,21:41:38,hit_1803_20260731_214138.csv,512,DEFECT,HIGH,76,0,0,440,0,6506611,6506611,-2878746,1530121.6,,200,240,坏棒 总长1000m 铁头 200
1804,21:41:39,hit_1804_20260731_214139.csv,512,DEFECT,HIGH,73,0,0,440,0,6734293,6734293,-2389035,1713168.3,,200,240,坏棒 总长1000m 铁头 200
1805,21:41:39,hit_1805_20260731_214139.csv,512,DEFECT,HIGH,76,0,0,734,0,5755052,5755052,-2903160,1407803.1,,200,534,坏棒 总长1000m 铁头 200
1806,21:41:40,hit_1806_20260731_214140.csv,512,DEFECT,HIGH,74,0,0,470,0,6233962,6233962,-2641593,1564166.0,,200,270,坏棒 总长1000m 铁头 200
1807,21:41:40,hit_1807_20260731_214140.csv,512,DEFECT,HIGH,75,0,0,440,0,6408060,6408060,-2865912,1452333.9,,200,240,坏棒 总长1000m 铁头 200
1808,21:41:40,hit_1808_20260731_214140.csv,512,DEFECT,HIGH,75,0,0,470,0,6119768,6119768,-3159913,1257600.9,,200,270,坏棒 总长1000m 铁头 200
1809,21:41:41,hit_1809_20260731_214141.csv,512,DEFECT,HIGH,75,0,0,705,0,5887068,5887068,-3332376,1130959.8,,200,505,坏棒 总长1000m 铁头 200
1810,21:41:41,hit_1810_20260731_214141.csv,512,DEFECT,HIGH,76,0,0,719,0,5450629,5450629,-3510669,910267.3,,200,519,坏棒 总长1000m 铁头 200
1811,21:41:41,hit_1811_20260731_214141.csv,512,DEFECT,HIGH,75,0,0,719,0,5735266,5735266,-3280591,1096594.6,,200,519,坏棒 总长1000m 铁头 200
1812,21:41:42,hit_1812_20260731_214142.csv,512,DEFECT,HIGH,75,0,0,455,0,6099191,6099191,-3213690,1234912.4,,200,255,坏棒 总长1000m 铁头 200
1813,21:41:42,hit_1813_20260731_214142.csv,512,DEFECT,HIGH,76,0,0,470,0,5728434,5728434,-3322736,1086445.8,,200,270,坏棒 总长1000m 铁头 200
1814,21:41:43,hit_1814_20260731_214143.csv,512,DEFECT,HIGH,75,0,0,455,0,6513316,6513316,-3296047,1343732.3,,200,255,坏棒 总长1000m 铁头 200
1815,21:41:43,hit_1815_20260731_214143.csv,512,DEFECT,HIGH,80,0,0,690,0,5683612,5683612,-3607906,1006424.3,,200,490,坏棒 总长1000m 铁头 200
1816,21:41:43,hit_1816_20260731_214143.csv,512,DEFECT,HIGH,79,0,0,705,0,5023387,5023387,-4191343,510243.0,,200,505,坏棒 总长1000m 铁头 200
1817,21:41:44,hit_1817_20260731_214144.csv,512,DEFECT,HIGH,79,0,0,690,0,5171063,5171063,-4000304,610110.5,,200,490,坏棒 总长1000m 铁头 200
1818,21:41:44,hit_1818_20260731_214144.csv,512,DEFECT,HIGH,77,0,0,719,0,5363802,5363802,-3678419,817261.1,,200,519,坏棒 总长1000m 铁头 200
1819,21:41:44,hit_1819_20260731_214144.csv,512,DEFECT,HIGH,79,0,0,705,0,5539708,5539708,-4130093,659254.9,,200,505,坏棒 总长1000m 铁头 200
1820,21:41:45,hit_1820_20260731_214145.csv,512,DEFECT,HIGH,78,0,0,705,0,6413151,6413151,-3744807,1082982.5,,200,505,坏棒 总长1000m 铁头 200
1821,21:41:45,hit_1821_20260731_214145.csv,512,DEFECT,HIGH,79,0,0,719,0,5729434,5729434,-4071890,745822.2,,200,519,坏棒 总长1000m 铁头 200
1822,21:41:45,hit_1822_20260731_214145.csv,512,DEFECT,HIGH,76,0,0,719,0,5897653,5897653,-3753237,938124.7,,200,519,坏棒 总长1000m 铁头 200
1823,21:41:46,hit_1823_20260731_214146.csv,512,DEFECT,HIGH,79,0,0,690,0,6265744,6265744,-3638685,1051080.4,,200,490,坏棒 总长1000m 铁头 200
1824,21:41:46,hit_1824_20260731_214146.csv,512,DEFECT,HIGH,78,0,0,705,0,5346324,5346324,-3577850,817227.0,,200,505,坏棒 总长1000m 铁头 200
1825,21:41:47,hit_1825_20260731_214147.csv,512,DEFECT,HIGH,84,0,0,675,0,5542087,5542087,-4639866,403540.6,,200,475,坏棒 总长1000m 铁头 200
1826,21:41:47,hit_1826_20260731_214147.csv,512,DEFECT,HIGH,86,0,0,646,0,5674128,5674128,-5179657,242939.3,,200,446,坏棒 总长1000m 铁头 200
1827,21:41:50,hit_1827_20260731_214150.csv,512,DEFECT,HIGH,83,0,0,690,0,4943882,4943882,-4668453,278102.2,,200,490,坏棒 总长1000m 铁头 200
1828,21:41:50,hit_1828_20260731_214150.csv,512,DEFECT,HIGH,78,0,0,705,0,4962187,4962187,-3896198,591783.9,,200,505,坏棒 总长1000m 铁头 200
1829,21:41:50,hit_1829_20260731_214150.csv,512,DEFECT,LOW,85,0,0,646,0,5836073,5272192,-5836073,-135684.8,,200,446,坏棒 总长1000m 铁头 200
1830,21:41:51,hit_1830_20260731_214151.csv,512,DEFECT,HIGH,75,0,0,396,0,7482357,7482357,-3571694,1314213.1,,200,196,坏棒 总长1000m 铁头 200
1831,21:41:51,hit_1831_20260731_214151.csv,512,DEFECT,HIGH,73,0,0,176,0,7574994,7574994,-3037290,1888412.8,,200,-24,坏棒 总长1000m 铁头 200
1832,21:41:56,hit_1832_20260731_214156.csv,512,DEFECT,LOW,81,0,0,719,0,4225440,4225440,-4082952,263549.9,,200,519,坏棒 总长1000m 铁头 200
1833,21:41:57,hit_1833_20260731_214157.csv,512,DEFECT,HIGH,95,0,0,146,0,6907164,6907164,-3250495,1410530.5,,200,-54,坏棒 总长1000m 铁头 200
1834,21:41:57,hit_1834_20260731_214157.csv,512,DEFECT,HIGH,79,0,0,705,0,4663705,4663705,-3923484,481244.5,,200,505,坏棒 总长1000m 铁头 200
1835,21:41:57,hit_1835_20260731_214157.csv,512,DEFECT,HIGH,75,0,0,470,0,6969123,6969123,-3244278,1360908.4,,200,270,坏棒 总长1000m 铁头 200
1836,21:41:58,hit_1836_20260731_214158.csv,512,DEFECT,HIGH,75,0,0,455,0,6480453,6480453,-2947620,1358065.5,,200,255,坏棒 总长1000m 铁头 200
1837,21:41:58,hit_1837_20260731_214158.csv,512,DEFECT,HIGH,78,0,0,719,0,5770364,5770364,-3468520,988941.5,,200,519,坏棒 总长1000m 铁头 200
1838,21:41:59,hit_1838_20260731_214159.csv,512,DEFECT,HIGH,77,0,0,132,0,6387396,6387396,-3895887,969391.4,,200,-68,坏棒 总长1000m 铁头 200
1839,21:41:59,hit_1839_20260731_214159.csv,512,DEFECT,HIGH,75,0,0,455,0,6752141,6752141,-2754529,1599540.1,,200,255,坏棒 总长1000m 铁头 200
1840,21:41:59,hit_1840_20260731_214159.csv,512,DEFECT,HIGH,78,0,0,719,0,5887613,5887613,-3261177,1155665.7,,200,519,坏棒 总长1000m 铁头 200
1841,21:42:00,hit_1841_20260731_214200.csv,512,DEFECT,HIGH,77,0,0,719,0,6984106,6984106,-3048076,1787275.5,,200,519,坏棒 总长1000m 铁头 200
1842,21:42:00,hit_1842_20260731_214200.csv,512,DEFECT,HIGH,73,0,0,161,0,8388607,8388607,-2585915,2346227.1,,200,-39,坏棒 总长1000m 铁头 200
1843,21:42:00,hit_1843_20260731_214200.csv,512,DEFECT,HIGH,80,0,0,734,0,4950828,4950828,-3501951,969044.2,,200,534,坏棒 总长1000m 铁头 200
1844,21:42:01,hit_1844_20260731_214201.csv,512,DEFECT,HIGH,73,0,0,425,0,6986851,6986851,-2384603,1930240.6,,200,225,坏棒 总长1000m 铁头 200
1845,21:42:01,hit_1845_20260731_214201.csv,512,DEFECT,HIGH,73,0,0,205,0,7123124,7123124,-2455505,1885891.0,,200,5,坏棒 总长1000m 铁头 200
1846,21:42:02,hit_1846_20260731_214202.csv,512,DEFECT,HIGH,74,0,0,455,0,6431720,6431720,-2569521,1739772.9,,200,255,坏棒 总长1000m 铁头 200
1847,21:42:02,hit_1847_20260731_214202.csv,512,DEFECT,HIGH,73,0,0,205,0,6724051,6724051,-2585392,1736719.3,,200,5,坏棒 总长1000m 铁头 200
1848,21:42:02,hit_1848_20260731_214202.csv,512,DEFECT,HIGH,72,0,0,176,0,8388607,8388607,-2021554,2647584.1,,200,-24,坏棒 总长1000m 铁头 200
1849,21:42:03,hit_1849_20260731_214203.csv,512,DEFECT,HIGH,73,0,0,161,0,8132848,8132848,-2346670,2535377.0,,200,-39,坏棒 总长1000m 铁头 200
1850,21:42:03,hit_1850_20260731_214203.csv,512,DEFECT,HIGH,73,0,0,132,0,8388607,8388607,-2362212,2744810.2,,200,-68,坏棒 总长1000m 铁头 200
1851,21:42:04,hit_1851_20260731_214204.csv,512,DEFECT,HIGH,74,0,0,146,0,8388607,8388607,-2511926,3145824.8,,200,-54,坏棒 总长1000m 铁头 200
1852,21:42:04,hit_1852_20260731_214204.csv,512,DEFECT,HIGH,74,0,0,146,0,8388607,8388607,-2404388,2868427.5,,200,-54,坏棒 总长1000m 铁头 200
1853,21:42:04,hit_1853_20260731_214204.csv,512,DEFECT,HIGH,72,0,0,132,0,8388607,8388607,-2097253,4366399.4,,200,-68,坏棒 总长1000m 铁头 200
1854,21:42:05,hit_1854_20260731_214205.csv,512,DEFECT,HIGH,74,0,0,146,0,8388607,8388607,-2444535,3910833.7,,200,-54,坏棒 总长1000m 铁头 200
1855,21:42:05,hit_1855_20260731_214205.csv,512,DEFECT,HIGH,73,0,0,176,0,7993227,7993227,-2316966,2385516.6,,200,-24,坏棒 总长1000m 铁头 200
1856,21:42:06,hit_1856_20260731_214206.csv,512,DEFECT,HIGH,73,0,0,176,0,3908382,3908382,-3506579,520204.7,,200,-24,坏棒 总长1000m 铁头 200
1857,21:42:06,hit_1857_20260731_214206.csv,512,DEFECT,HIGH,73,0,0,161,0,7757558,7757558,-2581466,1983083.6,,200,-39,坏棒 总长1000m 铁头 200
1858,21:42:06,hit_1858_20260731_214206.csv,512,DEFECT,HIGH,76,0,0,705,0,4263949,4263949,-3378374,623328.2,,200,505,坏棒 总长1000m 铁头 200
1859,21:42:07,hit_1859_20260731_214207.csv,512,DEFECT,HIGH,75,0,0,440,0,4869269,4869269,-3295897,809527.9,,200,240,坏棒 总长1000m 铁头 200
1860,21:42:07,hit_1860_20260731_214207.csv,512,DEFECT,HIGH,71,0,0,161,0,8274519,8274519,-2128375,2517106.8,,200,-39,坏棒 总长1000m 铁头 200
1861,21:42:07,hit_1861_20260731_214207.csv,512,DEFECT,HIGH,75,0,0,470,0,4782195,4782195,-2794368,1090702.8,,200,270,坏棒 总长1000m 铁头 200
1862,21:42:08,hit_1862_20260731_214208.csv,512,DEFECT,HIGH,71,0,0,161,0,8388607,8388607,-1787819,3193612.3,,200,-39,坏棒 总长1000m 铁头 200
1863,21:42:08,hit_1863_20260731_214208.csv,512,DEFECT,HIGH,73,0,0,176,0,6127412,6127412,-2668185,1470829.3,,200,-24,坏棒 总长1000m 铁头 200
1864,21:42:09,hit_1864_20260731_214209.csv,512,DEFECT,HIGH,70,0,0,161,0,7450517,7450517,-2317894,2159603.7,,200,-39,坏棒 总长1000m 铁头 200
1865,21:42:09,hit_1865_20260731_214209.csv,512,DEFECT,HIGH,70,0,0,161,0,8388607,8388607,-1565452,3424990.4,,200,-39,坏棒 总长1000m 铁头 200
1866,21:42:09,hit_1866_20260731_214209.csv,512,DEFECT,HIGH,71,0,0,176,0,7691790,7691790,-2460010,2099964.1,,200,-24,坏棒 总长1000m 铁头 200
1867,21:42:10,hit_1867_20260731_214210.csv,512,DEFECT,LOW,77,0,0,705,0,3853595,3853595,-3071473,338989.3,,200,505,坏棒 总长1000m 铁头 200
1868,21:42:10,hit_1868_20260731_214210.csv,512,DEFECT,HIGH,73,0,0,455,0,5011387,5011387,-2428538,1266512.7,,200,255,坏棒 总长1000m 铁头 200
1869,21:42:10,hit_1869_20260731_214210.csv,512,DEFECT,HIGH,75,0,0,425,0,5266264,5266264,-2778094,1126145.9,,200,225,坏棒 总长1000m 铁头 200
1870,21:42:11,hit_1870_20260731_214211.csv,512,DEFECT,HIGH,72,0,0,190,0,6597630,6597630,-2974974,1438691.0,,200,-10,坏棒 总长1000m 铁头 200
1871,21:42:11,hit_1871_20260731_214211.csv,512,DEFECT,HIGH,74,0,0,411,0,6259588,6259588,-2504472,1504732.8,,200,211,坏棒 总长1000m 铁头 200
1872,21:42:12,hit_1872_20260731_214212.csv,512,DEFECT,HIGH,76,0,0,411,0,5935882,5935882,-2743061,1330550.9,,200,211,坏棒 总长1000m 铁头 200
1873,21:42:12,hit_1873_20260731_214212.csv,512,DEFECT,HIGH,77,0,0,396,0,6059853,6059853,-3071263,1354311.0,,200,196,坏棒 总长1000m 铁头 200
1874,21:42:12,hit_1874_20260731_214212.csv,512,DEFECT,HIGH,72,0,0,396,0,6850062,6850062,-2427608,1700968.9,,200,196,坏棒 总长1000m 铁头 200
1875,21:42:13,hit_1875_20260731_214213.csv,512,DEFECT,HIGH,76,0,0,337,0,5995714,5995714,-2906374,1390197.5,,200,137,坏棒 总长1000m 铁头 200
1876,21:42:13,hit_1876_20260731_214213.csv,512,DEFECT,HIGH,75,0,0,381,0,5137194,5137194,-2996628,1033767.2,,200,181,坏棒 总长1000m 铁头 200
1877,21:42:13,hit_1877_20260731_214213.csv,512,DEFECT,HIGH,77,0,0,749,0,5675628,5675628,-3180130,1183526.1,,200,549,坏棒 总长1000m 铁头 200
1878,21:42:14,hit_1878_20260731_214214.csv,512,DEFECT,HIGH,99,0,0,558,0,5746978,5746978,-2157960,1678099.9,,200,358,坏棒 总长1000m 铁头 200
1879,21:42:14,hit_1879_20260731_214214.csv,512,DEFECT,HIGH,75,0,0,440,0,6372993,6372993,-2626831,1771738.0,,200,240,坏棒 总长1000m 铁头 200
1880,21:42:14,hit_1880_20260731_214214.csv,512,DEFECT,HIGH,70,0,0,161,0,8388607,8388607,-1697691,3942433.4,,200,-39,坏棒 总长1000m 铁头 200
1881,21:42:15,hit_1881_20260731_214215.csv,512,DEFECT,HIGH,73,0,0,176,0,7867140,7867140,-3044112,1742296.5,,200,-24,坏棒 总长1000m 铁头 200
1882,21:42:15,hit_1882_20260731_214215.csv,512,DEFECT,HIGH,75,0,0,190,0,6966599,6966599,-2803481,1814782.5,,200,-10,坏棒 总长1000m 铁头 200
1883,21:42:16,hit_1883_20260731_214216.csv,512,DEFECT,HIGH,74,0,0,190,0,7646827,7646827,-2616578,1817096.6,,200,-10,坏棒 总长1000m 铁头 200
1884,21:42:16,hit_1884_20260731_214216.csv,512,DEFECT,HIGH,76,0,0,425,0,7046789,7046789,-2788179,1937073.1,,200,225,坏棒 总长1000m 铁头 200
1885,21:42:16,hit_1885_20260731_214216.csv,512,DEFECT,HIGH,74,0,0,440,0,6886574,6886574,-2628524,1882720.1,,200,240,坏棒 总长1000m 铁头 200
1886,21:42:17,hit_1886_20260731_214217.csv,512,DEFECT,HIGH,73,0,0,190,0,8388607,8388607,-2248368,2851424.1,,200,-10,坏棒 总长1000m 铁头 200
1887,21:42:17,hit_1887_20260731_214217.csv,512,DEFECT,HIGH,76,0,0,763,0,5923330,5923330,-2940715,1570955.4,,200,563,坏棒 总长1000m 铁头 200
1888,21:42:17,hit_1888_20260731_214217.csv,512,DEFECT,HIGH,75,0,0,176,0,7862727,7862727,-2730537,2067601.1,,200,-24,坏棒 总长1000m 铁头 200
1889,21:42:18,hit_1889_20260731_214218.csv,512,DEFECT,HIGH,75,0,0,749,0,6354836,6354836,-2779519,1886777.2,,200,549,坏棒 总长1000m 铁头 200
1890,21:42:21,hit_1890_20260731_214221.csv,512,DEFECT,HIGH,77,0,0,719,0,5255426,5255426,-3405448,881696.5,,200,519,坏棒 总长1000m 铁头 200
1891,21:42:21,hit_1891_20260731_214221.csv,512,DEFECT,HIGH,74,0,0,411,0,6613838,6613838,-2537075,1676153.3,,200,211,坏棒 总长1000m 铁头 200
1892,21:42:21,hit_1892_20260731_214221.csv,512,DEFECT,HIGH,74,0,0,411,0,7682582,7682582,-2555288,2001640.6,,200,211,坏棒 总长1000m 铁头 200
1893,21:42:22,hit_1893_20260731_214222.csv,512,DEFECT,HIGH,77,0,0,396,0,7036321,7036321,-3162213,1539700.6,,200,196,坏棒 总长1000m 铁头 200
1894,21:42:22,hit_1894_20260731_214222.csv,512,DEFECT,HIGH,77,0,0,719,0,5462292,5462292,-3129773,1364349.4,,200,519,坏棒 总长1000m 铁头 200
1895,21:42:23,hit_1895_20260731_214223.csv,512,DEFECT,HIGH,79,0,0,719,0,5392460,5392460,-3592735,897677.7,,200,519,坏棒 总长1000m 铁头 200
1896,21:42:23,hit_1896_20260731_214223.csv,512,DEFECT,HIGH,76,0,0,719,0,5838440,5838440,-3038201,1227767.4,,200,519,坏棒 总长1000m 铁头 200
1897,21:42:23,hit_1897_20260731_214223.csv,512,DEFECT,HIGH,76,0,0,719,0,6157257,6157257,-3051910,1381645.4,,200,519,坏棒 总长1000m 铁头 200
1898,21:42:24,hit_1898_20260731_214224.csv,512,DEFECT,HIGH,80,0,0,690,0,5275565,5275565,-3777617,742885.8,,200,490,坏棒 总长1000m 铁头 200
1899,21:42:24,hit_1899_20260731_214224.csv,512,DEFECT,HIGH,76,0,0,411,0,7366661,7366661,-3060843,1578055.2,,200,211,坏棒 总长1000m 铁头 200
1900,21:42:24,hit_1900_20260731_214224.csv,512,DEFECT,HIGH,77,0,0,690,0,5288096,5288096,-3250799,908465.4,,200,490,坏棒 总长1000m 铁头 200
1901,21:42:25,hit_1901_20260731_214225.csv,512,DEFECT,HIGH,75,0,0,440,0,7282958,7282958,-2912793,1646749.0,,200,240,坏棒 总长1000m 铁头 200
1902,21:42:25,hit_1902_20260731_214225.csv,512,DEFECT,HIGH,76,0,0,719,0,6027555,6027555,-2965181,1287288.7,,200,519,坏棒 总长1000m 铁头 200
1903,21:42:25,hit_1903_20260731_214225.csv,512,DEFECT,HIGH,76,0,0,425,0,7296223,7296223,-2953678,1592614.1,,200,225,坏棒 总长1000m 铁头 200
1904,21:42:26,hit_1904_20260731_214226.csv,512,DEFECT,HIGH,74,0,0,161,0,8388607,8388607,-2540154,2826454.4,,200,-39,坏棒 总长1000m 铁头 200
1905,21:42:26,hit_1905_20260731_214226.csv,512,DEFECT,HIGH,78,0,0,367,0,7426530,7426530,-3199362,1786132.0,,200,167,坏棒 总长1000m 铁头 200
1906,21:42:27,hit_1906_20260731_214227.csv,512,DEFECT,HIGH,76,0,0,425,0,6993876,6993876,-2930013,1570386.5,,200,225,坏棒 总长1000m 铁头 200
1907,21:42:27,hit_1907_20260731_214227.csv,512,DEFECT,HIGH,73,0,0,411,0,7724240,7724240,-2583766,1968510.0,,200,211,坏棒 总长1000m 铁头 200
1908,21:42:27,hit_1908_20260731_214227.csv,512,DEFECT,HIGH,75,0,0,425,0,7456663,7456663,-3034079,1641187.3,,200,225,坏棒 总长1000m 铁头 200
1909,21:42:27,hit_1909_20260731_214227.csv,512,DEFECT,HIGH,98,0,0,117,0,7465125,7465125,-2901050,1803444.5,,200,-83,坏棒 总长1000m 铁头 200
1910,21:42:28,hit_1910_20260731_214228.csv,512,DEFECT,HIGH,81,0,0,675,0,5533092,5533092,-3823597,780884.3,,200,475,坏棒 总长1000m 铁头 200
1911,21:42:28,hit_1911_20260731_214228.csv,512,DEFECT,HIGH,92,0,0,161,0,8388607,8388607,-1622687,2938850.9,,200,-39,坏棒 总长1000m 铁头 200
1912,21:42:29,hit_1912_20260731_214229.csv,512,DEFECT,HIGH,99,0,0,161,0,7535427,7535427,-2931243,1700468.9,,200,-39,坏棒 总长1000m 铁头 200
1913,21:42:29,hit_1913_20260731_214229.csv,512,DEFECT,HIGH,99,0,0,176,0,7817542,7817542,-2525669,2062742.2,,200,-24,坏棒 总长1000m 铁头 200
1914,21:42:29,hit_1914_20260731_214229.csv,512,DEFECT,HIGH,75,0,0,440,0,7397066,7397066,-2863386,1668663.7,,200,240,坏棒 总长1000m 铁头 200
1915,21:42:30,hit_1915_20260731_214230.csv,512,DEFECT,HIGH,74,0,0,675,0,6210332,6210332,-3368255,1153514.6,,200,475,坏棒 总长1000m 铁头 200
1916,21:42:30,hit_1916_20260731_214230.csv,512,DEFECT,HIGH,78,0,0,396,0,7226972,7226972,-3336872,1372709.5,,200,196,坏棒 总长1000m 铁头 200
1917,21:42:30,hit_1917_20260731_214230.csv,512,DEFECT,HIGH,74,0,0,411,0,8008083,8008083,-2913709,1875215.8,,200,211,坏棒 总长1000m 铁头 200
1918,21:42:31,hit_1918_20260731_214231.csv,512,DEFECT,HIGH,76,0,0,719,0,6253123,6253123,-3148879,1216946.7,,200,519,坏棒 总长1000m 铁头 200
1919,21:42:31,hit_1919_20260731_214231.csv,512,DEFECT,HIGH,75,0,0,411,0,8286958,8286958,-2694013,2045476.0,,200,211,坏棒 总长1000m 铁头 200
1920,21:42:31,hit_1920_20260731_214231.csv,512,DEFECT,HIGH,75,0,0,455,0,7251972,7251972,-2907443,1591031.9,,200,255,坏棒 总长1000m 铁头 200
1921,21:42:32,hit_1921_20260731_214232.csv,512,DEFECT,HIGH,99,0,0,190,0,8388607,8388607,-2825073,2121145.8,,200,-10,坏棒 总长1000m 铁头 200
1922,21:42:32,hit_1922_20260731_214232.csv,512,DEFECT,HIGH,75,0,0,455,0,7305041,7305041,-3001300,1568458.5,,200,255,坏棒 总长1000m 铁头 200
1923,21:42:32,hit_1923_20260731_214232.csv,512,DEFECT,HIGH,75,0,0,455,0,7660920,7660920,-3101972,1590765.9,,200,255,坏棒 总长1000m 铁头 200
1924,21:42:32,hit_1924_20260731_214232.csv,512,DEFECT,HIGH,74,0,0,440,0,8262588,8262588,-2694966,2043832.5,,200,240,坏棒 总长1000m 铁头 200
1925,21:42:33,hit_1925_20260731_214233.csv,512,DEFECT,HIGH,74,0,0,440,0,7897567,7897567,-2794057,1853393.9,,200,240,坏棒 总长1000m 铁头 200
1926,21:42:33,hit_1926_20260731_214233.csv,512,DEFECT,HIGH,75,0,0,425,0,7771470,7771470,-2882211,1740888.6,,200,225,坏棒 总长1000m 铁头 200
1927,21:42:33,hit_1927_20260731_214233.csv,512,DEFECT,HIGH,74,0,0,411,0,8188220,8188220,-2867672,1941237.1,,200,211,坏棒 总长1000m 铁头 200
1928,21:42:34,hit_1928_20260731_214234.csv,512,DEFECT,HIGH,73,0,0,161,0,8388607,8388607,-2306686,2721748.3,,200,-39,坏棒 总长1000m 铁头 200
1929,21:42:34,hit_1929_20260731_214234.csv,512,DEFECT,HIGH,72,0,0,176,0,8388607,8388607,-2327502,2347165.0,,200,-24,坏棒 总长1000m 铁头 200
1930,21:42:34,hit_1930_20260731_214234.csv,512,DEFECT,HIGH,77,0,0,719,0,6031942,6031942,-3109569,1523619.2,,200,519,坏棒 总长1000m 铁头 200
1931,21:42:35,hit_1931_20260731_214235.csv,512,DEFECT,HIGH,76,0,0,705,0,7619801,7619801,-3096005,1635629.7,,200,505,坏棒 总长1000m 铁头 200
1932,21:42:35,hit_1932_20260731_214235.csv,512,DEFECT,HIGH,74,0,0,161,0,8187528,8187528,-2885661,1881920.5,,200,-39,坏棒 总长1000m 铁头 200
1933,21:42:35,hit_1933_20260731_214235.csv,512,DEFECT,HIGH,79,0,0,690,0,6418405,6418405,-3959390,920879.3,,200,490,坏棒 总长1000m 铁头 200
1934,21:42:36,hit_1934_20260731_214236.csv,512,DEFECT,HIGH,77,0,0,705,0,7496078,7496078,-3195815,1577594.1,,200,505,坏棒 总长1000m 铁头 200
1935,21:42:36,hit_1935_20260731_214236.csv,512,DEFECT,HIGH,76,0,0,749,0,6692063,6692063,-3004181,1809487.7,,200,549,坏棒 总长1000m 铁头 200
1936,21:42:36,hit_1936_20260731_214236.csv,512,DEFECT,HIGH,78,0,0,381,0,7966648,7966648,-3343467,1686251.7,,200,181,坏棒 总长1000m 铁头 200
1937,21:42:37,hit_1937_20260731_214237.csv,512,DEFECT,HIGH,77,0,0,719,0,6938704,6938704,-3048166,1900713.2,,200,519,坏棒 总长1000m 铁头 200
1938,21:42:37,hit_1938_20260731_214237.csv,512,DEFECT,HIGH,77,0,0,396,0,7592008,7592008,-3139310,1576250.3,,200,196,坏棒 总长1000m 铁头 200
1939,21:42:37,hit_1939_20260731_214237.csv,512,DEFECT,HIGH,77,0,0,705,0,6415997,6415997,-3434556,1158765.8,,200,505,坏棒 总长1000m 铁头 200
1940,21:42:37,hit_1940_20260731_214237.csv,512,DEFECT,HIGH,77,0,0,705,0,7688299,7688299,-3035748,1703977.4,,200,505,坏棒 总长1000m 铁头 200
1941,21:42:38,hit_1941_20260731_214238.csv,512,DEFECT,HIGH,78,0,0,690,0,7415841,7415841,-3580965,1365820.4,,200,490,坏棒 总长1000m 铁头 200
1942,21:42:38,hit_1942_20260731_214238.csv,512,DEFECT,HIGH,75,0,0,396,0,7981466,7981466,-2718071,2133661.4,,200,196,坏棒 总长1000m 铁头 200
1943,21:42:38,hit_1943_20260731_214238.csv,512,DEFECT,HIGH,78,0,0,690,0,7357597,7357597,-3193963,1589266.4,,200,490,坏棒 总长1000m 铁头 200
1944,21:42:39,hit_1944_20260731_214239.csv,512,DEFECT,HIGH,78,0,0,690,0,7732804,7732804,-3376426,1569782.7,,200,490,坏棒 总长1000m 铁头 200
1945,21:42:39,hit_1945_20260731_214239.csv,512,DEFECT,HIGH,75,0,0,411,0,7627107,7627107,-3252533,1615022.8,,200,211,坏棒 总长1000m 铁头 200
1946,21:42:39,hit_1946_20260731_214239.csv,512,DEFECT,HIGH,76,0,0,719,0,7626196,7626196,-3105648,1606882.2,,200,519,坏棒 总长1000m 铁头 200
1947,21:42:40,hit_1947_20260731_214240.csv,512,DEFECT,HIGH,75,0,0,440,0,7891944,7891944,-3408089,1572488.2,,200,240,坏棒 总长1000m 铁头 200
1948,21:42:40,hit_1948_20260731_214240.csv,512,DEFECT,HIGH,82,0,0,675,0,5011334,5011334,-4441275,332017.6,,200,475,坏棒 总长1000m 铁头 200
1949,21:42:40,hit_1949_20260731_214240.csv,512,DEFECT,HIGH,78,0,0,425,0,7594189,7594189,-3575212,1372496.2,,200,225,坏棒 总长1000m 铁头 200
1950,21:42:40,hit_1950_20260731_214240.csv,512,DEFECT,HIGH,74,0,0,411,0,8187337,8187337,-3080452,1783212.4,,200,211,坏棒 总长1000m 铁头 200
1951,21:42:41,hit_1951_20260731_214241.csv,512,DEFECT,HIGH,75,0,0,455,0,7295669,7295669,-2882182,1677009.7,,200,255,坏棒 总长1000m 铁头 200
1952,21:42:41,hit_1952_20260731_214241.csv,512,DEFECT,HIGH,79,0,0,367,0,7586015,7586015,-3698561,1334445.4,,200,167,坏棒 总长1000m 铁头 200
1953,21:42:41,hit_1953_20260731_214241.csv,512,DEFECT,HIGH,78,0,0,396,0,7550292,7550292,-3319211,1620046.1,,200,196,坏棒 总长1000m 铁头 200
1954,21:42:42,hit_1954_20260731_214242.csv,512,DEFECT,HIGH,76,0,0,396,0,8388607,8388607,-2972306,2046634.6,,200,196,坏棒 总长1000m 铁头 200
1955,21:42:42,hit_1955_20260731_214242.csv,512,DEFECT,HIGH,77,0,0,381,0,7514631,7514631,-3172823,1629661.2,,200,181,坏棒 总长1000m 铁头 200
1956,21:42:42,hit_1956_20260731_214242.csv,512,DEFECT,HIGH,76,0,0,440,0,7561991,7561991,-3007697,1797229.8,,200,240,坏棒 总长1000m 铁头 200
1957,21:42:42,hit_1957_20260731_214242.csv,512,DEFECT,HIGH,86,0,0,572,0,7906276,7906276,-4589968,1134756.2,,200,372,坏棒 总长1000m 铁头 200
1958,21:42:43,hit_1958_20260731_214243.csv,512,DEFECT,HIGH,76,0,0,396,0,8042042,8042042,-2962599,1877110.0,,200,196,坏棒 总长1000m 铁头 200
1959,21:42:43,hit_1959_20260731_214243.csv,512,DEFECT,HIGH,82,0,0,705,0,4181538,4181538,-3961395,455534.6,,200,505,坏棒 总长1000m 铁头 200
1960,21:42:43,hit_1960_20260731_214243.csv,512,DEFECT,HIGH,86,0,0,572,0,8054609,8054609,-4084194,1410899.0,,200,372,坏棒 总长1000m 铁头 200
1961,21:42:44,hit_1961_20260731_214244.csv,512,DEFECT,HIGH,80,0,0,602,0,7503948,7503948,-4419305,1135786.7,,200,402,坏棒 总长1000m 铁头 200
1962,21:42:44,hit_1962_20260731_214244.csv,512,DEFECT,HIGH,79,0,0,631,0,7171155,7171155,-4545119,1004826.1,,200,431,坏棒 总长1000m 铁头 200
1963,21:42:44,hit_1963_20260731_214244.csv,512,DEFECT,HIGH,82,0,0,602,0,7643003,7643003,-4793897,1022791.4,,200,402,坏棒 总长1000m 铁头 200
1964,21:42:44,hit_1964_20260731_214244.csv,512,DEFECT,HIGH,83,0,0,602,0,7106092,7106092,-4494780,908475.1,,200,402,坏棒 总长1000m 铁头 200
1965,21:42:45,hit_1965_20260731_214245.csv,512,DEFECT,HIGH,85,0,0,587,0,7547516,7547516,-4250195,1176482.3,,200,387,坏棒 总长1000m 铁头 200
1966,21:42:45,hit_1966_20260731_214245.csv,512,DEFECT,HIGH,86,0,0,616,0,7427268,7427268,-4777898,963217.8,,200,416,坏棒 总长1000m 铁头 200
1967,21:42:45,hit_1967_20260731_214245.csv,512,DEFECT,HIGH,85,0,0,323,0,8036518,8036518,-4965708,1084272.6,,200,123,坏棒 总长1000m 铁头 200
1968,21:42:46,hit_1968_20260731_214246.csv,512,DEFECT,HIGH,83,0,0,337,0,7277853,7277853,-4588195,869049.8,,200,137,坏棒 总长1000m 铁头 200
1969,21:42:46,hit_1969_20260731_214246.csv,512,DEFECT,HIGH,86,0,0,616,0,7039854,7039854,-4884018,813944.7,,200,416,坏棒 总长1000m 铁头 200
1970,21:42:47,hit_1970_20260731_214247.csv,512,DEFECT,HIGH,79,0,0,616,0,6902330,6902330,-4318917,1003420.8,,200,416,坏棒 总长1000m 铁头 200
1971,21:42:47,hit_1971_20260731_214247.csv,512,DEFECT,HIGH,79,0,0,616,0,6887466,6887466,-4614140,877399.9,,200,416,坏棒 总长1000m 铁头 200
1972,21:42:47,hit_1972_20260731_214247.csv,512,DEFECT,HIGH,81,0,0,705,0,6071386,6071386,-4311273,860083.3,,200,505,坏棒 总长1000m 铁头 200
1973,21:42:48,hit_1973_20260731_214248.csv,512,DEFECT,HIGH,79,0,0,425,0,7359913,7359913,-3473215,1733040.8,,200,225,坏棒 总长1000m 铁头 200
1974,21:42:48,hit_1974_20260731_214248.csv,512,DEFECT,HIGH,80,0,0,705,0,7003854,7003854,-3770849,1509088.1,,200,505,坏棒 总长1000m 铁头 200
1975,21:42:48,hit_1975_20260731_214248.csv,512,DEFECT,HIGH,78,0,0,719,0,6797413,6797413,-3664769,1291783.7,,200,519,坏棒 总长1000m 铁头 200
1976,21:42:49,hit_1976_20260731_214249.csv,512,DEFECT,HIGH,79,0,0,705,0,7339889,7339889,-3536247,1587584.6,,200,505,坏棒 总长1000m 铁头 200
1977,21:42:49,hit_1977_20260731_214249.csv,512,DEFECT,HIGH,73,0,0,396,0,8067729,8067729,-3021392,1989226.2,,200,196,坏棒 总长1000m 铁头 200
1978,21:42:49,hit_1978_20260731_214249.csv,512,DEFECT,HIGH,74,0,0,411,0,7862418,7862418,-3303982,1776634.6,,200,211,坏棒 总长1000m 铁头 200
1979,21:42:50,hit_1979_20260731_214250.csv,512,DEFECT,HIGH,76,0,0,660,0,7311899,7311899,-3489475,1537504.2,,200,460,坏棒 总长1000m 铁头 200
1980,21:42:50,hit_1980_20260731_214250.csv,512,DEFECT,HIGH,78,0,0,719,0,7388921,7388921,-3311213,1710941.0,,200,519,坏棒 总长1000m 铁头 200
1981,21:42:50,hit_1981_20260731_214250.csv,512,DEFECT,HIGH,78,0,0,381,0,7828324,7828324,-3283233,1988898.2,,200,181,坏棒 总长1000m 铁头 200
1982,21:42:50,hit_1982_20260731_214250.csv,512,DEFECT,HIGH,75,0,0,675,0,7773359,7773359,-3615578,1734468.9,,200,475,坏棒 总长1000m 铁头 200
1983,21:42:51,hit_1983_20260731_214251.csv,512,DEFECT,HIGH,84,0,0,646,0,7432977,7432977,-4677291,1173560.2,,200,446,坏棒 总长1000m 铁头 200
1984,21:42:51,hit_1984_20260731_214251.csv,512,DEFECT,HIGH,98,0,0,117,0,7997343,7997343,-3126122,2080278.5,,200,-83,坏棒 总长1000m 铁头 200
1985,21:42:51,hit_1985_20260731_214251.csv,512,DEFECT,HIGH,77,0,0,675,0,7531553,7531553,-4184338,1405430.0,,200,475,坏棒 总长1000m 铁头 200
1986,21:42:52,hit_1986_20260731_214252.csv,512,DEFECT,HIGH,81,0,0,646,0,7288567,7288567,-3424265,1586634.9,,200,446,坏棒 总长1000m 铁头 200
1987,21:42:52,hit_1987_20260731_214252.csv,512,DEFECT,HIGH,86,0,0,631,0,7466560,7466560,-4411530,1206009.9,,200,431,坏棒 总长1000m 铁头 200
1988,21:42:52,hit_1988_20260731_214252.csv,512,DEFECT,HIGH,86,0,0,631,0,6959667,6959667,-4524539,1047959.3,,200,431,坏棒 总长1000m 铁头 200
1989,21:42:53,hit_1989_20260731_214253.csv,512,DEFECT,HIGH,81,0,0,631,0,6891389,6891389,-4377610,1039057.7,,200,431,坏棒 总长1000m 铁头 200
1990,21:42:53,hit_1990_20260731_214253.csv,512,DEFECT,HIGH,86,0,0,616,0,6143180,6143180,-4363161,874668.3,,200,416,坏棒 总长1000m 铁头 200
1991,21:42:53,hit_1991_20260731_214253.csv,512,DEFECT,HIGH,86,0,0,675,0,7054215,7054215,-4828024,932123.6,,200,475,坏棒 总长1000m 铁头 200
1992,21:42:53,hit_1992_20260731_214253.csv,512,DEFECT,HIGH,79,0,0,646,0,6890576,6890576,-4185985,1100409.5,,200,446,坏棒 总长1000m 铁头 200
1993,21:42:54,hit_1993_20260731_214254.csv,512,DEFECT,HIGH,77,0,0,646,0,6918567,6918567,-3886746,1294536.1,,200,446,坏棒 总长1000m 铁头 200
1994,21:42:54,hit_1994_20260731_214254.csv,512,DEFECT,HIGH,85,0,0,646,0,7295419,7295419,-4864601,1027374.3,,200,446,坏棒 总长1000m 铁头 200
1995,21:42:54,hit_1995_20260731_214254.csv,512,DEFECT,HIGH,78,0,0,719,0,7411950,7411950,-3293317,1728109.0,,200,519,坏棒 总长1000m 铁头 200
1996,21:42:55,hit_1996_20260731_214255.csv,512,DEFECT,HIGH,79,0,0,705,0,7160671,7160671,-3839538,1384538.7,,200,505,坏棒 总长1000m 铁头 200
1997,21:42:55,hit_1997_20260731_214255.csv,512,DEFECT,HIGH,76,0,0,440,0,8054905,8054905,-3096027,1979813.8,,200,240,坏棒 总长1000m 铁头 200
1998,21:42:55,hit_1998_20260731_214255.csv,512,DEFECT,HIGH,75,0,0,734,0,7404514,7404514,-2895048,2316243.5,,200,534,坏棒 总长1000m 铁头 200
1999,21:42:55,hit_1999_20260731_214255.csv,512,DEFECT,HIGH,75,0,0,455,0,7758746,7758746,-2934341,1948407.9,,200,255,坏棒 总长1000m 铁头 200
2000,21:42:56,hit_2000_20260731_214256.csv,512,DEFECT,HIGH,77,0,0,719,0,7149207,7149207,-3326017,1575173.6,,200,519,坏棒 总长1000m 铁头 200
