hit,time,file,points,state,conf,impact,defect,bottom,dist_mm,threshold,peak_abs,peak_pos,peak_neg,mean,rod_len_mm,defect_true_mm,err_mm,note
1,17:34:30,hit_001_20260730_173430.csv,512,NORMAL,HIGH,0,0,116,0,500000,5765838,5765838,-3080939,1954637.2,,800,,坏棒 总长 1000 任意重度敲 铁头 800
2,17:34:30,hit_002_20260730_173430.csv,512,NORMAL,HIGH,0,0,116,0,500000,4661444,4661444,-3617190,892593.1,,800,,坏棒 总长 1000 任意重度敲 铁头 800
3,17:34:30,hit_003_20260730_173430.csv,512,NORMAL,HIGH,0,0,115,0,500000,6405068,6405068,-3029255,2153705.8,,800,,坏棒 总长 1000 任意重度敲 铁头 800
4,17:34:30,hit_004_20260730_173430.csv,512,NORMAL,HIGH,0,0,115,0,500000,5868820,5868820,-3399597,1532994.0,,800,,坏棒 总长 1000 任意重度敲 铁头 800
5,17:34:30,hit_005_20260730_173430.csv,512,NORMAL,HIGH,0,0,116,0,500000,5228498,5228498,-3463047,1661770.2,,800,,坏棒 总长 1000 任意重度敲 铁头 800
6,17:34:31,hit_006_20260730_173431.csv,512,NORMAL,HIGH,0,0,119,0,500000,5729480,5729480,-2887531,2109399.6,,800,,坏棒 总长 1000 任意重度敲 铁头 800
7,17:34:31,hit_007_20260730_173431.csv,512,NORMAL,HIGH,0,0,118,0,500000,5105259,5105259,-4030756,555256.9,,800,,坏棒 总长 1000 任意重度敲 铁头 800
8,17:34:31,hit_008_20260730_173431.csv,512,NORMAL,HIGH,0,0,117,0,500000,5329977,5329977,-3819047,1064826.8,,800,,坏棒 总长 1000 任意重度敲 铁头 800
9,17:34:31,hit_009_20260730_173431.csv,512,NORMAL,HIGH,0,0,117,0,500000,6644218,6644218,-3675265,1973436.4,,800,,坏棒 总长 1000 任意重度敲 铁头 800
10,17:34:32,hit_010_20260730_173432.csv,512,NORMAL,HIGH,0,0,116,0,500000,7433769,7433769,-3054599,2786577.8,,800,,坏棒 总长 1000 任意重度敲 铁头 800
11,17:34:32,hit_011_20260730_173432.csv,512,NORMAL,HIGH,0,0,117,0,500000,8019258,8019258,-3223723,3109158.9,,800,,坏棒 总长 1000 任意重度敲 铁头 800
12,17:34:32,hit_012_20260730_173432.csv,512,DEFECT,HIGH,0,27,117,254,500000,6395286,6395286,-3769937,1099510.2,,800,-546,坏棒 总长 1000 任意重度敲 铁头 800
13,17:34:32,hit_013_20260730_173432.csv,512,DEFECT,HIGH,0,25,121,227,500000,4936745,4838544,-4936745,-95854.1,,800,-573,坏棒 总长 1000 任意重度敲 铁头 800
14,17:34:33,hit_014_20260730_173433.csv,512,NORMAL,HIGH,0,0,116,0,500000,5125372,5125372,-3810335,1035899.1,,800,,坏棒 总长 1000 任意重度敲 铁头 800
15,17:34:33,hit_015_20260730_173433.csv,512,NORMAL,HIGH,0,0,118,0,500000,5719235,5719235,-3747657,1459370.8,,800,,坏棒 总长 1000 任意重度敲 铁头 800
16,17:34:33,hit_016_20260730_173433.csv,512,NORMAL,HIGH,0,0,116,0,500000,5192697,5192697,-3963622,737465.0,,800,,坏棒 总长 1000 任意重度敲 铁头 800
17,17:34:33,hit_017_20260730_173433.csv,512,NORMAL,HIGH,0,0,110,0,500000,6529252,6529252,-2966057,1872936.0,,800,,坏棒 总长 1000 任意重度敲 铁头 800
18,17:34:34,hit_018_20260730_173434.csv,512,NORMAL,HIGH,0,0,114,0,500000,6501259,6501259,-3387578,2041545.6,,800,,坏棒 总长 1000 任意重度敲 铁头 800
19,17:34:34,hit_019_20260730_173434.csv,512,NORMAL,HIGH,0,0,115,0,500000,6348845,6348845,-3557325,1857022.7,,800,,坏棒 总长 1000 任意重度敲 铁头 800
20,17:34:34,hit_020_20260730_173434.csv,512,NORMAL,HIGH,0,0,113,0,500000,6738079,6738079,-2420048,2244901.8,,800,,坏棒 总长 1000 任意重度敲 铁头 800
21,17:34:34,hit_021_20260730_173434.csv,512,NORMAL,HIGH,0,0,116,0,500000,6388283,6388283,-2709483,1801216.5,,800,,坏棒 总长 1000 任意重度敲 铁头 800
22,17:34:35,hit_022_20260730_173435.csv,512,NORMAL,HIGH,0,0,111,0,500000,5272909,5272909,-3806539,612240.0,,800,,坏棒 总长 1000 任意重度敲 铁头 800
23,17:34:35,hit_023_20260730_173435.csv,512,NORMAL,LOW,0,0,0,0,500000,662693,289565,-662693,-14189.2,,800,,坏棒 总长 1000 任意重度敲 铁头 800
24,17:34:35,hit_024_20260730_173435.csv,512,NORMAL,HIGH,0,0,117,0,500000,6214875,6214875,-3491202,1822183.8,,800,,坏棒 总长 1000 任意重度敲 铁头 800
25,17:34:36,hit_025_20260730_173436.csv,512,DEFECT,HIGH,0,35,116,333,500000,7663896,7663896,-2979325,2556996.1,,800,-467,坏棒 总长 1000 任意重度敲 铁头 800
26,17:34:36,hit_026_20260730_173436.csv,512,DEFECT,HIGH,0,25,117,235,500000,6799948,6799948,-3269521,1956277.0,,800,-565,坏棒 总长 1000 任意重度敲 铁头 800
27,17:34:36,hit_027_20260730_173436.csv,512,NORMAL,HIGH,0,0,117,0,500000,5766222,5766222,-3490341,1840645.0,,800,,坏棒 总长 1000 任意重度敲 铁头 800
28,17:34:36,hit_028_20260730_173436.csv,512,NORMAL,HIGH,0,0,114,0,500000,5881782,5881782,-2936179,2210642.1,,800,,坏棒 总长 1000 任意重度敲 铁头 800
29,17:34:37,hit_029_20260730_173437.csv,512,NORMAL,HIGH,0,0,118,0,500000,4794285,4794285,-3904805,964298.4,,800,,坏棒 总长 1000 任意重度敲 铁头 800
30,17:34:37,hit_030_20260730_173437.csv,512,NORMAL,HIGH,0,0,116,0,500000,5532183,5532183,-3649162,1256107.5,,800,,坏棒 总长 1000 任意重度敲 铁头 800
31,17:34:37,hit_031_20260730_173437.csv,512,NORMAL,HIGH,0,0,117,0,500000,5358302,5358302,-3594335,1376825.2,,800,,坏棒 总长 1000 任意重度敲 铁头 800
32,17:34:37,hit_032_20260730_173437.csv,512,NORMAL,HIGH,0,0,119,0,500000,4857685,4857685,-3960244,812036.4,,800,,坏棒 总长 1000 任意重度敲 铁头 800
33,17:34:38,hit_033_20260730_173438.csv,512,NORMAL,HIGH,0,0,116,0,500000,7321641,7321641,-2957313,2846564.1,,800,,坏棒 总长 1000 任意重度敲 铁头 800
34,17:34:38,hit_034_20260730_173438.csv,512,NORMAL,HIGH,0,0,116,0,500000,7583704,7583704,-2828450,2888976.5,,800,,坏棒 总长 1000 任意重度敲 铁头 800
35,17:34:38,hit_035_20260730_173438.csv,512,DEFECT,HIGH,0,21,122,189,500000,5788023,5788023,-4322840,1099629.9,,800,-611,坏棒 总长 1000 任意重度敲 铁头 800
36,17:34:38,hit_036_20260730_173438.csv,512,NORMAL,HIGH,0,0,121,0,500000,6299960,6299960,-3803901,2004776.3,,800,,坏棒 总长 1000 任意重度敲 铁头 800
37,17:34:38,hit_037_20260730_173438.csv,512,NORMAL,HIGH,0,0,117,0,500000,4876078,4876078,-3570809,1248565.6,,800,,坏棒 总长 1000 任意重度敲 铁头 800
38,17:34:39,hit_038_20260730_173439.csv,512,NORMAL,HIGH,0,0,117,0,500000,5637136,5637136,-3676502,1306648.2,,800,,坏棒 总长 1000 任意重度敲 铁头 800
39,17:34:39,hit_039_20260730_173439.csv,512,DEFECT,HIGH,0,22,117,207,500000,4936027,4936027,-3562768,784569.7,,800,-593,坏棒 总长 1000 任意重度敲 铁头 800
40,17:34:39,hit_040_20260730_173439.csv,512,NORMAL,HIGH,0,0,114,0,500000,5794214,5794214,-2930153,2028191.7,,800,,坏棒 总长 1000 任意重度敲 铁头 800
41,17:34:39,hit_041_20260730_173439.csv,512,NORMAL,HIGH,0,0,115,0,500000,5786995,5786995,-2859283,1978221.3,,800,,坏棒 总长 1000 任意重度敲 铁头 800
42,17:34:40,hit_042_20260730_173440.csv,512,NORMAL,HIGH,0,0,118,0,500000,5472459,5472459,-2948101,2010628.0,,800,,坏棒 总长 1000 任意重度敲 铁头 800
43,17:34:40,hit_043_20260730_173440.csv,512,NORMAL,HIGH,0,0,116,0,500000,4158876,4158876,-3828953,440301.7,,800,,坏棒 总长 1000 任意重度敲 铁头 800
44,17:34:40,hit_044_20260730_173440.csv,512,NORMAL,HIGH,0,0,114,0,500000,5419752,5419752,-3138270,1780739.0,,800,,坏棒 总长 1000 任意重度敲 铁头 800
45,17:34:40,hit_045_20260730_173440.csv,512,NORMAL,HIGH,0,0,116,0,500000,5879551,5879551,-3188261,1587171.0,,800,,坏棒 总长 1000 任意重度敲 铁头 800
46,17:34:40,hit_046_20260730_173440.csv,512,NORMAL,HIGH,0,0,116,0,500000,6806910,6806910,-3267579,2104559.5,,800,,坏棒 总长 1000 任意重度敲 铁头 800
47,17:34:41,hit_047_20260730_173441.csv,512,NORMAL,HIGH,0,0,116,0,500000,5229553,5229553,-3431345,1576911.2,,800,,坏棒 总长 1000 任意重度敲 铁头 800
48,17:34:41,hit_048_20260730_173441.csv,512,DEFECT,HIGH,0,33,106,320,500000,3309541,2531922,-3309541,230548.4,,800,-480,坏棒 总长 1000 任意重度敲 铁头 800
49,17:35:02,hit_049_20260730_173502.csv,512,NORMAL,HIGH,0,0,117,0,500000,4899858,4899858,-3610749,1078698.3,,800,,坏棒 总长 1000 任意重度敲 铁头 800
50,17:35:02,hit_050_20260730_173502.csv,512,NORMAL,HIGH,0,0,116,0,500000,5998448,5998448,-3451271,1498350.6,,800,,坏棒 总长 1000 任意重度敲 铁头 800
51,17:35:02,hit_051_20260730_173502.csv,512,NORMAL,HIGH,0,0,117,0,500000,5483656,5483656,-3737326,1084417.4,,800,,坏棒 总长 1000 任意重度敲 铁头 800
52,17:35:02,hit_052_20260730_173502.csv,512,DEFECT,HIGH,0,87,117,716,500000,4879995,4879995,-4182433,194869.1,,800,-84,坏棒 总长 1000 任意重度敲 铁头 800
53,17:35:03,hit_053_20260730_173503.csv,512,NORMAL,HIGH,0,0,116,0,500000,5408813,5408813,-3451359,1588984.4,,800,,坏棒 总长 1000 任意重度敲 铁头 800
54,17:35:03,hit_054_20260730_173503.csv,512,NORMAL,HIGH,0,0,120,0,500000,5151463,5151463,-3881117,1237903.5,,800,,坏棒 总长 1000 任意重度敲 铁头 800
55,17:35:03,hit_055_20260730_173503.csv,512,DEFECT,HIGH,0,26,120,238,500000,5275359,5275359,-4141202,724488.4,,800,-562,坏棒 总长 1000 任意重度敲 铁头 800
56,17:35:03,hit_056_20260730_173503.csv,512,NORMAL,HIGH,0,0,115,0,500000,6923956,6923956,-2937741,2632805.8,,800,,坏棒 总长 1000 任意重度敲 铁头 800
57,17:35:04,hit_057_20260730_173504.csv,512,NORMAL,HIGH,0,0,117,0,500000,6428150,6428150,-3340934,2133629.2,,800,,坏棒 总长 1000 任意重度敲 铁头 800
58,17:35:04,hit_058_20260730_173504.csv,512,NORMAL,HIGH,0,0,117,0,500000,4367406,4367406,-3599552,754008.7,,800,,坏棒 总长 1000 任意重度敲 铁头 800
59,17:35:04,hit_059_20260730_173504.csv,512,NORMAL,HIGH,0,0,115,0,500000,5367612,5367612,-3081548,1635835.5,,800,,坏棒 总长 1000 任意重度敲 铁头 800
60,17:35:05,hit_060_20260730_173505.csv,512,DEFECT,HIGH,0,39,117,367,500000,4675339,4675339,-3685265,668624.9,,800,-433,坏棒 总长 1000 任意重度敲 铁头 800
61,17:35:05,hit_061_20260730_173505.csv,512,DEFECT,HIGH,0,24,118,224,500000,5588046,5588046,-3623280,959852.8,,800,-576,坏棒 总长 1000 任意重度敲 铁头 800
62,17:35:05,hit_062_20260730_173505.csv,512,NORMAL,HIGH,0,0,120,0,500000,5677385,5677385,-3897488,1154206.3,,800,,坏棒 总长 1000 任意重度敲 铁头 800
63,17:35:05,hit_063_20260730_173505.csv,512,NORMAL,HIGH,0,0,117,0,500000,6491484,6491484,-3415648,2058202.1,,800,,坏棒 总长 1000 任意重度敲 铁头 800
64,17:35:06,hit_064_20260730_173506.csv,512,NORMAL,HIGH,0,0,116,0,500000,5529020,5529020,-3574267,1556960.9,,800,,坏棒 总长 1000 任意重度敲 铁头 800
65,17:35:06,hit_065_20260730_173506.csv,512,NORMAL,HIGH,0,0,118,0,500000,5620883,5620883,-2806669,2219344.0,,800,,坏棒 总长 1000 任意重度敲 铁头 800
66,17:35:06,hit_066_20260730_173506.csv,512,NORMAL,HIGH,0,0,115,0,500000,4753704,4753704,-3818530,731855.9,,800,,坏棒 总长 1000 任意重度敲 铁头 800
67,17:35:06,hit_067_20260730_173506.csv,512,DEFECT,HIGH,0,85,114,718,500000,5203637,5203637,-3924597,413020.6,,800,-82,坏棒 总长 1000 任意重度敲 铁头 800
68,17:35:07,hit_068_20260730_173507.csv,512,NORMAL,HIGH,0,0,114,0,500000,5328289,5328289,-3876676,423529.1,,800,,坏棒 总长 1000 任意重度敲 铁头 800
69,17:35:07,hit_069_20260730_173507.csv,512,NORMAL,HIGH,0,0,116,0,500000,4615773,4615773,-3950134,510019.3,,800,,坏棒 总长 1000 任意重度敲 铁头 800
70,17:35:07,hit_070_20260730_173507.csv,512,NORMAL,HIGH,0,0,117,0,500000,5049502,5049502,-3730657,1241466.6,,800,,坏棒 总长 1000 任意重度敲 铁头 800
71,17:35:07,hit_071_20260730_173507.csv,512,NORMAL,HIGH,0,0,119,0,500000,4570859,4570859,-4180504,616724.7,,800,,坏棒 总长 1000 任意重度敲 铁头 800
72,17:35:08,hit_072_20260730_173508.csv,512,NORMAL,HIGH,0,0,116,0,500000,4779128,4779128,-3558494,1081777.1,,800,,坏棒 总长 1000 任意重度敲 铁头 800
73,17:35:08,hit_073_20260730_173508.csv,512,NORMAL,HIGH,0,0,116,0,500000,5610817,5610817,-3277027,1786739.5,,800,,坏棒 总长 1000 任意重度敲 铁头 800
74,17:35:08,hit_074_20260730_173508.csv,512,NORMAL,HIGH,0,0,116,0,500000,6089483,6089483,-3232054,1836202.2,,800,,坏棒 总长 1000 任意重度敲 铁头 800
75,17:35:08,hit_075_20260730_173508.csv,512,NORMAL,HIGH,0,0,116,0,500000,6834907,6834907,-3444959,2234674.1,,800,,坏棒 总长 1000 任意重度敲 铁头 800
76,17:35:09,hit_076_20260730_173509.csv,512,NORMAL,HIGH,0,0,118,0,500000,5760514,5760514,-2826942,2252650.0,,800,,坏棒 总长 1000 任意重度敲 铁头 800
77,17:35:09,hit_077_20260730_173509.csv,512,NORMAL,HIGH,0,0,114,0,500000,5282368,5282368,-3304792,1733541.0,,800,,坏棒 总长 1000 任意重度敲 铁头 800
78,17:35:09,hit_078_20260730_173509.csv,512,NORMAL,HIGH,0,0,116,0,500000,5151957,5151957,-3411355,1563884.9,,800,,坏棒 总长 1000 任意重度敲 铁头 800
79,17:35:09,hit_079_20260730_173509.csv,512,NORMAL,HIGH,0,0,115,0,500000,5045772,5045772,-3851782,713870.8,,800,,坏棒 总长 1000 任意重度敲 铁头 800
80,17:35:10,hit_080_20260730_173510.csv,512,DEFECT,HIGH,0,85,116,704,500000,4711642,4711642,-4036521,450042.3,,800,-96,坏棒 总长 1000 任意重度敲 铁头 800
81,17:35:10,hit_081_20260730_173510.csv,512,NORMAL,HIGH,0,0,115,0,500000,5164277,5164277,-3699496,748865.6,,800,,坏棒 总长 1000 任意重度敲 铁头 800
82,17:35:10,hit_082_20260730_173510.csv,512,NORMAL,HIGH,0,0,114,0,500000,6444588,6444588,-3460201,1716878.1,,800,,坏棒 总长 1000 任意重度敲 铁头 800
83,17:35:10,hit_083_20260730_173510.csv,512,DEFECT,HIGH,0,85,115,711,500000,6146801,6146801,-3876538,1122694.5,,800,-89,坏棒 总长 1000 任意重度敲 铁头 800
84,17:35:10,hit_084_20260730_173510.csv,512,NORMAL,HIGH,0,0,113,0,500000,6653397,6653397,-3112274,1952980.7,,800,,坏棒 总长 1000 任意重度敲 铁头 800
85,17:35:11,hit_085_20260730_173511.csv,512,NORMAL,HIGH,0,0,118,0,500000,5517794,5517794,-3885855,1292106.9,,800,,坏棒 总长 1000 任意重度敲 铁头 800
86,17:35:11,hit_086_20260730_173511.csv,512,NORMAL,HIGH,0,0,115,0,500000,5013440,5013440,-3436412,1370676.8,,800,,坏棒 总长 1000 任意重度敲 铁头 800
87,17:35:11,hit_087_20260730_173511.csv,512,NORMAL,HIGH,0,0,115,0,500000,5177302,5177302,-3372030,1590751.1,,800,,坏棒 总长 1000 任意重度敲 铁头 800
88,17:35:11,hit_088_20260730_173511.csv,512,NORMAL,HIGH,0,0,114,0,500000,5805660,5805660,-3096853,2038897.5,,800,,坏棒 总长 1000 任意重度敲 铁头 800
89,17:35:12,hit_089_20260730_173512.csv,512,NORMAL,HIGH,0,0,116,0,500000,5856214,5856214,-3546130,1700220.3,,800,,坏棒 总长 1000 任意重度敲 铁头 800
90,17:35:12,hit_090_20260730_173512.csv,512,NORMAL,HIGH,0,0,119,0,500000,7194823,7194823,-2820226,2638812.2,,800,,坏棒 总长 1000 任意重度敲 铁头 800
91,17:35:12,hit_091_20260730_173512.csv,512,NORMAL,HIGH,0,0,115,0,500000,5528658,5528658,-3389610,1719440.7,,800,,坏棒 总长 1000 任意重度敲 铁头 800
92,17:35:13,hit_092_20260730_173513.csv,512,NORMAL,HIGH,0,0,115,0,500000,5893079,5893079,-3309235,2104880.3,,800,,坏棒 总长 1000 任意重度敲 铁头 800
93,17:35:13,hit_093_20260730_173513.csv,512,NORMAL,HIGH,0,0,116,0,500000,5101959,5101959,-3517954,1531404.4,,800,,坏棒 总长 1000 任意重度敲 铁头 800
94,17:35:13,hit_094_20260730_173513.csv,512,NORMAL,HIGH,0,0,116,0,500000,4791869,4791869,-3601512,965210.7,,800,,坏棒 总长 1000 任意重度敲 铁头 800
95,17:35:14,hit_095_20260730_173514.csv,512,NORMAL,HIGH,0,0,116,0,500000,6950768,6950768,-3110535,2836829.6,,800,,坏棒 总长 1000 任意重度敲 铁头 800
96,17:35:14,hit_096_20260730_173514.csv,512,NORMAL,HIGH,0,0,116,0,500000,5839677,5839677,-3395877,1479193.7,,800,,坏棒 总长 1000 任意重度敲 铁头 800
97,17:35:14,hit_097_20260730_173514.csv,512,NORMAL,HIGH,0,0,117,0,500000,5348362,5348362,-3600107,1227422.1,,800,,坏棒 总长 1000 任意重度敲 铁头 800
98,17:35:14,hit_098_20260730_173514.csv,512,NORMAL,HIGH,0,0,115,0,500000,5362324,5362324,-3459408,1260889.6,,800,,坏棒 总长 1000 任意重度敲 铁头 800
99,17:35:15,hit_099_20260730_173515.csv,512,NORMAL,HIGH,0,0,116,0,500000,4862585,4862585,-3507949,967013.6,,800,,坏棒 总长 1000 任意重度敲 铁头 800
100,17:35:15,hit_100_20260730_173515.csv,512,NORMAL,HIGH,0,0,114,0,500000,4867434,4867434,-3220639,1241367.4,,800,,坏棒 总长 1000 任意重度敲 铁头 800
101,17:35:15,hit_101_20260730_173515.csv,512,DEFECT,HIGH,0,84,116,695,500000,3961018,3961018,-3725482,423194.3,,800,-105,坏棒 总长 1000 任意重度敲 铁头 800
102,17:35:15,hit_102_20260730_173515.csv,512,DEFECT,HIGH,0,85,116,704,500000,3834373,3834373,-3789681,209840.8,,800,-96,坏棒 总长 1000 任意重度敲 铁头 800
103,17:35:16,hit_103_20260730_173516.csv,512,DEFECT,HIGH,0,85,118,691,500000,3970475,3849335,-3970475,172817.2,,800,-109,坏棒 总长 1000 任意重度敲 铁头 800
104,17:35:16,hit_104_20260730_173516.csv,512,DEFECT,HIGH,0,84,122,657,500000,4049281,2951970,-4049281,-96170.6,,800,-143,坏棒 总长 1000 任意重度敲 铁头 800
105,17:35:16,hit_105_20260730_173516.csv,512,DEFECT,HIGH,0,21,122,189,500000,3876030,2882914,-3876030,-192490.9,,800,-611,坏棒 总长 1000 任意重度敲 铁头 800
106,17:35:16,hit_106_20260730_173516.csv,512,DEFECT,HIGH,0,85,119,685,500000,3869307,3554755,-3869307,53732.6,,800,-115,坏棒 总长 1000 任意重度敲 铁头 800
107,17:35:16,hit_107_20260730_173516.csv,512,DEFECT,HIGH,0,86,121,681,500000,4113815,2870421,-4113815,-74413.9,,800,-119,坏棒 总长 1000 任意重度敲 铁头 800
108,17:35:16,hit_108_20260730_173516.csv,512,DEFECT,HIGH,0,21,118,196,500000,3526106,3305517,-3526106,276216.3,,800,-604,坏棒 总长 1000 任意重度敲 铁头 800
109,17:35:17,hit_109_20260730_173517.csv,512,DEFECT,LOW,0,26,0,247,500000,3762010,3048609,-3762010,-100495.7,,800,-553,坏棒 总长 1000 任意重度敲 铁头 800
110,17:35:17,hit_110_20260730_173517.csv,512,DEFECT,LOW,0,24,0,228,500000,3657422,2964203,-3657422,36390.6,,800,-572,坏棒 总长 1000 任意重度敲 铁头 800
111,17:35:17,hit_111_20260730_173517.csv,512,DEFECT,HIGH,0,26,122,234,500000,3980102,2950819,-3980102,-147897.0,,800,-566,坏棒 总长 1000 任意重度敲 铁头 800
112,17:35:17,hit_112_20260730_173517.csv,512,DEFECT,HIGH,0,86,120,688,500000,3913024,3107153,-3913024,9119.5,,800,-112,坏棒 总长 1000 任意重度敲 铁头 800
113,17:35:17,hit_113_20260730_173517.csv,512,DEFECT,LOW,0,29,0,276,500000,4671648,3102440,-4671648,-268019.2,,800,-524,坏棒 总长 1000 任意重度敲 铁头 800
114,17:35:18,hit_114_20260730_173518.csv,512,DEFECT,HIGH,0,34,115,326,500000,5100664,5100664,-2927843,1231607.8,,800,-474,坏棒 总长 1000 任意重度敲 铁头 800
115,17:35:18,hit_115_20260730_173518.csv,512,DEFECT,HIGH,0,21,118,196,500000,4588098,4588098,-3897173,554507.0,,800,-604,坏棒 总长 1000 任意重度敲 铁头 800
116,17:35:18,hit_116_20260730_173518.csv,512,NORMAL,HIGH,0,0,116,0,500000,4839833,4839833,-3491450,1211006.0,,800,,坏棒 总长 1000 任意重度敲 铁头 800
117,17:35:18,hit_117_20260730_173518.csv,512,NORMAL,HIGH,0,0,116,0,500000,4737264,4737264,-3529313,1008395.3,,800,,坏棒 总长 1000 任意重度敲 铁头 800
118,17:35:18,hit_118_20260730_173518.csv,512,NORMAL,HIGH,0,0,117,0,500000,4473673,4473673,-3809652,772836.1,,800,,坏棒 总长 1000 任意重度敲 铁头 800
119,17:35:19,hit_119_20260730_173519.csv,512,NORMAL,HIGH,0,0,117,0,500000,5069505,5069505,-3614820,1180915.9,,800,,坏棒 总长 1000 任意重度敲 铁头 800
120,17:35:19,hit_120_20260730_173519.csv,512,NORMAL,HIGH,0,0,114,0,500000,5217290,5217290,-3307948,1514500.6,,800,,坏棒 总长 1000 任意重度敲 铁头 800
121,17:35:19,hit_121_20260730_173519.csv,512,NORMAL,HIGH,0,0,115,0,500000,5035920,5035920,-3409062,1464558.7,,800,,坏棒 总长 1000 任意重度敲 铁头 800
122,17:35:19,hit_122_20260730_173519.csv,512,NORMAL,HIGH,0,0,115,0,500000,5046529,5046529,-3375791,1512608.6,,800,,坏棒 总长 1000 任意重度敲 铁头 800
123,17:35:19,hit_123_20260730_173519.csv,512,DEFECT,HIGH,0,88,119,712,500000,4516872,4516872,-3988538,538141.1,,800,-88,坏棒 总长 1000 任意重度敲 铁头 800
124,17:35:20,hit_124_20260730_173520.csv,512,DEFECT,HIGH,0,25,121,227,500000,5035674,5008669,-5035674,-243157.1,,800,-573,坏棒 总长 1000 任意重度敲 铁头 800
125,17:35:20,hit_125_20260730_173520.csv,512,DEFECT,HIGH,0,25,118,233,500000,6706915,6706915,-3632890,1551328.8,,800,-567,坏棒 总长 1000 任意重度敲 铁头 800
126,17:35:20,hit_126_20260730_173520.csv,512,DEFECT,HIGH,0,21,116,200,500000,4991094,4991094,-4321163,102383.1,,800,-600,坏棒 总长 1000 任意重度敲 铁头 800
127,17:35:20,hit_127_20260730_173520.csv,512,DEFECT,HIGH,0,22,122,198,500000,5269399,5269399,-4493163,750468.3,,800,-602,坏棒 总长 1000 任意重度敲 铁头 800
128,17:35:20,hit_128_20260730_173520.csv,512,DEFECT,HIGH,0,39,117,367,500000,4300979,4300979,-3783511,484251.0,,800,-433,坏棒 总长 1000 任意重度敲 铁头 800
129,17:35:21,hit_129_20260730_173521.csv,512,NORMAL,HIGH,0,0,115,0,500000,4706799,4706799,-3504833,1042394.3,,800,,坏棒 总长 1000 任意重度敲 铁头 800
130,17:35:21,hit_130_20260730_173521.csv,512,NORMAL,HIGH,0,0,116,0,500000,5181294,5181294,-3510679,1484324.3,,800,,坏棒 总长 1000 任意重度敲 铁头 800
131,17:35:21,hit_131_20260730_173521.csv,512,NORMAL,HIGH,0,0,116,0,500000,5120420,5120420,-3374633,1519069.9,,800,,坏棒 总长 1000 任意重度敲 铁头 800
132,17:35:21,hit_132_20260730_173521.csv,512,NORMAL,HIGH,0,0,116,0,500000,4164104,4164104,-3885464,398514.9,,800,,坏棒 总长 1000 任意重度敲 铁头 800
133,17:35:22,hit_133_20260730_173522.csv,512,DEFECT,HIGH,0,21,121,190,500000,5422598,5422598,-4394739,546025.9,,800,-610,坏棒 总长 1000 任意重度敲 铁头 800
134,17:35:22,hit_134_20260730_173522.csv,512,DEFECT,HIGH,0,90,116,752,500000,7411603,7411603,-3084660,2049902.7,,800,-48,坏棒 总长 1000 任意重度敲 铁头 800
135,17:35:22,hit_135_20260730_173522.csv,512,DEFECT,HIGH,0,27,116,257,500000,6711072,6711072,-3421537,1470374.7,,800,-543,坏棒 总长 1000 任意重度敲 铁头 800
136,17:35:22,hit_136_20260730_173522.csv,512,DEFECT,HIGH,0,27,108,278,500000,5390448,5390448,-5347649,138569.3,,800,-522,坏棒 总长 1000 任意重度敲 铁头 800
137,17:35:22,hit_137_20260730_173522.csv,512,NORMAL,HIGH,0,0,116,0,500000,5861371,5861371,-3213795,1456036.3,,800,,坏棒 总长 1000 任意重度敲 铁头 800
138,17:35:23,hit_138_20260730_173523.csv,512,NORMAL,HIGH,0,0,115,0,500000,5421672,5421672,-3075134,1649320.2,,800,,坏棒 总长 1000 任意重度敲 铁头 800
139,17:35:23,hit_139_20260730_173523.csv,512,NORMAL,HIGH,0,0,115,0,500000,4361485,4361485,-3614970,669359.9,,800,,坏棒 总长 1000 任意重度敲 铁头 800
140,17:35:23,hit_140_20260730_173523.csv,512,DEFECT,HIGH,0,29,108,298,500000,5353919,3889592,-5353919,-317205.8,,800,-502,坏棒 总长 1000 任意重度敲 铁头 800
141,17:35:23,hit_141_20260730_173523.csv,512,DEFECT,HIGH,0,23,119,212,500000,5336290,5336290,-3580659,1139360.9,,800,-588,坏棒 总长 1000 任意重度敲 铁头 800
142,17:35:24,hit_142_20260730_173524.csv,512,DEFECT,HIGH,0,26,119,240,500000,5383057,5383057,-3663051,1062657.0,,800,-560,坏棒 总长 1000 任意重度敲 铁头 800
143,17:35:24,hit_143_20260730_173524.csv,512,DEFECT,HIGH,0,23,119,212,500000,5009970,5009970,-3733333,756104.7,,800,-588,坏棒 总长 1000 任意重度敲 铁头 800
144,17:35:24,hit_144_20260730_173524.csv,512,DEFECT,HIGH,0,26,119,240,500000,4993448,4993448,-4077039,414963.8,,800,-560,坏棒 总长 1000 任意重度敲 铁头 800
145,17:35:24,hit_145_20260730_173524.csv,512,DEFECT,HIGH,0,88,120,706,500000,4796987,4796987,-4283755,139009.3,,800,-94,坏棒 总长 1000 任意重度敲 铁头 800
146,17:35:24,hit_146_20260730_173524.csv,512,DEFECT,HIGH,0,23,99,232,500000,5139092,5139092,-4495613,408209.6,,800,-568,坏棒 总长 1000 任意重度敲 铁头 800
147,17:35:25,hit_147_20260730_173525.csv,512,DEFECT,HIGH,0,21,117,198,500000,4804232,4804232,-3753904,541322.5,,800,-602,坏棒 总长 1000 任意重度敲 铁头 800
148,17:35:25,hit_148_20260730_173525.csv,512,DEFECT,HIGH,0,22,119,203,500000,4787798,4787798,-4060687,492568.8,,800,-597,坏棒 总长 1000 任意重度敲 铁头 800
149,17:35:25,hit_149_20260730_173525.csv,512,DEFECT,HIGH,0,86,119,694,500000,4338914,4338914,-3906773,451508.8,,800,-106,坏棒 总长 1000 任意重度敲 铁头 800
150,17:35:25,hit_150_20260730_173525.csv,512,DEFECT,HIGH,0,22,121,200,500000,3892021,3039935,-3892021,-160071.1,,800,-600,坏棒 总长 1000 任意重度敲 铁头 800
151,17:35:25,hit_151_20260730_173525.csv,512,DEFECT,LOW,0,24,0,228,500000,3267746,3267746,-3076431,-105344.9,,800,-572,坏棒 总长 1000 任意重度敲 铁头 800
152,17:35:26,hit_152_20260730_173526.csv,512,DEFECT,LOW,0,24,0,228,500000,3214291,3119655,-3214291,-106131.1,,800,-572,坏棒 总长 1000 任意重度敲 铁头 800
153,17:35:26,hit_153_20260730_173526.csv,512,DEFECT,LOW,0,40,0,380,500000,3329132,2962649,-3329132,-117851.2,,800,-420,坏棒 总长 1000 任意重度敲 铁头 800
154,17:35:26,hit_154_20260730_173526.csv,512,DEFECT,LOW,0,39,0,371,500000,2215698,2215698,-1896828,-47646.9,,800,-429,坏棒 总长 1000 任意重度敲 铁头 800
155,17:35:26,hit_155_20260730_173526.csv,512,DEFECT,HIGH,0,80,119,638,500000,3045642,2832501,-3045642,-72143.4,,800,-162,坏棒 总长 1000 任意重度敲 铁头 800
156,17:35:26,hit_156_20260730_173526.csv,512,DEFECT,LOW,0,37,0,352,500000,2692458,2692458,-2591108,-62806.9,,800,-448,坏棒 总长 1000 任意重度敲 铁头 800
157,17:35:27,hit_157_20260730_173527.csv,512,DEFECT,HIGH,0,35,118,327,500000,2737244,2649629,-2737244,-63386.0,,800,-473,坏棒 总长 1000 任意重度敲 铁头 800
158,17:35:27,hit_158_20260730_173527.csv,512,DEFECT,LOW,0,39,0,371,500000,2629446,2629446,-2449013,-60937.6,,800,-429,坏棒 总长 1000 任意重度敲 铁头 800
159,17:35:27,hit_159_20260730_173527.csv,512,DEFECT,LOW,0,21,0,200,500000,2414669,2414669,-2181680,-53495.0,,800,-600,坏棒 总长 1000 任意重度敲 铁头 800
160,17:35:27,hit_160_20260730_173527.csv,512,DEFECT,HIGH,0,81,119,648,500000,3410082,2933649,-3410082,-92424.8,,800,-152,坏棒 总长 1000 任意重度敲 铁头 800
161,17:35:27,hit_161_20260730_173527.csv,512,DEFECT,HIGH,0,36,119,333,500000,2992843,2817936,-2992843,-84729.3,,800,-467,坏棒 总长 1000 任意重度敲 铁头 800
162,17:35:28,hit_162_20260730_173528.csv,512,DEFECT,HIGH,0,21,121,190,500000,3597590,3080326,-3597590,-136694.5,,800,-610,坏棒 总长 1000 任意重度敲 铁头 800
163,17:35:28,hit_163_20260730_173528.csv,512,DEFECT,HIGH,0,35,118,327,500000,3108176,2803425,-3108176,-83308.8,,800,-473,坏棒 总长 1000 任意重度敲 铁头 800
164,17:35:28,hit_164_20260730_173528.csv,512,DEFECT,HIGH,0,84,120,669,500000,3900529,3084790,-3900529,7937.2,,800,-131,坏棒 总长 1000 任意重度敲 铁头 800
165,17:35:29,hit_165_20260730_173529.csv,512,DEFECT,HIGH,0,79,119,629,500000,3666987,2925779,-3666987,-139196.0,,800,-171,坏棒 总长 1000 任意重度敲 铁头 800
166,17:35:29,hit_166_20260730_173529.csv,512,DEFECT,HIGH,0,35,117,330,500000,2307631,2307631,-2034133,-50642.3,,800,-470,坏棒 总长 1000 任意重度敲 铁头 800
167,17:35:29,hit_167_20260730_173529.csv,512,DEFECT,HIGH,0,38,119,351,500000,3723397,2957902,-3723397,-126850.0,,800,-449,坏棒 总长 1000 任意重度敲 铁头 800
168,17:35:29,hit_168_20260730_173529.csv,512,DEFECT,HIGH,0,82,118,663,500000,3676495,2988562,-3676495,-7863.1,,800,-137,坏棒 总长 1000 任意重度敲 铁头 800
169,17:35:29,hit_169_20260730_173529.csv,512,DEFECT,HIGH,0,34,119,314,500000,3495648,3017205,-3495648,-164514.9,,800,-486,坏棒 总长 1000 任意重度敲 铁头 800
170,17:35:30,hit_170_20260730_173530.csv,512,DEFECT,LOW,0,23,0,219,500000,3071495,3071495,-2384922,-67337.7,,800,-581,坏棒 总长 1000 任意重度敲 铁头 800
171,17:35:30,hit_171_20260730_173530.csv,512,DEFECT,HIGH,0,78,118,626,500000,3375147,2898635,-3375147,-133281.5,,800,-174,坏棒 总长 1000 任意重度敲 铁头 800
172,17:35:30,hit_172_20260730_173530.csv,512,DEFECT,HIGH,0,35,117,330,500000,2939069,2939069,-2610546,-78053.9,,800,-470,坏棒 总长 1000 任意重度敲 铁头 800
173,17:35:30,hit_173_20260730_173530.csv,512,DEFECT,HIGH,0,37,119,342,500000,3805270,2974836,-3805270,-51996.1,,800,-458,坏棒 总长 1000 任意重度敲 铁头 800
174,17:35:30,hit_174_20260730_173530.csv,512,DEFECT,HIGH,0,82,119,657,500000,3882100,2926987,-3882100,-159531.2,,800,-143,坏棒 总长 1000 任意重度敲 铁头 800
175,17:35:31,hit_175_20260730_173531.csv,512,DEFECT,HIGH,0,82,119,657,500000,3713405,2954734,-3713405,-67299.1,,800,-143,坏棒 总长 1000 任意重度敲 铁头 800
176,17:35:31,hit_176_20260730_173531.csv,512,DEFECT,HIGH,0,39,119,361,500000,3813669,2960573,-3813669,-119508.6,,800,-439,坏棒 总长 1000 任意重度敲 铁头 800
177,17:35:31,hit_177_20260730_173531.csv,512,DEFECT,HIGH,0,22,120,201,500000,3968825,3233576,-3968825,-197894.1,,800,-599,坏棒 总长 1000 任意重度敲 铁头 800
178,17:35:31,hit_178_20260730_173531.csv,512,DEFECT,HIGH,0,23,120,211,500000,3969951,3091218,-3969951,-166311.2,,800,-589,坏棒 总长 1000 任意重度敲 铁头 800
179,17:35:31,hit_179_20260730_173531.csv,512,DEFECT,LOW,0,24,0,228,500000,3428136,3107240,-3428136,-141593.5,,800,-572,坏棒 总长 1000 任意重度敲 铁头 800
180,17:35:32,hit_180_20260730_173532.csv,512,DEFECT,LOW,0,24,0,228,500000,3793230,3142266,-3793230,-150693.0,,800,-572,坏棒 总长 1000 任意重度敲 铁头 800
181,17:35:32,hit_181_20260730_173532.csv,512,DEFECT,HIGH,0,28,124,247,500000,4257505,3375210,-4257505,-233513.8,,800,-553,坏棒 总长 1000 任意重度敲 铁头 800
182,17:35:32,hit_182_20260730_173532.csv,512,DEFECT,HIGH,0,23,120,211,500000,3548601,2961205,-3548601,-38723.3,,800,-589,坏棒 总长 1000 任意重度敲 铁头 800
183,17:35:32,hit_183_20260730_173532.csv,512,DEFECT,HIGH,0,85,121,672,500000,3830922,2912411,-3830922,-2395.6,,800,-128,坏棒 总长 1000 任意重度敲 铁头 800
184,17:35:32,hit_184_20260730_173532.csv,512,DEFECT,HIGH,0,84,119,675,500000,3769792,3521662,-3769792,223618.2,,800,-125,坏棒 总长 1000 任意重度敲 铁头 800
185,17:35:33,hit_185_20260730_173533.csv,512,DEFECT,HIGH,0,85,118,691,500000,3787105,3704283,-3787105,310778.0,,800,-109,坏棒 总长 1000 任意重度敲 铁头 800
186,17:35:33,hit_186_20260730_173533.csv,512,DEFECT,HIGH,0,38,117,358,500000,4734715,4734715,-3547469,785227.6,,800,-442,坏棒 总长 1000 任意重度敲 铁头 800
187,17:35:33,hit_187_20260730_173533.csv,512,DEFECT,HIGH,0,36,116,342,500000,4697868,4697868,-3421215,856222.0,,800,-458,坏棒 总长 1000 任意重度敲 铁头 800
188,17:35:33,hit_188_20260730_173533.csv,512,DEFECT,HIGH,0,21,119,194,500000,4351581,4335976,-4351581,220968.6,,800,-606,坏棒 总长 1000 任意重度敲 铁头 800
189,17:35:34,hit_189_20260730_173534.csv,512,DEFECT,HIGH,0,22,118,205,500000,4274208,4274208,-4169857,259862.7,,800,-595,坏棒 总长 1000 任意重度敲 铁头 800
190,17:35:34,hit_190_20260730_173534.csv,512,DEFECT,HIGH,0,39,117,367,500000,4596455,4596455,-3716910,639456.9,,800,-433,坏棒 总长 1000 任意重度敲 铁头 800
191,17:35:34,hit_191_20260730_173534.csv,512,DEFECT,HIGH,0,22,119,203,500000,4326664,4326664,-4226854,299411.2,,800,-597,坏棒 总长 1000 任意重度敲 铁头 800
192,17:35:34,hit_192_20260730_173534.csv,512,NORMAL,HIGH,0,0,117,0,500000,4620023,4620023,-3785959,883678.8,,800,,坏棒 总长 1000 任意重度敲 铁头 800
193,17:35:34,hit_193_20260730_173534.csv,512,DEFECT,HIGH,0,83,115,692,500000,3992820,3654759,-3992820,-52823.3,,800,-108,坏棒 总长 1000 任意重度敲 铁头 800
194,17:35:35,hit_194_20260730_173535.csv,512,DEFECT,HIGH,0,86,116,714,500000,4145319,3977779,-4145319,77553.9,,800,-86,坏棒 总长 1000 任意重度敲 铁头 800
195,17:35:35,hit_195_20260730_173535.csv,512,NORMAL,HIGH,0,0,116,0,500000,4383113,4383113,-3647054,681980.9,,800,,坏棒 总长 1000 任意重度敲 铁头 800
196,17:35:35,hit_196_20260730_173535.csv,512,DEFECT,HIGH,0,37,116,352,500000,4428416,4428416,-3543573,774103.8,,800,-448,坏棒 总长 1000 任意重度敲 铁头 800
197,17:35:35,hit_197_20260730_173535.csv,512,DEFECT,HIGH,0,38,117,358,500000,4463167,4463167,-3582154,742029.8,,800,-442,坏棒 总长 1000 任意重度敲 铁头 800
198,17:35:36,hit_198_20260730_173536.csv,512,NORMAL,HIGH,0,0,115,0,500000,4783818,4783818,-3405050,990128.0,,800,,坏棒 总长 1000 任意重度敲 铁头 800
199,17:35:36,hit_199_20260730_173536.csv,512,DEFECT,HIGH,0,85,118,691,500000,4325440,4325440,-3883834,557188.1,,800,-109,坏棒 总长 1000 任意重度敲 铁头 800
200,17:35:36,hit_200_20260730_173536.csv,512,DEFECT,HIGH,0,40,117,377,500000,4538644,4538644,-3814548,540928.3,,800,-423,坏棒 总长 1000 任意重度敲 铁头 800
201,17:35:36,hit_201_20260730_173536.csv,512,DEFECT,HIGH,0,22,118,205,500000,4870176,4870176,-3777780,692327.7,,800,-595,坏棒 总长 1000 任意重度敲 铁头 800
202,17:35:36,hit_202_20260730_173536.csv,512,DEFECT,HIGH,0,87,119,703,500000,4703730,4703730,-4179563,368343.8,,800,-97,坏棒 总长 1000 任意重度敲 铁头 800
203,17:35:37,hit_203_20260730_173537.csv,512,DEFECT,HIGH,0,23,117,216,500000,4996962,4996962,-3832427,553151.7,,800,-584,坏棒 总长 1000 任意重度敲 铁头 800
204,17:35:37,hit_204_20260730_173537.csv,512,DEFECT,HIGH,0,22,117,207,500000,5985853,5985853,-3528414,1506304.4,,800,-593,坏棒 总长 1000 任意重度敲 铁头 800
205,17:35:37,hit_205_20260730_173537.csv,512,DEFECT,HIGH,0,23,116,219,500000,5302081,5302081,-3646231,653714.5,,800,-581,坏棒 总长 1000 任意重度敲 铁头 800
206,17:35:37,hit_206_20260730_173537.csv,512,DEFECT,HIGH,0,21,121,190,500000,5004388,5004388,-4147443,568169.9,,800,-610,坏棒 总长 1000 任意重度敲 铁头 800
207,17:35:38,hit_207_20260730_173538.csv,512,NORMAL,HIGH,0,0,118,0,500000,4683854,4683854,-4006733,674585.3,,800,,坏棒 总长 1000 任意重度敲 铁头 800
208,17:35:38,hit_208_20260730_173538.csv,512,NORMAL,HIGH,0,0,115,0,500000,4442122,4442122,-3559118,840304.1,,800,,坏棒 总长 1000 任意重度敲 铁头 800
209,17:35:38,hit_209_20260730_173538.csv,512,NORMAL,HIGH,0,0,116,0,500000,5102009,5102009,-3413787,1326080.0,,800,,坏棒 总长 1000 任意重度敲 铁头 800
210,17:35:38,hit_210_20260730_173538.csv,512,NORMAL,HIGH,0,0,117,0,500000,4351027,4351027,-3788485,761594.6,,800,,坏棒 总长 1000 任意重度敲 铁头 800
211,17:35:38,hit_211_20260730_173538.csv,512,NORMAL,HIGH,0,0,116,0,500000,4173628,4173628,-3905150,368097.9,,800,,坏棒 总长 1000 任意重度敲 铁头 800
212,17:35:39,hit_212_20260730_173539.csv,512,NORMAL,HIGH,0,0,115,0,500000,4458320,4458320,-3679319,727978.7,,800,,坏棒 总长 1000 任意重度敲 铁头 800
213,17:35:39,hit_213_20260730_173539.csv,512,DEFECT,HIGH,0,86,117,707,500000,4218347,4218347,-3884996,373565.0,,800,-93,坏棒 总长 1000 任意重度敲 铁头 800
214,17:35:39,hit_214_20260730_173539.csv,512,NORMAL,HIGH,0,0,116,0,500000,4576279,4576279,-3473888,826718.0,,800,,坏棒 总长 1000 任意重度敲 铁头 800
215,17:35:39,hit_215_20260730_173539.csv,512,DEFECT,HIGH,0,21,117,198,500000,4655678,4655678,-3735680,674781.3,,800,-602,坏棒 总长 1000 任意重度敲 铁头 800
216,17:35:40,hit_216_20260730_173540.csv,512,DEFECT,HIGH,0,42,119,388,500000,3952570,3370824,-3952570,-176039.0,,800,-412,坏棒 总长 1000 任意重度敲 铁头 800
217,17:35:40,hit_217_20260730_173540.csv,512,DEFECT,HIGH,0,40,117,377,500000,4295796,4295796,-3889907,285617.1,,800,-423,坏棒 总长 1000 任意重度敲 铁头 800
218,17:35:40,hit_218_20260730_173540.csv,512,DEFECT,HIGH,0,21,121,190,500000,4807575,4807575,-4282393,338869.1,,800,-610,坏棒 总长 1000 任意重度敲 铁头 800
219,17:35:40,hit_219_20260730_173540.csv,512,DEFECT,HIGH,0,26,119,240,500000,5165427,5165427,-4039426,479036.0,,800,-560,坏棒 总长 1000 任意重度敲 铁头 800
220,17:35:40,hit_220_20260730_173540.csv,512,DEFECT,HIGH,0,21,120,192,500000,4817324,4817324,-4314223,231781.5,,800,-608,坏棒 总长 1000 任意重度敲 铁头 800
221,17:35:41,hit_221_20260730_173541.csv,512,DEFECT,HIGH,0,22,118,205,500000,5422421,5422421,-3508711,1098906.8,,800,-595,坏棒 总长 1000 任意重度敲 铁头 800
222,17:35:41,hit_222_20260730_173541.csv,512,DEFECT,HIGH,0,21,120,192,500000,4541423,4541423,-4362229,210785.1,,800,-608,坏棒 总长 1000 任意重度敲 铁头 800
223,17:35:41,hit_223_20260730_173541.csv,512,DEFECT,HIGH,0,22,119,203,500000,4414128,4245387,-4414128,-81617.5,,800,-597,坏棒 总长 1000 任意重度敲 铁头 800
224,17:35:41,hit_224_20260730_173541.csv,512,DEFECT,HIGH,0,23,117,216,500000,5267767,5267767,-3781118,687018.2,,800,-584,坏棒 总长 1000 任意重度敲 铁头 800
225,17:35:41,hit_225_20260730_173541.csv,512,DEFECT,HIGH,0,23,120,211,500000,5104692,5104692,-4052717,584187.1,,800,-589,坏棒 总长 1000 任意重度敲 铁头 800
226,17:35:42,hit_226_20260730_173542.csv,512,NORMAL,HIGH,0,0,115,0,500000,4929054,4929054,-3352739,995464.5,,800,,坏棒 总长 1000 任意重度敲 铁头 800
227,17:35:42,hit_227_20260730_173542.csv,512,NORMAL,HIGH,0,0,114,0,500000,4576222,4576222,-3424303,1007368.6,,800,,坏棒 总长 1000 任意重度敲 铁头 800
228,17:35:42,hit_228_20260730_173542.csv,512,NORMAL,HIGH,0,0,115,0,500000,4447306,4447306,-3552353,803758.3,,800,,坏棒 总长 1000 任意重度敲 铁头 800
229,17:35:42,hit_229_20260730_173542.csv,512,NORMAL,HIGH,0,0,114,0,500000,4761514,4761514,-3440270,1132738.8,,800,,坏棒 总长 1000 任意重度敲 铁头 800
230,17:35:43,hit_230_20260730_173543.csv,512,NORMAL,HIGH,0,0,115,0,500000,5200014,5200014,-3227598,1533944.9,,800,,坏棒 总长 1000 任意重度敲 铁头 800
231,17:35:43,hit_231_20260730_173543.csv,512,NORMAL,HIGH,0,0,114,0,500000,5262241,5262241,-2892181,1654665.2,,800,,坏棒 总长 1000 任意重度敲 铁头 800
232,17:35:43,hit_232_20260730_173543.csv,512,NORMAL,HIGH,0,0,115,0,500000,5243260,5243260,-3130694,1649104.3,,800,,坏棒 总长 1000 任意重度敲 铁头 800
233,17:35:43,hit_233_20260730_173543.csv,512,NORMAL,HIGH,0,0,115,0,500000,4636980,4636980,-3666167,777137.7,,800,,坏棒 总长 1000 任意重度敲 铁头 800
234,17:35:43,hit_234_20260730_173543.csv,512,DEFECT,HIGH,0,85,116,704,500000,4288671,4288671,-4052033,280591.6,,800,-96,坏棒 总长 1000 任意重度敲 铁头 800
235,17:35:44,hit_235_20260730_173544.csv,512,NORMAL,HIGH,0,0,115,0,500000,4552027,4552027,-3577359,917589.3,,800,,坏棒 总长 1000 任意重度敲 铁头 800
236,17:35:44,hit_236_20260730_173544.csv,512,NORMAL,HIGH,0,0,116,0,500000,4695057,4695057,-3632836,877634.1,,800,,坏棒 总长 1000 任意重度敲 铁头 800
237,17:35:44,hit_237_20260730_173544.csv,512,NORMAL,HIGH,0,0,116,0,500000,5120475,5120475,-3409957,1325708.6,,800,,坏棒 总长 1000 任意重度敲 铁头 800
238,17:35:44,hit_238_20260730_173544.csv,512,DEFECT,HIGH,0,85,115,711,500000,5502524,5502524,-3615229,1028612.8,,800,-89,坏棒 总长 1000 任意重度敲 铁头 800
239,17:35:44,hit_239_20260730_173544.csv,512,NORMAL,HIGH,0,0,115,0,500000,4372048,4372048,-3697688,792270.7,,800,,坏棒 总长 1000 任意重度敲 铁头 800
240,17:35:45,hit_240_20260730_173545.csv,512,NORMAL,HIGH,0,0,117,0,500000,4543352,4543352,-3587434,967899.3,,800,,坏棒 总长 1000 任意重度敲 铁头 800
241,17:35:45,hit_241_20260730_173545.csv,512,NORMAL,HIGH,0,0,118,0,500000,5307730,5307730,-3823268,974101.3,,800,,坏棒 总长 1000 任意重度敲 铁头 800
242,17:35:45,hit_242_20260730_173545.csv,512,NORMAL,HIGH,0,0,118,0,500000,5125337,5125337,-3725752,1069153.0,,800,,坏棒 总长 1000 任意重度敲 铁头 800
243,17:35:45,hit_243_20260730_173545.csv,512,DEFECT,HIGH,0,26,123,232,500000,5220254,4276996,-5220254,-335234.7,,800,-568,坏棒 总长 1000 任意重度敲 铁头 800
244,17:35:46,hit_244_20260730_173546.csv,512,NORMAL,HIGH,0,0,120,0,500000,6422419,6422419,-2803546,2138349.1,,800,,坏棒 总长 1000 任意重度敲 铁头 800
245,17:35:46,hit_245_20260730_173546.csv,512,DEFECT,HIGH,0,88,119,712,500000,4692912,4692912,-4206070,235082.4,,800,-88,坏棒 总长 1000 任意重度敲 铁头 800
246,17:35:46,hit_246_20260730_173546.csv,512,DEFECT,HIGH,0,88,118,719,500000,4569154,4569154,-4232289,22112.6,,800,-81,坏棒 总长 1000 任意重度敲 铁头 800
247,17:35:46,hit_247_20260730_173546.csv,512,NORMAL,HIGH,0,0,118,0,500000,5197856,5197856,-3875752,667313.5,,800,,坏棒 总长 1000 任意重度敲 铁头 800
248,17:35:46,hit_248_20260730_173546.csv,512,DEFECT,HIGH,0,23,121,209,500000,4982745,4982745,-4660957,133385.6,,800,-591,坏棒 总长 1000 任意重度敲 铁头 800
249,17:35:47,hit_249_20260730_173547.csv,512,DEFECT,HIGH,0,22,121,200,500000,5265765,5265765,-4402285,367676.4,,800,-600,坏棒 总长 1000 任意重度敲 铁头 800
250,17:35:47,hit_250_20260730_173547.csv,512,NORMAL,HIGH,0,0,115,0,500000,6296408,6296408,-3189669,1798061.6,,800,,坏棒 总长 1000 任意重度敲 铁头 800
251,17:35:47,hit_251_20260730_173547.csv,512,NORMAL,HIGH,0,0,115,0,500000,4960152,4960152,-3601240,1123156.9,,800,,坏棒 总长 1000 任意重度敲 铁头 800
252,17:35:47,hit_252_20260730_173547.csv,512,NORMAL,HIGH,0,0,115,0,500000,4526776,4526776,-3524160,944468.6,,800,,坏棒 总长 1000 任意重度敲 铁头 800
253,17:35:48,hit_253_20260730_173548.csv,512,NORMAL,HIGH,0,0,117,0,500000,4773499,4773499,-3547621,1049164.7,,800,,坏棒 总长 1000 任意重度敲 铁头 800
254,17:35:48,hit_254_20260730_173548.csv,512,NORMAL,HIGH,0,0,117,0,500000,5174819,5174819,-3572374,1057604.5,,800,,坏棒 总长 1000 任意重度敲 铁头 800
255,17:35:48,hit_255_20260730_173548.csv,512,DEFECT,HIGH,0,27,120,247,500000,6101591,6101591,-3762957,1482348.7,,800,-553,坏棒 总长 1000 任意重度敲 铁头 800
256,17:35:48,hit_256_20260730_173548.csv,512,NORMAL,HIGH,0,0,119,0,500000,5664328,5664328,-3696227,1346237.2,,800,,坏棒 总长 1000 任意重度敲 铁头 800
257,17:35:48,hit_257_20260730_173548.csv,512,NORMAL,HIGH,0,0,117,0,500000,6259473,6259473,-3149139,2010711.4,,800,,坏棒 总长 1000 任意重度敲 铁头 800
258,17:35:49,hit_258_20260730_173549.csv,512,NORMAL,HIGH,0,0,118,0,500000,6846189,6846189,-2564625,2773403.8,,800,,坏棒 总长 1000 任意重度敲 铁头 800
259,17:35:49,hit_259_20260730_173549.csv,512,NORMAL,HIGH,0,0,117,0,500000,4832369,4832369,-3845482,736882.1,,800,,坏棒 总长 1000 任意重度敲 铁头 800
260,17:35:49,hit_260_20260730_173549.csv,512,NORMAL,HIGH,0,0,117,0,500000,5686198,5686198,-3566993,1411057.5,,800,,坏棒 总长 1000 任意重度敲 铁头 800
261,17:35:49,hit_261_20260730_173549.csv,512,NORMAL,HIGH,0,0,117,0,500000,5895870,5895870,-3433603,1662374.3,,800,,坏棒 总长 1000 任意重度敲 铁头 800
262,17:35:49,hit_262_20260730_173549.csv,512,NORMAL,HIGH,0,0,117,0,500000,5661766,5661766,-3547189,1293309.3,,800,,坏棒 总长 1000 任意重度敲 铁头 800
263,17:35:50,hit_263_20260730_173550.csv,512,NORMAL,HIGH,0,0,117,0,500000,4691985,4691985,-3562432,885026.9,,800,,坏棒 总长 1000 任意重度敲 铁头 800
264,17:35:50,hit_264_20260730_173550.csv,512,DEFECT,HIGH,0,88,115,740,500000,5292125,5292125,-3156337,1214441.3,,800,-60,坏棒 总长 1000 任意重度敲 铁头 800
265,17:35:50,hit_265_20260730_173550.csv,512,DEFECT,HIGH,0,83,118,672,500000,3855038,2942326,-3855038,-52174.4,,800,-128,坏棒 总长 1000 任意重度敲 铁头 800
266,17:35:50,hit_266_20260730_173550.csv,512,DEFECT,LOW,0,24,0,228,500000,4442326,3083257,-4442326,-93691.0,,800,-572,坏棒 总长 1000 任意重度敲 铁头 800
267,17:35:50,hit_267_20260730_173550.csv,512,DEFECT,HIGH,0,40,118,373,500000,4470041,4470041,-3896739,384039.4,,800,-427,坏棒 总长 1000 任意重度敲 铁头 800
268,17:35:51,hit_268_20260730_173551.csv,512,NORMAL,HIGH,0,0,116,0,500000,5171141,5171141,-3248116,1231245.2,,800,,坏棒 总长 1000 任意重度敲 铁头 800
269,17:35:51,hit_269_20260730_173551.csv,512,DEFECT,HIGH,0,21,117,198,500000,4886791,4886791,-3626558,740374.4,,800,-602,坏棒 总长 1000 任意重度敲 铁头 800
270,17:35:51,hit_270_20260730_173551.csv,512,DEFECT,HIGH,0,23,118,214,500000,4617715,4617715,-3901425,339804.5,,800,-586,坏棒 总长 1000 任意重度敲 铁头 800
271,17:35:51,hit_271_20260730_173551.csv,512,DEFECT,HIGH,0,23,117,216,500000,5421090,5421090,-3562666,653393.1,,800,-584,坏棒 总长 1000 任意重度敲 铁头 800
272,17:35:52,hit_272_20260730_173552.csv,512,DEFECT,HIGH,0,23,119,212,500000,5320110,5320110,-3722198,587441.2,,800,-588,坏棒 总长 1000 任意重度敲 铁头 800
273,17:35:52,hit_273_20260730_173552.csv,512,DEFECT,HIGH,0,91,116,761,500000,5524459,5524459,-3443618,879795.1,,800,-39,坏棒 总长 1000 任意重度敲 铁头 800
274,17:35:52,hit_274_20260730_173552.csv,512,DEFECT,HIGH,0,24,102,247,500000,4687321,3857093,-4687321,61828.9,,800,-553,坏棒 总长 1000 任意重度敲 铁头 800
275,17:35:52,hit_275_20260730_173552.csv,512,DEFECT,HIGH,0,38,116,361,500000,4294369,4294369,-3809815,487652.1,,800,-439,坏棒 总长 1000 任意重度敲 铁头 800
276,17:35:52,hit_276_20260730_173552.csv,512,NORMAL,HIGH,0,0,115,0,500000,4129252,4129252,-3618213,476178.8,,800,,坏棒 总长 1000 任意重度敲 铁头 800
277,17:35:53,hit_277_20260730_173553.csv,512,NORMAL,HIGH,0,0,117,0,500000,5181908,5181908,-2663026,1665838.7,,800,,坏棒 总长 1000 任意重度敲 铁头 800
278,17:35:53,hit_278_20260730_173553.csv,512,DEFECT,HIGH,0,21,119,194,500000,4404673,3548925,-4404673,-172651.8,,800,-606,坏棒 总长 1000 任意重度敲 铁头 800
279,17:35:53,hit_279_20260730_173553.csv,512,DEFECT,HIGH,0,22,121,200,500000,3635614,3153057,-3635614,-166464.4,,800,-600,坏棒 总长 1000 任意重度敲 铁头 800
280,17:35:53,hit_280_20260730_173553.csv,512,DEFECT,HIGH,0,22,117,207,500000,2955461,2955461,-2141993,-55423.0,,800,-593,坏棒 总长 1000 任意重度敲 铁头 800
281,17:35:54,hit_281_20260730_173554.csv,512,DEFECT,LOW,0,22,0,209,500000,2564974,2564974,-1851265,-53575.8,,800,-591,坏棒 总长 1000 任意重度敲 铁头 800
282,17:35:54,hit_282_20260730_173554.csv,512,DEFECT,HIGH,0,21,118,196,500000,2936470,2936470,-2254522,-62052.2,,800,-604,坏棒 总长 1000 任意重度敲 铁头 800
283,17:35:54,hit_283_20260730_173554.csv,512,DEFECT,HIGH,0,22,120,201,500000,3215934,3215934,-3169032,-138904.1,,800,-599,坏棒 总长 1000 任意重度敲 铁头 800
284,17:35:54,hit_284_20260730_173554.csv,512,DEFECT,HIGH,0,21,121,190,500000,3613381,2952978,-3613381,-190703.1,,800,-610,坏棒 总长 1000 任意重度敲 铁头 800
285,17:35:54,hit_285_20260730_173554.csv,512,DEFECT,HIGH,0,23,117,216,500000,2957242,2957242,-2097575,-58347.9,,800,-584,坏棒 总长 1000 任意重度敲 铁头 800
286,17:35:55,hit_286_20260730_173555.csv,512,DEFECT,HIGH,0,22,120,201,500000,3502777,3192618,-3502777,-170065.3,,800,-599,坏棒 总长 1000 任意重度敲 铁头 800
287,17:35:55,hit_287_20260730_173555.csv,512,DEFECT,HIGH,0,22,121,200,500000,4024413,3114481,-4024413,-205263.8,,800,-600,坏棒 总长 1000 任意重度敲 铁头 800
288,17:35:55,hit_288_20260730_173555.csv,512,DEFECT,HIGH,0,34,119,314,500000,3423714,3065299,-3423714,-168607.5,,800,-486,坏棒 总长 1000 任意重度敲 铁头 800
289,17:35:55,hit_289_20260730_173555.csv,512,DEFECT,HIGH,0,37,119,342,500000,3341483,3149417,-3341483,-158875.1,,800,-458,坏棒 总长 1000 任意重度敲 铁头 800
290,17:35:56,hit_290_20260730_173556.csv,512,DEFECT,HIGH,0,21,119,194,500000,3768628,3066511,-3768628,-206391.5,,800,-606,坏棒 总长 1000 任意重度敲 铁头 800
291,17:35:56,hit_291_20260730_173556.csv,512,DEFECT,HIGH,0,21,120,192,500000,4126285,2952426,-4126285,-202561.8,,800,-608,坏棒 总长 1000 任意重度敲 铁头 800
292,17:35:56,hit_292_20260730_173556.csv,512,DEFECT,HIGH,0,22,120,201,500000,4100161,2999390,-4100161,-92120.8,,800,-599,坏棒 总长 1000 任意重度敲 铁头 800
293,17:35:56,hit_293_20260730_173556.csv,512,DEFECT,HIGH,0,21,119,194,500000,4040608,3039011,-4040608,-59967.2,,800,-606,坏棒 总长 1000 任意重度敲 铁头 800
294,17:35:57,hit_294_20260730_173557.csv,512,DEFECT,HIGH,0,21,119,194,500000,3893674,2964921,-3893674,-126325.2,,800,-606,坏棒 总长 1000 任意重度敲 铁头 800
295,17:35:57,hit_295_20260730_173557.csv,512,DEFECT,HIGH,0,22,120,201,500000,4058270,3138238,-4058270,-194476.7,,800,-599,坏棒 总长 1000 任意重度敲 铁头 800
296,17:35:57,hit_296_20260730_173557.csv,512,DEFECT,HIGH,0,21,121,190,500000,4039995,3002396,-4039995,-166913.9,,800,-610,坏棒 总长 1000 任意重度敲 铁头 800
297,17:35:57,hit_297_20260730_173557.csv,512,DEFECT,HIGH,0,21,120,192,500000,3809201,3074789,-3809201,-170860.4,,800,-608,坏棒 总长 1000 任意重度敲 铁头 800
298,17:35:57,hit_298_20260730_173557.csv,512,DEFECT,HIGH,0,84,119,675,500000,3732143,2919771,-3732143,-56176.3,,800,-125,坏棒 总长 1000 任意重度敲 铁头 800
299,17:35:58,hit_299_20260730_173558.csv,512,DEFECT,HIGH,0,84,119,675,500000,3806437,2979723,-3806437,-7661.4,,800,-125,坏棒 总长 1000 任意重度敲 铁头 800
300,17:35:58,hit_300_20260730_173558.csv,512,DEFECT,HIGH,0,82,120,651,500000,3912856,2919667,-3912856,-143752.4,,800,-149,坏棒 总长 1000 任意重度敲 铁头 800
301,17:35:58,hit_301_20260730_173558.csv,512,DEFECT,HIGH,0,83,120,660,500000,3842948,2925093,-3842948,-98120.1,,800,-140,坏棒 总长 1000 任意重度敲 铁头 800
302,17:35:58,hit_302_20260730_173558.csv,512,DEFECT,HIGH,0,84,117,688,500000,3713613,3215921,-3713613,102226.6,,800,-112,坏棒 总长 1000 任意重度敲 铁头 800
303,17:35:58,hit_303_20260730_173558.csv,512,DEFECT,HIGH,0,84,118,682,500000,3675410,3150753,-3675410,108607.4,,800,-118,坏棒 总长 1000 任意重度敲 铁头 800
304,17:35:59,hit_304_20260730_173559.csv,512,DEFECT,HIGH,0,85,118,691,500000,3666220,3452186,-3666220,192165.3,,800,-109,坏棒 总长 1000 任意重度敲 铁头 800
305,17:35:59,hit_305_20260730_173559.csv,512,DEFECT,HIGH,0,21,121,190,500000,3866339,2972961,-3866339,-149351.3,,800,-610,坏棒 总长 1000 任意重度敲 铁头 800
306,17:35:59,hit_306_20260730_173559.csv,512,DEFECT,HIGH,0,75,119,592,500000,3271979,2907603,-3271979,-109955.5,,800,-208,坏棒 总长 1000 任意重度敲 铁头 800
307,17:35:59,hit_307_20260730_173559.csv,512,DEFECT,HIGH,0,83,119,666,500000,3677168,2945594,-3677168,-52307.2,,800,-134,坏棒 总长 1000 任意重度敲 铁头 800
308,17:36:00,hit_308_20260730_173600.csv,512,DEFECT,HIGH,0,84,118,682,500000,3535859,3328827,-3535859,258642.7,,800,-118,坏棒 总长 1000 任意重度敲 铁头 800
309,17:36:00,hit_309_20260730_173600.csv,512,DEFECT,HIGH,0,22,123,196,500000,4090965,2999748,-4090965,-189300.1,,800,-604,坏棒 总长 1000 任意重度敲 铁头 800
310,17:36:00,hit_310_20260730_173600.csv,512,DEFECT,HIGH,0,21,122,189,500000,3863825,3040589,-3863825,-166231.3,,800,-611,坏棒 总长 1000 任意重度敲 铁头 800
311,17:36:00,hit_311_20260730_173600.csv,512,DEFECT,HIGH,0,39,119,361,500000,3433631,3433631,-2481410,-67222.0,,800,-439,坏棒 总长 1000 任意重度敲 铁头 800
312,17:36:00,hit_312_20260730_173600.csv,512,DEFECT,HIGH,0,23,120,211,500000,3960416,3316415,-3960416,-237259.9,,800,-589,坏棒 总长 1000 任意重度敲 铁头 800
313,17:36:01,hit_313_20260730_173601.csv,512,DEFECT,HIGH,0,23,121,209,500000,3981055,3270498,-3981055,-232896.4,,800,-591,坏棒 总长 1000 任意重度敲 铁头 800
314,17:36:01,hit_314_20260730_173601.csv,512,DEFECT,HIGH,0,23,121,209,500000,4268601,3194632,-4268601,-257748.9,,800,-591,坏棒 总长 1000 任意重度敲 铁头 800
315,17:36:01,hit_315_20260730_173601.csv,512,DEFECT,HIGH,0,22,123,196,500000,4341130,2920444,-4341130,-215519.1,,800,-604,坏棒 总长 1000 任意重度敲 铁头 800
316,17:36:01,hit_316_20260730_173601.csv,512,DEFECT,HIGH,0,23,123,205,500000,4521336,2977239,-4521336,-192547.2,,800,-595,坏棒 总长 1000 任意重度敲 铁头 800
317,17:36:02,hit_317_20260730_173602.csv,512,DEFECT,HIGH,0,85,118,691,500000,3852071,3838087,-3852071,253761.1,,800,-109,坏棒 总长 1000 任意重度敲 铁头 800
318,17:36:02,hit_318_20260730_173602.csv,512,DEFECT,HIGH,0,22,123,196,500000,4374229,3001523,-4374229,-143551.3,,800,-604,坏棒 总长 1000 任意重度敲 铁头 800
319,17:36:02,hit_319_20260730_173602.csv,512,DEFECT,LOW,0,22,0,209,500000,4158066,3187049,-4158066,57659.7,,800,-591,坏棒 总长 1000 任意重度敲 铁头 800
320,17:36:02,hit_320_20260730_173602.csv,512,DEFECT,HIGH,0,24,121,218,500000,3851813,3007948,-3851813,-110836.8,,800,-582,坏棒 总长 1000 任意重度敲 铁头 800
321,17:36:02,hit_321_20260730_173602.csv,512,DEFECT,LOW,0,21,0,200,500000,4333007,3356520,-4333007,138666.5,,800,-600,坏棒 总长 1000 任意重度敲 铁头 800
322,17:36:03,hit_322_20260730_173603.csv,512,DEFECT,HIGH,0,25,123,223,500000,4516540,2918552,-4516540,-232325.6,,800,-577,坏棒 总长 1000 任意重度敲 铁头 800
323,17:36:03,hit_323_20260730_173603.csv,512,DEFECT,HIGH,0,86,119,694,500000,4251914,4251914,-3829552,377962.8,,800,-106,坏棒 总长 1000 任意重度敲 铁头 800
324,17:36:03,hit_324_20260730_173603.csv,512,DEFECT,HIGH,0,93,118,766,500000,4246265,4246265,-3759827,550274.4,,800,-34,坏棒 总长 1000 任意重度敲 铁头 800
325,17:36:03,hit_325_20260730_173603.csv,512,DEFECT,HIGH,0,86,119,694,500000,4148750,3803202,-4148750,75153.1,,800,-106,坏棒 总长 1000 任意重度敲 铁头 800
326,17:36:03,hit_326_20260730_173603.csv,512,DEFECT,HIGH,0,86,117,707,500000,4011823,3982438,-4011823,171406.0,,800,-93,坏棒 总长 1000 任意重度敲 铁头 800
327,17:36:04,hit_327_20260730_173604.csv,512,DEFECT,HIGH,0,85,116,704,500000,4211677,3830388,-4211677,-17403.2,,800,-96,坏棒 总长 1000 任意重度敲 铁头 800
328,17:36:04,hit_328_20260730_173604.csv,512,DEFECT,HIGH,0,94,118,785,500000,4051418,3683818,-4051418,200493.9,,800,-15,坏棒 总长 1000 任意重度敲 铁头 800
329,17:36:04,hit_329_20260730_173604.csv,512,DEFECT,HIGH,0,86,118,700,500000,4062411,3859077,-4062411,172001.5,,800,-100,坏棒 总长 1000 任意重度敲 铁头 800
330,17:36:04,hit_330_20260730_173604.csv,512,DEFECT,HIGH,0,39,117,367,500000,3985635,3067026,-3985635,-171092.6,,800,-433,坏棒 总长 1000 任意重度敲 铁头 800
331,17:36:05,hit_331_20260730_173605.csv,512,DEFECT,HIGH,0,21,117,198,500000,4257212,3317589,-4257212,-273719.3,,800,-602,坏棒 总长 1000 任意重度敲 铁头 800
332,17:36:05,hit_332_20260730_173605.csv,512,DEFECT,HIGH,0,85,118,691,500000,3969912,3729529,-3969912,63109.9,,800,-109,坏棒 总长 1000 任意重度敲 铁头 800
333,17:36:05,hit_333_20260730_173605.csv,512,DEFECT,HIGH,0,40,117,377,500000,4310142,4310142,-3879907,286843.5,,800,-423,坏棒 总长 1000 任意重度敲 铁头 800
334,17:36:05,hit_334_20260730_173605.csv,512,DEFECT,HIGH,0,87,117,716,500000,5126019,5126019,-3390745,911604.7,,800,-84,坏棒 总长 1000 任意重度敲 铁头 800
335,17:36:05,hit_335_20260730_173605.csv,512,DEFECT,HIGH,0,87,121,690,500000,4298354,4298354,-3990357,401083.9,,800,-110,坏棒 总长 1000 任意重度敲 铁头 800
336,17:36:06,hit_336_20260730_173606.csv,512,DEFECT,HIGH,0,24,121,218,500000,4868004,4868004,-3941872,477405.1,,800,-582,坏棒 总长 1000 任意重度敲 铁头 800
337,17:36:06,hit_337_20260730_173606.csv,512,DEFECT,HIGH,0,21,118,196,500000,5048397,5048397,-3571893,674089.3,,800,-604,坏棒 总长 1000 任意重度敲 铁头 800
338,17:36:06,hit_338_20260730_173606.csv,512,DEFECT,HIGH,0,87,120,697,500000,3842226,3650628,-3842226,163566.5,,800,-103,坏棒 总长 1000 任意重度敲 铁头 800
339,17:36:06,hit_339_20260730_173606.csv,512,DEFECT,HIGH,0,23,119,212,500000,4452818,4452818,-3672862,393638.1,,800,-588,坏棒 总长 1000 任意重度敲 铁头 800
340,17:36:07,hit_340_20260730_173607.csv,512,DEFECT,HIGH,0,27,124,238,500000,4755156,2966173,-4755156,-244927.0,,800,-562,坏棒 总长 1000 任意重度敲 铁头 800
341,17:36:07,hit_341_20260730_173607.csv,512,DEFECT,HIGH,0,39,118,364,500000,4505443,4505443,-3754723,488880.6,,800,-436,坏棒 总长 1000 任意重度敲 铁头 800
342,17:36:07,hit_342_20260730_173607.csv,512,DEFECT,HIGH,0,38,117,358,500000,4204598,4204598,-3642789,523703.4,,800,-442,坏棒 总长 1000 任意重度敲 铁头 800
343,17:36:07,hit_343_20260730_173607.csv,512,DEFECT,HIGH,0,87,119,703,500000,4320707,3917739,-4320707,20342.3,,800,-97,坏棒 总长 1000 任意重度敲 铁头 800
344,17:36:07,hit_344_20260730_173607.csv,512,DEFECT,HIGH,0,38,117,358,500000,4237620,4237620,-3727648,473455.6,,800,-442,坏棒 总长 1000 任意重度敲 铁头 800
345,17:36:08,hit_345_20260730_173608.csv,512,DEFECT,HIGH,0,82,117,669,500000,3943859,3327738,-3943859,-263534.4,,800,-131,坏棒 总长 1000 任意重度敲 铁头 800
346,17:36:08,hit_346_20260730_173608.csv,512,DEFECT,HIGH,0,87,119,703,500000,4439450,4439450,-4072570,275799.8,,800,-97,坏棒 总长 1000 任意重度敲 铁头 800
347,17:36:08,hit_347_20260730_173608.csv,512,DEFECT,HIGH,0,21,121,190,500000,4386612,3672451,-4386612,9193.4,,800,-610,坏棒 总长 1000 任意重度敲 铁头 800
348,17:36:08,hit_348_20260730_173608.csv,512,DEFECT,HIGH,0,84,119,675,500000,3946346,3816920,-3946346,162851.2,,800,-125,坏棒 总长 1000 任意重度敲 铁头 800
349,17:36:08,hit_349_20260730_173608.csv,512,DEFECT,HIGH,0,85,119,685,500000,4093837,3663386,-4093837,-55985.8,,800,-115,坏棒 总长 1000 任意重度敲 铁头 800
350,17:36:09,hit_350_20260730_173609.csv,512,DEFECT,HIGH,0,85,118,691,500000,4109543,4109543,-4044362,118033.3,,800,-109,坏棒 总长 1000 任意重度敲 铁头 800
351,17:36:09,hit_351_20260730_173609.csv,512,DEFECT,HIGH,0,87,120,697,500000,4534448,4534448,-4176965,186853.3,,800,-103,坏棒 总长 1000 任意重度敲 铁头 800
352,17:36:09,hit_352_20260730_173609.csv,512,DEFECT,HIGH,0,88,120,706,500000,4771452,4771452,-4108861,253201.4,,800,-94,坏棒 总长 1000 任意重度敲 铁头 800
353,17:36:09,hit_353_20260730_173609.csv,512,DEFECT,HIGH,0,21,118,196,500000,4664399,4664399,-3861600,502831.8,,800,-604,坏棒 总长 1000 任意重度敲 铁头 800
354,17:36:10,hit_354_20260730_173610.csv,512,DEFECT,HIGH,0,38,116,361,500000,4234975,4234975,-3728851,565235.2,,800,-439,坏棒 总长 1000 任意重度敲 铁头 800
355,17:36:10,hit_355_20260730_173610.csv,512,NORMAL,HIGH,0,0,115,0,500000,4288698,4288698,-3471872,719531.4,,800,,坏棒 总长 1000 任意重度敲 铁头 800
356,17:36:10,hit_356_20260730_173610.csv,512,DEFECT,HIGH,0,93,117,773,500000,4372524,4372524,-3856310,524945.9,,800,-27,坏棒 总长 1000 任意重度敲 铁头 800
357,17:36:10,hit_357_20260730_173610.csv,512,DEFECT,HIGH,0,85,116,704,500000,4014277,4014277,-3789715,411533.0,,800,-96,坏棒 总长 1000 任意重度敲 铁头 800
358,17:36:10,hit_358_20260730_173610.csv,512,DEFECT,HIGH,0,38,115,365,500000,4421545,4421545,-3569890,756019.3,,800,-435,坏棒 总长 1000 任意重度敲 铁头 800
359,17:36:11,hit_359_20260730_173611.csv,512,DEFECT,HIGH,0,85,116,704,500000,4102501,4102501,-3682120,509268.2,,800,-96,坏棒 总长 1000 任意重度敲 铁头 800
360,17:36:11,hit_360_20260730_173611.csv,512,DEFECT,HIGH,0,84,114,708,500000,4410365,4410365,-3375626,847608.7,,800,-92,坏棒 总长 1000 任意重度敲 铁头 800
361,17:36:11,hit_361_20260730_173611.csv,512,DEFECT,HIGH,0,84,117,688,500000,4220967,3958300,-4220967,-14657.0,,800,-112,坏棒 总长 1000 任意重度敲 铁头 800
362,17:36:11,hit_362_20260730_173611.csv,512,DEFECT,HIGH,0,91,116,771,500000,4575033,4575033,-3586117,708282.2,,800,-29,坏棒 总长 1000 任意重度敲 铁头 800
363,17:36:12,hit_363_20260730_173612.csv,512,DEFECT,HIGH,0,88,120,706,500000,4467296,4467296,-4095766,329808.1,,800,-94,坏棒 总长 1000 任意重度敲 铁头 800
364,17:36:12,hit_364_20260730_173612.csv,512,DEFECT,HIGH,0,87,120,697,500000,4393279,4393279,-4122363,239570.2,,800,-103,坏棒 总长 1000 任意重度敲 铁头 800
365,17:36:12,hit_365_20260730_173612.csv,512,DEFECT,LOW,0,22,0,209,500000,4453380,4367183,-4453380,77111.0,,800,-591,坏棒 总长 1000 任意重度敲 铁头 800
366,17:36:12,hit_366_20260730_173612.csv,512,DEFECT,HIGH,0,86,121,681,500000,4128937,3378623,-4128937,-9738.4,,800,-119,坏棒 总长 1000 任意重度敲 铁头 800
367,17:36:12,hit_367_20260730_173612.csv,512,DEFECT,LOW,0,26,0,247,500000,4095419,2918389,-4095419,-11300.8,,800,-553,坏棒 总长 1000 任意重度敲 铁头 800
368,17:36:13,hit_368_20260730_173613.csv,512,DEFECT,LOW,0,24,0,228,500000,4618122,2881270,-4618122,-172670.4,,800,-572,坏棒 总长 1000 任意重度敲 铁头 800
369,17:36:13,hit_369_20260730_173613.csv,512,DEFECT,HIGH,0,21,118,196,500000,4494591,4494591,-3817091,420378.9,,800,-604,坏棒 总长 1000 任意重度敲 铁头 800
370,17:36:13,hit_370_20260730_173613.csv,512,DEFECT,HIGH,0,21,117,198,500000,4722895,4722895,-3934071,414302.0,,800,-602,坏棒 总长 1000 任意重度敲 铁头 800
371,17:36:13,hit_371_20260730_173613.csv,512,DEFECT,HIGH,0,24,123,214,500000,4578063,3078273,-4578063,-240594.4,,800,-586,坏棒 总长 1000 任意重度敲 铁头 800
372,17:36:13,hit_372_20260730_173613.csv,512,DEFECT,HIGH,0,84,118,682,500000,3877297,3451443,-3877297,107708.2,,800,-118,坏棒 总长 1000 任意重度敲 铁头 800
373,17:36:14,hit_373_20260730_173614.csv,512,DEFECT,HIGH,0,84,120,669,500000,3909985,3080075,-3909985,26207.3,,800,-131,坏棒 总长 1000 任意重度敲 铁头 800
374,17:36:14,hit_374_20260730_173614.csv,512,DEFECT,LOW,0,22,0,209,500000,3948008,3153961,-3948008,50220.6,,800,-591,坏棒 总长 1000 任意重度敲 铁头 800
375,17:36:14,hit_375_20260730_173614.csv,512,DEFECT,HIGH,0,25,122,225,500000,4200649,3008336,-4200649,-228680.2,,800,-575,坏棒 总长 1000 任意重度敲 铁头 800
376,17:36:14,hit_376_20260730_173614.csv,512,DEFECT,HIGH,0,24,121,218,500000,4188424,3126299,-4188424,-117285.7,,800,-582,坏棒 总长 1000 任意重度敲 铁头 800
377,17:36:14,hit_377_20260730_173614.csv,512,DEFECT,LOW,0,22,0,209,500000,4441825,3682628,-4441825,-8008.1,,800,-591,坏棒 总长 1000 任意重度敲 铁头 800
378,17:36:15,hit_378_20260730_173615.csv,512,DEFECT,HIGH,0,38,117,358,500000,4204339,4204339,-3672373,436765.8,,800,-442,坏棒 总长 1000 任意重度敲 铁头 800
379,17:36:15,hit_379_20260730_173615.csv,512,DEFECT,HIGH,0,91,117,773,500000,4276030,4276030,-3537695,591758.7,,800,-27,坏棒 总长 1000 任意重度敲 铁头 800
380,17:36:15,hit_380_20260730_173615.csv,512,DEFECT,HIGH,0,21,121,190,500000,4417813,3330405,-4417813,-118076.8,,800,-610,坏棒 总长 1000 任意重度敲 铁头 800
381,17:36:15,hit_381_20260730_173615.csv,512,DEFECT,HIGH,0,81,115,673,500000,3650934,3227360,-3650934,-76117.5,,800,-127,坏棒 总长 1000 任意重度敲 铁头 800
382,17:36:15,hit_382_20260730_173615.csv,512,DEFECT,HIGH,0,23,121,209,500000,4446027,3004306,-4446027,-228430.2,,800,-591,坏棒 总长 1000 任意重度敲 铁头 800
383,17:36:16,hit_383_20260730_173616.csv,512,DEFECT,HIGH,0,22,119,203,500000,4229042,3177746,-4229042,-228562.4,,800,-597,坏棒 总长 1000 任意重度敲 铁头 800
384,17:36:16,hit_384_20260730_173616.csv,512,DEFECT,HIGH,0,86,118,700,500000,4157999,4157999,-3871896,341742.3,,800,-100,坏棒 总长 1000 任意重度敲 铁头 800
385,17:36:16,hit_385_20260730_173616.csv,512,DEFECT,HIGH,0,23,120,211,500000,5325427,5325427,-3830539,780736.7,,800,-589,坏棒 总长 1000 任意重度敲 铁头 800
386,17:36:16,hit_386_20260730_173616.csv,512,DEFECT,LOW,0,23,0,219,500000,4904719,4904719,-4649706,114361.5,,800,-581,坏棒 总长 1000 任意重度敲 铁头 800
387,17:36:17,hit_387_20260730_173617.csv,512,DEFECT,HIGH,0,27,120,247,500000,5275498,5275498,-3927147,631810.7,,800,-553,坏棒 总长 1000 任意重度敲 铁头 800
388,17:36:17,hit_388_20260730_173617.csv,512,DEFECT,HIGH,0,27,119,250,500000,5171028,5171028,-3868847,373657.0,,800,-550,坏棒 总长 1000 任意重度敲 铁头 800
389,17:36:17,hit_389_20260730_173617.csv,512,DEFECT,HIGH,0,88,120,706,500000,4692330,4692330,-4116125,156891.5,,800,-94,坏棒 总长 1000 任意重度敲 铁头 800
390,17:36:17,hit_390_20260730_173617.csv,512,DEFECT,HIGH,0,87,119,703,500000,4605023,4605023,-4195611,205681.4,,800,-97,坏棒 总长 1000 任意重度敲 铁头 800
391,17:36:17,hit_391_20260730_173617.csv,512,DEFECT,HIGH,0,37,117,349,500000,4326928,4326928,-3587270,503500.1,,800,-451,坏棒 总长 1000 任意重度敲 铁头 800
392,17:36:18,hit_392_20260730_173618.csv,512,DEFECT,HIGH,0,37,117,349,500000,4048395,4048395,-3643400,378080.6,,800,-451,坏棒 总长 1000 任意重度敲 铁头 800
393,17:36:18,hit_393_20260730_173618.csv,512,DEFECT,HIGH,0,37,117,349,500000,3971888,3971888,-3679771,361433.4,,800,-451,坏棒 总长 1000 任意重度敲 铁头 800
394,17:36:18,hit_394_20260730_173618.csv,512,DEFECT,HIGH,0,40,118,373,500000,3631359,3098130,-3631359,-147317.9,,800,-427,坏棒 总长 1000 任意重度敲 铁头 800
395,17:36:18,hit_395_20260730_173618.csv,512,DEFECT,HIGH,0,86,117,707,500000,4217385,4217385,-3973065,259238.6,,800,-93,坏棒 总长 1000 任意重度敲 铁头 800
396,17:36:18,hit_396_20260730_173618.csv,512,DEFECT,HIGH,0,23,123,205,500000,4513698,3274036,-4513698,-92854.7,,800,-595,坏棒 总长 1000 任意重度敲 铁头 800
397,17:36:19,hit_397_20260730_173619.csv,512,DEFECT,HIGH,0,22,120,201,500000,4075161,3030530,-4075161,-130944.2,,800,-599,坏棒 总长 1000 任意重度敲 铁头 800
398,17:36:19,hit_398_20260730_173619.csv,512,DEFECT,HIGH,0,25,120,229,500000,4219114,2986694,-4219114,-258393.6,,800,-571,坏棒 总长 1000 任意重度敲 铁头 800
399,17:36:19,hit_399_20260730_173619.csv,512,DEFECT,LOW,0,24,0,228,500000,4168029,4148416,-4168029,143048.6,,800,-572,坏棒 总长 1000 任意重度敲 铁头 800
400,17:36:19,hit_400_20260730_173619.csv,512,DEFECT,HIGH,0,25,119,231,500000,5231774,5231774,-3727992,623708.2,,800,-569,坏棒 总长 1000 任意重度敲 铁头 800
401,17:36:19,hit_401_20260730_173619.csv,512,DEFECT,HIGH,0,26,121,236,500000,4395151,3041270,-4395151,-168752.5,,800,-564,坏棒 总长 1000 任意重度敲 铁头 800
402,17:36:20,hit_402_20260730_173620.csv,512,DEFECT,HIGH,0,22,120,201,500000,4239347,3643860,-4239347,3839.7,,800,-599,坏棒 总长 1000 任意重度敲 铁头 800
403,17:36:20,hit_403_20260730_173620.csv,512,DEFECT,HIGH,0,39,118,364,500000,4563851,4563851,-3761403,550678.6,,800,-436,坏棒 总长 1000 任意重度敲 铁头 800
404,17:36:20,hit_404_20260730_173620.csv,512,DEFECT,HIGH,0,85,115,711,500000,3946920,3946920,-3808004,264561.5,,800,-89,坏棒 总长 1000 任意重度敲 铁头 800
405,17:36:20,hit_405_20260730_173620.csv,512,DEFECT,HIGH,0,85,117,698,500000,4252156,3890113,-4252156,93382.8,,800,-102,坏棒 总长 1000 任意重度敲 铁头 800
406,17:36:21,hit_406_20260730_173621.csv,512,DEFECT,HIGH,0,85,116,704,500000,4071367,4010879,-4071367,227116.2,,800,-96,坏棒 总长 1000 任意重度敲 铁头 800
407,17:36:21,hit_407_20260730_173621.csv,512,DEFECT,HIGH,0,84,116,695,500000,4055856,4055856,-3786208,419131.4,,800,-105,坏棒 总长 1000 任意重度敲 铁头 800
408,17:36:21,hit_408_20260730_173621.csv,512,DEFECT,HIGH,0,85,117,698,500000,4061681,4061681,-3816021,345968.9,,800,-102,坏棒 总长 1000 任意重度敲 铁头 800
409,17:36:21,hit_409_20260730_173621.csv,512,DEFECT,HIGH,0,21,119,194,500000,3896193,2971263,-3896193,20016.0,,800,-606,坏棒 总长 1000 任意重度敲 铁头 800
410,17:36:22,hit_410_20260730_173622.csv,512,DEFECT,HIGH,0,23,120,211,500000,3973723,2958096,-3973723,-116762.6,,800,-589,坏棒 总长 1000 任意重度敲 铁头 800
411,17:36:22,hit_411_20260730_173622.csv,512,DEFECT,LOW,0,22,0,209,500000,4366177,3347417,-4366177,37741.9,,800,-591,坏棒 总长 1000 任意重度敲 铁头 800
412,17:36:23,hit_412_20260730_173623.csv,512,DEFECT,HIGH,0,36,116,342,500000,3914025,3914025,-3639385,432118.1,,800,-458,坏棒 总长 1000 任意重度敲 铁头 800
413,17:36:24,hit_413_20260730_173624.csv,512,DEFECT,HIGH,0,37,117,349,500000,4337110,4337110,-3620053,590486.5,,800,-451,坏棒 总长 1000 任意重度敲 铁头 800
414,17:36:24,hit_414_20260730_173624.csv,512,DEFECT,HIGH,0,86,118,700,500000,4084140,4084140,-3902466,158847.3,,800,-100,坏棒 总长 1000 任意重度敲 铁头 800
415,17:36:24,hit_415_20260730_173624.csv,512,DEFECT,LOW,0,22,0,209,500000,4357525,2971303,-4357525,-87398.4,,800,-591,坏棒 总长 1000 任意重度敲 铁头 800
416,17:36:24,hit_416_20260730_173624.csv,512,DEFECT,HIGH,0,22,119,203,500000,4727032,4727032,-3669056,506356.8,,800,-597,坏棒 总长 1000 任意重度敲 铁头 800
417,17:36:25,hit_417_20260730_173625.csv,512,DEFECT,HIGH,0,21,118,196,500000,5046489,5046489,-3481089,754719.1,,800,-604,坏棒 总长 1000 任意重度敲 铁头 800
418,17:36:25,hit_418_20260730_173625.csv,512,DEFECT,HIGH,0,83,120,660,500000,3783335,2823868,-3783335,-137711.1,,800,-140,坏棒 总长 1000 任意重度敲 铁头 800
419,17:36:25,hit_419_20260730_173625.csv,512,DEFECT,HIGH,0,83,118,672,500000,3802796,2946504,-3802796,26093.6,,800,-128,坏棒 总长 1000 任意重度敲 铁头 800
420,17:36:25,hit_420_20260730_173625.csv,512,DEFECT,HIGH,0,84,118,682,500000,3960335,3436241,-3960335,67299.8,,800,-118,坏棒 总长 1000 任意重度敲 铁头 800
421,17:36:25,hit_421_20260730_173625.csv,512,DEFECT,HIGH,0,85,117,698,500000,4127899,4127899,-3454523,553388.4,,800,-102,坏棒 总长 1000 任意重度敲 铁头 800
422,17:36:26,hit_422_20260730_173626.csv,512,DEFECT,HIGH,0,85,118,691,500000,3951374,3415855,-3951374,54117.4,,800,-109,坏棒 总长 1000 任意重度敲 铁头 800
423,17:36:26,hit_423_20260730_173626.csv,512,DEFECT,HIGH,0,85,118,691,500000,3941950,3767943,-3941950,194733.9,,800,-109,坏棒 总长 1000 任意重度敲 铁头 800
424,17:36:26,hit_424_20260730_173626.csv,512,DEFECT,HIGH,0,85,119,685,500000,3975093,3749930,-3975093,92001.5,,800,-115,坏棒 总长 1000 任意重度敲 铁头 800
425,17:36:26,hit_425_20260730_173626.csv,512,DEFECT,HIGH,0,40,117,377,500000,2789760,2789760,-2000432,-58455.9,,800,-423,坏棒 总长 1000 任意重度敲 铁头 800
426,17:36:27,hit_426_20260730_173627.csv,512,DEFECT,LOW,0,24,0,228,500000,3972596,3015478,-3972596,-15549.1,,800,-572,坏棒 总长 1000 任意重度敲 铁头 800
427,17:36:27,hit_427_20260730_173627.csv,512,DEFECT,LOW,0,23,0,219,500000,3746857,3068599,-3746857,-96434.7,,800,-581,坏棒 总长 1000 任意重度敲 铁头 800
428,17:36:27,hit_428_20260730_173627.csv,512,DEFECT,HIGH,0,85,119,685,500000,4215127,4215127,-3907819,188334.2,,800,-115,坏棒 总长 1000 任意重度敲 铁头 800
429,17:36:27,hit_429_20260730_173627.csv,512,DEFECT,HIGH,0,21,122,189,500000,4293856,3755826,-4293856,-59259.1,,800,-611,坏棒 总长 1000 任意重度敲 铁头 800
430,17:36:27,hit_430_20260730_173627.csv,512,DEFECT,HIGH,0,38,117,358,500000,4796186,4796186,-3692825,472033.4,,800,-442,坏棒 总长 1000 任意重度敲 铁头 800
431,17:36:28,hit_431_20260730_173628.csv,512,DEFECT,HIGH,0,35,115,336,500000,4329234,4329234,-3402652,603373.9,,800,-464,坏棒 总长 1000 任意重度敲 铁头 800
432,17:36:28,hit_432_20260730_173628.csv,512,DEFECT,HIGH,0,84,117,688,500000,3973511,3919900,-3973511,41674.8,,800,-112,坏棒 总长 1000 任意重度敲 铁头 800
433,17:36:28,hit_433_20260730_173628.csv,512,NORMAL,HIGH,0,0,114,0,500000,4752841,4752841,-2945844,1191842.2,,800,,坏棒 总长 1000 任意重度敲 铁头 800
434,17:36:28,hit_434_20260730_173628.csv,512,DEFECT,HIGH,0,36,115,346,500000,4292132,4292132,-3542951,796626.5,,800,-454,坏棒 总长 1000 任意重度敲 铁头 800
435,17:36:28,hit_435_20260730_173628.csv,512,DEFECT,HIGH,0,85,117,698,500000,4090766,4016412,-4090766,478305.4,,800,-102,坏棒 总长 1000 任意重度敲 铁头 800
436,17:36:29,hit_436_20260730_173629.csv,512,DEFECT,HIGH,0,83,118,672,500000,4185493,3216841,-4185493,-90796.9,,800,-128,坏棒 总长 1000 任意重度敲 铁头 800
437,17:36:29,hit_437_20260730_173629.csv,512,DEFECT,HIGH,0,83,116,685,500000,4133319,3403672,-4133319,-73069.0,,800,-115,坏棒 总长 1000 任意重度敲 铁头 800
438,17:36:29,hit_438_20260730_173629.csv,512,DEFECT,HIGH,0,82,116,676,500000,3875997,3300781,-3875997,-141849.6,,800,-124,坏棒 总长 1000 任意重度敲 铁头 800
439,17:36:29,hit_439_20260730_173629.csv,512,DEFECT,HIGH,0,85,118,691,500000,3915081,3890970,-3915081,220807.9,,800,-109,坏棒 总长 1000 任意重度敲 铁头 800
440,17:36:30,hit_440_20260730_173630.csv,512,DEFECT,HIGH,0,38,117,358,500000,4294408,4294408,-3654556,485066.0,,800,-442,坏棒 总长 1000 任意重度敲 铁头 800
441,17:36:30,hit_441_20260730_173630.csv,512,DEFECT,LOW,0,24,0,228,500000,4278531,3871160,-4278531,123854.2,,800,-572,坏棒 总长 1000 任意重度敲 铁头 800
442,17:36:30,hit_442_20260730_173630.csv,512,DEFECT,LOW,0,24,0,228,500000,4244926,3537338,-4244926,50157.2,,800,-572,坏棒 总长 1000 任意重度敲 铁头 800
443,17:36:30,hit_443_20260730_173630.csv,512,DEFECT,HIGH,0,84,119,675,500000,4032291,3703300,-4032291,-89071.4,,800,-125,坏棒 总长 1000 任意重度敲 铁头 800
444,17:36:30,hit_444_20260730_173630.csv,512,DEFECT,LOW,0,25,0,238,500000,4335236,3246273,-4335236,-39792.6,,800,-562,坏棒 总长 1000 任意重度敲 铁头 800
445,17:36:31,hit_445_20260730_173631.csv,512,DEFECT,HIGH,0,96,123,758,500000,4692585,4692585,-4129462,427194.4,,800,-42,坏棒 总长 1000 任意重度敲 铁头 800
446,17:36:31,hit_446_20260730_173631.csv,512,DEFECT,HIGH,0,34,108,350,500000,4431369,3240517,-4431369,-54052.0,,800,-450,坏棒 总长 1000 任意重度敲 铁头 800
447,17:36:31,hit_447_20260730_173631.csv,512,DEFECT,HIGH,0,22,121,200,500000,4506343,4329749,-4506343,-37510.7,,800,-600,坏棒 总长 1000 任意重度敲 铁头 800
448,17:36:31,hit_448_20260730_173631.csv,512,DEFECT,HIGH,0,85,117,698,500000,4562411,4562411,-3550098,660053.0,,800,-102,坏棒 总长 1000 任意重度敲 铁头 800
449,17:36:32,hit_449_20260730_173632.csv,512,DEFECT,LOW,0,24,0,228,500000,4142738,3089065,-4142738,-197359.6,,800,-572,坏棒 总长 1000 任意重度敲 铁头 800
450,17:36:32,hit_450_20260730_173632.csv,512,DEFECT,HIGH,0,37,117,349,500000,4175852,4175852,-3702612,438112.1,,800,-451,坏棒 总长 1000 任意重度敲 铁头 800
451,17:36:32,hit_451_20260730_173632.csv,512,DEFECT,HIGH,0,27,124,238,500000,5035621,3130444,-5035621,-285118.6,,800,-562,坏棒 总长 1000 任意重度敲 铁头 800
452,17:36:32,hit_452_20260730_173632.csv,512,DEFECT,HIGH,0,41,119,379,500000,4120603,4024547,-4120603,-154409.8,,800,-421,坏棒 总长 1000 任意重度敲 铁头 800
453,17:36:32,hit_453_20260730_173632.csv,512,DEFECT,HIGH,0,30,108,309,500000,4748053,3753845,-4748053,-275538.7,,800,-491,坏棒 总长 1000 任意重度敲 铁头 800
454,17:36:32,hit_454_20260730_173632.csv,512,DEFECT,HIGH,0,23,121,209,500000,4052216,2941822,-4052216,-98450.2,,800,-591,坏棒 总长 1000 任意重度敲 铁头 800
455,17:36:33,hit_455_20260730_173633.csv,512,DEFECT,HIGH,0,21,121,190,500000,4254622,3838813,-4254622,83671.6,,800,-610,坏棒 总长 1000 任意重度敲 铁头 800
456,17:36:33,hit_456_20260730_173633.csv,512,DEFECT,HIGH,0,22,119,203,500000,4381139,4381139,-3718169,479433.4,,800,-597,坏棒 总长 1000 任意重度敲 铁头 800
457,17:36:33,hit_457_20260730_173633.csv,512,DEFECT,HIGH,0,25,120,229,500000,4458147,4458147,-3918045,361411.9,,800,-571,坏棒 总长 1000 任意重度敲 铁头 800
458,17:36:33,hit_458_20260730_173633.csv,512,DEFECT,LOW,0,26,0,247,500000,5150440,4506465,-5150440,-43020.2,,800,-553,坏棒 总长 1000 任意重度敲 铁头 800
459,17:36:33,hit_459_20260730_173633.csv,512,DEFECT,LOW,0,29,0,276,500000,4234034,3985178,-4234034,250813.1,,800,-524,坏棒 总长 1000 任意重度敲 铁头 800
460,17:36:34,hit_460_20260730_173634.csv,512,DEFECT,HIGH,0,33,123,294,500000,3657670,3657670,-2910338,-74195.6,,800,-506,坏棒 总长 1000 任意重度敲 铁头 800
461,17:36:34,hit_461_20260730_173634.csv,512,DEFECT,LOW,0,22,0,209,500000,4527384,4235440,-4527384,104130.2,,800,-591,坏棒 总长 1000 任意重度敲 铁头 800
462,17:36:34,hit_462_20260730_173634.csv,512,DEFECT,LOW,0,24,0,228,500000,4931800,4053458,-4931800,97584.7,,800,-572,坏棒 总长 1000 任意重度敲 铁头 800
463,17:36:34,hit_463_20260730_173634.csv,512,DEFECT,LOW,0,21,0,200,500000,4375323,3904147,-4375323,13792.1,,800,-600,坏棒 总长 1000 任意重度敲 铁头 800
464,17:36:35,hit_464_20260730_173635.csv,512,DEFECT,HIGH,0,24,122,216,500000,4755367,3922443,-4755367,-160083.6,,800,-584,坏棒 总长 1000 任意重度敲 铁头 800
465,17:36:35,hit_465_20260730_173635.csv,512,DEFECT,HIGH,0,84,117,688,500000,3958775,3355077,-3958775,-190604.7,,800,-112,坏棒 总长 1000 任意重度敲 铁头 800
466,17:36:35,hit_466_20260730_173635.csv,512,DEFECT,HIGH,0,87,120,697,500000,4275082,3925824,-4275082,151301.7,,800,-103,坏棒 总长 1000 任意重度敲 铁头 800
467,17:36:35,hit_467_20260730_173635.csv,512,DEFECT,HIGH,0,23,119,212,500000,4345179,3239992,-4345179,-252012.5,,800,-588,坏棒 总长 1000 任意重度敲 铁头 800
468,17:36:35,hit_468_20260730_173635.csv,512,DEFECT,HIGH,0,86,118,700,500000,4045591,4045591,-3984533,166907.2,,800,-100,坏棒 总长 1000 任意重度敲 铁头 800
469,17:36:36,hit_469_20260730_173636.csv,512,DEFECT,HIGH,0,40,117,377,500000,4343007,4343007,-3876460,328606.6,,800,-423,坏棒 总长 1000 任意重度敲 铁头 800
470,17:36:36,hit_470_20260730_173636.csv,512,DEFECT,HIGH,0,26,124,230,500000,4692561,2953949,-4692561,-378982.0,,800,-570,坏棒 总长 1000 任意重度敲 铁头 800
471,17:36:36,hit_471_20260730_173636.csv,512,DEFECT,HIGH,0,88,122,693,500000,3990012,3749005,-3990012,236378.4,,800,-107,坏棒 总长 1000 任意重度敲 铁头 800
472,17:36:36,hit_472_20260730_173636.csv,512,DEFECT,LOW,0,33,0,314,500000,4596805,3162208,-4596805,-199435.6,,800,-486,坏棒 总长 1000 任意重度敲 铁头 800
473,17:36:37,hit_473_20260730_173637.csv,512,DEFECT,HIGH,0,26,119,240,500000,4973782,4973782,-3717703,423722.8,,800,-560,坏棒 总长 1000 任意重度敲 铁头 800
474,17:36:37,hit_474_20260730_173637.csv,512,DEFECT,HIGH,0,88,121,700,500000,3881734,3663698,-3881734,174256.0,,800,-100,坏棒 总长 1000 任意重度敲 铁头 800
475,17:36:37,hit_475_20260730_173637.csv,512,DEFECT,HIGH,0,21,117,198,500000,5046847,5046847,-3662850,609363.6,,800,-602,坏棒 总长 1000 任意重度敲 铁头 800
476,17:36:37,hit_476_20260730_173637.csv,512,DEFECT,HIGH,0,86,118,700,500000,4267061,4267061,-3990186,179913.9,,800,-100,坏棒 总长 1000 任意重度敲 铁头 800
477,17:36:37,hit_477_20260730_173637.csv,512,DEFECT,LOW,0,21,0,200,500000,4332052,3444018,-4332052,-4344.6,,800,-600,坏棒 总长 1000 任意重度敲 铁头 800
478,17:36:38,hit_478_20260730_173638.csv,512,DEFECT,HIGH,0,27,122,243,500000,4969975,4969975,-4068517,520696.5,,800,-557,坏棒 总长 1000 任意重度敲 铁头 800
479,17:36:38,hit_479_20260730_173638.csv,512,DEFECT,HIGH,0,87,119,703,500000,4306693,4306693,-4091878,66871.3,,800,-97,坏棒 总长 1000 任意重度敲 铁头 800
480,17:36:38,hit_480_20260730_173638.csv,512,DEFECT,HIGH,0,85,118,691,500000,3947030,3514135,-3947030,94929.5,,800,-109,坏棒 总长 1000 任意重度敲 铁头 800
481,17:36:38,hit_481_20260730_173638.csv,512,DEFECT,HIGH,0,82,116,676,500000,3674346,3408835,-3674346,177894.9,,800,-124,坏棒 总长 1000 任意重度敲 铁头 800
482,17:36:38,hit_482_20260730_173638.csv,512,DEFECT,HIGH,0,82,116,676,500000,4001129,3624217,-4001129,76915.3,,800,-124,坏棒 总长 1000 任意重度敲 铁头 800
483,17:36:39,hit_483_20260730_173639.csv,512,DEFECT,HIGH,0,85,117,698,500000,4042315,3875904,-4042315,274028.7,,800,-102,坏棒 总长 1000 任意重度敲 铁头 800
484,17:36:39,hit_484_20260730_173639.csv,512,DEFECT,HIGH,0,22,118,205,500000,4556615,3447236,-4556615,-317600.5,,800,-595,坏棒 总长 1000 任意重度敲 铁头 800
485,17:36:39,hit_485_20260730_173639.csv,512,DEFECT,HIGH,0,86,118,700,500000,4115421,4074842,-4115421,229677.4,,800,-100,坏棒 总长 1000 任意重度敲 铁头 800
486,17:36:39,hit_486_20260730_173639.csv,512,DEFECT,HIGH,0,21,120,192,500000,4315002,3633668,-4315002,-100872.8,,800,-608,坏棒 总长 1000 任意重度敲 铁头 800
487,17:36:39,hit_487_20260730_173639.csv,512,DEFECT,HIGH,0,86,118,700,500000,4103245,4103245,-3891302,289306.0,,800,-100,坏棒 总长 1000 任意重度敲 铁头 800
488,17:36:40,hit_488_20260730_173640.csv,512,DEFECT,HIGH,0,86,117,707,500000,4215512,4215512,-3860640,320397.6,,800,-93,坏棒 总长 1000 任意重度敲 铁头 800
489,17:36:40,hit_489_20260730_173640.csv,512,DEFECT,HIGH,0,36,116,342,500000,4735838,4735838,-3447118,845983.9,,800,-458,坏棒 总长 1000 任意重度敲 铁头 800
490,17:36:40,hit_490_20260730_173640.csv,512,DEFECT,HIGH,0,84,116,695,500000,4142853,4142853,-3927319,370165.8,,800,-105,坏棒 总长 1000 任意重度敲 铁头 800
491,17:36:40,hit_491_20260730_173640.csv,512,DEFECT,HIGH,0,84,115,701,500000,3920818,3920818,-3817894,340169.6,,800,-99,坏棒 总长 1000 任意重度敲 铁头 800
492,17:36:41,hit_492_20260730_173641.csv,512,DEFECT,HIGH,0,37,113,362,500000,4211515,4211515,-3444417,702663.5,,800,-438,坏棒 总长 1000 任意重度敲 铁头 800
493,17:36:41,hit_493_20260730_173641.csv,512,DEFECT,HIGH,0,82,114,689,500000,3941381,3941381,-3482090,401232.9,,800,-111,坏棒 总长 1000 任意重度敲 铁头 800
494,17:36:41,hit_494_20260730_173641.csv,512,DEFECT,HIGH,0,38,115,365,500000,4057464,4057464,-3675826,447425.8,,800,-435,坏棒 总长 1000 任意重度敲 铁头 800
495,17:36:41,hit_495_20260730_173641.csv,512,DEFECT,HIGH,0,40,116,380,500000,4137513,4137513,-3798429,343771.2,,800,-420,坏棒 总长 1000 任意重度敲 铁头 800
496,17:36:41,hit_496_20260730_173641.csv,512,DEFECT,HIGH,0,91,115,788,500000,4352074,4352074,-3220763,852435.3,,800,-12,坏棒 总长 1000 任意重度敲 铁头 800
497,17:36:42,hit_497_20260730_173642.csv,512,DEFECT,HIGH,0,21,121,190,500000,4428817,3302714,-4428817,-127843.5,,800,-610,坏棒 总长 1000 任意重度敲 铁头 800
498,17:36:42,hit_498_20260730_173642.csv,512,DEFECT,HIGH,0,37,117,349,500000,4736478,4736478,-3549633,667206.5,,800,-451,坏棒 总长 1000 任意重度敲 铁头 800
499,17:36:42,hit_499_20260730_173642.csv,512,DEFECT,HIGH,0,24,120,220,500000,5008727,5008727,-3967481,556262.2,,800,-580,坏棒 总长 1000 任意重度敲 铁头 800
500,17:36:43,hit_500_20260730_173643.csv,512,DEFECT,HIGH,0,83,117,679,500000,3889705,3817052,-3889705,61904.8,,800,-121,坏棒 总长 1000 任意重度敲 铁头 800
501,17:36:43,hit_501_20260730_173643.csv,512,DEFECT,HIGH,0,21,121,190,500000,4497477,3728618,-4497477,5499.5,,800,-610,坏棒 总长 1000 任意重度敲 铁头 800
502,17:36:43,hit_502_20260730_173643.csv,512,DEFECT,HIGH,0,22,120,201,500000,4373256,3508330,-4373256,-143969.6,,800,-599,坏棒 总长 1000 任意重度敲 铁头 800
503,17:36:43,hit_503_20260730_173643.csv,512,DEFECT,HIGH,0,84,115,701,500000,3869861,3848807,-3869861,135148.7,,800,-99,坏棒 总长 1000 任意重度敲 铁头 800
504,17:36:44,hit_504_20260730_173644.csv,512,DEFECT,LOW,0,25,0,238,500000,4970057,4048727,-4970057,-28917.9,,800,-562,坏棒 总长 1000 任意重度敲 铁头 800
505,17:36:44,hit_505_20260730_173644.csv,512,DEFECT,HIGH,0,85,115,711,500000,4059264,4059264,-3951445,276903.1,,800,-89,坏棒 总长 1000 任意重度敲 铁头 800
506,17:36:44,hit_506_20260730_173644.csv,512,DEFECT,HIGH,0,87,111,790,500000,5697345,5697345,-2660671,1372148.7,,800,-10,坏棒 总长 1000 任意重度敲 铁头 800
507,17:36:44,hit_507_20260730_173644.csv,512,DEFECT,HIGH,0,83,115,692,500000,4263496,4263496,-3683581,442973.4,,800,-108,坏棒 总长 1000 任意重度敲 铁头 800
508,17:36:45,hit_508_20260730_173645.csv,512,NORMAL,HIGH,0,0,116,0,500000,4496052,4496052,-3826466,617441.5,,800,,坏棒 总长 1000 任意重度敲 铁头 800
509,17:36:45,hit_509_20260730_173645.csv,512,DEFECT,HIGH,0,21,116,200,500000,5931568,5931568,-3218671,1178545.3,,800,-600,坏棒 总长 1000 任意重度敲 铁头 800
510,17:36:45,hit_510_20260730_173645.csv,512,NORMAL,HIGH,0,0,114,0,500000,4773041,4773041,-3247394,959513.1,,800,,坏棒 总长 1000 任意重度敲 铁头 800
511,17:36:45,hit_511_20260730_173645.csv,512,NORMAL,HIGH,0,0,114,0,500000,4415040,4415040,-3473077,856957.8,,800,,坏棒 总长 1000 任意重度敲 铁头 800
512,17:36:46,hit_512_20260730_173646.csv,512,NORMAL,HIGH,0,0,114,0,500000,4816402,4816402,-3462406,975655.8,,800,,坏棒 总长 1000 任意重度敲 铁头 800
513,17:36:46,hit_513_20260730_173646.csv,512,DEFECT,HIGH,0,84,115,701,500000,3904111,3904111,-3751423,391744.7,,800,-99,坏棒 总长 1000 任意重度敲 铁头 800
514,17:36:46,hit_514_20260730_173646.csv,512,DEFECT,HIGH,0,35,115,336,500000,4733291,4733291,-3156958,967465.0,,800,-464,坏棒 总长 1000 任意重度敲 铁头 800
515,17:36:46,hit_515_20260730_173646.csv,512,DEFECT,LOW,0,22,0,209,500000,4665672,4038393,-4665672,121814.5,,800,-591,坏棒 总长 1000 任意重度敲 铁头 800
516,17:36:47,hit_516_20260730_173647.csv,512,DEFECT,HIGH,0,86,119,694,500000,3939067,3903183,-3939067,159775.4,,800,-106,坏棒 总长 1000 任意重度敲 铁头 800
517,17:36:47,hit_517_20260730_173647.csv,512,DEFECT,HIGH,0,21,117,198,500000,5468946,5468946,-3400827,844992.7,,800,-602,坏棒 总长 1000 任意重度敲 铁头 800
518,17:36:47,hit_518_20260730_173647.csv,512,DEFECT,HIGH,0,24,117,226,500000,5263798,5263798,-3485224,735441.4,,800,-574,坏棒 总长 1000 任意重度敲 铁头 800
519,17:36:47,hit_519_20260730_173647.csv,512,DEFECT,HIGH,0,23,122,207,500000,4228337,3051644,-4228337,-92509.5,,800,-593,坏棒 总长 1000 任意重度敲 铁头 800
520,17:36:47,hit_520_20260730_173647.csv,512,DEFECT,HIGH,0,34,114,330,500000,4082055,4082055,-3312394,569325.9,,800,-470,坏棒 总长 1000 任意重度敲 铁头 800
521,17:36:48,hit_521_20260730_173648.csv,512,DEFECT,HIGH,0,85,116,704,500000,4037484,4037484,-3838926,242935.5,,800,-96,坏棒 总长 1000 任意重度敲 铁头 800
522,17:36:48,hit_522_20260730_173648.csv,512,NORMAL,HIGH,0,0,114,0,500000,4182668,4182668,-3577176,592046.3,,800,,坏棒 总长 1000 任意重度敲 铁头 800
523,17:36:48,hit_523_20260730_173648.csv,512,DEFECT,HIGH,0,84,115,701,500000,3931258,3931258,-3680888,337560.2,,800,-99,坏棒 总长 1000 任意重度敲 铁头 800
524,17:36:48,hit_524_20260730_173648.csv,512,DEFECT,HIGH,0,37,115,355,500000,4025306,4025306,-3529381,561313.3,,800,-445,坏棒 总长 1000 任意重度敲 铁头 800
525,17:36:49,hit_525_20260730_173649.csv,512,DEFECT,HIGH,0,38,115,365,500000,3894985,3894985,-3595337,438368.5,,800,-435,坏棒 总长 1000 任意重度敲 铁头 800
526,17:36:49,hit_526_20260730_173649.csv,512,DEFECT,HIGH,0,82,117,669,500000,4006736,3392404,-4006736,22467.8,,800,-131,坏棒 总长 1000 任意重度敲 铁头 800
527,17:36:49,hit_527_20260730_173649.csv,512,DEFECT,HIGH,0,84,115,701,500000,3881787,3881787,-3737898,347987.6,,800,-99,坏棒 总长 1000 任意重度敲 铁头 800
528,17:36:49,hit_528_20260730_173649.csv,512,DEFECT,HIGH,0,82,115,682,500000,3724022,3724022,-3487226,441286.4,,800,-118,坏棒 总长 1000 任意重度敲 铁头 800
529,17:36:49,hit_529_20260730_173649.csv,512,DEFECT,HIGH,0,83,116,685,500000,3678757,3635890,-3678757,252998.6,,800,-115,坏棒 总长 1000 任意重度敲 铁头 800
530,17:36:50,hit_530_20260730_173650.csv,512,DEFECT,HIGH,0,37,117,349,500000,4473116,4473116,-3608283,569577.2,,800,-451,坏棒 总长 1000 任意重度敲 铁头 800
531,17:36:50,hit_531_20260730_173650.csv,512,DEFECT,HIGH,0,35,117,330,500000,4309793,4309793,-3141124,730756.0,,800,-470,坏棒 总长 1000 任意重度敲 铁头 800
532,17:36:50,hit_532_20260730_173650.csv,512,DEFECT,HIGH,0,22,118,205,500000,4837317,4837317,-3422758,610783.9,,800,-595,坏棒 总长 1000 任意重度敲 铁头 800
533,17:36:50,hit_533_20260730_173650.csv,512,DEFECT,LOW,0,25,0,238,500000,4767420,3874653,-4767420,-99843.5,,800,-562,坏棒 总长 1000 任意重度敲 铁头 800
534,17:36:51,hit_534_20260730_173651.csv,512,DEFECT,HIGH,0,22,117,207,500000,5518729,5518729,-3508903,668326.8,,800,-593,坏棒 总长 1000 任意重度敲 铁头 800
535,17:36:51,hit_535_20260730_173651.csv,512,DEFECT,HIGH,0,22,119,203,500000,5026445,5026445,-3866336,517228.4,,800,-597,坏棒 总长 1000 任意重度敲 铁头 800
536,17:36:51,hit_536_20260730_173651.csv,512,DEFECT,HIGH,0,87,116,723,500000,5182796,5182796,-3091522,1037302.3,,800,-77,坏棒 总长 1000 任意重度敲 铁头 800
537,17:36:51,hit_537_20260730_173651.csv,512,DEFECT,HIGH,0,36,116,342,500000,4773172,4773172,-3488993,849853.9,,800,-458,坏棒 总长 1000 任意重度敲 铁头 800
538,17:36:52,hit_538_20260730_173652.csv,512,DEFECT,HIGH,0,85,117,698,500000,4230287,4230287,-3847154,481200.4,,800,-102,坏棒 总长 1000 任意重度敲 铁头 800
539,17:36:52,hit_539_20260730_173652.csv,512,DEFECT,HIGH,0,35,114,339,500000,4180628,4180628,-3473087,681038.2,,800,-461,坏棒 总长 1000 任意重度敲 铁头 800
540,17:36:52,hit_540_20260730_173652.csv,512,NORMAL,HIGH,0,0,115,0,500000,4093671,4093671,-3743407,472914.1,,800,,坏棒 总长 1000 任意重度敲 铁头 800
541,17:36:52,hit_541_20260730_173652.csv,512,NORMAL,HIGH,0,0,114,0,500000,3975247,3975247,-3631039,464577.6,,800,,坏棒 总长 1000 任意重度敲 铁头 800
542,17:36:53,hit_542_20260730_173653.csv,512,NORMAL,HIGH,0,0,114,0,500000,4276885,4276885,-3325634,810069.4,,800,,坏棒 总长 1000 任意重度敲 铁头 800
543,17:36:53,hit_543_20260730_173653.csv,512,DEFECT,HIGH,0,84,115,701,500000,3817005,3817005,-3721045,327237.6,,800,-99,坏棒 总长 1000 任意重度敲 铁头 800
544,17:36:53,hit_544_20260730_173653.csv,512,DEFECT,HIGH,0,84,117,688,500000,4079795,3382785,-4079795,-7103.0,,800,-112,坏棒 总长 1000 任意重度敲 铁头 800
545,17:36:53,hit_545_20260730_173653.csv,512,DEFECT,HIGH,0,82,116,676,500000,3940689,3173949,-3940689,-144856.5,,800,-124,坏棒 总长 1000 任意重度敲 铁头 800
546,17:36:53,hit_546_20260730_173653.csv,512,DEFECT,HIGH,0,84,116,695,500000,4015775,3454519,-4015775,-20392.3,,800,-105,坏棒 总长 1000 任意重度敲 铁头 800
547,17:36:54,hit_547_20260730_173654.csv,512,DEFECT,HIGH,0,83,116,685,500000,3657863,3628136,-3657863,285477.4,,800,-115,坏棒 总长 1000 任意重度敲 铁头 800
548,17:36:54,hit_548_20260730_173654.csv,512,DEFECT,HIGH,0,40,119,370,500000,4089291,3232464,-4089291,-2648.1,,800,-430,坏棒 总长 1000 任意重度敲 铁头 800
549,17:36:54,hit_549_20260730_173654.csv,512,DEFECT,HIGH,0,83,116,685,500000,3794059,3287461,-3794059,109600.8,,800,-115,坏棒 总长 1000 任意重度敲 铁头 800
550,17:36:54,hit_550_20260730_173654.csv,512,DEFECT,HIGH,0,83,115,692,500000,3776191,3776191,-3623815,405015.1,,800,-108,坏棒 总长 1000 任意重度敲 铁头 800
551,17:36:55,hit_551_20260730_173655.csv,512,DEFECT,HIGH,0,81,112,693,500000,3663336,3663336,-3428577,260809.8,,800,-107,坏棒 总长 1000 任意重度敲 铁头 800
552,17:36:55,hit_552_20260730_173655.csv,512,DEFECT,HIGH,0,83,116,685,500000,3804369,3783058,-3804369,336956.6,,800,-115,坏棒 总长 1000 任意重度敲 铁头 800
553,17:36:55,hit_553_20260730_173655.csv,512,DEFECT,HIGH,0,35,115,336,500000,4254544,4254544,-3212547,800703.0,,800,-464,坏棒 总长 1000 任意重度敲 铁头 800
554,17:36:55,hit_554_20260730_173655.csv,512,DEFECT,LOW,0,24,0,228,500000,3117873,3117873,-2530649,-70480.7,,800,-572,坏棒 总长 1000 任意重度敲 铁头 800
555,17:36:55,hit_555_20260730_173655.csv,512,DEFECT,HIGH,0,21,119,194,500000,4029672,4029672,-3616032,266593.0,,800,-606,坏棒 总长 1000 任意重度敲 铁头 800
556,17:36:56,hit_556_20260730_173656.csv,512,DEFECT,HIGH,0,22,118,205,500000,5322886,5322886,-3507975,779007.4,,800,-595,坏棒 总长 1000 任意重度敲 铁头 800
557,17:36:56,hit_557_20260730_173656.csv,512,DEFECT,HIGH,0,23,121,209,500000,4224364,3423705,-4224364,38138.5,,800,-591,坏棒 总长 1000 任意重度敲 铁头 800
558,17:36:56,hit_558_20260730_173656.csv,512,DEFECT,HIGH,0,25,124,221,500000,4634621,3192031,-4634621,-323636.5,,800,-579,坏棒 总长 1000 任意重度敲 铁头 800
559,17:36:56,hit_559_20260730_173656.csv,512,DEFECT,HIGH,0,84,119,675,500000,3733588,3293595,-3733588,137283.6,,800,-125,坏棒 总长 1000 任意重度敲 铁头 800
560,17:36:56,hit_560_20260730_173656.csv,512,DEFECT,HIGH,0,36,117,339,500000,3887754,3887754,-3575369,464749.0,,800,-461,坏棒 总长 1000 任意重度敲 铁头 800
561,17:36:57,hit_561_20260730_173657.csv,512,DEFECT,HIGH,0,29,119,268,500000,3044822,2735794,-3044822,-147588.4,,800,-532,坏棒 总长 1000 任意重度敲 铁头 800
562,17:36:57,hit_562_20260730_173657.csv,512,DEFECT,HIGH,0,21,120,192,500000,4350970,3149750,-4350970,-97236.4,,800,-608,坏棒 总长 1000 任意重度敲 铁头 800
563,17:36:57,hit_563_20260730_173657.csv,512,DEFECT,HIGH,0,85,118,691,500000,4173860,3811068,-4173860,43746.0,,800,-109,坏棒 总长 1000 任意重度敲 铁头 800
564,17:36:57,hit_564_20260730_173657.csv,512,DEFECT,HIGH,0,84,120,669,500000,4202999,3171012,-4202999,-153246.9,,800,-131,坏棒 总长 1000 任意重度敲 铁头 800
565,17:36:58,hit_565_20260730_173658.csv,512,DEFECT,HIGH,0,38,118,355,500000,4282772,4282772,-3862296,427358.3,,800,-445,坏棒 总长 1000 任意重度敲 铁头 800
566,17:36:58,hit_566_20260730_173658.csv,512,DEFECT,HIGH,0,92,117,773,500000,4212999,4212999,-3630596,543204.0,,800,-27,坏棒 总长 1000 任意重度敲 铁头 800
567,17:36:58,hit_567_20260730_173658.csv,512,DEFECT,HIGH,0,84,117,688,500000,3929610,3648191,-3929610,88809.0,,800,-112,坏棒 总长 1000 任意重度敲 铁头 800
568,17:36:58,hit_568_20260730_173658.csv,512,DEFECT,HIGH,0,84,117,688,500000,3780794,3419078,-3780794,153690.5,,800,-112,坏棒 总长 1000 任意重度敲 铁头 800
569,17:36:58,hit_569_20260730_173658.csv,512,DEFECT,HIGH,0,83,117,679,500000,3788774,3125643,-3788774,63547.7,,800,-121,坏棒 总长 1000 任意重度敲 铁头 800
570,17:36:59,hit_570_20260730_173659.csv,512,DEFECT,HIGH,0,21,120,192,500000,4320262,3636460,-4320262,-50753.7,,800,-608,坏棒 总长 1000 任意重度敲 铁头 800
571,17:36:59,hit_571_20260730_173659.csv,512,DEFECT,LOW,0,22,0,209,500000,4523441,3293634,-4523441,-87869.1,,800,-591,坏棒 总长 1000 任意重度敲 铁头 800
572,17:36:59,hit_572_20260730_173659.csv,512,DEFECT,HIGH,0,29,108,298,500000,5052409,3508752,-5052409,-216353.2,,800,-502,坏棒 总长 1000 任意重度敲 铁头 800
573,17:36:59,hit_573_20260730_173659.csv,512,DEFECT,HIGH,0,89,121,709,500000,4445917,4445917,-4199757,365957.9,,800,-91,坏棒 总长 1000 任意重度敲 铁头 800
574,17:36:59,hit_574_20260730_173659.csv,512,DEFECT,HIGH,0,37,116,352,500000,4567317,4567317,-3548939,632338.2,,800,-448,坏棒 总长 1000 任意重度敲 铁头 800
575,17:37:00,hit_575_20260730_173700.csv,512,DEFECT,HIGH,0,35,115,336,500000,5205012,5205012,-3156969,1199408.7,,800,-464,坏棒 总长 1000 任意重度敲 铁头 800
576,17:37:00,hit_576_20260730_173700.csv,512,DEFECT,LOW,0,21,0,200,500000,4298048,3988082,-4298048,44519.0,,800,-600,坏棒 总长 1000 任意重度敲 铁头 800
577,17:37:00,hit_577_20260730_173700.csv,512,DEFECT,HIGH,0,23,120,211,500000,4060348,3483999,-4060348,145088.9,,800,-589,坏棒 总长 1000 任意重度敲 铁头 800
578,17:37:00,hit_578_20260730_173700.csv,512,DEFECT,HIGH,0,23,120,211,500000,5370643,5370643,-3868488,766381.3,,800,-589,坏棒 总长 1000 任意重度敲 铁头 800
579,17:37:01,hit_579_20260730_173701.csv,512,DEFECT,HIGH,0,24,119,222,500000,5080291,5080291,-3924133,358065.7,,800,-578,坏棒 总长 1000 任意重度敲 铁头 800
580,17:37:01,hit_580_20260730_173701.csv,512,DEFECT,HIGH,0,25,120,229,500000,5898089,5898089,-3790597,1100793.5,,800,-571,坏棒 总长 1000 任意重度敲 铁头 800
581,17:37:01,hit_581_20260730_173701.csv,512,DEFECT,HIGH,0,21,117,198,500000,5568092,5568092,-3285695,919114.1,,800,-602,坏棒 总长 1000 任意重度敲 铁头 800
582,17:37:01,hit_582_20260730_173701.csv,512,DEFECT,HIGH,0,24,122,216,500000,4594943,3418013,-4594943,-370805.9,,800,-584,坏棒 总长 1000 任意重度敲 铁头 800
583,17:37:01,hit_583_20260730_173701.csv,512,DEFECT,HIGH,0,38,116,361,500000,4490212,4490212,-3721994,531479.7,,800,-439,坏棒 总长 1000 任意重度敲 铁头 800
584,17:37:02,hit_584_20260730_173702.csv,512,DEFECT,HIGH,0,84,117,688,500000,3930917,3930917,-3897489,295067.5,,800,-112,坏棒 总长 1000 任意重度敲 铁头 800
585,17:37:02,hit_585_20260730_173702.csv,512,DEFECT,HIGH,0,21,118,196,500000,4516114,4516114,-3834774,442827.4,,800,-604,坏棒 总长 1000 任意重度敲 铁头 800
586,17:37:02,hit_586_20260730_173702.csv,512,DEFECT,HIGH,0,88,120,706,500000,4645456,4645456,-4316872,246920.4,,800,-94,坏棒 总长 1000 任意重度敲 铁头 800
587,17:37:02,hit_587_20260730_173702.csv,512,DEFECT,HIGH,0,21,122,189,500000,4314293,3963441,-4314293,96802.9,,800,-611,坏棒 总长 1000 任意重度敲 铁头 800
588,17:37:03,hit_588_20260730_173703.csv,512,DEFECT,HIGH,0,88,119,712,500000,4346386,4346386,-4064940,80956.9,,800,-88,坏棒 总长 1000 任意重度敲 铁头 800
589,17:37:03,hit_589_20260730_173703.csv,512,DEFECT,HIGH,0,24,119,222,500000,4961510,4961510,-3944434,504270.3,,800,-578,坏棒 总长 1000 任意重度敲 铁头 800
590,17:37:03,hit_590_20260730_173703.csv,512,DEFECT,HIGH,0,25,118,233,500000,4803251,4803251,-4014117,248626.3,,800,-567,坏棒 总长 1000 任意重度敲 铁头 800
591,17:37:03,hit_591_20260730_173703.csv,512,DEFECT,LOW,0,24,0,228,500000,4119579,2948100,-4119579,-44178.9,,800,-572,坏棒 总长 1000 任意重度敲 铁头 800
592,17:37:04,hit_592_20260730_173704.csv,512,DEFECT,HIGH,0,25,119,231,500000,5214472,5214472,-4017386,611059.2,,800,-569,坏棒 总长 1000 任意重度敲 铁头 800
593,17:37:04,hit_593_20260730_173704.csv,512,DEFECT,HIGH,0,24,123,214,500000,4154317,3191083,-4154317,-296883.5,,800,-586,坏棒 总长 1000 任意重度敲 铁头 800
594,17:37:04,hit_594_20260730_173704.csv,512,DEFECT,HIGH,0,38,117,358,500000,4715173,4715173,-3595023,592369.8,,800,-442,坏棒 总长 1000 任意重度敲 铁头 800
595,17:37:04,hit_595_20260730_173704.csv,512,DEFECT,HIGH,0,83,113,705,500000,5063280,5063280,-3401598,1119145.0,,800,-95,坏棒 总长 1000 任意重度敲 铁头 800
596,17:37:04,hit_596_20260730_173704.csv,512,NORMAL,HIGH,0,0,116,0,500000,4403353,4403353,-3630925,755533.0,,800,,坏棒 总长 1000 任意重度敲 铁头 800
597,17:37:05,hit_597_20260730_173705.csv,512,DEFECT,HIGH,0,85,116,704,500000,4137118,4137118,-3839146,452450.2,,800,-96,坏棒 总长 1000 任意重度敲 铁头 800
598,17:37:05,hit_598_20260730_173705.csv,512,DEFECT,HIGH,0,85,117,698,500000,4158003,3709122,-4158003,51735.4,,800,-102,坏棒 总长 1000 任意重度敲 铁头 800
599,17:37:05,hit_599_20260730_173705.csv,512,DEFECT,HIGH,0,28,122,252,500000,5231977,3498756,-5231977,-527952.5,,800,-548,坏棒 总长 1000 任意重度敲 铁头 800
600,17:37:05,hit_600_20260730_173705.csv,512,NORMAL,HIGH,0,0,116,0,500000,4504839,4504839,-3588872,735880.0,,800,,坏棒 总长 1000 任意重度敲 铁头 800
601,17:37:06,hit_601_20260730_173706.csv,512,DEFECT,HIGH,0,21,118,196,500000,5176952,5176952,-3580457,974368.2,,800,-604,坏棒 总长 1000 任意重度敲 铁头 800
602,17:37:06,hit_602_20260730_173706.csv,512,DEFECT,HIGH,0,86,116,714,500000,5659957,5659957,-3116108,1440667.7,,800,-86,坏棒 总长 1000 任意重度敲 铁头 800
603,17:37:06,hit_603_20260730_173706.csv,512,DEFECT,HIGH,0,87,119,703,500000,4296205,4296205,-4083085,133251.1,,800,-97,坏棒 总长 1000 任意重度敲 铁头 800
604,17:37:06,hit_604_20260730_173706.csv,512,DEFECT,HIGH,0,38,117,358,500000,4649784,4649784,-3626623,660417.3,,800,-442,坏棒 总长 1000 任意重度敲 铁头 800
605,17:37:06,hit_605_20260730_173706.csv,512,DEFECT,HIGH,0,37,117,349,500000,4575826,4575826,-3569905,760175.1,,800,-451,坏棒 总长 1000 任意重度敲 铁头 800
606,17:37:07,hit_606_20260730_173707.csv,512,DEFECT,HIGH,0,40,117,377,500000,4392333,4392333,-3755150,459385.5,,800,-423,坏棒 总长 1000 任意重度敲 铁头 800
607,17:37:07,hit_607_20260730_173707.csv,512,DEFECT,HIGH,0,85,117,698,500000,3872891,3872891,-3830747,165304.0,,800,-102,坏棒 总长 1000 任意重度敲 铁头 800
608,17:37:34,hit_608_20260730_173734.csv,512,DEFECT,HIGH,0,87,119,703,500000,4295298,4295298,-4028031,391478.1,,800,-97,坏棒 总长 1000 任意重度敲 铁头 800
609,17:37:36,hit_609_20260730_173736.csv,512,DEFECT,HIGH,0,26,124,230,500000,4579700,2962311,-4579700,-210628.3,,800,-570,坏棒 总长 1000 任意重度敲 铁头 800
610,17:37:36,hit_610_20260730_173736.csv,512,DEFECT,LOW,0,26,0,247,500000,4056496,3108012,-4056496,45717.8,,800,-553,坏棒 总长 1000 任意重度敲 铁头 800
611,17:37:37,hit_611_20260730_173737.csv,512,DEFECT,HIGH,0,25,123,223,500000,4357085,3025300,-4357085,-126976.1,,800,-577,坏棒 总长 1000 任意重度敲 铁头 800
612,17:37:45,hit_612_20260730_173745.csv,512,DEFECT,HIGH,0,37,117,349,500000,4900765,4900765,-3506050,669689.0,,800,-451,坏棒 总长 1000 任意重度敲 铁头 800
613,17:37:46,hit_613_20260730_173746.csv,512,DEFECT,LOW,0,25,0,238,500000,4499837,3181230,-4499837,-125541.2,,800,-562,坏棒 总长 1000 任意重度敲 铁头 800
614,17:37:46,hit_614_20260730_173746.csv,512,DEFECT,HIGH,0,36,117,339,500000,4235476,3613459,-4235476,-149014.3,,800,-461,坏棒 总长 1000 任意重度敲 铁头 800
615,17:37:46,hit_615_20260730_173746.csv,512,DEFECT,HIGH,0,93,118,766,500000,3903681,3813287,-3903681,360075.1,,800,-34,坏棒 总长 1000 任意重度敲 铁头 800
616,17:37:46,hit_616_20260730_173746.csv,512,DEFECT,HIGH,0,83,115,692,500000,3849222,3849222,-3636958,366427.7,,800,-108,坏棒 总长 1000 任意重度敲 铁头 800
617,17:37:47,hit_617_20260730_173747.csv,512,DEFECT,HIGH,0,85,117,698,500000,3794383,3794383,-3794145,323703.3,,800,-102,坏棒 总长 1000 任意重度敲 铁头 800
618,17:37:47,hit_618_20260730_173747.csv,512,DEFECT,HIGH,0,37,116,352,500000,3788853,3788853,-3583856,478191.0,,800,-448,坏棒 总长 1000 任意重度敲 铁头 800
619,17:37:47,hit_619_20260730_173747.csv,512,DEFECT,HIGH,0,83,115,692,500000,3546820,3496863,-3546820,298244.4,,800,-108,坏棒 总长 1000 任意重度敲 铁头 800
620,17:37:48,hit_620_20260730_173748.csv,512,DEFECT,HIGH,0,29,116,276,500000,3840656,3105524,-3840656,-3353.1,,800,-524,坏棒 总长 1000 任意重度敲 铁头 800
621,17:37:48,hit_621_20260730_173748.csv,512,DEFECT,HIGH,0,80,113,676,500000,3385551,3385551,-3337218,225518.1,,800,-124,坏棒 总长 1000 任意重度敲 铁头 800
622,17:37:48,hit_622_20260730_173748.csv,512,DEFECT,HIGH,0,81,114,679,500000,3710932,3469347,-3710932,76766.9,,800,-121,坏棒 总长 1000 任意重度敲 铁头 800
623,17:37:48,hit_623_20260730_173748.csv,512,DEFECT,HIGH,0,81,113,686,500000,3837617,3622398,-3837617,48732.9,,800,-114,坏棒 总长 1000 任意重度敲 铁头 800
624,17:37:49,hit_624_20260730_173749.csv,512,DEFECT,HIGH,0,80,112,683,500000,3710049,3563851,-3710049,19956.1,,800,-117,坏棒 总长 1000 任意重度敲 铁头 800
625,17:37:49,hit_625_20260730_173749.csv,512,DEFECT,HIGH,0,80,113,676,500000,3726837,3511535,-3726837,11608.2,,800,-124,坏棒 总长 1000 任意重度敲 铁头 800
626,17:37:49,hit_626_20260730_173749.csv,512,DEFECT,HIGH,0,37,115,355,500000,3934070,3042116,-3934070,-213778.4,,800,-445,坏棒 总长 1000 任意重度敲 铁头 800
627,17:37:49,hit_627_20260730_173749.csv,512,DEFECT,HIGH,0,81,114,679,500000,3878137,3370719,-3878137,-76420.4,,800,-121,坏棒 总长 1000 任意重度敲 铁头 800
628,17:37:50,hit_628_20260730_173750.csv,512,DEFECT,HIGH,0,80,113,676,500000,3655180,3123820,-3655180,-98922.2,,800,-124,坏棒 总长 1000 任意重度敲 铁头 800
629,17:37:50,hit_629_20260730_173750.csv,512,DEFECT,HIGH,0,24,118,224,500000,4155183,3298169,-4155183,-94097.0,,800,-576,坏棒 总长 1000 任意重度敲 铁头 800
630,17:37:50,hit_630_20260730_173750.csv,512,DEFECT,HIGH,0,83,116,685,500000,3985062,3912909,-3985062,154901.9,,800,-115,坏棒 总长 1000 任意重度敲 铁头 800
631,17:37:51,hit_631_20260730_173751.csv,512,DEFECT,HIGH,0,84,117,688,500000,3783538,3755041,-3783538,157624.8,,800,-112,坏棒 总长 1000 任意重度敲 铁头 800
632,17:37:51,hit_632_20260730_173751.csv,512,DEFECT,HIGH,0,36,116,342,500000,4409707,4409707,-3557500,717712.7,,800,-458,坏棒 总长 1000 任意重度敲 铁头 800
633,17:37:51,hit_633_20260730_173751.csv,512,NORMAL,HIGH,0,0,114,0,500000,3942516,3942516,-3757337,267546.5,,800,,坏棒 总长 1000 任意重度敲 铁头 800
634,17:37:51,hit_634_20260730_173751.csv,512,DEFECT,HIGH,0,83,115,692,500000,3851971,3851971,-3512070,355955.3,,800,-108,坏棒 总长 1000 任意重度敲 铁头 800
635,17:37:52,hit_635_20260730_173752.csv,512,DEFECT,HIGH,0,36,115,346,500000,2054271,2054271,-1687152,-47874.1,,800,-454,坏棒 总长 1000 任意重度敲 铁头 800
636,17:37:52,hit_636_20260730_173752.csv,512,DEFECT,HIGH,0,23,121,209,500000,4823978,4823978,-4115514,531674.5,,800,-591,坏棒 总长 1000 任意重度敲 铁头 800
637,17:37:52,hit_637_20260730_173752.csv,512,DEFECT,LOW,0,24,0,228,500000,4539661,4539661,-4290237,139362.7,,800,-572,坏棒 总长 1000 任意重度敲 铁头 800
638,17:37:52,hit_638_20260730_173752.csv,512,DEFECT,HIGH,0,21,121,190,500000,4430520,4174448,-4430520,5336.7,,800,-610,坏棒 总长 1000 任意重度敲 铁头 800
639,17:37:53,hit_639_20260730_173753.csv,512,DEFECT,HIGH,0,87,118,710,500000,4495192,4495192,-4241591,86687.6,,800,-90,坏棒 总长 1000 任意重度敲 铁头 800
640,17:37:53,hit_640_20260730_173753.csv,512,DEFECT,LOW,0,22,0,209,500000,4670420,4670420,-4508809,201368.2,,800,-591,坏棒 总长 1000 任意重度敲 铁头 800
641,17:37:53,hit_641_20260730_173753.csv,512,DEFECT,HIGH,0,21,118,196,500000,4602512,4602512,-4427275,-15941.5,,800,-604,坏棒 总长 1000 任意重度敲 铁头 800
642,17:37:53,hit_642_20260730_173753.csv,512,DEFECT,HIGH,0,87,119,703,500000,4763698,4763698,-4303156,172144.0,,800,-97,坏棒 总长 1000 任意重度敲 铁头 800
643,17:37:53,hit_643_20260730_173753.csv,512,DEFECT,HIGH,0,24,119,222,500000,5442498,5442498,-3841061,859198.4,,800,-578,坏棒 总长 1000 任意重度敲 铁头 800
644,17:37:54,hit_644_20260730_173754.csv,512,DEFECT,HIGH,0,23,119,212,500000,4869763,4869763,-4027145,350582.1,,800,-588,坏棒 总长 1000 任意重度敲 铁头 800
645,17:37:54,hit_645_20260730_173754.csv,512,DEFECT,HIGH,0,24,119,222,500000,5211852,5211852,-3883801,575107.8,,800,-578,坏棒 总长 1000 任意重度敲 铁头 800
646,17:37:54,hit_646_20260730_173754.csv,512,DEFECT,HIGH,0,26,122,234,500000,5800238,5800238,-4036618,978302.6,,800,-566,坏棒 总长 1000 任意重度敲 铁头 800
647,17:37:54,hit_647_20260730_173754.csv,512,DEFECT,HIGH,0,88,117,726,500000,5225049,5225049,-3301959,826898.7,,800,-74,坏棒 总长 1000 任意重度敲 铁头 800
648,17:37:54,hit_648_20260730_173754.csv,512,DEFECT,HIGH,0,24,121,218,500000,4472270,3704429,-4472270,-47348.2,,800,-582,坏棒 总长 1000 任意重度敲 铁头 800
649,17:37:55,hit_649_20260730_173755.csv,512,DEFECT,HIGH,0,37,117,349,500000,4471119,4471119,-3660867,433434.8,,800,-451,坏棒 总长 1000 任意重度敲 铁头 800
650,17:37:55,hit_650_20260730_173755.csv,512,DEFECT,HIGH,0,38,117,358,500000,4717231,4717231,-3567491,640629.1,,800,-442,坏棒 总长 1000 任意重度敲 铁头 800
651,17:37:55,hit_651_20260730_173755.csv,512,DEFECT,HIGH,0,87,118,710,500000,4474389,4474389,-3986163,342506.6,,800,-90,坏棒 总长 1000 任意重度敲 铁头 800
652,17:37:55,hit_652_20260730_173755.csv,512,DEFECT,HIGH,0,22,119,203,500000,4278885,4278885,-4224627,155343.0,,800,-597,坏棒 总长 1000 任意重度敲 铁头 800
653,17:37:55,hit_653_20260730_173755.csv,512,DEFECT,HIGH,0,86,117,707,500000,4279908,4279908,-3912136,325565.7,,800,-93,坏棒 总长 1000 任意重度敲 铁头 800
654,17:37:56,hit_654_20260730_173756.csv,512,DEFECT,HIGH,0,86,118,700,500000,4401181,4401181,-3863982,443251.0,,800,-100,坏棒 总长 1000 任意重度敲 铁头 800
655,17:37:56,hit_655_20260730_173756.csv,512,DEFECT,HIGH,0,39,116,371,500000,4324310,4324310,-3760506,367719.7,,800,-429,坏棒 总长 1000 任意重度敲 铁头 800
656,17:37:56,hit_656_20260730_173756.csv,512,DEFECT,HIGH,0,86,117,707,500000,4471412,4471412,-3857716,450318.7,,800,-93,坏棒 总长 1000 任意重度敲 铁头 800
657,17:37:56,hit_657_20260730_173756.csv,512,DEFECT,HIGH,0,86,118,700,500000,4309221,4309221,-3945612,287579.3,,800,-100,坏棒 总长 1000 任意重度敲 铁头 800
658,17:37:56,hit_658_20260730_173756.csv,512,DEFECT,HIGH,0,40,117,377,500000,4366401,4366401,-3857575,429014.3,,800,-423,坏棒 总长 1000 任意重度敲 铁头 800
659,17:37:57,hit_659_20260730_173757.csv,512,DEFECT,HIGH,0,39,117,367,500000,4299672,4299672,-3843776,353759.7,,800,-433,坏棒 总长 1000 任意重度敲 铁头 800
660,17:37:57,hit_660_20260730_173757.csv,512,DEFECT,HIGH,0,86,118,700,500000,4252054,4252054,-4023854,305489.5,,800,-100,坏棒 总长 1000 任意重度敲 铁头 800
661,17:37:57,hit_661_20260730_173757.csv,512,DEFECT,HIGH,0,39,117,367,500000,4219634,4219634,-3845192,337860.8,,800,-433,坏棒 总长 1000 任意重度敲 铁头 800
662,17:37:57,hit_662_20260730_173757.csv,512,DEFECT,HIGH,0,85,118,691,500000,4059268,4059268,-4033959,137856.9,,800,-109,坏棒 总长 1000 任意重度敲 铁头 800
663,17:37:57,hit_663_20260730_173757.csv,512,DEFECT,HIGH,0,86,118,700,500000,4172013,4121527,-4172013,110612.3,,800,-100,坏棒 总长 1000 任意重度敲 铁头 800
664,17:37:58,hit_664_20260730_173758.csv,512,DEFECT,HIGH,0,22,119,203,500000,4497659,3995708,-4497659,-66783.3,,800,-597,坏棒 总长 1000 任意重度敲 铁头 800
665,17:37:58,hit_665_20260730_173758.csv,512,DEFECT,HIGH,0,38,117,358,500000,4245798,4245798,-3728848,400313.2,,800,-442,坏棒 总长 1000 任意重度敲 铁头 800
666,17:37:58,hit_666_20260730_173758.csv,512,DEFECT,HIGH,0,39,116,371,500000,4558507,4558507,-3729977,459148.4,,800,-429,坏棒 总长 1000 任意重度敲 铁头 800
667,17:37:58,hit_667_20260730_173758.csv,512,DEFECT,HIGH,0,38,117,358,500000,4376915,4376915,-3764042,386468.1,,800,-442,坏棒 总长 1000 任意重度敲 铁头 800
668,17:37:59,hit_668_20260730_173759.csv,512,DEFECT,HIGH,0,37,116,352,500000,4732900,4732900,-3432935,655722.3,,800,-448,坏棒 总长 1000 任意重度敲 铁头 800
669,17:37:59,hit_669_20260730_173759.csv,512,DEFECT,HIGH,0,22,118,205,500000,5183729,5183729,-3812425,556012.1,,800,-595,坏棒 总长 1000 任意重度敲 铁头 800
670,17:37:59,hit_670_20260730_173759.csv,512,DEFECT,HIGH,0,25,118,233,500000,5383142,5383142,-3739110,554586.5,,800,-567,坏棒 总长 1000 任意重度敲 铁头 800
671,17:37:59,hit_671_20260730_173759.csv,512,DEFECT,HIGH,0,23,119,212,500000,5033331,5033331,-4136574,404065.8,,800,-588,坏棒 总长 1000 任意重度敲 铁头 800
672,17:37:59,hit_672_20260730_173759.csv,512,DEFECT,HIGH,0,21,121,190,500000,4726507,4726507,-4315913,296280.9,,800,-610,坏棒 总长 1000 任意重度敲 铁头 800
673,17:38:00,hit_673_20260730_173800.csv,512,DEFECT,HIGH,0,38,117,358,500000,4865828,4865828,-3705768,828791.8,,800,-442,坏棒 总长 1000 任意重度敲 铁头 800
674,17:38:00,hit_674_20260730_173800.csv,512,DEFECT,HIGH,0,34,115,326,500000,4721964,4721964,-3190526,1050970.3,,800,-474,坏棒 总长 1000 任意重度敲 铁头 800
675,17:38:00,hit_675_20260730_173800.csv,512,DEFECT,HIGH,0,87,118,710,500000,4305143,4305143,-3972156,434010.5,,800,-90,坏棒 总长 1000 任意重度敲 铁头 800
676,17:38:00,hit_676_20260730_173800.csv,512,DEFECT,HIGH,0,86,118,700,500000,4349887,4023305,-4349887,63770.3,,800,-100,坏棒 总长 1000 任意重度敲 铁头 800
677,17:38:00,hit_677_20260730_173800.csv,512,DEFECT,HIGH,0,38,112,376,500000,1945711,1945711,-1397158,-51907.4,,800,-424,坏棒 总长 1000 任意重度敲 铁头 800
678,17:38:01,hit_678_20260730_173801.csv,512,DEFECT,HIGH,0,86,117,707,500000,4119835,3955985,-4119835,-2490.5,,800,-93,坏棒 总长 1000 任意重度敲 铁头 800
679,17:38:01,hit_679_20260730_173801.csv,512,DEFECT,HIGH,0,22,122,198,500000,4726192,4726192,-4400140,363738.6,,800,-602,坏棒 总长 1000 任意重度敲 铁头 800
680,17:38:01,hit_680_20260730_173801.csv,512,DEFECT,HIGH,0,24,120,220,500000,4590818,3678757,-4590818,-299464.6,,800,-580,坏棒 总长 1000 任意重度敲 铁头 800
681,17:38:01,hit_681_20260730_173801.csv,512,DEFECT,HIGH,0,23,119,212,500000,4646874,4646874,-3968212,542808.7,,800,-588,坏棒 总长 1000 任意重度敲 铁头 800
682,17:38:01,hit_682_20260730_173801.csv,512,DEFECT,HIGH,0,88,120,706,500000,4442346,4442346,-4031881,285347.0,,800,-94,坏棒 总长 1000 任意重度敲 铁头 800
683,17:38:02,hit_683_20260730_173802.csv,512,DEFECT,HIGH,0,86,119,694,500000,4240444,4240444,-3939078,323631.9,,800,-106,坏棒 总长 1000 任意重度敲 铁头 800
684,17:38:02,hit_684_20260730_173802.csv,512,DEFECT,HIGH,0,40,116,380,500000,4382178,4382178,-3824968,335032.6,,800,-420,坏棒 总长 1000 任意重度敲 铁头 800
685,17:38:02,hit_685_20260730_173802.csv,512,DEFECT,HIGH,0,22,118,205,500000,5039468,5039468,-3737048,816089.4,,800,-595,坏棒 总长 1000 任意重度敲 铁头 800
686,17:38:02,hit_686_20260730_173802.csv,512,DEFECT,HIGH,0,37,116,352,500000,4912740,4912740,-3532946,801967.0,,800,-448,坏棒 总长 1000 任意重度敲 铁头 800
687,17:38:03,hit_687_20260730_173803.csv,512,DEFECT,LOW,0,24,0,228,500000,4646440,3635500,-4646440,4663.9,,800,-572,坏棒 总长 1000 任意重度敲 铁头 800
688,17:38:03,hit_688_20260730_173803.csv,512,DEFECT,HIGH,0,30,108,309,500000,5201570,3267977,-5201570,-314653.6,,800,-491,坏棒 总长 1000 任意重度敲 铁头 800
689,17:38:03,hit_689_20260730_173803.csv,512,DEFECT,HIGH,0,23,121,209,587430,4547481,3917671,-4547481,63238.9,,800,-591,坏棒 总长 1000 任意重度敲 铁头 800
690,17:38:03,hit_690_20260730_173803.csv,512,DEFECT,HIGH,0,23,117,216,500000,5940823,5940823,-3560518,1018000.2,,800,-584,坏棒 总长 1000 任意重度敲 铁头 800
691,17:38:03,hit_691_20260730_173803.csv,512,DEFECT,HIGH,0,89,116,742,500000,6698376,6698376,-3133771,1956512.3,,800,-58,坏棒 总长 1000 任意重度敲 铁头 800
692,17:38:04,hit_692_20260730_173804.csv,512,DEFECT,HIGH,0,23,118,214,500000,5615498,5615498,-3675588,1176797.6,,800,-586,坏棒 总长 1000 任意重度敲 铁头 800
693,17:38:04,hit_693_20260730_173804.csv,512,NORMAL,HIGH,0,0,115,0,500000,5372613,5372613,-3294589,1380389.0,,800,,坏棒 总长 1000 任意重度敲 铁头 800
694,17:38:04,hit_694_20260730_173804.csv,512,DEFECT,HIGH,0,87,118,710,500000,4262291,4262291,-4110026,133807.3,,800,-90,坏棒 总长 1000 任意重度敲 铁头 800
695,17:38:04,hit_695_20260730_173804.csv,512,DEFECT,HIGH,0,21,117,198,500000,4751025,4751025,-3625610,580518.4,,800,-602,坏棒 总长 1000 任意重度敲 铁头 800
696,17:38:05,hit_696_20260730_173805.csv,512,DEFECT,HIGH,0,85,117,698,500000,4354485,4354485,-3599986,609668.0,,800,-102,坏棒 总长 1000 任意重度敲 铁头 800
697,17:38:05,hit_697_20260730_173805.csv,512,NORMAL,HIGH,0,0,117,0,500000,4568405,4568405,-3797147,582244.0,,800,,坏棒 总长 1000 任意重度敲 铁头 800
698,17:38:05,hit_698_20260730_173805.csv,512,DEFECT,HIGH,0,86,118,700,500000,4167142,3916158,-4167142,-12300.6,,800,-100,坏棒 总长 1000 任意重度敲 铁头 800
699,17:38:05,hit_699_20260730_173805.csv,512,DEFECT,HIGH,0,39,117,367,500000,4167415,4167415,-3722162,367819.9,,800,-433,坏棒 总长 1000 任意重度敲 铁头 800
700,17:38:05,hit_700_20260730_173805.csv,512,DEFECT,HIGH,0,21,118,196,500000,4395723,3682032,-4395723,-187683.0,,800,-604,坏棒 总长 1000 任意重度敲 铁头 800
701,17:38:05,hit_701_20260730_173805.csv,512,DEFECT,HIGH,0,40,117,377,500000,4376871,4376871,-3884650,384099.9,,800,-423,坏棒 总长 1000 任意重度敲 铁头 800
702,17:38:05,hit_702_20260730_173805.csv,512,DEFECT,HIGH,0,37,117,349,500000,4625779,4625779,-3610254,661523.3,,800,-451,坏棒 总长 1000 任意重度敲 铁头 800
703,17:38:06,hit_703_20260730_173806.csv,512,DEFECT,HIGH,0,21,119,194,500000,4273971,4273971,-4270786,87794.5,,800,-606,坏棒 总长 1000 任意重度敲 铁头 800
704,17:38:06,hit_704_20260730_173806.csv,512,DEFECT,HIGH,0,24,117,226,500000,5679344,5679344,-3623777,768006.7,,800,-574,坏棒 总长 1000 任意重度敲 铁头 800
705,17:38:06,hit_705_20260730_173806.csv,512,DEFECT,HIGH,0,25,118,233,500000,6515892,6515892,-3426075,1230901.0,,800,-567,坏棒 总长 1000 任意重度敲 铁头 800
706,17:38:06,hit_706_20260730_173806.csv,512,DEFECT,HIGH,0,24,121,218,500000,5411293,5411293,-3937924,695653.7,,800,-582,坏棒 总长 1000 任意重度敲 铁头 800
707,17:38:07,hit_707_20260730_173807.csv,512,DEFECT,HIGH,0,21,118,196,500000,5066022,5066022,-3681324,744550.0,,800,-604,坏棒 总长 1000 任意重度敲 铁头 800
708,17:38:07,hit_708_20260730_173807.csv,512,DEFECT,HIGH,0,22,117,207,500000,4811546,4811546,-3745665,610487.2,,800,-593,坏棒 总长 1000 任意重度敲 铁头 800
709,17:38:07,hit_709_20260730_173807.csv,512,DEFECT,HIGH,0,87,118,710,500000,4450861,4450861,-4198526,326934.7,,800,-90,坏棒 总长 1000 任意重度敲 铁头 800
710,17:38:07,hit_710_20260730_173807.csv,512,DEFECT,HIGH,0,87,120,697,500000,4145924,3968174,-4145924,220434.3,,800,-103,坏棒 总长 1000 任意重度敲 铁头 800
711,17:38:07,hit_711_20260730_173807.csv,512,DEFECT,HIGH,0,84,117,688,500000,4057046,3771646,-4057046,46413.3,,800,-112,坏棒 总长 1000 任意重度敲 铁头 800
712,17:38:08,hit_712_20260730_173808.csv,512,NORMAL,HIGH,0,0,115,0,500000,4720676,4720676,-3776757,598287.9,,800,,坏棒 总长 1000 任意重度敲 铁头 800
713,17:38:08,hit_713_20260730_173808.csv,512,NORMAL,HIGH,0,0,115,0,500000,4407634,4407634,-3572221,803896.3,,800,,坏棒 总长 1000 任意重度敲 铁头 800
714,17:38:08,hit_714_20260730_173808.csv,512,NORMAL,HIGH,0,0,116,0,500000,4610955,4610955,-3424067,895569.5,,800,,坏棒 总长 1000 任意重度敲 铁头 800
715,17:38:08,hit_715_20260730_173808.csv,512,DEFECT,HIGH,0,85,117,698,500000,4032109,4006578,-4032109,114244.9,,800,-102,坏棒 总长 1000 任意重度敲 铁头 800
716,17:38:08,hit_716_20260730_173808.csv,512,DEFECT,HIGH,0,86,117,707,500000,4481072,4481072,-3996376,253456.7,,800,-93,坏棒 总长 1000 任意重度敲 铁头 800
717,17:38:09,hit_717_20260730_173809.csv,512,DEFECT,HIGH,0,21,119,194,500000,4744481,4744481,-4221766,178264.9,,800,-606,坏棒 总长 1000 任意重度敲 铁头 800
718,17:38:09,hit_718_20260730_173809.csv,512,DEFECT,HIGH,0,25,120,229,500000,5162435,5162435,-3934724,472510.5,,800,-571,坏棒 总长 1000 任意重度敲 铁头 800
719,17:38:09,hit_719_20260730_173809.csv,512,DEFECT,HIGH,0,25,119,231,500000,5865653,5865653,-3695502,1002652.4,,800,-569,坏棒 总长 1000 任意重度敲 铁头 800
720,17:38:09,hit_720_20260730_173809.csv,512,DEFECT,HIGH,0,25,119,231,500000,4554234,4554234,-3922283,266131.8,,800,-569,坏棒 总长 1000 任意重度敲 铁头 800
721,17:38:10,hit_721_20260730_173810.csv,512,DEFECT,HIGH,0,23,122,207,500000,4383783,3111486,-4383783,-239255.8,,800,-593,坏棒 总长 1000 任意重度敲 铁头 800
722,17:38:10,hit_722_20260730_173810.csv,512,DEFECT,HIGH,0,84,119,675,500000,3857148,3857148,-3830688,311499.5,,800,-125,坏棒 总长 1000 任意重度敲 铁头 800
723,17:38:10,hit_723_20260730_173810.csv,512,DEFECT,HIGH,0,42,117,396,500000,4212140,3435877,-4212140,-116731.0,,800,-404,坏棒 总长 1000 任意重度敲 铁头 800
724,17:38:10,hit_724_20260730_173810.csv,512,DEFECT,HIGH,0,21,119,194,500000,4261621,3863464,-4261621,28267.9,,800,-606,坏棒 总长 1000 任意重度敲 铁头 800
725,17:38:10,hit_725_20260730_173810.csv,512,DEFECT,HIGH,0,21,118,196,500000,4359176,3460113,-4359176,-186738.1,,800,-604,坏棒 总长 1000 任意重度敲 铁头 800
726,17:38:11,hit_726_20260730_173811.csv,512,DEFECT,LOW,0,24,0,228,500000,3883963,2961788,-3883963,-99896.7,,800,-572,坏棒 总长 1000 任意重度敲 铁头 800
727,17:38:11,hit_727_20260730_173811.csv,512,DEFECT,HIGH,0,94,120,761,500000,4059418,3330553,-4059418,-19455.8,,800,-39,坏棒 总长 1000 任意重度敲 铁头 800
728,17:38:11,hit_728_20260730_173811.csv,512,DEFECT,HIGH,0,87,118,710,500000,4666010,4666010,-4055153,189171.9,,800,-90,坏棒 总长 1000 任意重度敲 铁头 800
729,17:38:11,hit_729_20260730_173811.csv,512,DEFECT,HIGH,0,21,120,192,500000,4393860,4393860,-4365801,42908.2,,800,-608,坏棒 总长 1000 任意重度敲 铁头 800
730,17:38:11,hit_730_20260730_173811.csv,512,DEFECT,LOW,0,22,0,209,500000,4437362,4215728,-4437362,22636.7,,800,-591,坏棒 总长 1000 任意重度敲 铁头 800
731,17:38:12,hit_731_20260730_173812.csv,512,DEFECT,HIGH,0,25,122,225,500000,4211827,3954072,-4211827,1620.6,,800,-575,坏棒 总长 1000 任意重度敲 铁头 800
732,17:38:12,hit_732_20260730_173812.csv,512,DEFECT,HIGH,0,28,121,254,500000,5634640,5634640,-3943603,698611.1,,800,-546,坏棒 总长 1000 任意重度敲 铁头 800
733,17:38:12,hit_733_20260730_173812.csv,512,DEFECT,HIGH,0,87,120,697,500000,3659230,3551916,-3659230,255560.9,,800,-103,坏棒 总长 1000 任意重度敲 铁头 800
734,17:38:12,hit_734_20260730_173812.csv,512,DEFECT,HIGH,0,25,123,223,500000,4216361,3135465,-4216361,-207643.8,,800,-577,坏棒 总长 1000 任意重度敲 铁头 800
735,17:38:12,hit_735_20260730_173812.csv,512,DEFECT,HIGH,0,85,118,691,500000,4059802,4033197,-4059802,83072.8,,800,-109,坏棒 总长 1000 任意重度敲 铁头 800
736,17:38:12,hit_736_20260730_173812.csv,512,NORMAL,HIGH,0,0,115,0,500000,5122285,5122285,-3304729,1076098.5,,800,,坏棒 总长 1000 任意重度敲 铁头 800
737,17:38:13,hit_737_20260730_173813.csv,512,DEFECT,HIGH,0,87,119,703,500000,4307198,4307198,-4158652,122311.9,,800,-97,坏棒 总长 1000 任意重度敲 铁头 800
738,17:38:13,hit_738_20260730_173813.csv,512,DEFECT,HIGH,0,25,120,229,500000,5085776,5085776,-3989565,602103.0,,800,-571,坏棒 总长 1000 任意重度敲 铁头 800
739,17:38:13,hit_739_20260730_173813.csv,512,DEFECT,HIGH,0,88,119,712,500000,4600080,4600080,-4017116,296438.2,,800,-88,坏棒 总长 1000 任意重度敲 铁头 800
740,17:38:13,hit_740_20260730_173813.csv,512,DEFECT,HIGH,0,85,118,691,500000,4018353,4018353,-3929197,221195.3,,800,-109,坏棒 总长 1000 任意重度敲 铁头 800
741,17:38:13,hit_741_20260730_173813.csv,512,DEFECT,HIGH,0,23,121,209,500000,4568555,3500571,-4568555,-192150.8,,800,-591,坏棒 总长 1000 任意重度敲 铁头 800
742,17:38:14,hit_742_20260730_173814.csv,512,DEFECT,HIGH,0,85,118,691,500000,4098352,4098352,-4069837,149283.5,,800,-109,坏棒 总长 1000 任意重度敲 铁头 800
743,17:38:23,hit_743_20260730_173823.csv,512,DEFECT,HIGH,0,37,118,345,500000,4921929,4921929,-3681936,792915.5,,800,-455,坏棒 总长 1000 任意重度敲 铁头 800
744,17:38:24,hit_744_20260730_173824.csv,512,DEFECT,HIGH,0,21,119,194,500000,4251933,3862681,-4251933,49022.4,,800,-606,坏棒 总长 1000 任意重度敲 铁头 800
745,17:38:24,hit_745_20260730_173824.csv,512,DEFECT,HIGH,0,36,116,342,500000,4644428,4644428,-3445841,868159.7,,800,-458,坏棒 总长 1000 任意重度敲 铁头 800
746,17:38:24,hit_746_20260730_173824.csv,512,DEFECT,HIGH,0,39,118,364,500000,4521099,4521099,-3734827,581598.9,,800,-436,坏棒 总长 1000 任意重度敲 铁头 800
747,17:38:24,hit_747_20260730_173824.csv,512,NORMAL,HIGH,0,0,115,0,500000,4299414,4299414,-3552449,680112.0,,800,,坏棒 总长 1000 任意重度敲 铁头 800
748,17:38:24,hit_748_20260730_173824.csv,512,DEFECT,HIGH,0,37,116,352,500000,4345036,4345036,-3617606,533811.8,,800,-448,坏棒 总长 1000 任意重度敲 铁头 800
749,17:38:25,hit_749_20260730_173825.csv,512,DEFECT,HIGH,0,37,117,349,500000,4594637,4594637,-3605365,651171.5,,800,-451,坏棒 总长 1000 任意重度敲 铁头 800
750,17:38:25,hit_750_20260730_173825.csv,512,DEFECT,HIGH,0,39,118,364,500000,4452166,4452166,-3795486,535552.1,,800,-436,坏棒 总长 1000 任意重度敲 铁头 800
751,17:38:25,hit_751_20260730_173825.csv,512,DEFECT,HIGH,0,83,115,692,500000,3835776,3835776,-3792692,227837.6,,800,-108,坏棒 总长 1000 任意重度敲 铁头 800
752,17:38:25,hit_752_20260730_173825.csv,512,DEFECT,HIGH,0,85,117,698,500000,4201879,4201879,-3990652,323657.1,,800,-102,坏棒 总长 1000 任意重度敲 铁头 800
753,17:38:26,hit_753_20260730_173826.csv,512,DEFECT,HIGH,0,37,117,349,500000,3979625,2979389,-3979625,-179005.9,,800,-451,坏棒 总长 1000 任意重度敲 铁头 800
754,17:38:26,hit_754_20260730_173826.csv,512,DEFECT,HIGH,0,36,115,346,500000,3951200,3165893,-3951200,-66327.5,,800,-454,坏棒 总长 1000 任意重度敲 铁头 800
755,17:38:27,hit_755_20260730_173827.csv,512,DEFECT,HIGH,0,84,119,675,500000,3975591,2961921,-3975591,-66373.3,,800,-125,坏棒 总长 1000 任意重度敲 铁头 800
756,17:38:28,hit_756_20260730_173828.csv,512,NORMAL,HIGH,0,0,113,0,500000,5256925,5256925,-3120390,1637763.5,,800,,坏棒 总长 1000 任意重度敲 铁头 800
757,17:38:28,hit_757_20260730_173828.csv,512,NORMAL,HIGH,0,0,117,0,500000,4710707,4710707,-3630696,847121.1,,800,,坏棒 总长 1000 任意重度敲 铁头 800
758,17:38:28,hit_758_20260730_173828.csv,512,DEFECT,HIGH,0,86,117,707,500000,4287297,4287297,-4033455,319822.3,,800,-93,坏棒 总长 1000 任意重度敲 铁头 800
759,17:38:28,hit_759_20260730_173828.csv,512,DEFECT,HIGH,0,83,115,692,500000,4097417,4097417,-3400866,716563.2,,800,-108,坏棒 总长 1000 任意重度敲 铁头 800
760,17:38:29,hit_760_20260730_173829.csv,512,NORMAL,HIGH,0,0,113,0,500000,4345646,4345646,-3209871,888614.1,,800,,坏棒 总长 1000 任意重度敲 铁头 800
761,17:38:29,hit_761_20260730_173829.csv,512,NORMAL,HIGH,0,0,113,0,500000,4416177,4416177,-3113838,979377.8,,800,,坏棒 总长 1000 任意重度敲 铁头 800
762,17:38:29,hit_762_20260730_173829.csv,512,DEFECT,HIGH,0,34,112,336,500000,4177179,4177179,-3072610,761117.5,,800,-464,坏棒 总长 1000 任意重度敲 铁头 800
763,17:38:29,hit_763_20260730_173829.csv,512,DEFECT,HIGH,0,82,115,682,500000,3844517,3172702,-3844517,-57068.3,,800,-118,坏棒 总长 1000 任意重度敲 铁头 800
764,17:38:29,hit_764_20260730_173829.csv,512,DEFECT,HIGH,0,81,114,679,500000,3825224,3553128,-3825224,70279.2,,800,-121,坏棒 总长 1000 任意重度敲 铁头 800
765,17:38:29,hit_765_20260730_173829.csv,512,NORMAL,HIGH,0,0,112,0,500000,4259376,4259376,-3355797,586087.8,,800,,坏棒 总长 1000 任意重度敲 铁头 800
766,17:38:30,hit_766_20260730_173830.csv,512,DEFECT,HIGH,0,21,115,201,500000,4084240,3592979,-4084240,29711.6,,800,-599,坏棒 总长 1000 任意重度敲 铁头 800
767,17:38:30,hit_767_20260730_173830.csv,512,DEFECT,HIGH,0,34,117,320,500000,4059266,4059266,-2830680,877454.5,,800,-480,坏棒 总长 1000 任意重度敲 铁头 800
768,17:38:30,hit_768_20260730_173830.csv,512,NORMAL,HIGH,0,0,114,0,500000,4188140,4188140,-3435542,647663.6,,800,,坏棒 总长 1000 任意重度敲 铁头 800
769,17:38:30,hit_769_20260730_173830.csv,512,DEFECT,HIGH,0,36,114,349,500000,4527674,4527674,-3488250,798931.4,,800,-451,坏棒 总长 1000 任意重度敲 铁头 800
770,17:38:31,hit_770_20260730_173831.csv,512,DEFECT,HIGH,0,21,118,196,500000,4902945,4902945,-3815140,648936.7,,800,-604,坏棒 总长 1000 任意重度敲 铁头 800
771,17:38:31,hit_771_20260730_173831.csv,512,DEFECT,HIGH,0,21,117,198,500000,4661953,4661953,-3853944,403869.8,,800,-602,坏棒 总长 1000 任意重度敲 铁头 800
772,17:38:31,hit_772_20260730_173831.csv,512,DEFECT,HIGH,0,35,116,333,500000,4778669,4778669,-3206124,888273.2,,800,-467,坏棒 总长 1000 任意重度敲 铁头 800
773,17:38:31,hit_773_20260730_173831.csv,512,DEFECT,HIGH,0,37,117,349,500000,4548926,4548926,-3474116,624830.6,,800,-451,坏棒 总长 1000 任意重度敲 铁头 800
774,17:38:32,hit_774_20260730_173832.csv,512,DEFECT,HIGH,0,21,120,192,500000,4326873,3959966,-4326873,-16959.7,,800,-608,坏棒 总长 1000 任意重度敲 铁头 800
775,17:38:32,hit_775_20260730_173832.csv,512,DEFECT,HIGH,0,36,116,342,500000,4688829,4688829,-3387434,759991.7,,800,-458,坏棒 总长 1000 任意重度敲 铁头 800
776,17:38:32,hit_776_20260730_173832.csv,512,DEFECT,HIGH,0,36,117,339,500000,4257127,4257127,-3431160,637676.9,,800,-461,坏棒 总长 1000 任意重度敲 铁头 800
777,17:38:32,hit_777_20260730_173832.csv,512,DEFECT,HIGH,0,90,118,738,500000,5067805,5067805,-3521396,817933.7,,800,-62,坏棒 总长 1000 任意重度敲 铁头 800
778,17:38:33,hit_778_20260730_173833.csv,512,DEFECT,HIGH,0,90,119,731,500000,4538139,4538139,-3708736,529848.6,,800,-69,坏棒 总长 1000 任意重度敲 铁头 800
779,17:38:33,hit_779_20260730_173833.csv,512,DEFECT,HIGH,0,22,119,203,500000,5848046,5848046,-3580356,1001566.1,,800,-597,坏棒 总长 1000 任意重度敲 铁头 800
780,17:38:33,hit_780_20260730_173833.csv,512,DEFECT,HIGH,0,22,117,207,500000,5904784,5904784,-3399633,1066645.0,,800,-593,坏棒 总长 1000 任意重度敲 铁头 800
781,17:38:33,hit_781_20260730_173833.csv,512,DEFECT,HIGH,0,88,122,693,500000,4625488,4625488,-4211398,303382.3,,800,-107,坏棒 总长 1000 任意重度敲 铁头 800
782,17:38:33,hit_782_20260730_173833.csv,512,DEFECT,HIGH,0,87,119,703,500000,4656789,4656789,-4188555,122174.9,,800,-97,坏棒 总长 1000 任意重度敲 铁头 800
783,17:38:33,hit_783_20260730_173833.csv,512,DEFECT,HIGH,0,24,121,218,500000,4771762,4771762,-4094408,427767.4,,800,-582,坏棒 总长 1000 任意重度敲 铁头 800
784,17:38:34,hit_784_20260730_173834.csv,512,DEFECT,HIGH,0,22,118,205,500000,5505406,5505406,-3542064,1156694.9,,800,-595,坏棒 总长 1000 任意重度敲 铁头 800
785,17:38:34,hit_785_20260730_173834.csv,512,DEFECT,HIGH,0,26,123,232,500000,4323550,3169523,-4323550,-248156.8,,800,-568,坏棒 总长 1000 任意重度敲 铁头 800
786,17:38:34,hit_786_20260730_173834.csv,512,DEFECT,LOW,0,23,0,219,500000,3194841,3194841,-3061899,-102624.6,,800,-581,坏棒 总长 1000 任意重度敲 铁头 800
787,17:38:34,hit_787_20260730_173834.csv,512,DEFECT,HIGH,0,85,118,691,500000,4078473,3795953,-4078473,33939.8,,800,-109,坏棒 总长 1000 任意重度敲 铁头 800
788,17:38:35,hit_788_20260730_173835.csv,512,NORMAL,HIGH,0,0,116,0,500000,4815198,4815198,-3330285,1086308.9,,800,,坏棒 总长 1000 任意重度敲 铁头 800
789,17:38:35,hit_789_20260730_173835.csv,512,DEFECT,HIGH,0,85,118,691,500000,3981656,3981656,-3846832,321826.7,,800,-109,坏棒 总长 1000 任意重度敲 铁头 800
790,17:38:35,hit_790_20260730_173835.csv,512,DEFECT,HIGH,0,84,117,688,500000,3872114,3814092,-3872114,203450.5,,800,-112,坏棒 总长 1000 任意重度敲 铁头 800
791,17:38:35,hit_791_20260730_173835.csv,512,DEFECT,HIGH,0,86,118,700,500000,4213427,3886366,-4213427,53539.8,,800,-100,坏棒 总长 1000 任意重度敲 铁头 800
792,17:38:36,hit_792_20260730_173836.csv,512,DEFECT,HIGH,0,86,119,694,500000,4128804,4128804,-4111111,117710.2,,800,-106,坏棒 总长 1000 任意重度敲 铁头 800
793,17:38:36,hit_793_20260730_173836.csv,512,DEFECT,HIGH,0,87,119,703,500000,4271927,4012020,-4271927,112412.1,,800,-97,坏棒 总长 1000 任意重度敲 铁头 800
794,17:38:36,hit_794_20260730_173836.csv,512,DEFECT,HIGH,0,35,116,333,500000,4301335,4301335,-3311761,627944.4,,800,-467,坏棒 总长 1000 任意重度敲 铁头 800
795,17:38:36,hit_795_20260730_173836.csv,512,DEFECT,HIGH,0,25,123,223,500000,4466219,3229498,-4466219,-310795.5,,800,-577,坏棒 总长 1000 任意重度敲 铁头 800
796,17:38:36,hit_796_20260730_173836.csv,512,DEFECT,HIGH,0,22,118,205,500000,5450802,5450802,-3566315,904622.5,,800,-595,坏棒 总长 1000 任意重度敲 铁头 800
797,17:38:37,hit_797_20260730_173837.csv,512,DEFECT,HIGH,0,21,119,194,500000,4684207,4684207,-3803844,537089.1,,800,-606,坏棒 总长 1000 任意重度敲 铁头 800
798,17:38:37,hit_798_20260730_173837.csv,512,DEFECT,HIGH,0,23,117,216,500000,6240265,6240265,-3385854,1212496.1,,800,-584,坏棒 总长 1000 任意重度敲 铁头 800
799,17:38:37,hit_799_20260730_173837.csv,512,DEFECT,HIGH,0,23,119,212,500000,4708502,4708502,-3596500,648565.6,,800,-588,坏棒 总长 1000 任意重度敲 铁头 800
800,17:38:38,hit_800_20260730_173838.csv,512,DEFECT,HIGH,0,37,117,349,500000,4962529,4962529,-3423317,888450.2,,800,-451,坏棒 总长 1000 任意重度敲 铁头 800
801,17:38:38,hit_801_20260730_173838.csv,512,DEFECT,HIGH,0,84,117,688,500000,3669150,3669150,-3665858,259351.1,,800,-112,坏棒 总长 1000 任意重度敲 铁头 800
802,17:38:38,hit_802_20260730_173838.csv,512,DEFECT,HIGH,0,22,118,205,500000,3932544,3153665,-3932544,-247542.3,,800,-595,坏棒 总长 1000 任意重度敲 铁头 800
803,17:38:38,hit_803_20260730_173838.csv,512,DEFECT,HIGH,0,37,117,349,500000,4332874,4332874,-3698155,518988.0,,800,-451,坏棒 总长 1000 任意重度敲 铁头 800
804,17:38:38,hit_804_20260730_173838.csv,512,DEFECT,HIGH,0,86,119,694,500000,4226056,4070997,-4226056,-17473.5,,800,-106,坏棒 总长 1000 任意重度敲 铁头 800
805,17:38:39,hit_805_20260730_173839.csv,512,DEFECT,HIGH,0,40,118,373,500000,4512470,4512470,-3974015,318740.4,,800,-427,坏棒 总长 1000 任意重度敲 铁头 800
806,17:38:39,hit_806_20260730_173839.csv,512,DEFECT,HIGH,0,24,123,214,500000,4769674,3380104,-4769674,-258166.6,,800,-586,坏棒 总长 1000 任意重度敲 铁头 800
807,17:38:39,hit_807_20260730_173839.csv,512,DEFECT,LOW,0,24,0,228,500000,5039223,4569029,-5039223,3823.3,,800,-572,坏棒 总长 1000 任意重度敲 铁头 800
808,17:38:39,hit_808_20260730_173839.csv,512,DEFECT,HIGH,0,22,118,205,500000,5096993,5096993,-3217496,903828.7,,800,-595,坏棒 总长 1000 任意重度敲 铁头 800
809,17:38:40,hit_809_20260730_173840.csv,512,DEFECT,HIGH,0,24,119,222,500000,5226009,5226009,-3869337,623843.9,,800,-578,坏棒 总长 1000 任意重度敲 铁头 800
810,17:38:40,hit_810_20260730_173840.csv,512,DEFECT,HIGH,0,86,119,694,500000,4317659,3941755,-4317659,-80553.1,,800,-106,坏棒 总长 1000 任意重度敲 铁头 800
811,17:38:40,hit_811_20260730_173840.csv,512,DEFECT,LOW,0,23,0,219,500000,4664120,4301675,-4664120,39864.0,,800,-581,坏棒 总长 1000 任意重度敲 铁头 800
812,17:38:40,hit_812_20260730_173840.csv,512,DEFECT,HIGH,0,27,122,243,500000,5303771,5303771,-4205827,592467.3,,800,-557,坏棒 总长 1000 任意重度敲 铁头 800
813,17:38:40,hit_813_20260730_173840.csv,512,DEFECT,HIGH,0,23,118,214,500000,3443523,3071503,-3443523,-153121.8,,800,-586,坏棒 总长 1000 任意重度敲 铁头 800
814,17:38:41,hit_814_20260730_173841.csv,512,DEFECT,HIGH,0,84,115,701,500000,4496487,4496487,-3653930,735248.1,,800,-99,坏棒 总长 1000 任意重度敲 铁头 800
815,17:38:41,hit_815_20260730_173841.csv,512,DEFECT,HIGH,0,85,116,704,500000,3976640,3976640,-3902865,231274.2,,800,-96,坏棒 总长 1000 任意重度敲 铁头 800
816,17:38:41,hit_816_20260730_173841.csv,512,DEFECT,HIGH,0,37,117,349,500000,4619797,4619797,-3468323,830213.7,,800,-451,坏棒 总长 1000 任意重度敲 铁头 800
817,17:38:41,hit_817_20260730_173841.csv,512,NORMAL,HIGH,0,0,114,0,500000,4761953,4761953,-2995841,1184104.2,,800,,坏棒 总长 1000 任意重度敲 铁头 800
818,17:38:42,hit_818_20260730_173842.csv,512,DEFECT,HIGH,0,39,118,364,500000,4584920,4584920,-3797550,481554.4,,800,-436,坏棒 总长 1000 任意重度敲 铁头 800
819,17:38:42,hit_819_20260730_173842.csv,512,DEFECT,HIGH,0,34,116,323,500000,6500494,6500494,-2848081,1768179.1,,800,-477,坏棒 总长 1000 任意重度敲 铁头 800
820,17:38:42,hit_820_20260730_173842.csv,512,DEFECT,HIGH,0,33,119,305,500000,6040968,6040968,-2858730,1660928.7,,800,-495,坏棒 总长 1000 任意重度敲 铁头 800
821,17:38:42,hit_821_20260730_173842.csv,512,DEFECT,LOW,0,23,0,219,500000,4759023,4759023,-4618666,53642.4,,800,-581,坏棒 总长 1000 任意重度敲 铁头 800
822,17:38:42,hit_822_20260730_173842.csv,512,DEFECT,HIGH,0,24,118,224,500000,6179306,6179306,-3288670,1316623.3,,800,-576,坏棒 总长 1000 任意重度敲 铁头 800
823,17:38:43,hit_823_20260730_173843.csv,512,DEFECT,HIGH,0,25,120,229,500000,4918010,4918010,-4076139,492071.0,,800,-571,坏棒 总长 1000 任意重度敲 铁头 800
824,17:38:43,hit_824_20260730_173843.csv,512,DEFECT,HIGH,0,84,115,701,500000,4040573,4040573,-3957674,25109.7,,800,-99,坏棒 总长 1000 任意重度敲 铁头 800
825,17:38:43,hit_825_20260730_173843.csv,512,NORMAL,HIGH,0,0,116,0,500000,4752668,4752668,-3461847,970697.5,,800,,坏棒 总长 1000 任意重度敲 铁头 800
826,17:38:43,hit_826_20260730_173843.csv,512,DEFECT,HIGH,0,82,114,689,500000,4456371,4456371,-3425508,810364.7,,800,-111,坏棒 总长 1000 任意重度敲 铁头 800
827,17:38:44,hit_827_20260730_173844.csv,512,DEFECT,HIGH,0,38,115,365,500000,4048782,4048782,-3609861,386318.9,,800,-435,坏棒 总长 1000 任意重度敲 铁头 800
828,17:38:44,hit_828_20260730_173844.csv,512,DEFECT,HIGH,0,35,117,330,500000,4130294,4130294,-3348118,523374.9,,800,-470,坏棒 总长 1000 任意重度敲 铁头 800
829,17:38:44,hit_829_20260730_173844.csv,512,DEFECT,HIGH,0,38,117,358,500000,4767976,4767976,-3559118,585393.7,,800,-442,坏棒 总长 1000 任意重度敲 铁头 800
830,17:38:44,hit_830_20260730_173844.csv,512,DEFECT,HIGH,0,90,118,738,500000,5137967,5137967,-3483017,708164.1,,800,-62,坏棒 总长 1000 任意重度敲 铁头 800
831,17:38:44,hit_831_20260730_173844.csv,512,DEFECT,HIGH,0,34,116,323,500000,5560748,5560748,-2983866,1063103.5,,800,-477,坏棒 总长 1000 任意重度敲 铁头 800
832,17:38:45,hit_832_20260730_173845.csv,512,DEFECT,HIGH,0,33,119,305,500000,5583203,5583203,-2806753,1336336.7,,800,-495,坏棒 总长 1000 任意重度敲 铁头 800
833,17:38:45,hit_833_20260730_173845.csv,512,DEFECT,HIGH,0,23,118,214,500000,6360527,6360527,-3299442,1416943.2,,800,-586,坏棒 总长 1000 任意重度敲 铁头 800
834,17:38:45,hit_834_20260730_173845.csv,512,DEFECT,HIGH,0,27,119,250,500000,6683066,6683066,-3514316,1380342.2,,800,-550,坏棒 总长 1000 任意重度敲 铁头 800
835,17:38:46,hit_835_20260730_173846.csv,512,DEFECT,HIGH,0,29,124,256,500000,4849786,3991293,-4849786,-219914.4,,800,-544,坏棒 总长 1000 任意重度敲 铁头 800
836,17:38:46,hit_836_20260730_173846.csv,512,DEFECT,HIGH,0,23,122,207,500000,4578342,3600900,-4578342,-308628.2,,800,-593,坏棒 总长 1000 任意重度敲 铁头 800
837,17:38:46,hit_837_20260730_173846.csv,512,DEFECT,HIGH,0,86,118,700,500000,4327716,4327716,-4025477,367436.9,,800,-100,坏棒 总长 1000 任意重度敲 铁头 800
838,17:38:46,hit_838_20260730_173846.csv,512,DEFECT,HIGH,0,24,122,216,500000,4909641,4909641,-4099723,652567.8,,800,-584,坏棒 总长 1000 任意重度敲 铁头 800
839,17:38:47,hit_839_20260730_173847.csv,512,DEFECT,HIGH,0,21,123,187,500000,4884958,4884958,-4320511,513907.4,,800,-613,坏棒 总长 1000 任意重度敲 铁头 800
840,17:38:47,hit_840_20260730_173847.csv,512,DEFECT,HIGH,0,64,123,571,500000,3891355,3891355,-2474348,47407.9,,800,-229,坏棒 总长 1000 任意重度敲 铁头 800
841,17:38:47,hit_841_20260730_173847.csv,512,DEFECT,HIGH,0,23,103,223,500000,5244583,5244583,-4656233,451056.0,,800,-577,坏棒 总长 1000 任意重度敲 铁头 800
842,17:38:47,hit_842_20260730_173847.csv,512,DEFECT,HIGH,0,27,120,247,500000,6296536,6296536,-3294102,1400771.3,,800,-553,坏棒 总长 1000 任意重度敲 铁头 800
843,17:38:47,hit_843_20260730_173847.csv,512,DEFECT,HIGH,0,37,108,381,500000,5414770,3336328,-5414770,-272052.9,,800,-419,坏棒 总长 1000 任意重度敲 铁头 800
844,17:38:48,hit_844_20260730_173848.csv,512,DEFECT,HIGH,0,30,108,288,500000,4959208,4432565,-4959208,14081.2,,800,-512,坏棒 总长 1000 任意重度敲 铁头 800
845,17:38:48,hit_845_20260730_173848.csv,512,NORMAL,HIGH,0,0,115,0,500000,5298482,5298482,-2951535,1629866.1,,800,,坏棒 总长 1000 任意重度敲 铁头 800
846,17:38:48,hit_846_20260730_173848.csv,512,NORMAL,HIGH,0,0,116,0,500000,4735216,4735216,-3566226,1072371.1,,800,,坏棒 总长 1000 任意重度敲 铁头 800
847,17:38:48,hit_847_20260730_173848.csv,512,NORMAL,HIGH,0,0,116,0,500000,4519434,4519434,-3635035,591262.1,,800,,坏棒 总长 1000 任意重度敲 铁头 800
848,17:38:48,hit_848_20260730_173848.csv,512,DEFECT,HIGH,0,86,117,707,500000,4431073,4431073,-3966987,326109.0,,800,-93,坏棒 总长 1000 任意重度敲 铁头 800
849,17:38:49,hit_849_20260730_173849.csv,512,DEFECT,HIGH,0,86,115,721,500000,5070793,5070793,-3015201,1103442.8,,800,-79,坏棒 总长 1000 任意重度敲 铁头 800
850,17:38:49,hit_850_20260730_173849.csv,512,DEFECT,HIGH,0,34,116,323,500000,5317464,5317464,-3136303,1373264.4,,800,-477,坏棒 总长 1000 任意重度敲 铁头 800
851,17:38:49,hit_851_20260730_173849.csv,512,DEFECT,HIGH,0,38,117,358,500000,4747038,4747038,-3697916,635439.7,,800,-442,坏棒 总长 1000 任意重度敲 铁头 800
852,17:38:49,hit_852_20260730_173849.csv,512,DEFECT,HIGH,0,21,118,196,500000,5354173,5354173,-3576782,1027820.0,,800,-604,坏棒 总长 1000 任意重度敲 铁头 800
853,17:38:50,hit_853_20260730_173850.csv,512,DEFECT,HIGH,0,39,117,367,500000,4469181,4469181,-3761173,541337.8,,800,-433,坏棒 总长 1000 任意重度敲 铁头 800
854,17:38:50,hit_854_20260730_173850.csv,512,DEFECT,HIGH,0,84,115,701,500000,4680383,4680383,-3370467,911651.7,,800,-99,坏棒 总长 1000 任意重度敲 铁头 800
855,17:38:50,hit_855_20260730_173850.csv,512,DEFECT,HIGH,0,37,116,352,500000,4511321,4511321,-3424607,783571.4,,800,-448,坏棒 总长 1000 任意重度敲 铁头 800
856,17:38:50,hit_856_20260730_173850.csv,512,DEFECT,HIGH,0,26,121,236,500000,5831889,5831889,-3701264,1401143.9,,800,-564,坏棒 总长 1000 任意重度敲 铁头 800
857,17:38:51,hit_857_20260730_173851.csv,512,DEFECT,HIGH,0,30,108,309,500000,5488094,4658908,-5488094,-295102.3,,800,-491,坏棒 总长 1000 任意重度敲 铁头 800
858,17:38:51,hit_858_20260730_173851.csv,512,DEFECT,HIGH,0,29,120,266,500000,6031167,6031167,-3531992,1257162.8,,800,-534,坏棒 总长 1000 任意重度敲 铁头 800
859,17:38:51,hit_859_20260730_173851.csv,512,DEFECT,HIGH,0,25,119,231,500000,6058233,6058233,-3500090,1287014.0,,800,-569,坏棒 总长 1000 任意重度敲 铁头 800
860,17:38:51,hit_860_20260730_173851.csv,512,DEFECT,HIGH,0,35,116,333,500000,5213098,5213098,-3152174,1058569.3,,800,-467,坏棒 总长 1000 任意重度敲 铁头 800
861,17:38:51,hit_861_20260730_173851.csv,512,DEFECT,HIGH,0,21,122,189,500000,4501632,4501632,-4406316,163518.3,,800,-611,坏棒 总长 1000 任意重度敲 铁头 800
862,17:38:52,hit_862_20260730_173852.csv,512,DEFECT,HIGH,0,24,118,224,500000,5220783,5220783,-3757701,828502.5,,800,-576,坏棒 总长 1000 任意重度敲 铁头 800
863,17:38:52,hit_863_20260730_173852.csv,512,NORMAL,HIGH,0,0,116,0,500000,4178661,4178661,-3947312,375642.6,,800,,坏棒 总长 1000 任意重度敲 铁头 800
864,17:38:52,hit_864_20260730_173852.csv,512,DEFECT,HIGH,0,22,123,196,500000,4571051,3639094,-4571051,-42452.9,,800,-604,坏棒 总长 1000 任意重度敲 铁头 800
865,17:38:53,hit_865_20260730_173853.csv,512,DEFECT,HIGH,0,23,119,212,500000,5438659,5438659,-3889485,835907.4,,800,-588,坏棒 总长 1000 任意重度敲 铁头 800
866,17:38:53,hit_866_20260730_173853.csv,512,DEFECT,HIGH,0,21,118,196,500000,4604225,4604225,-3907894,399031.7,,800,-604,坏棒 总长 1000 任意重度敲 铁头 800
867,17:38:53,hit_867_20260730_173853.csv,512,DEFECT,HIGH,0,38,116,361,500000,4648485,4648485,-3609686,708951.2,,800,-439,坏棒 总长 1000 任意重度敲 铁头 800
868,17:38:53,hit_868_20260730_173853.csv,512,NORMAL,HIGH,0,0,117,0,500000,4163746,4163746,-4064172,192979.7,,800,,坏棒 总长 1000 任意重度敲 铁头 800
869,17:38:53,hit_869_20260730_173853.csv,512,NORMAL,HIGH,0,0,117,0,500000,4509521,4509521,-3607680,752566.3,,800,,坏棒 总长 1000 任意重度敲 铁头 800
870,17:38:54,hit_870_20260730_173854.csv,512,DEFECT,HIGH,0,86,117,707,500000,4814710,4814710,-3615247,742678.9,,800,-93,坏棒 总长 1000 任意重度敲 铁头 800
871,17:38:54,hit_871_20260730_173854.csv,512,DEFECT,HIGH,0,40,108,412,500000,5021131,5021131,-3695534,-56154.2,,800,-388,坏棒 总长 1000 任意重度敲 铁头 800
872,17:38:54,hit_872_20260730_173854.csv,512,DEFECT,HIGH,0,28,119,259,500000,6519345,6519345,-3371072,1762564.9,,800,-541,坏棒 总长 1000 任意重度敲 铁头 800
873,17:38:54,hit_873_20260730_173854.csv,512,DEFECT,HIGH,0,27,105,257,500000,5976531,5976531,-4393076,1043034.2,,800,-543,坏棒 总长 1000 任意重度敲 铁头 800
874,17:38:54,hit_874_20260730_173854.csv,512,DEFECT,HIGH,0,86,118,700,500000,4351666,4351666,-3773668,585715.1,,800,-100,坏棒 总长 1000 任意重度敲 铁头 800
875,17:38:55,hit_875_20260730_173855.csv,512,DEFECT,HIGH,0,22,122,198,500000,4343187,3335729,-4343187,-174494.4,,800,-602,坏棒 总长 1000 任意重度敲 铁头 800
876,17:38:55,hit_876_20260730_173855.csv,512,DEFECT,HIGH,0,38,117,358,500000,4635168,4635168,-3716089,650086.2,,800,-442,坏棒 总长 1000 任意重度敲 铁头 800
877,17:38:55,hit_877_20260730_173855.csv,512,DEFECT,HIGH,0,38,117,358,500000,4759349,4759349,-3582817,679233.7,,800,-442,坏棒 总长 1000 任意重度敲 铁头 800
878,17:38:55,hit_878_20260730_173855.csv,512,NORMAL,HIGH,0,0,115,0,500000,5259855,5259855,-3047432,1236924.0,,800,,坏棒 总长 1000 任意重度敲 铁头 800
879,17:38:56,hit_879_20260730_173856.csv,512,DEFECT,HIGH,0,32,118,296,500000,5696238,5696238,-2636759,1683999.8,,800,-504,坏棒 总长 1000 任意重度敲 铁头 800
880,17:38:56,hit_880_20260730_173856.csv,512,DEFECT,LOW,0,21,0,200,500000,4393102,4393102,-4363974,134914.8,,800,-600,坏棒 总长 1000 任意重度敲 铁头 800
881,17:38:56,hit_881_20260730_173856.csv,512,DEFECT,HIGH,0,21,117,198,500000,4740539,4740539,-3773362,562912.1,,800,-602,坏棒 总长 1000 任意重度敲 铁头 800
882,17:38:56,hit_882_20260730_173856.csv,512,DEFECT,HIGH,0,37,116,352,500000,4908778,4908778,-3497651,792587.7,,800,-448,坏棒 总长 1000 任意重度敲 铁头 800
883,17:38:56,hit_883_20260730_173856.csv,512,DEFECT,HIGH,0,21,117,198,500000,5799015,5799015,-3333424,1280080.4,,800,-602,坏棒 总长 1000 任意重度敲 铁头 800
884,17:38:57,hit_884_20260730_173857.csv,512,DEFECT,HIGH,0,21,116,200,500000,6326251,6326251,-3025901,1570748.9,,800,-600,坏棒 总长 1000 任意重度敲 铁头 800
885,17:38:57,hit_885_20260730_173857.csv,512,DEFECT,HIGH,0,21,116,200,500000,6503175,6503175,-3093387,1705363.3,,800,-600,坏棒 总长 1000 任意重度敲 铁头 800
886,17:38:57,hit_886_20260730_173857.csv,512,DEFECT,HIGH,0,22,118,205,500000,6368739,6368739,-3310334,1609989.2,,800,-595,坏棒 总长 1000 任意重度敲 铁头 800
887,17:38:57,hit_887_20260730_173857.csv,512,DEFECT,HIGH,0,21,117,198,500000,6096064,6096064,-3109477,1417895.1,,800,-602,坏棒 总长 1000 任意重度敲 铁头 800
888,17:38:58,hit_888_20260730_173858.csv,512,DEFECT,HIGH,0,24,118,224,500000,5960044,5960044,-3410616,1095890.7,,800,-576,坏棒 总长 1000 任意重度敲 铁头 800
889,17:38:58,hit_889_20260730_173858.csv,512,DEFECT,HIGH,0,25,120,229,500000,6660452,6660452,-3613453,1528917.4,,800,-571,坏棒 总长 1000 任意重度敲 铁头 800
890,17:38:58,hit_890_20260730_173858.csv,512,DEFECT,HIGH,0,90,117,745,500000,5435000,5435000,-3499248,1140094.7,,800,-55,坏棒 总长 1000 任意重度敲 铁头 800
891,17:38:58,hit_891_20260730_173858.csv,512,DEFECT,HIGH,0,36,116,342,500000,4194758,4194758,-3405476,588451.3,,800,-458,坏棒 总长 1000 任意重度敲 铁头 800
892,17:38:58,hit_892_20260730_173858.csv,512,DEFECT,HIGH,0,85,117,698,500000,4132753,4132753,-4063297,175803.0,,800,-102,坏棒 总长 1000 任意重度敲 铁头 800
893,17:38:59,hit_893_20260730_173859.csv,512,DEFECT,HIGH,0,81,113,686,500000,5278943,5278943,-3157042,1216895.5,,800,-114,坏棒 总长 1000 任意重度敲 铁头 800
894,17:38:59,hit_894_20260730_173859.csv,512,DEFECT,HIGH,0,84,116,695,500000,3809910,3721335,-3809910,105679.5,,800,-105,坏棒 总长 1000 任意重度敲 铁头 800
895,17:38:59,hit_895_20260730_173859.csv,512,NORMAL,HIGH,0,0,117,0,500000,4488046,4488046,-3584684,798547.5,,800,,坏棒 总长 1000 任意重度敲 铁头 800
896,17:38:59,hit_896_20260730_173859.csv,512,NORMAL,HIGH,0,0,120,0,500000,6131131,6131131,-2699045,2011690.3,,800,,坏棒 总长 1000 任意重度敲 铁头 800
897,17:39:00,hit_897_20260730_173900.csv,512,DEFECT,HIGH,0,45,108,463,500000,5547408,3935815,-5547408,-345063.7,,800,-337,坏棒 总长 1000 任意重度敲 铁头 800
898,17:39:00,hit_898_20260730_173900.csv,512,DEFECT,HIGH,0,34,118,317,500000,6320783,6320783,-2870351,2023062.3,,800,-483,坏棒 总长 1000 任意重度敲 铁头 800
899,17:39:00,hit_899_20260730_173900.csv,512,DEFECT,HIGH,0,35,108,360,500000,5764650,3945131,-5764650,-317924.8,,800,-440,坏棒 总长 1000 任意重度敲 铁头 800
900,17:39:00,hit_900_20260730_173900.csv,512,DEFECT,HIGH,0,25,122,225,500000,5207605,5207605,-4155711,813021.7,,800,-575,坏棒 总长 1000 任意重度敲 铁头 800
901,17:39:00,hit_901_20260730_173900.csv,512,DEFECT,HIGH,0,21,119,194,500000,5074520,5074520,-3483072,906640.0,,800,-606,坏棒 总长 1000 任意重度敲 铁头 800
902,17:39:01,hit_902_20260730_173901.csv,512,DEFECT,HIGH,0,91,114,805,500000,5165745,5165745,-2996750,1375356.7,,800,5,坏棒 总长 1000 任意重度敲 铁头 800
903,17:39:01,hit_903_20260730_173901.csv,512,DEFECT,HIGH,0,38,119,351,500000,4701983,4701983,-3791530,744726.5,,800,-449,坏棒 总长 1000 任意重度敲 铁头 800
904,17:39:01,hit_904_20260730_173901.csv,512,DEFECT,HIGH,0,21,122,189,500000,4666305,4666305,-4283171,367839.3,,800,-611,坏棒 总长 1000 任意重度敲 铁头 800
905,17:39:01,hit_905_20260730_173901.csv,512,DEFECT,HIGH,0,35,117,330,500000,5792933,5792933,-3016554,1621698.1,,800,-470,坏棒 总长 1000 任意重度敲 铁头 800
906,17:39:02,hit_906_20260730_173902.csv,512,DEFECT,HIGH,0,86,118,700,500000,5419381,5419381,-3345944,1127062.0,,800,-100,坏棒 总长 1000 任意重度敲 铁头 800
907,17:39:02,hit_907_20260730_173902.csv,512,DEFECT,HIGH,0,22,119,203,500000,5015286,5015286,-3903094,648362.8,,800,-597,坏棒 总长 1000 任意重度敲 铁头 800
908,17:39:02,hit_908_20260730_173902.csv,512,DEFECT,HIGH,0,21,119,194,500000,4332305,4332305,-3626421,474567.1,,800,-606,坏棒 总长 1000 任意重度敲 铁头 800
909,17:39:02,hit_909_20260730_173902.csv,512,DEFECT,HIGH,0,21,117,198,500000,6133693,6133693,-3127645,1329581.8,,800,-602,坏棒 总长 1000 任意重度敲 铁头 800
910,17:39:03,hit_910_20260730_173903.csv,512,DEFECT,HIGH,0,24,119,222,500000,5792094,5792094,-3318493,1038286.8,,800,-578,坏棒 总长 1000 任意重度敲 铁头 800
911,17:39:03,hit_911_20260730_173903.csv,512,DEFECT,HIGH,0,24,118,224,500000,6212229,6212229,-3595575,1148242.8,,800,-576,坏棒 总长 1000 任意重度敲 铁头 800
912,17:39:03,hit_912_20260730_173903.csv,512,DEFECT,HIGH,0,90,116,752,500000,5775921,5775921,-3232151,1143501.0,,800,-48,坏棒 总长 1000 任意重度敲 铁头 800
913,17:39:03,hit_913_20260730_173903.csv,512,DEFECT,HIGH,0,88,117,726,500000,5299393,5299393,-3245257,1147085.7,,800,-74,坏棒 总长 1000 任意重度敲 铁头 800
914,17:39:03,hit_914_20260730_173903.csv,512,DEFECT,HIGH,0,36,116,342,500000,4942868,4942868,-3325610,897698.1,,800,-458,坏棒 总长 1000 任意重度敲 铁头 800
915,17:39:04,hit_915_20260730_173904.csv,512,DEFECT,HIGH,0,84,116,695,500000,4501390,4501390,-3536152,661568.7,,800,-105,坏棒 总长 1000 任意重度敲 铁头 800
916,17:39:04,hit_916_20260730_173904.csv,512,DEFECT,HIGH,0,22,120,201,500000,5044763,5044763,-3752594,893479.8,,800,-599,坏棒 总长 1000 任意重度敲 铁头 800
917,17:39:04,hit_917_20260730_173904.csv,512,DEFECT,HIGH,0,25,122,225,614652,5047003,5047003,-4214886,483358.6,,800,-575,坏棒 总长 1000 任意重度敲 铁头 800
918,17:39:04,hit_918_20260730_173904.csv,512,DEFECT,HIGH,0,22,101,217,500000,5608432,5608432,-4310700,876068.3,,800,-583,坏棒 总长 1000 任意重度敲 铁头 800
919,17:39:04,hit_919_20260730_173904.csv,512,DEFECT,HIGH,0,29,123,258,500000,5656588,5656588,-3922017,1004515.1,,800,-542,坏棒 总长 1000 任意重度敲 铁头 800
920,17:39:05,hit_920_20260730_173905.csv,512,DEFECT,HIGH,0,40,117,377,500000,5813293,3575518,-5813293,-343222.9,,800,-423,坏棒 总长 1000 任意重度敲 铁头 800
921,17:39:05,hit_921_20260730_173905.csv,512,DEFECT,HIGH,0,21,117,198,500000,5951555,5951555,-3008586,1577273.3,,800,-602,坏棒 总长 1000 任意重度敲 铁头 800
922,17:39:05,hit_922_20260730_173905.csv,512,DEFECT,HIGH,0,21,118,196,500000,5187320,5187320,-3474864,993469.0,,800,-604,坏棒 总长 1000 任意重度敲 铁头 800
923,17:39:05,hit_923_20260730_173905.csv,512,NORMAL,HIGH,0,0,114,0,500000,4766488,4766488,-3100097,1108482.6,,800,,坏棒 总长 1000 任意重度敲 铁头 800
924,17:39:06,hit_924_20260730_173906.csv,512,DEFECT,HIGH,0,23,120,211,500000,5756768,5756768,-3634445,1281741.0,,800,-589,坏棒 总长 1000 任意重度敲 铁头 800
925,17:39:06,hit_925_20260730_173906.csv,512,DEFECT,HIGH,0,26,122,234,500000,4835420,4835420,-3939528,571264.1,,800,-566,坏棒 总长 1000 任意重度敲 铁头 800
926,17:39:06,hit_926_20260730_173906.csv,512,DEFECT,HIGH,0,23,119,212,500000,5726758,5726758,-3318625,1098609.3,,800,-588,坏棒 总长 1000 任意重度敲 铁头 800
927,17:39:07,hit_927_20260730_173907.csv,512,DEFECT,HIGH,0,24,121,218,500000,4039248,2945794,-4039248,-157285.8,,800,-582,坏棒 总长 1000 任意重度敲 铁头 800
928,17:39:07,hit_928_20260730_173907.csv,512,DEFECT,HIGH,0,23,118,214,500000,4590088,4590088,-3816836,283571.0,,800,-586,坏棒 总长 1000 任意重度敲 铁头 800
929,17:39:07,hit_929_20260730_173907.csv,512,DEFECT,HIGH,0,24,120,220,500000,4159492,3980569,-4159492,-22397.2,,800,-580,坏棒 总长 1000 任意重度敲 铁头 800
930,17:39:07,hit_930_20260730_173907.csv,512,DEFECT,HIGH,0,24,118,224,500000,4656709,4656709,-3986716,221085.0,,800,-576,坏棒 总长 1000 任意重度敲 铁头 800
931,17:39:07,hit_931_20260730_173907.csv,512,DEFECT,HIGH,0,22,118,205,500000,5104784,5104784,-3548869,791691.7,,800,-595,坏棒 总长 1000 任意重度敲 铁头 800
932,17:39:08,hit_932_20260730_173908.csv,512,DEFECT,HIGH,0,23,119,212,500000,4974699,4974699,-3859509,710008.5,,800,-588,坏棒 总长 1000 任意重度敲 铁头 800
933,17:39:08,hit_933_20260730_173908.csv,512,NORMAL,HIGH,0,0,116,0,500000,4670543,4670543,-3472550,854169.6,,800,,坏棒 总长 1000 任意重度敲 铁头 800
934,17:39:08,hit_934_20260730_173908.csv,512,NORMAL,HIGH,0,0,116,0,500000,4550387,4550387,-3646898,817695.6,,800,,坏棒 总长 1000 任意重度敲 铁头 800
935,17:39:08,hit_935_20260730_173908.csv,512,NORMAL,HIGH,0,0,117,0,500000,4874199,4874199,-3519923,1105461.2,,800,,坏棒 总长 1000 任意重度敲 铁头 800
936,17:39:09,hit_936_20260730_173909.csv,512,NORMAL,HIGH,0,0,116,0,500000,4619351,4619351,-3557143,973904.6,,800,,坏棒 总长 1000 任意重度敲 铁头 800
937,17:39:09,hit_937_20260730_173909.csv,512,NORMAL,HIGH,0,0,114,0,500000,4802500,4802500,-3104552,1192766.0,,800,,坏棒 总长 1000 任意重度敲 铁头 800
938,17:39:09,hit_938_20260730_173909.csv,512,NORMAL,HIGH,0,0,118,0,500000,5336308,5336308,-2903428,1760876.2,,800,,坏棒 总长 1000 任意重度敲 铁头 800
939,17:39:09,hit_939_20260730_173909.csv,512,NORMAL,HIGH,0,0,116,0,500000,6211511,6211511,-2452446,2485872.4,,800,,坏棒 总长 1000 任意重度敲 铁头 800
940,17:39:10,hit_940_20260730_173910.csv,512,NORMAL,HIGH,0,0,118,0,500000,5517511,5517511,-2839800,1767913.3,,800,,坏棒 总长 1000 任意重度敲 铁头 800
941,17:39:10,hit_941_20260730_173910.csv,512,DEFECT,HIGH,0,92,117,773,500000,3834638,3834638,-3472372,512637.2,,800,-27,坏棒 总长 1000 任意重度敲 铁头 800
942,17:39:10,hit_942_20260730_173910.csv,512,NORMAL,HIGH,0,0,117,0,500000,5303500,5303500,-2729056,1705355.1,,800,,坏棒 总长 1000 任意重度敲 铁头 800
943,17:39:11,hit_943_20260730_173911.csv,512,NORMAL,HIGH,0,0,114,0,500000,5819658,5819658,-2932287,2015914.0,,800,,坏棒 总长 1000 任意重度敲 铁头 800
944,17:39:11,hit_944_20260730_173911.csv,512,NORMAL,HIGH,0,0,115,0,500000,4983285,4983285,-3293795,1080336.0,,800,,坏棒 总长 1000 任意重度敲 铁头 800
945,17:39:11,hit_945_20260730_173911.csv,512,NORMAL,HIGH,0,0,115,0,500000,5117753,5117753,-3146907,1296629.1,,800,,坏棒 总长 1000 任意重度敲 铁头 800
946,17:39:11,hit_946_20260730_173911.csv,512,DEFECT,HIGH,0,21,116,200,500000,5455827,5455827,-3161244,1081136.0,,800,-600,坏棒 总长 1000 任意重度敲 铁头 800
947,17:39:11,hit_947_20260730_173911.csv,512,DEFECT,HIGH,0,28,122,252,500000,6148957,6148957,-4042921,1095771.3,,800,-548,坏棒 总长 1000 任意重度敲 铁头 800
948,17:39:12,hit_948_20260730_173912.csv,512,DEFECT,HIGH,0,26,120,238,500000,5131683,5131683,-3627652,539374.5,,800,-562,坏棒 总长 1000 任意重度敲 铁头 800
949,17:39:12,hit_949_20260730_173912.csv,512,DEFECT,HIGH,0,27,120,247,500000,6541206,6541206,-3642196,1349632.9,,800,-553,坏棒 总长 1000 任意重度敲 铁头 800
950,17:39:12,hit_950_20260730_173912.csv,512,DEFECT,HIGH,0,21,116,200,500000,6427320,6427320,-3055918,1939109.1,,800,-600,坏棒 总长 1000 任意重度敲 铁头 800
951,17:39:12,hit_951_20260730_173912.csv,512,DEFECT,HIGH,0,24,117,226,500000,5106446,5106446,-3669014,716074.2,,800,-574,坏棒 总长 1000 任意重度敲 铁头 800
952,17:39:13,hit_952_20260730_173913.csv,512,DEFECT,HIGH,0,24,118,224,500000,5029712,5029712,-3847280,625630.2,,800,-576,坏棒 总长 1000 任意重度敲 铁头 800
953,17:39:13,hit_953_20260730_173913.csv,512,NORMAL,HIGH,0,0,118,0,500000,4907085,4907085,-3783826,885747.3,,800,,坏棒 总长 1000 任意重度敲 铁头 800
954,17:39:13,hit_954_20260730_173913.csv,512,NORMAL,HIGH,0,0,122,0,500000,6888833,6888833,-3747494,2396057.5,,800,,坏棒 总长 1000 任意重度敲 铁头 800
955,17:39:13,hit_955_20260730_173913.csv,512,DEFECT,HIGH,0,27,106,262,510684,4936122,4500849,-4936122,128296.3,,800,-538,坏棒 总长 1000 任意重度敲 铁头 800
956,17:39:14,hit_956_20260730_173914.csv,512,DEFECT,HIGH,0,24,119,222,500000,6020306,6020306,-3480948,1567237.0,,800,-578,坏棒 总长 1000 任意重度敲 铁头 800
957,17:39:14,hit_957_20260730_173914.csv,512,NORMAL,HIGH,0,0,119,0,500000,6661070,6661070,-3466623,2129284.9,,800,,坏棒 总长 1000 任意重度敲 铁头 800
958,17:39:14,hit_958_20260730_173914.csv,512,DEFECT,HIGH,0,24,118,224,500000,5014236,5014236,-3845410,610945.3,,800,-576,坏棒 总长 1000 任意重度敲 铁头 800
959,17:39:15,hit_959_20260730_173915.csv,512,DEFECT,HIGH,0,87,119,703,500000,4496253,4496253,-4035373,218791.0,,800,-97,坏棒 总长 1000 任意重度敲 铁头 800
960,17:39:15,hit_960_20260730_173915.csv,512,DEFECT,HIGH,0,22,118,205,500000,4846021,4846021,-3694550,491093.5,,800,-595,坏棒 总长 1000 任意重度敲 铁头 800
961,17:39:15,hit_961_20260730_173915.csv,512,DEFECT,HIGH,0,36,116,342,500000,4600150,4600150,-3217301,748102.1,,800,-458,坏棒 总长 1000 任意重度敲 铁头 800
962,17:39:15,hit_962_20260730_173915.csv,512,DEFECT,HIGH,0,21,120,192,500000,5109254,5109254,-3789363,821162.9,,800,-608,坏棒 总长 1000 任意重度敲 铁头 800
963,17:39:15,hit_963_20260730_173915.csv,512,DEFECT,HIGH,0,22,117,207,500000,6101162,6101162,-3265528,1499773.8,,800,-593,坏棒 总长 1000 任意重度敲 铁头 800
964,17:39:16,hit_964_20260730_173916.csv,512,DEFECT,HIGH,0,24,117,226,500000,6642547,6642547,-3320265,1359189.5,,800,-574,坏棒 总长 1000 任意重度敲 铁头 800
965,17:39:16,hit_965_20260730_173916.csv,512,DEFECT,HIGH,0,88,121,700,500000,7192480,7192480,-2862296,1936099.2,,800,-100,坏棒 总长 1000 任意重度敲 铁头 800
966,17:39:16,hit_966_20260730_173916.csv,512,DEFECT,HIGH,0,35,116,333,500000,7281300,7281300,-2940498,2172590.8,,800,-467,坏棒 总长 1000 任意重度敲 铁头 800
967,17:39:16,hit_967_20260730_173916.csv,512,DEFECT,HIGH,0,87,117,716,500000,6558334,6558334,-3097945,1765541.2,,800,-84,坏棒 总长 1000 任意重度敲 铁头 800
968,17:39:16,hit_968_20260730_173916.csv,512,NORMAL,HIGH,0,0,117,0,500000,5496857,5496857,-3478543,1181077.5,,800,,坏棒 总长 1000 任意重度敲 铁头 800
969,17:39:17,hit_969_20260730_173917.csv,512,DEFECT,HIGH,0,22,117,207,500000,4859151,4859151,-3659142,440614.3,,800,-593,坏棒 总长 1000 任意重度敲 铁头 800
970,17:39:17,hit_970_20260730_173917.csv,512,DEFECT,HIGH,0,24,119,222,500000,5113413,5113413,-3855548,718567.7,,800,-578,坏棒 总长 1000 任意重度敲 铁头 800
971,17:39:17,hit_971_20260730_173917.csv,512,DEFECT,HIGH,0,22,117,207,500000,4787362,4787362,-3773054,424495.7,,800,-593,坏棒 总长 1000 任意重度敲 铁头 800
972,17:39:18,hit_972_20260730_173918.csv,512,DEFECT,HIGH,0,24,118,224,500000,4924595,4924595,-4007219,393934.5,,800,-576,坏棒 总长 1000 任意重度敲 铁头 800
973,17:39:18,hit_973_20260730_173918.csv,512,DEFECT,HIGH,0,22,118,205,500000,4994039,4994039,-3677997,591939.2,,800,-595,坏棒 总长 1000 任意重度敲 铁头 800
974,17:39:18,hit_974_20260730_173918.csv,512,DEFECT,HIGH,0,22,117,207,500000,5326384,5326384,-3341902,1017921.6,,800,-593,坏棒 总长 1000 任意重度敲 铁头 800
975,17:39:18,hit_975_20260730_173918.csv,512,DEFECT,HIGH,0,22,117,207,500000,5639877,5639877,-3213393,1230417.6,,800,-593,坏棒 总长 1000 任意重度敲 铁头 800
976,17:39:18,hit_976_20260730_173918.csv,512,DEFECT,HIGH,0,21,122,189,500000,4948750,4948750,-4330989,469854.5,,800,-611,坏棒 总长 1000 任意重度敲 铁头 800
977,17:39:19,hit_977_20260730_173919.csv,512,DEFECT,HIGH,0,22,123,196,500000,5420491,5420491,-4505904,487817.8,,800,-604,坏棒 总长 1000 任意重度敲 铁头 800
978,17:39:19,hit_978_20260730_173919.csv,512,DEFECT,HIGH,0,26,120,238,500000,5468587,5468587,-3931486,628345.1,,800,-562,坏棒 总长 1000 任意重度敲 铁头 800
979,17:39:19,hit_979_20260730_173919.csv,512,DEFECT,HIGH,0,34,121,306,500000,7864157,7864157,-2752995,2583745.5,,800,-494,坏棒 总长 1000 任意重度敲 铁头 800
980,17:39:19,hit_980_20260730_173919.csv,512,DEFECT,HIGH,0,26,120,238,500000,4845528,4845528,-3502866,494410.8,,800,-562,坏棒 总长 1000 任意重度敲 铁头 800
981,17:39:19,hit_981_20260730_173919.csv,512,DEFECT,HIGH,0,31,120,196,500000,7294237,7294237,-2390503,2185934.0,,800,-604,坏棒 总长 1000 任意重度敲 铁头 800
982,17:39:20,hit_982_20260730_173920.csv,512,DEFECT,HIGH,0,23,118,214,500000,7182492,7182492,-3074847,2142648.8,,800,-586,坏棒 总长 1000 任意重度敲 铁头 800
983,17:39:20,hit_983_20260730_173920.csv,512,DEFECT,HIGH,0,21,116,200,500000,6720654,6720654,-2951731,1954806.5,,800,-600,坏棒 总长 1000 任意重度敲 铁头 800
984,17:39:20,hit_984_20260730_173920.csv,512,DEFECT,HIGH,0,38,118,355,500000,4598906,4598906,-3738625,518036.6,,800,-445,坏棒 总长 1000 任意重度敲 铁头 800
985,17:39:21,hit_985_20260730_173921.csv,512,NORMAL,HIGH,0,0,117,0,500000,5359713,5359713,-3456572,1093413.2,,800,,坏棒 总长 1000 任意重度敲 铁头 800
986,17:39:21,hit_986_20260730_173921.csv,512,DEFECT,HIGH,0,23,120,211,500000,4840990,4840990,-4031695,520045.9,,800,-589,坏棒 总长 1000 任意重度敲 铁头 800
987,17:39:21,hit_987_20260730_173921.csv,512,DEFECT,HIGH,0,21,118,196,500000,5166740,5166740,-3157696,1074916.4,,800,-604,坏棒 总长 1000 任意重度敲 铁头 800
988,17:39:22,hit_988_20260730_173922.csv,512,DEFECT,HIGH,0,22,118,205,500000,6350093,6350093,-3197226,1854524.8,,800,-595,坏棒 总长 1000 任意重度敲 铁头 800
989,17:39:22,hit_989_20260730_173922.csv,512,DEFECT,HIGH,0,21,117,198,500000,5176497,5176497,-3369250,985429.1,,800,-602,坏棒 总长 1000 任意重度敲 铁头 800
990,17:39:22,hit_990_20260730_173922.csv,512,DEFECT,LOW,0,23,0,219,500000,4847913,4847913,-4640725,148520.1,,800,-581,坏棒 总长 1000 任意重度敲 铁头 800
991,17:39:23,hit_991_20260730_173923.csv,512,DEFECT,LOW,0,22,0,209,500000,4488618,3680339,-4488618,-27164.6,,800,-591,坏棒 总长 1000 任意重度敲 铁头 800
992,17:39:23,hit_992_20260730_173923.csv,512,DEFECT,HIGH,0,24,119,222,500000,4877514,4877514,-3984101,380700.8,,800,-578,坏棒 总长 1000 任意重度敲 铁头 800
993,17:39:23,hit_993_20260730_173923.csv,512,DEFECT,HIGH,0,86,119,694,500000,4432217,4432217,-3978988,330937.8,,800,-106,坏棒 总长 1000 任意重度敲 铁头 800
994,17:39:23,hit_994_20260730_173923.csv,512,DEFECT,HIGH,0,26,103,262,500000,4693107,4224728,-4693107,38524.1,,800,-538,坏棒 总长 1000 任意重度敲 铁头 800
995,17:39:24,hit_995_20260730_173924.csv,512,DEFECT,HIGH,0,25,119,231,500000,5475229,5475229,-3541610,973136.2,,800,-569,坏棒 总长 1000 任意重度敲 铁头 800
996,17:39:24,hit_996_20260730_173924.csv,512,DEFECT,HIGH,0,25,119,231,500000,5312174,5312174,-3815782,746943.1,,800,-569,坏棒 总长 1000 任意重度敲 铁头 800
997,17:39:24,hit_997_20260730_173924.csv,512,DEFECT,HIGH,0,27,121,245,500000,5071522,5071522,-4035048,472622.4,,800,-555,坏棒 总长 1000 任意重度敲 铁头 800
998,17:39:24,hit_998_20260730_173924.csv,512,DEFECT,HIGH,0,28,122,252,500000,5479816,5479816,-4223011,756272.2,,800,-548,坏棒 总长 1000 任意重度敲 铁头 800
999,17:39:24,hit_999_20260730_173924.csv,512,DEFECT,HIGH,0,24,118,224,500000,4914590,4914590,-3868794,623967.2,,800,-576,坏棒 总长 1000 任意重度敲 铁头 800
1000,17:39:25,hit_1000_20260730_173925.csv,512,DEFECT,HIGH,0,23,117,216,500000,6928515,6928515,-2925680,1940966.9,,800,-584,坏棒 总长 1000 任意重度敲 铁头 800
1001,17:39:25,hit_1001_20260730_173925.csv,512,DEFECT,HIGH,0,25,119,231,500000,6728879,6728879,-3470814,1548451.6,,800,-569,坏棒 总长 1000 任意重度敲 铁头 800
1002,17:39:25,hit_1002_20260730_173925.csv,512,DEFECT,HIGH,0,23,118,214,500000,6143013,6143013,-3277975,1451158.3,,800,-586,坏棒 总长 1000 任意重度敲 铁头 800
1003,17:39:26,hit_1003_20260730_173926.csv,512,DEFECT,HIGH,0,22,118,205,500000,4960765,4960765,-3657587,725313.0,,800,-595,坏棒 总长 1000 任意重度敲 铁头 800
1004,17:39:26,hit_1004_20260730_173926.csv,512,DEFECT,HIGH,0,25,120,229,500000,5899335,5899335,-3692304,1469271.3,,800,-571,坏棒 总长 1000 任意重度敲 铁头 800
1005,17:39:26,hit_1005_20260730_173926.csv,512,DEFECT,HIGH,0,24,103,237,500000,5263094,5263094,-4787190,360819.8,,800,-563,坏棒 总长 1000 任意重度敲 铁头 800
1006,17:39:26,hit_1006_20260730_173926.csv,512,DEFECT,HIGH,0,31,100,310,500000,6273145,6273145,-4047379,1413856.5,,800,-490,坏棒 总长 1000 任意重度敲 铁头 800
1007,17:39:27,hit_1007_20260730_173927.csv,512,DEFECT,HIGH,0,37,119,342,500000,6573662,6573662,-3083607,1868617.9,,800,-458,坏棒 总长 1000 任意重度敲 铁头 800
1008,17:39:27,hit_1008_20260730_173927.csv,512,DEFECT,HIGH,0,28,108,288,500000,5221885,4663932,-5221885,-17537.3,,800,-512,坏棒 总长 1000 任意重度敲 铁头 800
1009,17:39:27,hit_1009_20260730_173927.csv,512,NORMAL,HIGH,0,0,117,0,500000,5353810,5353810,-3335543,1536802.8,,800,,坏棒 总长 1000 任意重度敲 铁头 800
1010,17:39:27,hit_1010_20260730_173927.csv,512,NORMAL,HIGH,0,0,114,0,500000,5370377,5370377,-2912175,1772655.4,,800,,坏棒 总长 1000 任意重度敲 铁头 800
1011,17:39:28,hit_1011_20260730_173928.csv,512,DEFECT,HIGH,0,21,117,198,500000,5427600,5427600,-3470180,1210964.3,,800,-602,坏棒 总长 1000 任意重度敲 铁头 800
1012,17:39:28,hit_1012_20260730_173928.csv,512,DEFECT,LOW,0,22,0,209,500000,5165827,5165827,-4505366,226268.3,,800,-591,坏棒 总长 1000 任意重度敲 铁头 800
1013,17:39:28,hit_1013_20260730_173928.csv,512,DEFECT,HIGH,0,25,117,235,500000,5416546,5416546,-3629506,712748.3,,800,-565,坏棒 总长 1000 任意重度敲 铁头 800
1014,17:39:28,hit_1014_20260730_173928.csv,512,NORMAL,HIGH,0,0,115,0,500000,5658337,5658337,-3133247,1518864.5,,800,,坏棒 总长 1000 任意重度敲 铁头 800
1015,17:39:28,hit_1015_20260730_173928.csv,512,NORMAL,HIGH,0,0,116,0,500000,5793913,5793913,-3265738,1550846.7,,800,,坏棒 总长 1000 任意重度敲 铁头 800
1016,17:39:29,hit_1016_20260730_173929.csv,512,DEFECT,HIGH,0,21,117,198,500000,5355078,5355078,-3451441,1067991.8,,800,-602,坏棒 总长 1000 任意重度敲 铁头 800
1017,17:39:29,hit_1017_20260730_173929.csv,512,NORMAL,HIGH,0,0,120,0,500000,5428477,5428477,-3752399,1165776.0,,800,,坏棒 总长 1000 任意重度敲 铁头 800
1018,17:39:29,hit_1018_20260730_173929.csv,512,NORMAL,HIGH,0,0,119,0,500000,5454980,5454980,-3566418,1301139.4,,800,,坏棒 总长 1000 任意重度敲 铁头 800
1019,17:39:30,hit_1019_20260730_173930.csv,512,NORMAL,HIGH,0,0,115,0,500000,5811069,5811069,-2939298,1680497.7,,800,,坏棒 总长 1000 任意重度敲 铁头 800
1020,17:39:30,hit_1020_20260730_173930.csv,512,NORMAL,HIGH,0,0,116,0,500000,5551043,5551043,-2945544,1556847.6,,800,,坏棒 总长 1000 任意重度敲 铁头 800
1021,17:39:30,hit_1021_20260730_173930.csv,512,DEFECT,HIGH,0,38,117,358,500000,6471566,4276514,-6471566,-368562.1,,800,-442,坏棒 总长 1000 任意重度敲 铁头 800
1022,17:39:30,hit_1022_20260730_173930.csv,512,DEFECT,HIGH,0,31,108,319,500000,5359719,4996927,-5359719,-5855.0,,800,-481,坏棒 总长 1000 任意重度敲 铁头 800
1023,17:39:31,hit_1023_20260730_173931.csv,512,DEFECT,HIGH,0,21,123,187,500000,5172614,5172614,-4394329,462918.7,,800,-613,坏棒 总长 1000 任意重度敲 铁头 800
1024,17:39:31,hit_1024_20260730_173931.csv,512,NORMAL,HIGH,0,0,119,0,500000,5886422,5886422,-3378494,1685087.8,,800,,坏棒 总长 1000 任意重度敲 铁头 800
1025,17:39:31,hit_1025_20260730_173931.csv,512,DEFECT,HIGH,0,24,118,224,500000,4914139,4914139,-3747129,563784.1,,800,-576,坏棒 总长 1000 任意重度敲 铁头 800
1026,17:39:31,hit_1026_20260730_173931.csv,512,DEFECT,HIGH,0,26,119,240,500000,5592047,5592047,-3994913,702456.7,,800,-560,坏棒 总长 1000 任意重度敲 铁头 800
1027,17:39:31,hit_1027_20260730_173931.csv,512,DEFECT,HIGH,0,89,120,715,500000,7620890,7620890,-2879175,2490539.8,,800,-85,坏棒 总长 1000 任意重度敲 铁头 800
1028,17:39:32,hit_1028_20260730_173932.csv,512,NORMAL,HIGH,0,0,116,0,500000,6872423,6872423,-2903561,2340069.2,,800,,坏棒 总长 1000 任意重度敲 铁头 800
1029,17:39:32,hit_1029_20260730_173932.csv,512,NORMAL,HIGH,0,0,118,0,500000,6063341,6063341,-2638274,2323082.0,,800,,坏棒 总长 1000 任意重度敲 铁头 800
1030,17:39:32,hit_1030_20260730_173932.csv,512,NORMAL,HIGH,0,0,120,0,500000,8124075,8124075,-2412751,3702230.1,,800,,坏棒 总长 1000 任意重度敲 铁头 800
1031,17:39:33,hit_1031_20260730_173933.csv,512,NORMAL,HIGH,0,0,117,0,500000,8150131,8150131,-2915971,3273565.3,,800,,坏棒 总长 1000 任意重度敲 铁头 800
1032,17:39:34,hit_1032_20260730_173934.csv,512,NORMAL,HIGH,0,0,118,0,500000,5716826,5716826,-3065207,1743364.9,,800,,坏棒 总长 1000 任意重度敲 铁头 800
1033,17:39:34,hit_1033_20260730_173934.csv,512,NORMAL,HIGH,0,0,117,0,500000,6353468,6353468,-3156285,2299478.5,,800,,坏棒 总长 1000 任意重度敲 铁头 800
1034,17:39:35,hit_1034_20260730_173935.csv,512,NORMAL,HIGH,0,0,117,0,500000,5409460,5409460,-3480651,1383544.3,,800,,坏棒 总长 1000 任意重度敲 铁头 800
1035,17:39:35,hit_1035_20260730_173935.csv,512,DEFECT,HIGH,0,26,120,238,500000,5331157,5331157,-3982650,565848.7,,800,-562,坏棒 总长 1000 任意重度敲 铁头 800
1036,17:39:35,hit_1036_20260730_173935.csv,512,DEFECT,HIGH,0,34,121,306,500000,7539811,7539811,-2538293,2439051.5,,800,-494,坏棒 总长 1000 任意重度敲 铁头 800
1037,17:39:36,hit_1037_20260730_173936.csv,512,DEFECT,HIGH,0,25,119,231,500000,6764649,6764649,-3391473,1645597.6,,800,-569,坏棒 总长 1000 任意重度敲 铁头 800
1038,17:39:36,hit_1038_20260730_173936.csv,512,DEFECT,HIGH,0,22,117,207,500000,5320655,5320655,-3288918,874626.2,,800,-593,坏棒 总长 1000 任意重度敲 铁头 800
1039,17:39:36,hit_1039_20260730_173936.csv,512,DEFECT,HIGH,0,23,118,214,500000,4982500,4982500,-3742431,696843.5,,800,-586,坏棒 总长 1000 任意重度敲 铁头 800
1040,17:39:36,hit_1040_20260730_173936.csv,512,DEFECT,HIGH,0,24,118,224,500000,6376929,6376929,-3279889,1520862.7,,800,-576,坏棒 总长 1000 任意重度敲 铁头 800
1041,17:39:37,hit_1041_20260730_173937.csv,512,DEFECT,HIGH,0,25,119,231,500000,6374018,6374018,-3572255,1746755.1,,800,-569,坏棒 总长 1000 任意重度敲 铁头 800
1042,17:39:37,hit_1042_20260730_173937.csv,512,NORMAL,HIGH,0,0,117,0,500000,5922814,5922814,-3323776,1739500.1,,800,,坏棒 总长 1000 任意重度敲 铁头 800
1043,17:39:38,hit_1043_20260730_173938.csv,512,NORMAL,HIGH,0,0,116,0,500000,5873621,5873621,-3033030,1737141.9,,800,,坏棒 总长 1000 任意重度敲 铁头 800
1044,17:39:38,hit_1044_20260730_173938.csv,512,NORMAL,HIGH,0,0,116,0,500000,5740157,5740157,-3125058,1748865.4,,800,,坏棒 总长 1000 任意重度敲 铁头 800
1045,17:39:39,hit_1045_20260730_173939.csv,512,DEFECT,HIGH,0,24,119,222,500000,6015334,6015334,-3353667,1582251.2,,800,-578,坏棒 总长 1000 任意重度敲 铁头 800
1046,17:39:39,hit_1046_20260730_173939.csv,512,DEFECT,HIGH,0,22,117,207,500000,5494107,5494107,-3351261,1183601.2,,800,-593,坏棒 总长 1000 任意重度敲 铁头 800
1047,17:39:39,hit_1047_20260730_173939.csv,512,DEFECT,HIGH,0,24,119,222,500000,5230387,5230387,-3755524,797754.2,,800,-578,坏棒 总长 1000 任意重度敲 铁头 800
1048,17:39:40,hit_1048_20260730_173940.csv,512,NORMAL,HIGH,0,0,120,0,500000,5670168,5670168,-3541862,1441212.4,,800,,坏棒 总长 1000 任意重度敲 铁头 800
1049,17:39:40,hit_1049_20260730_173940.csv,512,DEFECT,HIGH,0,86,119,694,500000,4269654,4269654,-3860035,416423.1,,800,-106,坏棒 总长 1000 任意重度敲 铁头 800
1050,17:39:41,hit_1050_20260730_173941.csv,512,DEFECT,HIGH,0,37,115,355,500000,4454167,4454167,-3558694,680261.3,,800,-445,坏棒 总长 1000 任意重度敲 铁头 800
1051,17:39:41,hit_1051_20260730_173941.csv,512,DEFECT,HIGH,0,37,116,352,500000,4506500,4506500,-3548025,760092.1,,800,-448,坏棒 总长 1000 任意重度敲 铁头 800
1052,17:39:41,hit_1052_20260730_173941.csv,512,DEFECT,HIGH,0,33,118,305,500000,5555732,5555732,-2751854,1503871.6,,800,-495,坏棒 总长 1000 任意重度敲 铁头 800
1053,17:39:42,hit_1053_20260730_173942.csv,512,DEFECT,HIGH,0,25,119,231,500000,7088562,7088562,-3409892,2317633.1,,800,-569,坏棒 总长 1000 任意重度敲 铁头 800
1054,17:39:42,hit_1054_20260730_173942.csv,512,DEFECT,HIGH,0,22,117,207,500000,6404749,6404749,-3153683,1791927.9,,800,-593,坏棒 总长 1000 任意重度敲 铁头 800
1055,17:39:42,hit_1055_20260730_173942.csv,512,DEFECT,HIGH,0,87,118,710,500000,4481937,4481937,-4089322,274251.0,,800,-90,坏棒 总长 1000 任意重度敲 铁头 800
1056,17:39:43,hit_1056_20260730_173943.csv,512,NORMAL,HIGH,0,0,117,0,500000,5233047,5233047,-3369400,1451215.3,,800,,坏棒 总长 1000 任意重度敲 铁头 800
1057,17:39:43,hit_1057_20260730_173943.csv,512,DEFECT,HIGH,0,24,119,222,500000,4947089,4947089,-3813460,629169.7,,800,-578,坏棒 总长 1000 任意重度敲 铁头 800
1058,17:39:44,hit_1058_20260730_173944.csv,512,DEFECT,HIGH,0,24,120,220,500000,5360109,5360109,-3758613,872215.9,,800,-580,坏棒 总长 1000 任意重度敲 铁头 800
1059,17:39:44,hit_1059_20260730_173944.csv,512,NORMAL,HIGH,0,0,119,0,500000,6101786,6101786,-3593554,1612306.2,,800,,坏棒 总长 1000 任意重度敲 铁头 800
1060,17:39:45,hit_1060_20260730_173945.csv,512,DEFECT,HIGH,0,22,118,205,500000,4824032,4824032,-3835027,528251.3,,800,-595,坏棒 总长 1000 任意重度敲 铁头 800
1061,17:39:45,hit_1061_20260730_173945.csv,512,NORMAL,HIGH,0,0,116,0,500000,6139983,6139983,-2985271,2196232.6,,800,,坏棒 总长 1000 任意重度敲 铁头 800
1062,17:39:46,hit_1062_20260730_173946.csv,512,DEFECT,HIGH,0,24,120,220,500000,5919286,5919286,-3591226,1464907.7,,800,-580,坏棒 总长 1000 任意重度敲 铁头 800
1063,17:39:46,hit_1063_20260730_173946.csv,512,DEFECT,HIGH,0,24,119,222,500000,5646949,5646949,-3466023,936940.1,,800,-578,坏棒 总长 1000 任意重度敲 铁头 800
1064,17:39:47,hit_1064_20260730_173947.csv,512,DEFECT,HIGH,0,84,117,688,500000,3756745,3567421,-3756745,169349.4,,800,-112,坏棒 总长 1000 任意重度敲 铁头 800
1065,17:39:47,hit_1065_20260730_173947.csv,512,DEFECT,HIGH,0,89,121,709,500000,4906799,4906799,-4245558,311091.0,,800,-91,坏棒 总长 1000 任意重度敲 铁头 800
1066,17:39:50,hit_1066_20260730_173950.csv,512,DEFECT,HIGH,0,25,122,225,500000,5685794,5685794,-3854347,1051810.9,,800,-575,坏棒 总长 1000 任意重度敲 铁头 800
1067,17:39:51,hit_1067_20260730_173951.csv,512,DEFECT,HIGH,0,27,108,278,500000,4768714,3506066,-4768714,-145825.2,,800,-522,坏棒 总长 1000 任意重度敲 铁头 800
1068,17:39:51,hit_1068_20260730_173951.csv,512,DEFECT,HIGH,0,26,108,268,500000,4845096,3136547,-4845096,-132713.5,,800,-532,坏棒 总长 1000 任意重度敲 铁头 800
1069,17:39:52,hit_1069_20260730_173952.csv,512,DEFECT,HIGH,0,22,99,222,500000,4502273,3847239,-4502273,194096.1,,800,-578,坏棒 总长 1000 任意重度敲 铁头 800
1070,17:39:52,hit_1070_20260730_173952.csv,512,DEFECT,HIGH,0,26,99,262,500000,5030338,5030338,-4172290,689960.9,,800,-538,坏棒 总长 1000 任意重度敲 铁头 800
1071,17:39:52,hit_1071_20260730_173952.csv,512,DEFECT,HIGH,0,26,123,232,500000,5456584,5456584,-4056806,871208.0,,800,-568,坏棒 总长 1000 任意重度敲 铁头 800
1072,17:39:53,hit_1072_20260730_173953.csv,512,DEFECT,HIGH,0,21,98,214,500000,4436884,4146238,-4436884,257475.0,,800,-586,坏棒 总长 1000 任意重度敲 铁头 800
1073,17:39:53,hit_1073_20260730_173953.csv,512,DEFECT,LOW,0,21,0,200,500000,4330207,3616413,-4330207,-4154.7,,800,-600,坏棒 总长 1000 任意重度敲 铁头 800
1074,17:39:53,hit_1074_20260730_173953.csv,512,DEFECT,HIGH,0,24,119,222,500000,6185054,6185054,-3182295,1655184.2,,800,-578,坏棒 总长 1000 任意重度敲 铁头 800
1075,17:39:54,hit_1075_20260730_173954.csv,512,DEFECT,HIGH,0,21,118,196,500000,4820261,4820261,-3364036,678715.2,,800,-604,坏棒 总长 1000 任意重度敲 铁头 800
1076,17:39:54,hit_1076_20260730_173954.csv,512,DEFECT,HIGH,0,85,117,698,500000,5679194,5679194,-2939417,1356333.2,,800,-102,坏棒 总长 1000 任意重度敲 铁头 800
1077,17:39:54,hit_1077_20260730_173954.csv,512,DEFECT,HIGH,0,26,122,234,500000,5819499,5819499,-3801898,1357648.6,,800,-566,坏棒 总长 1000 任意重度敲 铁头 800
1078,17:39:55,hit_1078_20260730_173955.csv,512,DEFECT,HIGH,0,22,100,220,500000,5189269,5189269,-4404358,721913.7,,800,-580,坏棒 总长 1000 任意重度敲 铁头 800
1079,17:39:55,hit_1079_20260730_173955.csv,512,DEFECT,HIGH,0,21,118,196,500000,5851347,5851347,-3305522,1530331.3,,800,-604,坏棒 总长 1000 任意重度敲 铁头 800
1080,17:39:55,hit_1080_20260730_173955.csv,512,DEFECT,HIGH,0,91,117,754,500000,3375314,3131447,-3375314,243729.4,,800,-46,坏棒 总长 1000 任意重度敲 铁头 800
1081,17:39:55,hit_1081_20260730_173955.csv,512,DEFECT,HIGH,0,84,117,688,500000,3711574,3486402,-3711574,132475.3,,800,-112,坏棒 总长 1000 任意重度敲 铁头 800
1082,17:40:00,hit_1082_20260730_174000.csv,512,DEFECT,HIGH,0,38,116,361,500000,4538392,4538392,-3605160,680321.7,,800,-439,坏棒 总长 1000 任意重度敲 铁头 800
1083,17:40:01,hit_1083_20260730_174001.csv,512,NORMAL,HIGH,0,0,118,0,500000,5287912,5287912,-2520965,1549898.4,,800,,坏棒 总长 1000 任意重度敲 铁头 800
1084,17:40:01,hit_1084_20260730_174001.csv,512,DEFECT,HIGH,0,34,114,330,500000,4654754,4654754,-3159885,977278.3,,800,-470,坏棒 总长 1000 任意重度敲 铁头 800
1085,17:40:01,hit_1085_20260730_174001.csv,512,DEFECT,HIGH,0,39,116,371,500000,4314639,4314639,-3737251,451154.5,,800,-429,坏棒 总长 1000 任意重度敲 铁头 800
1086,17:40:02,hit_1086_20260730_174002.csv,512,NORMAL,HIGH,0,0,115,0,500000,4916434,4916434,-3428586,1230610.5,,800,,坏棒 总长 1000 任意重度敲 铁头 800
1087,17:40:02,hit_1087_20260730_174002.csv,512,NORMAL,HIGH,0,0,115,0,500000,4414503,4414503,-3712602,550235.3,,800,,坏棒 总长 1000 任意重度敲 铁头 800
1088,17:40:02,hit_1088_20260730_174002.csv,512,DEFECT,HIGH,0,38,116,361,500000,4488157,4488157,-3565345,680505.9,,800,-439,坏棒 总长 1000 任意重度敲 铁头 800
1089,17:40:02,hit_1089_20260730_174002.csv,512,DEFECT,HIGH,0,37,115,355,500000,4417718,4417718,-3465049,695775.5,,800,-445,坏棒 总长 1000 任意重度敲 铁头 800
1090,17:40:03,hit_1090_20260730_174003.csv,512,NORMAL,HIGH,0,0,114,0,500000,5097777,5097777,-3228737,1259962.0,,800,,坏棒 总长 1000 任意重度敲 铁头 800
1091,17:40:03,hit_1091_20260730_174003.csv,512,DEFECT,HIGH,0,24,119,222,500000,4999900,4999900,-4086262,559275.4,,800,-578,坏棒 总长 1000 任意重度敲 铁头 800
1092,17:40:03,hit_1092_20260730_174003.csv,512,DEFECT,HIGH,0,21,117,198,500000,4983586,4983586,-3633160,726226.3,,800,-602,坏棒 总长 1000 任意重度敲 铁头 800
1093,17:40:04,hit_1093_20260730_174004.csv,512,NORMAL,HIGH,0,0,115,0,500000,5349810,5349810,-3095981,1419084.5,,800,,坏棒 总长 1000 任意重度敲 铁头 800
1094,17:40:04,hit_1094_20260730_174004.csv,512,NORMAL,HIGH,0,0,117,0,500000,6177833,6177833,-2417188,2485543.5,,800,,坏棒 总长 1000 任意重度敲 铁头 800
1095,17:40:04,hit_1095_20260730_174004.csv,512,NORMAL,HIGH,0,0,118,0,500000,5377471,5377471,-3467623,1348218.4,,800,,坏棒 总长 1000 任意重度敲 铁头 800
1096,17:40:04,hit_1096_20260730_174004.csv,512,NORMAL,HIGH,0,0,118,0,500000,5568232,5568232,-2762460,1940239.2,,800,,坏棒 总长 1000 任意重度敲 铁头 800
1097,17:40:05,hit_1097_20260730_174005.csv,512,NORMAL,HIGH,0,0,114,0,500000,5140818,5140818,-2817941,1378779.6,,800,,坏棒 总长 1000 任意重度敲 铁头 800
1098,17:40:05,hit_1098_20260730_174005.csv,512,NORMAL,HIGH,0,0,117,0,500000,5863578,5863578,-3227527,1524535.7,,800,,坏棒 总长 1000 任意重度敲 铁头 800
1099,17:40:05,hit_1099_20260730_174005.csv,512,NORMAL,HIGH,0,0,116,0,500000,5771354,5771354,-3234522,1750383.6,,800,,坏棒 总长 1000 任意重度敲 铁头 800
1100,17:40:06,hit_1100_20260730_174006.csv,512,NORMAL,HIGH,0,0,115,0,500000,5792835,5792835,-3135068,2005501.8,,800,,坏棒 总长 1000 任意重度敲 铁头 800
1101,17:40:06,hit_1101_20260730_174006.csv,512,DEFECT,HIGH,0,85,117,698,500000,3715230,3715230,-3715151,257628.5,,800,-102,坏棒 总长 1000 任意重度敲 铁头 800
1102,17:40:07,hit_1102_20260730_174007.csv,512,DEFECT,HIGH,0,34,115,326,500000,5422210,5422210,-2974324,1349304.7,,800,-474,坏棒 总长 1000 任意重度敲 铁头 800
1103,17:40:07,hit_1103_20260730_174007.csv,512,NORMAL,HIGH,0,0,114,0,500000,5016069,5016069,-3318251,1059626.6,,800,,坏棒 总长 1000 任意重度敲 铁头 800
1104,17:40:07,hit_1104_20260730_174007.csv,512,NORMAL,HIGH,0,0,118,0,500000,5847744,5847744,-2666444,2029480.7,,800,,坏棒 总长 1000 任意重度敲 铁头 800
1105,17:40:09,hit_1105_20260730_174009.csv,512,DEFECT,HIGH,0,38,116,361,500000,5150772,5150772,-3490223,801456.3,,800,-439,坏棒 总长 1000 任意重度敲 铁头 800
1106,17:40:10,hit_1106_20260730_174010.csv,512,DEFECT,HIGH,0,24,117,226,500000,6344430,6344430,-3417225,1483029.1,,800,-574,坏棒 总长 1000 任意重度敲 铁头 800
1107,17:40:10,hit_1107_20260730_174010.csv,512,DEFECT,HIGH,0,25,119,231,500000,5853141,5853141,-3660506,1263516.2,,800,-569,坏棒 总长 1000 任意重度敲 铁头 800
1108,17:40:10,hit_1108_20260730_174010.csv,512,NORMAL,HIGH,0,0,118,0,500000,5503705,5503705,-3898662,983724.3,,800,,坏棒 总长 1000 任意重度敲 铁头 800
1109,17:40:10,hit_1109_20260730_174010.csv,512,NORMAL,HIGH,0,0,118,0,500000,5052289,5052289,-3901670,949793.2,,800,,坏棒 总长 1000 任意重度敲 铁头 800
1110,17:40:10,hit_1110_20260730_174010.csv,512,NORMAL,HIGH,0,0,116,0,500000,5486037,5486037,-3361248,1699084.0,,800,,坏棒 总长 1000 任意重度敲 铁头 800
1111,17:40:11,hit_1111_20260730_174011.csv,512,NORMAL,HIGH,0,0,115,0,500000,4824132,4824132,-3490653,1220657.0,,800,,坏棒 总长 1000 任意重度敲 铁头 800
1112,17:40:11,hit_1112_20260730_174011.csv,512,NORMAL,HIGH,0,0,114,0,500000,4780943,4780943,-3312521,1204048.2,,800,,坏棒 总长 1000 任意重度敲 铁头 800
1113,17:40:11,hit_1113_20260730_174011.csv,512,NORMAL,HIGH,0,0,114,0,500000,5314644,5314644,-2996062,1918462.7,,800,,坏棒 总长 1000 任意重度敲 铁头 800
1114,17:40:12,hit_1114_20260730_174012.csv,512,NORMAL,HIGH,0,0,119,0,500000,5490269,5490269,-3818739,1438998.3,,800,,坏棒 总长 1000 任意重度敲 铁头 800
1115,17:40:12,hit_1115_20260730_174012.csv,512,NORMAL,HIGH,0,0,116,0,500000,4718020,4718020,-3635929,1202631.7,,800,,坏棒 总长 1000 任意重度敲 铁头 800
1116,17:40:12,hit_1116_20260730_174012.csv,512,NORMAL,HIGH,0,0,116,0,500000,4176485,4105626,-4176485,149048.2,,800,,坏棒 总长 1000 任意重度敲 铁头 800
1117,17:40:12,hit_1117_20260730_174012.csv,512,NORMAL,HIGH,0,0,117,0,500000,7027627,7027627,-3113174,2288788.7,,800,,坏棒 总长 1000 任意重度敲 铁头 800
1118,17:40:13,hit_1118_20260730_174013.csv,512,NORMAL,HIGH,0,0,117,0,500000,5145153,5145153,-3285292,1561671.6,,800,,坏棒 总长 1000 任意重度敲 铁头 800
1119,17:40:13,hit_1119_20260730_174013.csv,512,DEFECT,HIGH,0,86,119,694,500000,4349883,4300307,-4349883,231434.1,,800,-106,坏棒 总长 1000 任意重度敲 铁头 800
1120,17:40:13,hit_1120_20260730_174013.csv,512,DEFECT,HIGH,0,85,114,718,500000,5877028,5877028,-3418809,1472039.8,,800,-82,坏棒 总长 1000 任意重度敲 铁头 800
1121,17:40:13,hit_1121_20260730_174013.csv,512,DEFECT,HIGH,0,85,117,698,500000,4158688,4158688,-3927866,295938.6,,800,-102,坏棒 总长 1000 任意重度敲 铁头 800
1122,17:40:14,hit_1122_20260730_174014.csv,512,DEFECT,HIGH,0,86,117,707,500000,4244388,4244388,-4053162,281084.8,,800,-93,坏棒 总长 1000 任意重度敲 铁头 800
1123,17:40:14,hit_1123_20260730_174014.csv,512,NORMAL,HIGH,0,0,117,0,500000,4277997,4277997,-4112571,301298.2,,800,,坏棒 总长 1000 任意重度敲 铁头 800
1124,17:40:14,hit_1124_20260730_174014.csv,512,DEFECT,HIGH,0,24,117,226,500000,4826288,3922316,-4826288,-226281.9,,800,-574,坏棒 总长 1000 任意重度敲 铁头 800
1125,17:40:15,hit_1125_20260730_174015.csv,512,NORMAL,HIGH,0,0,115,0,500000,5142704,5142704,-3565390,1179680.8,,800,,坏棒 总长 1000 任意重度敲 铁头 800
1126,17:40:15,hit_1126_20260730_174015.csv,512,NORMAL,HIGH,0,0,114,0,500000,6032990,6032990,-3641611,1252664.4,,800,,坏棒 总长 1000 任意重度敲 铁头 800
1127,17:40:15,hit_1127_20260730_174015.csv,512,NORMAL,HIGH,0,0,114,0,500000,6478985,6478985,-3423723,1868165.0,,800,,坏棒 总长 1000 任意重度敲 铁头 800
1128,17:40:17,hit_1128_20260730_174017.csv,512,DEFECT,HIGH,0,21,120,192,500000,4830927,4830927,-4365196,352320.9,,800,-608,坏棒 总长 1000 任意重度敲 铁头 800
1129,17:40:18,hit_1129_20260730_174018.csv,512,NORMAL,HIGH,0,0,120,0,500000,5031184,5031184,-4234325,817710.4,,800,,坏棒 总长 1000 任意重度敲 铁头 800
1130,17:40:18,hit_1130_20260730_174018.csv,512,NORMAL,HIGH,0,0,118,0,500000,5462474,5462474,-3536393,1340991.7,,800,,坏棒 总长 1000 任意重度敲 铁头 800
1131,17:40:18,hit_1131_20260730_174018.csv,512,NORMAL,HIGH,0,0,118,0,500000,5749809,5749809,-3381519,1598211.2,,800,,坏棒 总长 1000 任意重度敲 铁头 800
1132,17:40:19,hit_1132_20260730_174019.csv,512,NORMAL,HIGH,0,0,117,0,500000,4963232,4963232,-3441928,1163117.3,,800,,坏棒 总长 1000 任意重度敲 铁头 800
1133,17:40:19,hit_1133_20260730_174019.csv,512,NORMAL,HIGH,0,0,120,0,500000,6052290,6052290,-3774842,1428954.0,,800,,坏棒 总长 1000 任意重度敲 铁头 800
1134,17:40:19,hit_1134_20260730_174019.csv,512,NORMAL,HIGH,0,0,120,0,500000,4973740,4973740,-4270968,587972.1,,800,,坏棒 总长 1000 任意重度敲 铁头 800
1135,17:40:19,hit_1135_20260730_174019.csv,512,NORMAL,HIGH,0,0,117,0,500000,6215798,6215798,-3175629,2021376.8,,800,,坏棒 总长 1000 任意重度敲 铁头 800
1136,17:40:20,hit_1136_20260730_174020.csv,512,NORMAL,HIGH,0,0,117,0,500000,6914857,6914857,-3246243,2217962.5,,800,,坏棒 总长 1000 任意重度敲 铁头 800
1137,17:40:20,hit_1137_20260730_174020.csv,512,DEFECT,HIGH,0,24,123,214,500000,4823183,4779547,-4823183,-142910.6,,800,-586,坏棒 总长 1000 任意重度敲 铁头 800
1138,17:40:20,hit_1138_20260730_174020.csv,512,DEFECT,HIGH,0,24,117,226,500000,5027500,5027500,-3812866,388347.2,,800,-574,坏棒 总长 1000 任意重度敲 铁头 800
1139,17:40:21,hit_1139_20260730_174021.csv,512,NORMAL,HIGH,0,0,119,0,500000,5590474,5590474,-3954141,1197711.1,,800,,坏棒 总长 1000 任意重度敲 铁头 800
1140,17:40:21,hit_1140_20260730_174021.csv,512,NORMAL,HIGH,0,0,118,0,500000,4897351,4897351,-3975222,670940.0,,800,,坏棒 总长 1000 任意重度敲 铁头 800
1141,17:40:21,hit_1141_20260730_174021.csv,512,NORMAL,HIGH,0,0,118,0,500000,4248805,4248805,-4029915,349814.3,,800,,坏棒 总长 1000 任意重度敲 铁头 800
1142,17:40:21,hit_1142_20260730_174021.csv,512,DEFECT,HIGH,0,25,118,233,500000,4704815,4704815,-3974203,456223.6,,800,-567,坏棒 总长 1000 任意重度敲 铁头 800
1143,17:40:22,hit_1143_20260730_174022.csv,512,NORMAL,HIGH,0,0,116,0,500000,4844117,4844117,-3787811,740478.3,,800,,坏棒 总长 1000 任意重度敲 铁头 800
1144,17:40:22,hit_1144_20260730_174022.csv,512,NORMAL,HIGH,0,0,116,0,500000,4926794,4926794,-3411334,1370634.1,,800,,坏棒 总长 1000 任意重度敲 铁头 800
1145,17:40:22,hit_1145_20260730_174022.csv,512,NORMAL,HIGH,0,0,116,0,500000,5198905,5198905,-3396820,1282072.5,,800,,坏棒 总长 1000 任意重度敲 铁头 800
1146,17:40:22,hit_1146_20260730_174022.csv,512,NORMAL,HIGH,0,0,118,0,500000,4338793,4338793,-3816181,630971.0,,800,,坏棒 总长 1000 任意重度敲 铁头 800
1147,17:40:23,hit_1147_20260730_174023.csv,512,DEFECT,HIGH,0,24,118,224,500000,4572483,4572483,-3936329,342186.3,,800,-576,坏棒 总长 1000 任意重度敲 铁头 800
1148,17:40:23,hit_1148_20260730_174023.csv,512,DEFECT,HIGH,0,24,118,224,500000,4970301,4970301,-3806529,677180.3,,800,-576,坏棒 总长 1000 任意重度敲 铁头 800
1149,17:40:23,hit_1149_20260730_174023.csv,512,NORMAL,HIGH,0,0,116,0,500000,4413595,4413595,-3633136,748545.1,,800,,坏棒 总长 1000 任意重度敲 铁头 800
1150,17:40:23,hit_1150_20260730_174023.csv,512,DEFECT,HIGH,0,85,116,704,500000,4028652,3878381,-4028652,-79327.8,,800,-96,坏棒 总长 1000 任意重度敲 铁头 800
1151,17:40:24,hit_1151_20260730_174024.csv,512,NORMAL,HIGH,0,0,116,0,500000,5364092,5364092,-3237629,1390675.2,,800,,坏棒 总长 1000 任意重度敲 铁头 800
1152,17:40:24,hit_1152_20260730_174024.csv,512,DEFECT,HIGH,0,23,118,214,500000,5067962,5067962,-3664445,637269.4,,800,-586,坏棒 总长 1000 任意重度敲 铁头 800
1153,17:40:24,hit_1153_20260730_174024.csv,512,DEFECT,HIGH,0,22,118,205,500000,5683067,5683067,-3458204,992101.4,,800,-595,坏棒 总长 1000 任意重度敲 铁头 800
1154,17:40:24,hit_1154_20260730_174024.csv,512,DEFECT,HIGH,0,88,120,706,500000,4871699,4871699,-4281753,359967.1,,800,-94,坏棒 总长 1000 任意重度敲 铁头 800
1155,17:40:25,hit_1155_20260730_174025.csv,512,NORMAL,HIGH,0,0,115,0,500000,4893555,4893555,-3336056,1245560.9,,800,,坏棒 总长 1000 任意重度敲 铁头 800
1156,17:40:25,hit_1156_20260730_174025.csv,512,NORMAL,HIGH,0,0,118,0,500000,5062994,5062994,-3903994,718935.1,,800,,坏棒 总长 1000 任意重度敲 铁头 800
1157,17:40:25,hit_1157_20260730_174025.csv,512,DEFECT,HIGH,0,89,119,722,500000,4704384,4704384,-4191647,322861.5,,800,-78,坏棒 总长 1000 任意重度敲 铁头 800
1158,17:40:25,hit_1158_20260730_174025.csv,512,NORMAL,HIGH,0,0,116,0,500000,4520940,4520940,-3519553,901437.0,,800,,坏棒 总长 1000 任意重度敲 铁头 800
1159,17:40:26,hit_1159_20260730_174026.csv,512,DEFECT,HIGH,0,38,116,361,500000,4659584,4659584,-3636319,635632.9,,800,-439,坏棒 总长 1000 任意重度敲 铁头 800
1160,17:40:26,hit_1160_20260730_174026.csv,512,DEFECT,HIGH,0,22,121,200,500000,4789529,4789529,-4445174,248110.2,,800,-600,坏棒 总长 1000 任意重度敲 铁头 800
1161,17:40:26,hit_1161_20260730_174026.csv,512,DEFECT,HIGH,0,22,118,205,500000,4755805,4755805,-3775014,607631.7,,800,-595,坏棒 总长 1000 任意重度敲 铁头 800
1162,17:40:26,hit_1162_20260730_174026.csv,512,DEFECT,HIGH,0,23,119,212,500000,4551965,4551965,-3888556,344771.1,,800,-588,坏棒 总长 1000 任意重度敲 铁头 800
1163,17:40:27,hit_1163_20260730_174027.csv,512,NORMAL,HIGH,0,0,115,0,500000,4392171,4392171,-3518886,669714.9,,800,,坏棒 总长 1000 任意重度敲 铁头 800
1164,17:40:27,hit_1164_20260730_174027.csv,512,DEFECT,LOW,0,21,0,200,500000,4318809,4205184,-4318809,27847.6,,800,-600,坏棒 总长 1000 任意重度敲 铁头 800
1165,17:40:27,hit_1165_20260730_174027.csv,512,DEFECT,HIGH,0,23,118,214,500000,5928568,5928568,-3475518,1234628.5,,800,-586,坏棒 总长 1000 任意重度敲 铁头 800
1166,17:40:27,hit_1166_20260730_174027.csv,512,DEFECT,HIGH,0,91,119,740,500000,4672107,4672107,-4228642,358722.2,,800,-60,坏棒 总长 1000 任意重度敲 铁头 800
1167,17:40:28,hit_1167_20260730_174028.csv,512,DEFECT,HIGH,0,38,116,361,500000,4530765,4530765,-3576887,632252.3,,800,-439,坏棒 总长 1000 任意重度敲 铁头 800
1168,17:40:28,hit_1168_20260730_174028.csv,512,NORMAL,HIGH,0,0,116,0,500000,5024120,5024120,-3183427,1296714.4,,800,,坏棒 总长 1000 任意重度敲 铁头 800
1169,17:40:36,hit_1169_20260730_174036.csv,512,DEFECT,HIGH,0,93,117,783,500000,4686867,4686867,-3638263,790543.3,,800,-17,坏棒 总长 1000 任意重度敲 铁头 800
1170,17:40:36,hit_1170_20260730_174036.csv,512,DEFECT,HIGH,0,38,118,355,500000,4002900,4002900,-3696046,434028.5,,800,-445,坏棒 总长 1000 任意重度敲 铁头 800
1171,17:40:37,hit_1171_20260730_174037.csv,512,NORMAL,HIGH,0,0,116,0,500000,5077399,5077399,-3276392,1127214.1,,800,,坏棒 总长 1000 任意重度敲 铁头 800
1172,17:40:37,hit_1172_20260730_174037.csv,512,DEFECT,HIGH,0,39,117,367,500000,4284263,4284263,-3917482,430275.2,,800,-433,坏棒 总长 1000 任意重度敲 铁头 800
1173,17:40:37,hit_1173_20260730_174037.csv,512,DEFECT,HIGH,0,38,116,361,500000,4263983,4263983,-3718348,431395.1,,800,-439,坏棒 总长 1000 任意重度敲 铁头 800
1174,17:40:37,hit_1174_20260730_174037.csv,512,DEFECT,HIGH,0,87,117,716,500000,4519778,4519778,-3920637,437961.9,,800,-84,坏棒 总长 1000 任意重度敲 铁头 800
1175,17:40:38,hit_1175_20260730_174038.csv,512,NORMAL,HIGH,0,0,115,0,500000,4889358,4889358,-3503035,959397.7,,800,,坏棒 总长 1000 任意重度敲 铁头 800
1176,17:40:38,hit_1176_20260730_174038.csv,512,DEFECT,HIGH,0,85,118,691,500000,4021598,4021598,-3848426,352007.8,,800,-109,坏棒 总长 1000 任意重度敲 铁头 800
1177,17:40:38,hit_1177_20260730_174038.csv,512,NORMAL,HIGH,0,0,115,0,500000,5355905,5355905,-3187010,1491356.6,,800,,坏棒 总长 1000 任意重度敲 铁头 800
1178,17:40:38,hit_1178_20260730_174038.csv,512,NORMAL,HIGH,0,0,115,0,500000,5134773,5134773,-3267290,1414186.1,,800,,坏棒 总长 1000 任意重度敲 铁头 800
1179,17:40:39,hit_1179_20260730_174039.csv,512,NORMAL,HIGH,0,0,116,0,500000,4937938,4937938,-3375355,1283087.0,,800,,坏棒 总长 1000 任意重度敲 铁头 800
1180,17:40:39,hit_1180_20260730_174039.csv,512,NORMAL,HIGH,0,0,116,0,500000,4439864,4439864,-3618776,821991.0,,800,,坏棒 总长 1000 任意重度敲 铁头 800
1181,17:40:39,hit_1181_20260730_174039.csv,512,NORMAL,HIGH,0,0,117,0,500000,4229082,4229082,-3935509,532773.7,,800,,坏棒 总长 1000 任意重度敲 铁头 800
1182,17:40:39,hit_1182_20260730_174039.csv,512,NORMAL,HIGH,0,0,114,0,500000,5113165,5113165,-3389945,1290667.3,,800,,坏棒 总长 1000 任意重度敲 铁头 800
1183,17:40:40,hit_1183_20260730_174040.csv,512,NORMAL,HIGH,0,0,112,0,500000,5508265,5508265,-3048625,1452086.4,,800,,坏棒 总长 1000 任意重度敲 铁头 800
1184,17:40:40,hit_1184_20260730_174040.csv,512,NORMAL,HIGH,0,0,114,0,500000,5290120,5290120,-3349296,1445290.5,,800,,坏棒 总长 1000 任意重度敲 铁头 800
1185,17:40:40,hit_1185_20260730_174040.csv,512,NORMAL,HIGH,0,0,110,0,500000,5639304,5639304,-2826294,1115809.5,,800,,坏棒 总长 1000 任意重度敲 铁头 800
1186,17:40:40,hit_1186_20260730_174040.csv,512,NORMAL,HIGH,0,0,110,0,500000,4912276,4912276,-3429753,381772.7,,800,,坏棒 总长 1000 任意重度敲 铁头 800
1187,17:40:41,hit_1187_20260730_174041.csv,512,NORMAL,HIGH,0,0,116,0,500000,5458320,5458320,-3385495,1471666.9,,800,,坏棒 总长 1000 任意重度敲 铁头 800
1188,17:40:41,hit_1188_20260730_174041.csv,512,NORMAL,HIGH,0,0,116,0,500000,4705703,4705703,-3626890,941338.6,,800,,坏棒 总长 1000 任意重度敲 铁头 800
1189,17:40:42,hit_1189_20260730_174042.csv,512,NORMAL,HIGH,0,0,115,0,500000,4803176,4803176,-3462221,1272293.2,,800,,坏棒 总长 1000 任意重度敲 铁头 800
1190,17:40:42,hit_1190_20260730_174042.csv,512,NORMAL,HIGH,0,0,114,0,500000,4936279,4936279,-3358272,1073125.7,,800,,坏棒 总长 1000 任意重度敲 铁头 800
1191,17:40:42,hit_1191_20260730_174042.csv,512,NORMAL,HIGH,0,0,113,0,500000,4456993,4456993,-3511179,670664.1,,800,,坏棒 总长 1000 任意重度敲 铁头 800
1192,17:40:42,hit_1192_20260730_174042.csv,512,NORMAL,HIGH,0,0,113,0,500000,4797232,4797232,-3283779,1076189.1,,800,,坏棒 总长 1000 任意重度敲 铁头 800
1193,17:40:42,hit_1193_20260730_174042.csv,512,NORMAL,HIGH,0,0,114,0,500000,5389261,5389261,-3171382,1534185.9,,800,,坏棒 总长 1000 任意重度敲 铁头 800
1194,17:40:43,hit_1194_20260730_174043.csv,512,NORMAL,HIGH,0,0,113,0,500000,4861119,4861119,-3348410,1160889.8,,800,,坏棒 总长 1000 任意重度敲 铁头 800
1195,17:40:43,hit_1195_20260730_174043.csv,512,NORMAL,HIGH,0,0,112,0,500000,5697893,5697893,-3111828,1766443.2,,800,,坏棒 总长 1000 任意重度敲 铁头 800
1196,17:40:43,hit_1196_20260730_174043.csv,512,NORMAL,HIGH,0,0,113,0,500000,4829436,4829436,-3318025,1055265.3,,800,,坏棒 总长 1000 任意重度敲 铁头 800
1197,17:40:43,hit_1197_20260730_174043.csv,512,NORMAL,HIGH,0,0,112,0,500000,5112145,5112145,-3131294,1498148.8,,800,,坏棒 总长 1000 任意重度敲 铁头 800
1198,17:40:44,hit_1198_20260730_174044.csv,512,NORMAL,HIGH,0,0,115,0,500000,4368234,4368234,-3557593,688230.4,,800,,坏棒 总长 1000 任意重度敲 铁头 800
1199,17:40:44,hit_1199_20260730_174044.csv,512,NORMAL,HIGH,0,0,116,0,500000,4928378,4928378,-3641196,987464.4,,800,,坏棒 总长 1000 任意重度敲 铁头 800
1200,17:40:44,hit_1200_20260730_174044.csv,512,NORMAL,HIGH,0,0,115,0,500000,4903113,4903113,-3568930,1200384.2,,800,,坏棒 总长 1000 任意重度敲 铁头 800
1201,17:40:44,hit_1201_20260730_174044.csv,512,NORMAL,HIGH,0,0,115,0,500000,6673708,6673708,-3056377,2514309.8,,800,,坏棒 总长 1000 任意重度敲 铁头 800
1202,17:40:45,hit_1202_20260730_174045.csv,512,DEFECT,HIGH,0,21,120,192,500000,4641590,4641590,-4344785,243704.0,,800,-608,坏棒 总长 1000 任意重度敲 铁头 800
1203,17:40:45,hit_1203_20260730_174045.csv,512,NORMAL,HIGH,0,0,117,0,500000,5466558,5466558,-3755369,974716.2,,800,,坏棒 总长 1000 任意重度敲 铁头 800
1204,17:40:45,hit_1204_20260730_174045.csv,512,NORMAL,HIGH,0,0,119,0,500000,5884560,5884560,-3850573,1563944.5,,800,,坏棒 总长 1000 任意重度敲 铁头 800
1205,17:40:46,hit_1205_20260730_174046.csv,512,DEFECT,HIGH,0,21,117,198,500000,4742877,4742877,-3739684,590305.1,,800,-602,坏棒 总长 1000 任意重度敲 铁头 800
1206,17:40:46,hit_1206_20260730_174046.csv,512,NORMAL,HIGH,0,0,116,0,500000,6048729,6048729,-2543334,2587602.3,,800,,坏棒 总长 1000 任意重度敲 铁头 800
1207,17:40:46,hit_1207_20260730_174046.csv,512,NORMAL,HIGH,0,0,117,0,500000,6745959,6745959,-2830016,2767412.4,,800,,坏棒 总长 1000 任意重度敲 铁头 800
1208,17:40:46,hit_1208_20260730_174046.csv,512,NORMAL,HIGH,0,0,116,0,500000,6199132,6199132,-2417028,2471682.6,,800,,坏棒 总长 1000 任意重度敲 铁头 800
1209,17:40:47,hit_1209_20260730_174047.csv,512,NORMAL,HIGH,0,0,114,0,500000,5372211,5372211,-2919671,1456994.8,,800,,坏棒 总长 1000 任意重度敲 铁头 800
1210,17:40:47,hit_1210_20260730_174047.csv,512,NORMAL,HIGH,0,0,116,0,500000,4971850,4971850,-3341687,1131914.0,,800,,坏棒 总长 1000 任意重度敲 铁头 800
1211,17:40:47,hit_1211_20260730_174047.csv,512,NORMAL,HIGH,0,0,116,0,500000,4838668,4838668,-3389092,1111735.8,,800,,坏棒 总长 1000 任意重度敲 铁头 800
1212,17:40:47,hit_1212_20260730_174047.csv,512,NORMAL,HIGH,0,0,117,0,500000,5616468,5616468,-2640388,2100680.9,,800,,坏棒 总长 1000 任意重度敲 铁头 800
1213,17:40:50,hit_1213_20260730_174050.csv,512,DEFECT,LOW,0,25,0,238,500000,4030023,2951228,-4030023,-17707.7,,800,-562,坏棒 总长 1000 任意重度敲 铁头 800
1214,17:40:50,hit_1214_20260730_174050.csv,512,DEFECT,HIGH,0,23,119,212,500000,5893588,5893588,-3373481,1161114.7,,800,-588,坏棒 总长 1000 任意重度敲 铁头 800
1215,17:40:50,hit_1215_20260730_174050.csv,512,DEFECT,HIGH,0,26,120,238,500000,5934170,5934170,-3679165,1171762.9,,800,-562,坏棒 总长 1000 任意重度敲 铁头 800
1216,17:40:50,hit_1216_20260730_174050.csv,512,DEFECT,HIGH,0,21,117,198,500000,6241547,6241547,-3161952,1778281.0,,800,-602,坏棒 总长 1000 任意重度敲 铁头 800
1217,17:40:51,hit_1217_20260730_174051.csv,512,NORMAL,HIGH,0,0,118,0,500000,6392646,6392646,-2845608,2222429.2,,800,,坏棒 总长 1000 任意重度敲 铁头 800
1218,17:40:51,hit_1218_20260730_174051.csv,512,NORMAL,HIGH,0,0,116,0,500000,6444409,6444409,-3108187,2016905.8,,800,,坏棒 总长 1000 任意重度敲 铁头 800
1219,17:40:51,hit_1219_20260730_174051.csv,512,DEFECT,HIGH,0,34,116,323,500000,5717995,5717995,-3000408,1572601.8,,800,-477,坏棒 总长 1000 任意重度敲 铁头 800
1220,17:40:51,hit_1220_20260730_174051.csv,512,DEFECT,HIGH,0,26,120,238,500000,6203905,6203905,-3655910,1237785.6,,800,-562,坏棒 总长 1000 任意重度敲 铁头 800
1221,17:40:51,hit_1221_20260730_174051.csv,512,DEFECT,HIGH,0,28,123,250,500000,5699165,5699165,-4140925,910474.4,,800,-550,坏棒 总长 1000 任意重度敲 铁头 800
1222,17:40:52,hit_1222_20260730_174052.csv,512,NORMAL,HIGH,0,0,118,0,500000,5972709,5972709,-3246068,1910109.7,,800,,坏棒 总长 1000 任意重度敲 铁头 800
1223,17:40:52,hit_1223_20260730_174052.csv,512,DEFECT,HIGH,0,24,121,218,500000,4965577,4965577,-4018132,658179.9,,800,-582,坏棒 总长 1000 任意重度敲 铁头 800
1224,17:40:52,hit_1224_20260730_174052.csv,512,DEFECT,HIGH,0,25,119,231,500000,5194143,5194143,-3953106,757830.0,,800,-569,坏棒 总长 1000 任意重度敲 铁头 800
1225,17:40:52,hit_1225_20260730_174052.csv,512,DEFECT,HIGH,0,25,120,229,500000,5443816,5443816,-3883969,992022.1,,800,-571,坏棒 总长 1000 任意重度敲 铁头 800
1226,17:40:53,hit_1226_20260730_174053.csv,512,NORMAL,HIGH,0,0,116,0,500000,5554825,5554825,-3068767,1621207.7,,800,,坏棒 总长 1000 任意重度敲 铁头 800
1227,17:40:53,hit_1227_20260730_174053.csv,512,DEFECT,HIGH,0,22,117,207,500000,5381244,5381244,-3449999,1107729.9,,800,-593,坏棒 总长 1000 任意重度敲 铁头 800
1228,17:40:53,hit_1228_20260730_174053.csv,512,NORMAL,HIGH,0,0,115,0,500000,5375697,5375697,-3024659,1505671.9,,800,,坏棒 总长 1000 任意重度敲 铁头 800
1229,17:40:53,hit_1229_20260730_174053.csv,512,DEFECT,HIGH,0,85,118,691,500000,4194004,4194004,-4009483,389553.5,,800,-109,坏棒 总长 1000 任意重度敲 铁头 800
1230,17:40:53,hit_1230_20260730_174053.csv,512,DEFECT,HIGH,0,34,116,323,500000,5968529,5968529,-3002681,1806713.1,,800,-477,坏棒 总长 1000 任意重度敲 铁头 800
1231,17:40:54,hit_1231_20260730_174054.csv,512,DEFECT,HIGH,0,25,119,231,500000,6271819,6271819,-3412190,1482359.3,,800,-569,坏棒 总长 1000 任意重度敲 铁头 800
1232,17:40:54,hit_1232_20260730_174054.csv,512,NORMAL,HIGH,0,0,119,0,500000,6469287,6469287,-2828950,2402556.2,,800,,坏棒 总长 1000 任意重度敲 铁头 800
1233,17:40:54,hit_1233_20260730_174054.csv,512,DEFECT,HIGH,0,33,119,305,500000,5725071,5725071,-2896561,1637371.8,,800,-495,坏棒 总长 1000 任意重度敲 铁头 800
1234,17:40:54,hit_1234_20260730_174054.csv,512,DEFECT,HIGH,0,34,116,323,500000,5743073,5743073,-2951373,1612252.3,,800,-477,坏棒 总长 1000 任意重度敲 铁头 800
1235,17:40:54,hit_1235_20260730_174054.csv,512,NORMAL,HIGH,0,0,115,0,500000,5674484,5674484,-3039791,1536689.0,,800,,坏棒 总长 1000 任意重度敲 铁头 800
1236,17:40:55,hit_1236_20260730_174055.csv,512,NORMAL,HIGH,0,0,117,0,500000,6482252,6482252,-3218681,2409001.8,,800,,坏棒 总长 1000 任意重度敲 铁头 800
1237,17:40:55,hit_1237_20260730_174055.csv,512,DEFECT,HIGH,0,34,115,326,500000,5445888,5445888,-2941044,1373440.0,,800,-474,坏棒 总长 1000 任意重度敲 铁头 800
1238,17:40:55,hit_1238_20260730_174055.csv,512,DEFECT,HIGH,0,21,118,196,500000,5201126,5201126,-3514218,790205.7,,800,-604,坏棒 总长 1000 任意重度敲 铁头 800
1239,17:40:55,hit_1239_20260730_174055.csv,512,NORMAL,HIGH,0,0,116,0,500000,5698199,5698199,-3028636,1446150.7,,800,,坏棒 总长 1000 任意重度敲 铁头 800
1240,17:40:56,hit_1240_20260730_174056.csv,512,NORMAL,HIGH,0,0,117,0,500000,5706764,5706764,-3284208,1607722.3,,800,,坏棒 总长 1000 任意重度敲 铁头 800
1241,17:40:56,hit_1241_20260730_174056.csv,512,NORMAL,HIGH,0,0,119,0,500000,5152752,5152752,-2892138,1461128.0,,800,,坏棒 总长 1000 任意重度敲 铁头 800
1242,17:40:56,hit_1242_20260730_174056.csv,512,NORMAL,HIGH,0,0,117,0,500000,4701420,4701420,-3653305,727212.9,,800,,坏棒 总长 1000 任意重度敲 铁头 800
1243,17:40:56,hit_1243_20260730_174056.csv,512,DEFECT,HIGH,0,38,117,358,500000,4740232,4740232,-3628308,756437.9,,800,-442,坏棒 总长 1000 任意重度敲 铁头 800
1244,17:40:57,hit_1244_20260730_174057.csv,512,NORMAL,HIGH,0,0,115,0,500000,5270444,5270444,-3021634,1543282.6,,800,,坏棒 总长 1000 任意重度敲 铁头 800
1245,17:40:57,hit_1245_20260730_174057.csv,512,DEFECT,HIGH,0,22,121,200,500000,3814790,2967145,-3814790,-174676.8,,800,-600,坏棒 总长 1000 任意重度敲 铁头 800
1246,17:40:57,hit_1246_20260730_174057.csv,512,NORMAL,HIGH,0,0,117,0,500000,6430455,6430455,-3011387,2220789.7,,800,,坏棒 总长 1000 任意重度敲 铁头 800
1247,17:40:57,hit_1247_20260730_174057.csv,512,DEFECT,HIGH,0,88,117,726,500000,7050579,7050579,-3056874,2277058.7,,800,-74,坏棒 总长 1000 任意重度敲 铁头 800
1248,17:40:58,hit_1248_20260730_174058.csv,512,NORMAL,HIGH,0,0,119,0,500000,7335608,7335608,-2720257,2832525.2,,800,,坏棒 总长 1000 任意重度敲 铁头 800
1249,17:40:58,hit_1249_20260730_174058.csv,512,NORMAL,HIGH,0,0,117,0,500000,5911298,5911298,-3115317,1765358.2,,800,,坏棒 总长 1000 任意重度敲 铁头 800
1250,17:40:58,hit_1250_20260730_174058.csv,512,NORMAL,HIGH,0,0,119,0,500000,6381789,6381789,-2819940,2214058.9,,800,,坏棒 总长 1000 任意重度敲 铁头 800
1251,17:40:58,hit_1251_20260730_174058.csv,512,DEFECT,HIGH,0,21,116,200,500000,6284888,6284888,-3087324,1897999.9,,800,-600,坏棒 总长 1000 任意重度敲 铁头 800
1252,17:40:59,hit_1252_20260730_174059.csv,512,DEFECT,HIGH,0,34,116,323,500000,6153997,6153997,-2974928,1883080.1,,800,-477,坏棒 总长 1000 任意重度敲 铁头 800
1253,17:40:59,hit_1253_20260730_174059.csv,512,NORMAL,HIGH,0,0,117,0,500000,7032279,7032279,-2575596,2791960.3,,800,,坏棒 总长 1000 任意重度敲 铁头 800
1254,17:40:59,hit_1254_20260730_174059.csv,512,DEFECT,HIGH,0,21,116,200,500000,6339325,6339325,-3105974,1986351.1,,800,-600,坏棒 总长 1000 任意重度敲 铁头 800
1255,17:40:59,hit_1255_20260730_174059.csv,512,NORMAL,HIGH,0,0,115,0,500000,5956293,5956293,-3142372,1786416.5,,800,,坏棒 总长 1000 任意重度敲 铁头 800
1256,17:41:00,hit_1256_20260730_174100.csv,512,NORMAL,HIGH,0,0,115,0,500000,5418159,5418159,-3062360,1739165.4,,800,,坏棒 总长 1000 任意重度敲 铁头 800
1257,17:45:48,hit_1257_20260730_174548.csv,512,NORMAL,HIGH,0,0,117,0,500000,6490293,6490293,-3283649,1980546.4,,800,,坏棒 总长 1000 任意重度敲 铁头 800
1258,17:45:48,hit_1258_20260730_174548.csv,512,DEFECT,HIGH,0,25,118,233,500000,5863697,5863697,-3943742,755500.9,,800,-567,坏棒 总长 1000 任意重度敲 铁头 800
1259,17:45:48,hit_1259_20260730_174548.csv,512,DEFECT,HIGH,0,23,118,214,500000,6584155,6584155,-3410612,1520237.4,,800,-586,坏棒 总长 1000 任意重度敲 铁头 800
1260,17:45:49,hit_1260_20260730_174549.csv,512,DEFECT,HIGH,0,23,118,214,500000,5653348,5653348,-3708401,860879.0,,800,-586,坏棒 总长 1000 任意重度敲 铁头 800
1261,17:45:49,hit_1261_20260730_174549.csv,512,DEFECT,HIGH,0,22,118,205,500000,5078061,5078061,-3806223,561439.7,,800,-595,坏棒 总长 1000 任意重度敲 铁头 800
1262,17:45:49,hit_1262_20260730_174549.csv,512,DEFECT,HIGH,0,24,118,224,500000,5847323,5847323,-3584885,1330953.0,,800,-576,坏棒 总长 1000 任意重度敲 铁头 800
1263,17:45:49,hit_1263_20260730_174549.csv,512,NORMAL,HIGH,0,0,116,0,500000,5300589,5300589,-3286415,1332941.9,,800,,坏棒 总长 1000 任意重度敲 铁头 800
1264,17:45:50,hit_1264_20260730_174550.csv,512,NORMAL,HIGH,0,0,116,0,500000,4675411,4675411,-3664967,801597.2,,800,,坏棒 总长 1000 任意重度敲 铁头 800
1265,17:45:50,hit_1265_20260730_174550.csv,512,NORMAL,HIGH,0,0,117,0,500000,4711675,4711675,-3677241,939697.3,,800,,坏棒 总长 1000 任意重度敲 铁头 800
1266,17:45:50,hit_1266_20260730_174550.csv,512,NORMAL,HIGH,0,0,117,0,500000,4448408,4448408,-3803956,763750.0,,800,,坏棒 总长 1000 任意重度敲 铁头 800
1267,17:45:50,hit_1267_20260730_174550.csv,512,NORMAL,HIGH,0,0,114,0,500000,5212614,5212614,-3093044,1706370.5,,800,,坏棒 总长 1000 任意重度敲 铁头 800
1268,17:45:51,hit_1268_20260730_174551.csv,512,NORMAL,HIGH,0,0,115,0,500000,5076495,5076495,-3425405,1507875.0,,800,,坏棒 总长 1000 任意重度敲 铁头 800
1269,17:45:51,hit_1269_20260730_174551.csv,512,NORMAL,HIGH,0,0,116,0,500000,6101347,6101347,-3007616,2257726.7,,800,,坏棒 总长 1000 任意重度敲 铁头 800
1270,17:45:51,hit_1270_20260730_174551.csv,512,NORMAL,HIGH,0,0,116,0,500000,5503599,5503599,-3430842,1329035.5,,800,,坏棒 总长 1000 任意重度敲 铁头 800
1271,17:45:51,hit_1271_20260730_174551.csv,512,DEFECT,HIGH,0,23,117,216,500000,6618131,6618131,-3280884,1868578.8,,800,-584,坏棒 总长 1000 任意重度敲 铁头 800
1272,17:45:52,hit_1272_20260730_174552.csv,512,DEFECT,HIGH,0,87,115,730,500000,6833029,6833029,-3093707,2063544.1,,800,-70,坏棒 总长 1000 任意重度敲 铁头 800
1273,17:45:52,hit_1273_20260730_174552.csv,512,NORMAL,HIGH,0,0,117,0,500000,4401053,4401053,-3880662,618837.8,,800,,坏棒 总长 1000 任意重度敲 铁头 800
1274,17:45:52,hit_1274_20260730_174552.csv,512,NORMAL,HIGH,0,0,116,0,500000,4333336,4333336,-3830544,694917.2,,800,,坏棒 总长 1000 任意重度敲 铁头 800
1275,17:45:52,hit_1275_20260730_174552.csv,512,NORMAL,HIGH,0,0,116,0,500000,4954778,4954778,-3394520,1392225.8,,800,,坏棒 总长 1000 任意重度敲 铁头 800
1276,17:45:52,hit_1276_20260730_174552.csv,512,DEFECT,HIGH,0,23,101,232,500000,4783475,4492043,-4783475,258153.6,,800,-568,坏棒 总长 1000 任意重度敲 铁头 800
1277,17:45:53,hit_1277_20260730_174553.csv,512,DEFECT,HIGH,0,24,101,242,500000,4649680,4560392,-4649680,174724.9,,800,-558,坏棒 总长 1000 任意重度敲 铁头 800
1278,17:45:53,hit_1278_20260730_174553.csv,512,NORMAL,HIGH,0,0,117,0,500000,4538790,4538790,-3804895,753758.6,,800,,坏棒 总长 1000 任意重度敲 铁头 800
1279,17:45:53,hit_1279_20260730_174553.csv,512,NORMAL,HIGH,0,0,115,0,500000,5123266,5123266,-3308267,1585986.9,,800,,坏棒 总长 1000 任意重度敲 铁头 800
1280,17:45:53,hit_1280_20260730_174553.csv,512,NORMAL,HIGH,0,0,115,0,500000,5731084,5731084,-3084116,2048793.2,,800,,坏棒 总长 1000 任意重度敲 铁头 800
1281,17:45:54,hit_1281_20260730_174554.csv,512,NORMAL,HIGH,0,0,116,0,500000,5683073,5683073,-3395300,1665510.2,,800,,坏棒 总长 1000 任意重度敲 铁头 800
1282,17:45:54,hit_1282_20260730_174554.csv,512,NORMAL,HIGH,0,0,116,0,500000,5062086,5062086,-3319786,1531692.1,,800,,坏棒 总长 1000 任意重度敲 铁头 800
1283,17:45:54,hit_1283_20260730_174554.csv,512,NORMAL,HIGH,0,0,115,0,500000,5254363,5254363,-3235949,1576528.9,,800,,坏棒 总长 1000 任意重度敲 铁头 800
1284,17:45:54,hit_1284_20260730_174554.csv,512,NORMAL,HIGH,0,0,117,0,500000,5580180,5580180,-3636035,1286845.4,,800,,坏棒 总长 1000 任意重度敲 铁头 800
1285,17:45:54,hit_1285_20260730_174554.csv,512,NORMAL,HIGH,0,0,117,0,500000,6463251,6463251,-3327384,2172447.6,,800,,坏棒 总长 1000 任意重度敲 铁头 800
1286,17:45:55,hit_1286_20260730_174555.csv,512,NORMAL,HIGH,0,0,117,0,500000,4682392,4682392,-3781320,1090804.5,,800,,坏棒 总长 1000 任意重度敲 铁头 800
1287,17:45:55,hit_1287_20260730_174555.csv,512,NORMAL,HIGH,0,0,115,0,500000,5425955,5425955,-3245049,1900559.9,,800,,坏棒 总长 1000 任意重度敲 铁头 800
1288,17:45:58,hit_1288_20260730_174558.csv,512,DEFECT,HIGH,0,36,113,352,500000,4630212,4630212,-3390214,978791.5,,800,-448,坏棒 总长 1000 任意重度敲 铁头 800
1289,17:45:58,hit_1289_20260730_174558.csv,512,DEFECT,HIGH,0,33,115,317,500000,4704999,4704999,-3064936,955566.4,,800,-483,坏棒 总长 1000 任意重度敲 铁头 800
1290,17:45:58,hit_1290_20260730_174558.csv,512,NORMAL,HIGH,0,0,114,0,500000,4870991,4870991,-3169206,1242180.0,,800,,坏棒 总长 1000 任意重度敲 铁头 800
1291,17:45:58,hit_1291_20260730_174558.csv,512,DEFECT,HIGH,0,82,114,689,500000,3844435,3844435,-3619893,357050.9,,800,-111,坏棒 总长 1000 任意重度敲 铁头 800
1292,17:45:59,hit_1292_20260730_174559.csv,512,NORMAL,HIGH,0,0,113,0,500000,4264144,4264144,-3877543,238242.6,,800,,坏棒 总长 1000 任意重度敲 铁头 800
1293,17:45:59,hit_1293_20260730_174559.csv,512,NORMAL,HIGH,0,0,114,0,500000,4211081,4211081,-3982067,294462.8,,800,,坏棒 总长 1000 任意重度敲 铁头 800
1294,17:45:59,hit_1294_20260730_174559.csv,512,NORMAL,HIGH,0,0,115,0,500000,4540513,4540513,-3617616,773986.4,,800,,坏棒 总长 1000 任意重度敲 铁头 800
1295,17:46:00,hit_1295_20260730_174600.csv,512,NORMAL,HIGH,0,0,117,0,500000,4514600,4514600,-3863518,527802.1,,800,,坏棒 总长 1000 任意重度敲 铁头 800
1296,17:46:00,hit_1296_20260730_174600.csv,512,NORMAL,HIGH,0,0,117,0,500000,6508509,6508509,-3397452,2086874.3,,800,,坏棒 总长 1000 任意重度敲 铁头 800
1297,17:46:00,hit_1297_20260730_174600.csv,512,NORMAL,HIGH,0,0,116,0,500000,5657964,5657964,-3506553,1284948.9,,800,,坏棒 总长 1000 任意重度敲 铁头 800
1298,17:46:00,hit_1298_20260730_174600.csv,512,DEFECT,HIGH,0,90,120,724,500000,4820755,4820755,-4297178,417194.6,,800,-76,坏棒 总长 1000 任意重度敲 铁头 800
1299,17:46:01,hit_1299_20260730_174601.csv,512,DEFECT,HIGH,0,24,118,224,500000,5555590,5555590,-3819090,944064.1,,800,-576,坏棒 总长 1000 任意重度敲 铁头 800
1300,17:46:01,hit_1300_20260730_174601.csv,512,DEFECT,HIGH,0,23,116,219,500000,6000762,6000762,-3453732,1116870.8,,800,-581,坏棒 总长 1000 任意重度敲 铁头 800
1301,17:46:01,hit_1301_20260730_174601.csv,512,NORMAL,HIGH,0,0,115,0,500000,6060910,6060910,-3249810,1646648.4,,800,,坏棒 总长 1000 任意重度敲 铁头 800
1302,17:46:01,hit_1302_20260730_174601.csv,512,NORMAL,HIGH,0,0,118,0,500000,5038423,5038423,-3895346,836154.0,,800,,坏棒 总长 1000 任意重度敲 铁头 800
1303,17:46:02,hit_1303_20260730_174602.csv,512,NORMAL,HIGH,0,0,119,0,500000,5708592,5708592,-2807144,2031958.6,,800,,坏棒 总长 1000 任意重度敲 铁头 800
1304,17:46:02,hit_1304_20260730_174602.csv,512,NORMAL,HIGH,0,0,116,0,500000,5177497,5177497,-3289040,1349501.4,,800,,坏棒 总长 1000 任意重度敲 铁头 800
1305,17:46:02,hit_1305_20260730_174602.csv,512,NORMAL,HIGH,0,0,116,0,500000,4842255,4842255,-3551740,1250172.6,,800,,坏棒 总长 1000 任意重度敲 铁头 800
1306,17:46:02,hit_1306_20260730_174602.csv,512,NORMAL,HIGH,0,0,116,0,500000,5722009,5722009,-3210160,1981862.1,,800,,坏棒 总长 1000 任意重度敲 铁头 800
1307,17:46:03,hit_1307_20260730_174603.csv,512,NORMAL,HIGH,0,0,117,0,500000,5533696,5533696,-3499278,1396665.8,,800,,坏棒 总长 1000 任意重度敲 铁头 800
1308,17:46:03,hit_1308_20260730_174603.csv,512,NORMAL,HIGH,0,0,115,0,500000,5614778,5614778,-2931934,1854190.2,,800,,坏棒 总长 1000 任意重度敲 铁头 800
1309,17:46:03,hit_1309_20260730_174603.csv,512,DEFECT,HIGH,0,38,117,358,500000,5120891,5120891,-3678110,1076700.0,,800,-442,坏棒 总长 1000 任意重度敲 铁头 800
1310,17:46:03,hit_1310_20260730_174603.csv,512,NORMAL,HIGH,0,0,117,0,500000,4662642,4662642,-3732678,699688.3,,800,,坏棒 总长 1000 任意重度敲 铁头 800
1311,17:46:04,hit_1311_20260730_174604.csv,512,DEFECT,HIGH,0,24,119,222,500000,5074097,5074097,-3891456,759967.4,,800,-578,坏棒 总长 1000 任意重度敲 铁头 800
1312,17:46:04,hit_1312_20260730_174604.csv,512,NORMAL,HIGH,0,0,118,0,500000,5149203,5149203,-3729826,803952.0,,800,,坏棒 总长 1000 任意重度敲 铁头 800
1313,17:46:04,hit_1313_20260730_174604.csv,512,NORMAL,HIGH,0,0,117,0,500000,5251472,5251472,-3622834,1026034.2,,800,,坏棒 总长 1000 任意重度敲 铁头 800
1314,17:46:04,hit_1314_20260730_174604.csv,512,DEFECT,HIGH,0,26,119,240,500000,5161342,5161342,-3854187,821523.2,,800,-560,坏棒 总长 1000 任意重度敲 铁头 800
1315,17:46:05,hit_1315_20260730_174605.csv,512,NORMAL,HIGH,0,0,118,0,500000,5415413,5415413,-3676128,1183919.0,,800,,坏棒 总长 1000 任意重度敲 铁头 800
1316,17:46:05,hit_1316_20260730_174605.csv,512,NORMAL,HIGH,0,0,119,0,500000,5194846,5194846,-3939702,812224.3,,800,,坏棒 总长 1000 任意重度敲 铁头 800
1317,17:46:05,hit_1317_20260730_174605.csv,512,NORMAL,HIGH,0,0,118,0,500000,5246829,5246829,-3688066,1024604.9,,800,,坏棒 总长 1000 任意重度敲 铁头 800
1318,17:46:05,hit_1318_20260730_174605.csv,512,NORMAL,HIGH,0,0,117,0,500000,5472104,5472104,-3486037,1425666.5,,800,,坏棒 总长 1000 任意重度敲 铁头 800
1319,17:46:05,hit_1319_20260730_174605.csv,512,DEFECT,HIGH,0,24,119,222,500000,4683592,4683592,-4018119,561730.6,,800,-578,坏棒 总长 1000 任意重度敲 铁头 800
1320,17:46:06,hit_1320_20260730_174606.csv,512,DEFECT,HIGH,0,23,123,205,500000,4781600,4781600,-4396555,533790.7,,800,-595,坏棒 总长 1000 任意重度敲 铁头 800
1321,17:46:06,hit_1321_20260730_174606.csv,512,NORMAL,HIGH,0,0,118,0,500000,5612256,5612256,-3634471,1236993.2,,800,,坏棒 总长 1000 任意重度敲 铁头 800
1322,17:46:06,hit_1322_20260730_174606.csv,512,NORMAL,HIGH,0,0,117,0,500000,5107555,5107555,-3613869,1194558.8,,800,,坏棒 总长 1000 任意重度敲 铁头 800
1323,17:46:07,hit_1323_20260730_174607.csv,512,DEFECT,HIGH,0,23,116,219,500000,5674862,5674862,-3603897,962996.0,,800,-581,坏棒 总长 1000 任意重度敲 铁头 800
1324,17:46:07,hit_1324_20260730_174607.csv,512,DEFECT,HIGH,0,22,117,207,500000,5303991,5303991,-3622565,761986.2,,800,-593,坏棒 总长 1000 任意重度敲 铁头 800
1325,17:46:07,hit_1325_20260730_174607.csv,512,DEFECT,HIGH,0,85,116,704,500000,5229145,5229145,-3543857,856658.8,,800,-96,坏棒 总长 1000 任意重度敲 铁头 800
1326,17:46:07,hit_1326_20260730_174607.csv,512,NORMAL,HIGH,0,0,116,0,500000,5700865,5700865,-3415999,1424876.4,,800,,坏棒 总长 1000 任意重度敲 铁头 800
1327,17:46:07,hit_1327_20260730_174607.csv,512,NORMAL,HIGH,0,0,116,0,500000,5168343,5168343,-3335753,1237218.1,,800,,坏棒 总长 1000 任意重度敲 铁头 800
1328,17:46:08,hit_1328_20260730_174608.csv,512,NORMAL,HIGH,0,0,116,0,500000,4397711,4397711,-3813624,496284.3,,800,,坏棒 总长 1000 任意重度敲 铁头 800
1329,17:46:08,hit_1329_20260730_174608.csv,512,NORMAL,HIGH,0,0,114,0,500000,5001525,5001525,-3082258,1419563.4,,800,,坏棒 总长 1000 任意重度敲 铁头 800
1330,17:46:08,hit_1330_20260730_174608.csv,512,NORMAL,HIGH,0,0,117,0,500000,4900083,4900083,-3691460,940083.5,,800,,坏棒 总长 1000 任意重度敲 铁头 800
1331,17:46:08,hit_1331_20260730_174608.csv,512,NORMAL,HIGH,0,0,117,0,500000,4908258,4908258,-3614441,962670.2,,800,,坏棒 总长 1000 任意重度敲 铁头 800
1332,17:46:09,hit_1332_20260730_174609.csv,512,DEFECT,HIGH,0,21,123,187,500000,5328131,5328131,-4118812,828248.3,,800,-613,坏棒 总长 1000 任意重度敲 铁头 800
1333,17:46:09,hit_1333_20260730_174609.csv,512,DEFECT,HIGH,0,28,123,250,500000,5410679,5410679,-4049695,804109.8,,800,-550,坏棒 总长 1000 任意重度敲 铁头 800
1334,17:46:09,hit_1334_20260730_174609.csv,512,DEFECT,HIGH,0,22,99,222,500000,5459689,5459689,-4393506,728216.6,,800,-578,坏棒 总长 1000 任意重度敲 铁头 800
1335,17:46:09,hit_1335_20260730_174609.csv,512,DEFECT,HIGH,0,31,108,319,500000,5439279,4633101,-5439279,-90516.2,,800,-481,坏棒 总长 1000 任意重度敲 铁头 800
1336,17:46:09,hit_1336_20260730_174609.csv,512,DEFECT,HIGH,0,28,121,254,500000,6016523,6016523,-3911388,1359494.9,,800,-546,坏棒 总长 1000 任意重度敲 铁头 800
1337,17:46:12,hit_1337_20260730_174612.csv,512,DEFECT,HIGH,0,26,122,234,500000,6282897,6282897,-3679199,1434254.7,,800,-566,坏棒 总长 1000 任意重度敲 铁头 800
1338,17:46:12,hit_1338_20260730_174612.csv,512,DEFECT,HIGH,0,86,118,700,500000,5314851,5314851,-3306879,1062351.7,,800,-100,坏棒 总长 1000 任意重度敲 铁头 800
1339,17:46:12,hit_1339_20260730_174612.csv,512,DEFECT,HIGH,0,24,118,224,500000,5100155,5100155,-3917159,540086.1,,800,-576,坏棒 总长 1000 任意重度敲 铁头 800
1340,17:46:12,hit_1340_20260730_174612.csv,512,DEFECT,HIGH,0,24,117,226,500000,4959381,4959381,-3875690,430324.0,,800,-574,坏棒 总长 1000 任意重度敲 铁头 800
1341,17:46:13,hit_1341_20260730_174613.csv,512,DEFECT,HIGH,0,22,118,205,500000,5477602,5477602,-3451458,1215215.6,,800,-595,坏棒 总长 1000 任意重度敲 铁头 800
1342,17:46:13,hit_1342_20260730_174613.csv,512,DEFECT,HIGH,0,24,117,226,500000,4955951,4955951,-3896827,411392.5,,800,-574,坏棒 总长 1000 任意重度敲 铁头 800
1343,17:46:13,hit_1343_20260730_174613.csv,512,DEFECT,LOW,0,21,0,200,500000,4702971,4702971,-4310834,140610.4,,800,-600,坏棒 总长 1000 任意重度敲 铁头 800
1344,17:46:13,hit_1344_20260730_174613.csv,512,DEFECT,HIGH,0,21,117,198,500000,5016000,5016000,-3484240,657726.9,,800,-602,坏棒 总长 1000 任意重度敲 铁头 800
1345,17:46:14,hit_1345_20260730_174614.csv,512,DEFECT,HIGH,0,22,118,205,500000,6382654,6382654,-3313519,1776334.1,,800,-595,坏棒 总长 1000 任意重度敲 铁头 800
1346,17:46:14,hit_1346_20260730_174614.csv,512,DEFECT,HIGH,0,23,118,214,500000,5901658,5901658,-3587132,1062511.3,,800,-586,坏棒 总长 1000 任意重度敲 铁头 800
1347,17:46:14,hit_1347_20260730_174614.csv,512,DEFECT,HIGH,0,21,120,192,500000,7196138,7196138,-2793614,2307873.9,,800,-608,坏棒 总长 1000 任意重度敲 铁头 800
1348,17:46:14,hit_1348_20260730_174614.csv,512,DEFECT,HIGH,0,22,116,209,500000,6584474,6584474,-3091708,1546071.8,,800,-591,坏棒 总长 1000 任意重度敲 铁头 800
1349,17:46:14,hit_1349_20260730_174614.csv,512,DEFECT,HIGH,0,91,117,754,500000,6925347,6925347,-3229191,1652480.9,,800,-46,坏棒 总长 1000 任意重度敲 铁头 800
1350,17:46:15,hit_1350_20260730_174615.csv,512,DEFECT,HIGH,0,22,116,209,500000,6925542,6925542,-2939453,2163406.7,,800,-591,坏棒 总长 1000 任意重度敲 铁头 800
1351,17:46:15,hit_1351_20260730_174615.csv,512,NORMAL,HIGH,0,0,115,0,500000,5055684,5055684,-3116945,1371168.3,,800,,坏棒 总长 1000 任意重度敲 铁头 800
1352,17:46:15,hit_1352_20260730_174615.csv,512,DEFECT,HIGH,0,39,116,371,500000,4433325,4433325,-3724570,509194.4,,800,-429,坏棒 总长 1000 任意重度敲 铁头 800
1353,17:46:16,hit_1353_20260730_174616.csv,512,NORMAL,HIGH,0,0,115,0,500000,4725811,4725811,-3451641,1034556.3,,800,,坏棒 总长 1000 任意重度敲 铁头 800
1354,17:46:16,hit_1354_20260730_174616.csv,512,DEFECT,HIGH,0,29,108,298,500000,5138051,3382101,-5138051,-258573.0,,800,-502,坏棒 总长 1000 任意重度敲 铁头 800
1355,17:46:16,hit_1355_20260730_174616.csv,512,NORMAL,HIGH,0,0,115,0,500000,4924805,4924805,-3337689,1133976.2,,800,,坏棒 总长 1000 任意重度敲 铁头 800
1356,17:46:17,hit_1356_20260730_174617.csv,512,DEFECT,HIGH,0,36,116,342,500000,4597685,4597685,-3303170,880839.0,,800,-458,坏棒 总长 1000 任意重度敲 铁头 800
1357,17:46:17,hit_1357_20260730_174617.csv,512,NORMAL,HIGH,0,0,115,0,500000,4842683,4842683,-3326449,1133815.2,,800,,坏棒 总长 1000 任意重度敲 铁头 800
1358,17:46:17,hit_1358_20260730_174617.csv,512,NORMAL,HIGH,0,0,115,0,500000,4693384,4693384,-3494392,925719.4,,800,,坏棒 总长 1000 任意重度敲 铁头 800
1359,17:46:17,hit_1359_20260730_174617.csv,512,NORMAL,HIGH,0,0,115,0,500000,4872253,4872253,-3199596,1246132.0,,800,,坏棒 总长 1000 任意重度敲 铁头 800
1360,17:46:18,hit_1360_20260730_174618.csv,512,NORMAL,HIGH,0,0,115,0,500000,5235386,5235386,-2932557,1619865.1,,800,,坏棒 总长 1000 任意重度敲 铁头 800
1361,17:46:18,hit_1361_20260730_174618.csv,512,DEFECT,HIGH,0,93,117,783,500000,4536965,4536965,-3690761,692918.8,,800,-17,坏棒 总长 1000 任意重度敲 铁头 800
1362,17:46:18,hit_1362_20260730_174618.csv,512,DEFECT,HIGH,0,21,122,189,500000,4973451,4973451,-3982429,819439.8,,800,-611,坏棒 总长 1000 任意重度敲 铁头 800
1363,17:46:18,hit_1363_20260730_174618.csv,512,DEFECT,HIGH,0,23,118,214,500000,5424738,5424738,-3385581,985563.4,,800,-586,坏棒 总长 1000 任意重度敲 铁头 800
1364,17:46:19,hit_1364_20260730_174619.csv,512,DEFECT,HIGH,0,40,108,412,500000,5233490,3938197,-5233490,-277196.0,,800,-388,坏棒 总长 1000 任意重度敲 铁头 800
1365,17:46:19,hit_1365_20260730_174619.csv,512,DEFECT,HIGH,0,31,110,292,500000,5260872,4976077,-5260872,177282.9,,800,-508,坏棒 总长 1000 任意重度敲 铁头 800
1366,17:46:19,hit_1366_20260730_174619.csv,512,NORMAL,HIGH,0,0,116,0,500000,6202786,6202786,-2954830,1933896.2,,800,,坏棒 总长 1000 任意重度敲 铁头 800
1367,17:46:19,hit_1367_20260730_174619.csv,512,DEFECT,HIGH,0,88,120,706,500000,4575868,4575868,-4097527,325896.4,,800,-94,坏棒 总长 1000 任意重度敲 铁头 800
1368,17:46:20,hit_1368_20260730_174620.csv,512,DEFECT,HIGH,0,87,118,710,500000,4438563,4438563,-4182379,72073.9,,800,-90,坏棒 总长 1000 任意重度敲 铁头 800
1369,17:46:20,hit_1369_20260730_174620.csv,512,DEFECT,HIGH,0,22,118,205,500000,6264857,6264857,-3298464,1407372.8,,800,-595,坏棒 总长 1000 任意重度敲 铁头 800
1370,17:46:20,hit_1370_20260730_174620.csv,512,DEFECT,HIGH,0,24,117,226,500000,6019280,6019280,-3631052,968694.1,,800,-574,坏棒 总长 1000 任意重度敲 铁头 800
1371,17:46:20,hit_1371_20260730_174620.csv,512,DEFECT,HIGH,0,25,121,227,500000,5243359,5243359,-4205673,410750.1,,800,-573,坏棒 总长 1000 任意重度敲 铁头 800
1372,17:46:20,hit_1372_20260730_174620.csv,512,DEFECT,HIGH,0,25,121,227,500000,6367787,6367787,-3825587,1378524.1,,800,-573,坏棒 总长 1000 任意重度敲 铁头 800
1373,17:46:21,hit_1373_20260730_174621.csv,512,DEFECT,HIGH,0,26,121,236,500000,5289296,5289296,-4214720,454698.2,,800,-564,坏棒 总长 1000 任意重度敲 铁头 800
1374,17:46:21,hit_1374_20260730_174621.csv,512,DEFECT,HIGH,0,27,119,250,500000,6973176,6973176,-3604735,1488478.5,,800,-550,坏棒 总长 1000 任意重度敲 铁头 800
1375,17:46:21,hit_1375_20260730_174621.csv,512,DEFECT,HIGH,0,26,120,238,500000,6553299,6553299,-3558634,1245533.6,,800,-562,坏棒 总长 1000 任意重度敲 铁头 800
1376,17:46:21,hit_1376_20260730_174621.csv,512,DEFECT,HIGH,0,91,117,754,500000,7338195,7338195,-3067198,2053676.9,,800,-46,坏棒 总长 1000 任意重度敲 铁头 800
1377,17:46:21,hit_1377_20260730_174621.csv,512,DEFECT,HIGH,0,21,123,187,500000,5887217,5887217,-4352420,858903.8,,800,-613,坏棒 总长 1000 任意重度敲 铁头 800
1378,17:46:22,hit_1378_20260730_174622.csv,512,DEFECT,HIGH,0,88,116,733,500000,6516169,6516169,-3029223,1949510.4,,800,-67,坏棒 总长 1000 任意重度敲 铁头 800
1379,17:46:22,hit_1379_20260730_174622.csv,512,NORMAL,HIGH,0,0,118,0,500000,5179063,5179063,-3806115,730764.8,,800,,坏棒 总长 1000 任意重度敲 铁头 800
1380,17:46:22,hit_1380_20260730_174622.csv,512,DEFECT,HIGH,0,22,118,205,500000,5010360,5010360,-3680232,792986.7,,800,-595,坏棒 总长 1000 任意重度敲 铁头 800
1381,17:46:22,hit_1381_20260730_174622.csv,512,NORMAL,HIGH,0,0,120,0,500000,4945318,4945318,-4055858,758634.9,,800,,坏棒 总长 1000 任意重度敲 铁头 800
1382,17:46:23,hit_1382_20260730_174623.csv,512,DEFECT,HIGH,0,30,110,283,500000,5160092,4774419,-5160092,206076.7,,800,-517,坏棒 总长 1000 任意重度敲 铁头 800
1383,17:46:23,hit_1383_20260730_174623.csv,512,DEFECT,HIGH,0,24,102,240,500000,5207374,5207374,-4135272,787646.4,,800,-560,坏棒 总长 1000 任意重度敲 铁头 800
1384,17:46:23,hit_1384_20260730_174623.csv,512,DEFECT,HIGH,0,23,119,212,500000,5321575,5321575,-3803109,1020015.3,,800,-588,坏棒 总长 1000 任意重度敲 铁头 800
1385,17:46:24,hit_1385_20260730_174624.csv,512,DEFECT,HIGH,0,21,118,196,500000,5448594,5448594,-3304944,1081070.7,,800,-604,坏棒 总长 1000 任意重度敲 铁头 800
1386,17:46:24,hit_1386_20260730_174624.csv,512,DEFECT,HIGH,0,24,119,222,500000,5596560,5596560,-3593057,1109668.1,,800,-578,坏棒 总长 1000 任意重度敲 铁头 800
1387,17:46:24,hit_1387_20260730_174624.csv,512,DEFECT,HIGH,0,25,120,229,500000,5587722,5587722,-3632775,1080000.4,,800,-571,坏棒 总长 1000 任意重度敲 铁头 800
1388,17:46:24,hit_1388_20260730_174624.csv,512,DEFECT,HIGH,0,24,119,222,500000,5379881,5379881,-3508215,962572.5,,800,-578,坏棒 总长 1000 任意重度敲 铁头 800
1389,17:46:24,hit_1389_20260730_174624.csv,512,DEFECT,HIGH,0,30,100,300,500000,5657958,5657958,-4306534,906987.5,,800,-500,坏棒 总长 1000 任意重度敲 铁头 800
1390,17:46:25,hit_1390_20260730_174625.csv,512,DEFECT,HIGH,0,22,101,217,500000,5793924,5793924,-4354201,970236.7,,800,-583,坏棒 总长 1000 任意重度敲 铁头 800
1391,17:46:25,hit_1391_20260730_174625.csv,512,NORMAL,HIGH,0,0,118,0,500000,6185892,6185892,-3335316,1825219.3,,800,,坏棒 总长 1000 任意重度敲 铁头 800
1392,17:46:25,hit_1392_20260730_174625.csv,512,DEFECT,HIGH,0,22,99,222,500000,5172526,5172526,-4411184,575243.5,,800,-578,坏棒 总长 1000 任意重度敲 铁头 800
1393,17:46:25,hit_1393_20260730_174625.csv,512,DEFECT,HIGH,0,22,119,203,500000,4665217,4665217,-3967005,408647.9,,800,-597,坏棒 总长 1000 任意重度敲 铁头 800
1394,17:46:25,hit_1394_20260730_174625.csv,512,DEFECT,HIGH,0,23,118,214,500000,5068258,5068258,-3704148,692916.0,,800,-586,坏棒 总长 1000 任意重度敲 铁头 800
1395,17:46:26,hit_1395_20260730_174626.csv,512,DEFECT,HIGH,0,22,117,207,500000,5309729,5309729,-3439818,1032691.5,,800,-593,坏棒 总长 1000 任意重度敲 铁头 800
1396,17:46:26,hit_1396_20260730_174626.csv,512,NORMAL,HIGH,0,0,115,0,500000,5530707,5530707,-3102577,1470978.1,,800,,坏棒 总长 1000 任意重度敲 铁头 800
1397,17:46:26,hit_1397_20260730_174626.csv,512,DEFECT,HIGH,0,22,117,207,500000,6238573,6238573,-3235260,1724790.8,,800,-593,坏棒 总长 1000 任意重度敲 铁头 800
1398,17:46:27,hit_1398_20260730_174627.csv,512,DEFECT,HIGH,0,87,116,723,500000,6550888,6550888,-2838928,1757401.9,,800,-77,坏棒 总长 1000 任意重度敲 铁头 800
1399,17:46:27,hit_1399_20260730_174627.csv,512,DEFECT,HIGH,0,26,117,245,500000,6515622,6515622,-3436260,1230697.7,,800,-555,坏棒 总长 1000 任意重度敲 铁头 800
1400,17:46:27,hit_1400_20260730_174627.csv,512,DEFECT,HIGH,0,26,118,242,500000,6233677,6233677,-3658252,890869.8,,800,-558,坏棒 总长 1000 任意重度敲 铁头 800
1401,17:46:27,hit_1401_20260730_174627.csv,512,DEFECT,HIGH,0,22,117,207,500000,6434854,6434854,-3214150,1714072.9,,800,-593,坏棒 总长 1000 任意重度敲 铁头 800
1402,17:46:27,hit_1402_20260730_174627.csv,512,NORMAL,HIGH,0,0,116,0,500000,4809006,4809006,-3434003,925057.9,,800,,坏棒 总长 1000 任意重度敲 铁头 800
1403,17:46:28,hit_1403_20260730_174628.csv,512,DEFECT,HIGH,0,85,116,704,500000,4138945,4138945,-3894895,212007.1,,800,-96,坏棒 总长 1000 任意重度敲 铁头 800
1404,17:46:28,hit_1404_20260730_174628.csv,512,NORMAL,HIGH,0,0,115,0,500000,5530074,5530074,-2852472,1661848.1,,800,,坏棒 总长 1000 任意重度敲 铁头 800
1405,17:46:28,hit_1405_20260730_174628.csv,512,DEFECT,HIGH,0,92,118,757,500000,6422904,6422904,-3553917,1446565.5,,800,-43,坏棒 总长 1000 任意重度敲 铁头 800
1406,17:46:28,hit_1406_20260730_174628.csv,512,DEFECT,HIGH,0,88,118,719,500000,6650965,6650965,-3072832,1975762.5,,800,-81,坏棒 总长 1000 任意重度敲 铁头 800
1407,17:46:29,hit_1407_20260730_174629.csv,512,DEFECT,HIGH,0,26,120,238,500000,5444277,5444277,-3755870,787884.8,,800,-562,坏棒 总长 1000 任意重度敲 铁头 800
1408,17:46:29,hit_1408_20260730_174629.csv,512,DEFECT,HIGH,0,27,120,247,500000,6331120,6331120,-3690144,1655233.9,,800,-553,坏棒 总长 1000 任意重度敲 铁头 800
1409,17:46:29,hit_1409_20260730_174629.csv,512,DEFECT,HIGH,0,26,119,240,500000,6035268,6035268,-3510596,1428242.6,,800,-560,坏棒 总长 1000 任意重度敲 铁头 800
1410,17:46:29,hit_1410_20260730_174629.csv,512,DEFECT,HIGH,0,25,104,245,500000,5478485,5478485,-4590801,726256.6,,800,-555,坏棒 总长 1000 任意重度敲 铁头 800
1411,17:46:29,hit_1411_20260730_174629.csv,512,DEFECT,HIGH,0,42,119,388,500000,6616859,3984957,-6616859,-490154.8,,800,-412,坏棒 总长 1000 任意重度敲 铁头 800
1412,17:46:30,hit_1412_20260730_174630.csv,512,DEFECT,HIGH,0,29,108,276,500000,4998064,4998064,-4816189,465178.0,,800,-524,坏棒 总长 1000 任意重度敲 铁头 800
1413,17:46:30,hit_1413_20260730_174630.csv,512,NORMAL,HIGH,0,0,117,0,500000,5027098,5027098,-3756199,756922.9,,800,,坏棒 总长 1000 任意重度敲 铁头 800
1414,17:46:30,hit_1414_20260730_174630.csv,512,DEFECT,HIGH,0,24,119,222,500000,4892441,4892441,-4172275,497877.8,,800,-578,坏棒 总长 1000 任意重度敲 铁头 800
1415,17:46:31,hit_1415_20260730_174631.csv,512,DEFECT,HIGH,0,25,119,231,500000,5151446,5151446,-3957339,732933.1,,800,-569,坏棒 总长 1000 任意重度敲 铁头 800
1416,17:46:31,hit_1416_20260730_174631.csv,512,NORMAL,HIGH,0,0,116,0,500000,5212509,5212509,-3499032,1016339.3,,800,,坏棒 总长 1000 任意重度敲 铁头 800
1417,17:46:31,hit_1417_20260730_174631.csv,512,NORMAL,HIGH,0,0,117,0,500000,5657982,5657982,-3496823,1430070.6,,800,,坏棒 总长 1000 任意重度敲 铁头 800
1418,17:46:31,hit_1418_20260730_174631.csv,512,NORMAL,HIGH,0,0,116,0,500000,5742910,5742910,-3262295,1552510.7,,800,,坏棒 总长 1000 任意重度敲 铁头 800
1419,17:46:31,hit_1419_20260730_174631.csv,512,DEFECT,HIGH,0,86,117,707,500000,4082624,4082624,-4040453,136424.0,,800,-93,坏棒 总长 1000 任意重度敲 铁头 800
1420,17:46:32,hit_1420_20260730_174632.csv,512,NORMAL,HIGH,0,0,116,0,500000,4746009,4746009,-3541907,1067579.1,,800,,坏棒 总长 1000 任意重度敲 铁头 800
1421,17:46:32,hit_1421_20260730_174632.csv,512,NORMAL,HIGH,0,0,114,0,500000,5018658,5018658,-3436706,1331074.2,,800,,坏棒 总长 1000 任意重度敲 铁头 800
1422,17:46:32,hit_1422_20260730_174632.csv,512,NORMAL,HIGH,0,0,117,0,500000,4509395,4509395,-3918904,688494.3,,800,,坏棒 总长 1000 任意重度敲 铁头 800
1423,17:46:32,hit_1423_20260730_174632.csv,512,NORMAL,HIGH,0,0,117,0,500000,4709751,4709751,-3617579,847036.6,,800,,坏棒 总长 1000 任意重度敲 铁头 800
1424,17:46:33,hit_1424_20260730_174633.csv,512,DEFECT,HIGH,0,26,119,240,500000,5667729,5667729,-3663854,977190.7,,800,-560,坏棒 总长 1000 任意重度敲 铁头 800
1425,17:46:33,hit_1425_20260730_174633.csv,512,DEFECT,HIGH,0,28,120,256,500000,5745039,5745039,-3819346,1010421.6,,800,-544,坏棒 总长 1000 任意重度敲 铁头 800
1426,17:46:33,hit_1426_20260730_174633.csv,512,DEFECT,HIGH,0,26,118,242,500000,6013353,6013353,-3493774,1359219.3,,800,-558,坏棒 总长 1000 任意重度敲 铁头 800
1427,17:46:33,hit_1427_20260730_174633.csv,512,DEFECT,HIGH,0,24,120,220,500000,5259573,5259573,-3563483,914571.2,,800,-580,坏棒 总长 1000 任意重度敲 铁头 800
1428,17:46:34,hit_1428_20260730_174634.csv,512,DEFECT,HIGH,0,22,118,205,500000,5221168,5221168,-3655837,795026.2,,800,-595,坏棒 总长 1000 任意重度敲 铁头 800
1429,17:46:34,hit_1429_20260730_174634.csv,512,DEFECT,HIGH,0,26,119,240,500000,5633609,5633609,-4011362,721548.2,,800,-560,坏棒 总长 1000 任意重度敲 铁头 800
1430,17:46:34,hit_1430_20260730_174634.csv,512,DEFECT,HIGH,0,25,118,233,500000,4805864,4805864,-4022097,268842.3,,800,-567,坏棒 总长 1000 任意重度敲 铁头 800
1431,17:46:34,hit_1431_20260730_174634.csv,512,DEFECT,HIGH,0,25,120,229,500000,4908144,4908144,-4061073,345065.9,,800,-571,坏棒 总长 1000 任意重度敲 铁头 800
1432,17:46:34,hit_1432_20260730_174634.csv,512,DEFECT,HIGH,0,23,117,216,500000,5660555,5660555,-3494487,875092.6,,800,-584,坏棒 总长 1000 任意重度敲 铁头 800
1433,17:46:35,hit_1433_20260730_174635.csv,512,DEFECT,HIGH,0,22,116,209,500000,6800959,6800959,-3013596,1751986.5,,800,-591,坏棒 总长 1000 任意重度敲 铁头 800
1434,17:46:35,hit_1434_20260730_174635.csv,512,DEFECT,HIGH,0,23,117,216,500000,6088131,6088131,-3542951,1329962.8,,800,-584,坏棒 总长 1000 任意重度敲 铁头 800
1435,17:46:35,hit_1435_20260730_174635.csv,512,NORMAL,HIGH,0,0,119,0,500000,5510723,5510723,-2926932,1601813.6,,800,,坏棒 总长 1000 任意重度敲 铁头 800
1436,17:46:35,hit_1436_20260730_174635.csv,512,NORMAL,HIGH,0,0,115,0,500000,4518753,4518753,-3621901,899822.1,,800,,坏棒 总长 1000 任意重度敲 铁头 800
1437,17:46:36,hit_1437_20260730_174636.csv,512,NORMAL,HIGH,0,0,115,0,500000,5430243,5430243,-3090436,1760343.5,,800,,坏棒 总长 1000 任意重度敲 铁头 800
1438,17:46:36,hit_1438_20260730_174636.csv,512,NORMAL,HIGH,0,0,120,0,500000,7501348,7501348,-2811784,2894664.4,,800,,坏棒 总长 1000 任意重度敲 铁头 800
1439,17:46:36,hit_1439_20260730_174636.csv,512,DEFECT,HIGH,0,26,118,242,500000,7086618,7086618,-3213792,2131077.7,,800,-558,坏棒 总长 1000 任意重度敲 铁头 800
1440,17:46:36,hit_1440_20260730_174636.csv,512,DEFECT,HIGH,0,89,118,728,500000,7057019,7057019,-3181721,2135904.3,,800,-72,坏棒 总长 1000 任意重度敲 铁头 800
1441,17:46:36,hit_1441_20260730_174636.csv,512,NORMAL,HIGH,0,0,118,0,500000,7024107,7024107,-3325573,2143519.8,,800,,坏棒 总长 1000 任意重度敲 铁头 800
1442,17:46:37,hit_1442_20260730_174637.csv,512,DEFECT,HIGH,0,27,120,247,500000,5556252,5556252,-3999485,608940.5,,800,-553,坏棒 总长 1000 任意重度敲 铁头 800
1443,17:46:37,hit_1443_20260730_174637.csv,512,DEFECT,HIGH,0,24,119,222,500000,5511236,5511236,-3774093,773027.9,,800,-578,坏棒 总长 1000 任意重度敲 铁头 800
1444,17:46:37,hit_1444_20260730_174637.csv,512,DEFECT,HIGH,0,24,118,224,500000,6159940,6159940,-3218709,1570391.3,,800,-576,坏棒 总长 1000 任意重度敲 铁头 800
1445,17:46:37,hit_1445_20260730_174637.csv,512,DEFECT,HIGH,0,26,119,240,500000,5538474,5538474,-3640894,871744.2,,800,-560,坏棒 总长 1000 任意重度敲 铁头 800
1446,17:46:38,hit_1446_20260730_174638.csv,512,DEFECT,HIGH,0,27,119,250,500000,5705511,5705511,-3662886,1144366.5,,800,-550,坏棒 总长 1000 任意重度敲 铁头 800
1447,17:46:38,hit_1447_20260730_174638.csv,512,DEFECT,HIGH,0,26,118,242,500000,5778138,5778138,-3575295,1190881.3,,800,-558,坏棒 总长 1000 任意重度敲 铁头 800
1448,17:46:38,hit_1448_20260730_174638.csv,512,DEFECT,HIGH,0,22,100,220,500000,5683001,5683001,-4490464,1101449.2,,800,-580,坏棒 总长 1000 任意重度敲 铁头 800
1449,17:46:39,hit_1449_20260730_174639.csv,512,NORMAL,HIGH,0,0,117,0,500000,4793064,4793064,-3666064,894524.7,,800,,坏棒 总长 1000 任意重度敲 铁头 800
1450,17:46:39,hit_1450_20260730_174639.csv,512,DEFECT,LOW,0,24,0,228,500000,4687912,3846073,-4687912,-40273.7,,800,-572,坏棒 总长 1000 任意重度敲 铁头 800
1451,17:46:39,hit_1451_20260730_174639.csv,512,NORMAL,HIGH,0,0,116,0,500000,4675754,4675754,-3895607,724893.1,,800,,坏棒 总长 1000 任意重度敲 铁头 800
1452,17:46:39,hit_1452_20260730_174639.csv,512,DEFECT,HIGH,0,86,117,707,500000,4369030,4369030,-4073350,237061.5,,800,-93,坏棒 总长 1000 任意重度敲 铁头 800
1453,17:46:39,hit_1453_20260730_174639.csv,512,DEFECT,HIGH,0,39,116,371,500000,4614169,4614169,-3709764,556110.0,,800,-429,坏棒 总长 1000 任意重度敲 铁头 800
1454,17:46:39,hit_1454_20260730_174639.csv,512,NORMAL,HIGH,0,0,116,0,500000,5081705,5081705,-3457594,977812.2,,800,,坏棒 总长 1000 任意重度敲 铁头 800
1455,17:46:40,hit_1455_20260730_174640.csv,512,DEFECT,HIGH,0,21,117,198,500000,5925055,5925055,-3284086,1287094.4,,800,-602,坏棒 总长 1000 任意重度敲 铁头 800
1456,17:46:40,hit_1456_20260730_174640.csv,512,DEFECT,HIGH,0,23,116,219,500000,6527448,6527448,-3211803,1687941.6,,800,-581,坏棒 总长 1000 任意重度敲 铁头 800
1457,17:46:40,hit_1457_20260730_174640.csv,512,DEFECT,HIGH,0,88,117,726,500000,6669729,6669729,-3224911,1665676.9,,800,-74,坏棒 总长 1000 任意重度敲 铁头 800
1458,17:46:41,hit_1458_20260730_174641.csv,512,DEFECT,HIGH,0,27,121,245,500000,5701686,5701686,-3877089,899449.1,,800,-555,坏棒 总长 1000 任意重度敲 铁头 800
1459,17:46:41,hit_1459_20260730_174641.csv,512,DEFECT,HIGH,0,30,122,270,500000,6087397,6087397,-4083042,1156640.5,,800,-530,坏棒 总长 1000 任意重度敲 铁头 800
1460,17:46:41,hit_1460_20260730_174641.csv,512,DEFECT,HIGH,0,25,118,233,500000,5943034,5943034,-3443170,1217110.9,,800,-567,坏棒 总长 1000 任意重度敲 铁头 800
1461,17:46:41,hit_1461_20260730_174641.csv,512,DEFECT,HIGH,0,28,121,254,500000,5199884,5199884,-4195272,489419.1,,800,-546,坏棒 总长 1000 任意重度敲 铁头 800
1462,17:46:41,hit_1462_20260730_174641.csv,512,DEFECT,HIGH,0,26,120,238,500000,5972673,5972673,-3723984,1291058.9,,800,-562,坏棒 总长 1000 任意重度敲 铁头 800
1463,17:46:42,hit_1463_20260730_174642.csv,512,DEFECT,HIGH,0,25,120,229,500000,5425621,5425621,-3709318,831757.7,,800,-571,坏棒 总长 1000 任意重度敲 铁头 800
1464,17:46:42,hit_1464_20260730_174642.csv,512,DEFECT,HIGH,0,28,122,252,500000,5570108,5570108,-4076929,788132.8,,800,-548,坏棒 总长 1000 任意重度敲 铁头 800
1465,17:46:42,hit_1465_20260730_174642.csv,512,DEFECT,HIGH,0,23,101,232,500000,4935821,4935821,-4432491,322573.4,,800,-568,坏棒 总长 1000 任意重度敲 铁头 800
1466,17:46:42,hit_1466_20260730_174642.csv,512,DEFECT,HIGH,0,24,118,224,500000,6335714,6335714,-3184550,1637817.0,,800,-576,坏棒 总长 1000 任意重度敲 铁头 800
1467,17:46:42,hit_1467_20260730_174642.csv,512,DEFECT,HIGH,0,26,121,236,500000,5909390,5909390,-3737373,1167538.7,,800,-564,坏棒 总长 1000 任意重度敲 铁头 800
1468,17:46:43,hit_1468_20260730_174643.csv,512,DEFECT,HIGH,0,23,117,216,500000,6219094,6219094,-3150886,1463882.3,,800,-584,坏棒 总长 1000 任意重度敲 铁头 800
1469,17:46:43,hit_1469_20260730_174643.csv,512,DEFECT,HIGH,0,25,104,240,500000,5575341,5575341,-4839349,600852.9,,800,-560,坏棒 总长 1000 任意重度敲 铁头 800
1470,17:46:43,hit_1470_20260730_174643.csv,512,DEFECT,HIGH,0,21,123,187,500000,5645598,5645598,-4336753,568359.4,,800,-613,坏棒 总长 1000 任意重度敲 铁头 800
1471,17:46:43,hit_1471_20260730_174643.csv,512,DEFECT,HIGH,0,25,108,257,500000,4928098,4511612,-4928098,-140631.4,,800,-543,坏棒 总长 1000 任意重度敲 铁头 800
1472,17:46:44,hit_1472_20260730_174644.csv,512,DEFECT,HIGH,0,38,111,380,500000,5438889,3458465,-5438889,-257407.6,,800,-420,坏棒 总长 1000 任意重度敲 铁头 800
1473,17:46:44,hit_1473_20260730_174644.csv,512,DEFECT,HIGH,0,27,122,243,500000,5992523,5992523,-3887486,1092784.9,,800,-557,坏棒 总长 1000 任意重度敲 铁头 800
1474,17:46:44,hit_1474_20260730_174644.csv,512,DEFECT,HIGH,0,26,121,236,500000,6124265,6124265,-3908749,1435555.4,,800,-564,坏棒 总长 1000 任意重度敲 铁头 800
1475,17:46:44,hit_1475_20260730_174644.csv,512,NORMAL,HIGH,0,0,117,0,500000,5348583,5348583,-3479718,1182145.4,,800,,坏棒 总长 1000 任意重度敲 铁头 800
1476,17:46:45,hit_1476_20260730_174645.csv,512,NORMAL,HIGH,0,0,119,0,500000,4941228,4941228,-4005149,644364.7,,800,,坏棒 总长 1000 任意重度敲 铁头 800
1477,17:46:45,hit_1477_20260730_174645.csv,512,NORMAL,HIGH,0,0,118,0,500000,5348436,5348436,-3574146,1205792.6,,800,,坏棒 总长 1000 任意重度敲 铁头 800
1478,17:46:45,hit_1478_20260730_174645.csv,512,NORMAL,HIGH,0,0,118,0,500000,6139437,6139437,-2673734,2366054.8,,800,,坏棒 总长 1000 任意重度敲 铁头 800
1479,17:46:45,hit_1479_20260730_174645.csv,512,NORMAL,HIGH,0,0,119,0,500000,5572177,5572177,-2865782,2099146.8,,800,,坏棒 总长 1000 任意重度敲 铁头 800
1480,17:46:46,hit_1480_20260730_174646.csv,512,NORMAL,HIGH,0,0,116,0,500000,4915682,4915682,-3435607,1351040.2,,800,,坏棒 总长 1000 任意重度敲 铁头 800
1481,17:46:46,hit_1481_20260730_174646.csv,512,DEFECT,HIGH,0,85,116,704,500000,4131875,3879542,-4131875,119955.2,,800,-96,坏棒 总长 1000 任意重度敲 铁头 800
1482,17:46:46,hit_1482_20260730_174646.csv,512,NORMAL,HIGH,0,0,116,0,500000,4338039,4338039,-3724844,584764.1,,800,,坏棒 总长 1000 任意重度敲 铁头 800
1483,17:46:46,hit_1483_20260730_174646.csv,512,DEFECT,HIGH,0,39,117,367,500000,4690121,4690121,-3701758,663530.5,,800,-433,坏棒 总长 1000 任意重度敲 铁头 800
1484,17:46:46,hit_1484_20260730_174646.csv,512,DEFECT,HIGH,0,24,121,218,500000,4383372,4368656,-4383372,133814.9,,800,-582,坏棒 总长 1000 任意重度敲 铁头 800
1485,17:46:47,hit_1485_20260730_174647.csv,512,DEFECT,HIGH,0,25,119,231,500000,6188732,6188732,-3487984,1186335.2,,800,-569,坏棒 总长 1000 任意重度敲 铁头 800
1486,17:46:47,hit_1486_20260730_174647.csv,512,DEFECT,HIGH,0,27,119,250,500000,6450826,6450826,-3510014,1509470.4,,800,-550,坏棒 总长 1000 任意重度敲 铁头 800
1487,17:46:47,hit_1487_20260730_174647.csv,512,DEFECT,HIGH,0,26,119,240,500000,6274403,6274403,-3723400,1085644.2,,800,-560,坏棒 总长 1000 任意重度敲 铁头 800
1488,17:46:47,hit_1488_20260730_174647.csv,512,DEFECT,HIGH,0,23,117,216,500000,5727105,5727105,-3329326,995972.8,,800,-584,坏棒 总长 1000 任意重度敲 铁头 800
1489,17:46:48,hit_1489_20260730_174648.csv,512,DEFECT,HIGH,0,24,118,224,500000,5651011,5651011,-3648734,1029064.3,,800,-576,坏棒 总长 1000 任意重度敲 铁头 800
1490,17:46:48,hit_1490_20260730_174648.csv,512,NORMAL,HIGH,0,0,116,0,500000,4542063,4542063,-3868028,467564.8,,800,,坏棒 总长 1000 任意重度敲 铁头 800
1491,17:46:48,hit_1491_20260730_174648.csv,512,NORMAL,HIGH,0,0,115,0,500000,4598154,4598154,-3637774,950024.3,,800,,坏棒 总长 1000 任意重度敲 铁头 800
1492,17:46:48,hit_1492_20260730_174648.csv,512,NORMAL,HIGH,0,0,116,0,500000,4762202,4762202,-3535331,1047490.4,,800,,坏棒 总长 1000 任意重度敲 铁头 800
1493,17:46:49,hit_1493_20260730_174649.csv,512,NORMAL,HIGH,0,0,117,0,500000,5402952,5402952,-3482751,1306749.9,,800,,坏棒 总长 1000 任意重度敲 铁头 800
1494,17:46:49,hit_1494_20260730_174649.csv,512,DEFECT,HIGH,0,86,119,694,500000,3928505,3928505,-3824212,229500.2,,800,-106,坏棒 总长 1000 任意重度敲 铁头 800
1495,17:46:49,hit_1495_20260730_174649.csv,512,NORMAL,HIGH,0,0,117,0,500000,5385656,5385656,-3440572,1251932.0,,800,,坏棒 总长 1000 任意重度敲 铁头 800
1496,17:46:49,hit_1496_20260730_174649.csv,512,NORMAL,HIGH,0,0,118,0,500000,5050055,5050055,-3847478,813052.7,,800,,坏棒 总长 1000 任意重度敲 铁头 800
1497,17:46:49,hit_1497_20260730_174649.csv,512,DEFECT,HIGH,0,23,118,214,500000,4971596,4971596,-3618281,800395.4,,800,-586,坏棒 总长 1000 任意重度敲 铁头 800
1498,17:46:50,hit_1498_20260730_174650.csv,512,DEFECT,HIGH,0,25,120,229,500000,4899926,4899926,-4154505,679404.7,,800,-571,坏棒 总长 1000 任意重度敲 铁头 800
1499,17:46:50,hit_1499_20260730_174650.csv,512,DEFECT,HIGH,0,25,120,229,500000,6001582,6001582,-3593002,1338999.1,,800,-571,坏棒 总长 1000 任意重度敲 铁头 800
1500,17:46:50,hit_1500_20260730_174650.csv,512,DEFECT,HIGH,0,26,120,238,500000,5929917,5929917,-3594767,1053855.5,,800,-562,坏棒 总长 1000 任意重度敲 铁头 800
1501,17:46:50,hit_1501_20260730_174650.csv,512,DEFECT,HIGH,0,26,118,242,500000,7013896,7013896,-3265460,2027438.4,,800,-558,坏棒 总长 1000 任意重度敲 铁头 800
1502,17:46:51,hit_1502_20260730_174651.csv,512,DEFECT,HIGH,0,22,101,222,500000,4964101,4964101,-4551960,287591.9,,800,-578,坏棒 总长 1000 任意重度敲 铁头 800
1503,17:46:51,hit_1503_20260730_174651.csv,512,DEFECT,HIGH,0,24,102,235,500000,5527439,5527439,-4711590,731114.6,,800,-565,坏棒 总长 1000 任意重度敲 铁头 800
1504,17:46:51,hit_1504_20260730_174651.csv,512,NORMAL,HIGH,0,0,118,0,500000,5801893,5801893,-3515584,1446938.2,,800,,坏棒 总长 1000 任意重度敲 铁头 800
1505,17:46:51,hit_1505_20260730_174651.csv,512,NORMAL,HIGH,0,0,118,0,500000,5032635,5032635,-3714452,971676.3,,800,,坏棒 总长 1000 任意重度敲 铁头 800
1506,17:46:52,hit_1506_20260730_174652.csv,512,NORMAL,HIGH,0,0,119,0,500000,6004442,6004442,-2736553,2237647.4,,800,,坏棒 总长 1000 任意重度敲 铁头 800
1507,17:46:52,hit_1507_20260730_174652.csv,512,NORMAL,HIGH,0,0,117,0,500000,5244457,5244457,-3691386,1095580.3,,800,,坏棒 总长 1000 任意重度敲 铁头 800
1508,17:46:52,hit_1508_20260730_174652.csv,512,NORMAL,HIGH,0,0,116,0,500000,4939004,4939004,-3792482,648150.2,,800,,坏棒 总长 1000 任意重度敲 铁头 800
1509,17:46:52,hit_1509_20260730_174652.csv,512,NORMAL,HIGH,0,0,115,0,500000,6571363,6571363,-2972735,2278475.3,,800,,坏棒 总长 1000 任意重度敲 铁头 800
1510,17:46:53,hit_1510_20260730_174653.csv,512,DEFECT,HIGH,0,28,119,259,500000,6044453,6044453,-4004961,1126430.3,,800,-541,坏棒 总长 1000 任意重度敲 铁头 800
1511,17:46:53,hit_1511_20260730_174653.csv,512,DEFECT,HIGH,0,91,116,761,500000,6549618,6549618,-3201443,1838557.4,,800,-39,坏棒 总长 1000 任意重度敲 铁头 800
1512,17:46:53,hit_1512_20260730_174653.csv,512,NORMAL,HIGH,0,0,116,0,500000,6734506,6734506,-3145680,2043775.5,,800,,坏棒 总长 1000 任意重度敲 铁头 800
1513,17:46:53,hit_1513_20260730_174653.csv,512,DEFECT,HIGH,0,25,118,233,500000,6244055,6244055,-3803418,1439071.2,,800,-567,坏棒 总长 1000 任意重度敲 铁头 800
1514,17:46:53,hit_1514_20260730_174653.csv,512,NORMAL,HIGH,0,0,116,0,500000,7200451,7200451,-3198858,2326205.3,,800,,坏棒 总长 1000 任意重度敲 铁头 800
1515,17:46:54,hit_1515_20260730_174654.csv,512,NORMAL,HIGH,0,0,118,0,500000,6065028,6065028,-3611197,1634891.8,,800,,坏棒 总长 1000 任意重度敲 铁头 800
1516,17:46:58,hit_1516_20260730_174658.csv,512,DEFECT,HIGH,0,22,118,205,500000,4055709,2951067,-4055709,-240853.7,,800,-595,坏棒 总长 1000 任意重度敲 铁头 800
1517,17:46:58,hit_1517_20260730_174658.csv,512,DEFECT,HIGH,0,84,116,695,500000,4657046,4657046,-3562949,688758.8,,800,-105,坏棒 总长 1000 任意重度敲 铁头 800
1518,17:46:58,hit_1518_20260730_174658.csv,512,DEFECT,HIGH,0,37,117,349,500000,4572583,4572583,-3610105,585208.1,,800,-451,坏棒 总长 1000 任意重度敲 铁头 800
1519,17:46:58,hit_1519_20260730_174658.csv,512,DEFECT,HIGH,0,36,116,342,500000,4296302,4296302,-3456007,488871.1,,800,-458,坏棒 总长 1000 任意重度敲 铁头 800
1520,17:46:59,hit_1520_20260730_174659.csv,512,DEFECT,HIGH,0,22,119,203,500000,4866161,4866161,-3777585,666626.6,,800,-597,坏棒 总长 1000 任意重度敲 铁头 800
1521,17:46:59,hit_1521_20260730_174659.csv,512,NORMAL,HIGH,0,0,117,0,500000,4982058,4982058,-3469120,854696.0,,800,,坏棒 总长 1000 任意重度敲 铁头 800
1522,17:46:59,hit_1522_20260730_174659.csv,512,DEFECT,HIGH,0,86,117,707,500000,4229453,4229453,-4157446,15512.4,,800,-93,坏棒 总长 1000 任意重度敲 铁头 800
1523,17:46:59,hit_1523_20260730_174659.csv,512,DEFECT,HIGH,0,21,120,192,500000,4510102,4510102,-4408246,146968.1,,800,-608,坏棒 总长 1000 任意重度敲 铁头 800
1524,17:46:59,hit_1524_20260730_174659.csv,512,DEFECT,HIGH,0,23,119,212,500000,5605083,5605083,-3371096,1330499.1,,800,-588,坏棒 总长 1000 任意重度敲 铁头 800
1525,17:47:00,hit_1525_20260730_174700.csv,512,DEFECT,HIGH,0,21,119,194,500000,4364075,4364075,-3869034,276063.9,,800,-606,坏棒 总长 1000 任意重度敲 铁头 800
1526,17:47:00,hit_1526_20260730_174700.csv,512,DEFECT,LOW,0,22,0,209,500000,4608988,4221451,-4608988,-76286.1,,800,-591,坏棒 总长 1000 任意重度敲 铁头 800
1527,17:47:00,hit_1527_20260730_174700.csv,512,DEFECT,HIGH,0,25,121,227,500000,5009858,5009858,-3897626,621939.9,,800,-573,坏棒 总长 1000 任意重度敲 铁头 800
1528,17:47:00,hit_1528_20260730_174700.csv,512,DEFECT,HIGH,0,86,117,707,500000,4625074,4625074,-3569751,537434.1,,800,-93,坏棒 总长 1000 任意重度敲 铁头 800
1529,17:47:01,hit_1529_20260730_174701.csv,512,DEFECT,HIGH,0,24,104,247,500000,4844234,4722954,-4844234,101718.4,,800,-553,坏棒 总长 1000 任意重度敲 铁头 800
1530,17:47:01,hit_1530_20260730_174701.csv,512,DEFECT,HIGH,0,24,122,216,500000,5087519,5087519,-3927753,873307.2,,800,-584,坏棒 总长 1000 任意重度敲 铁头 800
1531,17:47:01,hit_1531_20260730_174701.csv,512,DEFECT,HIGH,0,21,118,196,500000,4923598,4923598,-3597375,858386.4,,800,-604,坏棒 总长 1000 任意重度敲 铁头 800
1532,17:47:01,hit_1532_20260730_174701.csv,512,NORMAL,HIGH,0,0,118,0,500000,5071336,5071336,-3608447,1008641.0,,800,,坏棒 总长 1000 任意重度敲 铁头 800
1533,17:47:02,hit_1533_20260730_174702.csv,512,DEFECT,HIGH,0,23,124,203,500000,4608524,4111898,-4608524,-102898.5,,800,-597,坏棒 总长 1000 任意重度敲 铁头 800
1534,17:47:02,hit_1534_20260730_174702.csv,512,DEFECT,HIGH,0,34,118,317,500000,5064150,5064150,-3305542,1092352.3,,800,-483,坏棒 总长 1000 任意重度敲 铁头 800
1535,17:47:02,hit_1535_20260730_174702.csv,512,DEFECT,HIGH,0,85,118,691,500000,3833135,3809010,-3833135,84178.7,,800,-109,坏棒 总长 1000 任意重度敲 铁头 800
1536,17:47:02,hit_1536_20260730_174702.csv,512,NORMAL,HIGH,0,0,116,0,500000,4682338,4682338,-3278250,918837.3,,800,,坏棒 总长 1000 任意重度敲 铁头 800
1537,17:47:03,hit_1537_20260730_174703.csv,512,NORMAL,HIGH,0,0,116,0,500000,4778429,4778429,-3151593,1007246.8,,800,,坏棒 总长 1000 任意重度敲 铁头 800
1538,17:47:03,hit_1538_20260730_174703.csv,512,DEFECT,HIGH,0,29,123,258,500000,6637195,6637195,-3982845,1865180.8,,800,-542,坏棒 总长 1000 任意重度敲 铁头 800
1539,17:47:03,hit_1539_20260730_174703.csv,512,DEFECT,HIGH,0,29,122,261,500000,6033596,6033596,-4136494,1064482.0,,800,-539,坏棒 总长 1000 任意重度敲 铁头 800
1540,17:47:03,hit_1540_20260730_174703.csv,512,DEFECT,HIGH,0,21,117,198,500000,4655181,4655181,-3698912,471035.1,,800,-602,坏棒 总长 1000 任意重度敲 铁头 800
1541,17:47:04,hit_1541_20260730_174704.csv,512,DEFECT,LOW,0,21,0,200,500000,4269450,2864245,-4269450,-106644.9,,800,-600,坏棒 总长 1000 任意重度敲 铁头 800
1542,17:47:04,hit_1542_20260730_174704.csv,512,DEFECT,HIGH,0,24,120,220,500000,5595889,5595889,-3503050,939594.6,,800,-580,坏棒 总长 1000 任意重度敲 铁头 800
1543,17:47:04,hit_1543_20260730_174704.csv,512,DEFECT,HIGH,0,24,120,220,500000,4838637,4838637,-4008023,336040.9,,800,-580,坏棒 总长 1000 任意重度敲 铁头 800
1544,17:47:04,hit_1544_20260730_174704.csv,512,DEFECT,HIGH,0,25,119,231,500000,5930132,5930132,-3490222,1190172.7,,800,-569,坏棒 总长 1000 任意重度敲 铁头 800
1545,17:47:04,hit_1545_20260730_174704.csv,512,DEFECT,HIGH,0,86,119,694,500000,3870148,3870148,-3824437,28419.2,,800,-106,坏棒 总长 1000 任意重度敲 铁头 800
1546,17:47:05,hit_1546_20260730_174705.csv,512,DEFECT,HIGH,0,27,99,272,500000,5548889,5548889,-4106572,934756.3,,800,-528,坏棒 总长 1000 任意重度敲 铁头 800
1547,17:47:05,hit_1547_20260730_174705.csv,512,DEFECT,HIGH,0,21,120,192,500000,4431146,4431146,-3836456,356967.9,,800,-608,坏棒 总长 1000 任意重度敲 铁头 800
1548,17:47:05,hit_1548_20260730_174705.csv,512,DEFECT,HIGH,0,39,119,361,500000,4315257,4315257,-3853126,282826.5,,800,-439,坏棒 总长 1000 任意重度敲 铁头 800
1549,17:47:05,hit_1549_20260730_174705.csv,512,DEFECT,HIGH,0,22,101,222,500000,5167201,5167201,-4529762,443091.7,,800,-578,坏棒 总长 1000 任意重度敲 铁头 800
1550,17:47:06,hit_1550_20260730_174706.csv,512,DEFECT,HIGH,0,23,119,212,500000,4702055,4702055,-3859822,350902.4,,800,-588,坏棒 总长 1000 任意重度敲 铁头 800
1551,17:47:06,hit_1551_20260730_174706.csv,512,DEFECT,HIGH,0,23,120,211,500000,5034099,5034099,-3719816,865262.7,,800,-589,坏棒 总长 1000 任意重度敲 铁头 800
1552,17:47:06,hit_1552_20260730_174706.csv,512,DEFECT,HIGH,0,39,117,367,500000,4503285,4503285,-3636320,444557.2,,800,-433,坏棒 总长 1000 任意重度敲 铁头 800
1553,17:47:06,hit_1553_20260730_174706.csv,512,NORMAL,HIGH,0,0,118,0,500000,5158801,5158801,-3595307,1232420.2,,800,,坏棒 总长 1000 任意重度敲 铁头 800
1554,17:47:07,hit_1554_20260730_174707.csv,512,DEFECT,HIGH,0,21,117,198,500000,5354403,5354403,-3213792,1208064.4,,800,-602,坏棒 总长 1000 任意重度敲 铁头 800
1555,17:47:07,hit_1555_20260730_174707.csv,512,NORMAL,HIGH,0,0,115,0,500000,4781185,4781185,-2972618,1079336.0,,800,,坏棒 总长 1000 任意重度敲 铁头 800
1556,17:47:07,hit_1556_20260730_174707.csv,512,DEFECT,HIGH,0,77,118,616,500000,3245733,2500948,-3245733,-144208.8,,800,-184,坏棒 总长 1000 任意重度敲 铁头 800
1557,17:47:07,hit_1557_20260730_174707.csv,512,DEFECT,HIGH,0,84,117,688,500000,4240641,4240641,-3557522,457897.8,,800,-112,坏棒 总长 1000 任意重度敲 铁头 800
1558,17:47:08,hit_1558_20260730_174708.csv,512,DEFECT,HIGH,0,21,118,196,500000,5290029,5290029,-3299086,1185431.5,,800,-604,坏棒 总长 1000 任意重度敲 铁头 800
1559,17:47:08,hit_1559_20260730_174708.csv,512,DEFECT,HIGH,0,22,117,207,500000,5348135,5348135,-3474585,994085.4,,800,-593,坏棒 总长 1000 任意重度敲 铁头 800
1560,17:47:08,hit_1560_20260730_174708.csv,512,DEFECT,HIGH,0,86,116,714,500000,4185166,4185166,-3967925,192995.3,,800,-86,坏棒 总长 1000 任意重度敲 铁头 800
1561,17:47:08,hit_1561_20260730_174708.csv,512,NORMAL,HIGH,0,0,114,0,500000,4875691,4875691,-2851596,1119736.7,,800,,坏棒 总长 1000 任意重度敲 铁头 800
1562,17:47:09,hit_1562_20260730_174709.csv,512,DEFECT,HIGH,0,83,118,672,500000,4063106,3532943,-4063106,-225948.7,,800,-128,坏棒 总长 1000 任意重度敲 铁头 800
1563,17:47:09,hit_1563_20260730_174709.csv,512,DEFECT,HIGH,0,86,119,694,500000,4284641,4284641,-4045586,92104.2,,800,-106,坏棒 总长 1000 任意重度敲 铁头 800
1564,17:47:09,hit_1564_20260730_174709.csv,512,DEFECT,HIGH,0,85,118,691,500000,4078803,3749963,-4078803,-211876.0,,800,-109,坏棒 总长 1000 任意重度敲 铁头 800
1565,17:47:09,hit_1565_20260730_174709.csv,512,NORMAL,HIGH,0,0,117,0,500000,5341864,5341864,-3478662,1108501.5,,800,,坏棒 总长 1000 任意重度敲 铁头 800
1566,17:47:10,hit_1566_20260730_174710.csv,512,DEFECT,HIGH,0,24,118,224,500000,4884455,4884455,-3813119,527775.1,,800,-576,坏棒 总长 1000 任意重度敲 铁头 800
1567,17:47:10,hit_1567_20260730_174710.csv,512,DEFECT,HIGH,0,24,118,224,500000,5215448,5215448,-3644210,857136.4,,800,-576,坏棒 总长 1000 任意重度敲 铁头 800
1568,17:47:10,hit_1568_20260730_174710.csv,512,NORMAL,HIGH,0,0,118,0,500000,5483112,5483112,-3630855,1185451.8,,800,,坏棒 总长 1000 任意重度敲 铁头 800
1569,17:47:10,hit_1569_20260730_174710.csv,512,DEFECT,HIGH,0,22,118,205,500000,5001149,5001149,-3537982,763845.1,,800,-595,坏棒 总长 1000 任意重度敲 铁头 800
1570,17:47:11,hit_1570_20260730_174711.csv,512,DEFECT,HIGH,0,37,116,352,500000,4942293,4942293,-3348923,867928.8,,800,-448,坏棒 总长 1000 任意重度敲 铁头 800
1571,17:47:11,hit_1571_20260730_174711.csv,512,NORMAL,HIGH,0,0,116,0,500000,4596268,4596268,-3588644,724946.1,,800,,坏棒 总长 1000 任意重度敲 铁头 800
1572,17:47:11,hit_1572_20260730_174711.csv,512,DEFECT,HIGH,0,86,117,707,500000,4191400,4191400,-3853356,180554.6,,800,-93,坏棒 总长 1000 任意重度敲 铁头 800
1573,17:47:11,hit_1573_20260730_174711.csv,512,DEFECT,HIGH,0,38,117,358,500000,4693282,4693282,-3564242,653221.8,,800,-442,坏棒 总长 1000 任意重度敲 铁头 800
1574,17:47:11,hit_1574_20260730_174711.csv,512,NORMAL,HIGH,0,0,114,0,500000,4888427,4888427,-3332207,1086346.5,,800,,坏棒 总长 1000 任意重度敲 铁头 800
1575,17:47:12,hit_1575_20260730_174712.csv,512,NORMAL,HIGH,0,0,114,0,500000,4703534,4703534,-3269668,1069143.2,,800,,坏棒 总长 1000 任意重度敲 铁头 800
1576,17:47:12,hit_1576_20260730_174712.csv,512,NORMAL,HIGH,0,0,115,0,500000,4427306,4427306,-3640772,599115.4,,800,,坏棒 总长 1000 任意重度敲 铁头 800
1577,17:47:12,hit_1577_20260730_174712.csv,512,NORMAL,HIGH,0,0,120,0,500000,5678654,5678654,-2838621,1954533.2,,800,,坏棒 总长 1000 任意重度敲 铁头 800
1578,17:47:12,hit_1578_20260730_174712.csv,512,DEFECT,HIGH,0,23,122,207,500000,4700298,4451295,-4700298,-72700.9,,800,-593,坏棒 总长 1000 任意重度敲 铁头 800
1579,17:47:13,hit_1579_20260730_174713.csv,512,DEFECT,HIGH,0,34,115,326,500000,4110030,4110030,-3052760,615788.8,,800,-474,坏棒 总长 1000 任意重度敲 铁头 800
1580,17:47:13,hit_1580_20260730_174713.csv,512,NORMAL,HIGH,0,0,114,0,500000,4408858,4408858,-3489504,790665.8,,800,,坏棒 总长 1000 任意重度敲 铁头 800
1581,17:47:13,hit_1581_20260730_174713.csv,512,DEFECT,HIGH,0,22,119,203,500000,4818825,4818825,-3747668,571448.1,,800,-597,坏棒 总长 1000 任意重度敲 铁头 800
1582,17:47:13,hit_1582_20260730_174713.csv,512,DEFECT,HIGH,0,85,119,685,500000,3969904,3936643,-3969904,80117.2,,800,-115,坏棒 总长 1000 任意重度敲 铁头 800
1583,17:47:14,hit_1583_20260730_174714.csv,512,NORMAL,HIGH,0,0,115,0,500000,4877403,4877403,-2978639,1192401.9,,800,,坏棒 总长 1000 任意重度敲 铁头 800
1584,17:47:14,hit_1584_20260730_174714.csv,512,DEFECT,HIGH,0,90,117,745,500000,3954405,3892387,-3954405,-76886.8,,800,-55,坏棒 总长 1000 任意重度敲 铁头 800
1585,17:47:14,hit_1585_20260730_174714.csv,512,DEFECT,HIGH,0,36,115,346,500000,4497479,4497479,-3469852,665217.8,,800,-454,坏棒 总长 1000 任意重度敲 铁头 800
1586,17:47:14,hit_1586_20260730_174714.csv,512,DEFECT,HIGH,0,40,118,373,500000,4491730,4491730,-3855140,445623.8,,800,-427,坏棒 总长 1000 任意重度敲 铁头 800
1587,17:47:14,hit_1587_20260730_174714.csv,512,DEFECT,HIGH,0,85,117,698,500000,4114880,4114880,-3803216,166965.0,,800,-102,坏棒 总长 1000 任意重度敲 铁头 800
1588,17:47:15,hit_1588_20260730_174715.csv,512,DEFECT,HIGH,0,85,118,691,500000,4225197,4225197,-3917044,128955.3,,800,-109,坏棒 总长 1000 任意重度敲 铁头 800
1589,17:47:15,hit_1589_20260730_174715.csv,512,NORMAL,HIGH,0,0,115,0,500000,4919376,4919376,-3150044,990245.6,,800,,坏棒 总长 1000 任意重度敲 铁头 800
1590,17:47:15,hit_1590_20260730_174715.csv,512,DEFECT,HIGH,0,37,116,352,500000,4720761,4720761,-3370199,813512.8,,800,-448,坏棒 总长 1000 任意重度敲 铁头 800
1591,17:47:15,hit_1591_20260730_174715.csv,512,DEFECT,HIGH,0,39,117,367,500000,4066647,4066647,-3820235,238837.6,,800,-433,坏棒 总长 1000 任意重度敲 铁头 800
1592,17:47:15,hit_1592_20260730_174715.csv,512,DEFECT,HIGH,0,83,120,660,500000,4027407,3334325,-4027407,-18207.9,,800,-140,坏棒 总长 1000 任意重度敲 铁头 800
1593,17:47:16,hit_1593_20260730_174716.csv,512,DEFECT,HIGH,0,38,117,358,500000,4133670,4133670,-3698971,339539.4,,800,-442,坏棒 总长 1000 任意重度敲 铁头 800
1594,17:47:16,hit_1594_20260730_174716.csv,512,DEFECT,HIGH,0,86,119,694,500000,4190841,4109506,-4190841,39005.3,,800,-106,坏棒 总长 1000 任意重度敲 铁头 800
1595,17:47:16,hit_1595_20260730_174716.csv,512,DEFECT,HIGH,0,84,119,675,500000,4016663,3423874,-4016663,-191626.9,,800,-125,坏棒 总长 1000 任意重度敲 铁头 800
1596,17:47:16,hit_1596_20260730_174716.csv,512,DEFECT,HIGH,0,87,120,697,500000,3912798,3878180,-3912798,142635.6,,800,-103,坏棒 总长 1000 任意重度敲 铁头 800
1597,17:47:16,hit_1597_20260730_174716.csv,512,DEFECT,HIGH,0,86,118,700,500000,4018056,4018056,-3868782,99568.1,,800,-100,坏棒 总长 1000 任意重度敲 铁头 800
1598,17:47:17,hit_1598_20260730_174717.csv,512,DEFECT,HIGH,0,86,117,707,500000,4343909,4343909,-3889361,229542.3,,800,-93,坏棒 总长 1000 任意重度敲 铁头 800
1599,17:47:17,hit_1599_20260730_174717.csv,512,NORMAL,HIGH,0,0,117,0,500000,4572491,4572491,-3680868,676962.4,,800,,坏棒 总长 1000 任意重度敲 铁头 800
1600,17:47:17,hit_1600_20260730_174717.csv,512,NORMAL,HIGH,0,0,115,0,500000,4993305,4993305,-3397625,1051418.0,,800,,坏棒 总长 1000 任意重度敲 铁头 800
1601,17:47:17,hit_1601_20260730_174717.csv,512,NORMAL,HIGH,0,0,116,0,500000,4730226,4730226,-3508673,868586.5,,800,,坏棒 总长 1000 任意重度敲 铁头 800
1602,17:47:18,hit_1602_20260730_174718.csv,512,DEFECT,HIGH,0,38,116,361,500000,4524705,4524705,-3694639,600233.8,,800,-439,坏棒 总长 1000 任意重度敲 铁头 800
1603,17:47:18,hit_1603_20260730_174718.csv,512,DEFECT,HIGH,0,39,116,371,500000,4312022,4312022,-3772412,353085.2,,800,-429,坏棒 总长 1000 任意重度敲 铁头 800
1604,17:47:18,hit_1604_20260730_174718.csv,512,NORMAL,HIGH,0,0,115,0,500000,4656528,4656528,-3399572,858317.2,,800,,坏棒 总长 1000 任意重度敲 铁头 800
1605,17:47:18,hit_1605_20260730_174718.csv,512,NORMAL,HIGH,0,0,116,0,500000,5467818,5467818,-3165265,1339031.9,,800,,坏棒 总长 1000 任意重度敲 铁头 800
1606,17:47:19,hit_1606_20260730_174719.csv,512,DEFECT,HIGH,0,25,117,235,500000,5145748,5145748,-3746014,700014.7,,800,-565,坏棒 总长 1000 任意重度敲 铁头 800
1607,17:47:19,hit_1607_20260730_174719.csv,512,DEFECT,HIGH,0,24,119,222,500000,4932568,4932568,-3852850,515579.2,,800,-578,坏棒 总长 1000 任意重度敲 铁头 800
1608,17:47:19,hit_1608_20260730_174719.csv,512,DEFECT,HIGH,0,26,119,240,500000,5180078,5180078,-3881649,699149.6,,800,-560,坏棒 总长 1000 任意重度敲 铁头 800
1609,17:47:19,hit_1609_20260730_174719.csv,512,DEFECT,HIGH,0,85,115,711,500000,4273613,4273613,-3579488,368894.3,,800,-89,坏棒 总长 1000 任意重度敲 铁头 800
1610,17:47:19,hit_1610_20260730_174719.csv,512,DEFECT,HIGH,0,83,120,660,500000,3900586,2886023,-3900586,-117756.0,,800,-140,坏棒 总长 1000 任意重度敲 铁头 800
1611,17:47:20,hit_1611_20260730_174720.csv,512,DEFECT,HIGH,0,88,117,726,500000,4462316,4462316,-3797502,311702.3,,800,-74,坏棒 总长 1000 任意重度敲 铁头 800
1612,17:47:20,hit_1612_20260730_174720.csv,512,DEFECT,HIGH,0,39,118,364,500000,4523749,4523749,-3690380,457573.1,,800,-436,坏棒 总长 1000 任意重度敲 铁头 800
1613,17:47:20,hit_1613_20260730_174720.csv,512,DEFECT,HIGH,0,83,116,685,500000,4312047,4312047,-3331717,584898.7,,800,-115,坏棒 总长 1000 任意重度敲 铁头 800
1614,17:47:20,hit_1614_20260730_174720.csv,512,DEFECT,HIGH,0,39,118,364,500000,4370420,4370420,-3774454,372415.1,,800,-436,坏棒 总长 1000 任意重度敲 铁头 800
1615,17:47:21,hit_1615_20260730_174721.csv,512,DEFECT,HIGH,0,38,117,358,500000,4290470,4290470,-3649831,365833.0,,800,-442,坏棒 总长 1000 任意重度敲 铁头 800
1616,17:47:21,hit_1616_20260730_174721.csv,512,DEFECT,HIGH,0,36,116,342,500000,4901934,4901934,-3108648,974997.4,,800,-458,坏棒 总长 1000 任意重度敲 铁头 800
1617,17:47:21,hit_1617_20260730_174721.csv,512,DEFECT,HIGH,0,38,117,358,500000,4262818,4262818,-3684409,387611.9,,800,-442,坏棒 总长 1000 任意重度敲 铁头 800
1618,17:47:21,hit_1618_20260730_174721.csv,512,DEFECT,HIGH,0,24,117,226,500000,4854223,4854223,-3833603,322059.0,,800,-574,坏棒 总长 1000 任意重度敲 铁头 800
1619,17:47:22,hit_1619_20260730_174722.csv,512,DEFECT,HIGH,0,39,117,367,500000,4510834,4510834,-3622551,590360.9,,800,-433,坏棒 总长 1000 任意重度敲 铁头 800
1620,17:47:22,hit_1620_20260730_174722.csv,512,NORMAL,HIGH,0,0,117,0,500000,5250431,5250431,-3306903,1183140.6,,800,,坏棒 总长 1000 任意重度敲 铁头 800
1621,17:47:22,hit_1621_20260730_174722.csv,512,DEFECT,HIGH,0,22,117,207,500000,4732412,4732412,-3687200,459879.6,,800,-593,坏棒 总长 1000 任意重度敲 铁头 800
1622,17:47:22,hit_1622_20260730_174722.csv,512,NORMAL,HIGH,0,0,116,0,500000,5327527,5327527,-3205254,1175836.2,,800,,坏棒 总长 1000 任意重度敲 铁头 800
1623,17:47:23,hit_1623_20260730_174723.csv,512,DEFECT,HIGH,0,24,118,224,500000,5032325,5032325,-3744175,703430.6,,800,-576,坏棒 总长 1000 任意重度敲 铁头 800
1624,17:47:23,hit_1624_20260730_174723.csv,512,DEFECT,HIGH,0,21,121,190,500000,3987349,3152939,-3987349,-108792.5,,800,-610,坏棒 总长 1000 任意重度敲 铁头 800
1625,17:47:23,hit_1625_20260730_174723.csv,512,DEFECT,HIGH,0,21,120,192,500000,4886086,4886086,-3764773,779781.1,,800,-608,坏棒 总长 1000 任意重度敲 铁头 800
1626,17:47:23,hit_1626_20260730_174723.csv,512,DEFECT,HIGH,0,40,117,377,500000,4411282,4411282,-3781113,527527.5,,800,-423,坏棒 总长 1000 任意重度敲 铁头 800
1627,17:47:24,hit_1627_20260730_174724.csv,512,DEFECT,HIGH,0,37,114,359,500000,4349129,4349129,-3471311,651098.0,,800,-441,坏棒 总长 1000 任意重度敲 铁头 800
1628,17:47:24,hit_1628_20260730_174724.csv,512,DEFECT,HIGH,0,21,121,190,500000,4805639,4805639,-4410966,357087.5,,800,-610,坏棒 总长 1000 任意重度敲 铁头 800
1629,17:47:24,hit_1629_20260730_174724.csv,512,NORMAL,HIGH,0,0,118,0,500000,5806561,5806561,-3554472,1381339.1,,800,,坏棒 总长 1000 任意重度敲 铁头 800
1630,17:47:24,hit_1630_20260730_174724.csv,512,DEFECT,HIGH,0,88,115,740,500000,4925540,4925540,-3066405,783556.7,,800,-60,坏棒 总长 1000 任意重度敲 铁头 800
1631,17:47:25,hit_1631_20260730_174725.csv,512,NORMAL,HIGH,0,0,115,0,500000,5254330,5254330,-2917653,1251456.0,,800,,坏棒 总长 1000 任意重度敲 铁头 800
1632,17:47:25,hit_1632_20260730_174725.csv,512,NORMAL,HIGH,0,0,119,0,500000,5656287,5656287,-2934081,1909971.3,,800,,坏棒 总长 1000 任意重度敲 铁头 800
1633,17:47:25,hit_1633_20260730_174725.csv,512,NORMAL,HIGH,0,0,115,0,500000,4853320,4853320,-3294315,1121726.9,,800,,坏棒 总长 1000 任意重度敲 铁头 800
1634,17:47:25,hit_1634_20260730_174725.csv,512,DEFECT,HIGH,0,38,117,358,500000,4418283,4418283,-3560706,533220.0,,800,-442,坏棒 总长 1000 任意重度敲 铁头 800
1635,17:47:26,hit_1635_20260730_174726.csv,512,DEFECT,HIGH,0,85,116,704,500000,4110083,3944922,-4110083,-120488.8,,800,-96,坏棒 总长 1000 任意重度敲 铁头 800
1636,17:47:26,hit_1636_20260730_174726.csv,512,DEFECT,HIGH,0,38,116,361,500000,4480008,4480008,-3638177,557333.4,,800,-439,坏棒 总长 1000 任意重度敲 铁头 800
1637,17:47:26,hit_1637_20260730_174726.csv,512,NORMAL,HIGH,0,0,116,0,500000,4856437,4856437,-3531663,918034.3,,800,,坏棒 总长 1000 任意重度敲 铁头 800
1638,17:47:26,hit_1638_20260730_174726.csv,512,NORMAL,HIGH,0,0,114,0,500000,5356002,5356002,-3275383,1639644.2,,800,,坏棒 总长 1000 任意重度敲 铁头 800
1639,17:47:26,hit_1639_20260730_174726.csv,512,DEFECT,HIGH,0,81,113,686,500000,4879860,4879860,-2974878,1127093.2,,800,-114,坏棒 总长 1000 任意重度敲 铁头 800
1640,17:47:27,hit_1640_20260730_174727.csv,512,NORMAL,HIGH,0,0,114,0,500000,5307946,5307946,-2806276,1702676.3,,800,,坏棒 总长 1000 任意重度敲 铁头 800
1641,17:47:27,hit_1641_20260730_174727.csv,512,NORMAL,HIGH,0,0,119,0,500000,5511329,5511329,-2726251,1919446.8,,800,,坏棒 总长 1000 任意重度敲 铁头 800
1642,17:47:27,hit_1642_20260730_174727.csv,512,NORMAL,HIGH,0,0,115,0,500000,5203440,5203440,-3201531,1444984.3,,800,,坏棒 总长 1000 任意重度敲 铁头 800
1643,17:47:28,hit_1643_20260730_174728.csv,512,NORMAL,HIGH,0,0,118,0,500000,5636363,5636363,-2678959,2006195.9,,800,,坏棒 总长 1000 任意重度敲 铁头 800
1644,17:47:28,hit_1644_20260730_174728.csv,512,NORMAL,HIGH,0,0,114,0,500000,4919603,4919603,-3121570,1000901.6,,800,,坏棒 总长 1000 任意重度敲 铁头 800
1645,17:47:28,hit_1645_20260730_174728.csv,512,DEFECT,HIGH,0,22,118,205,500000,5080726,5080726,-3693357,727532.1,,800,-595,坏棒 总长 1000 任意重度敲 铁头 800
1646,17:47:28,hit_1646_20260730_174728.csv,512,DEFECT,HIGH,0,23,119,212,500000,5795128,5795128,-3535323,1147408.4,,800,-588,坏棒 总长 1000 任意重度敲 铁头 800
1647,17:47:28,hit_1647_20260730_174728.csv,512,DEFECT,HIGH,0,23,118,214,500000,4748422,4748422,-3975238,40974.9,,800,-586,坏棒 总长 1000 任意重度敲 铁头 800
1648,17:47:29,hit_1648_20260730_174729.csv,512,DEFECT,HIGH,0,89,118,728,500000,4458166,4458166,-4021051,107320.6,,800,-72,坏棒 总长 1000 任意重度敲 铁头 800
1649,17:47:29,hit_1649_20260730_174729.csv,512,NORMAL,HIGH,0,0,119,0,500000,5545902,5545902,-3636546,1403095.5,,800,,坏棒 总长 1000 任意重度敲 铁头 800
1650,17:47:29,hit_1650_20260730_174729.csv,512,NORMAL,HIGH,0,0,119,0,500000,5266278,5266278,-2710775,1669320.7,,800,,坏棒 总长 1000 任意重度敲 铁头 800
1651,17:47:29,hit_1651_20260730_174729.csv,512,DEFECT,HIGH,0,86,119,694,500000,4103247,4103247,-4070614,138269.5,,800,-106,坏棒 总长 1000 任意重度敲 铁头 800
1652,17:47:30,hit_1652_20260730_174730.csv,512,NORMAL,HIGH,0,0,115,0,500000,4216915,4216915,-3663574,565365.4,,800,,坏棒 总长 1000 任意重度敲 铁头 800
1653,17:47:30,hit_1653_20260730_174730.csv,512,DEFECT,HIGH,0,85,116,704,500000,3904410,3904410,-3900765,108924.8,,800,-96,坏棒 总长 1000 任意重度敲 铁头 800
1654,17:47:30,hit_1654_20260730_174730.csv,512,NORMAL,HIGH,0,0,116,0,500000,4523490,4523490,-3453235,780311.9,,800,,坏棒 总长 1000 任意重度敲 铁头 800
1655,17:47:30,hit_1655_20260730_174730.csv,512,NORMAL,HIGH,0,0,115,0,500000,4970629,4970629,-3248085,1159946.3,,800,,坏棒 总长 1000 任意重度敲 铁头 800
1656,17:47:30,hit_1656_20260730_174730.csv,512,DEFECT,HIGH,0,84,116,695,500000,4006894,4006894,-3752540,310844.5,,800,-105,坏棒 总长 1000 任意重度敲 铁头 800
1657,17:47:31,hit_1657_20260730_174731.csv,512,DEFECT,HIGH,0,84,117,688,500000,3887341,3887341,-3831168,176446.9,,800,-112,坏棒 总长 1000 任意重度敲 铁头 800
1658,17:47:31,hit_1658_20260730_174731.csv,512,DEFECT,HIGH,0,39,116,371,500000,4377040,4377040,-3642048,575220.4,,800,-429,坏棒 总长 1000 任意重度敲 铁头 800
1659,17:47:31,hit_1659_20260730_174731.csv,512,DEFECT,HIGH,0,84,115,701,500000,4339059,4339059,-3819422,154903.3,,800,-99,坏棒 总长 1000 任意重度敲 铁头 800
1660,17:47:31,hit_1660_20260730_174731.csv,512,DEFECT,HIGH,0,84,114,708,500000,3981704,3981704,-3782997,248496.2,,800,-92,坏棒 总长 1000 任意重度敲 铁头 800
1661,17:47:32,hit_1661_20260730_174732.csv,512,NORMAL,HIGH,0,0,113,0,500000,4689204,4689204,-3067241,1041019.7,,800,,坏棒 总长 1000 任意重度敲 铁头 800
1662,17:47:32,hit_1662_20260730_174732.csv,512,DEFECT,HIGH,0,29,124,256,500000,5163687,3661491,-5163687,-586324.9,,800,-544,坏棒 总长 1000 任意重度敲 铁头 800
1663,17:47:32,hit_1663_20260730_174732.csv,512,NORMAL,HIGH,0,0,116,0,500000,5362603,5362603,-3470415,1141984.4,,800,,坏棒 总长 1000 任意重度敲 铁头 800
1664,17:47:32,hit_1664_20260730_174732.csv,512,DEFECT,HIGH,0,22,118,205,500000,4924035,4924035,-3876311,429086.3,,800,-595,坏棒 总长 1000 任意重度敲 铁头 800
1665,17:47:32,hit_1665_20260730_174732.csv,512,DEFECT,HIGH,0,26,123,232,500000,3916977,2765295,-3916977,-222547.4,,800,-568,坏棒 总长 1000 任意重度敲 铁头 800
1666,17:47:33,hit_1666_20260730_174733.csv,512,DEFECT,HIGH,0,22,118,205,500000,4455703,4455703,-3854937,174225.3,,800,-595,坏棒 总长 1000 任意重度敲 铁头 800
1667,17:47:33,hit_1667_20260730_174733.csv,512,DEFECT,HIGH,0,21,118,196,500000,5004816,5004816,-3542268,610160.4,,800,-604,坏棒 总长 1000 任意重度敲 铁头 800
1668,17:47:33,hit_1668_20260730_174733.csv,512,NORMAL,HIGH,0,0,119,0,500000,5230437,5230437,-3822946,1005773.6,,800,,坏棒 总长 1000 任意重度敲 铁头 800
1669,17:47:33,hit_1669_20260730_174733.csv,512,DEFECT,HIGH,0,33,116,314,500000,3704597,3704597,-3182262,524872.1,,800,-486,坏棒 总长 1000 任意重度敲 铁头 800
1670,17:47:34,hit_1670_20260730_174734.csv,512,DEFECT,HIGH,0,22,117,207,500000,5049125,5049125,-3538534,698261.9,,800,-593,坏棒 总长 1000 任意重度敲 铁头 800
1671,17:47:34,hit_1671_20260730_174734.csv,512,DEFECT,HIGH,0,26,122,234,500000,4824510,4824510,-4378953,419122.2,,800,-566,坏棒 总长 1000 任意重度敲 铁头 800
1672,17:47:34,hit_1672_20260730_174734.csv,512,NORMAL,HIGH,0,0,115,0,500000,5047526,5047526,-2959221,1276623.3,,800,,坏棒 总长 1000 任意重度敲 铁头 800
1673,17:47:34,hit_1673_20260730_174734.csv,512,NORMAL,HIGH,0,0,116,0,500000,4859973,4859973,-3358055,999523.2,,800,,坏棒 总长 1000 任意重度敲 铁头 800
1674,17:47:35,hit_1674_20260730_174735.csv,512,NORMAL,HIGH,0,0,118,0,500000,7520757,7520757,-2303510,2820687.0,,800,,坏棒 总长 1000 任意重度敲 铁头 800
1675,17:47:35,hit_1675_20260730_174735.csv,512,DEFECT,HIGH,0,22,123,196,500000,4850144,4850144,-4365228,-14363.9,,800,-604,坏棒 总长 1000 任意重度敲 铁头 800
1676,17:47:37,hit_1676_20260730_174737.csv,512,DEFECT,HIGH,0,86,117,707,500000,4272390,4272390,-4195233,305768.5,,800,-93,坏棒 总长 1000 任意重度敲 铁头 800
1677,17:47:37,hit_1677_20260730_174737.csv,512,NORMAL,HIGH,0,0,113,0,500000,5238400,5238400,-3285267,1153020.4,,800,,坏棒 总长 1000 任意重度敲 铁头 800
1678,17:47:38,hit_1678_20260730_174738.csv,512,DEFECT,HIGH,0,23,122,207,500000,4760416,3849386,-4760416,-275700.9,,800,-593,坏棒 总长 1000 任意重度敲 铁头 800
1679,17:47:38,hit_1679_20260730_174738.csv,512,DEFECT,HIGH,0,37,118,345,500000,4361685,4361685,-3554794,495122.2,,800,-455,坏棒 总长 1000 任意重度敲 铁头 800
1680,17:47:38,hit_1680_20260730_174738.csv,512,DEFECT,HIGH,0,82,116,676,500000,4135294,3491755,-4135294,-325778.5,,800,-124,坏棒 总长 1000 任意重度敲 铁头 800
1681,17:47:38,hit_1681_20260730_174738.csv,512,DEFECT,HIGH,0,86,119,694,500000,3989964,3928614,-3989964,103687.4,,800,-106,坏棒 总长 1000 任意重度敲 铁头 800
1682,17:47:39,hit_1682_20260730_174739.csv,512,NORMAL,HIGH,0,0,116,0,500000,4860366,4860366,-3284572,1029432.9,,800,,坏棒 总长 1000 任意重度敲 铁头 800
1683,17:47:39,hit_1683_20260730_174739.csv,512,DEFECT,HIGH,0,85,116,704,500000,4979143,4979143,-3722115,662532.7,,800,-96,坏棒 总长 1000 任意重度敲 铁头 800
1684,17:47:39,hit_1684_20260730_174739.csv,512,DEFECT,HIGH,0,84,115,701,500000,5452825,5452825,-3551413,971976.3,,800,-99,坏棒 总长 1000 任意重度敲 铁头 800
1685,17:47:39,hit_1685_20260730_174739.csv,512,DEFECT,HIGH,0,85,115,711,500000,4890758,4890758,-3700592,617563.3,,800,-89,坏棒 总长 1000 任意重度敲 铁头 800
1686,17:47:40,hit_1686_20260730_174740.csv,512,DEFECT,HIGH,0,82,113,696,500000,3723217,3723217,-3670877,12351.4,,800,-104,坏棒 总长 1000 任意重度敲 铁头 800
1687,17:47:40,hit_1687_20260730_174740.csv,512,DEFECT,HIGH,0,26,122,234,500000,5058056,3931320,-5058056,-289925.9,,800,-566,坏棒 总长 1000 任意重度敲 铁头 800
1688,17:47:40,hit_1688_20260730_174740.csv,512,DEFECT,HIGH,0,23,117,216,500000,6236243,6236243,-3372088,1339792.6,,800,-584,坏棒 总长 1000 任意重度敲 铁头 800
1689,17:47:40,hit_1689_20260730_174740.csv,512,DEFECT,HIGH,0,23,117,216,500000,5077994,5077994,-3545047,448755.1,,800,-584,坏棒 总长 1000 任意重度敲 铁头 800
1690,17:47:40,hit_1690_20260730_174740.csv,512,DEFECT,HIGH,0,23,118,214,500000,5715035,5715035,-3513311,1113902.1,,800,-586,坏棒 总长 1000 任意重度敲 铁头 800
1691,17:47:41,hit_1691_20260730_174741.csv,512,DEFECT,LOW,0,22,0,209,500000,4812132,4812132,-4457672,62169.6,,800,-591,坏棒 总长 1000 任意重度敲 铁头 800
1692,17:47:41,hit_1692_20260730_174741.csv,512,DEFECT,HIGH,0,21,117,198,500000,4806966,4806966,-3575146,660081.6,,800,-602,坏棒 总长 1000 任意重度敲 铁头 800
1693,17:47:41,hit_1693_20260730_174741.csv,512,DEFECT,HIGH,0,84,117,688,500000,4036001,4036001,-3859585,106233.7,,800,-112,坏棒 总长 1000 任意重度敲 铁头 800
1694,17:47:41,hit_1694_20260730_174741.csv,512,DEFECT,HIGH,0,36,116,342,500000,4061049,4061049,-3619044,365743.6,,800,-458,坏棒 总长 1000 任意重度敲 铁头 800
1695,17:47:42,hit_1695_20260730_174742.csv,512,DEFECT,HIGH,0,21,119,194,500000,4294220,3427158,-4294220,-348879.3,,800,-606,坏棒 总长 1000 任意重度敲 铁头 800
1696,17:47:42,hit_1696_20260730_174742.csv,512,DEFECT,HIGH,0,85,117,698,500000,3949031,3845973,-3949031,91337.1,,800,-102,坏棒 总长 1000 任意重度敲 铁头 800
1697,17:47:42,hit_1697_20260730_174742.csv,512,DEFECT,HIGH,0,82,116,676,500000,3997881,3431476,-3997881,-179833.9,,800,-124,坏棒 总长 1000 任意重度敲 铁头 800
1698,17:47:42,hit_1698_20260730_174742.csv,512,DEFECT,HIGH,0,82,116,676,500000,3864978,3307348,-3864978,-151192.3,,800,-124,坏棒 总长 1000 任意重度敲 铁头 800
1699,17:47:42,hit_1699_20260730_174742.csv,512,DEFECT,HIGH,0,36,119,333,500000,3772499,2763013,-3772499,-90455.4,,800,-467,坏棒 总长 1000 任意重度敲 铁头 800
1700,17:47:42,hit_1700_20260730_174742.csv,512,DEFECT,HIGH,0,86,119,694,500000,3832570,3832570,-3797699,136071.8,,800,-106,坏棒 总长 1000 任意重度敲 铁头 800
1701,17:47:43,hit_1701_20260730_174743.csv,512,DEFECT,HIGH,0,25,122,225,500000,4802312,3588714,-4802312,-537888.6,,800,-575,坏棒 总长 1000 任意重度敲 铁头 800
1702,17:47:43,hit_1702_20260730_174743.csv,512,DEFECT,HIGH,0,85,116,704,500000,4977136,4977136,-3722986,733996.8,,800,-96,坏棒 总长 1000 任意重度敲 铁头 800
1703,17:47:43,hit_1703_20260730_174743.csv,512,DEFECT,HIGH,0,40,117,377,500000,4471495,4471495,-3843625,473990.8,,800,-423,坏棒 总长 1000 任意重度敲 铁头 800
1704,17:47:43,hit_1704_20260730_174743.csv,512,DEFECT,HIGH,0,25,120,229,500000,5136632,5136632,-4173908,395738.8,,800,-571,坏棒 总长 1000 任意重度敲 铁头 800
1705,17:47:43,hit_1705_20260730_174743.csv,512,DEFECT,HIGH,0,92,118,757,500000,7321540,7321540,-3336822,1781999.6,,800,-43,坏棒 总长 1000 任意重度敲 铁头 800
1706,17:47:44,hit_1706_20260730_174744.csv,512,DEFECT,HIGH,0,27,124,238,500000,5255024,4504984,-5255024,-427620.4,,800,-562,坏棒 总长 1000 任意重度敲 铁头 800
1707,17:47:44,hit_1707_20260730_174744.csv,512,DEFECT,HIGH,0,23,119,212,500000,4524320,4524320,-4000604,243166.2,,800,-588,坏棒 总长 1000 任意重度敲 铁头 800
1708,17:47:44,hit_1708_20260730_174744.csv,512,DEFECT,HIGH,0,86,118,700,500000,4276526,4276526,-3976637,251653.8,,800,-100,坏棒 总长 1000 任意重度敲 铁头 800
1709,17:47:44,hit_1709_20260730_174744.csv,512,DEFECT,HIGH,0,25,119,231,500000,4778621,4778621,-4005213,473688.8,,800,-569,坏棒 总长 1000 任意重度敲 铁头 800
1710,17:47:44,hit_1710_20260730_174744.csv,512,DEFECT,HIGH,0,84,116,695,500000,4521967,4521967,-3546061,676709.5,,800,-105,坏棒 总长 1000 任意重度敲 铁头 800
1711,17:47:45,hit_1711_20260730_174745.csv,512,DEFECT,HIGH,0,85,115,711,500000,4696117,4696117,-3539206,719429.3,,800,-89,坏棒 总长 1000 任意重度敲 铁头 800
1712,17:47:45,hit_1712_20260730_174745.csv,512,DEFECT,HIGH,0,23,103,223,500000,5175302,5175302,-4750826,471687.0,,800,-577,坏棒 总长 1000 任意重度敲 铁头 800
1713,17:47:45,hit_1713_20260730_174745.csv,512,NORMAL,HIGH,0,0,116,0,500000,5703342,5703342,-2826368,1501415.7,,800,,坏棒 总长 1000 任意重度敲 铁头 800
1714,17:47:45,hit_1714_20260730_174745.csv,512,NORMAL,HIGH,0,0,119,0,500000,6210398,6210398,-3423050,1936614.0,,800,,坏棒 总长 1000 任意重度敲 铁头 800
1715,17:47:46,hit_1715_20260730_174746.csv,512,NORMAL,HIGH,0,0,116,0,500000,5853356,5853356,-3340862,1756685.0,,800,,坏棒 总长 1000 任意重度敲 铁头 800
1716,17:47:46,hit_1716_20260730_174746.csv,512,NORMAL,HIGH,0,0,115,0,500000,6863492,6863492,-2954652,2223040.8,,800,,坏棒 总长 1000 任意重度敲 铁头 800
1717,17:47:46,hit_1717_20260730_174746.csv,512,DEFECT,HIGH,0,22,117,207,500000,5504025,5504025,-3418257,720970.5,,800,-593,坏棒 总长 1000 任意重度敲 铁头 800
1718,17:47:46,hit_1718_20260730_174746.csv,512,NORMAL,HIGH,0,0,117,0,500000,5752388,5752388,-3189616,1603687.5,,800,,坏棒 总长 1000 任意重度敲 铁头 800
1719,17:47:47,hit_1719_20260730_174747.csv,512,NORMAL,HIGH,0,0,117,0,500000,5930035,5930035,-3009470,2083096.2,,800,,坏棒 总长 1000 任意重度敲 铁头 800
1720,17:47:47,hit_1720_20260730_174747.csv,512,DEFECT,HIGH,0,21,118,196,500000,4585620,4585620,-3810808,606648.8,,800,-604,坏棒 总长 1000 任意重度敲 铁头 800
1721,17:47:47,hit_1721_20260730_174747.csv,512,DEFECT,HIGH,0,29,109,273,500000,5020153,5020153,-4257193,645688.8,,800,-527,坏棒 总长 1000 任意重度敲 铁头 800
1722,17:47:48,hit_1722_20260730_174748.csv,512,NORMAL,HIGH,0,0,118,0,500000,4650607,4650607,-3688648,706923.2,,800,,坏棒 总长 1000 任意重度敲 铁头 800
1723,17:47:48,hit_1723_20260730_174748.csv,512,DEFECT,HIGH,0,37,118,345,500000,4990014,4990014,-3429546,981020.0,,800,-455,坏棒 总长 1000 任意重度敲 铁头 800
1724,17:47:48,hit_1724_20260730_174748.csv,512,DEFECT,LOW,0,22,0,209,500000,4526095,4002197,-4526095,-15379.8,,800,-591,坏棒 总长 1000 任意重度敲 铁头 800
1725,17:47:48,hit_1725_20260730_174748.csv,512,DEFECT,LOW,0,22,0,209,500000,5191347,5191347,-4585042,206584.1,,800,-591,坏棒 总长 1000 任意重度敲 铁头 800
1726,17:47:49,hit_1726_20260730_174749.csv,512,DEFECT,HIGH,0,23,117,216,500000,6196505,6196505,-3281146,1467053.7,,800,-584,坏棒 总长 1000 任意重度敲 铁头 800
1727,17:47:49,hit_1727_20260730_174749.csv,512,NORMAL,HIGH,0,0,116,0,500000,6438959,6438959,-3021931,2126456.7,,800,,坏棒 总长 1000 任意重度敲 铁头 800
1728,17:47:49,hit_1728_20260730_174749.csv,512,NORMAL,HIGH,0,0,118,0,500000,5377485,5377485,-2547094,1583179.7,,800,,坏棒 总长 1000 任意重度敲 铁头 800
1729,17:47:50,hit_1729_20260730_174750.csv,512,NORMAL,HIGH,0,0,115,0,500000,5252258,5252258,-3263239,1687151.9,,800,,坏棒 总长 1000 任意重度敲 铁头 800
1730,17:47:50,hit_1730_20260730_174750.csv,512,NORMAL,HIGH,0,0,117,0,500000,4838467,4838467,-3560967,1090361.7,,800,,坏棒 总长 1000 任意重度敲 铁头 800
1731,17:47:50,hit_1731_20260730_174750.csv,512,DEFECT,HIGH,0,80,116,657,500000,3226893,2499710,-3226893,-98333.5,,800,-143,坏棒 总长 1000 任意重度敲 铁头 800
1732,17:47:51,hit_1732_20260730_174751.csv,512,DEFECT,HIGH,0,26,119,240,500000,3267606,2551716,-3267606,-218653.9,,800,-560,坏棒 总长 1000 任意重度敲 铁头 800
1733,17:47:51,hit_1733_20260730_174751.csv,512,NORMAL,HIGH,0,0,117,0,500000,5799409,5799409,-2579230,1913164.9,,800,,坏棒 总长 1000 任意重度敲 铁头 800
1734,17:47:51,hit_1734_20260730_174751.csv,512,DEFECT,HIGH,0,84,114,708,500000,5565464,5565464,-3408702,1144478.1,,800,-92,坏棒 总长 1000 任意重度敲 铁头 800
1735,17:47:52,hit_1735_20260730_174752.csv,512,DEFECT,HIGH,0,82,113,696,500000,5364737,5364737,-3402683,688664.1,,800,-104,坏棒 总长 1000 任意重度敲 铁头 800
1736,17:47:52,hit_1736_20260730_174752.csv,512,DEFECT,HIGH,0,81,111,700,500000,5822914,5822914,-2947059,1287137.6,,800,-100,坏棒 总长 1000 任意重度敲 铁头 800
1737,17:47:52,hit_1737_20260730_174752.csv,512,NORMAL,HIGH,0,0,113,0,500000,5683243,5683243,-3257372,1129643.8,,800,,坏棒 总长 1000 任意重度敲 铁头 800
1738,17:47:52,hit_1738_20260730_174752.csv,512,DEFECT,HIGH,0,81,111,700,500000,6024704,6024704,-2972553,1553134.1,,800,-100,坏棒 总长 1000 任意重度敲 铁头 800
1739,17:47:53,hit_1739_20260730_174753.csv,512,DEFECT,HIGH,0,81,112,693,500000,4312364,4312364,-2967685,847552.8,,800,-107,坏棒 总长 1000 任意重度敲 铁头 800
1740,17:47:53,hit_1740_20260730_174753.csv,512,DEFECT,HIGH,0,82,116,676,500000,3837510,2929524,-3837510,-273967.8,,800,-124,坏棒 总长 1000 任意重度敲 铁头 800
1741,17:47:53,hit_1741_20260730_174753.csv,512,DEFECT,HIGH,0,31,111,310,500000,4600255,4600255,-2929015,929264.8,,800,-490,坏棒 总长 1000 任意重度敲 铁头 800
1742,17:47:53,hit_1742_20260730_174753.csv,512,DEFECT,HIGH,0,80,111,690,500000,5352657,5352657,-2903212,1214805.0,,800,-110,坏棒 总长 1000 任意重度敲 铁头 800
1743,17:47:54,hit_1743_20260730_174754.csv,512,DEFECT,HIGH,0,84,113,730,500000,5603513,5603513,-2575989,1327270.9,,800,-70,坏棒 总长 1000 任意重度敲 铁头 800
1744,17:47:54,hit_1744_20260730_174754.csv,512,DEFECT,HIGH,0,85,110,787,500000,5245302,5245302,-2904070,1134581.9,,800,-13,坏棒 总长 1000 任意重度敲 铁头 800
1745,17:47:54,hit_1745_20260730_174754.csv,512,DEFECT,HIGH,0,35,116,333,500000,4211773,4211773,-3348639,617938.2,,800,-467,坏棒 总长 1000 任意重度敲 铁头 800
1746,17:47:55,hit_1746_20260730_174755.csv,512,DEFECT,HIGH,0,86,120,688,500000,4374446,4374446,-4077545,207868.9,,800,-112,坏棒 总长 1000 任意重度敲 铁头 800
1747,17:47:55,hit_1747_20260730_174755.csv,512,DEFECT,HIGH,0,27,120,247,500000,5269232,5269232,-4241370,286670.3,,800,-553,坏棒 总长 1000 任意重度敲 铁头 800
1748,17:47:55,hit_1748_20260730_174755.csv,512,DEFECT,HIGH,0,24,118,224,500000,5421210,5421210,-3789963,554862.1,,800,-576,坏棒 总长 1000 任意重度敲 铁头 800
1749,17:47:55,hit_1749_20260730_174755.csv,512,DEFECT,HIGH,0,24,119,222,500000,5523735,5523735,-3607396,1058708.7,,800,-578,坏棒 总长 1000 任意重度敲 铁头 800
1750,17:47:56,hit_1750_20260730_174756.csv,512,NORMAL,HIGH,0,0,120,0,500000,6896674,6896674,-2792216,2669872.5,,800,,坏棒 总长 1000 任意重度敲 铁头 800
1751,17:47:59,hit_1751_20260730_174759.csv,512,NORMAL,HIGH,0,0,121,0,500000,5379821,5379821,-3970719,1120603.3,,800,,坏棒 总长 1000 任意重度敲 铁头 800
1752,17:48:00,hit_1752_20260730_174800.csv,512,NORMAL,HIGH,0,0,118,0,500000,5743344,5743344,-3502823,1577957.2,,800,,坏棒 总长 1000 任意重度敲 铁头 800
1753,17:48:00,hit_1753_20260730_174800.csv,512,NORMAL,HIGH,0,0,117,0,500000,5784465,5784465,-3370886,1579121.1,,800,,坏棒 总长 1000 任意重度敲 铁头 800
1754,17:48:00,hit_1754_20260730_174800.csv,512,DEFECT,HIGH,0,24,119,222,500000,6936911,6936911,-3364990,1929352.4,,800,-578,坏棒 总长 1000 任意重度敲 铁头 800
1755,17:48:01,hit_1755_20260730_174801.csv,512,NORMAL,HIGH,0,0,119,0,500000,6721519,6721519,-3478793,1999065.8,,800,,坏棒 总长 1000 任意重度敲 铁头 800
1756,17:48:01,hit_1756_20260730_174801.csv,512,DEFECT,HIGH,0,25,119,231,500000,6206074,6206074,-3464594,1273395.0,,800,-569,坏棒 总长 1000 任意重度敲 铁头 800
1757,17:48:01,hit_1757_20260730_174801.csv,512,DEFECT,HIGH,0,91,121,727,500000,6941108,6941108,-3569884,1775697.6,,800,-73,坏棒 总长 1000 任意重度敲 铁头 800
1758,17:48:02,hit_1758_20260730_174802.csv,512,DEFECT,HIGH,0,27,120,247,500000,6153401,6153401,-3867619,874189.6,,800,-553,坏棒 总长 1000 任意重度敲 铁头 800
1759,17:48:02,hit_1759_20260730_174802.csv,512,DEFECT,HIGH,0,25,119,231,500000,4996777,4996777,-4008500,240676.1,,800,-569,坏棒 总长 1000 任意重度敲 铁头 800
1760,17:48:02,hit_1760_20260730_174802.csv,512,DEFECT,HIGH,0,23,117,216,500000,6062388,6062388,-3418519,1115176.6,,800,-584,坏棒 总长 1000 任意重度敲 铁头 800
1761,17:48:02,hit_1761_20260730_174802.csv,512,NORMAL,HIGH,0,0,115,0,500000,5343460,5343460,-3337885,1203485.5,,800,,坏棒 总长 1000 任意重度敲 铁头 800
1762,17:48:03,hit_1762_20260730_174803.csv,512,NORMAL,HIGH,0,0,115,0,500000,4413943,4413943,-3619430,592183.6,,800,,坏棒 总长 1000 任意重度敲 铁头 800
1763,17:48:03,hit_1763_20260730_174803.csv,512,NORMAL,HIGH,0,0,115,0,500000,4676281,4676281,-3238393,1014929.5,,800,,坏棒 总长 1000 任意重度敲 铁头 800
1764,17:48:03,hit_1764_20260730_174803.csv,512,DEFECT,HIGH,0,39,117,367,500000,4241416,4241416,-3887412,538518.7,,800,-433,坏棒 总长 1000 任意重度敲 铁头 800
1765,17:48:03,hit_1765_20260730_174803.csv,512,NORMAL,HIGH,0,0,117,0,500000,5517237,5517237,-2723747,2025474.7,,800,,坏棒 总长 1000 任意重度敲 铁头 800
1766,17:48:04,hit_1766_20260730_174804.csv,512,NORMAL,HIGH,0,0,116,0,500000,4531786,4531786,-3529707,839440.0,,800,,坏棒 总长 1000 任意重度敲 铁头 800
1767,17:48:04,hit_1767_20260730_174804.csv,512,DEFECT,HIGH,0,84,115,701,500000,3961066,3791439,-3961066,133721.4,,800,-99,坏棒 总长 1000 任意重度敲 铁头 800
1768,17:48:04,hit_1768_20260730_174804.csv,512,DEFECT,HIGH,0,39,117,367,500000,4370056,4370056,-3837084,543275.4,,800,-433,坏棒 总长 1000 任意重度敲 铁头 800
1769,17:48:04,hit_1769_20260730_174804.csv,512,DEFECT,HIGH,0,22,121,200,500000,4519222,4421506,-4519222,181984.4,,800,-600,坏棒 总长 1000 任意重度敲 铁头 800
1770,17:48:04,hit_1770_20260730_174804.csv,512,NORMAL,HIGH,0,0,118,0,500000,4343760,4343760,-3896236,457511.1,,800,,坏棒 总长 1000 任意重度敲 铁头 800
1771,17:48:05,hit_1771_20260730_174805.csv,512,DEFECT,HIGH,0,86,117,707,500000,4459409,3893104,-4459409,-101452.6,,800,-93,坏棒 总长 1000 任意重度敲 铁头 800
1772,17:48:05,hit_1772_20260730_174805.csv,512,NORMAL,HIGH,0,0,118,0,500000,4428398,4428398,-3898077,634760.6,,800,,坏棒 总长 1000 任意重度敲 铁头 800
1773,17:48:05,hit_1773_20260730_174805.csv,512,NORMAL,HIGH,0,0,117,0,500000,4938489,4938489,-3610142,1259629.9,,800,,坏棒 总长 1000 任意重度敲 铁头 800
1774,17:48:05,hit_1774_20260730_174805.csv,512,NORMAL,HIGH,0,0,116,0,500000,4831771,4831771,-3442870,1140479.4,,800,,坏棒 总长 1000 任意重度敲 铁头 800
1775,17:48:06,hit_1775_20260730_174806.csv,512,NORMAL,HIGH,0,0,119,0,500000,5264451,5264451,-3787166,1316063.5,,800,,坏棒 总长 1000 任意重度敲 铁头 800
1776,17:48:06,hit_1776_20260730_174806.csv,512,NORMAL,HIGH,0,0,118,0,500000,6639663,6639663,-3283393,2190599.2,,800,,坏棒 总长 1000 任意重度敲 铁头 800
1777,17:48:06,hit_1777_20260730_174806.csv,512,NORMAL,HIGH,0,0,118,0,500000,5943216,5943216,-3407013,1775988.2,,800,,坏棒 总长 1000 任意重度敲 铁头 800
1778,17:48:06,hit_1778_20260730_174806.csv,512,DEFECT,HIGH,0,27,121,245,500000,5869235,5869235,-4041285,1027590.8,,800,-555,坏棒 总长 1000 任意重度敲 铁头 800
1779,17:48:06,hit_1779_20260730_174806.csv,512,DEFECT,HIGH,0,89,118,728,500000,7584608,7584608,-3425753,2223704.7,,800,-72,坏棒 总长 1000 任意重度敲 铁头 800
1780,17:48:07,hit_1780_20260730_174807.csv,512,DEFECT,HIGH,0,28,120,256,500000,7376455,7376455,-3794048,2016808.1,,800,-544,坏棒 总长 1000 任意重度敲 铁头 800
1781,17:48:07,hit_1781_20260730_174807.csv,512,DEFECT,HIGH,0,23,122,207,500000,5201185,5201185,-4733402,340353.0,,800,-593,坏棒 总长 1000 任意重度敲 铁头 800
1782,17:48:07,hit_1782_20260730_174807.csv,512,NORMAL,HIGH,0,0,115,0,500000,5523675,5523675,-3148531,1678535.2,,800,,坏棒 总长 1000 任意重度敲 铁头 800
1783,17:48:07,hit_1783_20260730_174807.csv,512,NORMAL,HIGH,0,0,117,0,500000,5641530,5641530,-2716270,2183983.8,,800,,坏棒 总长 1000 任意重度敲 铁头 800
1784,17:48:08,hit_1784_20260730_174808.csv,512,NORMAL,HIGH,0,0,117,0,500000,4384642,4384642,-4073542,420244.7,,800,,坏棒 总长 1000 任意重度敲 铁头 800
1785,17:48:08,hit_1785_20260730_174808.csv,512,DEFECT,HIGH,0,23,119,212,500000,4738126,4046831,-4738126,-203290.7,,800,-588,坏棒 总长 1000 任意重度敲 铁头 800
1786,17:48:08,hit_1786_20260730_174808.csv,512,DEFECT,HIGH,0,21,123,187,500000,5790352,5790352,-4012634,1239647.6,,800,-613,坏棒 总长 1000 任意重度敲 铁头 800
1787,17:48:08,hit_1787_20260730_174808.csv,512,NORMAL,HIGH,0,0,118,0,500000,6265051,6265051,-3320593,1640247.4,,800,,坏棒 总长 1000 任意重度敲 铁头 800
1788,17:48:08,hit_1788_20260730_174808.csv,512,NORMAL,HIGH,0,0,116,0,500000,5706621,5706621,-3243134,1962319.6,,800,,坏棒 总长 1000 任意重度敲 铁头 800
1789,17:48:09,hit_1789_20260730_174809.csv,512,NORMAL,HIGH,0,0,118,0,500000,7850143,7850143,-3252294,2955256.8,,800,,坏棒 总长 1000 任意重度敲 铁头 800
1790,17:48:09,hit_1790_20260730_174809.csv,512,DEFECT,HIGH,0,91,117,754,500000,7851227,7851227,-3261419,2650546.4,,800,-46,坏棒 总长 1000 任意重度敲 铁头 800
1791,17:48:09,hit_1791_20260730_174809.csv,512,DEFECT,HIGH,0,21,122,189,500000,6638685,6638685,-4264921,1421442.9,,800,-611,坏棒 总长 1000 任意重度敲 铁头 800
1792,17:48:09,hit_1792_20260730_174809.csv,512,NORMAL,HIGH,0,0,120,0,500000,5932306,5932306,-3826446,1507854.1,,800,,坏棒 总长 1000 任意重度敲 铁头 800
1793,17:48:09,hit_1793_20260730_174809.csv,512,NORMAL,HIGH,0,0,115,0,500000,5360318,5360318,-3352440,1857044.1,,800,,坏棒 总长 1000 任意重度敲 铁头 800
1794,17:48:10,hit_1794_20260730_174810.csv,512,NORMAL,HIGH,0,0,115,0,500000,5447489,5447489,-3235454,1825994.2,,800,,坏棒 总长 1000 任意重度敲 铁头 800
1795,17:48:10,hit_1795_20260730_174810.csv,512,NORMAL,HIGH,0,0,114,0,500000,5421059,5421059,-2970181,1861712.8,,800,,坏棒 总长 1000 任意重度敲 铁头 800
1796,17:48:10,hit_1796_20260730_174810.csv,512,NORMAL,HIGH,0,0,117,0,500000,4663150,4663150,-3729048,1019551.8,,800,,坏棒 总长 1000 任意重度敲 铁头 800
1797,17:48:10,hit_1797_20260730_174810.csv,512,NORMAL,HIGH,0,0,116,0,500000,5688889,5688889,-3661760,1220509.4,,800,,坏棒 总长 1000 任意重度敲 铁头 800
1798,17:48:11,hit_1798_20260730_174811.csv,512,NORMAL,HIGH,0,0,117,0,500000,5599434,5599434,-3332170,1773841.1,,800,,坏棒 总长 1000 任意重度敲 铁头 800
1799,17:48:11,hit_1799_20260730_174811.csv,512,NORMAL,HIGH,0,0,117,0,500000,5718475,5718475,-3384494,1838815.6,,800,,坏棒 总长 1000 任意重度敲 铁头 800
1800,17:48:11,hit_1800_20260730_174811.csv,512,NORMAL,HIGH,0,0,116,0,500000,5076219,5076219,-3550835,1250834.6,,800,,坏棒 总长 1000 任意重度敲 铁头 800
1801,17:48:11,hit_1801_20260730_174811.csv,512,NORMAL,HIGH,0,0,117,0,500000,5053246,5053246,-3582869,1230694.1,,800,,坏棒 总长 1000 任意重度敲 铁头 800
1802,17:48:11,hit_1802_20260730_174811.csv,512,NORMAL,HIGH,0,0,116,0,500000,6173847,6173847,-3376088,1668762.9,,800,,坏棒 总长 1000 任意重度敲 铁头 800
1803,17:48:12,hit_1803_20260730_174812.csv,512,DEFECT,HIGH,0,92,117,764,500000,6977704,6977704,-3182748,2137455.8,,800,-36,坏棒 总长 1000 任意重度敲 铁头 800
1804,17:48:12,hit_1804_20260730_174812.csv,512,DEFECT,HIGH,0,29,122,261,500000,7095780,7095780,-4226536,1836487.6,,800,-539,坏棒 总长 1000 任意重度敲 铁头 800
1805,17:48:12,hit_1805_20260730_174812.csv,512,DEFECT,HIGH,0,23,116,219,500000,6710038,6710038,-3346865,1929750.0,,800,-581,坏棒 总长 1000 任意重度敲 铁头 800
1806,17:48:12,hit_1806_20260730_174812.csv,512,NORMAL,HIGH,0,0,118,0,500000,5584902,5584902,-3754269,1327879.3,,800,,坏棒 总长 1000 任意重度敲 铁头 800
1807,17:48:13,hit_1807_20260730_174813.csv,512,NORMAL,HIGH,0,0,115,0,500000,5574907,5574907,-3188576,1787805.9,,800,,坏棒 总长 1000 任意重度敲 铁头 800
1808,17:48:13,hit_1808_20260730_174813.csv,512,NORMAL,HIGH,0,0,116,0,500000,4717398,4717398,-3650829,1098238.8,,800,,坏棒 总长 1000 任意重度敲 铁头 800
1809,17:48:13,hit_1809_20260730_174813.csv,512,NORMAL,HIGH,0,0,115,0,500000,5089998,5089998,-3567393,1162748.4,,800,,坏棒 总长 1000 任意重度敲 铁头 800
1810,17:48:13,hit_1810_20260730_174813.csv,512,NORMAL,HIGH,0,0,116,0,500000,5213936,5213936,-3671144,872373.2,,800,,坏棒 总长 1000 任意重度敲 铁头 800
1811,17:48:13,hit_1811_20260730_174813.csv,512,NORMAL,HIGH,0,0,116,0,500000,5284546,5284546,-3570211,1268980.0,,800,,坏棒 总长 1000 任意重度敲 铁头 800
1812,17:48:14,hit_1812_20260730_174814.csv,512,NORMAL,HIGH,0,0,116,0,500000,5583225,5583225,-3093033,1483581.2,,800,,坏棒 总长 1000 任意重度敲 铁头 800
1813,17:48:14,hit_1813_20260730_174814.csv,512,NORMAL,HIGH,0,0,116,0,500000,6319610,6319610,-3067079,1937547.3,,800,,坏棒 总长 1000 任意重度敲 铁头 800
1814,17:48:14,hit_1814_20260730_174814.csv,512,NORMAL,HIGH,0,0,116,0,500000,7100314,7100314,-3039177,2418286.8,,800,,坏棒 总长 1000 任意重度敲 铁头 800
1815,17:48:14,hit_1815_20260730_174814.csv,512,DEFECT,HIGH,0,26,117,245,500000,7267031,7267031,-3195355,2387530.5,,800,-555,坏棒 总长 1000 任意重度敲 铁头 800
1816,17:48:14,hit_1816_20260730_174814.csv,512,NORMAL,HIGH,0,0,116,0,500000,6948232,6948232,-3188191,2150797.7,,800,,坏棒 总长 1000 任意重度敲 铁头 800
1817,17:48:15,hit_1817_20260730_174815.csv,512,DEFECT,HIGH,0,24,117,226,500000,6130183,6130183,-3484396,1176227.0,,800,-574,坏棒 总长 1000 任意重度敲 铁头 800
1818,17:48:15,hit_1818_20260730_174815.csv,512,DEFECT,HIGH,0,24,116,228,500000,6467185,6467185,-3362458,1687824.4,,800,-572,坏棒 总长 1000 任意重度敲 铁头 800
1819,17:48:15,hit_1819_20260730_174815.csv,512,DEFECT,HIGH,0,24,115,230,500000,6464424,6464424,-3319881,1629654.5,,800,-570,坏棒 总长 1000 任意重度敲 铁头 800
1820,17:48:15,hit_1820_20260730_174815.csv,512,NORMAL,HIGH,0,0,118,0,500000,5188042,5188042,-3998389,1013910.1,,800,,坏棒 总长 1000 任意重度敲 铁头 800
1821,17:48:16,hit_1821_20260730_174816.csv,512,NORMAL,HIGH,0,0,114,0,500000,4537387,4537387,-3609859,857821.5,,800,,坏棒 总长 1000 任意重度敲 铁头 800
1822,17:48:16,hit_1822_20260730_174816.csv,512,NORMAL,HIGH,0,0,116,0,500000,4859009,4859009,-3636151,936911.5,,800,,坏棒 总长 1000 任意重度敲 铁头 800
1823,17:48:16,hit_1823_20260730_174816.csv,512,NORMAL,HIGH,0,0,114,0,500000,5492749,5492749,-3198628,1832264.3,,800,,坏棒 总长 1000 任意重度敲 铁头 800
1824,17:48:16,hit_1824_20260730_174816.csv,512,NORMAL,HIGH,0,0,117,0,500000,4507815,4507815,-3878137,679523.8,,800,,坏棒 总长 1000 任意重度敲 铁头 800
1825,17:48:17,hit_1825_20260730_174817.csv,512,NORMAL,HIGH,0,0,116,0,500000,5551608,5551608,-3270226,1564507.7,,800,,坏棒 总长 1000 任意重度敲 铁头 800
1826,17:48:17,hit_1826_20260730_174817.csv,512,DEFECT,HIGH,0,36,115,346,500000,5039049,5039049,-3229587,1104593.2,,800,-454,坏棒 总长 1000 任意重度敲 铁头 800
1827,17:48:17,hit_1827_20260730_174817.csv,512,NORMAL,HIGH,0,0,117,0,500000,4985021,4985021,-3587243,958112.1,,800,,坏棒 总长 1000 任意重度敲 铁头 800
1828,17:48:19,hit_1828_20260730_174819.csv,512,NORMAL,HIGH,0,0,116,0,500000,5496296,5496296,-3406131,1204907.5,,800,,坏棒 总长 1000 任意重度敲 铁头 800
1829,17:48:19,hit_1829_20260730_174819.csv,512,DEFECT,HIGH,0,90,118,738,500000,6913819,6913819,-3300579,1829480.5,,800,-62,坏棒 总长 1000 任意重度敲 铁头 800
1830,17:48:20,hit_1830_20260730_174820.csv,512,DEFECT,HIGH,0,32,119,293,500000,7546567,7546567,-2495821,2784668.0,,800,-507,坏棒 总长 1000 任意重度敲 铁头 800
1831,17:48:20,hit_1831_20260730_174820.csv,512,DEFECT,LOW,0,22,0,209,500000,5570531,5570531,-4446054,353305.0,,800,-591,坏棒 总长 1000 任意重度敲 铁头 800
1832,17:48:20,hit_1832_20260730_174820.csv,512,DEFECT,HIGH,0,28,122,252,500000,6605830,6605830,-3964811,1377989.2,,800,-548,坏棒 总长 1000 任意重度敲 铁头 800
1833,17:48:21,hit_1833_20260730_174821.csv,512,DEFECT,HIGH,0,29,121,263,500000,6221774,6221774,-3939614,1165130.4,,800,-537,坏棒 总长 1000 任意重度敲 铁头 800
1834,17:48:21,hit_1834_20260730_174821.csv,512,DEFECT,HIGH,0,29,122,261,500000,6609114,6609114,-3863355,1416031.4,,800,-539,坏棒 总长 1000 任意重度敲 铁头 800
1835,17:48:22,hit_1835_20260730_174822.csv,512,DEFECT,HIGH,0,24,120,220,500000,5735770,5735770,-3650297,988205.2,,800,-580,坏棒 总长 1000 任意重度敲 铁头 800
1836,17:48:22,hit_1836_20260730_174822.csv,512,DEFECT,HIGH,0,27,121,245,500000,5768047,5768047,-3889752,799046.3,,800,-555,坏棒 总长 1000 任意重度敲 铁头 800
1837,17:48:22,hit_1837_20260730_174822.csv,512,DEFECT,LOW,0,27,0,257,500000,4008609,2899335,-4008609,-104380.2,,800,-543,坏棒 总长 1000 任意重度敲 铁头 800
1838,17:48:22,hit_1838_20260730_174822.csv,512,DEFECT,HIGH,0,21,121,190,500000,5180590,5180590,-4468058,206056.2,,800,-610,坏棒 总长 1000 任意重度敲 铁头 800
1839,17:48:23,hit_1839_20260730_174823.csv,512,DEFECT,HIGH,0,27,121,245,500000,5431238,5431238,-3886193,618884.8,,800,-555,坏棒 总长 1000 任意重度敲 铁头 800
1840,17:48:23,hit_1840_20260730_174823.csv,512,DEFECT,HIGH,0,26,119,240,500000,6056047,6056047,-3485156,1242527.8,,800,-560,坏棒 总长 1000 任意重度敲 铁头 800
1841,17:48:23,hit_1841_20260730_174823.csv,512,DEFECT,HIGH,0,26,119,240,500000,6435446,6435446,-3461859,1630776.4,,800,-560,坏棒 总长 1000 任意重度敲 铁头 800
1842,17:48:23,hit_1842_20260730_174823.csv,512,DEFECT,HIGH,0,28,121,254,500000,6625061,6625061,-3735184,1786082.2,,800,-546,坏棒 总长 1000 任意重度敲 铁头 800
1843,17:48:24,hit_1843_20260730_174824.csv,512,DEFECT,HIGH,0,90,119,731,500000,6955478,6955478,-3396254,2135254.9,,800,-69,坏棒 总长 1000 任意重度敲 铁头 800
1844,17:48:24,hit_1844_20260730_174824.csv,512,NORMAL,HIGH,0,0,118,0,500000,6303488,6303488,-3475113,1602098.0,,800,,坏棒 总长 1000 任意重度敲 铁头 800
1845,17:48:24,hit_1845_20260730_174824.csv,512,DEFECT,HIGH,0,23,117,216,500000,6303677,6303677,-3119810,1709271.6,,800,-584,坏棒 总长 1000 任意重度敲 铁头 800
1846,17:48:25,hit_1846_20260730_174825.csv,512,DEFECT,HIGH,0,29,122,261,500000,6166323,6166323,-4123779,1200716.7,,800,-539,坏棒 总长 1000 任意重度敲 铁头 800
1847,17:48:25,hit_1847_20260730_174825.csv,512,NORMAL,HIGH,0,0,116,0,500000,7506357,7506357,-3057325,2814081.3,,800,,坏棒 总长 1000 任意重度敲 铁头 800
1848,17:48:25,hit_1848_20260730_174825.csv,512,DEFECT,HIGH,0,27,119,250,500000,6199079,6199079,-3718706,1259332.8,,800,-550,坏棒 总长 1000 任意重度敲 铁头 800
1849,17:48:25,hit_1849_20260730_174825.csv,512,DEFECT,HIGH,0,27,119,250,500000,6384284,6384284,-3698711,1495184.9,,800,-550,坏棒 总长 1000 任意重度敲 铁头 800
1850,17:48:26,hit_1850_20260730_174826.csv,512,NORMAL,HIGH,0,0,121,0,500000,6948492,6948492,-3661495,2350860.2,,800,,坏棒 总长 1000 任意重度敲 铁头 800
1851,17:48:26,hit_1851_20260730_174826.csv,512,NORMAL,HIGH,0,0,117,0,500000,6893013,6893013,-3106082,2400708.2,,800,,坏棒 总长 1000 任意重度敲 铁头 800
1852,17:48:26,hit_1852_20260730_174826.csv,512,NORMAL,HIGH,0,0,123,0,500000,6428859,6428859,-4199230,1791808.7,,800,,坏棒 总长 1000 任意重度敲 铁头 800
1853,17:48:26,hit_1853_20260730_174826.csv,512,NORMAL,HIGH,0,0,116,0,500000,6247799,6247799,-2840699,2472394.3,,800,,坏棒 总长 1000 任意重度敲 铁头 800
1854,17:48:27,hit_1854_20260730_174827.csv,512,NORMAL,HIGH,0,0,117,0,500000,6198357,6198357,-3080499,2300510.4,,800,,坏棒 总长 1000 任意重度敲 铁头 800
1855,17:48:27,hit_1855_20260730_174827.csv,512,NORMAL,HIGH,0,0,120,0,500000,6182434,6182434,-2854807,2415791.8,,800,,坏棒 总长 1000 任意重度敲 铁头 800
1856,17:48:27,hit_1856_20260730_174827.csv,512,NORMAL,HIGH,0,0,116,0,500000,5650456,5650456,-3064608,1977902.6,,800,,坏棒 总长 1000 任意重度敲 铁头 800
1857,17:48:27,hit_1857_20260730_174827.csv,512,DEFECT,HIGH,0,25,118,233,500000,6689436,6689436,-3361983,1725653.8,,800,-567,坏棒 总长 1000 任意重度敲 铁头 800
1858,17:48:28,hit_1858_20260730_174828.csv,512,DEFECT,HIGH,0,90,117,745,500000,7129253,7129253,-3236096,1953960.9,,800,-55,坏棒 总长 1000 任意重度敲 铁头 800
1859,17:48:28,hit_1859_20260730_174828.csv,512,DEFECT,HIGH,0,92,117,764,500000,7467274,7467274,-3203874,2292478.7,,800,-36,坏棒 总长 1000 任意重度敲 铁头 800
1860,17:48:28,hit_1860_20260730_174828.csv,512,DEFECT,HIGH,0,90,116,752,500000,7710404,7710404,-3130155,2605041.1,,800,-48,坏棒 总长 1000 任意重度敲 铁头 800
1861,17:48:28,hit_1861_20260730_174828.csv,512,DEFECT,HIGH,0,94,119,768,500000,6516281,6516281,-3737358,1911723.6,,800,-32,坏棒 总长 1000 任意重度敲 铁头 800
1862,17:48:29,hit_1862_20260730_174829.csv,512,NORMAL,HIGH,0,0,117,0,500000,5770251,5770251,-3441279,1682668.1,,800,,坏棒 总长 1000 任意重度敲 铁头 800
1863,17:48:29,hit_1863_20260730_174829.csv,512,NORMAL,HIGH,0,0,121,0,500000,7968295,7968295,-2689937,3243496.3,,800,,坏棒 总长 1000 任意重度敲 铁头 800
1864,17:48:29,hit_1864_20260730_174829.csv,512,DEFECT,HIGH,0,88,121,700,500000,7341230,7341230,-2829598,2509129.0,,800,-100,坏棒 总长 1000 任意重度敲 铁头 800
1865,17:48:30,hit_1865_20260730_174830.csv,512,DEFECT,HIGH,0,26,118,242,500000,6853160,6853160,-3298925,2019255.3,,800,-558,坏棒 总长 1000 任意重度敲 铁头 800
1866,17:48:30,hit_1866_20260730_174830.csv,512,NORMAL,HIGH,0,0,117,0,500000,6050446,6050446,-3197131,1843452.6,,800,,坏棒 总长 1000 任意重度敲 铁头 800
1867,17:48:30,hit_1867_20260730_174830.csv,512,NORMAL,HIGH,0,0,118,0,500000,6531129,6531129,-3288789,2100220.9,,800,,坏棒 总长 1000 任意重度敲 铁头 800
1868,17:48:30,hit_1868_20260730_174830.csv,512,NORMAL,HIGH,0,0,119,0,500000,6788035,6788035,-3313409,2389128.1,,800,,坏棒 总长 1000 任意重度敲 铁头 800
1869,17:48:31,hit_1869_20260730_174831.csv,512,NORMAL,HIGH,0,0,123,0,500000,6555792,6555792,-3752561,2093466.8,,800,,坏棒 总长 1000 任意重度敲 铁头 800
1870,17:48:31,hit_1870_20260730_174831.csv,512,NORMAL,HIGH,0,0,118,0,500000,6226740,6226740,-3438679,1739043.2,,800,,坏棒 总长 1000 任意重度敲 铁头 800
1871,17:48:31,hit_1871_20260730_174831.csv,512,NORMAL,HIGH,0,0,116,0,500000,6795460,6795460,-2971022,2654816.2,,800,,坏棒 总长 1000 任意重度敲 铁头 800
1872,17:48:31,hit_1872_20260730_174831.csv,512,NORMAL,HIGH,0,0,116,0,500000,5482527,5482527,-3395714,1676233.5,,800,,坏棒 总长 1000 任意重度敲 铁头 800
1873,17:48:32,hit_1873_20260730_174832.csv,512,NORMAL,HIGH,0,0,116,0,500000,5786112,5786112,-3276513,1713339.8,,800,,坏棒 总长 1000 任意重度敲 铁头 800
1874,17:48:32,hit_1874_20260730_174832.csv,512,NORMAL,HIGH,0,0,116,0,500000,6164405,6164405,-3036081,2122356.0,,800,,坏棒 总长 1000 任意重度敲 铁头 800
1875,17:48:32,hit_1875_20260730_174832.csv,512,NORMAL,HIGH,0,0,115,0,500000,6205617,6205617,-3087723,2001852.4,,800,,坏棒 总长 1000 任意重度敲 铁头 800
1876,17:48:32,hit_1876_20260730_174832.csv,512,NORMAL,HIGH,0,0,119,0,500000,7401116,7401116,-3206499,2580089.4,,800,,坏棒 总长 1000 任意重度敲 铁头 800
1877,17:48:33,hit_1877_20260730_174833.csv,512,DEFECT,HIGH,0,34,117,320,500000,8082155,8082155,-2958187,3286527.6,,800,-480,坏棒 总长 1000 任意重度敲 铁头 800
1878,17:48:33,hit_1878_20260730_174833.csv,512,DEFECT,HIGH,0,29,121,263,500000,6835167,6835167,-3673558,1802336.8,,800,-537,坏棒 总长 1000 任意重度敲 铁头 800
1879,17:48:33,hit_1879_20260730_174833.csv,512,DEFECT,HIGH,0,27,119,250,500000,6463885,6463885,-3580860,1397707.9,,800,-550,坏棒 总长 1000 任意重度敲 铁头 800
1880,17:48:34,hit_1880_20260730_174834.csv,512,DEFECT,HIGH,0,89,117,735,500000,7708675,7708675,-2978819,2735722.2,,800,-65,坏棒 总长 1000 任意重度敲 铁头 800
1881,17:48:34,hit_1881_20260730_174834.csv,512,NORMAL,HIGH,0,0,116,0,500000,7399185,7399185,-2905426,2762746.7,,800,,坏棒 总长 1000 任意重度敲 铁头 800
1882,17:48:34,hit_1882_20260730_174834.csv,512,NORMAL,HIGH,0,0,121,0,500000,7829463,7829463,-2835378,2984043.0,,800,,坏棒 总长 1000 任意重度敲 铁头 800
1883,17:48:34,hit_1883_20260730_174834.csv,512,DEFECT,HIGH,0,26,118,242,500000,7387002,7387002,-3118735,2523919.8,,800,-558,坏棒 总长 1000 任意重度敲 铁头 800
1884,17:48:35,hit_1884_20260730_174835.csv,512,DEFECT,HIGH,0,36,117,339,500000,7330627,7330627,-3050683,2376926.5,,800,-461,坏棒 总长 1000 任意重度敲 铁头 800
1885,17:48:35,hit_1885_20260730_174835.csv,512,DEFECT,HIGH,0,30,121,272,500000,6150396,6150396,-4035001,1041659.3,,800,-528,坏棒 总长 1000 任意重度敲 铁头 800
1886,17:48:35,hit_1886_20260730_174835.csv,512,DEFECT,HIGH,0,91,118,747,500000,6720734,6720734,-3387692,1757494.1,,800,-53,坏棒 总长 1000 任意重度敲 铁头 800
1887,17:48:36,hit_1887_20260730_174836.csv,512,DEFECT,HIGH,0,90,119,731,500000,6819793,6819793,-3517690,1924451.1,,800,-69,坏棒 总长 1000 任意重度敲 铁头 800
1888,17:48:36,hit_1888_20260730_174836.csv,512,DEFECT,HIGH,0,91,119,740,500000,6633652,6633652,-3403616,1778569.2,,800,-60,坏棒 总长 1000 任意重度敲 铁头 800
1889,17:48:36,hit_1889_20260730_174836.csv,512,DEFECT,HIGH,0,92,121,736,500000,7039952,7039952,-3699489,2198197.9,,800,-64,坏棒 总长 1000 任意重度敲 铁头 800
1890,17:48:36,hit_1890_20260730_174836.csv,512,DEFECT,HIGH,0,91,119,740,500000,6553886,6553886,-3647270,1745515.6,,800,-60,坏棒 总长 1000 任意重度敲 铁头 800
1891,17:48:37,hit_1891_20260730_174837.csv,512,NORMAL,HIGH,0,0,117,0,500000,6772115,6772115,-3290095,2095587.7,,800,,坏棒 总长 1000 任意重度敲 铁头 800
1892,17:48:37,hit_1892_20260730_174837.csv,512,NORMAL,HIGH,0,0,118,0,500000,6899347,6899347,-3297649,2170363.1,,800,,坏棒 总长 1000 任意重度敲 铁头 800
1893,17:48:37,hit_1893_20260730_174837.csv,512,DEFECT,HIGH,0,28,121,254,500000,5918104,5918104,-3846923,1282501.8,,800,-546,坏棒 总长 1000 任意重度敲 铁头 800
1894,17:48:37,hit_1894_20260730_174837.csv,512,NORMAL,HIGH,0,0,119,0,500000,6914346,6914346,-3318308,2188395.2,,800,,坏棒 总长 1000 任意重度敲 铁头 800
1895,17:48:38,hit_1895_20260730_174838.csv,512,NORMAL,HIGH,0,0,117,0,500000,7113708,7113708,-3072910,2447414.3,,800,,坏棒 总长 1000 任意重度敲 铁头 800
1896,17:48:38,hit_1896_20260730_174838.csv,512,NORMAL,HIGH,0,0,119,0,500000,7332575,7332575,-3233522,2642675.6,,800,,坏棒 总长 1000 任意重度敲 铁头 800
1897,17:48:38,hit_1897_20260730_174838.csv,512,NORMAL,HIGH,0,0,119,0,500000,7002794,7002794,-3301632,2407346.6,,800,,坏棒 总长 1000 任意重度敲 铁头 800
1898,17:48:38,hit_1898_20260730_174838.csv,512,NORMAL,HIGH,0,0,119,0,500000,6926753,6926753,-3389961,2311944.4,,800,,坏棒 总长 1000 任意重度敲 铁头 800
1899,17:48:39,hit_1899_20260730_174839.csv,512,NORMAL,HIGH,0,0,116,0,500000,5759309,5759309,-3209601,1787996.9,,800,,坏棒 总长 1000 任意重度敲 铁头 800
1900,17:48:39,hit_1900_20260730_174839.csv,512,NORMAL,HIGH,0,0,116,0,500000,4865032,4865032,-3647779,830120.7,,800,,坏棒 总长 1000 任意重度敲 铁头 800
1901,17:48:39,hit_1901_20260730_174839.csv,512,NORMAL,HIGH,0,0,116,0,500000,5021489,5021489,-3446542,1277659.0,,800,,坏棒 总长 1000 任意重度敲 铁头 800
1902,17:48:39,hit_1902_20260730_174839.csv,512,NORMAL,HIGH,0,0,117,0,500000,5774323,5774323,-3454428,1412437.9,,800,,坏棒 总长 1000 任意重度敲 铁头 800
1903,17:48:40,hit_1903_20260730_174840.csv,512,NORMAL,HIGH,0,0,117,0,500000,5320688,5320688,-3526463,1199762.8,,800,,坏棒 总长 1000 任意重度敲 铁头 800
1904,17:48:40,hit_1904_20260730_174840.csv,512,NORMAL,HIGH,0,0,115,0,500000,6654472,6654472,-2889493,2500761.8,,800,,坏棒 总长 1000 任意重度敲 铁头 800
1905,17:48:40,hit_1905_20260730_174840.csv,512,NORMAL,HIGH,0,0,116,0,500000,5388868,5388868,-3530305,1253822.8,,800,,坏棒 总长 1000 任意重度敲 铁头 800
1906,17:48:40,hit_1906_20260730_174840.csv,512,DEFECT,HIGH,0,29,120,266,500000,6262447,6262447,-4054245,1363191.8,,800,-534,坏棒 总长 1000 任意重度敲 铁头 800
1907,17:48:40,hit_1907_20260730_174840.csv,512,DEFECT,HIGH,0,91,116,761,500000,7800339,7800339,-3070569,2594486.7,,800,-39,坏棒 总长 1000 任意重度敲 铁头 800
1908,17:48:41,hit_1908_20260730_174841.csv,512,DEFECT,HIGH,0,90,116,752,500000,7918490,7918490,-2995694,2745157.1,,800,-48,坏棒 总长 1000 任意重度敲 铁头 800
1909,17:48:41,hit_1909_20260730_174841.csv,512,INVALID,NONE,0,0,0,0,500000,8299746,8299746,-2782112,3116672.5,,800,,坏棒 总长 1000 任意重度敲 铁头 800
1910,17:48:41,hit_1910_20260730_174841.csv,512,DEFECT,HIGH,0,88,117,706,500000,8051062,8051062,-2346696,3202909.2,,800,-94,坏棒 总长 1000 任意重度敲 铁头 800
1911,17:48:41,hit_1911_20260730_174841.csv,512,DEFECT,HIGH,0,22,115,211,500000,6534729,6534729,-3235059,1783883.2,,800,-589,坏棒 总长 1000 任意重度敲 铁头 800
1912,17:48:42,hit_1912_20260730_174842.csv,512,NORMAL,HIGH,0,0,117,0,500000,6159955,6159955,-3528080,1745087.2,,800,,坏棒 总长 1000 任意重度敲 铁头 800
1913,17:48:42,hit_1913_20260730_174842.csv,512,NORMAL,HIGH,0,0,117,0,500000,5848945,5848945,-3455989,1747265.3,,800,,坏棒 总长 1000 任意重度敲 铁头 800
1914,17:48:42,hit_1914_20260730_174842.csv,512,NORMAL,HIGH,0,0,118,0,500000,6832509,6832509,-3399226,2133987.3,,800,,坏棒 总长 1000 任意重度敲 铁头 800
1915,17:48:42,hit_1915_20260730_174842.csv,512,INVALID,NONE,0,0,0,0,500000,8310362,8310362,-2695465,3641097.1,,800,,坏棒 总长 1000 任意重度敲 铁头 800
1916,17:48:42,hit_1916_20260730_174842.csv,512,NORMAL,HIGH,0,0,118,0,500000,7579449,7579449,-3177339,2793081.6,,800,,坏棒 总长 1000 任意重度敲 铁头 800
1917,17:48:43,hit_1917_20260730_174843.csv,512,NORMAL,HIGH,0,0,116,0,500000,7726356,7726356,-2880725,3088394.3,,800,,坏棒 总长 1000 任意重度敲 铁头 800
1918,17:48:43,hit_1918_20260730_174843.csv,512,NORMAL,HIGH,0,0,116,0,500000,7407474,7407474,-2911167,2805469.6,,800,,坏棒 总长 1000 任意重度敲 铁头 800
1919,17:48:43,hit_1919_20260730_174843.csv,512,NORMAL,HIGH,0,0,119,0,500000,8093981,8093981,-2605901,3429360.9,,800,,坏棒 总长 1000 任意重度敲 铁头 800
1920,17:48:43,hit_1920_20260730_174843.csv,512,NORMAL,HIGH,0,0,116,0,500000,5416020,5416020,-3074894,1748963.0,,800,,坏棒 总长 1000 任意重度敲 铁头 800
1921,17:48:44,hit_1921_20260730_174844.csv,512,NORMAL,HIGH,0,0,117,0,500000,7782783,7782783,-2420225,3477076.8,,800,,坏棒 总长 1000 任意重度敲 铁头 800
1922,17:48:44,hit_1922_20260730_174844.csv,512,NORMAL,HIGH,0,0,118,0,500000,5262980,5262980,-3656030,1430615.7,,800,,坏棒 总长 1000 任意重度敲 铁头 800
1923,17:48:44,hit_1923_20260730_174844.csv,512,NORMAL,HIGH,0,0,115,0,500000,7183811,7183811,-2863825,3032330.4,,800,,坏棒 总长 1000 任意重度敲 铁头 800
1924,17:48:44,hit_1924_20260730_174844.csv,512,NORMAL,HIGH,0,0,117,0,500000,8208038,8208038,-2144505,3964576.9,,800,,坏棒 总长 1000 任意重度敲 铁头 800
1925,17:48:45,hit_1925_20260730_174845.csv,512,NORMAL,HIGH,0,0,120,0,500000,7689780,7689780,-2667470,3104778.9,,800,,坏棒 总长 1000 任意重度敲 铁头 800
1926,17:48:45,hit_1926_20260730_174845.csv,512,NORMAL,HIGH,0,0,119,0,500000,6916122,6916122,-2817312,2663339.4,,800,,坏棒 总长 1000 任意重度敲 铁头 800
1927,17:48:45,hit_1927_20260730_174845.csv,512,NORMAL,HIGH,0,0,116,0,500000,5365781,5365781,-3608532,1281076.1,,800,,坏棒 总长 1000 任意重度敲 铁头 800
1928,17:48:45,hit_1928_20260730_174845.csv,512,NORMAL,HIGH,0,0,120,0,500000,6498664,6498664,-2637397,2570904.1,,800,,坏棒 总长 1000 任意重度敲 铁头 800
1929,17:48:46,hit_1929_20260730_174846.csv,512,NORMAL,HIGH,0,0,117,0,500000,7106582,7106582,-3465228,2460362.3,,800,,坏棒 总长 1000 任意重度敲 铁头 800
1930,17:48:46,hit_1930_20260730_174846.csv,512,INVALID,NONE,0,0,0,0,500000,8388607,8388607,-2521252,4451657.3,,800,,坏棒 总长 1000 任意重度敲 铁头 800
1931,17:48:47,hit_1931_20260730_174847.csv,512,DEFECT,HIGH,0,23,116,219,500000,7365216,7365216,-2945301,2566543.0,,800,-581,坏棒 总长 1000 任意重度敲 铁头 800
1932,17:48:47,hit_1932_20260730_174847.csv,512,NORMAL,HIGH,0,0,116,0,500000,5511592,5511592,-3597387,1229602.1,,800,,坏棒 总长 1000 任意重度敲 铁头 800
1933,17:48:47,hit_1933_20260730_174847.csv,512,NORMAL,HIGH,0,0,118,0,500000,6872169,6872169,-2760215,3124461.2,,800,,坏棒 总长 1000 任意重度敲 铁头 800
1934,17:48:48,hit_1934_20260730_174848.csv,512,DEFECT,HIGH,0,92,118,757,500000,8214212,8214212,-3188933,3145298.3,,800,-43,坏棒 总长 1000 任意重度敲 铁头 800
1935,17:48:48,hit_1935_20260730_174848.csv,512,DEFECT,HIGH,0,21,121,190,500000,5806528,5806528,-4318059,469233.7,,800,-610,坏棒 总长 1000 任意重度敲 铁头 800
1936,17:48:48,hit_1936_20260730_174848.csv,512,DEFECT,HIGH,0,89,117,735,500000,7027024,7027024,-3167475,2082349.3,,800,-65,坏棒 总长 1000 任意重度敲 铁头 800
1937,17:48:49,hit_1937_20260730_174849.csv,512,NORMAL,HIGH,0,0,117,0,500000,7655710,7655710,-3130894,2791505.7,,800,,坏棒 总长 1000 任意重度敲 铁头 800
1938,17:48:49,hit_1938_20260730_174849.csv,512,NORMAL,HIGH,0,0,116,0,500000,8083813,8083813,-2860968,3305917.2,,800,,坏棒 总长 1000 任意重度敲 铁头 800
1939,17:48:49,hit_1939_20260730_174849.csv,512,DEFECT,HIGH,0,23,115,221,500000,6394124,6394124,-3329814,1669771.5,,800,-579,坏棒 总长 1000 任意重度敲 铁头 800
1940,17:48:49,hit_1940_20260730_174849.csv,512,NORMAL,HIGH,0,0,117,0,500000,5305598,5305598,-3612305,1488363.1,,800,,坏棒 总长 1000 任意重度敲 铁头 800
1941,17:48:50,hit_1941_20260730_174850.csv,512,NORMAL,HIGH,0,0,116,0,500000,6609685,6609685,-2474257,2847788.0,,800,,坏棒 总长 1000 任意重度敲 铁头 800
1942,17:48:50,hit_1942_20260730_174850.csv,512,NORMAL,HIGH,0,0,117,0,500000,7024878,7024878,-2563499,2571188.7,,800,,坏棒 总长 1000 任意重度敲 铁头 800
1943,17:48:50,hit_1943_20260730_174850.csv,512,NORMAL,HIGH,0,0,104,0,500000,5928173,5928173,-4062100,1771376.5,,800,,坏棒 总长 1000 任意重度敲 铁头 800
1944,17:48:50,hit_1944_20260730_174850.csv,512,NORMAL,HIGH,0,0,117,0,500000,7192577,7192577,-3029403,2555660.4,,800,,坏棒 总长 1000 任意重度敲 铁头 800
1945,17:48:51,hit_1945_20260730_174851.csv,512,NORMAL,HIGH,0,0,117,0,500000,6185897,6185897,-3284787,1897737.2,,800,,坏棒 总长 1000 任意重度敲 铁头 800
1946,17:48:51,hit_1946_20260730_174851.csv,512,NORMAL,HIGH,0,0,115,0,500000,6364921,6364921,-2959088,2164509.9,,800,,坏棒 总长 1000 任意重度敲 铁头 800
1947,17:48:51,hit_1947_20260730_174851.csv,512,NORMAL,HIGH,0,0,114,0,500000,5538099,5538099,-2925883,1957665.5,,800,,坏棒 总长 1000 任意重度敲 铁头 800
1948,17:48:52,hit_1948_20260730_174852.csv,512,NORMAL,HIGH,0,0,116,0,500000,4924046,4924046,-3590513,1298560.5,,800,,坏棒 总长 1000 任意重度敲 铁头 800
1949,17:48:52,hit_1949_20260730_174852.csv,512,NORMAL,HIGH,0,0,117,0,500000,4663843,4663843,-3732791,872186.7,,800,,坏棒 总长 1000 任意重度敲 铁头 800
1950,17:48:52,hit_1950_20260730_174852.csv,512,DEFECT,HIGH,0,21,117,198,500000,4307279,4307279,-4285903,111927.8,,800,-602,坏棒 总长 1000 任意重度敲 铁头 800
1951,17:48:52,hit_1951_20260730_174852.csv,512,NORMAL,HIGH,0,0,117,0,500000,4189149,4189149,-3950556,378754.0,,800,,坏棒 总长 1000 任意重度敲 铁头 800
1952,17:48:53,hit_1952_20260730_174853.csv,512,NORMAL,HIGH,0,0,114,0,500000,5915789,5915789,-2956178,2235764.1,,800,,坏棒 总长 1000 任意重度敲 铁头 800
1953,17:48:53,hit_1953_20260730_174853.csv,512,NORMAL,HIGH,0,0,118,0,500000,6552013,6552013,-3339598,2074189.7,,800,,坏棒 总长 1000 任意重度敲 铁头 800
1954,17:48:53,hit_1954_20260730_174853.csv,512,NORMAL,HIGH,0,0,118,0,500000,6698507,6698507,-3410458,1886611.9,,800,,坏棒 总长 1000 任意重度敲 铁头 800
1955,17:48:53,hit_1955_20260730_174853.csv,512,DEFECT,HIGH,0,31,100,310,500000,6347488,6347488,-4278251,1618904.8,,800,-490,坏棒 总长 1000 任意重度敲 铁头 800
1956,17:48:54,hit_1956_20260730_174854.csv,512,NORMAL,HIGH,0,0,117,0,500000,6511917,6511917,-3209350,1885261.9,,800,,坏棒 总长 1000 任意重度敲 铁头 800
1957,17:48:54,hit_1957_20260730_174854.csv,512,DEFECT,HIGH,0,25,119,231,500000,5978437,5978437,-3376991,1170524.4,,800,-569,坏棒 总长 1000 任意重度敲 铁头 800
1958,17:48:54,hit_1958_20260730_174854.csv,512,DEFECT,HIGH,0,27,117,254,500000,6803473,6803473,-3373895,1555434.0,,800,-546,坏棒 总长 1000 任意重度敲 铁头 800
1959,17:48:54,hit_1959_20260730_174854.csv,512,DEFECT,HIGH,0,91,117,754,500000,7456696,7456696,-3342926,2100852.8,,800,-46,坏棒 总长 1000 任意重度敲 铁头 800
1960,17:48:55,hit_1960_20260730_174855.csv,512,NORMAL,HIGH,0,0,119,0,500000,6358574,6358574,-3748573,1912631.5,,800,,坏棒 总长 1000 任意重度敲 铁头 800
1961,17:48:55,hit_1961_20260730_174855.csv,512,NORMAL,HIGH,0,0,116,0,500000,4941825,4941825,-3577328,1072354.5,,800,,坏棒 总长 1000 任意重度敲 铁头 800
1962,17:48:55,hit_1962_20260730_174855.csv,512,DEFECT,HIGH,0,27,120,247,500000,6751893,6751893,-3605362,1699213.3,,800,-553,坏棒 总长 1000 任意重度敲 铁头 800
1963,17:48:56,hit_1963_20260730_174856.csv,512,DEFECT,HIGH,0,31,121,281,500000,6677782,6677782,-3917740,1536244.6,,800,-519,坏棒 总长 1000 任意重度敲 铁头 800
1964,17:48:56,hit_1964_20260730_174856.csv,512,NORMAL,HIGH,0,0,119,0,500000,7266974,7266974,-3370691,2368666.9,,800,,坏棒 总长 1000 任意重度敲 铁头 800
1965,17:48:56,hit_1965_20260730_174856.csv,512,DEFECT,HIGH,0,29,120,266,500000,6675269,6675269,-3735557,1591643.1,,800,-534,坏棒 总长 1000 任意重度敲 铁头 800
1966,17:48:56,hit_1966_20260730_174856.csv,512,NORMAL,HIGH,0,0,117,0,500000,7221807,7221807,-2993068,2503647.8,,800,,坏棒 总长 1000 任意重度敲 铁头 800
1967,17:48:57,hit_1967_20260730_174857.csv,512,NORMAL,HIGH,0,0,118,0,500000,7066266,7066266,-3317192,2391076.2,,800,,坏棒 总长 1000 任意重度敲 铁头 800
1968,17:48:57,hit_1968_20260730_174857.csv,512,NORMAL,HIGH,0,0,117,0,500000,6481837,6481837,-3162302,2262222.2,,800,,坏棒 总长 1000 任意重度敲 铁头 800
1969,17:48:57,hit_1969_20260730_174857.csv,512,DEFECT,HIGH,0,26,106,268,500000,5172091,4419380,-5172091,108799.4,,800,-532,坏棒 总长 1000 任意重度敲 铁头 800
1970,17:48:57,hit_1970_20260730_174857.csv,512,NORMAL,HIGH,0,0,117,0,500000,5262240,5262240,-3372383,1540971.4,,800,,坏棒 总长 1000 任意重度敲 铁头 800
1971,17:48:58,hit_1971_20260730_174858.csv,512,NORMAL,HIGH,0,0,121,0,500000,4646450,4646450,-4420137,477100.6,,800,,坏棒 总长 1000 任意重度敲 铁头 800
1972,17:48:58,hit_1972_20260730_174858.csv,512,NORMAL,HIGH,0,0,117,0,500000,5117192,5117192,-3637313,960202.7,,800,,坏棒 总长 1000 任意重度敲 铁头 800
1973,17:48:58,hit_1973_20260730_174858.csv,512,NORMAL,HIGH,0,0,117,0,500000,5402692,5402692,-3580379,1026867.0,,800,,坏棒 总长 1000 任意重度敲 铁头 800
1974,17:48:59,hit_1974_20260730_174859.csv,512,NORMAL,HIGH,0,0,117,0,500000,4982446,4982446,-3568221,1384268.7,,800,,坏棒 总长 1000 任意重度敲 铁头 800
1975,17:48:59,hit_1975_20260730_174859.csv,512,NORMAL,HIGH,0,0,115,0,500000,5005932,5005932,-3610296,1154607.4,,800,,坏棒 总长 1000 任意重度敲 铁头 800
1976,17:48:59,hit_1976_20260730_174859.csv,512,NORMAL,HIGH,0,0,117,0,500000,5163013,5163013,-3396080,1427225.0,,800,,坏棒 总长 1000 任意重度敲 铁头 800
1977,17:48:59,hit_1977_20260730_174859.csv,512,NORMAL,HIGH,0,0,117,0,500000,5609007,5609007,-3549481,1557360.7,,800,,坏棒 总长 1000 任意重度敲 铁头 800
1978,17:49:00,hit_1978_20260730_174900.csv,512,NORMAL,HIGH,0,0,118,0,500000,6576641,6576641,-3278793,2451813.3,,800,,坏棒 总长 1000 任意重度敲 铁头 800
1979,17:49:00,hit_1979_20260730_174900.csv,512,NORMAL,HIGH,0,0,117,0,500000,7013929,7013929,-3293340,2161171.0,,800,,坏棒 总长 1000 任意重度敲 铁头 800
1980,17:49:00,hit_1980_20260730_174900.csv,512,DEFECT,HIGH,0,27,119,250,500000,5967641,5967641,-3806439,1330256.1,,800,-550,坏棒 总长 1000 任意重度敲 铁头 800
1981,17:49:00,hit_1981_20260730_174900.csv,512,NORMAL,HIGH,0,0,118,0,500000,7651922,7651922,-2363213,3231055.7,,800,,坏棒 总长 1000 任意重度敲 铁头 800
1982,17:49:01,hit_1982_20260730_174901.csv,512,NORMAL,HIGH,0,0,120,0,500000,7613199,7613199,-2641168,2985778.1,,800,,坏棒 总长 1000 任意重度敲 铁头 800
1983,17:49:01,hit_1983_20260730_174901.csv,512,NORMAL,HIGH,0,0,120,0,500000,7230416,7230416,-2772102,2541778.9,,800,,坏棒 总长 1000 任意重度敲 铁头 800
1984,17:49:01,hit_1984_20260730_174901.csv,512,DEFECT,HIGH,0,24,116,228,500000,6315640,6315640,-3320333,1688843.4,,800,-572,坏棒 总长 1000 任意重度敲 铁头 800
1985,17:49:01,hit_1985_20260730_174901.csv,512,NORMAL,HIGH,0,0,117,0,500000,4919905,4919905,-3530181,1169286.0,,800,,坏棒 总长 1000 任意重度敲 铁头 800
1986,17:49:02,hit_1986_20260730_174902.csv,512,NORMAL,HIGH,0,0,115,0,500000,4075430,4075430,-4029439,247679.2,,800,,坏棒 总长 1000 任意重度敲 铁头 800
1987,17:49:02,hit_1987_20260730_174902.csv,512,NORMAL,HIGH,0,0,117,0,500000,5187285,5187285,-3548322,1279268.8,,800,,坏棒 总长 1000 任意重度敲 铁头 800
1988,17:49:02,hit_1988_20260730_174902.csv,512,NORMAL,HIGH,0,0,118,0,500000,6870662,6870662,-3317804,2432184.0,,800,,坏棒 总长 1000 任意重度敲 铁头 800
1989,17:49:02,hit_1989_20260730_174902.csv,512,NORMAL,HIGH,0,0,116,0,500000,6629603,6629603,-3137858,2200394.2,,800,,坏棒 总长 1000 任意重度敲 铁头 800
1990,17:49:03,hit_1990_20260730_174903.csv,512,NORMAL,HIGH,0,0,118,0,500000,7633801,7633801,-3235154,2911907.3,,800,,坏棒 总长 1000 任意重度敲 铁头 800
1991,17:49:03,hit_1991_20260730_174903.csv,512,DEFECT,LOW,0,24,0,228,500000,4760172,4553279,-4760172,42208.8,,800,-572,坏棒 总长 1000 任意重度敲 铁头 800
1992,17:49:03,hit_1992_20260730_174903.csv,512,NORMAL,HIGH,0,0,118,0,500000,5821323,5821323,-3425573,1788083.8,,800,,坏棒 总长 1000 任意重度敲 铁头 800
1993,17:49:03,hit_1993_20260730_174903.csv,512,NORMAL,HIGH,0,0,120,0,500000,7015431,7015431,-2771729,2745978.4,,800,,坏棒 总长 1000 任意重度敲 铁头 800
1994,17:49:04,hit_1994_20260730_174904.csv,512,DEFECT,HIGH,0,27,120,247,500000,6240964,6240964,-3658404,1507734.9,,800,-553,坏棒 总长 1000 任意重度敲 铁头 800
1995,17:49:04,hit_1995_20260730_174904.csv,512,NORMAL,HIGH,0,0,118,0,500000,6265331,6265331,-3297413,1750778.2,,800,,坏棒 总长 1000 任意重度敲 铁头 800
1996,17:49:04,hit_1996_20260730_174904.csv,512,NORMAL,HIGH,0,0,120,0,500000,7118531,7118531,-3539905,2437155.8,,800,,坏棒 总长 1000 任意重度敲 铁头 800
1997,17:49:04,hit_1997_20260730_174904.csv,512,NORMAL,HIGH,0,0,117,0,500000,7356446,7356446,-2829352,2725368.0,,800,,坏棒 总长 1000 任意重度敲 铁头 800
1998,17:49:05,hit_1998_20260730_174905.csv,512,DEFECT,HIGH,0,89,119,722,500000,7038590,7038590,-3241728,2233430.0,,800,-78,坏棒 总长 1000 任意重度敲 铁头 800
1999,17:49:05,hit_1999_20260730_174905.csv,512,NORMAL,HIGH,0,0,118,0,500000,7218571,7218571,-3271409,2556517.2,,800,,坏棒 总长 1000 任意重度敲 铁头 800
2000,17:49:05,hit_2000_20260730_174905.csv,512,DEFECT,HIGH,0,26,118,242,500000,6778859,6778859,-3273910,2047426.1,,800,-558,坏棒 总长 1000 任意重度敲 铁头 800
