hit,time,file,points,state,conf,impact,defect,bottom,dist_mm,threshold,peak_abs,peak_pos,peak_neg,mean,rod_len_mm,defect_true_mm,err_mm,note
1,16:12:47,hit_001_20260730_161247.csv,512,DEFECT,HIGH,0,23,110,232,500000,4815922,4318684,-4815922,140198.1,,307,-75,坏棒 总长1002 任意重度 塑料头 307
2,16:12:49,hit_002_20260730_161249.csv,512,DEFECT,HIGH,0,26,110,262,500000,5207555,3863831,-5207555,-361624.3,,307,-45,坏棒 总长1002 任意重度 塑料头 307
3,16:12:52,hit_003_20260730_161252.csv,512,DEFECT,HIGH,0,39,110,393,500000,4289731,3399837,-4289731,-395180.5,,307,86,坏棒 总长1002 任意重度 塑料头 307
4,16:12:53,hit_004_20260730_161253.csv,512,DEFECT,HIGH,0,26,113,254,500000,4762225,3310704,-4762225,-452768.4,,307,-53,坏棒 总长1002 任意重度 塑料头 307
5,16:12:53,hit_005_20260730_161253.csv,512,DEFECT,HIGH,0,23,109,234,500000,4663416,4163538,-4663416,-236723.8,,307,-73,坏棒 总长1002 任意重度 塑料头 307
6,16:12:54,hit_006_20260730_161254.csv,512,DEFECT,HIGH,0,26,111,260,500000,5114939,4145798,-5114939,-226095.4,,307,-47,坏棒 总长1002 任意重度 塑料头 307
7,16:12:54,hit_007_20260730_161254.csv,512,DEFECT,HIGH,0,27,110,272,500000,5432384,4125608,-5432384,-331378.2,,307,-35,坏棒 总长1002 任意重度 塑料头 307
8,16:12:55,hit_008_20260730_161255.csv,512,DEFECT,HIGH,0,24,109,244,500000,4990125,4311538,-4990125,-222814.1,,307,-63,坏棒 总长1002 任意重度 塑料头 307
9,16:12:55,hit_009_20260730_161255.csv,512,DEFECT,HIGH,0,22,108,226,500000,4629188,4330033,-4629188,-113077.3,,307,-81,坏棒 总长1002 任意重度 塑料头 307
10,16:12:56,hit_010_20260730_161256.csv,512,DEFECT,HIGH,0,21,117,185,500000,4426311,4361905,-4426311,-41954.3,,307,-122,坏棒 总长1002 任意重度 塑料头 307
11,16:12:56,hit_011_20260730_161256.csv,512,DEFECT,HIGH,0,24,109,244,500000,4809183,4065381,-4809183,-266665.0,,307,-63,坏棒 总长1002 任意重度 塑料头 307
12,16:12:57,hit_012_20260730_161257.csv,512,DEFECT,HIGH,0,22,116,194,500000,4648656,4153001,-4648656,-237357.9,,307,-113,坏棒 总长1002 任意重度 塑料头 307
13,16:12:57,hit_013_20260730_161257.csv,512,DEFECT,HIGH,0,24,108,247,500000,4826284,4179112,-4826284,-211168.0,,307,-60,坏棒 总长1002 任意重度 塑料头 307
14,16:12:58,hit_014_20260730_161258.csv,512,DEFECT,HIGH,0,24,109,244,500000,4269765,4269765,-3712650,-64284.6,,307,-63,坏棒 总长1002 任意重度 塑料头 307
15,16:12:58,hit_015_20260730_161258.csv,512,DEFECT,HIGH,0,25,110,252,500000,4918215,4033162,-4918215,-252987.3,,307,-55,坏棒 总长1002 任意重度 塑料头 307
16,16:12:59,hit_016_20260730_161259.csv,512,DEFECT,HIGH,0,22,108,226,500000,4326698,3661976,-4326698,-312405.6,,307,-81,坏棒 总长1002 任意重度 塑料头 307
17,16:12:59,hit_017_20260730_161259.csv,512,DEFECT,HIGH,0,43,109,438,500000,3902570,3902570,-3538427,-328853.2,,307,131,坏棒 总长1002 任意重度 塑料头 307
18,16:12:59,hit_018_20260730_161259.csv,512,DEFECT,HIGH,0,23,117,203,500000,4551248,3791470,-4551248,-384548.9,,307,-104,坏棒 总长1002 任意重度 塑料头 307
19,16:13:00,hit_019_20260730_161300.csv,512,DEFECT,HIGH,0,24,108,247,500000,4783087,3942509,-4783087,-373565.7,,307,-60,坏棒 总长1002 任意重度 塑料头 307
20,16:13:00,hit_020_20260730_161300.csv,512,DEFECT,HIGH,0,65,115,477,500000,4529190,4529190,-4120724,31252.5,,307,170,坏棒 总长1002 任意重度 塑料头 307
21,16:13:01,hit_021_20260730_161301.csv,512,DEFECT,HIGH,0,26,110,262,500000,4995442,3664239,-4995442,-448454.3,,307,-45,坏棒 总长1002 任意重度 塑料头 307
22,16:13:01,hit_022_20260730_161301.csv,512,DEFECT,HIGH,0,22,116,194,500000,4518048,4190157,-4518048,-267600.0,,307,-113,坏棒 总长1002 任意重度 塑料头 307
23,16:13:02,hit_023_20260730_161302.csv,512,DEFECT,HIGH,0,23,117,203,500000,4589207,4438410,-4589207,-92342.6,,307,-104,坏棒 总长1002 任意重度 塑料头 307
24,16:13:02,hit_024_20260730_161302.csv,512,DEFECT,HIGH,0,26,108,268,500000,4953875,3954129,-4953875,-464281.6,,307,-39,坏棒 总长1002 任意重度 塑料头 307
25,16:13:03,hit_025_20260730_161303.csv,512,DEFECT,HIGH,0,79,113,774,500000,4825340,4825340,-3087111,260999.3,,307,467,坏棒 总长1002 任意重度 塑料头 307
26,16:13:03,hit_026_20260730_161303.csv,512,DEFECT,HIGH,0,33,111,330,500000,4230537,4230537,-4051302,-206924.5,,307,23,坏棒 总长1002 任意重度 塑料头 307
27,16:13:04,hit_027_20260730_161304.csv,512,DEFECT,HIGH,0,39,114,378,500000,4020547,3883711,-4020547,-407668.1,,307,71,坏棒 总长1002 任意重度 塑料头 307
28,16:13:04,hit_028_20260730_161304.csv,512,DEFECT,HIGH,0,70,108,608,500000,4691155,4691155,-3689322,119731.3,,307,301,坏棒 总长1002 任意重度 塑料头 307
29,16:13:05,hit_029_20260730_161305.csv,512,DEFECT,HIGH,0,23,117,203,500000,4564048,4125582,-4564048,-271418.6,,307,-104,坏棒 总长1002 任意重度 塑料头 307
30,16:13:05,hit_030_20260730_161305.csv,512,DEFECT,HIGH,0,26,111,260,500000,4581998,3485986,-4581998,-416568.3,,307,-47,坏棒 总长1002 任意重度 塑料头 307
31,16:13:06,hit_031_20260730_161306.csv,512,DEFECT,HIGH,0,23,108,237,500000,4631801,4302175,-4631801,-187521.4,,307,-70,坏棒 总长1002 任意重度 塑料头 307
32,16:13:10,hit_032_20260730_161310.csv,512,DEFECT,HIGH,0,38,111,380,500000,3144185,3144185,-2180905,-149634.1,,307,73,坏棒 总长1002 任意重度 塑料头 307
33,16:13:10,hit_033_20260730_161310.csv,512,DEFECT,HIGH,0,25,111,250,500000,4948569,3913019,-4948569,-290505.3,,307,-57,坏棒 总长1002 任意重度 塑料头 307
34,16:13:11,hit_034_20260730_161311.csv,512,DEFECT,HIGH,0,42,112,415,500000,4513636,3436120,-4513636,-461716.3,,307,108,坏棒 总长1002 任意重度 塑料头 307
35,16:13:11,hit_035_20260730_161311.csv,512,DEFECT,HIGH,0,24,108,247,500000,4711635,4210880,-4711635,-325934.9,,307,-60,坏棒 总长1002 任意重度 塑料头 307
36,16:13:12,hit_036_20260730_161312.csv,512,DEFECT,HIGH,0,24,110,242,500000,4584708,3573818,-4584708,-471919.0,,307,-65,坏棒 总长1002 任意重度 塑料头 307
37,16:13:12,hit_037_20260730_161312.csv,512,DEFECT,HIGH,0,25,111,250,500000,4909256,3491847,-4909256,-343280.2,,307,-57,坏棒 总长1002 任意重度 塑料头 307
38,16:13:13,hit_038_20260730_161313.csv,512,DEFECT,HIGH,0,29,113,284,500000,5525805,3699941,-5525805,-496832.4,,307,-23,坏棒 总长1002 任意重度 塑料头 307
39,16:13:13,hit_039_20260730_161313.csv,512,DEFECT,HIGH,0,29,114,281,500000,5350391,3468666,-5350391,-534810.6,,307,-26,坏棒 总长1002 任意重度 塑料头 307
40,16:13:13,hit_040_20260730_161313.csv,512,DEFECT,HIGH,0,24,110,242,500000,4789306,4081968,-4789306,-216826.0,,307,-65,坏棒 总长1002 任意重度 塑料头 307
41,16:13:14,hit_041_20260730_161314.csv,512,DEFECT,HIGH,0,25,111,250,500000,5098291,4445637,-5098291,-42572.4,,307,-57,坏棒 总长1002 任意重度 塑料头 307
42,16:13:14,hit_042_20260730_161314.csv,512,DEFECT,HIGH,0,28,112,277,500000,5301604,3839247,-5301604,-467454.0,,307,-30,坏棒 总长1002 任意重度 塑料头 307
43,16:13:15,hit_043_20260730_161315.csv,512,DEFECT,HIGH,0,24,111,240,500000,4860640,3972221,-4860640,-156040.1,,307,-67,坏棒 总长1002 任意重度 塑料头 307
44,16:13:15,hit_044_20260730_161315.csv,512,DEFECT,HIGH,0,28,116,266,500000,4701462,3117187,-4701462,-445469.8,,307,-41,坏棒 总长1002 任意重度 塑料头 307
45,16:13:15,hit_045_20260730_161315.csv,512,DEFECT,HIGH,0,27,114,262,500000,4635306,3244595,-4635306,-436721.6,,307,-45,坏棒 总长1002 任意重度 塑料头 307
46,16:13:16,hit_046_20260730_161316.csv,512,DEFECT,HIGH,0,27,112,267,500000,4770140,3213628,-4770140,-513799.4,,307,-40,坏棒 总长1002 任意重度 塑料头 307
47,16:13:16,hit_047_20260730_161316.csv,512,DEFECT,HIGH,0,27,112,267,500000,5066622,3410879,-5066622,-581416.2,,307,-40,坏棒 总长1002 任意重度 塑料头 307
48,16:13:17,hit_048_20260730_161317.csv,512,DEFECT,HIGH,0,26,112,257,500000,5125206,3791719,-5125206,-288875.4,,307,-50,坏棒 总长1002 任意重度 塑料头 307
49,16:13:17,hit_049_20260730_161317.csv,512,DEFECT,HIGH,0,24,112,237,500000,4953967,4002164,-4953967,-228959.2,,307,-70,坏棒 总长1002 任意重度 塑料头 307
50,16:13:18,hit_050_20260730_161318.csv,512,DEFECT,HIGH,0,68,108,587,500000,4630136,4630136,-4392166,278393.5,,307,280,坏棒 总长1002 任意重度 塑料头 307
51,16:13:18,hit_051_20260730_161318.csv,512,DEFECT,HIGH,0,24,109,244,500000,4786478,4161380,-4786478,-168637.8,,307,-63,坏棒 总长1002 任意重度 塑料头 307
52,16:13:18,hit_052_20260730_161318.csv,512,DEFECT,HIGH,0,26,110,262,500000,5166914,3757589,-5166914,-512254.7,,307,-45,坏棒 总长1002 任意重度 塑料头 307
53,16:13:19,hit_053_20260730_161319.csv,512,DEFECT,HIGH,0,23,111,230,500000,4590550,4037967,-4590550,-92517.4,,307,-77,坏棒 总长1002 任意重度 塑料头 307
54,16:13:19,hit_054_20260730_161319.csv,512,DEFECT,HIGH,0,28,114,271,500000,5293613,3986978,-5293613,-235719.7,,307,-36,坏棒 总长1002 任意重度 塑料头 307
55,16:13:20,hit_055_20260730_161320.csv,512,DEFECT,HIGH,0,25,111,250,500000,5033353,4238602,-5033353,-47388.7,,307,-57,坏棒 总长1002 任意重度 塑料头 307
56,16:13:20,hit_056_20260730_161320.csv,512,DEFECT,HIGH,0,27,112,267,500000,5299905,4006381,-5299905,-334218.1,,307,-40,坏棒 总长1002 任意重度 塑料头 307
57,16:13:20,hit_057_20260730_161320.csv,512,DEFECT,HIGH,0,26,111,260,500000,5161012,4256995,-5161012,-181599.8,,307,-47,坏棒 总长1002 任意重度 塑料头 307
58,16:13:21,hit_058_20260730_161321.csv,512,DEFECT,HIGH,0,28,114,271,500000,5283439,3624287,-5283439,-380906.6,,307,-36,坏棒 总长1002 任意重度 塑料头 307
59,16:13:21,hit_059_20260730_161321.csv,512,DEFECT,HIGH,0,27,114,262,500000,4920055,3273665,-4920055,-453080.1,,307,-45,坏棒 总长1002 任意重度 塑料头 307
60,16:13:22,hit_060_20260730_161322.csv,512,DEFECT,HIGH,0,26,113,254,500000,5003473,3603225,-5003473,-282504.8,,307,-53,坏棒 总长1002 任意重度 塑料头 307
61,16:13:22,hit_061_20260730_161322.csv,512,DEFECT,HIGH,0,26,114,252,500000,5050809,3570857,-5050809,-309614.7,,307,-55,坏棒 总长1002 任意重度 塑料头 307
62,16:13:23,hit_062_20260730_161323.csv,512,DEFECT,HIGH,0,29,115,278,500000,5169957,3270286,-5169957,-503325.3,,307,-29,坏棒 总长1002 任意重度 塑料头 307
63,16:13:23,hit_063_20260730_161323.csv,512,DEFECT,HIGH,0,29,115,278,500000,5107644,3367749,-5107644,-485849.5,,307,-29,坏棒 总长1002 任意重度 塑料头 307
64,16:13:23,hit_064_20260730_161323.csv,512,DEFECT,HIGH,0,25,113,245,500000,4966311,3540078,-4966311,-416544.9,,307,-62,坏棒 总长1002 任意重度 塑料头 307
65,16:13:24,hit_065_20260730_161324.csv,512,DEFECT,HIGH,0,26,112,257,500000,5006007,3812710,-5006007,-351231.0,,307,-50,坏棒 总长1002 任意重度 塑料头 307
66,16:13:24,hit_066_20260730_161324.csv,512,DEFECT,HIGH,0,26,112,257,500000,5148432,4070776,-5148432,-142134.5,,307,-50,坏棒 总长1002 任意重度 塑料头 307
67,16:13:25,hit_067_20260730_161325.csv,512,DEFECT,HIGH,0,27,113,264,500000,5205492,3706883,-5205492,-309997.9,,307,-43,坏棒 总长1002 任意重度 塑料头 307
68,16:13:25,hit_068_20260730_161325.csv,512,DEFECT,HIGH,0,25,111,250,500000,5057322,3942777,-5057322,-232478.4,,307,-57,坏棒 总长1002 任意重度 塑料头 307
69,16:13:26,hit_069_20260730_161326.csv,512,DEFECT,HIGH,0,27,113,264,500000,5160699,3722501,-5160699,-389156.7,,307,-43,坏棒 总长1002 任意重度 塑料头 307
70,16:13:26,hit_070_20260730_161326.csv,512,DEFECT,HIGH,0,26,112,257,500000,4977587,3807079,-4977587,-298153.5,,307,-50,坏棒 总长1002 任意重度 塑料头 307
71,16:13:26,hit_071_20260730_161326.csv,512,DEFECT,HIGH,0,26,113,254,500000,4963799,3620126,-4963799,-371560.0,,307,-53,坏棒 总长1002 任意重度 塑料头 307
72,16:13:27,hit_072_20260730_161327.csv,512,DEFECT,HIGH,0,26,112,257,500000,5079690,3629205,-5079690,-408924.2,,307,-50,坏棒 总长1002 任意重度 塑料头 307
73,16:13:27,hit_073_20260730_161327.csv,512,DEFECT,HIGH,0,25,111,250,500000,4973301,4215271,-4973301,-142443.2,,307,-57,坏棒 总长1002 任意重度 塑料头 307
74,16:13:28,hit_074_20260730_161328.csv,512,DEFECT,HIGH,0,26,113,254,500000,4953759,3539988,-4953759,-341973.4,,307,-53,坏棒 总长1002 任意重度 塑料头 307
75,16:13:28,hit_075_20260730_161328.csv,512,DEFECT,HIGH,0,25,112,247,500000,4971279,3589660,-4971279,-255999.5,,307,-60,坏棒 总长1002 任意重度 塑料头 307
76,16:13:28,hit_076_20260730_161328.csv,512,DEFECT,HIGH,0,25,112,247,500000,5040840,3643426,-5040840,-366460.5,,307,-60,坏棒 总长1002 任意重度 塑料头 307
77,16:13:29,hit_077_20260730_161329.csv,512,DEFECT,HIGH,0,25,111,250,500000,4913152,3681764,-4913152,-341784.6,,307,-57,坏棒 总长1002 任意重度 塑料头 307
78,16:13:29,hit_078_20260730_161329.csv,512,DEFECT,HIGH,0,25,113,245,500000,4856550,3523980,-4856550,-324358.4,,307,-62,坏棒 总长1002 任意重度 塑料头 307
79,16:13:30,hit_079_20260730_161330.csv,512,DEFECT,HIGH,0,26,112,257,500000,5021576,3861767,-5021576,-294417.6,,307,-50,坏棒 总长1002 任意重度 塑料头 307
80,16:13:30,hit_080_20260730_161330.csv,512,DEFECT,HIGH,0,25,111,250,500000,4855261,3758722,-4855261,-311653.4,,307,-57,坏棒 总长1002 任意重度 塑料头 307
81,16:13:31,hit_081_20260730_161331.csv,512,DEFECT,HIGH,0,25,110,252,500000,4931255,4068963,-4931255,-180840.4,,307,-55,坏棒 总长1002 任意重度 塑料头 307
82,16:13:31,hit_082_20260730_161331.csv,512,DEFECT,HIGH,0,26,111,260,500000,5089669,3681205,-5089669,-404099.0,,307,-47,坏棒 总长1002 任意重度 塑料头 307
83,16:13:31,hit_083_20260730_161331.csv,512,DEFECT,HIGH,0,23,109,234,500000,4759766,4311755,-4759766,-86299.3,,307,-73,坏棒 总长1002 任意重度 塑料头 307
84,16:13:32,hit_084_20260730_161332.csv,512,DEFECT,HIGH,0,41,113,401,500000,4340336,3011477,-4340336,-444318.6,,307,94,坏棒 总长1002 任意重度 塑料头 307
85,16:13:32,hit_085_20260730_161332.csv,512,DEFECT,HIGH,0,25,110,252,500000,4936850,3914491,-4936850,-298400.0,,307,-55,坏棒 总长1002 任意重度 塑料头 307
86,16:13:33,hit_086_20260730_161333.csv,512,DEFECT,HIGH,0,23,110,232,500000,4713145,3781197,-4713145,-216194.7,,307,-75,坏棒 总长1002 任意重度 塑料头 307
87,16:13:33,hit_087_20260730_161333.csv,512,DEFECT,HIGH,0,24,110,242,500000,4700168,3654524,-4700168,-377292.2,,307,-65,坏棒 总长1002 任意重度 塑料头 307
88,16:13:34,hit_088_20260730_161334.csv,512,DEFECT,HIGH,0,24,110,242,500000,4793775,3983085,-4793775,-224844.8,,307,-65,坏棒 总长1002 任意重度 塑料头 307
89,16:13:34,hit_089_20260730_161334.csv,512,DEFECT,HIGH,0,25,110,252,500000,4945099,3961869,-4945099,-328029.9,,307,-55,坏棒 总长1002 任意重度 塑料头 307
90,16:13:35,hit_090_20260730_161335.csv,512,DEFECT,HIGH,0,26,111,260,500000,4929013,3568310,-4929013,-473516.9,,307,-47,坏棒 总长1002 任意重度 塑料头 307
91,16:13:35,hit_091_20260730_161335.csv,512,DEFECT,HIGH,0,23,108,237,500000,4580130,3837686,-4580130,-327961.9,,307,-70,坏棒 总长1002 任意重度 塑料头 307
92,16:13:35,hit_092_20260730_161335.csv,512,DEFECT,HIGH,0,26,109,265,500000,4739031,3656778,-4739031,-496357.6,,307,-42,坏棒 总长1002 任意重度 塑料头 307
93,16:13:36,hit_093_20260730_161336.csv,512,DEFECT,HIGH,0,41,109,418,500000,4736605,3521509,-4736605,-543957.5,,307,111,坏棒 总长1002 任意重度 塑料头 307
94,16:13:36,hit_094_20260730_161336.csv,512,DEFECT,HIGH,0,24,116,212,500000,4563484,3751293,-4563484,-530153.9,,307,-95,坏棒 总长1002 任意重度 塑料头 307
95,16:13:37,hit_095_20260730_161337.csv,512,DEFECT,HIGH,0,45,113,441,500000,4558450,3696716,-4558450,-476920.4,,307,134,坏棒 总长1002 任意重度 塑料头 307
96,16:13:37,hit_096_20260730_161337.csv,512,DEFECT,HIGH,0,23,108,237,500000,4552335,3868018,-4552335,-345233.6,,307,-70,坏棒 总长1002 任意重度 塑料头 307
97,16:13:42,hit_097_20260730_161342.csv,512,DEFECT,HIGH,0,29,110,292,500000,5411601,3970340,-5411601,-461355.8,,307,-15,坏棒 总长1002 任意重度 塑料头 307
98,16:13:42,hit_098_20260730_161342.csv,512,DEFECT,HIGH,0,23,108,237,500000,4751646,4413017,-4751646,54539.5,,307,-70,坏棒 总长1002 任意重度 塑料头 307
99,16:13:42,hit_099_20260730_161342.csv,512,DEFECT,HIGH,0,29,110,292,500000,5242806,3737393,-5242806,-540671.9,,307,-15,坏棒 总长1002 任意重度 塑料头 307
100,16:13:43,hit_100_20260730_161343.csv,512,DEFECT,HIGH,0,100,113,787,500000,4403174,4403174,-3958631,-27835.5,,307,480,坏棒 总长1002 任意重度 塑料头 307
101,16:13:44,hit_101_20260730_161344.csv,512,DEFECT,HIGH,0,29,111,290,500000,4346568,4346568,-4284378,-177244.4,,307,-17,坏棒 总长1002 任意重度 塑料头 307
102,16:13:44,hit_102_20260730_161344.csv,512,DEFECT,HIGH,0,66,113,486,500000,4833517,4833517,-4188348,352313.9,,307,179,坏棒 总长1002 任意重度 塑料头 307
103,16:13:44,hit_103_20260730_161344.csv,512,DEFECT,HIGH,0,38,115,336,500000,4320342,4320342,-4211340,-129922.9,,307,29,坏棒 总长1002 任意重度 塑料头 307
104,16:13:45,hit_104_20260730_161345.csv,512,DEFECT,HIGH,0,26,110,262,500000,5239409,3909093,-5239409,-390194.0,,307,-45,坏棒 总长1002 任意重度 塑料头 307
105,16:13:45,hit_105_20260730_161345.csv,512,DEFECT,HIGH,0,22,118,194,500000,4634707,4488633,-4634707,-71156.5,,307,-113,坏棒 总长1002 任意重度 塑料头 307
106,16:13:46,hit_106_20260730_161346.csv,512,DEFECT,HIGH,0,38,109,387,500000,4369276,3513334,-4369276,-363507.3,,307,80,坏棒 总长1002 任意重度 塑料头 307
107,16:13:46,hit_107_20260730_161346.csv,512,DEFECT,HIGH,0,42,108,432,500000,4754180,4333990,-4754180,-271875.4,,307,125,坏棒 总长1002 任意重度 塑料头 307
108,16:13:47,hit_108_20260730_161347.csv,512,DEFECT,HIGH,0,26,110,262,500000,5108178,4203807,-5108178,-248197.8,,307,-45,坏棒 总长1002 任意重度 塑料头 307
109,16:13:47,hit_109_20260730_161347.csv,512,DEFECT,HIGH,0,25,108,257,500000,4979688,4086244,-4979688,-345693.2,,307,-50,坏棒 总长1002 任意重度 塑料头 307
110,16:13:52,hit_110_20260730_161352.csv,512,DEFECT,HIGH,0,27,112,267,500000,5304304,4134199,-5304304,-167842.7,,307,-40,坏棒 总长1002 任意重度 塑料头 307
111,16:13:53,hit_111_20260730_161353.csv,512,DEFECT,HIGH,0,45,115,432,500000,4259595,3672150,-4259595,-385130.2,,307,125,坏棒 总长1002 任意重度 塑料头 307
112,16:13:53,hit_112_20260730_161353.csv,512,DEFECT,HIGH,0,29,112,287,500000,5414928,3756475,-5414928,-586221.1,,307,-20,坏棒 总长1002 任意重度 塑料头 307
113,16:13:53,hit_113_20260730_161353.csv,512,DEFECT,HIGH,0,23,110,232,500000,4532379,4490199,-4532379,-28573.6,,307,-75,坏棒 总长1002 任意重度 塑料头 307
114,16:13:54,hit_114_20260730_161354.csv,512,DEFECT,HIGH,0,29,112,287,500000,5401802,3879913,-5401802,-508200.4,,307,-20,坏棒 总长1002 任意重度 塑料头 307
115,16:13:54,hit_115_20260730_161354.csv,512,DEFECT,HIGH,0,25,108,257,500000,4858254,4114867,-4858254,-311485.2,,307,-50,坏棒 总长1002 任意重度 塑料头 307
116,16:13:55,hit_116_20260730_161355.csv,512,DEFECT,HIGH,0,24,110,242,500000,4456153,3883995,-4456153,-328175.0,,307,-65,坏棒 总长1002 任意重度 塑料头 307
117,16:13:55,hit_117_20260730_161355.csv,512,DEFECT,HIGH,0,40,116,353,500000,4587152,4587152,-4138079,36774.7,,307,46,坏棒 总长1002 任意重度 塑料头 307
118,16:13:56,hit_118_20260730_161356.csv,512,DEFECT,HIGH,0,22,116,194,500000,4313836,3865152,-4313836,-332351.6,,307,-113,坏棒 总长1002 任意重度 塑料头 307
119,16:13:56,hit_119_20260730_161356.csv,512,DEFECT,HIGH,0,27,109,275,500000,5159236,3970155,-5159236,-427761.8,,307,-32,坏棒 总长1002 任意重度 塑料头 307
120,16:13:57,hit_120_20260730_161357.csv,512,DEFECT,HIGH,0,27,109,275,500000,5219115,4063289,-5219115,-430240.5,,307,-32,坏棒 总长1002 任意重度 塑料头 307
121,16:13:57,hit_121_20260730_161357.csv,512,DEFECT,HIGH,0,25,108,257,500000,4992045,4127956,-4992045,-209690.2,,307,-50,坏棒 总长1002 任意重度 塑料头 307
122,16:13:58,hit_122_20260730_161358.csv,512,DEFECT,HIGH,0,21,117,185,500000,4546251,4546251,-4481478,130469.0,,307,-122,坏棒 总长1002 任意重度 塑料头 307
123,16:13:58,hit_123_20260730_161358.csv,512,DEFECT,HIGH,0,22,108,226,500000,4618509,4189775,-4618509,-100888.8,,307,-81,坏棒 总长1002 任意重度 塑料头 307
124,16:13:58,hit_124_20260730_161358.csv,512,DEFECT,HIGH,0,38,117,336,500000,4318657,3725302,-4318657,-387949.7,,307,29,坏棒 总长1002 任意重度 塑料头 307
125,16:13:59,hit_125_20260730_161359.csv,512,DEFECT,HIGH,0,22,108,226,500000,4663840,4199619,-4663840,-117540.2,,307,-81,坏棒 总长1002 任意重度 塑料头 307
126,16:14:03,hit_126_20260730_161403.csv,512,DEFECT,HIGH,0,25,111,250,500000,5150900,4003312,-5150900,-327720.9,,307,-57,坏棒 总长1002 任意重度 塑料头 307
127,16:14:03,hit_127_20260730_161403.csv,512,DEFECT,HIGH,0,22,110,222,500000,4471722,4070785,-4471722,-2925.9,,307,-85,坏棒 总长1002 任意重度 塑料头 307
128,16:14:03,hit_128_20260730_161403.csv,512,DEFECT,HIGH,0,34,122,306,500000,5198009,3539047,-5198009,-600988.3,,307,-1,坏棒 总长1002 任意重度 塑料头 307
129,16:14:04,hit_129_20260730_161404.csv,512,DEFECT,HIGH,0,24,112,237,500000,4699824,3823472,-4699824,-220051.0,,307,-70,坏棒 总长1002 任意重度 塑料头 307
130,16:14:04,hit_130_20260730_161404.csv,512,DEFECT,HIGH,0,38,110,383,500000,4256508,3435506,-4256508,-415313.8,,307,76,坏棒 总长1002 任意重度 塑料头 307
131,16:14:05,hit_131_20260730_161405.csv,512,DEFECT,HIGH,0,26,108,268,500000,5107340,4121589,-5107340,-393127.8,,307,-39,坏棒 总长1002 任意重度 塑料头 307
132,16:14:05,hit_132_20260730_161405.csv,512,DEFECT,HIGH,0,43,111,430,500000,4561083,3579244,-4561083,-505104.1,,307,123,坏棒 总长1002 任意重度 塑料头 307
133,16:14:08,hit_133_20260730_161408.csv,512,DEFECT,HIGH,0,39,111,390,500000,4198656,3617217,-4198656,-277762.1,,307,83,坏棒 总长1002 任意重度 塑料头 307
134,16:14:09,hit_134_20260730_161409.csv,512,DEFECT,HIGH,0,22,111,220,500000,4489466,4001950,-4489466,-141568.4,,307,-87,坏棒 总长1002 任意重度 塑料头 307
135,16:14:11,hit_135_20260730_161411.csv,512,DEFECT,HIGH,0,42,110,424,500000,4596961,4069527,-4596961,-252136.8,,307,117,坏棒 总长1002 任意重度 塑料头 307
136,16:14:11,hit_136_20260730_161411.csv,512,DEFECT,HIGH,0,22,109,224,500000,4610650,4389149,-4610650,-72125.5,,307,-83,坏棒 总长1002 任意重度 塑料头 307
137,16:14:12,hit_137_20260730_161412.csv,512,DEFECT,HIGH,0,26,112,257,500000,5124118,3867420,-5124118,-338532.8,,307,-50,坏棒 总长1002 任意重度 塑料头 307
138,16:14:12,hit_138_20260730_161412.csv,512,DEFECT,HIGH,0,40,109,408,500000,4335111,3418779,-4335111,-642298.2,,307,101,坏棒 总长1002 任意重度 塑料头 307
139,16:14:13,hit_139_20260730_161413.csv,512,DEFECT,HIGH,0,25,109,255,500000,4852089,3951761,-4852089,-363775.1,,307,-52,坏棒 总长1002 任意重度 塑料头 307
140,16:14:13,hit_140_20260730_161413.csv,512,DEFECT,HIGH,0,28,110,282,500000,5219142,3643909,-5219142,-644595.4,,307,-25,坏棒 总长1002 任意重度 塑料头 307
141,16:14:13,hit_141_20260730_161413.csv,512,DEFECT,HIGH,0,25,111,250,500000,5060497,4015016,-5060497,-275963.2,,307,-57,坏棒 总长1002 任意重度 塑料头 307
142,16:14:14,hit_142_20260730_161414.csv,512,DEFECT,HIGH,0,42,109,428,500000,5009910,4055107,-5009910,-418563.4,,307,121,坏棒 总长1002 任意重度 塑料头 307
143,16:14:14,hit_143_20260730_161414.csv,512,DEFECT,HIGH,0,22,108,226,500000,4738565,4335721,-4738565,-90469.5,,307,-81,坏棒 总长1002 任意重度 塑料头 307
144,16:14:15,hit_144_20260730_161415.csv,512,DEFECT,HIGH,0,41,108,422,500000,4712036,3978644,-4712036,-338662.1,,307,115,坏棒 总长1002 任意重度 塑料头 307
145,16:14:15,hit_145_20260730_161415.csv,512,DEFECT,HIGH,0,23,109,234,500000,4703616,4211526,-4703616,-159124.4,,307,-73,坏棒 总长1002 任意重度 塑料头 307
146,16:14:15,hit_146_20260730_161415.csv,512,DEFECT,HIGH,0,66,116,486,500000,4522593,4522593,-4072330,38159.9,,307,179,坏棒 总长1002 任意重度 塑料头 307
147,16:14:16,hit_147_20260730_161416.csv,512,DEFECT,HIGH,0,41,109,418,500000,4620213,4259197,-4620213,-227343.5,,307,111,坏棒 总长1002 任意重度 塑料头 307
148,16:14:16,hit_148_20260730_161416.csv,512,DEFECT,HIGH,0,25,111,250,500000,5018219,3928025,-5018219,-323406.3,,307,-57,坏棒 总长1002 任意重度 塑料头 307
149,16:14:17,hit_149_20260730_161417.csv,512,DEFECT,HIGH,0,24,109,244,500000,4686313,3932193,-4686313,-301698.5,,307,-63,坏棒 总长1002 任意重度 塑料头 307
150,16:14:17,hit_150_20260730_161417.csv,512,DEFECT,HIGH,0,30,110,303,500000,5393145,3925294,-5393145,-629299.0,,307,-4,坏棒 总长1002 任意重度 塑料头 307
151,16:14:17,hit_151_20260730_161417.csv,512,DEFECT,HIGH,0,25,108,257,500000,4741161,3853902,-4741161,-433066.2,,307,-50,坏棒 总长1002 任意重度 塑料头 307
152,16:14:18,hit_152_20260730_161418.csv,512,DEFECT,HIGH,0,43,108,443,500000,4684881,3575403,-4684881,-694929.3,,307,136,坏棒 总长1002 任意重度 塑料头 307
153,16:14:18,hit_153_20260730_161418.csv,512,DEFECT,HIGH,0,23,109,234,500000,4632758,4094934,-4632758,-185171.0,,307,-73,坏棒 总长1002 任意重度 塑料头 307
154,16:14:19,hit_154_20260730_161419.csv,512,DEFECT,HIGH,0,26,110,262,500000,5034788,3831948,-5034788,-447579.3,,307,-45,坏棒 总长1002 任意重度 塑料头 307
155,16:14:19,hit_155_20260730_161419.csv,512,DEFECT,HIGH,0,22,108,226,500000,4692507,4692507,-4576533,133670.0,,307,-81,坏棒 总长1002 任意重度 塑料头 307
156,16:14:19,hit_156_20260730_161419.csv,512,DEFECT,HIGH,0,28,112,277,500000,5256969,3581928,-5256969,-559283.0,,307,-30,坏棒 总长1002 任意重度 塑料头 307
157,16:14:20,hit_157_20260730_161420.csv,512,DEFECT,HIGH,0,26,108,268,500000,4936683,4042743,-4936683,-372625.5,,307,-39,坏棒 总长1002 任意重度 塑料头 307
158,16:14:20,hit_158_20260730_161420.csv,512,DEFECT,HIGH,0,39,111,390,500000,4135064,3345040,-4135064,-374117.3,,307,83,坏棒 总长1002 任意重度 塑料头 307
159,16:14:21,hit_159_20260730_161421.csv,512,DEFECT,HIGH,0,24,119,212,500000,4656125,3878731,-4656125,-454815.9,,307,-95,坏棒 总长1002 任意重度 塑料头 307
160,16:14:21,hit_160_20260730_161421.csv,512,DEFECT,HIGH,0,27,109,275,500000,4950571,3650428,-4950571,-552084.6,,307,-32,坏棒 总长1002 任意重度 塑料头 307
161,16:14:21,hit_161_20260730_161421.csv,512,DEFECT,HIGH,0,100,115,787,500000,4407461,4357905,-4407461,-198675.0,,307,480,坏棒 总长1002 任意重度 塑料头 307
162,16:14:22,hit_162_20260730_161422.csv,512,DEFECT,HIGH,0,29,109,295,500000,5254313,4027651,-5254313,-601445.5,,307,-12,坏棒 总长1002 任意重度 塑料头 307
163,16:14:22,hit_163_20260730_161422.csv,512,DEFECT,HIGH,0,22,117,194,500000,4574149,4183059,-4574149,-250374.4,,307,-113,坏棒 总长1002 任意重度 塑料头 307
164,16:14:23,hit_164_20260730_161423.csv,512,DEFECT,HIGH,0,23,108,237,500000,4689995,4689995,-4687247,80398.5,,307,-70,坏棒 总长1002 任意重度 塑料头 307
165,16:14:23,hit_165_20260730_161423.csv,512,DEFECT,HIGH,0,30,112,297,500000,5293975,3985984,-5293975,-543689.2,,307,-10,坏棒 总长1002 任意重度 塑料头 307
166,16:14:24,hit_166_20260730_161424.csv,512,DEFECT,HIGH,0,31,113,303,500000,5463832,3984375,-5463832,-593190.4,,307,-4,坏棒 总长1002 任意重度 塑料头 307
167,16:14:24,hit_167_20260730_161424.csv,512,DEFECT,HIGH,0,22,118,194,500000,4717120,4449866,-4717120,-117797.8,,307,-113,坏棒 总长1002 任意重度 塑料头 307
168,16:14:24,hit_168_20260730_161424.csv,512,DEFECT,HIGH,0,38,115,336,500000,4064617,4036222,-4064617,-231773.8,,307,29,坏棒 总长1002 任意重度 塑料头 307
169,16:14:25,hit_169_20260730_161425.csv,512,DEFECT,HIGH,0,24,108,247,500000,4819288,4248479,-4819288,-229293.0,,307,-60,坏棒 总长1002 任意重度 塑料头 307
170,16:14:25,hit_170_20260730_161425.csv,512,DEFECT,HIGH,0,29,110,292,500000,5152464,3987892,-5152464,-491913.7,,307,-15,坏棒 总长1002 任意重度 塑料头 307
171,16:14:26,hit_171_20260730_161426.csv,512,DEFECT,HIGH,0,26,109,265,500000,5005578,3813994,-5005578,-499425.5,,307,-42,坏棒 总长1002 任意重度 塑料头 307
172,16:14:26,hit_172_20260730_161426.csv,512,DEFECT,HIGH,0,40,117,353,500000,4711030,3979602,-4711030,-391687.6,,307,46,坏棒 总长1002 任意重度 塑料头 307
173,16:14:27,hit_173_20260730_161427.csv,512,DEFECT,HIGH,0,71,110,606,500000,4712672,4712672,-3861883,149585.4,,307,299,坏棒 总长1002 任意重度 塑料头 307
174,16:14:27,hit_174_20260730_161427.csv,512,DEFECT,HIGH,0,24,118,212,500000,4643207,3879312,-4643207,-466425.3,,307,-95,坏棒 总长1002 任意重度 塑料头 307
175,16:14:28,hit_175_20260730_161428.csv,512,DEFECT,HIGH,0,25,110,252,500000,5203199,4275734,-5203199,-207364.8,,307,-55,坏棒 总长1002 任意重度 塑料头 307
176,16:14:28,hit_176_20260730_161428.csv,512,DEFECT,HIGH,0,27,110,272,500000,5299082,4006311,-5299082,-399091.0,,307,-35,坏棒 总长1002 任意重度 塑料头 307
177,16:14:28,hit_177_20260730_161428.csv,512,DEFECT,HIGH,0,40,117,353,500000,4535428,4201254,-4535428,-302459.3,,307,46,坏棒 总长1002 任意重度 塑料头 307
178,16:14:29,hit_178_20260730_161429.csv,512,DEFECT,HIGH,0,39,115,345,500000,4337972,4337972,-4311572,-262553.6,,307,38,坏棒 总长1002 任意重度 塑料头 307
179,16:14:29,hit_179_20260730_161429.csv,512,DEFECT,HIGH,0,26,109,265,500000,5219220,4218786,-5219220,-327798.3,,307,-42,坏棒 总长1002 任意重度 塑料头 307
180,16:14:30,hit_180_20260730_161430.csv,512,DEFECT,HIGH,0,25,109,255,500000,5151710,4372933,-5151710,-230484.7,,307,-52,坏棒 总长1002 任意重度 塑料头 307
181,16:14:30,hit_181_20260730_161430.csv,512,DEFECT,HIGH,0,23,118,203,500000,4548291,3937688,-4548291,-452585.5,,307,-104,坏棒 总长1002 任意重度 塑料头 307
182,16:14:31,hit_182_20260730_161431.csv,512,DEFECT,HIGH,0,23,118,203,500000,4681988,4293256,-4681988,-249667.6,,307,-104,坏棒 总长1002 任意重度 塑料头 307
183,16:14:31,hit_183_20260730_161431.csv,512,DEFECT,HIGH,0,42,108,432,500000,4757694,3725937,-4757694,-653804.6,,307,125,坏棒 总长1002 任意重度 塑料头 307
184,16:14:31,hit_184_20260730_161431.csv,512,DEFECT,HIGH,0,29,109,295,500000,5293480,4075476,-5293480,-564731.4,,307,-12,坏棒 总长1002 任意重度 塑料头 307
185,16:14:32,hit_185_20260730_161432.csv,512,DEFECT,HIGH,0,22,109,224,500000,4712770,4595790,-4712770,21545.4,,307,-83,坏棒 总长1002 任意重度 塑料头 307
186,16:14:32,hit_186_20260730_161432.csv,512,DEFECT,HIGH,0,65,113,477,500000,4752631,4752631,-3927737,189825.3,,307,170,坏棒 总长1002 任意重度 塑料头 307
187,16:14:33,hit_187_20260730_161433.csv,512,DEFECT,HIGH,0,22,109,224,500000,4760357,4004940,-4760357,-230713.9,,307,-83,坏棒 总长1002 任意重度 塑料头 307
188,16:14:33,hit_188_20260730_161433.csv,512,DEFECT,HIGH,0,26,109,265,500000,5152752,3892611,-5152752,-492767.4,,307,-42,坏棒 总长1002 任意重度 塑料头 307
189,16:14:33,hit_189_20260730_161433.csv,512,DEFECT,HIGH,0,22,117,194,500000,4599896,4477772,-4599896,-172157.6,,307,-113,坏棒 总长1002 任意重度 塑料头 307
190,16:14:34,hit_190_20260730_161434.csv,512,DEFECT,HIGH,0,24,118,212,500000,4749013,4059512,-4749013,-370976.0,,307,-95,坏棒 总长1002 任意重度 塑料头 307
191,16:14:34,hit_191_20260730_161434.csv,512,DEFECT,HIGH,0,71,109,612,500000,4839250,4839250,-3518031,171527.1,,307,305,坏棒 总长1002 任意重度 塑料头 307
192,16:14:35,hit_192_20260730_161435.csv,512,DEFECT,HIGH,0,54,110,545,500000,4334367,4334367,-4266569,-353370.1,,307,238,坏棒 总长1002 任意重度 塑料头 307
193,16:14:35,hit_193_20260730_161435.csv,512,DEFECT,HIGH,0,35,109,357,500000,4555671,4291439,-4555671,-259765.9,,307,50,坏棒 总长1002 任意重度 塑料头 307
194,16:14:38,hit_194_20260730_161438.csv,512,DEFECT,HIGH,0,40,118,353,500000,4548055,4177135,-4548055,-283919.6,,307,46,坏棒 总长1002 任意重度 塑料头 307
195,16:14:39,hit_195_20260730_161439.csv,512,DEFECT,HIGH,0,29,109,295,500000,5509671,3900310,-5509671,-647014.3,,307,-12,坏棒 总长1002 任意重度 塑料头 307
196,16:14:39,hit_196_20260730_161439.csv,512,DEFECT,HIGH,0,69,109,591,500000,5100197,5100197,-3141189,549934.3,,307,284,坏棒 总长1002 任意重度 塑料头 307
197,16:14:40,hit_197_20260730_161440.csv,512,DEFECT,HIGH,0,73,111,620,500000,4359963,4359963,-4026034,-142056.1,,307,313,坏棒 总长1002 任意重度 塑料头 307
198,16:14:40,hit_198_20260730_161440.csv,512,DEFECT,HIGH,0,26,111,260,500000,5245224,4570641,-5245224,18169.7,,307,-47,坏棒 总长1002 任意重度 塑料头 307
199,16:14:41,hit_199_20260730_161441.csv,512,DEFECT,HIGH,0,23,108,237,500000,4722423,4367046,-4722423,-163734.7,,307,-70,坏棒 总长1002 任意重度 塑料头 307
200,16:14:42,hit_200_20260730_161442.csv,512,DEFECT,HIGH,0,24,110,242,500000,4437296,3229635,-4437296,-391289.8,,307,-65,坏棒 总长1002 任意重度 塑料头 307
201,16:14:42,hit_201_20260730_161442.csv,512,DEFECT,HIGH,0,24,109,244,500000,4961246,4271977,-4961246,-247337.6,,307,-63,坏棒 总长1002 任意重度 塑料头 307
202,16:14:43,hit_202_20260730_161443.csv,512,DEFECT,HIGH,0,38,113,372,500000,3339166,3143880,-3339166,-275738.8,,307,65,坏棒 总长1002 任意重度 塑料头 307
203,16:14:44,hit_203_20260730_161444.csv,512,DEFECT,HIGH,0,41,111,410,500000,4497786,3314816,-4497786,-469555.5,,307,103,坏棒 总长1002 任意重度 塑料头 307
204,16:14:44,hit_204_20260730_161444.csv,512,DEFECT,HIGH,0,25,111,250,500000,5047066,4116028,-5047066,-275412.3,,307,-57,坏棒 总长1002 任意重度 塑料头 307
205,16:14:46,hit_205_20260730_161446.csv,512,DEFECT,HIGH,0,21,118,185,500000,4495336,4495336,-4396680,-109125.4,,307,-122,坏棒 总长1002 任意重度 塑料头 307
206,16:14:47,hit_206_20260730_161447.csv,512,DEFECT,HIGH,0,39,110,393,500000,4429282,3475602,-4429282,-388837.6,,307,86,坏棒 总长1002 任意重度 塑料头 307
207,16:14:48,hit_207_20260730_161448.csv,512,DEFECT,HIGH,0,35,109,357,500000,4002778,4002778,-3463590,-304644.8,,307,50,坏棒 总长1002 任意重度 塑料头 307
208,16:14:49,hit_208_20260730_161449.csv,512,DEFECT,HIGH,0,23,111,230,500000,4702683,3720903,-4702683,-337849.1,,307,-77,坏棒 总长1002 任意重度 塑料头 307
209,16:14:50,hit_209_20260730_161450.csv,512,DEFECT,LOW,0,57,0,542,500000,2457885,2457885,-1649658,-141690.2,,307,235,坏棒 总长1002 任意重度 塑料头 307
210,16:14:50,hit_210_20260730_161450.csv,512,DEFECT,HIGH,0,41,108,422,500000,4492662,4206079,-4492662,-205139.8,,307,115,坏棒 总长1002 任意重度 塑料头 307
211,16:14:51,hit_211_20260730_161451.csv,512,DEFECT,HIGH,0,42,111,420,500000,4662692,3918905,-4662692,-306898.3,,307,113,坏棒 总长1002 任意重度 塑料头 307
212,16:14:59,hit_212_20260730_161459.csv,512,DEFECT,HIGH,0,24,114,233,500000,4626013,3093191,-4626013,-287758.7,,307,-74,坏棒 总长1002 任意重度 塑料头 307
213,16:15:00,hit_213_20260730_161500.csv,512,DEFECT,HIGH,0,69,111,580,500000,4769216,4769216,-4457831,531942.5,,307,273,坏棒 总长1002 任意重度 塑料头 307
214,16:15:00,hit_214_20260730_161500.csv,512,DEFECT,HIGH,0,25,113,245,500000,4976820,3462814,-4976820,-292029.7,,307,-62,坏棒 总长1002 任意重度 塑料头 307
215,16:15:01,hit_215_20260730_161501.csv,512,DEFECT,HIGH,0,68,109,581,500000,5091251,5091251,-4330143,983106.7,,307,274,坏棒 总长1002 任意重度 塑料头 307
216,16:15:01,hit_216_20260730_161501.csv,512,DEFECT,HIGH,0,25,114,242,500000,4849703,3419351,-4849703,-280025.3,,307,-65,坏棒 总长1002 任意重度 塑料头 307
217,16:15:02,hit_217_20260730_161502.csv,512,DEFECT,HIGH,0,70,113,578,500000,4170620,3609702,-4170620,224030.1,,307,271,坏棒 总长1002 任意重度 塑料头 307
218,16:15:03,hit_218_20260730_161503.csv,512,DEFECT,HIGH,0,24,115,230,500000,4752137,3243399,-4752137,-119562.3,,307,-77,坏棒 总长1002 任意重度 塑料头 307
219,16:15:04,hit_219_20260730_161504.csv,512,DEFECT,HIGH,0,32,117,301,500000,2910631,2910631,-2643949,-134840.3,,307,-6,坏棒 总长1002 任意重度 塑料头 307
220,16:15:04,hit_220_20260730_161504.csv,512,DEFECT,HIGH,0,36,116,342,500000,3352333,2681515,-3352333,-235829.6,,307,35,坏棒 总长1002 任意重度 塑料头 307
221,16:15:05,hit_221_20260730_161505.csv,512,DEFECT,HIGH,0,70,113,578,500000,4250177,4250177,-4121970,425002.1,,307,271,坏棒 总长1002 任意重度 塑料头 307
222,16:15:05,hit_222_20260730_161505.csv,512,DEFECT,HIGH,0,70,113,578,500000,4538139,4538139,-4244447,467370.7,,307,271,坏棒 总长1002 任意重度 塑料头 307
223,16:15:06,hit_223_20260730_161506.csv,512,DEFECT,HIGH,0,72,114,592,500000,5002247,5002247,-4464563,612388.5,,307,285,坏棒 总长1002 任意重度 塑料头 307
224,16:15:06,hit_224_20260730_161506.csv,512,DEFECT,HIGH,0,71,114,582,500000,4266694,3601095,-4266694,252387.6,,307,275,坏棒 总长1002 任意重度 塑料头 307
225,16:15:07,hit_225_20260730_161507.csv,512,DEFECT,HIGH,0,22,114,213,500000,4407396,3771705,-4407396,187158.0,,307,-94,坏棒 总长1002 任意重度 塑料头 307
226,16:15:07,hit_226_20260730_161507.csv,512,DEFECT,HIGH,0,39,112,386,500000,4175543,4175543,-4070949,391439.1,,307,79,坏棒 总长1002 任意重度 塑料头 307
227,16:15:08,hit_227_20260730_161508.csv,512,DEFECT,HIGH,0,21,114,203,500000,4274310,3092954,-4274310,16137.7,,307,-104,坏棒 总长1002 任意重度 塑料头 307
228,16:15:08,hit_228_20260730_161508.csv,512,DEFECT,HIGH,0,27,117,254,500000,5091721,3185989,-5091721,-260510.8,,307,-53,坏棒 总长1002 任意重度 塑料头 307
229,16:15:09,hit_229_20260730_161509.csv,512,DEFECT,HIGH,0,33,116,314,500000,3265373,3265373,-2514073,-159410.5,,307,7,坏棒 总长1002 任意重度 塑料头 307
230,16:15:09,hit_230_20260730_161509.csv,512,DEFECT,HIGH,0,24,109,244,500000,4950446,4082831,-4950446,-168641.1,,307,-63,坏棒 总长1002 任意重度 塑料头 307
231,16:15:11,hit_231_20260730_161511.csv,512,DEFECT,HIGH,0,26,113,254,500000,5117109,3616761,-5117109,-233433.4,,307,-53,坏棒 总长1002 任意重度 塑料头 307
232,16:15:12,hit_232_20260730_161512.csv,512,DEFECT,HIGH,0,27,113,264,500000,5310451,3772934,-5310451,-305320.9,,307,-43,坏棒 总长1002 任意重度 塑料头 307
233,16:15:12,hit_233_20260730_161512.csv,512,DEFECT,HIGH,0,28,115,269,500000,4754192,3543375,-4754192,-417350.9,,307,-38,坏棒 总长1002 任意重度 塑料头 307
234,16:15:13,hit_234_20260730_161513.csv,512,DEFECT,HIGH,0,27,114,262,500000,5342176,3989607,-5342176,-7273.2,,307,-45,坏棒 总长1002 任意重度 塑料头 307
235,16:15:13,hit_235_20260730_161513.csv,512,DEFECT,HIGH,0,23,112,227,500000,4773406,4113747,-4773406,201754.6,,307,-80,坏棒 总长1002 任意重度 塑料头 307
236,16:15:14,hit_236_20260730_161514.csv,512,DEFECT,HIGH,0,48,119,444,500000,4738603,3349870,-4738603,-467193.9,,307,137,坏棒 总长1002 任意重度 塑料头 307
237,16:15:14,hit_237_20260730_161514.csv,512,DEFECT,HIGH,0,28,119,259,500000,4869602,3164066,-4869602,-343330.8,,307,-48,坏棒 总长1002 任意重度 塑料头 307
238,16:15:15,hit_238_20260730_161515.csv,512,DEFECT,HIGH,0,46,114,446,500000,5022913,3641280,-5022913,-422474.6,,307,139,坏棒 总长1002 任意重度 塑料头 307
239,16:15:15,hit_239_20260730_161515.csv,512,DEFECT,HIGH,0,30,119,277,500000,5110211,3310752,-5110211,-488400.4,,307,-30,坏棒 总长1002 任意重度 塑料头 307
240,16:15:16,hit_240_20260730_161516.csv,512,DEFECT,HIGH,0,28,115,269,500000,5326973,3566038,-5326973,-270376.3,,307,-38,坏棒 总长1002 任意重度 塑料头 307
241,16:15:17,hit_241_20260730_161517.csv,512,DEFECT,HIGH,0,25,114,242,500000,4939953,3529728,-4939953,-148697.0,,307,-65,坏棒 总长1002 任意重度 塑料头 307
242,16:15:17,hit_242_20260730_161517.csv,512,DEFECT,HIGH,0,45,116,428,500000,5048338,3257291,-5048338,-457892.5,,307,121,坏棒 总长1002 任意重度 塑料头 307
243,16:15:18,hit_243_20260730_161518.csv,512,DEFECT,HIGH,0,28,116,266,500000,5181451,3191880,-5181451,-495567.7,,307,-41,坏棒 总长1002 任意重度 塑料头 307
244,16:15:18,hit_244_20260730_161518.csv,512,DEFECT,HIGH,0,25,112,247,500000,5013910,4098998,-5013910,102456.8,,307,-60,坏棒 总长1002 任意重度 塑料头 307
245,16:15:18,hit_245_20260730_161518.csv,512,DEFECT,HIGH,0,25,113,245,500000,5046831,3827933,-5046831,-69924.7,,307,-62,坏棒 总长1002 任意重度 塑料头 307
246,16:15:19,hit_246_20260730_161519.csv,512,DEFECT,HIGH,0,27,114,262,500000,5302216,3947715,-5302216,-86402.0,,307,-45,坏棒 总长1002 任意重度 塑料头 307
247,16:15:19,hit_247_20260730_161519.csv,512,DEFECT,HIGH,0,26,114,252,500000,5243747,3888226,-5243747,-57819.7,,307,-55,坏棒 总长1002 任意重度 塑料头 307
248,16:15:19,hit_248_20260730_161519.csv,512,DEFECT,HIGH,0,73,112,613,500000,4823733,4486208,-4823733,459474.1,,307,306,坏棒 总长1002 任意重度 塑料头 307
249,16:15:20,hit_249_20260730_161520.csv,512,DEFECT,HIGH,0,27,112,267,500000,5348299,4319086,-5348299,-142008.0,,307,-40,坏棒 总长1002 任意重度 塑料头 307
250,16:15:20,hit_250_20260730_161520.csv,512,DEFECT,HIGH,0,26,112,257,500000,5186235,4768708,-5186235,295765.5,,307,-50,坏棒 总长1002 任意重度 塑料头 307
251,16:15:20,hit_251_20260730_161520.csv,512,DEFECT,HIGH,0,26,113,254,500000,5344059,4383292,-5344059,29313.1,,307,-53,坏棒 总长1002 任意重度 塑料头 307
252,16:15:21,hit_252_20260730_161521.csv,512,DEFECT,HIGH,0,75,113,627,500000,5227901,4758850,-5227901,223621.7,,307,320,坏棒 总长1002 任意重度 塑料头 307
253,16:15:21,hit_253_20260730_161521.csv,512,DEFECT,HIGH,0,24,112,237,500000,4941657,4329540,-4941657,117343.9,,307,-70,坏棒 总长1002 任意重度 塑料头 307
254,16:15:21,hit_254_20260730_161521.csv,512,DEFECT,HIGH,0,29,115,278,500000,5406214,3592410,-5406214,-410270.6,,307,-29,坏棒 总长1002 任意重度 塑料头 307
255,16:15:22,hit_255_20260730_161522.csv,512,DEFECT,HIGH,0,29,114,281,500000,5460598,3609092,-5460598,-507208.8,,307,-26,坏棒 总长1002 任意重度 塑料头 307
256,16:15:22,hit_256_20260730_161522.csv,512,DEFECT,HIGH,0,26,113,254,500000,5139951,4152304,-5139951,-8444.7,,307,-53,坏棒 总长1002 任意重度 塑料头 307
257,16:15:22,hit_257_20260730_161522.csv,512,DEFECT,HIGH,0,24,112,237,500000,4844378,4461769,-4844378,209821.7,,307,-70,坏棒 总长1002 任意重度 塑料头 307
258,16:15:23,hit_258_20260730_161523.csv,512,DEFECT,HIGH,0,26,112,257,500000,5149550,4174301,-5149550,-61347.7,,307,-50,坏棒 总长1002 任意重度 塑料头 307
259,16:15:23,hit_259_20260730_161523.csv,512,DEFECT,HIGH,0,24,111,240,500000,5033779,4672128,-5033779,306241.6,,307,-67,坏棒 总长1002 任意重度 塑料头 307
260,16:15:23,hit_260_20260730_161523.csv,512,DEFECT,HIGH,0,71,111,600,500000,4816978,4742051,-4816978,481521.5,,307,293,坏棒 总长1002 任意重度 塑料头 307
261,16:15:24,hit_261_20260730_161524.csv,512,DEFECT,HIGH,0,72,110,616,500000,5041818,4789529,-5041818,379792.3,,307,309,坏棒 总长1002 任意重度 塑料头 307
262,16:15:24,hit_262_20260730_161524.csv,512,DEFECT,HIGH,0,24,111,240,500000,4870349,4551929,-4870349,91932.2,,307,-67,坏棒 总长1002 任意重度 塑料头 307
263,16:15:24,hit_263_20260730_161524.csv,512,DEFECT,HIGH,0,72,112,603,500000,4861984,4772915,-4861984,645670.6,,307,296,坏棒 总长1002 任意重度 塑料头 307
264,16:15:24,hit_264_20260730_161524.csv,512,DEFECT,HIGH,0,24,112,237,500000,5057886,4478162,-5057886,354818.1,,307,-70,坏棒 总长1002 任意重度 塑料头 307
265,16:15:25,hit_265_20260730_161525.csv,512,DEFECT,HIGH,0,25,112,247,500000,5122374,4502216,-5122374,288160.0,,307,-60,坏棒 总长1002 任意重度 塑料头 307
266,16:15:25,hit_266_20260730_161525.csv,512,DEFECT,HIGH,0,23,110,232,500000,4908547,4846765,-4908547,580546.8,,307,-75,坏棒 总长1002 任意重度 塑料头 307
267,16:15:26,hit_267_20260730_161526.csv,512,DEFECT,HIGH,0,24,111,240,500000,4993210,4214483,-4993210,146197.6,,307,-67,坏棒 总长1002 任意重度 塑料头 307
268,16:15:26,hit_268_20260730_161526.csv,512,DEFECT,HIGH,0,70,109,602,500000,4838483,4808762,-4838483,510228.0,,307,295,坏棒 总长1002 任意重度 塑料头 307
269,16:15:26,hit_269_20260730_161526.csv,512,DEFECT,HIGH,0,66,108,567,500000,5724759,5724759,-3496372,2021286.2,,307,260,坏棒 总长1002 任意重度 塑料头 307
270,16:15:27,hit_270_20260730_161527.csv,512,DEFECT,HIGH,0,24,111,240,500000,4938497,4522664,-4938497,187554.2,,307,-67,坏棒 总长1002 任意重度 塑料头 307
271,16:15:27,hit_271_20260730_161527.csv,512,DEFECT,HIGH,0,29,116,276,500000,4779912,3234449,-4779912,-487979.7,,307,-31,坏棒 总长1002 任意重度 塑料头 307
272,16:15:28,hit_272_20260730_161528.csv,512,DEFECT,HIGH,0,26,112,257,500000,5288836,4170636,-5288836,-91424.1,,307,-50,坏棒 总长1002 任意重度 塑料头 307
273,16:15:28,hit_273_20260730_161528.csv,512,DEFECT,HIGH,0,71,110,606,500000,4964738,4839368,-4964738,469508.8,,307,299,坏棒 总长1002 任意重度 塑料头 307
274,16:15:28,hit_274_20260730_161528.csv,512,DEFECT,HIGH,0,25,112,247,500000,5175784,4666483,-5175784,232232.8,,307,-60,坏棒 总长1002 任意重度 塑料头 307
275,16:15:29,hit_275_20260730_161529.csv,512,DEFECT,HIGH,0,28,115,269,500000,5469350,3643582,-5469350,-324723.1,,307,-38,坏棒 总长1002 任意重度 塑料头 307
276,16:15:29,hit_276_20260730_161529.csv,512,DEFECT,HIGH,0,27,114,262,500000,5253849,3925615,-5253849,-271968.3,,307,-45,坏棒 总长1002 任意重度 塑料头 307
277,16:15:29,hit_277_20260730_161529.csv,512,DEFECT,HIGH,0,25,111,250,500000,4979445,3999912,-4979445,-222036.3,,307,-57,坏棒 总长1002 任意重度 塑料头 307
278,16:15:30,hit_278_20260730_161530.csv,512,DEFECT,HIGH,0,25,111,250,500000,5132297,4492049,-5132297,232523.4,,307,-57,坏棒 总长1002 任意重度 塑料头 307
279,16:15:30,hit_279_20260730_161530.csv,512,DEFECT,HIGH,0,26,112,257,500000,5328977,3896540,-5328977,-193117.8,,307,-50,坏棒 总长1002 任意重度 塑料头 307
280,16:15:30,hit_280_20260730_161530.csv,512,DEFECT,HIGH,0,44,113,431,500000,5031585,3352928,-5031585,-531414.1,,307,124,坏棒 总长1002 任意重度 塑料头 307
281,16:15:31,hit_281_20260730_161531.csv,512,DEFECT,HIGH,0,29,114,281,500000,5544873,3648104,-5544873,-475632.2,,307,-26,坏棒 总长1002 任意重度 塑料头 307
282,16:15:31,hit_282_20260730_161531.csv,512,DEFECT,HIGH,0,74,113,617,500000,5343033,4348046,-5343033,117003.3,,307,310,坏棒 总长1002 任意重度 塑料头 307
283,16:15:32,hit_283_20260730_161532.csv,512,DEFECT,HIGH,0,26,113,254,500000,5137916,4021973,-5137916,-151356.5,,307,-53,坏棒 总长1002 任意重度 塑料头 307
284,16:15:32,hit_284_20260730_161532.csv,512,DEFECT,HIGH,0,25,112,247,500000,5220812,3882348,-5220812,-214961.7,,307,-60,坏棒 总长1002 任意重度 塑料头 307
285,16:15:32,hit_285_20260730_161532.csv,512,DEFECT,HIGH,0,28,113,274,500000,5580269,4159672,-5580269,-65360.5,,307,-33,坏棒 总长1002 任意重度 塑料头 307
286,16:16:16,hit_286_20260730_161616.csv,512,DEFECT,HIGH,0,42,113,411,500000,4943211,3501664,-4943211,-434282.3,,307,104,坏棒 总长1002 任意重度 塑料头 307
287,16:16:16,hit_287_20260730_161616.csv,512,DEFECT,HIGH,0,44,114,427,500000,4763588,3538250,-4763588,-463476.1,,307,120,坏棒 总长1002 任意重度 塑料头 307
288,16:16:16,hit_288_20260730_161616.csv,512,DEFECT,HIGH,0,24,111,240,500000,4826364,4265937,-4826364,53317.5,,307,-67,坏棒 总长1002 任意重度 塑料头 307
289,16:16:17,hit_289_20260730_161617.csv,512,DEFECT,HIGH,0,25,115,240,500000,4934782,3686358,-4934782,-113431.2,,307,-67,坏棒 总长1002 任意重度 塑料头 307
290,16:16:17,hit_290_20260730_161617.csv,512,DEFECT,HIGH,0,30,118,280,500000,4218065,3601005,-4218065,-376066.0,,307,-27,坏棒 总长1002 任意重度 塑料头 307
291,16:16:19,hit_291_20260730_161619.csv,512,DEFECT,HIGH,0,29,113,284,500000,5668964,4023692,-5668964,-153339.2,,307,-23,坏棒 总长1002 任意重度 塑料头 307
292,16:16:20,hit_292_20260730_161620.csv,512,DEFECT,HIGH,0,26,111,260,500000,5136268,4002455,-5136268,-180616.8,,307,-47,坏棒 总长1002 任意重度 塑料头 307
293,16:16:20,hit_293_20260730_161620.csv,512,DEFECT,HIGH,0,26,112,257,500000,4895910,3708234,-4895910,-265738.9,,307,-50,坏棒 总长1002 任意重度 塑料头 307
294,16:16:21,hit_294_20260730_161621.csv,512,DEFECT,HIGH,0,27,114,262,500000,5127981,3545547,-5127981,-431044.2,,307,-45,坏棒 总长1002 任意重度 塑料头 307
295,16:16:21,hit_295_20260730_161621.csv,512,DEFECT,HIGH,0,28,114,271,500000,5219303,3995373,-5219303,-41487.2,,307,-36,坏棒 总长1002 任意重度 塑料头 307
296,16:16:21,hit_296_20260730_161621.csv,512,DEFECT,HIGH,0,28,114,271,500000,5372782,3626149,-5372782,-362738.3,,307,-36,坏棒 总长1002 任意重度 塑料头 307
297,16:16:22,hit_297_20260730_161622.csv,512,DEFECT,HIGH,0,23,113,225,500000,4775412,3608603,-4775412,-77064.5,,307,-82,坏棒 总长1002 任意重度 塑料头 307
298,16:16:22,hit_298_20260730_161622.csv,512,DEFECT,HIGH,0,26,115,250,500000,4896592,3601845,-4896592,-156649.8,,307,-57,坏棒 总长1002 任意重度 塑料头 307
299,16:16:23,hit_299_20260730_161623.csv,512,DEFECT,HIGH,0,28,118,261,500000,5125961,3455825,-5125961,-387575.3,,307,-46,坏棒 总长1002 任意重度 塑料头 307
300,16:16:23,hit_300_20260730_161623.csv,512,DEFECT,HIGH,0,31,120,284,500000,5224033,3432356,-5224033,-514573.5,,307,-23,坏棒 总长1002 任意重度 塑料头 307
301,16:16:23,hit_301_20260730_161623.csv,512,DEFECT,HIGH,0,25,116,238,500000,3843170,2926424,-3843170,-266997.5,,307,-69,坏棒 总长1002 任意重度 塑料头 307
302,16:16:24,hit_302_20260730_161624.csv,512,DEFECT,HIGH,0,28,117,264,500000,5203104,3141816,-5203104,-430559.2,,307,-43,坏棒 总长1002 任意重度 塑料头 307
303,16:16:24,hit_303_20260730_161624.csv,512,DEFECT,HIGH,0,38,119,351,500000,3440435,3440435,-3408324,-260462.5,,307,44,坏棒 总长1002 任意重度 塑料头 307
304,16:16:25,hit_304_20260730_161625.csv,512,DEFECT,HIGH,0,58,121,527,500000,4130507,4130507,-3470775,-200331.0,,307,220,坏棒 总长1002 任意重度 塑料头 307
305,16:16:25,hit_305_20260730_161625.csv,512,DEFECT,HIGH,0,49,116,466,500000,3674764,3674764,-2392616,-138476.5,,307,159,坏棒 总长1002 任意重度 塑料头 307
306,16:16:25,hit_306_20260730_161625.csv,512,DEFECT,HIGH,0,57,123,508,500000,4832972,3859176,-4832972,-433365.1,,307,201,坏棒 总长1002 任意重度 塑料头 307
307,16:16:26,hit_307_20260730_161626.csv,512,DEFECT,HIGH,0,49,119,453,500000,5022957,3407774,-5022957,-468556.8,,307,146,坏棒 总长1002 任意重度 塑料头 307
308,16:16:29,hit_308_20260730_161629.csv,512,DEFECT,HIGH,0,25,113,245,500000,4943067,3424122,-4943067,-300334.8,,307,-62,坏棒 总长1002 任意重度 塑料头 307
309,16:16:29,hit_309_20260730_161629.csv,512,DEFECT,HIGH,0,28,115,269,500000,5277098,3548917,-5277098,-417324.3,,307,-38,坏棒 总长1002 任意重度 塑料头 307
310,16:16:29,hit_310_20260730_161629.csv,512,DEFECT,HIGH,0,27,117,254,500000,4697605,3168891,-4697605,-359360.9,,307,-53,坏棒 总长1002 任意重度 塑料头 307
311,16:16:30,hit_311_20260730_161630.csv,512,DEFECT,HIGH,0,58,118,542,500000,4608261,4292108,-4608261,-382221.4,,307,235,坏棒 总长1002 任意重度 塑料头 307
312,16:16:30,hit_312_20260730_161630.csv,512,DEFECT,HIGH,0,26,115,250,500000,4618254,3285428,-4618254,-295112.8,,307,-57,坏棒 总长1002 任意重度 塑料头 307
313,16:16:31,hit_313_20260730_161631.csv,512,DEFECT,HIGH,0,25,114,242,500000,4378832,3388558,-4378832,-221172.4,,307,-65,坏棒 总长1002 任意重度 塑料头 307
314,16:16:31,hit_314_20260730_161631.csv,512,DEFECT,HIGH,0,27,116,257,500000,4523856,3341919,-4523856,-299345.8,,307,-50,坏棒 总长1002 任意重度 塑料头 307
315,16:16:31,hit_315_20260730_161631.csv,512,DEFECT,HIGH,0,25,114,242,500000,4735153,3424474,-4735153,-208539.9,,307,-65,坏棒 总长1002 任意重度 塑料头 307
316,16:16:32,hit_316_20260730_161632.csv,512,DEFECT,HIGH,0,28,116,266,500000,5170213,3246687,-5170213,-369002.2,,307,-41,坏棒 总长1002 任意重度 塑料头 307
317,16:16:33,hit_317_20260730_161633.csv,512,DEFECT,HIGH,0,44,115,423,500000,4724670,3457873,-4724670,-396969.7,,307,116,坏棒 总长1002 任意重度 塑料头 307
318,16:16:33,hit_318_20260730_161633.csv,512,DEFECT,HIGH,0,25,113,245,500000,4893172,3665357,-4893172,-118132.9,,307,-62,坏棒 总长1002 任意重度 塑料头 307
319,16:16:33,hit_319_20260730_161633.csv,512,DEFECT,HIGH,0,26,114,252,500000,4861158,3482482,-4861158,-217861.7,,307,-55,坏棒 总长1002 任意重度 塑料头 307
320,16:16:34,hit_320_20260730_161634.csv,512,DEFECT,HIGH,0,24,113,235,500000,4323570,3397640,-4323570,-159949.2,,307,-72,坏棒 总长1002 任意重度 塑料头 307
321,16:16:34,hit_321_20260730_161634.csv,512,DEFECT,HIGH,0,26,114,252,500000,4940327,3440035,-4940327,-339237.7,,307,-55,坏棒 总长1002 任意重度 塑料头 307
322,16:16:35,hit_322_20260730_161635.csv,512,DEFECT,HIGH,0,69,110,585,500000,4213734,3963876,-4213734,291120.2,,307,278,坏棒 总长1002 任意重度 塑料头 307
323,16:16:35,hit_323_20260730_161635.csv,512,DEFECT,HIGH,0,29,115,278,500000,5475954,3584941,-5475954,-412429.6,,307,-29,坏棒 总长1002 任意重度 塑料头 307
324,16:16:36,hit_324_20260730_161636.csv,512,DEFECT,HIGH,0,26,115,250,500000,4713598,3166327,-4713598,-332860.5,,307,-57,坏棒 总长1002 任意重度 塑料头 307
325,16:16:36,hit_325_20260730_161636.csv,512,DEFECT,HIGH,0,26,115,250,500000,4914336,3227359,-4914336,-311689.9,,307,-57,坏棒 总长1002 任意重度 塑料头 307
326,16:16:37,hit_326_20260730_161637.csv,512,DEFECT,HIGH,0,27,115,259,500000,5260280,3564452,-5260280,-314980.9,,307,-48,坏棒 总长1002 任意重度 塑料头 307
327,16:16:37,hit_327_20260730_161637.csv,512,DEFECT,HIGH,0,26,117,245,500000,4891155,3142138,-4891155,-353120.9,,307,-62,坏棒 总长1002 任意重度 塑料头 307
328,16:16:38,hit_328_20260730_161638.csv,512,DEFECT,HIGH,0,33,114,320,500000,3200083,3200083,-2276484,-142406.4,,307,13,坏棒 总长1002 任意重度 塑料头 307
329,16:16:38,hit_329_20260730_161638.csv,512,DEFECT,LOW,0,46,0,438,500000,1608995,1608995,-1302006,-80695.0,,307,131,坏棒 总长1002 任意重度 塑料头 307
330,16:16:38,hit_330_20260730_161638.csv,512,DEFECT,HIGH,0,42,117,396,500000,4426560,3073950,-4426560,-352222.3,,307,89,坏棒 总长1002 任意重度 塑料头 307
331,16:16:39,hit_331_20260730_161639.csv,512,DEFECT,HIGH,0,41,116,390,500000,4652434,3217890,-4652434,-308294.0,,307,83,坏棒 总长1002 任意重度 塑料头 307
332,16:16:39,hit_332_20260730_161639.csv,512,DEFECT,HIGH,0,23,115,221,500000,4692700,3226020,-4692700,-169483.8,,307,-86,坏棒 总长1002 任意重度 塑料头 307
333,16:16:40,hit_333_20260730_161640.csv,512,DEFECT,HIGH,0,26,115,250,500000,5094810,3405052,-5094810,-301178.1,,307,-57,坏棒 总长1002 任意重度 塑料头 307
334,16:16:40,hit_334_20260730_161640.csv,512,DEFECT,HIGH,0,29,119,268,500000,4645497,3468803,-4645497,-395214.7,,307,-39,坏棒 总长1002 任意重度 塑料头 307
335,16:16:41,hit_335_20260730_161641.csv,512,DEFECT,HIGH,0,26,116,247,500000,5011128,3332266,-5011128,-305760.0,,307,-60,坏棒 总长1002 任意重度 塑料头 307
336,16:16:41,hit_336_20260730_161641.csv,512,DEFECT,HIGH,0,45,116,428,500000,4726187,3359197,-4726187,-435668.7,,307,121,坏棒 总长1002 任意重度 塑料头 307
337,16:16:41,hit_337_20260730_161641.csv,512,DEFECT,HIGH,0,29,118,271,500000,5264764,3386969,-5264764,-393943.6,,307,-36,坏棒 总长1002 任意重度 塑料头 307
338,16:16:42,hit_338_20260730_161642.csv,512,DEFECT,HIGH,0,36,114,349,500000,3430055,3430055,-2405653,-161435.6,,307,42,坏棒 总长1002 任意重度 塑料头 307
339,16:16:42,hit_339_20260730_161642.csv,512,DEFECT,HIGH,0,28,118,261,500000,4898807,3188924,-4898807,-377529.5,,307,-46,坏棒 总长1002 任意重度 塑料头 307
340,16:16:43,hit_340_20260730_161643.csv,512,DEFECT,HIGH,0,26,115,250,500000,5111202,3625563,-5111202,-331185.2,,307,-57,坏棒 总长1002 任意重度 塑料头 307
341,16:16:48,hit_341_20260730_161648.csv,512,DEFECT,HIGH,0,22,115,211,500000,4589299,3191399,-4589299,-177198.7,,307,-96,坏棒 总长1002 任意重度 塑料头 307
342,16:16:48,hit_342_20260730_161648.csv,512,DEFECT,HIGH,0,25,116,238,500000,4964307,3365752,-4964307,-242253.6,,307,-69,坏棒 总长1002 任意重度 塑料头 307
343,16:16:48,hit_343_20260730_161648.csv,512,DEFECT,HIGH,0,52,119,481,500000,4673140,3864417,-4673140,-323778.5,,307,174,坏棒 总长1002 任意重度 塑料头 307
344,16:16:49,hit_344_20260730_161649.csv,512,DEFECT,HIGH,0,42,117,396,500000,4676341,3248603,-4676341,-298754.1,,307,89,坏棒 总长1002 任意重度 塑料头 307
345,16:16:49,hit_345_20260730_161649.csv,512,DEFECT,HIGH,0,46,119,425,500000,4556524,3140101,-4556524,-395430.2,,307,118,坏棒 总长1002 任意重度 塑料头 307
346,16:16:50,hit_346_20260730_161650.csv,512,DEFECT,HIGH,0,29,116,276,500000,5497089,4050072,-5497089,-230922.8,,307,-31,坏棒 总长1002 任意重度 塑料头 307
347,16:16:50,hit_347_20260730_161650.csv,512,DEFECT,HIGH,0,44,116,419,500000,4405834,3508680,-4405834,-260180.2,,307,112,坏棒 总长1002 任意重度 塑料头 307
348,16:16:51,hit_348_20260730_161651.csv,512,DEFECT,HIGH,0,47,117,443,500000,4965108,3444907,-4965108,-389761.3,,307,136,坏棒 总长1002 任意重度 塑料头 307
349,16:16:52,hit_349_20260730_161652.csv,512,DEFECT,HIGH,0,51,117,481,500000,4135967,3958478,-4135967,-277937.1,,307,174,坏棒 总长1002 任意重度 塑料头 307
350,16:16:52,hit_350_20260730_161652.csv,512,DEFECT,HIGH,0,48,117,452,500000,4350106,3460848,-4350106,-410402.5,,307,145,坏棒 总长1002 任意重度 塑料头 307
351,16:16:53,hit_351_20260730_161653.csv,512,DEFECT,HIGH,0,44,116,419,500000,4529139,3359867,-4529139,-401984.4,,307,112,坏棒 总长1002 任意重度 塑料头 307
352,16:16:54,hit_352_20260730_161654.csv,512,DEFECT,HIGH,0,42,115,403,500000,3952032,3952032,-3589633,-269898.8,,307,96,坏棒 总长1002 任意重度 塑料头 307
353,16:16:54,hit_353_20260730_161654.csv,512,DEFECT,HIGH,0,42,116,400,500000,4135639,3263666,-4135639,-363655.5,,307,93,坏棒 总长1002 任意重度 塑料头 307
354,16:16:55,hit_354_20260730_161655.csv,512,DEFECT,HIGH,0,27,116,257,500000,5349350,3572866,-5349350,-324080.9,,307,-50,坏棒 总长1002 任意重度 塑料头 307
355,16:16:55,hit_355_20260730_161655.csv,512,DEFECT,HIGH,0,27,115,259,500000,5426652,3531133,-5426652,-296274.8,,307,-48,坏棒 总长1002 任意重度 塑料头 307
356,16:16:56,hit_356_20260730_161656.csv,512,DEFECT,HIGH,0,26,113,254,500000,5238363,4022353,-5238363,37822.6,,307,-53,坏棒 总长1002 任意重度 塑料头 307
357,16:16:56,hit_357_20260730_161656.csv,512,DEFECT,HIGH,0,42,117,396,500000,3586567,3586567,-3082080,-163715.8,,307,89,坏棒 总长1002 任意重度 塑料头 307
358,16:16:57,hit_358_20260730_161657.csv,512,DEFECT,HIGH,0,29,117,273,500000,5475776,3659744,-5475776,-370152.0,,307,-34,坏棒 总长1002 任意重度 塑料头 307
359,16:16:57,hit_359_20260730_161657.csv,512,DEFECT,HIGH,0,44,118,411,500000,4990003,3651809,-4990003,-442167.5,,307,104,坏棒 总长1002 任意重度 塑料头 307
360,16:16:59,hit_360_20260730_161659.csv,512,DEFECT,HIGH,0,29,117,273,500000,5500696,3570082,-5500696,-444617.0,,307,-34,坏棒 总长1002 任意重度 塑料头 307
361,16:17:00,hit_361_20260730_161700.csv,512,DEFECT,HIGH,0,42,118,392,500000,4476103,3555687,-4476103,-363814.6,,307,85,坏棒 总长1002 任意重度 塑料头 307
362,16:17:00,hit_362_20260730_161700.csv,512,DEFECT,HIGH,0,39,118,364,500000,4251406,3362344,-4251406,-356735.1,,307,57,坏棒 总长1002 任意重度 塑料头 307
363,16:17:00,hit_363_20260730_161700.csv,512,DEFECT,HIGH,0,54,120,495,500000,4597922,3822338,-4597922,-432234.2,,307,188,坏棒 总长1002 任意重度 塑料头 307
364,16:17:01,hit_364_20260730_161701.csv,512,DEFECT,HIGH,0,27,116,257,500000,5002819,3087108,-5002819,-425293.2,,307,-50,坏棒 总长1002 任意重度 塑料头 307
365,16:17:01,hit_365_20260730_161701.csv,512,DEFECT,HIGH,0,27,116,257,500000,5147809,3286366,-5147809,-336506.2,,307,-50,坏棒 总长1002 任意重度 塑料头 307
366,16:17:02,hit_366_20260730_161702.csv,512,DEFECT,HIGH,0,28,118,261,500000,4845925,3304923,-4845925,-374376.9,,307,-46,坏棒 总长1002 任意重度 塑料头 307
367,16:17:02,hit_367_20260730_161702.csv,512,DEFECT,HIGH,0,26,115,250,500000,5136549,3408459,-5136549,-257790.8,,307,-57,坏棒 总长1002 任意重度 塑料头 307
368,16:17:03,hit_368_20260730_161703.csv,512,DEFECT,HIGH,0,29,118,271,500000,5133921,3268108,-5133921,-407014.0,,307,-36,坏棒 总长1002 任意重度 塑料头 307
369,16:17:03,hit_369_20260730_161703.csv,512,DEFECT,HIGH,0,29,117,273,500000,5484088,3599940,-5484088,-429399.0,,307,-34,坏棒 总长1002 任意重度 塑料头 307
370,16:17:04,hit_370_20260730_161704.csv,512,DEFECT,HIGH,0,37,118,345,500000,3539797,3452532,-3539797,-270476.6,,307,38,坏棒 总长1002 任意重度 塑料头 307
371,16:17:05,hit_371_20260730_161705.csv,512,DEFECT,HIGH,0,29,116,276,500000,5540207,3613768,-5540207,-331904.4,,307,-31,坏棒 总长1002 任意重度 塑料头 307
372,16:17:05,hit_372_20260730_161705.csv,512,DEFECT,HIGH,0,44,118,411,500000,5237892,3528531,-5237892,-403167.6,,307,104,坏棒 总长1002 任意重度 塑料头 307
373,16:17:06,hit_373_20260730_161706.csv,512,DEFECT,HIGH,0,29,118,271,500000,5286077,3196389,-5286077,-478441.9,,307,-36,坏棒 总长1002 任意重度 塑料头 307
374,16:17:07,hit_374_20260730_161707.csv,512,DEFECT,HIGH,0,30,119,277,500000,5250522,3286877,-5250522,-508949.2,,307,-30,坏棒 总长1002 任意重度 塑料头 307
375,16:17:07,hit_375_20260730_161707.csv,512,DEFECT,HIGH,0,25,116,238,500000,4951930,3306573,-4951930,-312444.1,,307,-69,坏棒 总长1002 任意重度 塑料头 307
376,16:17:07,hit_376_20260730_161707.csv,512,DEFECT,HIGH,0,28,117,264,500000,5281116,3295833,-5281116,-292324.7,,307,-43,坏棒 总长1002 任意重度 塑料头 307
377,16:17:08,hit_377_20260730_161708.csv,512,DEFECT,HIGH,0,26,114,252,500000,5219724,3368023,-5219724,-345156.7,,307,-55,坏棒 总长1002 任意重度 塑料头 307
378,16:17:08,hit_378_20260730_161708.csv,512,DEFECT,HIGH,0,29,117,273,500000,5310677,3547405,-5310677,-371600.0,,307,-34,坏棒 总长1002 任意重度 塑料头 307
379,16:17:09,hit_379_20260730_161709.csv,512,DEFECT,HIGH,0,26,115,250,500000,5164984,3515509,-5164984,-289875.9,,307,-57,坏棒 总长1002 任意重度 塑料头 307
380,16:17:09,hit_380_20260730_161709.csv,512,DEFECT,HIGH,0,38,108,391,500000,2071975,2071975,-1419478,-105285.6,,307,84,坏棒 总长1002 任意重度 塑料头 307
381,16:17:10,hit_381_20260730_161710.csv,512,DEFECT,HIGH,0,54,120,495,500000,3731645,3731645,-3611903,-229861.7,,307,188,坏棒 总长1002 任意重度 塑料头 307
382,16:17:11,hit_382_20260730_161711.csv,512,DEFECT,HIGH,0,36,110,363,500000,2058078,2058078,-1423508,-108041.0,,307,56,坏棒 总长1002 任意重度 塑料头 307
383,16:17:11,hit_383_20260730_161711.csv,512,DEFECT,LOW,0,44,0,419,500000,1661028,1661028,-1162335,-101212.5,,307,112,坏棒 总长1002 任意重度 塑料头 307
384,16:17:24,hit_384_20260730_161724.csv,512,DEFECT,HIGH,0,26,113,254,500000,5132458,4077255,-5132458,-146695.6,,307,-53,坏棒 总长1002 任意重度 塑料头 307
385,16:17:24,hit_385_20260730_161724.csv,512,DEFECT,HIGH,0,27,113,264,500000,5091616,3375633,-5091616,-548501.4,,307,-43,坏棒 总长1002 任意重度 塑料头 307
386,16:17:24,hit_386_20260730_161724.csv,512,DEFECT,HIGH,0,32,116,304,500000,5493290,3720215,-5493290,-578140.1,,307,-3,坏棒 总长1002 任意重度 塑料头 307
387,16:17:25,hit_387_20260730_161725.csv,512,DEFECT,HIGH,0,43,112,425,500000,5031830,3791451,-5031830,-414688.9,,307,118,坏棒 总长1002 任意重度 塑料头 307
388,16:17:25,hit_388_20260730_161725.csv,512,DEFECT,HIGH,0,31,114,300,500000,5605184,3554455,-5605184,-640059.4,,307,-7,坏棒 总长1002 任意重度 塑料头 307
389,16:17:26,hit_389_20260730_161726.csv,512,DEFECT,HIGH,0,49,116,466,500000,5335471,3861779,-5335471,-442154.2,,307,159,坏棒 总长1002 任意重度 塑料头 307
390,16:17:26,hit_390_20260730_161726.csv,512,DEFECT,HIGH,0,26,111,260,500000,4907306,3682444,-4907306,-424608.0,,307,-47,坏棒 总长1002 任意重度 塑料头 307
391,16:17:26,hit_391_20260730_161726.csv,512,DEFECT,HIGH,0,27,113,264,500000,5005636,3473694,-5005636,-480058.6,,307,-43,坏棒 总长1002 任意重度 塑料头 307
392,16:17:27,hit_392_20260730_161727.csv,512,DEFECT,HIGH,0,34,114,330,500000,5824662,4079513,-5824662,-636811.4,,307,23,坏棒 总长1002 任意重度 塑料头 307
393,16:17:27,hit_393_20260730_161727.csv,512,DEFECT,HIGH,0,30,114,291,500000,5323202,3558320,-5323202,-612372.5,,307,-16,坏棒 总长1002 任意重度 塑料头 307
394,16:17:27,hit_394_20260730_161727.csv,512,DEFECT,HIGH,0,28,114,271,500000,5116773,3550463,-5116773,-493713.1,,307,-36,坏棒 总长1002 任意重度 塑料头 307
395,16:17:28,hit_395_20260730_161728.csv,512,DEFECT,HIGH,0,27,112,267,500000,5138285,3655895,-5138285,-484035.4,,307,-40,坏棒 总长1002 任意重度 塑料头 307
396,16:17:28,hit_396_20260730_161728.csv,512,DEFECT,HIGH,0,29,113,284,500000,5333359,3717819,-5333359,-542366.4,,307,-23,坏棒 总长1002 任意重度 塑料头 307
397,16:17:28,hit_397_20260730_161728.csv,512,DEFECT,HIGH,0,24,112,237,500000,4771494,3908885,-4771494,-173987.5,,307,-70,坏棒 总长1002 任意重度 塑料头 307
398,16:17:29,hit_398_20260730_161729.csv,512,DEFECT,HIGH,0,26,113,254,500000,5117408,4005610,-5117408,-251398.3,,307,-53,坏棒 总长1002 任意重度 塑料头 307
399,16:17:29,hit_399_20260730_161729.csv,512,DEFECT,HIGH,0,42,110,424,500000,4741614,3882120,-4741614,-279325.9,,307,117,坏棒 总长1002 任意重度 塑料头 307
400,16:17:29,hit_400_20260730_161729.csv,512,DEFECT,HIGH,0,27,110,272,500000,4898040,3674893,-4898040,-417668.6,,307,-35,坏棒 总长1002 任意重度 塑料头 307
401,16:17:30,hit_401_20260730_161730.csv,512,DEFECT,HIGH,0,27,112,267,500000,4940529,3845623,-4940529,-376448.4,,307,-40,坏棒 总长1002 任意重度 塑料头 307
402,16:17:30,hit_402_20260730_161730.csv,512,DEFECT,HIGH,0,22,111,220,500000,4695362,3723683,-4695362,-175379.8,,307,-87,坏棒 总长1002 任意重度 塑料头 307
403,16:17:30,hit_403_20260730_161730.csv,512,DEFECT,HIGH,0,23,111,230,500000,4689538,3707546,-4689538,-217790.7,,307,-77,坏棒 总长1002 任意重度 塑料头 307
404,16:17:31,hit_404_20260730_161731.csv,512,DEFECT,HIGH,0,28,112,277,500000,5387281,3760722,-5387281,-433776.8,,307,-30,坏棒 总长1002 任意重度 塑料头 307
405,16:17:31,hit_405_20260730_161731.csv,512,DEFECT,HIGH,0,22,110,222,500000,4534486,4063173,-4534486,2507.0,,307,-85,坏棒 总长1002 任意重度 塑料头 307
406,16:17:31,hit_406_20260730_161731.csv,512,DEFECT,HIGH,0,23,111,230,500000,4753048,3783907,-4753048,-248027.9,,307,-77,坏棒 总长1002 任意重度 塑料头 307
407,16:17:32,hit_407_20260730_161732.csv,512,DEFECT,HIGH,0,31,115,298,500000,5360021,3721071,-5360021,-522796.8,,307,-9,坏棒 总长1002 任意重度 塑料头 307
408,16:17:32,hit_408_20260730_161732.csv,512,DEFECT,HIGH,0,29,114,281,500000,5448576,3648254,-5448576,-495081.7,,307,-26,坏棒 总长1002 任意重度 塑料头 307
409,16:17:32,hit_409_20260730_161732.csv,512,DEFECT,HIGH,0,50,117,471,500000,4914403,3722205,-4914403,-547724.0,,307,164,坏棒 总长1002 任意重度 塑料头 307
410,16:17:33,hit_410_20260730_161733.csv,512,DEFECT,HIGH,0,42,108,432,500000,2761521,2761521,-1801748,-136253.4,,307,125,坏棒 总长1002 任意重度 塑料头 307
411,16:17:33,hit_411_20260730_161733.csv,512,DEFECT,HIGH,0,32,116,304,500000,5261887,3799122,-5261887,-555207.8,,307,-3,坏棒 总长1002 任意重度 塑料头 307
412,16:17:33,hit_412_20260730_161733.csv,512,DEFECT,HIGH,0,51,113,500,500000,4726941,4215623,-4726941,-457677.9,,307,193,坏棒 总长1002 任意重度 塑料头 307
413,16:17:34,hit_413_20260730_161734.csv,512,DEFECT,HIGH,0,44,111,440,500000,4145444,4145444,-3318026,-278266.3,,307,133,坏棒 总长1002 任意重度 塑料头 307
414,16:17:34,hit_414_20260730_161734.csv,512,DEFECT,HIGH,0,28,114,271,500000,4906039,3511296,-4906039,-492630.1,,307,-36,坏棒 总长1002 任意重度 塑料头 307
415,16:17:34,hit_415_20260730_161734.csv,512,DEFECT,HIGH,0,48,115,461,500000,4713447,3837190,-4713447,-488110.7,,307,154,坏棒 总长1002 任意重度 塑料头 307
416,16:17:35,hit_416_20260730_161735.csv,512,DEFECT,HIGH,0,40,109,408,500000,4442789,3626819,-4442789,-438473.8,,307,101,坏棒 总长1002 任意重度 塑料头 307
417,16:17:35,hit_417_20260730_161735.csv,512,DEFECT,HIGH,0,29,115,278,500000,4764016,3477174,-4764016,-524954.5,,307,-29,坏棒 总长1002 任意重度 塑料头 307
418,16:17:35,hit_418_20260730_161735.csv,512,DEFECT,HIGH,0,42,113,411,500000,4350123,3448559,-4350123,-516985.5,,307,104,坏棒 总长1002 任意重度 塑料头 307
419,16:17:36,hit_419_20260730_161736.csv,512,DEFECT,HIGH,0,23,109,234,500000,4322693,3605484,-4322693,-438917.2,,307,-73,坏棒 总长1002 任意重度 塑料头 307
420,16:17:36,hit_420_20260730_161736.csv,512,DEFECT,HIGH,0,53,117,500,500000,4871738,3962906,-4871738,-565353.3,,307,193,坏棒 总长1002 任意重度 塑料头 307
421,16:17:36,hit_421_20260730_161736.csv,512,DEFECT,HIGH,0,40,109,408,500000,4110501,3509647,-4110501,-589520.2,,307,101,坏棒 总长1002 任意重度 塑料头 307
422,16:17:37,hit_422_20260730_161737.csv,512,DEFECT,HIGH,0,48,112,475,500000,4119218,4119218,-4028225,-383163.5,,307,168,坏棒 总长1002 任意重度 塑料头 307
423,16:17:37,hit_423_20260730_161737.csv,512,DEFECT,HIGH,0,38,109,387,500000,3806293,3413941,-3806293,-435750.1,,307,80,坏棒 总长1002 任意重度 塑料头 307
424,16:17:37,hit_424_20260730_161737.csv,512,DEFECT,HIGH,0,43,120,380,500000,4034120,4034120,-3810923,-413231.3,,307,73,坏棒 总长1002 任意重度 塑料头 307
425,16:17:38,hit_425_20260730_161738.csv,512,DEFECT,HIGH,0,30,113,294,500000,5295989,3850551,-5295989,-570344.8,,307,-13,坏棒 总长1002 任意重度 塑料头 307
426,16:17:38,hit_426_20260730_161738.csv,512,DEFECT,HIGH,0,29,110,292,500000,4994918,3814209,-4994918,-532898.4,,307,-15,坏棒 总长1002 任意重度 塑料头 307
427,16:17:38,hit_427_20260730_161738.csv,512,DEFECT,HIGH,0,41,110,414,500000,4662120,3867115,-4662120,-274717.0,,307,107,坏棒 总长1002 任意重度 塑料头 307
428,16:17:38,hit_428_20260730_161738.csv,512,DEFECT,HIGH,0,42,109,428,500000,4816714,3999870,-4816714,-348075.4,,307,121,坏棒 总长1002 任意重度 塑料头 307
429,16:17:39,hit_429_20260730_161739.csv,512,DEFECT,HIGH,0,23,109,234,500000,4627527,4004935,-4627527,-237733.0,,307,-73,坏棒 总长1002 任意重度 塑料头 307
430,16:17:39,hit_430_20260730_161739.csv,512,DEFECT,HIGH,0,25,110,252,500000,4494788,3541520,-4494788,-411222.6,,307,-55,坏棒 总长1002 任意重度 塑料头 307
431,16:17:39,hit_431_20260730_161739.csv,512,DEFECT,HIGH,0,27,109,275,500000,4774577,3755393,-4774577,-432227.6,,307,-32,坏棒 总长1002 任意重度 塑料头 307
432,16:17:40,hit_432_20260730_161740.csv,512,DEFECT,HIGH,0,24,108,247,500000,4405019,3584169,-4405019,-419762.0,,307,-60,坏棒 总长1002 任意重度 塑料头 307
433,16:17:40,hit_433_20260730_161740.csv,512,DEFECT,HIGH,0,38,108,391,500000,4329134,3578767,-4329134,-476028.0,,307,84,坏棒 总长1002 任意重度 塑料头 307
434,16:17:40,hit_434_20260730_161740.csv,512,DEFECT,HIGH,0,29,113,284,500000,4148903,4148903,-4059211,-163269.7,,307,-23,坏棒 总长1002 任意重度 塑料头 307
435,16:17:41,hit_435_20260730_161741.csv,512,DEFECT,HIGH,0,21,116,185,500000,4322239,3997070,-4322239,-308231.0,,307,-122,坏棒 总长1002 任意重度 塑料头 307
436,16:17:41,hit_436_20260730_161741.csv,512,DEFECT,HIGH,0,23,116,203,500000,4523414,3926723,-4523414,-340465.4,,307,-104,坏棒 总长1002 任意重度 塑料头 307
437,16:17:41,hit_437_20260730_161741.csv,512,DEFECT,HIGH,0,22,108,226,500000,4300713,3995898,-4300713,-239112.4,,307,-81,坏棒 总长1002 任意重度 塑料头 307
438,16:17:42,hit_438_20260730_161742.csv,512,DEFECT,HIGH,0,44,112,435,500000,4543320,3778205,-4543320,-429554.6,,307,128,坏棒 总长1002 任意重度 塑料头 307
439,16:17:42,hit_439_20260730_161742.csv,512,DEFECT,HIGH,0,24,117,212,500000,4522375,4083156,-4522375,-343655.0,,307,-95,坏棒 总长1002 任意重度 塑料头 307
440,16:17:42,hit_440_20260730_161742.csv,512,DEFECT,HIGH,0,27,110,272,500000,4642535,3741190,-4642535,-470315.7,,307,-35,坏棒 总长1002 任意重度 塑料头 307
441,16:17:43,hit_441_20260730_161743.csv,512,DEFECT,HIGH,0,65,115,477,500000,4451720,4451720,-3894052,73664.6,,307,170,坏棒 总长1002 任意重度 塑料头 307
442,16:17:43,hit_442_20260730_161743.csv,512,DEFECT,HIGH,0,25,118,221,500000,4700243,3860476,-4700243,-431669.1,,307,-86,坏棒 总长1002 任意重度 塑料头 307
443,16:17:43,hit_443_20260730_161743.csv,512,DEFECT,HIGH,0,39,118,345,500000,4546055,3748062,-4546055,-482437.3,,307,38,坏棒 总长1002 任意重度 塑料头 307
444,16:17:43,hit_444_20260730_161743.csv,512,DEFECT,HIGH,0,39,116,345,500000,4395166,3494698,-4395166,-717516.5,,307,38,坏棒 总长1002 任意重度 塑料头 307
445,16:17:44,hit_445_20260730_161744.csv,512,DEFECT,HIGH,0,24,117,212,500000,4668751,4220394,-4668751,-229486.9,,307,-95,坏棒 总长1002 任意重度 塑料头 307
446,16:17:44,hit_446_20260730_161744.csv,512,DEFECT,HIGH,0,27,109,275,500000,4980650,4023737,-4980650,-399523.2,,307,-32,坏棒 总长1002 任意重度 塑料头 307
447,16:17:44,hit_447_20260730_161744.csv,512,DEFECT,HIGH,0,29,112,287,500000,4326312,4189118,-4326312,-215020.0,,307,-20,坏棒 总长1002 任意重度 塑料头 307
448,16:17:45,hit_448_20260730_161745.csv,512,DEFECT,HIGH,0,72,112,603,500000,4542893,4542893,-4100715,6969.8,,307,296,坏棒 总长1002 任意重度 塑料头 307
449,16:17:45,hit_449_20260730_161745.csv,512,DEFECT,HIGH,0,25,108,257,500000,4814947,4130481,-4814947,-366740.1,,307,-50,坏棒 总长1002 任意重度 塑料头 307
450,16:17:45,hit_450_20260730_161745.csv,512,DEFECT,HIGH,0,30,113,294,500000,4582736,4102471,-4582736,-297220.8,,307,-13,坏棒 总长1002 任意重度 塑料头 307
451,16:17:46,hit_451_20260730_161746.csv,512,DEFECT,HIGH,0,28,112,277,500000,5205458,3616559,-5205458,-509497.9,,307,-30,坏棒 总长1002 任意重度 塑料头 307
452,16:17:46,hit_452_20260730_161746.csv,512,DEFECT,HIGH,0,48,115,461,500000,5310312,3506040,-5310312,-694689.2,,307,154,坏棒 总长1002 任意重度 塑料头 307
453,16:17:46,hit_453_20260730_161746.csv,512,DEFECT,HIGH,0,42,120,371,500000,3865940,3865940,-3095379,-369865.5,,307,64,坏棒 总长1002 任意重度 塑料头 307
454,16:17:47,hit_454_20260730_161747.csv,512,DEFECT,HIGH,0,25,108,257,500000,4707770,3909675,-4707770,-441373.0,,307,-50,坏棒 总长1002 任意重度 塑料头 307
455,16:17:47,hit_455_20260730_161747.csv,512,DEFECT,HIGH,0,31,113,303,500000,4730144,4196912,-4730144,-324307.9,,307,-4,坏棒 总长1002 任意重度 塑料头 307
456,16:17:47,hit_456_20260730_161747.csv,512,DEFECT,HIGH,0,38,108,391,500000,4331224,3777255,-4331224,-324091.8,,307,84,坏棒 总长1002 任意重度 塑料头 307
457,16:17:48,hit_457_20260730_161748.csv,512,DEFECT,HIGH,0,24,117,212,500000,4851189,4026156,-4851189,-436729.1,,307,-95,坏棒 总长1002 任意重度 塑料头 307
458,16:17:48,hit_458_20260730_161748.csv,512,DEFECT,HIGH,0,24,116,212,500000,4388505,4272029,-4388505,-215357.9,,307,-95,坏棒 总长1002 任意重度 塑料头 307
459,16:17:48,hit_459_20260730_161748.csv,512,DEFECT,HIGH,0,25,110,252,500000,4577055,3549212,-4577055,-473268.8,,307,-55,坏棒 总长1002 任意重度 塑料头 307
460,16:17:55,hit_460_20260730_161755.csv,512,DEFECT,HIGH,0,25,117,221,500000,4615344,4248659,-4615344,-304537.2,,307,-86,坏棒 总长1002 任意重度 塑料头 307
461,16:17:55,hit_461_20260730_161755.csv,512,DEFECT,HIGH,0,31,114,300,500000,5579833,3666687,-5579833,-680741.4,,307,-7,坏棒 总长1002 任意重度 塑料头 307
462,16:17:56,hit_462_20260730_161756.csv,512,DEFECT,HIGH,0,47,113,460,500000,4351667,3962643,-4351667,-540686.7,,307,153,坏棒 总长1002 任意重度 塑料头 307
463,16:17:56,hit_463_20260730_161756.csv,512,DEFECT,HIGH,0,27,112,267,500000,5317822,3749429,-5317822,-425084.5,,307,-40,坏棒 总长1002 任意重度 塑料头 307
464,16:17:56,hit_464_20260730_161756.csv,512,DEFECT,HIGH,0,24,108,247,500000,4872384,4177420,-4872384,-323447.9,,307,-60,坏棒 总长1002 任意重度 塑料头 307
465,16:17:57,hit_465_20260730_161757.csv,512,DEFECT,HIGH,0,22,117,194,500000,4605237,4396363,-4605237,-38481.4,,307,-113,坏棒 总长1002 任意重度 塑料头 307
466,16:17:57,hit_466_20260730_161757.csv,512,DEFECT,HIGH,0,25,110,252,500000,4862797,3730283,-4862797,-333376.9,,307,-55,坏棒 总长1002 任意重度 塑料头 307
467,16:17:57,hit_467_20260730_161757.csv,512,DEFECT,HIGH,0,24,110,242,500000,5061280,3978474,-5061280,-210280.9,,307,-65,坏棒 总长1002 任意重度 塑料头 307
468,16:17:58,hit_468_20260730_161758.csv,512,DEFECT,HIGH,0,31,113,303,500000,5834304,3806050,-5834304,-627532.2,,307,-4,坏棒 总长1002 任意重度 塑料头 307
469,16:17:58,hit_469_20260730_161758.csv,512,DEFECT,HIGH,0,29,112,287,500000,5629299,3746573,-5629299,-573760.5,,307,-20,坏棒 总长1002 任意重度 塑料头 307
470,16:17:58,hit_470_20260730_161758.csv,512,DEFECT,HIGH,0,24,110,242,500000,5007530,4487057,-5007530,91285.0,,307,-65,坏棒 总长1002 任意重度 塑料头 307
471,16:17:59,hit_471_20260730_161759.csv,512,DEFECT,HIGH,0,25,111,250,500000,5095523,4166434,-5095523,-63729.1,,307,-57,坏棒 总长1002 任意重度 塑料头 307
472,16:17:59,hit_472_20260730_161759.csv,512,DEFECT,HIGH,0,30,113,294,500000,5574097,3342298,-5574097,-699130.3,,307,-13,坏棒 总长1002 任意重度 塑料头 307
473,16:17:59,hit_473_20260730_161759.csv,512,DEFECT,HIGH,0,27,110,272,500000,5269520,3790974,-5269520,-470925.6,,307,-35,坏棒 总长1002 任意重度 塑料头 307
474,16:18:00,hit_474_20260730_161800.csv,512,DEFECT,HIGH,0,25,109,255,500000,5116007,4279984,-5116007,-276593.1,,307,-52,坏棒 总长1002 任意重度 塑料头 307
475,16:18:00,hit_475_20260730_161800.csv,512,DEFECT,HIGH,0,23,118,203,500000,4658045,4165817,-4658045,-178575.0,,307,-104,坏棒 总长1002 任意重度 塑料头 307
476,16:18:00,hit_476_20260730_161800.csv,512,DEFECT,HIGH,0,32,110,323,500000,5620483,3887388,-5620483,-766038.0,,307,16,坏棒 总长1002 任意重度 塑料头 307
477,16:18:01,hit_477_20260730_161801.csv,512,DEFECT,HIGH,0,21,116,185,500000,4458756,4343339,-4458756,-130524.9,,307,-122,坏棒 总长1002 任意重度 塑料头 307
478,16:18:01,hit_478_20260730_161801.csv,512,DEFECT,HIGH,0,71,108,618,500000,4794442,4794442,-3513518,245709.5,,307,311,坏棒 总长1002 任意重度 塑料头 307
479,16:18:01,hit_479_20260730_161801.csv,512,DEFECT,HIGH,0,29,110,292,500000,5498455,3769145,-5498455,-620788.4,,307,-15,坏棒 总长1002 任意重度 塑料头 307
480,16:18:02,hit_480_20260730_161802.csv,512,DEFECT,HIGH,0,21,116,185,500000,4489814,4481847,-4489814,-11800.3,,307,-122,坏棒 总长1002 任意重度 塑料头 307
481,16:18:02,hit_481_20260730_161802.csv,512,DEFECT,HIGH,0,26,108,268,500000,5069772,4067897,-5069772,-452183.7,,307,-39,坏棒 总长1002 任意重度 塑料头 307
482,16:18:02,hit_482_20260730_161802.csv,512,DEFECT,HIGH,0,28,110,282,500000,5346179,3739459,-5346179,-605398.0,,307,-25,坏棒 总长1002 任意重度 塑料头 307
483,16:18:03,hit_483_20260730_161803.csv,512,DEFECT,HIGH,0,26,110,262,500000,4703586,4703586,-3990487,276922.4,,307,-45,坏棒 总长1002 任意重度 塑料头 307
484,16:18:03,hit_484_20260730_161803.csv,512,DEFECT,HIGH,0,23,108,237,500000,4718175,4552034,-4718175,110739.6,,307,-70,坏棒 总长1002 任意重度 塑料头 307
485,16:18:03,hit_485_20260730_161803.csv,512,DEFECT,HIGH,0,24,108,247,500000,4627149,3888160,-4627149,-519412.1,,307,-60,坏棒 总长1002 任意重度 塑料头 307
486,16:18:04,hit_486_20260730_161804.csv,512,DEFECT,HIGH,0,26,110,262,500000,4679598,4679598,-4245744,147680.1,,307,-45,坏棒 总长1002 任意重度 塑料头 307
487,16:18:04,hit_487_20260730_161804.csv,512,DEFECT,HIGH,0,29,110,292,500000,5607725,4043689,-5607725,-525447.2,,307,-15,坏棒 总长1002 任意重度 塑料头 307
488,16:18:04,hit_488_20260730_161804.csv,512,DEFECT,HIGH,0,31,110,313,500000,5289092,3798157,-5289092,-737156.7,,307,6,坏棒 总长1002 任意重度 塑料头 307
489,16:18:05,hit_489_20260730_161805.csv,512,DEFECT,HIGH,0,30,109,306,500000,5525195,3576069,-5525195,-857946.1,,307,-1,坏棒 总长1002 任意重度 塑料头 307
490,16:18:05,hit_490_20260730_161805.csv,512,DEFECT,HIGH,0,21,108,216,500000,4794496,4794496,-4566459,306521.3,,307,-91,坏棒 总长1002 任意重度 塑料头 307
491,16:18:06,hit_491_20260730_161806.csv,512,DEFECT,HIGH,0,27,109,275,500000,5400519,3795846,-5400519,-415064.8,,307,-32,坏棒 总长1002 任意重度 塑料头 307
492,16:18:06,hit_492_20260730_161806.csv,512,DEFECT,HIGH,0,39,112,386,500000,4445356,4413196,-4445356,-656345.4,,307,79,坏棒 总长1002 任意重度 塑料头 307
493,16:18:06,hit_493_20260730_161806.csv,512,DEFECT,HIGH,0,25,109,255,500000,5147564,4122413,-5147564,-143306.4,,307,-52,坏棒 总长1002 任意重度 塑料头 307
494,16:18:07,hit_494_20260730_161807.csv,512,DEFECT,HIGH,0,30,109,306,500000,5658075,4071728,-5658075,-688336.1,,307,-1,坏棒 总长1002 任意重度 塑料头 307
495,16:18:07,hit_495_20260730_161807.csv,512,DEFECT,HIGH,0,30,115,288,500000,5300940,3589690,-5300940,-616944.3,,307,-19,坏棒 总长1002 任意重度 塑料头 307
496,16:18:07,hit_496_20260730_161807.csv,512,DEFECT,HIGH,0,25,109,255,500000,5025233,4285887,-5025233,-150929.9,,307,-52,坏棒 总长1002 任意重度 塑料头 307
497,16:18:13,hit_497_20260730_161813.csv,512,DEFECT,HIGH,0,24,111,240,500000,4960536,4561974,-4960536,57399.8,,307,-67,坏棒 总长1002 任意重度 塑料头 307
498,16:18:14,hit_498_20260730_161814.csv,512,DEFECT,HIGH,0,39,114,378,500000,4312185,3274786,-4312185,-227409.8,,307,71,坏棒 总长1002 任意重度 塑料头 307
499,16:18:14,hit_499_20260730_161814.csv,512,DEFECT,HIGH,0,70,115,567,500000,3653240,2593554,-3653240,-224785.1,,307,260,坏棒 总长1002 任意重度 塑料头 307
500,16:18:15,hit_500_20260730_161815.csv,512,DEFECT,HIGH,0,25,111,250,500000,5030554,4492609,-5030554,89736.5,,307,-57,坏棒 总长1002 任意重度 塑料头 307
501,16:18:15,hit_501_20260730_161815.csv,512,DEFECT,HIGH,0,27,114,262,500000,4744953,3154706,-4744953,-476187.5,,307,-45,坏棒 总长1002 任意重度 塑料头 307
502,16:18:15,hit_502_20260730_161815.csv,512,DEFECT,HIGH,0,23,113,225,500000,4718276,4052224,-4718276,152277.5,,307,-82,坏棒 总长1002 任意重度 塑料头 307
503,16:18:16,hit_503_20260730_161816.csv,512,DEFECT,HIGH,0,23,115,221,500000,4495247,3098188,-4495247,-142055.1,,307,-86,坏棒 总长1002 任意重度 塑料头 307
504,16:18:16,hit_504_20260730_161816.csv,512,DEFECT,HIGH,0,21,114,203,500000,4219037,4219037,-4213712,362907.1,,307,-104,坏棒 总长1002 任意重度 塑料头 307
505,16:18:16,hit_505_20260730_161816.csv,512,DEFECT,HIGH,0,24,119,222,500000,4429164,2795768,-4429164,-281092.5,,307,-85,坏棒 总长1002 任意重度 塑料头 307
506,16:18:17,hit_506_20260730_161817.csv,512,DEFECT,HIGH,0,21,115,201,500000,4354052,3282637,-4354052,-109410.7,,307,-106,坏棒 总长1002 任意重度 塑料头 307
507,16:18:17,hit_507_20260730_161817.csv,512,DEFECT,HIGH,0,29,120,266,500000,5655105,3884757,-5655105,-232151.4,,307,-41,坏棒 总长1002 任意重度 塑料头 307
508,16:18:18,hit_508_20260730_161818.csv,512,DEFECT,HIGH,0,37,113,362,500000,4547791,4547791,-4098224,405699.0,,307,55,坏棒 总长1002 任意重度 塑料头 307
509,16:18:18,hit_509_20260730_161818.csv,512,DEFECT,HIGH,0,28,119,259,500000,5087758,3284082,-5087758,-372590.9,,307,-48,坏棒 总长1002 任意重度 塑料头 307
510,16:18:18,hit_510_20260730_161818.csv,512,DEFECT,HIGH,0,24,116,228,500000,4703292,3473649,-4703292,-116777.9,,307,-79,坏棒 总长1002 任意重度 塑料头 307
511,16:18:19,hit_511_20260730_161819.csv,512,DEFECT,HIGH,0,37,114,359,500000,4144133,4016066,-4144133,165200.1,,307,52,坏棒 总长1002 任意重度 塑料头 307
512,16:18:19,hit_512_20260730_161819.csv,512,DEFECT,HIGH,0,38,114,368,500000,4344789,4344789,-4163411,254092.1,,307,61,坏棒 总长1002 任意重度 塑料头 307
513,16:18:19,hit_513_20260730_161819.csv,512,DEFECT,HIGH,0,24,117,226,500000,4814723,3902016,-4814723,106787.2,,307,-81,坏棒 总长1002 任意重度 塑料头 307
514,16:18:20,hit_514_20260730_161820.csv,512,DEFECT,HIGH,0,25,116,238,500000,5025885,3531393,-5025885,-95518.7,,307,-69,坏棒 总长1002 任意重度 塑料头 307
515,16:18:20,hit_515_20260730_161820.csv,512,DEFECT,HIGH,0,23,115,221,500000,4643868,4047256,-4643868,127762.9,,307,-86,坏棒 总长1002 任意重度 塑料头 307
516,16:18:20,hit_516_20260730_161820.csv,512,DEFECT,HIGH,0,25,117,235,500000,4897574,3622609,-4897574,-238345.8,,307,-72,坏棒 总长1002 任意重度 塑料头 307
517,16:18:21,hit_517_20260730_161821.csv,512,DEFECT,HIGH,0,21,114,203,500000,4352792,3976123,-4352792,115368.0,,307,-104,坏棒 总长1002 任意重度 塑料头 307
518,16:18:21,hit_518_20260730_161821.csv,512,DEFECT,HIGH,0,29,120,266,500000,5404908,3626057,-5404908,-306050.3,,307,-41,坏棒 总长1002 任意重度 塑料头 307
519,16:18:21,hit_519_20260730_161821.csv,512,DEFECT,HIGH,0,29,119,268,500000,5576413,3582621,-5576413,-376985.2,,307,-39,坏棒 总长1002 任意重度 塑料头 307
520,16:18:22,hit_520_20260730_161822.csv,512,DEFECT,HIGH,0,27,117,254,500000,5200706,3937658,-5200706,-153334.6,,307,-53,坏棒 总长1002 任意重度 塑料头 307
521,16:18:22,hit_521_20260730_161822.csv,512,DEFECT,HIGH,0,30,121,272,500000,5376520,3411803,-5376520,-416184.0,,307,-35,坏棒 总长1002 任意重度 塑料头 307
522,16:18:22,hit_522_20260730_161822.csv,512,DEFECT,HIGH,0,22,115,211,500000,4390299,4390299,-4361052,330937.9,,307,-96,坏棒 总长1002 任意重度 塑料头 307
523,16:18:23,hit_523_20260730_161823.csv,512,DEFECT,HIGH,0,22,115,211,500000,4402543,3731043,-4402543,167713.1,,307,-96,坏棒 总长1002 任意重度 塑料头 307
524,16:18:23,hit_524_20260730_161823.csv,512,DEFECT,HIGH,0,46,121,418,500000,5383247,3253538,-5383247,-396534.6,,307,111,坏棒 总长1002 任意重度 塑料头 307
525,16:18:23,hit_525_20260730_161823.csv,512,DEFECT,HIGH,0,23,115,221,500000,4661481,3470528,-4661481,39843.4,,307,-86,坏棒 总长1002 任意重度 塑料头 307
526,16:18:24,hit_526_20260730_161824.csv,512,DEFECT,HIGH,0,22,114,213,500000,4411191,3232653,-4411191,-4449.2,,307,-94,坏棒 总长1002 任意重度 塑料头 307
527,16:18:24,hit_527_20260730_161824.csv,512,DEFECT,HIGH,0,25,116,238,500000,4926303,3747218,-4926303,54537.2,,307,-69,坏棒 总长1002 任意重度 塑料头 307
528,16:18:25,hit_528_20260730_161825.csv,512,DEFECT,HIGH,0,22,115,211,500000,4490818,3155348,-4490818,-39760.8,,307,-96,坏棒 总长1002 任意重度 塑料头 307
529,16:18:25,hit_529_20260730_161825.csv,512,DEFECT,HIGH,0,29,120,266,500000,5538361,3254791,-5538361,-422203.8,,307,-41,坏棒 总长1002 任意重度 塑料头 307
530,16:18:25,hit_530_20260730_161825.csv,512,DEFECT,HIGH,0,27,118,252,500000,5127636,3312197,-5127636,-248860.1,,307,-55,坏棒 总长1002 任意重度 塑料头 307
531,16:18:26,hit_531_20260730_161826.csv,512,DEFECT,HIGH,0,24,116,228,500000,4639532,2915459,-4639532,-327026.8,,307,-79,坏棒 总长1002 任意重度 塑料头 307
532,16:18:26,hit_532_20260730_161826.csv,512,DEFECT,HIGH,0,21,114,203,500000,4255239,2924247,-4255239,-157146.4,,307,-104,坏棒 总长1002 任意重度 塑料头 307
533,16:18:26,hit_533_20260730_161826.csv,512,DEFECT,HIGH,0,77,112,762,500000,4087322,3153445,-4087322,1243.5,,307,455,坏棒 总长1002 任意重度 塑料头 307
534,16:18:27,hit_534_20260730_161827.csv,512,DEFECT,HIGH,0,22,115,211,500000,4418649,3191035,-4418649,-59225.5,,307,-96,坏棒 总长1002 任意重度 塑料头 307
535,16:18:27,hit_535_20260730_161827.csv,512,DEFECT,HIGH,0,23,117,216,500000,4543231,2987078,-4543231,-132519.0,,307,-91,坏棒 总长1002 任意重度 塑料头 307
536,16:18:27,hit_536_20260730_161827.csv,512,DEFECT,HIGH,0,28,122,252,500000,5054810,3266964,-5054810,-294635.0,,307,-55,坏棒 总长1002 任意重度 塑料头 307
537,16:18:28,hit_537_20260730_161828.csv,512,DEFECT,HIGH,0,37,114,359,500000,4139587,3924174,-4139587,291108.3,,307,52,坏棒 总长1002 任意重度 塑料头 307
538,16:18:28,hit_538_20260730_161828.csv,512,DEFECT,HIGH,0,37,114,359,500000,4310264,4310264,-3861491,526188.1,,307,52,坏棒 总长1002 任意重度 塑料头 307
539,16:18:29,hit_539_20260730_161829.csv,512,DEFECT,HIGH,0,22,119,203,500000,4230709,2544976,-4230709,-184188.0,,307,-104,坏棒 总长1002 任意重度 塑料头 307
540,16:18:29,hit_540_20260730_161829.csv,512,NORMAL,HIGH,0,0,114,0,500000,3929376,3892453,-3929376,434968.4,,307,,坏棒 总长1002 任意重度 塑料头 307
541,16:18:29,hit_541_20260730_161829.csv,512,DEFECT,HIGH,0,68,115,548,500000,4597993,4597993,-3831636,626598.8,,307,241,坏棒 总长1002 任意重度 塑料头 307
542,16:18:30,hit_542_20260730_161830.csv,512,DEFECT,HIGH,0,22,115,211,500000,4425876,3333116,-4425876,93727.8,,307,-96,坏棒 总长1002 任意重度 塑料头 307
543,16:18:30,hit_543_20260730_161830.csv,512,DEFECT,HIGH,0,23,115,221,500000,4723161,3314284,-4723161,-195685.6,,307,-86,坏棒 总长1002 任意重度 塑料头 307
544,16:18:30,hit_544_20260730_161830.csv,512,DEFECT,HIGH,0,27,119,250,500000,4960449,3057362,-4960449,-361547.3,,307,-57,坏棒 总长1002 任意重度 塑料头 307
545,16:18:31,hit_545_20260730_161831.csv,512,DEFECT,HIGH,0,46,118,429,500000,4867278,3237910,-4867278,-440181.5,,307,122,坏棒 总长1002 任意重度 塑料头 307
546,16:18:31,hit_546_20260730_161831.csv,512,DEFECT,HIGH,0,45,119,416,500000,4923741,3012436,-4923741,-339570.0,,307,109,坏棒 总长1002 任意重度 塑料头 307
547,16:18:32,hit_547_20260730_161832.csv,512,DEFECT,HIGH,0,48,117,452,500000,5279301,3506628,-5279301,-471984.0,,307,145,坏棒 总长1002 任意重度 塑料头 307
548,16:18:32,hit_548_20260730_161832.csv,512,DEFECT,HIGH,0,27,118,252,500000,5252319,3307499,-5252319,-339307.2,,307,-55,坏棒 总长1002 任意重度 塑料头 307
549,16:18:32,hit_549_20260730_161832.csv,512,DEFECT,HIGH,0,24,114,233,500000,4843837,3561475,-4843837,-89989.4,,307,-74,坏棒 总长1002 任意重度 塑料头 307
550,16:18:33,hit_550_20260730_161833.csv,512,DEFECT,HIGH,0,41,120,376,500000,3847855,3421471,-3847855,-259582.1,,307,69,坏棒 总长1002 任意重度 塑料头 307
551,16:18:33,hit_551_20260730_161833.csv,512,DEFECT,HIGH,0,24,114,233,500000,4673811,3061900,-4673811,-262866.1,,307,-74,坏棒 总长1002 任意重度 塑料头 307
552,16:18:33,hit_552_20260730_161833.csv,512,DEFECT,HIGH,0,40,116,380,500000,4575573,2908470,-4575573,-344470.6,,307,73,坏棒 总长1002 任意重度 塑料头 307
553,16:18:34,hit_553_20260730_161834.csv,512,DEFECT,HIGH,0,26,116,247,500000,4915949,3278109,-4915949,-347098.9,,307,-60,坏棒 总长1002 任意重度 塑料头 307
554,16:18:34,hit_554_20260730_161834.csv,512,DEFECT,HIGH,0,24,114,233,500000,4869682,3319636,-4869682,-100267.0,,307,-74,坏棒 总长1002 任意重度 塑料头 307
555,16:18:35,hit_555_20260730_161835.csv,512,DEFECT,HIGH,0,23,113,225,500000,4683286,3977251,-4683286,127600.8,,307,-82,坏棒 总长1002 任意重度 塑料头 307
556,16:18:35,hit_556_20260730_161835.csv,512,DEFECT,HIGH,0,26,116,247,500000,5042853,2971998,-5042853,-364909.0,,307,-60,坏棒 总长1002 任意重度 塑料头 307
557,16:18:35,hit_557_20260730_161835.csv,512,DEFECT,HIGH,0,25,117,235,500000,4765396,2872225,-4765396,-329531.2,,307,-72,坏棒 总长1002 任意重度 塑料头 307
558,16:18:36,hit_558_20260730_161836.csv,512,DEFECT,HIGH,0,22,114,213,500000,4430443,2940305,-4430443,-129398.4,,307,-94,坏棒 总长1002 任意重度 塑料头 307
559,16:18:36,hit_559_20260730_161836.csv,512,DEFECT,HIGH,0,26,118,242,500000,4952269,3173415,-4952269,-279889.5,,307,-65,坏棒 总长1002 任意重度 塑料头 307
560,16:18:36,hit_560_20260730_161836.csv,512,DEFECT,HIGH,0,24,116,228,500000,4759687,3260137,-4759687,-137075.2,,307,-79,坏棒 总长1002 任意重度 塑料头 307
561,16:18:37,hit_561_20260730_161837.csv,512,DEFECT,HIGH,0,23,113,225,500000,4557998,3571429,-4557998,5564.9,,307,-82,坏棒 总长1002 任意重度 塑料头 307
562,16:18:37,hit_562_20260730_161837.csv,512,DEFECT,HIGH,0,24,117,226,500000,3726655,2863514,-3726655,-276352.2,,307,-81,坏棒 总长1002 任意重度 塑料头 307
563,16:18:38,hit_563_20260730_161838.csv,512,DEFECT,HIGH,0,25,114,242,500000,4977791,3696211,-4977791,-6936.0,,307,-65,坏棒 总长1002 任意重度 塑料头 307
564,16:18:38,hit_564_20260730_161838.csv,512,DEFECT,HIGH,0,28,118,261,500000,5049311,3318069,-5049311,-405534.7,,307,-46,坏棒 总长1002 任意重度 塑料头 307
565,16:18:39,hit_565_20260730_161839.csv,512,DEFECT,HIGH,0,25,115,240,500000,5040857,3622101,-5040857,-47284.6,,307,-67,坏棒 总长1002 任意重度 塑料头 307
566,16:18:39,hit_566_20260730_161839.csv,512,DEFECT,HIGH,0,38,118,355,500000,2182485,2182485,-1707932,-106435.3,,307,48,坏棒 总长1002 任意重度 塑料头 307
567,16:18:40,hit_567_20260730_161840.csv,512,DEFECT,HIGH,0,25,117,235,500000,4823410,3060934,-4823410,-299406.4,,307,-72,坏棒 总长1002 任意重度 塑料头 307
568,16:18:40,hit_568_20260730_161840.csv,512,DEFECT,HIGH,0,25,115,240,500000,4800019,3167884,-4800019,-191490.5,,307,-67,坏棒 总长1002 任意重度 塑料头 307
569,16:18:40,hit_569_20260730_161840.csv,512,DEFECT,HIGH,0,26,116,247,500000,5060656,3070316,-5060656,-327143.1,,307,-60,坏棒 总长1002 任意重度 塑料头 307
570,16:18:41,hit_570_20260730_161841.csv,512,DEFECT,HIGH,0,30,119,277,500000,5284210,3467349,-5284210,-462886.4,,307,-30,坏棒 总长1002 任意重度 塑料头 307
571,16:18:41,hit_571_20260730_161841.csv,512,DEFECT,HIGH,0,28,114,271,500000,5421490,3645689,-5421490,-377037.2,,307,-36,坏棒 总长1002 任意重度 塑料头 307
572,16:18:41,hit_572_20260730_161841.csv,512,DEFECT,HIGH,0,25,116,238,500000,4581152,2769522,-4581152,-336960.9,,307,-69,坏棒 总长1002 任意重度 塑料头 307
573,16:18:42,hit_573_20260730_161842.csv,512,DEFECT,HIGH,0,34,118,317,500000,5943140,3726164,-5943140,-654932.6,,307,10,坏棒 总长1002 任意重度 塑料头 307
574,16:18:42,hit_574_20260730_161842.csv,512,DEFECT,HIGH,0,24,112,237,500000,4811532,4006866,-4811532,77007.6,,307,-70,坏棒 总长1002 任意重度 塑料头 307
575,16:18:43,hit_575_20260730_161843.csv,512,DEFECT,HIGH,0,30,117,283,500000,5718668,3555145,-5718668,-488885.7,,307,-24,坏棒 总长1002 任意重度 塑料头 307
576,16:18:43,hit_576_20260730_161843.csv,512,DEFECT,HIGH,0,25,113,245,500000,5135342,3711975,-5135342,-53033.9,,307,-62,坏棒 总长1002 任意重度 塑料头 307
577,16:18:43,hit_577_20260730_161843.csv,512,DEFECT,HIGH,0,25,116,238,500000,4899481,3266926,-4899481,-160063.2,,307,-69,坏棒 总长1002 任意重度 塑料头 307
578,16:18:44,hit_578_20260730_161844.csv,512,DEFECT,HIGH,0,24,115,230,500000,4640110,3003103,-4640110,-212126.7,,307,-77,坏棒 总长1002 任意重度 塑料头 307
579,16:18:44,hit_579_20260730_161844.csv,512,DEFECT,HIGH,0,31,116,295,500000,5852068,3502723,-5852068,-585174.7,,307,-12,坏棒 总长1002 任意重度 塑料头 307
580,16:18:45,hit_580_20260730_161845.csv,512,DEFECT,HIGH,0,25,112,247,500000,5062694,4217519,-5062694,1152.8,,307,-60,坏棒 总长1002 任意重度 塑料头 307
581,16:18:45,hit_581_20260730_161845.csv,512,DEFECT,HIGH,0,29,120,266,500000,4961687,3323924,-4961687,-417271.6,,307,-41,坏棒 总长1002 任意重度 塑料头 307
582,16:18:46,hit_582_20260730_161846.csv,512,DEFECT,HIGH,0,29,114,281,500000,5713819,4267019,-5713819,-149285.4,,307,-26,坏棒 总长1002 任意重度 塑料头 307
583,16:18:52,hit_583_20260730_161852.csv,512,DEFECT,HIGH,0,69,111,580,500000,6136349,6136349,-3838817,1676992.2,,307,273,坏棒 总长1002 任意重度 塑料头 307
584,16:18:53,hit_584_20260730_161853.csv,512,DEFECT,HIGH,0,27,113,264,500000,6280898,6280898,-5333769,701455.3,,307,-43,坏棒 总长1002 任意重度 塑料头 307
585,16:18:53,hit_585_20260730_161853.csv,512,DEFECT,HIGH,0,75,112,633,500000,5889081,5889081,-5097295,805088.9,,307,326,坏棒 总长1002 任意重度 塑料头 307
586,16:18:54,hit_586_20260730_161854.csv,512,DEFECT,HIGH,0,25,112,247,500000,5047166,5047166,-5038436,358230.7,,307,-60,坏棒 总长1002 任意重度 塑料头 307
587,16:18:54,hit_587_20260730_161854.csv,512,DEFECT,HIGH,0,74,113,617,500000,5525066,5525066,-5340834,385104.0,,307,310,坏棒 总长1002 任意重度 塑料头 307
588,16:18:54,hit_588_20260730_161854.csv,512,DEFECT,HIGH,0,24,111,240,500000,5579829,5579829,-4919398,595871.4,,307,-67,坏棒 总长1002 任意重度 塑料头 307
589,16:18:55,hit_589_20260730_161855.csv,512,DEFECT,HIGH,0,26,113,254,500000,5293236,4377904,-5293236,40134.3,,307,-53,坏棒 总长1002 任意重度 塑料头 307
590,16:18:55,hit_590_20260730_161855.csv,512,DEFECT,HIGH,0,26,114,252,500000,5252281,4310842,-5252281,49491.8,,307,-55,坏棒 总长1002 任意重度 塑料头 307
591,16:18:55,hit_591_20260730_161855.csv,512,DEFECT,HIGH,0,26,113,254,500000,5496022,5496022,-5151106,330228.8,,307,-53,坏棒 总长1002 任意重度 塑料头 307
592,16:18:55,hit_592_20260730_161855.csv,512,DEFECT,HIGH,0,69,111,580,500000,5682272,5682272,-4100444,888155.4,,307,273,坏棒 总长1002 任意重度 塑料头 307
593,16:18:56,hit_593_20260730_161856.csv,512,DEFECT,HIGH,0,25,113,245,500000,4994293,4994293,-4846379,183145.5,,307,-62,坏棒 总长1002 任意重度 塑料头 307
594,16:18:56,hit_594_20260730_161856.csv,512,DEFECT,HIGH,0,68,111,570,500000,5518578,5518578,-4219492,839481.9,,307,263,坏棒 总长1002 任意重度 塑料头 307
595,16:18:56,hit_595_20260730_161856.csv,512,DEFECT,HIGH,0,22,112,217,500000,5330296,5330296,-4508321,548010.6,,307,-90,坏棒 总长1002 任意重度 塑料头 307
596,16:18:57,hit_596_20260730_161857.csv,512,DEFECT,HIGH,0,21,112,207,500000,4466140,4466140,-4412153,248915.8,,307,-100,坏棒 总长1002 任意重度 塑料头 307
597,16:18:57,hit_597_20260730_161857.csv,512,DEFECT,HIGH,0,24,114,233,500000,4765530,4285893,-4765530,-1208.3,,307,-74,坏棒 总长1002 任意重度 塑料头 307
598,16:18:57,hit_598_20260730_161857.csv,512,DEFECT,HIGH,0,24,115,230,500000,4865773,4788568,-4865773,176957.6,,307,-77,坏棒 总长1002 任意重度 塑料头 307
599,16:18:58,hit_599_20260730_161858.csv,512,DEFECT,HIGH,0,21,111,210,500000,5294227,5294227,-4458298,567749.6,,307,-97,坏棒 总长1002 任意重度 塑料头 307
600,16:18:58,hit_600_20260730_161858.csv,512,DEFECT,HIGH,0,21,111,210,500000,5318280,5318280,-4366752,588480.3,,307,-97,坏棒 总长1002 任意重度 塑料头 307
601,16:18:58,hit_601_20260730_161858.csv,512,DEFECT,HIGH,0,23,114,223,500000,4768429,3881649,-4768429,-23800.9,,307,-84,坏棒 总长1002 任意重度 塑料头 307
602,16:18:59,hit_602_20260730_161859.csv,512,DEFECT,HIGH,0,24,113,235,500000,4950420,4415742,-4950420,-46728.0,,307,-72,坏棒 总长1002 任意重度 塑料头 307
603,16:18:59,hit_603_20260730_161859.csv,512,DEFECT,HIGH,0,43,117,405,500000,3776985,3540733,-3776985,-234160.0,,307,98,坏棒 总长1002 任意重度 塑料头 307
604,16:18:59,hit_604_20260730_161859.csv,512,DEFECT,HIGH,0,24,114,233,500000,4909421,3940270,-4909421,-72395.2,,307,-74,坏棒 总长1002 任意重度 塑料头 307
605,16:18:59,hit_605_20260730_161859.csv,512,DEFECT,HIGH,0,23,115,221,500000,4793190,3669869,-4793190,-51581.5,,307,-86,坏棒 总长1002 任意重度 塑料头 307
606,16:19:00,hit_606_20260730_161900.csv,512,DEFECT,HIGH,0,24,113,235,500000,4989472,4989472,-4957008,141056.2,,307,-72,坏棒 总长1002 任意重度 塑料头 307
607,16:19:00,hit_607_20260730_161900.csv,512,DEFECT,HIGH,0,24,115,230,500000,4815201,3441449,-4815201,-146286.3,,307,-77,坏棒 总长1002 任意重度 塑料头 307
608,16:19:00,hit_608_20260730_161900.csv,512,DEFECT,HIGH,0,44,113,431,500000,5045372,3687172,-5045372,-307442.5,,307,124,坏棒 总长1002 任意重度 塑料头 307
609,16:19:01,hit_609_20260730_161901.csv,512,DEFECT,HIGH,0,28,114,271,500000,4932238,3606687,-4932238,-456930.5,,307,-36,坏棒 总长1002 任意重度 塑料头 307
610,16:19:01,hit_610_20260730_161901.csv,512,DEFECT,HIGH,0,29,114,281,500000,5718346,4006354,-5718346,-299936.8,,307,-26,坏棒 总长1002 任意重度 塑料头 307
611,16:19:01,hit_611_20260730_161901.csv,512,DEFECT,HIGH,0,26,112,257,500000,5037259,3968284,-5037259,-264649.1,,307,-50,坏棒 总长1002 任意重度 塑料头 307
612,16:19:02,hit_612_20260730_161902.csv,512,DEFECT,HIGH,0,22,111,220,500000,4571485,3966887,-4571485,-145380.0,,307,-87,坏棒 总长1002 任意重度 塑料头 307
613,16:19:02,hit_613_20260730_161902.csv,512,DEFECT,HIGH,0,24,112,237,500000,4885208,4273816,-4885208,-11186.2,,307,-70,坏棒 总长1002 任意重度 塑料头 307
614,16:19:02,hit_614_20260730_161902.csv,512,DEFECT,HIGH,0,29,113,284,500000,5737413,4249602,-5737413,-172727.2,,307,-23,坏棒 总长1002 任意重度 塑料头 307
615,16:19:02,hit_615_20260730_161902.csv,512,DEFECT,HIGH,0,66,108,567,500000,4848355,4848355,-3883160,601627.3,,307,260,坏棒 总长1002 任意重度 塑料头 307
616,16:19:03,hit_616_20260730_161903.csv,512,DEFECT,HIGH,0,30,114,291,500000,5832547,4188809,-5832547,-273163.2,,307,-16,坏棒 总长1002 任意重度 塑料头 307
617,16:19:03,hit_617_20260730_161903.csv,512,DEFECT,HIGH,0,25,110,252,500000,4975730,4325309,-4975730,-102289.1,,307,-55,坏棒 总长1002 任意重度 塑料头 307
618,16:19:03,hit_618_20260730_161903.csv,512,DEFECT,HIGH,0,41,108,422,500000,4897493,4897493,-4096307,322796.1,,307,115,坏棒 总长1002 任意重度 塑料头 307
619,16:19:04,hit_619_20260730_161904.csv,512,DEFECT,HIGH,0,27,113,264,500000,5394364,4560167,-5394364,78260.7,,307,-43,坏棒 总长1002 任意重度 塑料头 307
620,16:19:04,hit_620_20260730_161904.csv,512,DEFECT,HIGH,0,25,112,247,500000,4907940,4078437,-4907940,-130432.9,,307,-60,坏棒 总长1002 任意重度 塑料头 307
621,16:19:04,hit_621_20260730_161904.csv,512,DEFECT,HIGH,0,25,110,252,500000,4743851,3647469,-4743851,-461233.1,,307,-55,坏棒 总长1002 任意重度 塑料头 307
622,16:19:04,hit_622_20260730_161904.csv,512,DEFECT,HIGH,0,23,109,234,500000,4669528,4493081,-4669528,191475.8,,307,-73,坏棒 总长1002 任意重度 塑料头 307
623,16:19:05,hit_623_20260730_161905.csv,512,DEFECT,HIGH,0,71,110,606,500000,5295579,5295579,-3868129,788019.4,,307,299,坏棒 总长1002 任意重度 塑料头 307
624,16:19:06,hit_624_20260730_161906.csv,512,DEFECT,HIGH,0,34,113,300,500000,3535945,3535945,-3489117,-80059.0,,307,-7,坏棒 总长1002 任意重度 塑料头 307
625,16:19:07,hit_625_20260730_161907.csv,512,DEFECT,HIGH,0,25,110,252,500000,5088074,4067022,-5088074,-227116.4,,307,-55,坏棒 总长1002 任意重度 塑料头 307
626,16:19:07,hit_626_20260730_161907.csv,512,DEFECT,HIGH,0,67,117,495,500000,4299206,4299206,-4275340,161471.0,,307,188,坏棒 总长1002 任意重度 塑料头 307
627,16:19:07,hit_627_20260730_161907.csv,512,DEFECT,HIGH,0,22,109,224,500000,4638463,4638463,-4589034,403136.3,,307,-83,坏棒 总长1002 任意重度 塑料头 307
628,16:19:10,hit_628_20260730_161910.csv,512,DEFECT,HIGH,0,21,109,214,500000,4292625,3993783,-4292625,5605.4,,307,-93,坏棒 总长1002 任意重度 塑料头 307
629,16:19:11,hit_629_20260730_161911.csv,512,DEFECT,HIGH,0,67,109,571,500000,5182645,5182645,-3747480,1387884.2,,307,264,坏棒 总长1002 任意重度 塑料头 307
630,16:19:11,hit_630_20260730_161911.csv,512,DEFECT,HIGH,0,26,111,260,500000,5125503,3858352,-5125503,-280638.2,,307,-47,坏棒 总长1002 任意重度 塑料头 307
631,16:19:11,hit_631_20260730_161911.csv,512,DEFECT,HIGH,0,23,110,232,500000,4598656,3616231,-4598656,-310861.3,,307,-75,坏棒 总长1002 任意重度 塑料头 307
632,16:19:12,hit_632_20260730_161912.csv,512,DEFECT,HIGH,0,68,109,581,500000,4749292,4749292,-4286008,987148.7,,307,274,坏棒 总长1002 任意重度 塑料头 307
633,16:19:12,hit_633_20260730_161912.csv,512,DEFECT,HIGH,0,26,112,257,500000,5250932,4214162,-5250932,129803.7,,307,-50,坏棒 总长1002 任意重度 塑料头 307
634,16:19:12,hit_634_20260730_161912.csv,512,DEFECT,HIGH,0,24,113,235,500000,4967376,3668263,-4967376,-165671.8,,307,-72,坏棒 总长1002 任意重度 塑料头 307
635,16:19:12,hit_635_20260730_161912.csv,512,DEFECT,HIGH,0,22,110,222,500000,4680714,4444846,-4680714,348390.8,,307,-85,坏棒 总长1002 任意重度 塑料头 307
636,16:19:13,hit_636_20260730_161913.csv,512,DEFECT,HIGH,0,23,111,230,500000,4882764,4372572,-4882764,325634.0,,307,-77,坏棒 总长1002 任意重度 塑料头 307
637,16:19:13,hit_637_20260730_161913.csv,512,DEFECT,HIGH,0,25,112,247,500000,5113071,3926976,-5113071,-88560.8,,307,-60,坏棒 总长1002 任意重度 塑料头 307
638,16:19:13,hit_638_20260730_161913.csv,512,DEFECT,HIGH,0,23,111,230,500000,4858545,4222984,-4858545,290232.5,,307,-77,坏棒 总长1002 任意重度 塑料头 307
639,16:19:14,hit_639_20260730_161914.csv,512,DEFECT,HIGH,0,23,110,232,500000,4873265,4168874,-4873265,156527.9,,307,-75,坏棒 总长1002 任意重度 塑料头 307
640,16:19:14,hit_640_20260730_161914.csv,512,DEFECT,HIGH,0,23,110,232,500000,4744119,3963463,-4744119,-52582.7,,307,-75,坏棒 总长1002 任意重度 塑料头 307
641,16:19:14,hit_641_20260730_161914.csv,512,DEFECT,HIGH,0,30,113,294,500000,5476141,3597686,-5476141,-582507.9,,307,-13,坏棒 总长1002 任意重度 塑料头 307
642,16:19:14,hit_642_20260730_161914.csv,512,DEFECT,HIGH,0,66,116,486,500000,4607719,4607719,-4114954,513871.1,,307,179,坏棒 总长1002 任意重度 塑料头 307
643,16:19:15,hit_643_20260730_161915.csv,512,DEFECT,HIGH,0,65,108,556,500000,5125276,5125276,-4057315,942214.9,,307,249,坏棒 总长1002 任意重度 塑料头 307
644,16:19:15,hit_644_20260730_161915.csv,512,DEFECT,HIGH,0,30,111,300,500000,5480852,3501139,-5480852,-659652.8,,307,-7,坏棒 总长1002 任意重度 塑料头 307
645,16:19:15,hit_645_20260730_161915.csv,512,DEFECT,HIGH,0,22,109,224,500000,4619896,4432984,-4619896,85190.9,,307,-83,坏棒 总长1002 任意重度 塑料头 307
646,16:19:16,hit_646_20260730_161916.csv,512,DEFECT,HIGH,0,21,108,216,500000,4455052,4455052,-4433276,236424.4,,307,-91,坏棒 总长1002 任意重度 塑料头 307
647,16:19:16,hit_647_20260730_161916.csv,512,DEFECT,HIGH,0,22,108,226,500000,4385816,3865017,-4385816,-113240.0,,307,-81,坏棒 总长1002 任意重度 塑料头 307
648,16:19:16,hit_648_20260730_161916.csv,512,DEFECT,HIGH,0,22,109,224,500000,4558516,3952332,-4558516,-88412.4,,307,-83,坏棒 总长1002 任意重度 塑料头 307
649,16:19:16,hit_649_20260730_161916.csv,512,DEFECT,HIGH,0,31,110,313,500000,5523362,3815544,-5523362,-748438.9,,307,6,坏棒 总长1002 任意重度 塑料头 307
650,16:19:17,hit_650_20260730_161917.csv,512,DEFECT,HIGH,0,31,113,303,500000,5477334,3750814,-5477334,-725877.8,,307,-4,坏棒 总长1002 任意重度 塑料头 307
651,16:19:17,hit_651_20260730_161917.csv,512,DEFECT,HIGH,0,46,111,460,500000,5065655,3940303,-5065655,-654049.4,,307,153,坏棒 总长1002 任意重度 塑料头 307
652,16:19:17,hit_652_20260730_161917.csv,512,DEFECT,HIGH,0,70,110,595,500000,4733725,4490262,-4733725,419151.5,,307,288,坏棒 总长1002 任意重度 塑料头 307
653,16:19:18,hit_653_20260730_161918.csv,512,DEFECT,HIGH,0,24,111,240,500000,5027438,4148406,-5027438,-79719.6,,307,-67,坏棒 总长1002 任意重度 塑料头 307
654,16:19:18,hit_654_20260730_161918.csv,512,DEFECT,HIGH,0,23,110,232,500000,4895302,4584026,-4895302,341126.3,,307,-75,坏棒 总长1002 任意重度 塑料头 307
655,16:19:18,hit_655_20260730_161918.csv,512,DEFECT,HIGH,0,24,111,240,500000,5016845,4174794,-5016845,176581.6,,307,-67,坏棒 总长1002 任意重度 塑料头 307
656,16:19:18,hit_656_20260730_161918.csv,512,DEFECT,HIGH,0,70,110,595,500000,4492799,4482334,-4492799,571881.4,,307,288,坏棒 总长1002 任意重度 塑料头 307
657,16:19:19,hit_657_20260730_161919.csv,512,DEFECT,HIGH,0,67,108,577,500000,4574729,4574729,-4250811,445241.3,,307,270,坏棒 总长1002 任意重度 塑料头 307
658,16:19:19,hit_658_20260730_161919.csv,512,DEFECT,HIGH,0,23,110,232,500000,4708395,4315617,-4708395,187159.0,,307,-75,坏棒 总长1002 任意重度 塑料头 307
659,16:19:19,hit_659_20260730_161919.csv,512,DEFECT,HIGH,0,23,109,234,500000,4739741,4215724,-4739741,-113159.5,,307,-73,坏棒 总长1002 任意重度 塑料头 307
660,16:19:20,hit_660_20260730_161920.csv,512,DEFECT,HIGH,0,22,108,226,500000,4558945,4221127,-4558945,-62433.6,,307,-81,坏棒 总长1002 任意重度 塑料头 307
661,16:19:20,hit_661_20260730_161920.csv,512,DEFECT,HIGH,0,66,108,567,500000,4905563,4905563,-3893195,1157260.8,,307,260,坏棒 总长1002 任意重度 塑料头 307
662,16:19:20,hit_662_20260730_161920.csv,512,DEFECT,HIGH,0,27,111,270,500000,4533115,3697331,-4533115,-470523.3,,307,-37,坏棒 总长1002 任意重度 塑料头 307
663,16:19:20,hit_663_20260730_161920.csv,512,DEFECT,HIGH,0,27,110,272,500000,5149870,3937318,-5149870,-406382.3,,307,-35,坏棒 总长1002 任意重度 塑料头 307
664,16:19:21,hit_664_20260730_161921.csv,512,DEFECT,HIGH,0,25,109,255,500000,4979398,4006922,-4979398,-333585.6,,307,-52,坏棒 总长1002 任意重度 塑料头 307
665,16:19:21,hit_665_20260730_161921.csv,512,DEFECT,HIGH,0,26,110,262,500000,5053133,5053133,-3861042,470142.8,,307,-45,坏棒 总长1002 任意重度 塑料头 307
666,16:19:21,hit_666_20260730_161921.csv,512,DEFECT,HIGH,0,63,113,460,500000,4989048,4989048,-3756000,470853.8,,307,153,坏棒 总长1002 任意重度 塑料头 307
667,16:19:21,hit_667_20260730_161921.csv,512,DEFECT,HIGH,0,63,113,460,500000,4804893,4804893,-3653110,552463.8,,307,153,坏棒 总长1002 任意重度 塑料头 307
668,16:19:22,hit_668_20260730_161922.csv,512,DEFECT,HIGH,0,62,112,455,500000,5295759,5295759,-3231382,1465180.9,,307,148,坏棒 总长1002 任意重度 塑料头 307
669,16:19:22,hit_669_20260730_161922.csv,512,DEFECT,HIGH,0,24,109,244,500000,4540833,3744765,-4540833,-341948.9,,307,-63,坏棒 总长1002 任意重度 塑料头 307
670,16:19:22,hit_670_20260730_161922.csv,512,DEFECT,HIGH,0,69,108,597,500000,5274951,5274951,-3236735,1061819.0,,307,290,坏棒 总长1002 任意重度 塑料头 307
671,16:19:23,hit_671_20260730_161923.csv,512,DEFECT,HIGH,0,43,111,430,500000,4795927,3528633,-4795927,-567801.2,,307,123,坏棒 总长1002 任意重度 塑料头 307
672,16:19:23,hit_672_20260730_161923.csv,512,DEFECT,HIGH,0,65,108,556,500000,5784120,5784120,-2648579,1654261.7,,307,249,坏棒 总长1002 任意重度 塑料头 307
673,16:19:23,hit_673_20260730_161923.csv,512,DEFECT,HIGH,0,31,113,274,500000,3810889,3810889,-2959576,-320512.2,,307,-33,坏棒 总长1002 任意重度 塑料头 307
674,16:19:23,hit_674_20260730_161923.csv,512,DEFECT,HIGH,0,97,112,767,500000,4013829,4013829,-3304574,-379344.1,,307,460,坏棒 总长1002 任意重度 塑料头 307
675,16:19:24,hit_675_20260730_161924.csv,512,DEFECT,HIGH,0,21,116,185,500000,3932155,3616548,-3932155,-297263.3,,307,-122,坏棒 总长1002 任意重度 塑料头 307
676,16:19:24,hit_676_20260730_161924.csv,512,DEFECT,HIGH,0,27,109,275,500000,4220630,4220630,-3270540,83188.5,,307,-32,坏棒 总长1002 任意重度 塑料头 307
677,16:19:24,hit_677_20260730_161924.csv,512,DEFECT,HIGH,0,96,113,752,500000,4180291,3987761,-4180291,-546216.4,,307,445,坏棒 总长1002 任意重度 塑料头 307
678,16:19:24,hit_678_20260730_161924.csv,512,DEFECT,HIGH,0,70,109,602,500000,4578215,4578215,-3572477,190112.1,,307,295,坏棒 总长1002 任意重度 塑料头 307
679,16:19:25,hit_679_20260730_161925.csv,512,DEFECT,HIGH,0,45,113,441,500000,4681079,3521414,-4681079,-581902.7,,307,134,坏棒 总长1002 任意重度 塑料头 307
680,16:19:25,hit_680_20260730_161925.csv,512,DEFECT,HIGH,0,64,113,469,500000,4699252,4699252,-3543825,611207.0,,307,162,坏棒 总长1002 任意重度 塑料头 307
681,16:19:25,hit_681_20260730_161925.csv,512,DEFECT,HIGH,0,67,117,495,500000,4366765,4366765,-4305463,61987.0,,307,188,坏棒 总长1002 任意重度 塑料头 307
682,16:19:26,hit_682_20260730_161926.csv,512,DEFECT,HIGH,0,65,108,556,500000,4659571,4659571,-3731409,915158.2,,307,249,坏棒 总长1002 任意重度 塑料头 307
683,16:19:26,hit_683_20260730_161926.csv,512,DEFECT,HIGH,0,66,108,567,500000,4483638,4483638,-3660756,576994.0,,307,260,坏棒 总长1002 任意重度 塑料头 307
684,16:19:26,hit_684_20260730_161926.csv,512,DEFECT,HIGH,0,62,113,451,500000,4806925,4806925,-3208089,980272.4,,307,144,坏棒 总长1002 任意重度 塑料头 307
685,16:19:26,hit_685_20260730_161926.csv,512,DEFECT,HIGH,0,22,110,222,500000,4376929,3825081,-4376929,-108419.5,,307,-85,坏棒 总长1002 任意重度 塑料头 307
686,16:19:27,hit_686_20260730_161927.csv,512,DEFECT,HIGH,0,67,108,577,500000,4294252,4294252,-4090537,363041.0,,307,270,坏棒 总长1002 任意重度 塑料头 307
687,16:19:27,hit_687_20260730_161927.csv,512,DEFECT,HIGH,0,66,108,567,500000,4716731,4716731,-3906326,838892.1,,307,260,坏棒 总长1002 任意重度 塑料头 307
688,16:19:27,hit_688_20260730_161927.csv,512,DEFECT,HIGH,0,66,108,567,500000,4637279,4637279,-3838244,748126.1,,307,260,坏棒 总长1002 任意重度 塑料头 307
689,16:19:27,hit_689_20260730_161927.csv,512,DEFECT,HIGH,0,66,109,561,500000,3832835,3447922,-3832835,-37347.7,,307,254,坏棒 总长1002 任意重度 塑料头 307
690,16:19:28,hit_690_20260730_161928.csv,512,DEFECT,HIGH,0,45,111,450,500000,4036885,3939651,-4036885,-378892.0,,307,143,坏棒 总长1002 任意重度 塑料头 307
691,16:19:28,hit_691_20260730_161928.csv,512,DEFECT,HIGH,0,66,116,486,500000,4108879,4030157,-4108879,-50822.8,,307,179,坏棒 总长1002 任意重度 塑料头 307
692,16:19:28,hit_692_20260730_161928.csv,512,DEFECT,HIGH,0,27,110,272,500000,4912839,3530613,-4912839,-574532.8,,307,-35,坏棒 总长1002 任意重度 塑料头 307
693,16:19:29,hit_693_20260730_161929.csv,512,DEFECT,HIGH,0,22,109,224,500000,4454227,3807672,-4454227,-192502.6,,307,-83,坏棒 总长1002 任意重度 塑料头 307
694,16:19:29,hit_694_20260730_161929.csv,512,DEFECT,HIGH,0,24,109,244,500000,4911186,3988756,-4911186,-317524.6,,307,-63,坏棒 总长1002 任意重度 塑料头 307
695,16:19:29,hit_695_20260730_161929.csv,512,DEFECT,HIGH,0,68,109,581,500000,4418297,4418297,-4050529,519302.2,,307,274,坏棒 总长1002 任意重度 塑料头 307
696,16:19:29,hit_696_20260730_161929.csv,512,DEFECT,HIGH,0,64,108,546,500000,4697158,4697158,-3959159,902674.6,,307,239,坏棒 总长1002 任意重度 塑料头 307
697,16:19:30,hit_697_20260730_161930.csv,512,DEFECT,HIGH,0,25,109,255,500000,4867328,3628571,-4867328,-480724.4,,307,-52,坏棒 总长1002 任意重度 塑料头 307
698,16:19:30,hit_698_20260730_161930.csv,512,DEFECT,HIGH,0,24,109,244,500000,4749740,3895019,-4749740,-292744.6,,307,-63,坏棒 总长1002 任意重度 塑料头 307
699,16:19:30,hit_699_20260730_161930.csv,512,DEFECT,HIGH,0,66,117,486,500000,4303644,4303644,-4239448,177338.0,,307,179,坏棒 总长1002 任意重度 塑料头 307
700,16:19:30,hit_700_20260730_161930.csv,512,DEFECT,HIGH,0,68,110,575,500000,4341732,3705702,-4341732,-95071.0,,307,268,坏棒 总长1002 任意重度 塑料头 307
701,16:19:31,hit_701_20260730_161931.csv,512,DEFECT,HIGH,0,21,108,216,500000,4553156,4007531,-4553156,-209958.1,,307,-91,坏棒 总长1002 任意重度 塑料头 307
702,16:19:31,hit_702_20260730_161931.csv,512,DEFECT,HIGH,0,25,109,255,500000,4885873,4073728,-4885873,-262456.1,,307,-52,坏棒 总长1002 任意重度 塑料头 307
703,16:19:31,hit_703_20260730_161931.csv,512,DEFECT,HIGH,0,29,111,290,500000,5417434,3694603,-5417434,-660382.9,,307,-17,坏棒 总长1002 任意重度 塑料头 307
704,16:19:32,hit_704_20260730_161932.csv,512,DEFECT,HIGH,0,27,109,275,500000,5117181,3761199,-5117181,-504944.0,,307,-32,坏棒 总长1002 任意重度 塑料头 307
705,16:19:32,hit_705_20260730_161932.csv,512,DEFECT,HIGH,0,69,108,597,500000,4693446,4693446,-4285914,479603.3,,307,290,坏棒 总长1002 任意重度 塑料头 307
706,16:19:32,hit_706_20260730_161932.csv,512,DEFECT,HIGH,0,28,110,282,500000,4714257,3669061,-4714257,-591633.0,,307,-25,坏棒 总长1002 任意重度 塑料头 307
707,16:19:32,hit_707_20260730_161932.csv,512,DEFECT,HIGH,0,67,108,577,500000,4644696,4644696,-4355276,284613.6,,307,270,坏棒 总长1002 任意重度 塑料头 307
708,16:19:33,hit_708_20260730_161933.csv,512,DEFECT,HIGH,0,43,112,425,500000,4573362,3557840,-4573362,-545399.2,,307,118,坏棒 总长1002 任意重度 塑料头 307
709,16:19:33,hit_709_20260730_161933.csv,512,DEFECT,HIGH,0,28,111,280,500000,5293276,3749166,-5293276,-482293.8,,307,-27,坏棒 总长1002 任意重度 塑料头 307
710,16:19:33,hit_710_20260730_161933.csv,512,DEFECT,HIGH,0,26,109,265,500000,5136452,3803879,-5136452,-455147.6,,307,-42,坏棒 总长1002 任意重度 塑料头 307
711,16:19:34,hit_711_20260730_161934.csv,512,DEFECT,HIGH,0,25,110,252,500000,4761896,3511851,-4761896,-465968.8,,307,-55,坏棒 总长1002 任意重度 塑料头 307
712,16:19:34,hit_712_20260730_161934.csv,512,DEFECT,HIGH,0,27,110,272,500000,5321878,3824220,-5321878,-516298.1,,307,-35,坏棒 总长1002 任意重度 塑料头 307
713,16:19:34,hit_713_20260730_161934.csv,512,DEFECT,HIGH,0,27,112,267,500000,5153492,3852185,-5153492,-273867.7,,307,-40,坏棒 总长1002 任意重度 塑料头 307
714,16:19:35,hit_714_20260730_161935.csv,512,DEFECT,LOW,0,40,0,380,500000,1832383,1832383,-1111608,-110285.9,,307,73,坏棒 总长1002 任意重度 塑料头 307
715,16:19:35,hit_715_20260730_161935.csv,512,DEFECT,HIGH,0,22,108,226,500000,4331165,3957692,-4331165,-275057.9,,307,-81,坏棒 总长1002 任意重度 塑料头 307
716,16:19:35,hit_716_20260730_161935.csv,512,DEFECT,HIGH,0,24,109,244,500000,4703121,4630615,-4703121,-9621.6,,307,-63,坏棒 总长1002 任意重度 塑料头 307
717,16:19:35,hit_717_20260730_161935.csv,512,DEFECT,HIGH,0,26,111,260,500000,4999743,3842724,-4999743,-331652.1,,307,-47,坏棒 总长1002 任意重度 塑料头 307
718,16:19:36,hit_718_20260730_161936.csv,512,DEFECT,HIGH,0,26,111,260,500000,4925232,3787146,-4925232,-395822.7,,307,-47,坏棒 总长1002 任意重度 塑料头 307
719,16:19:36,hit_719_20260730_161936.csv,512,DEFECT,HIGH,0,27,111,270,500000,5063550,4093523,-5063550,-254590.9,,307,-37,坏棒 总长1002 任意重度 塑料头 307
720,16:19:36,hit_720_20260730_161936.csv,512,DEFECT,HIGH,0,26,110,262,500000,4818036,3987671,-4818036,-255824.3,,307,-45,坏棒 总长1002 任意重度 塑料头 307
721,16:19:37,hit_721_20260730_161937.csv,512,DEFECT,HIGH,0,49,119,433,500000,3227239,3227239,-1926141,-169496.0,,307,126,坏棒 总长1002 任意重度 塑料头 307
722,16:19:37,hit_722_20260730_161937.csv,512,DEFECT,HIGH,0,28,114,271,500000,5164969,3258916,-5164969,-533274.2,,307,-36,坏棒 总长1002 任意重度 塑料头 307
723,16:19:37,hit_723_20260730_161937.csv,512,DEFECT,HIGH,0,28,113,274,500000,5167711,3844773,-5167711,-405738.3,,307,-33,坏棒 总长1002 任意重度 塑料头 307
724,16:19:38,hit_724_20260730_161938.csv,512,DEFECT,HIGH,0,27,112,267,500000,4882814,3224085,-4882814,-509104.0,,307,-40,坏棒 总长1002 任意重度 塑料头 307
725,16:19:38,hit_725_20260730_161938.csv,512,DEFECT,HIGH,0,27,110,272,500000,5162419,3747943,-5162419,-444803.2,,307,-35,坏棒 总长1002 任意重度 塑料头 307
726,16:19:38,hit_726_20260730_161938.csv,512,DEFECT,HIGH,0,27,114,262,500000,5076230,3280838,-5076230,-498570.4,,307,-45,坏棒 总长1002 任意重度 塑料头 307
727,16:19:38,hit_727_20260730_161938.csv,512,DEFECT,HIGH,0,39,109,397,500000,4097268,3703175,-4097268,-265006.2,,307,90,坏棒 总长1002 任意重度 塑料头 307
728,16:19:39,hit_728_20260730_161939.csv,512,DEFECT,HIGH,0,26,110,262,500000,5003780,3717100,-5003780,-430453.4,,307,-45,坏棒 总长1002 任意重度 塑料头 307
729,16:19:40,hit_729_20260730_161940.csv,512,DEFECT,HIGH,0,47,111,470,500000,4780044,3818702,-4780044,-619025.4,,307,163,坏棒 总长1002 任意重度 塑料头 307
730,16:19:40,hit_730_20260730_161940.csv,512,DEFECT,HIGH,0,40,111,400,500000,3501832,3501832,-3167398,-269001.7,,307,93,坏棒 总长1002 任意重度 塑料头 307
731,16:19:40,hit_731_20260730_161940.csv,512,DEFECT,HIGH,0,46,111,460,500000,4692924,3824109,-4692924,-555434.0,,307,153,坏棒 总长1002 任意重度 塑料头 307
732,16:19:40,hit_732_20260730_161940.csv,512,DEFECT,HIGH,0,43,111,430,500000,2820741,2820741,-2022521,-131485.0,,307,123,坏棒 总长1002 任意重度 塑料头 307
733,16:19:41,hit_733_20260730_161941.csv,512,DEFECT,HIGH,0,30,113,294,500000,4708886,4640490,-4708886,-116367.6,,307,-13,坏棒 总长1002 任意重度 塑料头 307
734,16:19:41,hit_734_20260730_161941.csv,512,DEFECT,HIGH,0,26,112,257,500000,4928580,3388435,-4928580,-440011.9,,307,-50,坏棒 总长1002 任意重度 塑料头 307
735,16:19:41,hit_735_20260730_161941.csv,512,DEFECT,HIGH,0,25,111,250,500000,4865769,4359808,-4865769,-36251.7,,307,-57,坏棒 总长1002 任意重度 塑料头 307
736,16:19:41,hit_736_20260730_161941.csv,512,DEFECT,HIGH,0,41,109,418,500000,3749118,3749118,-3096024,-314218.0,,307,111,坏棒 总长1002 任意重度 塑料头 307
737,16:19:42,hit_737_20260730_161942.csv,512,DEFECT,HIGH,0,41,111,410,500000,2744740,2744740,-1990132,-131111.0,,307,103,坏棒 总长1002 任意重度 塑料头 307
738,16:19:43,hit_738_20260730_161943.csv,512,DEFECT,HIGH,0,27,112,267,500000,4990205,3328075,-4990205,-496165.1,,307,-40,坏棒 总长1002 任意重度 塑料头 307
739,16:19:43,hit_739_20260730_161943.csv,512,DEFECT,HIGH,0,42,116,400,500000,4091636,3089054,-4091636,-401572.6,,307,93,坏棒 总长1002 任意重度 塑料头 307
740,16:19:43,hit_740_20260730_161943.csv,512,DEFECT,HIGH,0,51,108,525,500000,2905444,2905444,-1801470,-151517.4,,307,218,坏棒 总长1002 任意重度 塑料头 307
741,16:19:43,hit_741_20260730_161943.csv,512,DEFECT,LOW,0,46,0,438,500000,2067288,2067288,-1276328,-114421.3,,307,131,坏棒 总长1002 任意重度 塑料头 307
742,16:19:44,hit_742_20260730_161944.csv,512,DEFECT,HIGH,0,47,111,470,500000,4614159,3820726,-4614159,-542649.4,,307,163,坏棒 总长1002 任意重度 塑料头 307
743,16:19:44,hit_743_20260730_161944.csv,512,DEFECT,HIGH,0,43,113,421,500000,4405117,3416137,-4405117,-452211.6,,307,114,坏棒 总长1002 任意重度 塑料头 307
744,16:19:44,hit_744_20260730_161944.csv,512,DEFECT,HIGH,0,40,114,388,500000,3698454,3353829,-3698454,-324450.6,,307,81,坏棒 总长1002 任意重度 塑料头 307
745,16:19:45,hit_745_20260730_161945.csv,512,DEFECT,HIGH,0,45,113,441,500000,3801292,3801292,-3399396,-280293.4,,307,134,坏棒 总长1002 任意重度 塑料头 307
746,16:19:45,hit_746_20260730_161945.csv,512,DEFECT,HIGH,0,46,114,446,500000,4028521,3709198,-4028521,-370158.8,,307,139,坏棒 总长1002 任意重度 塑料头 307
747,16:19:45,hit_747_20260730_161945.csv,512,DEFECT,LOW,0,36,0,342,500000,1793237,1793237,-1286365,-94587.6,,307,35,坏棒 总长1002 任意重度 塑料头 307
748,16:19:46,hit_748_20260730_161946.csv,512,DEFECT,HIGH,0,43,115,413,500000,4951736,3212656,-4951736,-508478.1,,307,106,坏棒 总长1002 任意重度 塑料头 307
749,16:19:46,hit_749_20260730_161946.csv,512,DEFECT,HIGH,0,25,113,245,500000,4694085,3438825,-4694085,-362339.8,,307,-62,坏棒 总长1002 任意重度 塑料头 307
750,16:19:46,hit_750_20260730_161946.csv,512,DEFECT,HIGH,0,25,110,252,500000,4857274,4352443,-4857274,-26727.6,,307,-55,坏棒 总长1002 任意重度 塑料头 307
751,16:19:47,hit_751_20260730_161947.csv,512,DEFECT,HIGH,0,41,114,398,500000,4512211,3200531,-4512211,-439938.7,,307,91,坏棒 总长1002 任意重度 塑料头 307
752,16:19:47,hit_752_20260730_161947.csv,512,DEFECT,HIGH,0,43,115,413,500000,4785698,3348666,-4785698,-473486.8,,307,106,坏棒 总长1002 任意重度 塑料头 307
753,16:19:47,hit_753_20260730_161947.csv,512,DEFECT,HIGH,0,45,114,436,500000,3911874,3612752,-3911874,-366651.8,,307,129,坏棒 总长1002 任意重度 塑料头 307
754,16:19:47,hit_754_20260730_161947.csv,512,DEFECT,HIGH,0,30,111,300,500000,5473139,3779545,-5473139,-679033.0,,307,-7,坏棒 总长1002 任意重度 塑料头 307
755,16:19:48,hit_755_20260730_161948.csv,512,DEFECT,HIGH,0,26,114,252,500000,5051694,3457326,-5051694,-376858.0,,307,-55,坏棒 总长1002 任意重度 塑料头 307
756,16:19:48,hit_756_20260730_161948.csv,512,DEFECT,HIGH,0,41,113,401,500000,4309004,3389707,-4309004,-413321.6,,307,94,坏棒 总长1002 任意重度 塑料头 307
757,16:19:48,hit_757_20260730_161948.csv,512,DEFECT,HIGH,0,28,115,269,500000,4609109,3233883,-4609109,-439639.3,,307,-38,坏棒 总长1002 任意重度 塑料头 307
758,16:19:49,hit_758_20260730_161949.csv,512,DEFECT,HIGH,0,44,116,419,500000,4738122,3304517,-4738122,-506645.0,,307,112,坏棒 总长1002 任意重度 塑料头 307
759,16:19:49,hit_759_20260730_161949.csv,512,DEFECT,HIGH,0,26,112,257,500000,5130368,3662317,-5130368,-399671.8,,307,-50,坏棒 总长1002 任意重度 塑料头 307
760,16:19:49,hit_760_20260730_161949.csv,512,DEFECT,HIGH,0,24,111,240,500000,4894788,3869813,-4894788,-221697.8,,307,-67,坏棒 总长1002 任意重度 塑料头 307
761,16:19:49,hit_761_20260730_161949.csv,512,DEFECT,HIGH,0,29,113,284,500000,5459548,3738664,-5459548,-495635.9,,307,-23,坏棒 总长1002 任意重度 塑料头 307
762,16:19:50,hit_762_20260730_161950.csv,512,DEFECT,HIGH,0,25,112,247,500000,4980537,3848601,-4980537,-232965.0,,307,-60,坏棒 总长1002 任意重度 塑料头 307
763,16:19:50,hit_763_20260730_161950.csv,512,DEFECT,HIGH,0,25,112,247,500000,5050980,4295516,-5050980,-79.8,,307,-60,坏棒 总长1002 任意重度 塑料头 307
764,16:19:50,hit_764_20260730_161950.csv,512,DEFECT,HIGH,0,24,112,237,500000,4912758,3989600,-4912758,-6706.7,,307,-70,坏棒 总长1002 任意重度 塑料头 307
765,16:19:50,hit_765_20260730_161950.csv,512,DEFECT,HIGH,0,26,112,257,500000,5103818,3875926,-5103818,-276400.6,,307,-50,坏棒 总长1002 任意重度 塑料头 307
766,16:19:56,hit_766_20260730_161956.csv,512,DEFECT,HIGH,0,45,114,436,500000,3984797,3619913,-3984797,-418656.0,,307,129,坏棒 总长1002 任意重度 塑料头 307
767,16:19:56,hit_767_20260730_161956.csv,512,DEFECT,HIGH,0,22,112,217,500000,4726738,3850614,-4726738,-2624.7,,307,-90,坏棒 总长1002 任意重度 塑料头 307
768,16:19:56,hit_768_20260730_161956.csv,512,DEFECT,HIGH,0,26,115,250,500000,5002523,3256024,-5002523,-450024.5,,307,-57,坏棒 总长1002 任意重度 塑料头 307
769,16:19:56,hit_769_20260730_161956.csv,512,DEFECT,HIGH,0,69,114,563,500000,4111383,2956063,-4111383,-108962.7,,307,256,坏棒 总长1002 任意重度 塑料头 307
770,16:19:57,hit_770_20260730_161957.csv,512,DEFECT,HIGH,0,42,116,400,500000,4640654,3143322,-4640654,-313783.1,,307,93,坏棒 总长1002 任意重度 塑料头 307
771,16:19:57,hit_771_20260730_161957.csv,512,DEFECT,HIGH,0,23,114,223,500000,4703611,3717826,-4703611,18089.3,,307,-84,坏棒 总长1002 任意重度 塑料头 307
772,16:19:57,hit_772_20260730_161957.csv,512,DEFECT,HIGH,0,25,117,235,500000,4845632,3076454,-4845632,-256430.6,,307,-72,坏棒 总长1002 任意重度 塑料头 307
773,16:19:58,hit_773_20260730_161958.csv,512,DEFECT,HIGH,0,26,116,247,500000,4931664,3321760,-4931664,-364231.2,,307,-60,坏棒 总长1002 任意重度 塑料头 307
774,16:19:58,hit_774_20260730_161958.csv,512,DEFECT,HIGH,0,23,114,223,500000,4630408,3658095,-4630408,-81398.1,,307,-84,坏棒 总长1002 任意重度 塑料头 307
775,16:19:58,hit_775_20260730_161958.csv,512,DEFECT,HIGH,0,24,114,233,500000,4806308,3831491,-4806308,-69542.6,,307,-74,坏棒 总长1002 任意重度 塑料头 307
776,16:19:59,hit_776_20260730_161959.csv,512,DEFECT,HIGH,0,23,113,225,500000,4593488,3294925,-4593488,-179912.4,,307,-82,坏棒 总长1002 任意重度 塑料头 307
777,16:19:59,hit_777_20260730_161959.csv,512,DEFECT,HIGH,0,24,114,233,500000,4854391,3570992,-4854391,-259899.0,,307,-74,坏棒 总长1002 任意重度 塑料头 307
778,16:19:59,hit_778_20260730_161959.csv,512,DEFECT,HIGH,0,23,114,223,500000,4591199,3734511,-4591199,98524.7,,307,-84,坏棒 总长1002 任意重度 塑料头 307
779,16:19:59,hit_779_20260730_161959.csv,512,DEFECT,HIGH,0,24,113,235,500000,4928226,3762645,-4928226,4828.6,,307,-72,坏棒 总长1002 任意重度 塑料头 307
780,16:20:00,hit_780_20260730_162000.csv,512,DEFECT,HIGH,0,26,114,252,500000,5189527,4042651,-5189527,-140411.3,,307,-55,坏棒 总长1002 任意重度 塑料头 307
781,16:20:00,hit_781_20260730_162000.csv,512,DEFECT,HIGH,0,40,114,388,500000,4460287,3170700,-4460287,-390402.5,,307,81,坏棒 总长1002 任意重度 塑料头 307
782,16:20:00,hit_782_20260730_162000.csv,512,DEFECT,HIGH,0,37,115,355,500000,3633867,3633867,-3406004,-263799.4,,307,48,坏棒 总长1002 任意重度 塑料头 307
783,16:20:01,hit_783_20260730_162001.csv,512,DEFECT,HIGH,0,29,115,278,500000,5441815,3438210,-5441815,-618610.3,,307,-29,坏棒 总长1002 任意重度 塑料头 307
784,16:20:02,hit_784_20260730_162002.csv,512,DEFECT,HIGH,0,31,117,292,500000,5459495,3748888,-5459495,-440592.4,,307,-15,坏棒 总长1002 任意重度 塑料头 307
785,16:20:02,hit_785_20260730_162002.csv,512,DEFECT,HIGH,0,25,113,245,500000,5015119,4947958,-5015119,386801.6,,307,-62,坏棒 总长1002 任意重度 塑料头 307
786,16:20:02,hit_786_20260730_162002.csv,512,DEFECT,HIGH,0,27,114,262,500000,5375453,3928925,-5375453,-145929.1,,307,-45,坏棒 总长1002 任意重度 塑料头 307
787,16:20:02,hit_787_20260730_162002.csv,512,DEFECT,HIGH,0,27,114,262,500000,5291888,3822891,-5291888,-199838.4,,307,-45,坏棒 总长1002 任意重度 塑料头 307
788,16:20:03,hit_788_20260730_162003.csv,512,DEFECT,HIGH,0,29,114,281,500000,5737338,3993620,-5737338,-228555.4,,307,-26,坏棒 总长1002 任意重度 塑料头 307
789,16:20:03,hit_789_20260730_162003.csv,512,DEFECT,HIGH,0,37,117,349,500000,3673902,3673902,-3432119,-293412.2,,307,42,坏棒 总长1002 任意重度 塑料头 307
790,16:20:03,hit_790_20260730_162003.csv,512,DEFECT,HIGH,0,28,114,271,500000,5443829,3812123,-5443829,-325278.1,,307,-36,坏棒 总长1002 任意重度 塑料头 307
791,16:20:04,hit_791_20260730_162004.csv,512,DEFECT,HIGH,0,29,116,276,500000,5410575,3694345,-5410575,-364928.9,,307,-31,坏棒 总长1002 任意重度 塑料头 307
792,16:20:04,hit_792_20260730_162004.csv,512,DEFECT,HIGH,0,29,114,281,500000,5067888,3532131,-5067888,-498087.1,,307,-26,坏棒 总长1002 任意重度 塑料头 307
793,16:20:04,hit_793_20260730_162004.csv,512,DEFECT,HIGH,0,29,115,278,500000,5577957,3747802,-5577957,-459058.9,,307,-29,坏棒 总长1002 任意重度 塑料头 307
794,16:20:04,hit_794_20260730_162004.csv,512,DEFECT,HIGH,0,29,114,281,500000,5519847,3606073,-5519847,-489145.2,,307,-26,坏棒 总长1002 任意重度 塑料头 307
795,16:20:05,hit_795_20260730_162005.csv,512,DEFECT,HIGH,0,26,112,257,500000,5230398,4126578,-5230398,11155.2,,307,-50,坏棒 总长1002 任意重度 塑料头 307
796,16:20:05,hit_796_20260730_162005.csv,512,DEFECT,HIGH,0,29,113,284,500000,5026210,3564461,-5026210,-525528.2,,307,-23,坏棒 总长1002 任意重度 塑料头 307
797,16:20:05,hit_797_20260730_162005.csv,512,DEFECT,HIGH,0,30,116,285,500000,5687218,3547715,-5687218,-547294.3,,307,-22,坏棒 总长1002 任意重度 塑料头 307
798,16:20:06,hit_798_20260730_162006.csv,512,DEFECT,HIGH,0,29,113,284,500000,5694746,3956782,-5694746,-282080.7,,307,-23,坏棒 总长1002 任意重度 塑料头 307
799,16:20:06,hit_799_20260730_162006.csv,512,DEFECT,HIGH,0,25,112,247,500000,5140404,4264715,-5140404,93156.4,,307,-60,坏棒 总长1002 任意重度 塑料头 307
800,16:20:06,hit_800_20260730_162006.csv,512,DEFECT,HIGH,0,27,113,264,500000,5489735,4202544,-5489735,-33634.6,,307,-43,坏棒 总长1002 任意重度 塑料头 307
801,16:20:06,hit_801_20260730_162006.csv,512,DEFECT,HIGH,0,28,115,269,500000,5316851,3620477,-5316851,-366594.3,,307,-38,坏棒 总长1002 任意重度 塑料头 307
802,16:20:07,hit_802_20260730_162007.csv,512,DEFECT,HIGH,0,27,114,262,500000,5364995,3903340,-5364995,-76619.5,,307,-45,坏棒 总长1002 任意重度 塑料头 307
803,16:20:07,hit_803_20260730_162007.csv,512,DEFECT,HIGH,0,28,115,269,500000,5469933,3860796,-5469933,-169561.9,,307,-38,坏棒 总长1002 任意重度 塑料头 307
804,16:20:07,hit_804_20260730_162007.csv,512,DEFECT,HIGH,0,50,116,476,500000,5332009,3793820,-5332009,-500595.7,,307,169,坏棒 总长1002 任意重度 塑料头 307
805,16:20:07,hit_805_20260730_162007.csv,512,DEFECT,HIGH,0,29,114,281,500000,5603277,3908587,-5603277,-297986.1,,307,-26,坏棒 总长1002 任意重度 塑料头 307
806,16:20:08,hit_806_20260730_162008.csv,512,DEFECT,HIGH,0,29,113,284,500000,5722069,3961058,-5722069,-328300.3,,307,-23,坏棒 总长1002 任意重度 塑料头 307
807,16:20:08,hit_807_20260730_162008.csv,512,DEFECT,HIGH,0,26,113,254,500000,5321951,4105710,-5321951,-57063.4,,307,-53,坏棒 总长1002 任意重度 塑料头 307
808,16:20:08,hit_808_20260730_162008.csv,512,DEFECT,HIGH,0,28,113,274,500000,5560446,4064370,-5560446,-278953.5,,307,-33,坏棒 总长1002 任意重度 塑料头 307
809,16:20:09,hit_809_20260730_162009.csv,512,DEFECT,HIGH,0,28,114,271,500000,5300671,3632966,-5300671,-437539.5,,307,-36,坏棒 总长1002 任意重度 塑料头 307
810,16:20:09,hit_810_20260730_162009.csv,512,DEFECT,HIGH,0,30,114,291,500000,5674551,3885161,-5674551,-437342.0,,307,-16,坏棒 总长1002 任意重度 塑料头 307
811,16:20:09,hit_811_20260730_162009.csv,512,DEFECT,HIGH,0,45,115,432,500000,5240998,3487239,-5240998,-458984.5,,307,125,坏棒 总长1002 任意重度 塑料头 307
812,16:20:09,hit_812_20260730_162009.csv,512,DEFECT,HIGH,0,25,111,250,500000,5189573,4186610,-5189573,-140317.6,,307,-57,坏棒 总长1002 任意重度 塑料头 307
813,16:20:10,hit_813_20260730_162010.csv,512,DEFECT,HIGH,0,30,115,288,500000,5714018,3795609,-5714018,-383272.0,,307,-19,坏棒 总长1002 任意重度 塑料头 307
814,16:20:10,hit_814_20260730_162010.csv,512,DEFECT,HIGH,0,27,113,264,500000,5383115,4144104,-5383115,-215338.8,,307,-43,坏棒 总长1002 任意重度 塑料头 307
815,16:20:10,hit_815_20260730_162010.csv,512,DEFECT,HIGH,0,24,111,240,500000,5084811,4179385,-5084811,7289.6,,307,-67,坏棒 总长1002 任意重度 塑料头 307
816,16:20:10,hit_816_20260730_162010.csv,512,DEFECT,HIGH,0,26,113,254,500000,5173266,3735700,-5173266,-280279.2,,307,-53,坏棒 总长1002 任意重度 塑料头 307
817,16:20:11,hit_817_20260730_162011.csv,512,DEFECT,HIGH,0,26,112,257,500000,5336818,4203099,-5336818,-68651.0,,307,-50,坏棒 总长1002 任意重度 塑料头 307
818,16:20:11,hit_818_20260730_162011.csv,512,DEFECT,HIGH,0,25,112,247,500000,5039117,3778246,-5039117,-301963.8,,307,-60,坏棒 总长1002 任意重度 塑料头 307
819,16:20:11,hit_819_20260730_162011.csv,512,DEFECT,HIGH,0,27,111,270,500000,5291220,4112881,-5291220,-160025.0,,307,-37,坏棒 总长1002 任意重度 塑料头 307
820,16:20:12,hit_820_20260730_162012.csv,512,DEFECT,HIGH,0,26,113,254,500000,5286953,4224899,-5286953,-96111.8,,307,-53,坏棒 总长1002 任意重度 塑料头 307
821,16:20:12,hit_821_20260730_162012.csv,512,DEFECT,HIGH,0,30,115,288,500000,5607190,3673895,-5607190,-545470.1,,307,-19,坏棒 总长1002 任意重度 塑料头 307
822,16:20:12,hit_822_20260730_162012.csv,512,DEFECT,HIGH,0,28,113,274,500000,5513041,4165890,-5513041,-216940.6,,307,-33,坏棒 总长1002 任意重度 塑料头 307
823,16:20:12,hit_823_20260730_162012.csv,512,DEFECT,HIGH,0,30,113,294,500000,5841271,3902262,-5841271,-364394.4,,307,-13,坏棒 总长1002 任意重度 塑料头 307
824,16:20:13,hit_824_20260730_162013.csv,512,DEFECT,HIGH,0,24,111,240,500000,4818902,4732578,-4818902,322867.2,,307,-67,坏棒 总长1002 任意重度 塑料头 307
825,16:20:13,hit_825_20260730_162013.csv,512,DEFECT,HIGH,0,25,112,247,500000,5190231,4299833,-5190231,130941.9,,307,-60,坏棒 总长1002 任意重度 塑料头 307
826,16:20:13,hit_826_20260730_162013.csv,512,DEFECT,HIGH,0,29,114,281,500000,5568130,3993621,-5568130,-229765.2,,307,-26,坏棒 总长1002 任意重度 塑料头 307
827,16:20:14,hit_827_20260730_162014.csv,512,DEFECT,HIGH,0,29,113,284,500000,5614746,4121535,-5614746,-135199.9,,307,-23,坏棒 总长1002 任意重度 塑料头 307
828,16:20:14,hit_828_20260730_162014.csv,512,DEFECT,HIGH,0,27,114,262,500000,5287871,3957850,-5287871,-100794.1,,307,-45,坏棒 总长1002 任意重度 塑料头 307
829,16:20:14,hit_829_20260730_162014.csv,512,DEFECT,HIGH,0,27,112,267,500000,5402759,4548918,-5402759,655.2,,307,-40,坏棒 总长1002 任意重度 塑料头 307
830,16:20:15,hit_830_20260730_162015.csv,512,DEFECT,HIGH,0,25,111,250,500000,5130606,4808494,-5130606,178378.5,,307,-57,坏棒 总长1002 任意重度 塑料头 307
831,16:20:15,hit_831_20260730_162015.csv,512,DEFECT,HIGH,0,27,112,267,500000,5341211,4533767,-5341211,87097.4,,307,-40,坏棒 总长1002 任意重度 塑料头 307
832,16:20:16,hit_832_20260730_162016.csv,512,DEFECT,HIGH,0,28,113,274,500000,5356663,3700917,-5356663,-510203.9,,307,-33,坏棒 总长1002 任意重度 塑料头 307
833,16:20:16,hit_833_20260730_162016.csv,512,DEFECT,HIGH,0,28,111,280,500000,5545191,3886637,-5545191,-422276.3,,307,-27,坏棒 总长1002 任意重度 塑料头 307
834,16:20:16,hit_834_20260730_162016.csv,512,DEFECT,HIGH,0,31,115,298,500000,5420979,3666531,-5420979,-485212.3,,307,-9,坏棒 总长1002 任意重度 塑料头 307
835,16:20:17,hit_835_20260730_162017.csv,512,DEFECT,HIGH,0,26,111,260,500000,5249025,3950822,-5249025,-324415.2,,307,-47,坏棒 总长1002 任意重度 塑料头 307
836,16:20:17,hit_836_20260730_162017.csv,512,DEFECT,HIGH,0,33,115,317,500000,5521648,4066362,-5521648,-710360.5,,307,10,坏棒 总长1002 任意重度 塑料头 307
837,16:20:18,hit_837_20260730_162018.csv,512,DEFECT,HIGH,0,32,113,313,500000,5533358,4233849,-5533358,-654609.1,,307,6,坏棒 总长1002 任意重度 塑料头 307
838,16:20:18,hit_838_20260730_162018.csv,512,DEFECT,HIGH,0,27,110,272,500000,5274983,4429011,-5274983,-184151.3,,307,-35,坏棒 总长1002 任意重度 塑料头 307
839,16:20:19,hit_839_20260730_162019.csv,512,DEFECT,HIGH,0,31,111,310,500000,5819691,4158542,-5819691,-593775.9,,307,3,坏棒 总长1002 任意重度 塑料头 307
840,16:20:19,hit_840_20260730_162019.csv,512,DEFECT,HIGH,0,35,121,318,500000,5743213,3644492,-5743213,-601847.7,,307,11,坏棒 总长1002 任意重度 塑料头 307
841,16:20:20,hit_841_20260730_162020.csv,512,DEFECT,HIGH,0,31,116,295,500000,5582879,4392053,-5582879,-204833.8,,307,-12,坏棒 总长1002 任意重度 塑料头 307
842,16:20:20,hit_842_20260730_162020.csv,512,DEFECT,HIGH,0,24,110,242,500000,5126909,4726844,-5126909,200968.0,,307,-65,坏棒 总长1002 任意重度 塑料头 307
843,16:20:20,hit_843_20260730_162020.csv,512,DEFECT,HIGH,0,26,113,254,500000,5237699,4054412,-5237699,10816.6,,307,-53,坏棒 总长1002 任意重度 塑料头 307
844,16:20:21,hit_844_20260730_162021.csv,512,DEFECT,HIGH,0,27,110,272,500000,5313268,4315568,-5313268,-249916.1,,307,-35,坏棒 总长1002 任意重度 塑料头 307
845,16:20:21,hit_845_20260730_162021.csv,512,DEFECT,HIGH,0,27,113,264,500000,5210088,4660377,-5210088,110972.2,,307,-43,坏棒 总长1002 任意重度 塑料头 307
846,16:20:22,hit_846_20260730_162022.csv,512,DEFECT,HIGH,0,33,116,314,500000,6051596,3890267,-6051596,-564119.4,,307,7,坏棒 总长1002 任意重度 塑料头 307
847,16:20:22,hit_847_20260730_162022.csv,512,DEFECT,HIGH,0,30,115,288,500000,5752525,4090820,-5752525,-374960.8,,307,-19,坏棒 总长1002 任意重度 塑料头 307
848,16:20:22,hit_848_20260730_162022.csv,512,DEFECT,HIGH,0,28,115,269,500000,5393585,4723381,-5393585,-7274.4,,307,-38,坏棒 总长1002 任意重度 塑料头 307
849,16:20:23,hit_849_20260730_162023.csv,512,DEFECT,HIGH,0,24,109,244,500000,4940065,4340535,-4940065,-31021.4,,307,-63,坏棒 总长1002 任意重度 塑料头 307
850,16:20:23,hit_850_20260730_162023.csv,512,DEFECT,HIGH,0,70,110,595,500000,5126277,5126277,-3673481,543440.9,,307,288,坏棒 总长1002 任意重度 塑料头 307
851,16:20:24,hit_851_20260730_162024.csv,512,DEFECT,HIGH,0,25,109,255,500000,5028185,4525205,-5028185,-4055.4,,307,-52,坏棒 总长1002 任意重度 塑料头 307
852,16:20:24,hit_852_20260730_162024.csv,512,DEFECT,HIGH,0,27,113,264,500000,5408082,4132175,-5408082,-11317.2,,307,-43,坏棒 总长1002 任意重度 塑料头 307
853,16:20:25,hit_853_20260730_162025.csv,512,DEFECT,HIGH,0,28,115,269,500000,5392858,3875830,-5392858,-131716.7,,307,-38,坏棒 总长1002 任意重度 塑料头 307
854,16:20:25,hit_854_20260730_162025.csv,512,DEFECT,HIGH,0,22,114,213,500000,4545286,4479987,-4545286,355067.6,,307,-94,坏棒 总长1002 任意重度 塑料头 307
855,16:20:25,hit_855_20260730_162025.csv,512,DEFECT,HIGH,0,24,115,230,500000,4799399,4521295,-4799399,211992.0,,307,-77,坏棒 总长1002 任意重度 塑料头 307
856,16:20:26,hit_856_20260730_162026.csv,512,DEFECT,HIGH,0,29,114,281,500000,5657971,4116774,-5657971,-67437.2,,307,-26,坏棒 总长1002 任意重度 塑料头 307
857,16:20:26,hit_857_20260730_162026.csv,512,DEFECT,HIGH,0,26,111,260,500000,5388474,4325684,-5388474,-25204.5,,307,-47,坏棒 总长1002 任意重度 塑料头 307
858,16:20:26,hit_858_20260730_162026.csv,512,DEFECT,HIGH,0,46,116,438,500000,4971008,3486028,-4971008,-461528.7,,307,131,坏棒 总长1002 任意重度 塑料头 307
859,16:20:27,hit_859_20260730_162027.csv,512,DEFECT,HIGH,0,27,111,270,500000,5316416,4295714,-5316416,-103609.1,,307,-37,坏棒 总长1002 任意重度 塑料头 307
860,16:20:27,hit_860_20260730_162027.csv,512,DEFECT,HIGH,0,24,109,244,500000,4787467,4489561,-4787467,-82231.7,,307,-63,坏棒 总长1002 任意重度 塑料头 307
861,16:20:27,hit_861_20260730_162027.csv,512,DEFECT,HIGH,0,22,108,226,500000,4760578,4760578,-4686533,189091.3,,307,-81,坏棒 总长1002 任意重度 塑料头 307
862,16:20:28,hit_862_20260730_162028.csv,512,DEFECT,HIGH,0,24,109,244,500000,4899364,4234424,-4899364,-108443.1,,307,-63,坏棒 总长1002 任意重度 塑料头 307
863,16:20:28,hit_863_20260730_162028.csv,512,DEFECT,HIGH,0,62,117,584,500000,6112619,4338265,-6112619,-586387.3,,307,277,坏棒 总长1002 任意重度 塑料头 307
864,16:20:28,hit_864_20260730_162028.csv,512,DEFECT,HIGH,0,24,111,240,500000,4848133,4687563,-4848133,209683.1,,307,-67,坏棒 总长1002 任意重度 塑料头 307
865,16:20:29,hit_865_20260730_162029.csv,512,DEFECT,HIGH,0,25,112,247,500000,4883757,4815077,-4883757,169033.4,,307,-60,坏棒 总长1002 任意重度 塑料头 307
866,16:20:29,hit_866_20260730_162029.csv,512,DEFECT,HIGH,0,25,113,245,500000,5025050,3966301,-5025050,70884.8,,307,-62,坏棒 总长1002 任意重度 塑料头 307
867,16:20:29,hit_867_20260730_162029.csv,512,DEFECT,HIGH,0,27,115,259,500000,5153021,3774520,-5153021,-15962.8,,307,-48,坏棒 总长1002 任意重度 塑料头 307
868,16:20:30,hit_868_20260730_162030.csv,512,DEFECT,HIGH,0,27,113,264,500000,5404991,4516319,-5404991,102971.5,,307,-43,坏棒 总长1002 任意重度 塑料头 307
869,16:20:30,hit_869_20260730_162030.csv,512,DEFECT,HIGH,0,28,113,274,500000,5447535,4280029,-5447535,-67008.4,,307,-33,坏棒 总长1002 任意重度 塑料头 307
870,16:20:30,hit_870_20260730_162030.csv,512,DEFECT,HIGH,0,27,111,270,500000,4777415,4777415,-4140809,77492.0,,307,-37,坏棒 总长1002 任意重度 塑料头 307
871,16:20:30,hit_871_20260730_162030.csv,512,DEFECT,HIGH,0,65,113,477,500000,4672225,4672225,-4093482,99092.8,,307,170,坏棒 总长1002 任意重度 塑料头 307
872,16:20:31,hit_872_20260730_162031.csv,512,DEFECT,HIGH,0,30,111,300,500000,5410551,3897511,-5410551,-609788.7,,307,-7,坏棒 总长1002 任意重度 塑料头 307
873,16:20:31,hit_873_20260730_162031.csv,512,DEFECT,HIGH,0,56,121,509,500000,5522128,4132877,-5522128,-664772.2,,307,202,坏棒 总长1002 任意重度 塑料头 307
874,16:20:31,hit_874_20260730_162031.csv,512,DEFECT,HIGH,0,25,111,250,500000,5042323,5021438,-5042323,204506.9,,307,-57,坏棒 总长1002 任意重度 塑料头 307
875,16:20:32,hit_875_20260730_162032.csv,512,DEFECT,HIGH,0,26,112,257,500000,5389923,4673239,-5389923,45566.8,,307,-50,坏棒 总长1002 任意重度 塑料头 307
876,16:20:32,hit_876_20260730_162032.csv,512,DEFECT,HIGH,0,27,112,267,500000,5455890,4490143,-5455890,8563.1,,307,-40,坏棒 总长1002 任意重度 塑料头 307
877,16:20:33,hit_877_20260730_162033.csv,512,DEFECT,HIGH,0,30,109,306,500000,4393306,4393306,-3797615,-74805.6,,307,-1,坏棒 总长1002 任意重度 塑料头 307
878,16:20:33,hit_878_20260730_162033.csv,512,DEFECT,HIGH,0,30,110,303,500000,5774096,4079414,-5774096,-648225.5,,307,-4,坏棒 总长1002 任意重度 塑料头 307
879,16:20:33,hit_879_20260730_162033.csv,512,DEFECT,HIGH,0,27,111,270,500000,5283980,4231801,-5283980,-87509.9,,307,-37,坏棒 总长1002 任意重度 塑料头 307
880,16:20:34,hit_880_20260730_162034.csv,512,DEFECT,HIGH,0,34,118,317,500000,5945247,3919742,-5945247,-477668.1,,307,10,坏棒 总长1002 任意重度 塑料头 307
881,16:20:34,hit_881_20260730_162034.csv,512,DEFECT,HIGH,0,26,111,260,500000,5195937,3723334,-5195937,-354796.1,,307,-47,坏棒 总长1002 任意重度 塑料头 307
882,16:20:34,hit_882_20260730_162034.csv,512,DEFECT,HIGH,0,59,108,608,500000,4812109,4121537,-4812109,-533620.8,,307,301,坏棒 总长1002 任意重度 塑料头 307
883,16:20:35,hit_883_20260730_162035.csv,512,DEFECT,HIGH,0,34,120,311,500000,5917786,3758584,-5917786,-544130.6,,307,4,坏棒 总长1002 任意重度 塑料头 307
884,16:20:35,hit_884_20260730_162035.csv,512,DEFECT,HIGH,0,28,116,266,500000,5413641,3327273,-5413641,-455920.8,,307,-41,坏棒 总长1002 任意重度 塑料头 307
885,16:20:36,hit_885_20260730_162036.csv,512,DEFECT,HIGH,0,25,116,238,500000,4907756,3555098,-4907756,-175929.8,,307,-69,坏棒 总长1002 任意重度 塑料头 307
886,16:20:36,hit_886_20260730_162036.csv,512,DEFECT,HIGH,0,28,114,271,500000,5486016,4696942,-5486016,72232.6,,307,-36,坏棒 总长1002 任意重度 塑料头 307
887,16:20:36,hit_887_20260730_162036.csv,512,DEFECT,HIGH,0,74,112,623,500000,5403540,4668081,-5403540,177040.9,,307,316,坏棒 总长1002 任意重度 塑料头 307
888,16:20:37,hit_888_20260730_162037.csv,512,DEFECT,HIGH,0,27,114,262,500000,5333047,4725200,-5333047,165659.6,,307,-45,坏棒 总长1002 任意重度 塑料头 307
889,16:20:37,hit_889_20260730_162037.csv,512,DEFECT,HIGH,0,28,112,277,500000,5449328,4349549,-5449328,61879.3,,307,-30,坏棒 总长1002 任意重度 塑料头 307
890,16:20:37,hit_890_20260730_162037.csv,512,DEFECT,HIGH,0,26,112,257,500000,5230349,5230349,-5144759,437075.1,,307,-50,坏棒 总长1002 任意重度 塑料头 307
891,16:20:37,hit_891_20260730_162037.csv,512,DEFECT,HIGH,0,29,113,284,500000,5687312,4758137,-5687312,97031.0,,307,-23,坏棒 总长1002 任意重度 塑料头 307
892,16:20:38,hit_892_20260730_162038.csv,512,DEFECT,HIGH,0,69,109,591,500000,6355574,6355574,-4254752,1143284.1,,307,284,坏棒 总长1002 任意重度 塑料头 307
893,16:20:38,hit_893_20260730_162038.csv,512,DEFECT,HIGH,0,25,111,250,500000,5875716,5875716,-5142096,481286.3,,307,-57,坏棒 总长1002 任意重度 塑料头 307
894,16:20:38,hit_894_20260730_162038.csv,512,DEFECT,HIGH,0,24,112,237,500000,5300593,5300593,-4855098,343451.6,,307,-70,坏棒 总长1002 任意重度 塑料头 307
895,16:20:39,hit_895_20260730_162039.csv,512,DEFECT,HIGH,0,23,110,232,500000,5490442,5490442,-4712447,444317.7,,307,-75,坏棒 总长1002 任意重度 塑料头 307
896,16:20:39,hit_896_20260730_162039.csv,512,DEFECT,HIGH,0,27,112,267,500000,5531164,4517347,-5531164,139440.4,,307,-40,坏棒 总长1002 任意重度 塑料头 307
897,16:20:39,hit_897_20260730_162039.csv,512,DEFECT,HIGH,0,26,111,260,500000,5228467,4554131,-5228467,176312.3,,307,-47,坏棒 总长1002 任意重度 塑料头 307
898,16:20:40,hit_898_20260730_162040.csv,512,DEFECT,HIGH,0,25,118,221,500000,4878185,4487693,-4878185,-47252.9,,307,-86,坏棒 总长1002 任意重度 塑料头 307
899,16:20:40,hit_899_20260730_162040.csv,512,DEFECT,HIGH,0,23,118,203,500000,4584935,4460774,-4584935,-127577.8,,307,-104,坏棒 总长1002 任意重度 塑料头 307
900,16:20:40,hit_900_20260730_162040.csv,512,DEFECT,HIGH,0,28,112,277,500000,5393380,4308197,-5393380,-37849.2,,307,-30,坏棒 总长1002 任意重度 塑料头 307
901,16:20:40,hit_901_20260730_162040.csv,512,DEFECT,HIGH,0,25,110,252,500000,5531608,5531608,-5036463,453683.7,,307,-55,坏棒 总长1002 任意重度 塑料头 307
902,16:20:41,hit_902_20260730_162041.csv,512,DEFECT,HIGH,0,28,112,277,500000,5589425,4989543,-5589425,47262.2,,307,-30,坏棒 总长1002 任意重度 塑料头 307
903,16:20:41,hit_903_20260730_162041.csv,512,DEFECT,HIGH,0,25,111,250,500000,5264969,5264969,-5011341,394716.2,,307,-57,坏棒 总长1002 任意重度 塑料头 307
904,16:20:41,hit_904_20260730_162041.csv,512,DEFECT,HIGH,0,27,113,264,500000,5454975,4354143,-5454975,-54365.6,,307,-43,坏棒 总长1002 任意重度 塑料头 307
905,16:20:42,hit_905_20260730_162042.csv,512,DEFECT,HIGH,0,25,113,245,500000,4964839,4773118,-4964839,304129.6,,307,-62,坏棒 总长1002 任意重度 塑料头 307
906,16:20:42,hit_906_20260730_162042.csv,512,DEFECT,HIGH,0,28,113,274,500000,5554261,4250137,-5554261,51358.3,,307,-33,坏棒 总长1002 任意重度 塑料头 307
907,16:20:42,hit_907_20260730_162042.csv,512,DEFECT,HIGH,0,27,112,267,500000,5383253,4652002,-5383253,140570.5,,307,-40,坏棒 总长1002 任意重度 塑料头 307
908,16:20:42,hit_908_20260730_162042.csv,512,DEFECT,HIGH,0,71,111,600,500000,4974645,4974645,-4866091,539808.8,,307,293,坏棒 总长1002 任意重度 塑料头 307
909,16:20:43,hit_909_20260730_162043.csv,512,DEFECT,HIGH,0,25,111,250,500000,5275617,5275617,-5106849,253065.0,,307,-57,坏棒 总长1002 任意重度 塑料头 307
910,16:20:43,hit_910_20260730_162043.csv,512,DEFECT,HIGH,0,23,110,232,500000,5859760,5859760,-4643583,522478.7,,307,-75,坏棒 总长1002 任意重度 塑料头 307
911,16:20:43,hit_911_20260730_162043.csv,512,DEFECT,HIGH,0,59,121,536,500000,4640618,4190515,-4640618,-542569.2,,307,229,坏棒 总长1002 任意重度 塑料头 307
912,16:20:44,hit_912_20260730_162044.csv,512,DEFECT,HIGH,0,25,108,257,500000,4995019,4250719,-4995019,-333927.6,,307,-50,坏棒 总长1002 任意重度 塑料头 307
913,16:20:44,hit_913_20260730_162044.csv,512,DEFECT,HIGH,0,86,113,843,500000,5135838,4589876,-5135838,18413.4,,307,536,坏棒 总长1002 任意重度 塑料头 307
914,16:20:44,hit_914_20260730_162044.csv,512,DEFECT,HIGH,0,26,108,268,500000,5223583,4272974,-5223583,-366373.1,,307,-39,坏棒 总长1002 任意重度 塑料头 307
915,16:20:44,hit_915_20260730_162044.csv,512,DEFECT,HIGH,0,29,111,290,500000,5413522,4083496,-5413522,-440375.2,,307,-17,坏棒 总长1002 任意重度 塑料头 307
916,16:20:45,hit_916_20260730_162045.csv,512,DEFECT,HIGH,0,29,114,281,500000,5711023,3968685,-5711023,-235128.0,,307,-26,坏棒 总长1002 任意重度 塑料头 307
917,16:20:45,hit_917_20260730_162045.csv,512,DEFECT,HIGH,0,28,114,271,500000,5405176,3776126,-5405176,-327673.6,,307,-36,坏棒 总长1002 任意重度 塑料头 307
918,16:20:45,hit_918_20260730_162045.csv,512,DEFECT,HIGH,0,28,114,271,500000,5567240,4342978,-5567240,-1497.7,,307,-36,坏棒 总长1002 任意重度 塑料头 307
919,16:20:46,hit_919_20260730_162046.csv,512,DEFECT,HIGH,0,29,117,273,500000,5439428,4258479,-5439428,-107643.7,,307,-34,坏棒 总长1002 任意重度 塑料头 307
920,16:20:46,hit_920_20260730_162046.csv,512,DEFECT,HIGH,0,26,117,245,500000,5025217,4275790,-5025217,130268.6,,307,-62,坏棒 总长1002 任意重度 塑料头 307
921,16:20:46,hit_921_20260730_162046.csv,512,DEFECT,HIGH,0,21,113,205,500000,4755603,4755603,-4244964,632827.8,,307,-102,坏棒 总长1002 任意重度 塑料头 307
922,16:20:46,hit_922_20260730_162046.csv,512,DEFECT,HIGH,0,23,114,223,500000,4737349,4737349,-4509454,420618.1,,307,-84,坏棒 总长1002 任意重度 塑料头 307
923,16:20:47,hit_923_20260730_162047.csv,512,DEFECT,HIGH,0,34,117,320,500000,6232720,4172341,-6232720,-478218.8,,307,13,坏棒 总长1002 任意重度 塑料头 307
924,16:20:47,hit_924_20260730_162047.csv,512,DEFECT,HIGH,0,28,112,277,500000,5553045,4138997,-5553045,-127906.1,,307,-30,坏棒 总长1002 任意重度 塑料头 307
925,16:20:47,hit_925_20260730_162047.csv,512,DEFECT,HIGH,0,24,113,235,500000,4972510,4954929,-4972510,209260.2,,307,-72,坏棒 总长1002 任意重度 塑料头 307
926,16:20:47,hit_926_20260730_162047.csv,512,DEFECT,HIGH,0,23,111,230,500000,4974080,4974080,-4584739,145512.2,,307,-77,坏棒 总长1002 任意重度 塑料头 307
927,16:20:48,hit_927_20260730_162048.csv,512,DEFECT,HIGH,0,61,120,559,500000,5991786,3874734,-5991786,-678573.1,,307,252,坏棒 总长1002 任意重度 塑料头 307
928,16:20:48,hit_928_20260730_162048.csv,512,DEFECT,HIGH,0,33,120,302,500000,5918237,3871092,-5918237,-654882.7,,307,-5,坏棒 总长1002 任意重度 塑料头 307
929,16:20:48,hit_929_20260730_162048.csv,512,DEFECT,HIGH,0,24,112,237,500000,5511943,5511943,-4886362,310890.5,,307,-70,坏棒 总长1002 任意重度 塑料头 307
930,16:20:49,hit_930_20260730_162049.csv,512,DEFECT,HIGH,0,33,118,308,500000,3792283,3792283,-3111073,-180665.2,,307,1,坏棒 总长1002 任意重度 塑料头 307
931,16:20:49,hit_931_20260730_162049.csv,512,DEFECT,HIGH,0,25,111,250,500000,4930979,4367121,-4930979,-83107.5,,307,-57,坏棒 总长1002 任意重度 塑料头 307
932,16:20:49,hit_932_20260730_162049.csv,512,DEFECT,HIGH,0,46,112,455,500000,3792742,3674793,-3792742,-561250.6,,307,148,坏棒 总长1002 任意重度 塑料头 307
933,16:20:49,hit_933_20260730_162049.csv,512,DEFECT,HIGH,0,33,115,317,500000,5500454,3856059,-5500454,-778907.9,,307,10,坏棒 总长1002 任意重度 塑料头 307
934,16:20:50,hit_934_20260730_162050.csv,512,DEFECT,HIGH,0,33,115,317,500000,5426206,3737291,-5426206,-704119.4,,307,10,坏棒 总长1002 任意重度 塑料头 307
935,16:20:50,hit_935_20260730_162050.csv,512,DEFECT,HIGH,0,71,109,612,500000,4898626,4898626,-3499542,270486.9,,307,305,坏棒 总长1002 任意重度 塑料头 307
936,16:20:50,hit_936_20260730_162050.csv,512,DEFECT,HIGH,0,30,112,297,500000,5071799,3644264,-5071799,-732367.6,,307,-10,坏棒 总长1002 任意重度 塑料头 307
937,16:20:50,hit_937_20260730_162050.csv,512,DEFECT,HIGH,0,69,109,591,500000,4940967,4940967,-3870004,400964.7,,307,284,坏棒 总长1002 任意重度 塑料头 307
938,16:20:51,hit_938_20260730_162051.csv,512,DEFECT,HIGH,0,34,116,323,500000,5626791,3814034,-5626791,-767422.2,,307,16,坏棒 总长1002 任意重度 塑料头 307
939,16:20:51,hit_939_20260730_162051.csv,512,DEFECT,HIGH,0,32,117,301,500000,5491112,3425126,-5491112,-597695.8,,307,-6,坏棒 总长1002 任意重度 塑料头 307
940,16:20:51,hit_940_20260730_162051.csv,512,DEFECT,HIGH,0,57,119,527,500000,4330579,4063957,-4330579,-502226.5,,307,220,坏棒 总长1002 任意重度 塑料头 307
941,16:20:52,hit_941_20260730_162052.csv,512,DEFECT,HIGH,0,33,117,311,500000,5921529,3874810,-5921529,-483170.9,,307,4,坏棒 总长1002 任意重度 塑料头 307
942,16:20:52,hit_942_20260730_162052.csv,512,DEFECT,HIGH,0,29,117,273,500000,5660250,3768534,-5660250,-372670.3,,307,-34,坏棒 总长1002 任意重度 塑料头 307
943,16:20:52,hit_943_20260730_162052.csv,512,DEFECT,HIGH,0,25,111,250,500000,4924637,4683596,-4924637,54414.5,,307,-57,坏棒 总长1002 任意重度 塑料头 307
944,16:20:53,hit_944_20260730_162053.csv,512,DEFECT,HIGH,0,24,112,237,500000,5036999,4702218,-5036999,92040.8,,307,-70,坏棒 总长1002 任意重度 塑料头 307
945,16:20:53,hit_945_20260730_162053.csv,512,DEFECT,HIGH,0,24,111,240,500000,4784154,3878869,-4784154,-3815.4,,307,-67,坏棒 总长1002 任意重度 塑料头 307
946,16:20:53,hit_946_20260730_162053.csv,512,DEFECT,HIGH,0,27,111,270,500000,5350270,4015208,-5350270,-333019.6,,307,-37,坏棒 总长1002 任意重度 塑料头 307
947,16:20:53,hit_947_20260730_162053.csv,512,DEFECT,HIGH,0,27,112,267,500000,5285969,3920563,-5285969,-267194.6,,307,-40,坏棒 总长1002 任意重度 塑料头 307
948,16:20:54,hit_948_20260730_162054.csv,512,DEFECT,HIGH,0,23,109,234,500000,4791782,3990156,-4791782,-158144.6,,307,-73,坏棒 总长1002 任意重度 塑料头 307
949,16:20:54,hit_949_20260730_162054.csv,512,DEFECT,HIGH,0,31,112,306,500000,5202140,3897981,-5202140,-615672.4,,307,-1,坏棒 总长1002 任意重度 塑料头 307
950,16:20:54,hit_950_20260730_162054.csv,512,DEFECT,HIGH,0,47,122,423,500000,4795846,3630298,-4795846,-381980.2,,307,116,坏棒 总长1002 任意重度 塑料头 307
951,16:20:55,hit_951_20260730_162055.csv,512,DEFECT,HIGH,0,26,113,254,500000,5191999,3812457,-5191999,-78744.6,,307,-53,坏棒 总长1002 任意重度 塑料头 307
952,16:20:55,hit_952_20260730_162055.csv,512,DEFECT,HIGH,0,24,111,240,500000,4924765,4657032,-4924765,338554.0,,307,-67,坏棒 总长1002 任意重度 塑料头 307
953,16:20:55,hit_953_20260730_162055.csv,512,DEFECT,HIGH,0,27,112,267,500000,5314183,4504857,-5314183,33670.8,,307,-40,坏棒 总长1002 任意重度 塑料头 307
954,16:20:55,hit_954_20260730_162055.csv,512,DEFECT,HIGH,0,70,110,595,500000,4711349,4603735,-4711349,351993.8,,307,288,坏棒 总长1002 任意重度 塑料头 307
955,16:20:56,hit_955_20260730_162056.csv,512,DEFECT,HIGH,0,31,114,300,500000,5898853,3808984,-5898853,-527033.4,,307,-7,坏棒 总长1002 任意重度 塑料头 307
956,16:20:56,hit_956_20260730_162056.csv,512,DEFECT,HIGH,0,24,110,242,500000,4988319,4223654,-4988319,-146982.4,,307,-65,坏棒 总长1002 任意重度 塑料头 307
957,16:20:56,hit_957_20260730_162056.csv,512,DEFECT,HIGH,0,42,108,432,500000,4726639,4185975,-4726639,-249693.5,,307,125,坏棒 总长1002 任意重度 塑料头 307
958,16:20:57,hit_958_20260730_162057.csv,512,DEFECT,HIGH,0,25,118,221,500000,4780363,3965106,-4780363,-442818.0,,307,-86,坏棒 总长1002 任意重度 塑料头 307
959,16:20:57,hit_959_20260730_162057.csv,512,DEFECT,HIGH,0,52,111,520,500000,4506818,3815149,-4506818,-536417.8,,307,213,坏棒 总长1002 任意重度 塑料头 307
960,16:20:57,hit_960_20260730_162057.csv,512,DEFECT,HIGH,0,73,110,626,500000,4730356,4730356,-3541060,271974.9,,307,319,坏棒 总长1002 任意重度 塑料头 307
961,16:20:57,hit_961_20260730_162057.csv,512,DEFECT,HIGH,0,29,110,292,500000,5506132,3566179,-5506132,-731866.7,,307,-15,坏棒 总长1002 任意重度 塑料头 307
962,16:20:58,hit_962_20260730_162058.csv,512,NORMAL,HIGH,0,0,112,0,570336,2250253,2250253,-2053584,-120192.5,,307,,坏棒 总长1002 任意重度 塑料头 307
963,16:20:58,hit_963_20260730_162058.csv,512,DEFECT,HIGH,0,28,117,264,500000,4892448,3507441,-4892448,-437443.9,,307,-43,坏棒 总长1002 任意重度 塑料头 307
964,16:20:58,hit_964_20260730_162058.csv,512,DEFECT,HIGH,0,26,113,254,500000,5177863,3800419,-5177863,-246255.8,,307,-53,坏棒 总长1002 任意重度 塑料头 307
965,16:20:58,hit_965_20260730_162058.csv,512,DEFECT,HIGH,0,25,113,245,500000,5077539,3865473,-5077539,-154021.2,,307,-62,坏棒 总长1002 任意重度 塑料头 307
966,16:20:59,hit_966_20260730_162059.csv,512,DEFECT,HIGH,0,24,112,237,500000,4947901,4109972,-4947901,62202.1,,307,-70,坏棒 总长1002 任意重度 塑料头 307
967,16:20:59,hit_967_20260730_162059.csv,512,DEFECT,HIGH,0,26,114,252,500000,5018509,3537530,-5018509,-317948.9,,307,-55,坏棒 总长1002 任意重度 塑料头 307
968,16:20:59,hit_968_20260730_162059.csv,512,DEFECT,HIGH,0,27,114,262,500000,5535775,4288258,-5535775,-111077.3,,307,-45,坏棒 总长1002 任意重度 塑料头 307
969,16:20:59,hit_969_20260730_162059.csv,512,DEFECT,HIGH,0,39,110,393,500000,4000797,4000797,-3233998,-378806.1,,307,86,坏棒 总长1002 任意重度 塑料头 307
970,16:21:00,hit_970_20260730_162100.csv,512,DEFECT,HIGH,0,26,111,260,500000,5200298,3934352,-5200298,-356321.4,,307,-47,坏棒 总长1002 任意重度 塑料头 307
971,16:21:00,hit_971_20260730_162100.csv,512,DEFECT,HIGH,0,23,110,232,500000,4769056,4332926,-4769056,73323.8,,307,-75,坏棒 总长1002 任意重度 塑料头 307
972,16:21:00,hit_972_20260730_162100.csv,512,DEFECT,HIGH,0,25,112,247,500000,5182496,4420759,-5182496,33960.5,,307,-60,坏棒 总长1002 任意重度 塑料头 307
973,16:21:01,hit_973_20260730_162101.csv,512,DEFECT,HIGH,0,26,112,257,500000,5417846,4223212,-5417846,-19345.4,,307,-50,坏棒 总长1002 任意重度 塑料头 307
974,16:21:01,hit_974_20260730_162101.csv,512,DEFECT,HIGH,0,27,113,264,500000,5421017,4398016,-5421017,14430.4,,307,-43,坏棒 总长1002 任意重度 塑料头 307
975,16:21:01,hit_975_20260730_162101.csv,512,DEFECT,HIGH,0,26,113,254,500000,5307595,4220002,-5307595,-3871.1,,307,-53,坏棒 总长1002 任意重度 塑料头 307
976,16:21:01,hit_976_20260730_162101.csv,512,DEFECT,HIGH,0,29,114,281,500000,5637557,4260120,-5637557,-66490.1,,307,-26,坏棒 总长1002 任意重度 塑料头 307
977,16:21:02,hit_977_20260730_162102.csv,512,DEFECT,HIGH,0,27,113,264,500000,5374200,4797119,-5374200,46137.7,,307,-43,坏棒 总长1002 任意重度 塑料头 307
978,16:21:02,hit_978_20260730_162102.csv,512,DEFECT,HIGH,0,32,116,304,500000,5974180,4244592,-5974180,-488171.1,,307,-3,坏棒 总长1002 任意重度 塑料头 307
979,16:21:02,hit_979_20260730_162102.csv,512,DEFECT,HIGH,0,21,108,216,500000,5594285,5594285,-4178603,382869.1,,307,-91,坏棒 总长1002 任意重度 塑料头 307
980,16:21:03,hit_980_20260730_162103.csv,512,DEFECT,HIGH,0,24,111,240,500000,5705584,5705584,-4763548,623814.8,,307,-67,坏棒 总长1002 任意重度 塑料头 307
981,16:21:03,hit_981_20260730_162103.csv,512,DEFECT,HIGH,0,69,109,591,500000,5243193,5243193,-4655828,673775.3,,307,284,坏棒 总长1002 任意重度 塑料头 307
982,16:21:03,hit_982_20260730_162103.csv,512,DEFECT,HIGH,0,26,110,262,500000,4746247,4746247,-3843138,173360.3,,307,-45,坏棒 总长1002 任意重度 塑料头 307
983,16:21:04,hit_983_20260730_162104.csv,512,DEFECT,HIGH,0,24,109,244,500000,4863858,4734116,-4863858,115049.0,,307,-63,坏棒 总长1002 任意重度 塑料头 307
984,16:21:04,hit_984_20260730_162104.csv,512,DEFECT,HIGH,0,25,113,245,500000,5191912,4689982,-5191912,126995.4,,307,-62,坏棒 总长1002 任意重度 塑料头 307
985,16:21:04,hit_985_20260730_162104.csv,512,DEFECT,HIGH,0,28,118,261,500000,5337798,3830346,-5337798,-230928.9,,307,-46,坏棒 总长1002 任意重度 塑料头 307
986,16:21:05,hit_986_20260730_162105.csv,512,DEFECT,HIGH,0,23,114,223,500000,5173669,5173669,-4506692,668551.0,,307,-84,坏棒 总长1002 任意重度 塑料头 307
987,16:21:05,hit_987_20260730_162105.csv,512,DEFECT,HIGH,0,25,116,238,500000,4921191,4364893,-4921191,163188.9,,307,-69,坏棒 总长1002 任意重度 塑料头 307
988,16:21:05,hit_988_20260730_162105.csv,512,DEFECT,HIGH,0,27,114,262,500000,5284328,4311562,-5284328,77886.3,,307,-45,坏棒 总长1002 任意重度 塑料头 307
989,16:21:05,hit_989_20260730_162105.csv,512,DEFECT,HIGH,0,27,111,270,500000,5346888,4317814,-5346888,-164435.5,,307,-37,坏棒 总长1002 任意重度 塑料头 307
990,16:21:06,hit_990_20260730_162106.csv,512,DEFECT,HIGH,0,54,111,540,500000,5472856,4518519,-5472856,-381176.3,,307,233,坏棒 总长1002 任意重度 塑料头 307
991,16:21:06,hit_991_20260730_162106.csv,512,DEFECT,HIGH,0,73,110,626,500000,4572352,4572352,-3983324,102936.5,,307,319,坏棒 总长1002 任意重度 塑料头 307
992,16:21:06,hit_992_20260730_162106.csv,512,DEFECT,HIGH,0,74,112,623,500000,5328952,4946752,-5328952,126645.6,,307,316,坏棒 总长1002 任意重度 塑料头 307
993,16:21:07,hit_993_20260730_162107.csv,512,DEFECT,HIGH,0,23,111,230,500000,5036129,5036129,-4830397,260565.7,,307,-77,坏棒 总长1002 任意重度 塑料头 307
994,16:21:07,hit_994_20260730_162107.csv,512,DEFECT,HIGH,0,24,110,242,500000,5387197,5387197,-4885412,306609.2,,307,-65,坏棒 总长1002 任意重度 塑料头 307
995,16:21:07,hit_995_20260730_162107.csv,512,DEFECT,HIGH,0,25,112,247,500000,5052137,4792458,-5052137,178371.2,,307,-60,坏棒 总长1002 任意重度 塑料头 307
996,16:21:08,hit_996_20260730_162108.csv,512,DEFECT,HIGH,0,29,114,281,500000,5679113,4003563,-5679113,-296793.6,,307,-26,坏棒 总长1002 任意重度 塑料头 307
997,16:21:08,hit_997_20260730_162108.csv,512,DEFECT,HIGH,0,32,110,323,500000,4547452,4362247,-4547452,-228633.3,,307,16,坏棒 总长1002 任意重度 塑料头 307
998,16:21:08,hit_998_20260730_162108.csv,512,DEFECT,HIGH,0,72,111,610,500000,4544181,4544181,-3820169,-13401.9,,307,303,坏棒 总长1002 任意重度 塑料头 307
999,16:21:08,hit_999_20260730_162108.csv,512,DEFECT,HIGH,0,23,108,237,500000,4713966,4494230,-4713966,110757.5,,307,-70,坏棒 总长1002 任意重度 塑料头 307
1000,16:21:09,hit_1000_20260730_162109.csv,512,DEFECT,HIGH,0,24,111,240,500000,4895679,4623184,-4895679,115032.7,,307,-67,坏棒 总长1002 任意重度 塑料头 307
1001,16:21:09,hit_1001_20260730_162109.csv,512,DEFECT,HIGH,0,27,115,259,500000,5312429,3979038,-5312429,-98555.7,,307,-48,坏棒 总长1002 任意重度 塑料头 307
1002,16:21:09,hit_1002_20260730_162109.csv,512,DEFECT,HIGH,0,26,112,257,500000,5186789,4856987,-5186789,343157.3,,307,-50,坏棒 总长1002 任意重度 塑料头 307
1003,16:21:09,hit_1003_20260730_162109.csv,512,DEFECT,HIGH,0,27,112,267,500000,5432269,4256294,-5432269,-78412.5,,307,-40,坏棒 总长1002 任意重度 塑料头 307
1004,16:21:10,hit_1004_20260730_162110.csv,512,DEFECT,HIGH,0,67,116,495,500000,4792625,4792625,-4258972,129503.0,,307,188,坏棒 总长1002 任意重度 塑料头 307
1005,16:21:10,hit_1005_20260730_162110.csv,512,DEFECT,HIGH,0,25,111,250,500000,4744299,4744299,-3875897,90140.9,,307,-57,坏棒 总长1002 任意重度 塑料头 307
1006,16:21:10,hit_1006_20260730_162110.csv,512,DEFECT,HIGH,0,65,117,477,500000,4731328,4731328,-4419578,153871.5,,307,170,坏棒 总长1002 任意重度 塑料头 307
1007,16:21:11,hit_1007_20260730_162111.csv,512,DEFECT,HIGH,0,29,113,284,500000,5562621,4289628,-5562621,-284492.7,,307,-23,坏棒 总长1002 任意重度 塑料头 307
1008,16:21:11,hit_1008_20260730_162111.csv,512,DEFECT,HIGH,0,27,112,267,500000,5288214,3975044,-5288214,-391675.6,,307,-40,坏棒 总长1002 任意重度 塑料头 307
1009,16:21:11,hit_1009_20260730_162111.csv,512,DEFECT,HIGH,0,27,114,262,500000,5393150,4174412,-5393150,103781.5,,307,-45,坏棒 总长1002 任意重度 塑料头 307
1010,16:21:11,hit_1010_20260730_162111.csv,512,DEFECT,HIGH,0,29,115,278,500000,5559394,3967899,-5559394,-180086.4,,307,-29,坏棒 总长1002 任意重度 塑料头 307
1011,16:21:12,hit_1011_20260730_162112.csv,512,DEFECT,HIGH,0,27,114,262,500000,5230976,4272921,-5230976,59343.4,,307,-45,坏棒 总长1002 任意重度 塑料头 307
1012,16:21:12,hit_1012_20260730_162112.csv,512,DEFECT,HIGH,0,26,113,254,500000,5246587,3852914,-5246587,-215405.8,,307,-53,坏棒 总长1002 任意重度 塑料头 307
1013,16:21:12,hit_1013_20260730_162112.csv,512,DEFECT,HIGH,0,27,113,264,500000,5384709,4036770,-5384709,-290925.5,,307,-43,坏棒 总长1002 任意重度 塑料头 307
1014,16:21:13,hit_1014_20260730_162113.csv,512,DEFECT,HIGH,0,26,111,260,500000,5113364,3926301,-5113364,-324223.4,,307,-47,坏棒 总长1002 任意重度 塑料头 307
1015,16:21:13,hit_1015_20260730_162113.csv,512,DEFECT,HIGH,0,71,110,606,500000,4814540,4814540,-3412667,230362.7,,307,299,坏棒 总长1002 任意重度 塑料头 307
1016,16:21:13,hit_1016_20260730_162113.csv,512,DEFECT,HIGH,0,39,116,345,500000,4463484,4463484,-4278579,-101730.9,,307,38,坏棒 总长1002 任意重度 塑料头 307
1017,16:21:13,hit_1017_20260730_162113.csv,512,DEFECT,HIGH,0,23,118,203,500000,4650877,4382359,-4650877,-176650.4,,307,-104,坏棒 总长1002 任意重度 塑料头 307
1018,16:21:14,hit_1018_20260730_162114.csv,512,DEFECT,HIGH,0,56,111,560,500000,4888314,4315536,-4888314,-394409.7,,307,253,坏棒 总长1002 任意重度 塑料头 307
1019,16:21:14,hit_1019_20260730_162114.csv,512,DEFECT,HIGH,0,26,118,230,500000,5161883,4082069,-5161883,-473392.5,,307,-77,坏棒 总长1002 任意重度 塑料头 307
1020,16:21:14,hit_1020_20260730_162114.csv,512,DEFECT,HIGH,0,35,110,353,500000,4412794,4019783,-4412794,-390205.6,,307,46,坏棒 总长1002 任意重度 塑料头 307
1021,16:21:15,hit_1021_20260730_162115.csv,512,DEFECT,HIGH,0,22,109,224,500000,4548238,4414191,-4548238,116000.7,,307,-83,坏棒 总长1002 任意重度 塑料头 307
1022,16:21:15,hit_1022_20260730_162115.csv,512,DEFECT,HIGH,0,26,113,254,500000,5259401,4053662,-5259401,-165985.7,,307,-53,坏棒 总长1002 任意重度 塑料头 307
1023,16:21:15,hit_1023_20260730_162115.csv,512,DEFECT,HIGH,0,32,116,304,500000,5657686,3815061,-5657686,-455279.4,,307,-3,坏棒 总长1002 任意重度 塑料头 307
1024,16:21:15,hit_1024_20260730_162115.csv,512,DEFECT,HIGH,0,23,112,227,500000,5072142,5072142,-4688949,374693.2,,307,-80,坏棒 总长1002 任意重度 塑料头 307
1025,16:21:16,hit_1025_20260730_162116.csv,512,DEFECT,HIGH,0,28,115,269,500000,5568943,4351396,-5568943,-72064.0,,307,-38,坏棒 总长1002 任意重度 塑料头 307
1026,16:21:16,hit_1026_20260730_162116.csv,512,DEFECT,HIGH,0,30,117,283,500000,5555213,3516490,-5555213,-509887.9,,307,-24,坏棒 总长1002 任意重度 塑料头 307
1027,16:21:16,hit_1027_20260730_162116.csv,512,DEFECT,HIGH,0,25,110,252,500000,5109077,4247752,-5109077,-185917.0,,307,-55,坏棒 总长1002 任意重度 塑料头 307
1028,16:21:16,hit_1028_20260730_162116.csv,512,DEFECT,HIGH,0,25,109,255,500000,4831670,3763649,-4831670,-429811.6,,307,-52,坏棒 总长1002 任意重度 塑料头 307
1029,16:21:17,hit_1029_20260730_162117.csv,512,DEFECT,HIGH,0,25,116,221,500000,4530993,3819994,-4530993,-612504.6,,307,-86,坏棒 总长1002 任意重度 塑料头 307
1030,16:21:17,hit_1030_20260730_162117.csv,512,DEFECT,HIGH,0,33,111,330,500000,4378022,3966546,-4378022,-327340.3,,307,23,坏棒 总长1002 任意重度 塑料头 307
1031,16:21:17,hit_1031_20260730_162117.csv,512,DEFECT,HIGH,0,60,108,618,500000,4823949,4823949,-4283003,-518831.5,,307,311,坏棒 总长1002 任意重度 塑料头 307
1032,16:21:18,hit_1032_20260730_162118.csv,512,DEFECT,HIGH,0,58,117,547,500000,5221053,4350730,-5221053,-531930.1,,307,240,坏棒 总长1002 任意重度 塑料头 307
1033,16:21:18,hit_1033_20260730_162118.csv,512,DEFECT,HIGH,0,25,112,247,500000,5147656,4126376,-5147656,-174229.9,,307,-60,坏棒 总长1002 任意重度 塑料头 307
1034,16:21:18,hit_1034_20260730_162118.csv,512,DEFECT,HIGH,0,29,116,276,500000,5607866,4371905,-5607866,-109700.1,,307,-31,坏棒 总长1002 任意重度 塑料头 307
1035,16:21:18,hit_1035_20260730_162118.csv,512,DEFECT,HIGH,0,27,117,254,500000,5327357,4149572,-5327357,-111101.3,,307,-53,坏棒 总长1002 任意重度 塑料头 307
1036,16:21:19,hit_1036_20260730_162119.csv,512,DEFECT,HIGH,0,27,116,257,500000,5113965,3944210,-5113965,14962.9,,307,-50,坏棒 总长1002 任意重度 塑料头 307
1037,16:21:19,hit_1037_20260730_162119.csv,512,DEFECT,HIGH,0,27,116,257,500000,5229396,3960090,-5229396,-196339.5,,307,-50,坏棒 总长1002 任意重度 塑料头 307
1038,16:21:19,hit_1038_20260730_162119.csv,512,DEFECT,HIGH,0,24,114,233,500000,4892968,4157816,-4892968,223393.3,,307,-74,坏棒 总长1002 任意重度 塑料头 307
1039,16:21:19,hit_1039_20260730_162119.csv,512,DEFECT,HIGH,0,30,119,277,500000,5397776,3566808,-5397776,-292200.5,,307,-30,坏棒 总长1002 任意重度 塑料头 307
1040,16:21:20,hit_1040_20260730_162120.csv,512,DEFECT,HIGH,0,28,114,271,500000,5518442,3950712,-5518442,-278747.5,,307,-36,坏棒 总长1002 任意重度 塑料头 307
1041,16:21:20,hit_1041_20260730_162120.csv,512,DEFECT,HIGH,0,21,117,185,500000,4527053,4319004,-4527053,-166296.3,,307,-122,坏棒 总长1002 任意重度 塑料头 307
1042,16:21:20,hit_1042_20260730_162120.csv,512,DEFECT,HIGH,0,24,113,212,500000,4231141,3856886,-4231141,-374566.0,,307,-95,坏棒 总长1002 任意重度 塑料头 307
1043,16:21:20,hit_1043_20260730_162120.csv,512,DEFECT,HIGH,0,47,109,479,500000,4726683,3715921,-4726683,-724720.4,,307,172,坏棒 总长1002 任意重度 塑料头 307
1044,16:21:21,hit_1044_20260730_162121.csv,512,DEFECT,HIGH,0,24,110,242,500000,4728886,3969664,-4728886,-216880.1,,307,-65,坏棒 总长1002 任意重度 塑料头 307
1045,16:21:21,hit_1045_20260730_162121.csv,512,DEFECT,HIGH,0,33,120,302,500000,5839013,3333034,-5839013,-665016.1,,307,-5,坏棒 总长1002 任意重度 塑料头 307
1046,16:21:21,hit_1046_20260730_162121.csv,512,DEFECT,HIGH,0,56,115,538,500000,5464975,4321285,-5464975,-507114.9,,307,231,坏棒 总长1002 任意重度 塑料头 307
1047,16:21:21,hit_1047_20260730_162121.csv,512,DEFECT,HIGH,0,23,111,230,500000,4794850,4314914,-4794850,39143.1,,307,-77,坏棒 总长1002 任意重度 塑料头 307
1048,16:21:22,hit_1048_20260730_162122.csv,512,DEFECT,HIGH,0,30,116,285,500000,5699900,4594996,-5699900,-139801.2,,307,-22,坏棒 总长1002 任意重度 塑料头 307
1049,16:21:22,hit_1049_20260730_162122.csv,512,DEFECT,HIGH,0,26,116,247,500000,5065044,4090809,-5065044,-101210.0,,307,-60,坏棒 总长1002 任意重度 塑料头 307
1050,16:21:22,hit_1050_20260730_162122.csv,512,DEFECT,HIGH,0,28,114,271,500000,5415514,4311199,-5415514,-194111.2,,307,-36,坏棒 总长1002 任意重度 塑料头 307
1051,16:21:23,hit_1051_20260730_162123.csv,512,DEFECT,HIGH,0,29,116,276,500000,5514072,4066689,-5514072,-144316.4,,307,-31,坏棒 总长1002 任意重度 塑料头 307
1052,16:21:23,hit_1052_20260730_162123.csv,512,DEFECT,HIGH,0,29,116,276,500000,5523802,3856438,-5523802,-184912.7,,307,-31,坏棒 总长1002 任意重度 塑料头 307
1053,16:21:23,hit_1053_20260730_162123.csv,512,DEFECT,HIGH,0,32,116,304,500000,6046027,4319745,-6046027,-319541.7,,307,-3,坏棒 总长1002 任意重度 塑料头 307
1054,16:21:23,hit_1054_20260730_162123.csv,512,DEFECT,HIGH,0,28,114,271,500000,5419188,5032089,-5419188,222433.3,,307,-36,坏棒 总长1002 任意重度 塑料头 307
1055,16:21:24,hit_1055_20260730_162124.csv,512,DEFECT,HIGH,0,25,112,247,500000,4984818,4882813,-4984818,289203.4,,307,-60,坏棒 总长1002 任意重度 塑料头 307
1056,16:21:24,hit_1056_20260730_162124.csv,512,DEFECT,HIGH,0,28,114,271,500000,5407335,5106353,-5407335,160663.3,,307,-36,坏棒 总长1002 任意重度 塑料头 307
1057,16:21:24,hit_1057_20260730_162124.csv,512,DEFECT,HIGH,0,73,111,620,500000,5239684,4551200,-5239684,183342.0,,307,313,坏棒 总长1002 任意重度 塑料头 307
1058,16:21:25,hit_1058_20260730_162125.csv,512,DEFECT,HIGH,0,21,116,185,500000,4963321,4963321,-4389891,244450.8,,307,-122,坏棒 总长1002 任意重度 塑料头 307
1059,16:21:25,hit_1059_20260730_162125.csv,512,DEFECT,HIGH,0,47,109,479,500000,4713726,4713726,-4019117,69068.2,,307,172,坏棒 总长1002 任意重度 塑料头 307
1060,16:21:25,hit_1060_20260730_162125.csv,512,DEFECT,HIGH,0,21,116,185,500000,4708432,4708432,-4419826,139288.3,,307,-122,坏棒 总长1002 任意重度 塑料头 307
1061,16:21:26,hit_1061_20260730_162126.csv,512,DEFECT,HIGH,0,24,109,244,500000,4855535,4724821,-4855535,139289.3,,307,-63,坏棒 总长1002 任意重度 塑料头 307
1062,16:21:26,hit_1062_20260730_162126.csv,512,DEFECT,HIGH,0,23,110,232,500000,4972329,4972329,-4708935,271703.1,,307,-75,坏棒 总长1002 任意重度 塑料头 307
1063,16:21:26,hit_1063_20260730_162126.csv,512,DEFECT,HIGH,0,21,109,214,500000,4825558,4825558,-4419691,140199.6,,307,-93,坏棒 总长1002 任意重度 塑料头 307
1064,16:21:26,hit_1064_20260730_162126.csv,512,DEFECT,HIGH,0,24,111,240,500000,4919804,4886379,-4919804,157391.8,,307,-67,坏棒 总长1002 任意重度 塑料头 307
1065,16:21:27,hit_1065_20260730_162127.csv,512,DEFECT,HIGH,0,28,117,264,500000,5386436,4689279,-5386436,54545.7,,307,-43,坏棒 总长1002 任意重度 塑料头 307
1066,16:21:27,hit_1066_20260730_162127.csv,512,DEFECT,HIGH,0,30,117,283,500000,5700791,4261287,-5700791,-161035.6,,307,-24,坏棒 总长1002 任意重度 塑料头 307
1067,16:21:27,hit_1067_20260730_162127.csv,512,DEFECT,HIGH,0,26,113,254,500000,5094558,4577373,-5094558,285423.4,,307,-53,坏棒 总长1002 任意重度 塑料头 307
1068,16:21:27,hit_1068_20260730_162127.csv,512,DEFECT,HIGH,0,27,116,257,500000,5274706,4123628,-5274706,42502.6,,307,-50,坏棒 总长1002 任意重度 塑料头 307
1069,16:21:28,hit_1069_20260730_162128.csv,512,DEFECT,HIGH,0,28,115,269,500000,5448075,4284786,-5448075,-71459.6,,307,-38,坏棒 总长1002 任意重度 塑料头 307
1070,16:21:28,hit_1070_20260730_162128.csv,512,DEFECT,HIGH,0,28,117,264,500000,5469019,4072462,-5469019,-88827.6,,307,-43,坏棒 总长1002 任意重度 塑料头 307
1071,16:21:28,hit_1071_20260730_162128.csv,512,DEFECT,HIGH,0,25,114,242,500000,5008667,4215672,-5008667,88951.3,,307,-65,坏棒 总长1002 任意重度 塑料头 307
1072,16:21:29,hit_1072_20260730_162129.csv,512,DEFECT,HIGH,0,46,115,442,500000,4711510,3387806,-4711510,-546878.3,,307,135,坏棒 总长1002 任意重度 塑料头 307
1073,16:21:29,hit_1073_20260730_162129.csv,512,DEFECT,HIGH,0,23,110,232,500000,4743976,4002420,-4743976,-192887.0,,307,-75,坏棒 总长1002 任意重度 塑料头 307
1074,16:21:29,hit_1074_20260730_162129.csv,512,DEFECT,HIGH,0,25,108,257,500000,5049932,4485440,-5049932,-50141.0,,307,-50,坏棒 总长1002 任意重度 塑料头 307
1075,16:21:29,hit_1075_20260730_162129.csv,512,DEFECT,HIGH,0,23,117,203,500000,4522240,4122633,-4522240,-328097.1,,307,-104,坏棒 总长1002 任意重度 塑料头 307
1076,16:21:30,hit_1076_20260730_162130.csv,512,DEFECT,HIGH,0,72,110,616,500000,5073431,5073431,-3268272,510803.1,,307,309,坏棒 总长1002 任意重度 塑料头 307
1077,16:21:30,hit_1077_20260730_162130.csv,512,DEFECT,HIGH,0,70,109,602,500000,4923048,4923048,-3850471,312536.0,,307,295,坏棒 总长1002 任意重度 塑料头 307
1078,16:21:30,hit_1078_20260730_162130.csv,512,DEFECT,HIGH,0,27,112,267,500000,5241589,4161421,-5241589,-119990.1,,307,-40,坏棒 总长1002 任意重度 塑料头 307
1079,16:21:30,hit_1079_20260730_162130.csv,512,DEFECT,HIGH,0,23,113,225,500000,4432716,3621731,-4432716,-164533.1,,307,-82,坏棒 总长1002 任意重度 塑料头 307
1080,16:21:31,hit_1080_20260730_162131.csv,512,DEFECT,HIGH,0,21,111,210,500000,4250479,3806864,-4250479,-107769.6,,307,-97,坏棒 总长1002 任意重度 塑料头 307
1081,16:21:31,hit_1081_20260730_162131.csv,512,DEFECT,HIGH,0,25,110,252,500000,4769499,3814515,-4769499,-375062.3,,307,-55,坏棒 总长1002 任意重度 塑料头 307
1082,16:21:32,hit_1082_20260730_162132.csv,512,DEFECT,HIGH,0,23,108,237,500000,5192920,5192920,-4899547,222235.9,,307,-70,坏棒 总长1002 任意重度 塑料头 307
1083,16:21:32,hit_1083_20260730_162132.csv,512,DEFECT,HIGH,0,28,111,280,500000,5376770,3933122,-5376770,-412475.4,,307,-27,坏棒 总长1002 任意重度 塑料头 307
1084,16:21:32,hit_1084_20260730_162132.csv,512,DEFECT,HIGH,0,26,110,262,500000,5253180,4187513,-5253180,-234499.4,,307,-45,坏棒 总长1002 任意重度 塑料头 307
1085,16:21:33,hit_1085_20260730_162133.csv,512,DEFECT,HIGH,0,71,109,612,500000,5025080,5025080,-3732849,363049.9,,307,305,坏棒 总长1002 任意重度 塑料头 307
1086,16:21:33,hit_1086_20260730_162133.csv,512,DEFECT,HIGH,0,56,113,549,500000,5624748,4527614,-5624748,-436554.8,,307,242,坏棒 总长1002 任意重度 塑料头 307
1087,16:21:33,hit_1087_20260730_162133.csv,512,DEFECT,HIGH,0,30,110,303,500000,4476390,4476390,-4317211,-54008.7,,307,-4,坏棒 总长1002 任意重度 塑料头 307
1088,16:21:33,hit_1088_20260730_162133.csv,512,DEFECT,HIGH,0,26,110,262,500000,4727868,4727868,-3933627,158358.4,,307,-45,坏棒 总长1002 任意重度 塑料头 307
1089,16:21:34,hit_1089_20260730_162134.csv,512,DEFECT,HIGH,0,40,116,353,500000,4665419,4665419,-4266317,102292.7,,307,46,坏棒 总长1002 任意重度 塑料头 307
1090,16:21:34,hit_1090_20260730_162134.csv,512,DEFECT,HIGH,0,71,110,606,500000,4631040,4631040,-3525058,192766.9,,307,299,坏棒 总长1002 任意重度 塑料头 307
1091,16:21:34,hit_1091_20260730_162134.csv,512,DEFECT,HIGH,0,29,110,292,500000,5544254,3976884,-5544254,-516958.1,,307,-15,坏棒 总长1002 任意重度 塑料头 307
1092,16:21:34,hit_1092_20260730_162134.csv,512,DEFECT,HIGH,0,71,110,606,500000,4684280,4684280,-3733355,181642.6,,307,299,坏棒 总长1002 任意重度 塑料头 307
1093,16:21:35,hit_1093_20260730_162135.csv,512,DEFECT,HIGH,0,27,108,278,500000,5006407,4028769,-5006407,-510554.3,,307,-29,坏棒 总长1002 任意重度 塑料头 307
1094,16:21:35,hit_1094_20260730_162135.csv,512,DEFECT,HIGH,0,32,110,323,500000,4869950,4869950,-3781442,79426.4,,307,16,坏棒 总长1002 任意重度 塑料头 307
1095,16:21:35,hit_1095_20260730_162135.csv,512,DEFECT,HIGH,0,21,116,185,500000,4776485,4776485,-4457284,83123.6,,307,-122,坏棒 总长1002 任意重度 塑料头 307
1096,16:21:35,hit_1096_20260730_162135.csv,512,DEFECT,HIGH,0,32,111,320,500000,4624087,4624087,-4079151,-59339.5,,307,13,坏棒 总长1002 任意重度 塑料头 307
1097,16:21:36,hit_1097_20260730_162136.csv,512,DEFECT,HIGH,0,33,109,336,500000,5182121,5182121,-3756328,316720.1,,307,29,坏棒 总长1002 任意重度 塑料头 307
1098,16:21:36,hit_1098_20260730_162136.csv,512,DEFECT,HIGH,0,31,110,313,500000,4741345,4741345,-3831837,39741.5,,307,6,坏棒 总长1002 任意重度 塑料头 307
1099,16:21:36,hit_1099_20260730_162136.csv,512,DEFECT,HIGH,0,99,113,778,500000,4543480,4543480,-3710720,-52380.4,,307,471,坏棒 总长1002 任意重度 塑料头 307
1100,16:21:37,hit_1100_20260730_162137.csv,512,DEFECT,HIGH,0,47,111,470,500000,4438639,4438639,-3891099,-77177.2,,307,163,坏棒 总长1002 任意重度 塑料头 307
1101,16:21:37,hit_1101_20260730_162137.csv,512,DEFECT,HIGH,0,39,113,345,500000,4642246,4642246,-4170778,15639.2,,307,38,坏棒 总长1002 任意重度 塑料头 307
1102,16:21:37,hit_1102_20260730_162137.csv,512,DEFECT,HIGH,0,29,110,292,500000,5443963,4070835,-5443963,-495630.4,,307,-15,坏棒 总长1002 任意重度 塑料头 307
1103,16:21:37,hit_1103_20260730_162137.csv,512,DEFECT,HIGH,0,24,109,244,500000,4869986,4116793,-4869986,-291222.7,,307,-63,坏棒 总长1002 任意重度 塑料头 307
1104,16:21:38,hit_1104_20260730_162138.csv,512,DEFECT,HIGH,0,29,111,290,500000,5623352,4089060,-5623352,-490375.8,,307,-17,坏棒 总长1002 任意重度 塑料头 307
1105,16:21:38,hit_1105_20260730_162138.csv,512,DEFECT,HIGH,0,25,111,250,500000,5119054,4634468,-5119054,82271.4,,307,-57,坏棒 总长1002 任意重度 塑料头 307
1106,16:21:38,hit_1106_20260730_162138.csv,512,DEFECT,HIGH,0,26,109,265,500000,5206232,4295367,-5206232,-227524.0,,307,-42,坏棒 总长1002 任意重度 塑料头 307
1107,16:21:38,hit_1107_20260730_162138.csv,512,DEFECT,HIGH,0,24,110,242,500000,4841707,4556360,-4841707,43970.3,,307,-65,坏棒 总长1002 任意重度 塑料头 307
1108,16:21:39,hit_1108_20260730_162139.csv,512,DEFECT,HIGH,0,22,118,194,500000,4626192,4175556,-4626192,-237252.3,,307,-113,坏棒 总长1002 任意重度 塑料头 307
1109,16:21:39,hit_1109_20260730_162139.csv,512,DEFECT,HIGH,0,28,112,277,500000,5468208,3892741,-5468208,-430053.7,,307,-30,坏棒 总长1002 任意重度 塑料头 307
1110,16:21:39,hit_1110_20260730_162139.csv,512,DEFECT,HIGH,0,27,110,272,500000,5152825,4137830,-5152825,-396935.2,,307,-35,坏棒 总长1002 任意重度 塑料头 307
1111,16:21:39,hit_1111_20260730_162139.csv,512,DEFECT,HIGH,0,43,111,430,500000,4983762,3523777,-4983762,-483121.8,,307,123,坏棒 总长1002 任意重度 塑料头 307
1112,16:21:40,hit_1112_20260730_162140.csv,512,DEFECT,HIGH,0,25,110,252,500000,5198399,4283644,-5198399,-233470.8,,307,-55,坏棒 总长1002 任意重度 塑料头 307
1113,16:21:40,hit_1113_20260730_162140.csv,512,DEFECT,HIGH,0,22,117,194,500000,4655433,4655433,-4595231,-3587.6,,307,-113,坏棒 总长1002 任意重度 塑料头 307
1114,16:21:40,hit_1114_20260730_162140.csv,512,DEFECT,HIGH,0,23,109,234,500000,4997319,4997319,-4675739,280344.2,,307,-73,坏棒 总长1002 任意重度 塑料头 307
1115,16:21:41,hit_1115_20260730_162141.csv,512,DEFECT,HIGH,0,23,108,237,500000,4722309,4478553,-4722309,-124004.2,,307,-70,坏棒 总长1002 任意重度 塑料头 307
1116,16:21:41,hit_1116_20260730_162141.csv,512,DEFECT,HIGH,0,66,115,486,500000,4787275,4787275,-4250037,241694.7,,307,179,坏棒 总长1002 任意重度 塑料头 307
1117,16:21:45,hit_1117_20260730_162145.csv,512,DEFECT,HIGH,0,28,111,280,500000,5509450,4137471,-5509450,-327595.2,,307,-27,坏棒 总长1002 任意重度 塑料头 307
1118,16:21:46,hit_1118_20260730_162146.csv,512,DEFECT,HIGH,0,25,109,255,500000,5179075,4324953,-5179075,-161450.1,,307,-52,坏棒 总长1002 任意重度 塑料头 307
1119,16:21:46,hit_1119_20260730_162146.csv,512,DEFECT,HIGH,0,29,112,287,500000,5703110,4392853,-5703110,-81763.2,,307,-20,坏棒 总长1002 任意重度 塑料头 307
1120,16:21:46,hit_1120_20260730_162146.csv,512,DEFECT,HIGH,0,22,108,226,500000,4793195,4793195,-4764723,142813.9,,307,-81,坏棒 总长1002 任意重度 塑料头 307
1121,16:21:47,hit_1121_20260730_162147.csv,512,DEFECT,HIGH,0,23,110,232,500000,4792772,4656034,-4792772,306029.3,,307,-75,坏棒 总长1002 任意重度 塑料头 307
1122,16:21:47,hit_1122_20260730_162147.csv,512,DEFECT,HIGH,0,29,113,284,500000,5562816,4465003,-5562816,42781.5,,307,-23,坏棒 总长1002 任意重度 塑料头 307
1123,16:21:47,hit_1123_20260730_162147.csv,512,DEFECT,HIGH,0,25,111,250,500000,5026590,4190001,-5026590,-194730.0,,307,-57,坏棒 总长1002 任意重度 塑料头 307
1124,16:21:47,hit_1124_20260730_162147.csv,512,DEFECT,HIGH,0,23,108,237,500000,4684107,4435400,-4684107,-101194.5,,307,-70,坏棒 总长1002 任意重度 塑料头 307
1125,16:21:48,hit_1125_20260730_162148.csv,512,DEFECT,HIGH,0,31,113,303,500000,4478352,4335061,-4478352,-133402.7,,307,-4,坏棒 总长1002 任意重度 塑料头 307
1126,16:21:48,hit_1126_20260730_162148.csv,512,DEFECT,HIGH,0,35,112,346,500000,4593495,4142243,-4593495,-393384.6,,307,39,坏棒 总长1002 任意重度 塑料头 307
1127,16:21:48,hit_1127_20260730_162148.csv,512,DEFECT,HIGH,0,24,108,247,500000,4699212,4261192,-4699212,-193118.4,,307,-60,坏棒 总长1002 任意重度 塑料头 307
1128,16:21:48,hit_1128_20260730_162148.csv,512,DEFECT,HIGH,0,52,110,525,500000,4926160,4096743,-4926160,-459454.1,,307,218,坏棒 总长1002 任意重度 塑料头 307
1129,16:21:49,hit_1129_20260730_162149.csv,512,DEFECT,HIGH,0,33,109,336,500000,4587065,4587065,-3836697,-13698.6,,307,29,坏棒 总长1002 任意重度 塑料头 307
1130,16:21:49,hit_1130_20260730_162149.csv,512,DEFECT,HIGH,0,40,116,353,500000,4370765,4370765,-4337670,-193689.6,,307,46,坏棒 总长1002 任意重度 塑料头 307
1131,16:21:49,hit_1131_20260730_162149.csv,512,DEFECT,HIGH,0,45,110,454,500000,4656146,4656146,-4011423,8902.0,,307,147,坏棒 总长1002 任意重度 塑料头 307
1132,16:21:49,hit_1132_20260730_162149.csv,512,DEFECT,HIGH,0,26,109,265,500000,5150813,4281473,-5150813,-213722.3,,307,-42,坏棒 总长1002 任意重度 塑料头 307
1133,16:21:50,hit_1133_20260730_162150.csv,512,DEFECT,HIGH,0,27,111,270,500000,5272938,4368177,-5272938,-100728.6,,307,-37,坏棒 总长1002 任意重度 塑料头 307
1134,16:21:50,hit_1134_20260730_162150.csv,512,DEFECT,HIGH,0,28,111,280,500000,5568484,4281825,-5568484,-278842.7,,307,-27,坏棒 总长1002 任意重度 塑料头 307
1135,16:21:50,hit_1135_20260730_162150.csv,512,DEFECT,HIGH,0,27,111,270,500000,5382234,4306751,-5382234,-178988.5,,307,-37,坏棒 总长1002 任意重度 塑料头 307
1136,16:21:50,hit_1136_20260730_162150.csv,512,DEFECT,HIGH,0,22,108,226,500000,4702173,4702173,-4582839,240299.1,,307,-81,坏棒 总长1002 任意重度 塑料头 307
1137,16:21:51,hit_1137_20260730_162151.csv,512,DEFECT,HIGH,0,25,120,221,500000,5129126,4105391,-5129126,-401670.9,,307,-86,坏棒 总长1002 任意重度 塑料头 307
1138,16:21:51,hit_1138_20260730_162151.csv,512,DEFECT,HIGH,0,73,109,632,500000,4640768,4640768,-3825503,34196.8,,307,325,坏棒 总长1002 任意重度 塑料头 307
1139,16:21:51,hit_1139_20260730_162151.csv,512,DEFECT,HIGH,0,27,108,278,500000,4987807,3859340,-4987807,-529884.2,,307,-29,坏棒 总长1002 任意重度 塑料头 307
1140,16:21:51,hit_1140_20260730_162151.csv,512,DEFECT,HIGH,0,75,112,633,500000,4756133,4756133,-4058968,167776.8,,307,326,坏棒 总长1002 任意重度 塑料头 307
1141,16:21:52,hit_1141_20260730_162152.csv,512,DEFECT,HIGH,0,26,111,260,500000,4676143,4676143,-4061338,52884.2,,307,-47,坏棒 总长1002 任意重度 塑料头 307
1142,16:21:52,hit_1142_20260730_162152.csv,512,DEFECT,HIGH,0,25,111,250,500000,4726110,4726110,-4075456,198563.4,,307,-57,坏棒 总长1002 任意重度 塑料头 307
1143,16:21:52,hit_1143_20260730_162152.csv,512,DEFECT,HIGH,0,32,111,320,500000,4720852,4190139,-4720852,-298062.3,,307,13,坏棒 总长1002 任意重度 塑料头 307
1144,16:21:53,hit_1144_20260730_162153.csv,512,DEFECT,HIGH,0,26,110,262,500000,4884965,4884965,-3802886,321335.3,,307,-45,坏棒 总长1002 任意重度 塑料头 307
1145,16:21:53,hit_1145_20260730_162153.csv,512,DEFECT,HIGH,0,34,109,346,500000,4838665,4838665,-3741970,167356.8,,307,39,坏棒 总长1002 任意重度 塑料头 307
1146,16:21:53,hit_1146_20260730_162153.csv,512,DEFECT,HIGH,0,23,118,203,500000,4534714,4415191,-4534714,-206239.3,,307,-104,坏棒 总长1002 任意重度 塑料头 307
1147,16:21:53,hit_1147_20260730_162153.csv,512,DEFECT,HIGH,0,24,108,247,500000,4942276,4557879,-4942276,78580.9,,307,-60,坏棒 总长1002 任意重度 塑料头 307
1148,16:21:54,hit_1148_20260730_162154.csv,512,DEFECT,HIGH,0,28,114,271,500000,5457318,3785307,-5457318,-305020.4,,307,-36,坏棒 总长1002 任意重度 塑料头 307
1149,16:21:54,hit_1149_20260730_162154.csv,512,DEFECT,HIGH,0,24,113,235,500000,4922226,4151455,-4922226,118573.1,,307,-72,坏棒 总长1002 任意重度 塑料头 307
1150,16:21:54,hit_1150_20260730_162154.csv,512,DEFECT,HIGH,0,30,117,283,500000,5614006,3557295,-5614006,-456632.3,,307,-24,坏棒 总长1002 任意重度 塑料头 307
1151,16:21:54,hit_1151_20260730_162154.csv,512,DEFECT,HIGH,0,29,116,276,500000,5565431,3834144,-5565431,-199139.8,,307,-31,坏棒 总长1002 任意重度 塑料头 307
1152,16:21:55,hit_1152_20260730_162155.csv,512,DEFECT,HIGH,0,26,113,254,500000,5190424,4424755,-5190424,179578.2,,307,-53,坏棒 总长1002 任意重度 塑料头 307
1153,16:21:55,hit_1153_20260730_162155.csv,512,DEFECT,HIGH,0,28,114,271,500000,5444490,4383335,-5444490,-46232.6,,307,-36,坏棒 总长1002 任意重度 塑料头 307
1154,16:21:55,hit_1154_20260730_162155.csv,512,DEFECT,HIGH,0,24,113,235,500000,4983911,4642346,-4983911,192923.1,,307,-72,坏棒 总长1002 任意重度 塑料头 307
1155,16:21:55,hit_1155_20260730_162155.csv,512,DEFECT,HIGH,0,24,111,240,500000,5058480,5058480,-4887058,261271.1,,307,-67,坏棒 总长1002 任意重度 塑料头 307
1156,16:21:56,hit_1156_20260730_162156.csv,512,DEFECT,HIGH,0,31,117,292,500000,5822530,3943219,-5822530,-444455.5,,307,-15,坏棒 总长1002 任意重度 塑料头 307
1157,16:21:56,hit_1157_20260730_162156.csv,512,DEFECT,HIGH,0,27,114,262,500000,5383736,4174524,-5383736,-54304.0,,307,-45,坏棒 总长1002 任意重度 塑料头 307
1158,16:21:56,hit_1158_20260730_162156.csv,512,DEFECT,HIGH,0,25,113,245,500000,4973042,4492535,-4973042,144364.6,,307,-62,坏棒 总长1002 任意重度 塑料头 307
1159,16:21:56,hit_1159_20260730_162156.csv,512,DEFECT,HIGH,0,23,113,225,500000,4860176,4117076,-4860176,280710.6,,307,-82,坏棒 总长1002 任意重度 塑料头 307
1160,16:21:57,hit_1160_20260730_162157.csv,512,DEFECT,HIGH,0,26,115,250,500000,4973165,4012725,-4973165,168678.4,,307,-57,坏棒 总长1002 任意重度 塑料头 307
1161,16:21:57,hit_1161_20260730_162157.csv,512,DEFECT,HIGH,0,25,114,242,500000,4959684,4125932,-4959684,82874.8,,307,-65,坏棒 总长1002 任意重度 塑料头 307
1162,16:21:57,hit_1162_20260730_162157.csv,512,DEFECT,HIGH,0,30,115,288,500000,5639441,3645739,-5639441,-457884.7,,307,-19,坏棒 总长1002 任意重度 塑料头 307
1163,16:21:57,hit_1163_20260730_162157.csv,512,DEFECT,HIGH,0,25,111,250,500000,5180861,4307943,-5180861,-95977.7,,307,-57,坏棒 总长1002 任意重度 塑料头 307
1164,16:21:58,hit_1164_20260730_162158.csv,512,DEFECT,HIGH,0,23,118,203,500000,4766876,4409161,-4766876,-171020.2,,307,-104,坏棒 总长1002 任意重度 塑料头 307
1165,16:21:58,hit_1165_20260730_162158.csv,512,DEFECT,HIGH,0,26,108,268,500000,4880617,3837175,-4880617,-427675.6,,307,-39,坏棒 总长1002 任意重度 塑料头 307
1166,16:21:58,hit_1166_20260730_162158.csv,512,DEFECT,HIGH,0,44,110,444,500000,4868278,4868278,-3734906,228791.7,,307,137,坏棒 总长1002 任意重度 塑料头 307
1167,16:21:58,hit_1167_20260730_162158.csv,512,DEFECT,HIGH,0,40,117,353,500000,4411026,4411026,-4356760,-159165.7,,307,46,坏棒 总长1002 任意重度 塑料头 307
1168,16:21:59,hit_1168_20260730_162159.csv,512,DEFECT,HIGH,0,22,118,194,500000,4459090,4431592,-4459090,-145602.6,,307,-113,坏棒 总长1002 任意重度 塑料头 307
1169,16:21:59,hit_1169_20260730_162159.csv,512,DEFECT,HIGH,0,24,109,244,500000,4893055,4060814,-4893055,-210201.3,,307,-63,坏棒 总长1002 任意重度 塑料头 307
1170,16:21:59,hit_1170_20260730_162159.csv,512,DEFECT,HIGH,0,23,109,234,500000,4936923,4376149,-4936923,143074.2,,307,-73,坏棒 总长1002 任意重度 塑料头 307
1171,16:21:59,hit_1171_20260730_162159.csv,512,DEFECT,HIGH,0,30,114,291,500000,5568138,3667711,-5568138,-522142.8,,307,-16,坏棒 总长1002 任意重度 塑料头 307
1172,16:22:00,hit_1172_20260730_162200.csv,512,DEFECT,HIGH,0,24,112,237,500000,4897609,3704402,-4897609,-96111.7,,307,-70,坏棒 总长1002 任意重度 塑料头 307
1173,16:22:00,hit_1173_20260730_162200.csv,512,DEFECT,HIGH,0,27,114,262,500000,5443260,4860315,-5443260,100261.4,,307,-45,坏棒 总长1002 任意重度 塑料头 307
1174,16:22:00,hit_1174_20260730_162200.csv,512,DEFECT,HIGH,0,25,113,245,500000,4940614,3871477,-4940614,-3947.5,,307,-62,坏棒 总长1002 任意重度 塑料头 307
1175,16:22:00,hit_1175_20260730_162200.csv,512,DEFECT,HIGH,0,28,115,269,500000,5416522,4351540,-5416522,-103658.8,,307,-38,坏棒 总长1002 任意重度 塑料头 307
1176,16:22:01,hit_1176_20260730_162201.csv,512,DEFECT,HIGH,0,41,117,386,500000,3766731,3526956,-3766731,-258470.0,,307,79,坏棒 总长1002 任意重度 塑料头 307
1177,16:22:01,hit_1177_20260730_162201.csv,512,DEFECT,HIGH,0,27,114,262,500000,5280827,4056552,-5280827,-293245.0,,307,-45,坏棒 总长1002 任意重度 塑料头 307
1178,16:22:01,hit_1178_20260730_162201.csv,512,DEFECT,HIGH,0,25,113,245,500000,4970733,4384625,-4970733,50297.6,,307,-62,坏棒 总长1002 任意重度 塑料头 307
1179,16:22:01,hit_1179_20260730_162201.csv,512,DEFECT,HIGH,0,25,113,245,500000,4882603,3706708,-4882603,-98257.6,,307,-62,坏棒 总长1002 任意重度 塑料头 307
1180,16:22:02,hit_1180_20260730_162202.csv,512,DEFECT,HIGH,0,24,111,240,500000,5040843,3942043,-5040843,-108304.2,,307,-67,坏棒 总长1002 任意重度 塑料头 307
1181,16:22:02,hit_1181_20260730_162202.csv,512,DEFECT,HIGH,0,26,112,257,500000,5307669,4387274,-5307669,21136.6,,307,-50,坏棒 总长1002 任意重度 塑料头 307
1182,16:22:02,hit_1182_20260730_162202.csv,512,DEFECT,HIGH,0,28,112,277,500000,5502948,4045074,-5502948,-335462.6,,307,-30,坏棒 总长1002 任意重度 塑料头 307
1183,16:22:03,hit_1183_20260730_162203.csv,512,DEFECT,HIGH,0,24,110,242,500000,4891238,4398056,-4891238,3412.4,,307,-65,坏棒 总长1002 任意重度 塑料头 307
1184,16:22:03,hit_1184_20260730_162203.csv,512,DEFECT,HIGH,0,29,115,278,500000,5125817,3877698,-5125817,-427273.6,,307,-29,坏棒 总长1002 任意重度 塑料头 307
1185,16:22:03,hit_1185_20260730_162203.csv,512,DEFECT,HIGH,0,29,113,284,500000,5606867,4108581,-5606867,-347098.4,,307,-23,坏棒 总长1002 任意重度 塑料头 307
1186,16:22:03,hit_1186_20260730_162203.csv,512,DEFECT,HIGH,0,27,111,270,500000,5432459,4194437,-5432459,-254338.6,,307,-37,坏棒 总长1002 任意重度 塑料头 307
1187,16:22:04,hit_1187_20260730_162204.csv,512,DEFECT,HIGH,0,24,110,242,500000,4933718,4375784,-4933718,126449.2,,307,-65,坏棒 总长1002 任意重度 塑料头 307
1188,16:22:04,hit_1188_20260730_162204.csv,512,DEFECT,HIGH,0,26,112,257,500000,5169259,4388002,-5169259,32925.9,,307,-50,坏棒 总长1002 任意重度 塑料头 307
1189,16:22:04,hit_1189_20260730_162204.csv,512,DEFECT,HIGH,0,25,111,250,500000,5113261,4115982,-5113261,-14467.2,,307,-57,坏棒 总长1002 任意重度 塑料头 307
1190,16:22:05,hit_1190_20260730_162205.csv,512,DEFECT,HIGH,0,30,114,291,500000,5769686,3809464,-5769686,-406617.5,,307,-16,坏棒 总长1002 任意重度 塑料头 307
1191,16:22:05,hit_1191_20260730_162205.csv,512,DEFECT,HIGH,0,21,109,214,500000,4787983,4787983,-4487686,260307.3,,307,-93,坏棒 总长1002 任意重度 塑料头 307
1192,16:22:06,hit_1192_20260730_162206.csv,512,DEFECT,HIGH,0,25,111,250,500000,5058235,3814821,-5058235,-188233.8,,307,-57,坏棒 总长1002 任意重度 塑料头 307
1193,16:22:06,hit_1193_20260730_162206.csv,512,DEFECT,HIGH,0,30,115,288,500000,5683524,3889702,-5683524,-363441.5,,307,-19,坏棒 总长1002 任意重度 塑料头 307
1194,16:22:07,hit_1194_20260730_162207.csv,512,DEFECT,HIGH,0,26,112,257,500000,5273204,5273204,-5240143,197125.2,,307,-50,坏棒 总长1002 任意重度 塑料头 307
1195,16:22:07,hit_1195_20260730_162207.csv,512,DEFECT,HIGH,0,25,112,247,500000,5089947,4033768,-5089947,7094.0,,307,-60,坏棒 总长1002 任意重度 塑料头 307
1196,16:22:08,hit_1196_20260730_162208.csv,512,DEFECT,HIGH,0,30,116,285,500000,5590494,3575887,-5590494,-442817.7,,307,-22,坏棒 总长1002 任意重度 塑料头 307
1197,16:22:08,hit_1197_20260730_162208.csv,512,DEFECT,HIGH,0,30,116,285,500000,5728370,3770867,-5728370,-441984.5,,307,-22,坏棒 总长1002 任意重度 塑料头 307
1198,16:22:08,hit_1198_20260730_162208.csv,512,DEFECT,HIGH,0,27,113,264,500000,5511507,4808631,-5511507,42048.4,,307,-43,坏棒 总长1002 任意重度 塑料头 307
1199,16:22:09,hit_1199_20260730_162209.csv,512,DEFECT,HIGH,0,26,113,254,500000,5198547,4437566,-5198547,15458.8,,307,-53,坏棒 总长1002 任意重度 塑料头 307
1200,16:22:09,hit_1200_20260730_162209.csv,512,DEFECT,HIGH,0,27,113,264,500000,5316845,4686182,-5316845,50269.9,,307,-43,坏棒 总长1002 任意重度 塑料头 307
1201,16:22:09,hit_1201_20260730_162209.csv,512,DEFECT,HIGH,0,29,116,276,500000,5602736,3918566,-5602736,-254463.8,,307,-31,坏棒 总长1002 任意重度 塑料头 307
1202,16:22:09,hit_1202_20260730_162209.csv,512,DEFECT,HIGH,0,26,112,257,500000,5177042,4900101,-5177042,83876.8,,307,-50,坏棒 总长1002 任意重度 塑料头 307
1203,16:22:10,hit_1203_20260730_162210.csv,512,DEFECT,HIGH,0,26,111,260,500000,5243356,4993831,-5243356,168162.9,,307,-47,坏棒 总长1002 任意重度 塑料头 307
1204,16:22:11,hit_1204_20260730_162211.csv,512,DEFECT,HIGH,0,25,111,250,500000,5055706,5016604,-5055706,218355.5,,307,-57,坏棒 总长1002 任意重度 塑料头 307
1205,16:22:11,hit_1205_20260730_162211.csv,512,DEFECT,HIGH,0,26,112,257,500000,5172380,4123551,-5172380,-18332.0,,307,-50,坏棒 总长1002 任意重度 塑料头 307
1206,16:22:12,hit_1206_20260730_162212.csv,512,DEFECT,HIGH,0,25,114,242,500000,5017239,3711647,-5017239,-155025.1,,307,-65,坏棒 总长1002 任意重度 塑料头 307
1207,16:22:13,hit_1207_20260730_162213.csv,512,DEFECT,HIGH,0,26,113,254,500000,5168910,4378287,-5168910,186408.2,,307,-53,坏棒 总长1002 任意重度 塑料头 307
1208,16:22:14,hit_1208_20260730_162214.csv,512,DEFECT,HIGH,0,26,113,254,500000,5341129,4640990,-5341129,44518.9,,307,-53,坏棒 总长1002 任意重度 塑料头 307
1209,16:22:14,hit_1209_20260730_162214.csv,512,DEFECT,HIGH,0,31,115,298,500000,5573852,3672317,-5573852,-479751.0,,307,-9,坏棒 总长1002 任意重度 塑料头 307
1210,16:22:14,hit_1210_20260730_162214.csv,512,DEFECT,HIGH,0,24,111,240,500000,4847428,4824137,-4847428,244077.4,,307,-67,坏棒 总长1002 任意重度 塑料头 307
1211,16:22:15,hit_1211_20260730_162215.csv,512,DEFECT,HIGH,0,28,114,271,500000,5503090,4026975,-5503090,-221472.9,,307,-36,坏棒 总长1002 任意重度 塑料头 307
1212,16:22:15,hit_1212_20260730_162215.csv,512,DEFECT,HIGH,0,28,116,266,500000,5316716,3484021,-5316716,-289691.9,,307,-41,坏棒 总长1002 任意重度 塑料头 307
1213,16:22:15,hit_1213_20260730_162215.csv,512,DEFECT,HIGH,0,24,112,237,500000,4759384,3560879,-4759384,-85874.3,,307,-70,坏棒 总长1002 任意重度 塑料头 307
1214,16:22:15,hit_1214_20260730_162215.csv,512,DEFECT,HIGH,0,33,116,314,500000,5909111,3935889,-5909111,-575761.9,,307,7,坏棒 总长1002 任意重度 塑料头 307
1215,16:22:16,hit_1215_20260730_162216.csv,512,DEFECT,HIGH,0,26,113,254,500000,5159031,4447046,-5159031,91234.3,,307,-53,坏棒 总长1002 任意重度 塑料头 307
1216,16:22:16,hit_1216_20260730_162216.csv,512,DEFECT,HIGH,0,28,115,269,500000,5614461,4087567,-5614461,-159284.9,,307,-38,坏棒 总长1002 任意重度 塑料头 307
1217,16:22:16,hit_1217_20260730_162216.csv,512,DEFECT,HIGH,0,26,113,254,500000,5292915,3958309,-5292915,-85010.2,,307,-53,坏棒 总长1002 任意重度 塑料头 307
1218,16:22:17,hit_1218_20260730_162217.csv,512,DEFECT,HIGH,0,25,112,247,500000,5010990,4218637,-5010990,15312.2,,307,-60,坏棒 总长1002 任意重度 塑料头 307
1219,16:22:17,hit_1219_20260730_162217.csv,512,DEFECT,HIGH,0,22,109,224,500000,4844811,4844811,-4571416,269601.6,,307,-83,坏棒 总长1002 任意重度 塑料头 307
1220,16:22:17,hit_1220_20260730_162217.csv,512,DEFECT,HIGH,0,27,112,267,500000,5341696,4112772,-5341696,-179022.3,,307,-40,坏棒 总长1002 任意重度 塑料头 307
1221,16:22:18,hit_1221_20260730_162218.csv,512,DEFECT,HIGH,0,54,119,500,500000,4758350,4019688,-4758350,-495403.7,,307,193,坏棒 总长1002 任意重度 塑料头 307
1222,16:22:18,hit_1222_20260730_162218.csv,512,DEFECT,HIGH,0,27,113,264,500000,5317295,4254242,-5317295,-145496.7,,307,-43,坏棒 总长1002 任意重度 塑料头 307
1223,16:22:18,hit_1223_20260730_162218.csv,512,DEFECT,HIGH,0,34,118,317,500000,5773372,3876451,-5773372,-555088.1,,307,10,坏棒 总长1002 任意重度 塑料头 307
1224,16:22:18,hit_1224_20260730_162218.csv,512,DEFECT,HIGH,0,35,117,330,500000,6171095,4288265,-6171095,-569386.0,,307,23,坏棒 总长1002 任意重度 塑料头 307
1225,16:22:19,hit_1225_20260730_162219.csv,512,DEFECT,HIGH,0,27,113,264,500000,5358988,5044023,-5358988,146832.9,,307,-43,坏棒 总长1002 任意重度 塑料头 307
1226,16:22:19,hit_1226_20260730_162219.csv,512,DEFECT,HIGH,0,24,110,242,500000,5169777,5169777,-4845509,295479.2,,307,-65,坏棒 总长1002 任意重度 塑料头 307
1227,16:22:19,hit_1227_20260730_162219.csv,512,DEFECT,HIGH,0,23,109,234,500000,5050184,5050184,-4824588,344186.3,,307,-73,坏棒 总长1002 任意重度 塑料头 307
1228,16:22:20,hit_1228_20260730_162220.csv,512,DEFECT,HIGH,0,32,113,313,500000,6056467,4060459,-6056467,-484717.4,,307,6,坏棒 总长1002 任意重度 塑料头 307
1229,16:22:20,hit_1229_20260730_162220.csv,512,DEFECT,HIGH,0,24,110,242,500000,4948255,4325557,-4948255,7954.0,,307,-65,坏棒 总长1002 任意重度 塑料头 307
1230,16:22:20,hit_1230_20260730_162220.csv,512,DEFECT,HIGH,0,27,112,267,500000,5550458,4497240,-5550458,28973.4,,307,-40,坏棒 总长1002 任意重度 塑料头 307
1231,16:22:20,hit_1231_20260730_162220.csv,512,DEFECT,HIGH,0,24,110,242,500000,4811400,4734296,-4811400,227822.6,,307,-65,坏棒 总长1002 任意重度 塑料头 307
1232,16:22:21,hit_1232_20260730_162221.csv,512,DEFECT,HIGH,0,27,114,262,500000,5151835,4493368,-5151835,-12887.8,,307,-45,坏棒 总长1002 任意重度 塑料头 307
1233,16:22:21,hit_1233_20260730_162221.csv,512,DEFECT,HIGH,0,25,111,250,500000,4966986,4743344,-4966986,87930.3,,307,-57,坏棒 总长1002 任意重度 塑料头 307
1234,16:22:21,hit_1234_20260730_162221.csv,512,DEFECT,HIGH,0,23,110,232,500000,4817004,4665971,-4817004,179947.5,,307,-75,坏棒 总长1002 任意重度 塑料头 307
1235,16:22:22,hit_1235_20260730_162222.csv,512,DEFECT,HIGH,0,24,109,244,500000,5469100,5469100,-4900117,330434.5,,307,-63,坏棒 总长1002 任意重度 塑料头 307
1236,16:22:22,hit_1236_20260730_162222.csv,512,DEFECT,HIGH,0,22,108,226,500000,5023673,5023673,-4561598,402508.7,,307,-81,坏棒 总长1002 任意重度 塑料头 307
1237,16:22:22,hit_1237_20260730_162222.csv,512,DEFECT,HIGH,0,30,113,294,500000,5535338,3489828,-5535338,-665938.0,,307,-13,坏棒 总长1002 任意重度 塑料头 307
1238,16:22:23,hit_1238_20260730_162223.csv,512,DEFECT,HIGH,0,26,112,257,500000,5209932,4889097,-5209932,170053.9,,307,-50,坏棒 总长1002 任意重度 塑料头 307
1239,16:22:23,hit_1239_20260730_162223.csv,512,DEFECT,HIGH,0,25,110,252,500000,5010426,4907061,-5010426,200823.7,,307,-55,坏棒 总长1002 任意重度 塑料头 307
1240,16:22:23,hit_1240_20260730_162223.csv,512,DEFECT,HIGH,0,23,110,232,500000,4776672,4310975,-4776672,120625.9,,307,-75,坏棒 总长1002 任意重度 塑料头 307
1241,16:22:23,hit_1241_20260730_162223.csv,512,DEFECT,HIGH,0,25,110,252,500000,5142370,4614317,-5142370,49992.9,,307,-55,坏棒 总长1002 任意重度 塑料头 307
1242,16:22:24,hit_1242_20260730_162224.csv,512,DEFECT,HIGH,0,24,112,237,500000,5084274,4797705,-5084274,261426.0,,307,-70,坏棒 总长1002 任意重度 塑料头 307
1243,16:22:24,hit_1243_20260730_162224.csv,512,DEFECT,HIGH,0,24,111,240,500000,5262762,5262762,-4917513,383134.2,,307,-67,坏棒 总长1002 任意重度 塑料头 307
1244,16:22:43,hit_1244_20260730_162243.csv,512,DEFECT,HIGH,0,27,116,257,500000,5213646,4083522,-5213646,-84182.5,,307,-50,坏棒 总长1002 任意重度 塑料头 307
1245,16:22:43,hit_1245_20260730_162243.csv,512,DEFECT,HIGH,0,27,115,259,500000,5330426,3661931,-5330426,-255487.6,,307,-48,坏棒 总长1002 任意重度 塑料头 307
1246,16:22:44,hit_1246_20260730_162244.csv,512,DEFECT,HIGH,0,26,112,257,500000,5083080,4345835,-5083080,60710.3,,307,-50,坏棒 总长1002 任意重度 塑料头 307
1247,16:22:44,hit_1247_20260730_162244.csv,512,DEFECT,HIGH,0,25,112,247,500000,5195020,4798987,-5195020,172013.9,,307,-60,坏棒 总长1002 任意重度 塑料头 307
1248,16:22:44,hit_1248_20260730_162244.csv,512,DEFECT,HIGH,0,26,113,254,500000,5193263,4479961,-5193263,-2069.4,,307,-53,坏棒 总长1002 任意重度 塑料头 307
1249,16:22:45,hit_1249_20260730_162245.csv,512,DEFECT,HIGH,0,25,113,245,500000,5081037,4404385,-5081037,94492.7,,307,-62,坏棒 总长1002 任意重度 塑料头 307
1250,16:22:45,hit_1250_20260730_162245.csv,512,DEFECT,HIGH,0,28,114,271,500000,5514146,4337394,-5514146,-118009.1,,307,-36,坏棒 总长1002 任意重度 塑料头 307
1251,16:22:45,hit_1251_20260730_162245.csv,512,DEFECT,HIGH,0,26,113,254,500000,5240931,4481087,-5240931,15248.9,,307,-53,坏棒 总长1002 任意重度 塑料头 307
1252,16:22:46,hit_1252_20260730_162246.csv,512,DEFECT,HIGH,0,24,111,240,500000,5110771,4591423,-5110771,55514.5,,307,-67,坏棒 总长1002 任意重度 塑料头 307
1253,16:22:46,hit_1253_20260730_162246.csv,512,DEFECT,HIGH,0,27,113,264,500000,5395336,5114531,-5395336,177263.9,,307,-43,坏棒 总长1002 任意重度 塑料头 307
1254,16:22:46,hit_1254_20260730_162246.csv,512,DEFECT,HIGH,0,26,114,252,500000,5340926,3919888,-5340926,-114584.7,,307,-55,坏棒 总长1002 任意重度 塑料头 307
1255,16:22:46,hit_1255_20260730_162246.csv,512,DEFECT,HIGH,0,25,112,247,500000,5032790,4778811,-5032790,158212.1,,307,-60,坏棒 总长1002 任意重度 塑料头 307
1256,16:22:47,hit_1256_20260730_162247.csv,512,DEFECT,HIGH,0,25,112,247,500000,5045090,4721351,-5045090,32338.5,,307,-60,坏棒 总长1002 任意重度 塑料头 307
1257,16:22:47,hit_1257_20260730_162247.csv,512,DEFECT,HIGH,0,24,112,237,500000,4935391,4823444,-4935391,171639.9,,307,-70,坏棒 总长1002 任意重度 塑料头 307
1258,16:22:47,hit_1258_20260730_162247.csv,512,DEFECT,HIGH,0,24,112,237,500000,5165097,5165097,-4781849,344506.0,,307,-70,坏棒 总长1002 任意重度 塑料头 307
1259,16:22:48,hit_1259_20260730_162248.csv,512,DEFECT,HIGH,0,25,114,242,500000,5010998,3958490,-5010998,-137247.8,,307,-65,坏棒 总长1002 任意重度 塑料头 307
1260,16:22:48,hit_1260_20260730_162248.csv,512,DEFECT,HIGH,0,21,113,205,500000,4722488,4722488,-4326211,357399.0,,307,-102,坏棒 总长1002 任意重度 塑料头 307
1261,16:22:48,hit_1261_20260730_162248.csv,512,DEFECT,HIGH,0,25,115,240,500000,5097099,4136913,-5097099,34325.3,,307,-67,坏棒 总长1002 任意重度 塑料头 307
1262,16:22:48,hit_1262_20260730_162248.csv,512,DEFECT,HIGH,0,31,113,303,500000,5461283,3787838,-5461283,-647219.3,,307,-4,坏棒 总长1002 任意重度 塑料头 307
1263,16:22:49,hit_1263_20260730_162249.csv,512,DEFECT,HIGH,0,23,112,227,500000,4794857,3757700,-4794857,-192635.0,,307,-80,坏棒 总长1002 任意重度 塑料头 307
1264,16:22:49,hit_1264_20260730_162249.csv,512,DEFECT,HIGH,0,24,114,233,500000,4913283,4586062,-4913283,145102.4,,307,-74,坏棒 总长1002 任意重度 塑料头 307
1265,16:22:49,hit_1265_20260730_162249.csv,512,DEFECT,HIGH,0,23,113,225,500000,4739204,4739204,-4674804,244529.9,,307,-82,坏棒 总长1002 任意重度 塑料头 307
1266,16:22:50,hit_1266_20260730_162250.csv,512,DEFECT,HIGH,0,23,113,225,500000,4647025,4365778,-4647025,160716.9,,307,-82,坏棒 总长1002 任意重度 塑料头 307
1267,16:22:50,hit_1267_20260730_162250.csv,512,DEFECT,HIGH,0,24,112,237,500000,4924449,3875624,-4924449,12969.3,,307,-70,坏棒 总长1002 任意重度 塑料头 307
1268,16:22:50,hit_1268_20260730_162250.csv,512,DEFECT,HIGH,0,26,115,250,500000,5151815,3381468,-5151815,-196919.9,,307,-57,坏棒 总长1002 任意重度 塑料头 307
1269,16:22:50,hit_1269_20260730_162250.csv,512,DEFECT,HIGH,0,26,115,250,500000,5163182,4030620,-5163182,-65427.8,,307,-57,坏棒 总长1002 任意重度 塑料头 307
1270,16:22:51,hit_1270_20260730_162251.csv,512,DEFECT,HIGH,0,30,118,280,500000,5697458,4003846,-5697458,-222429.1,,307,-27,坏棒 总长1002 任意重度 塑料头 307
1271,16:22:51,hit_1271_20260730_162251.csv,512,DEFECT,HIGH,0,26,115,250,500000,5173835,3784486,-5173835,-199010.0,,307,-57,坏棒 总长1002 任意重度 塑料头 307
1272,16:22:51,hit_1272_20260730_162251.csv,512,DEFECT,HIGH,0,28,114,271,500000,5487682,4217899,-5487682,-190899.1,,307,-36,坏棒 总长1002 任意重度 塑料头 307
1273,16:22:52,hit_1273_20260730_162252.csv,512,DEFECT,HIGH,0,28,113,274,500000,5301354,3758190,-5301354,-499487.3,,307,-33,坏棒 总长1002 任意重度 塑料头 307
1274,16:22:52,hit_1274_20260730_162252.csv,512,DEFECT,HIGH,0,28,113,274,500000,5460983,3918353,-5460983,-378250.8,,307,-33,坏棒 总长1002 任意重度 塑料头 307
1275,16:22:52,hit_1275_20260730_162252.csv,512,DEFECT,HIGH,0,32,113,313,500000,5953568,3893999,-5953568,-584460.9,,307,6,坏棒 总长1002 任意重度 塑料头 307
1276,16:22:52,hit_1276_20260730_162252.csv,512,DEFECT,HIGH,0,28,114,271,500000,5327219,3767752,-5327219,-400969.5,,307,-36,坏棒 总长1002 任意重度 塑料头 307
1277,16:22:53,hit_1277_20260730_162253.csv,512,DEFECT,HIGH,0,27,114,262,500000,5298085,4635950,-5298085,50470.5,,307,-45,坏棒 总长1002 任意重度 塑料头 307
1278,16:22:53,hit_1278_20260730_162253.csv,512,DEFECT,HIGH,0,24,113,235,500000,4938177,4791256,-4938177,218592.5,,307,-72,坏棒 总长1002 任意重度 塑料头 307
1279,16:22:53,hit_1279_20260730_162253.csv,512,DEFECT,HIGH,0,29,114,281,500000,5500603,3740216,-5500603,-551331.4,,307,-26,坏棒 总长1002 任意重度 塑料头 307
1280,16:22:54,hit_1280_20260730_162254.csv,512,DEFECT,HIGH,0,24,112,237,500000,4813328,3937511,-4813328,-231863.9,,307,-70,坏棒 总长1002 任意重度 塑料头 307
1281,16:22:54,hit_1281_20260730_162254.csv,512,DEFECT,HIGH,0,22,110,222,500000,4674575,4674575,-4578224,127563.6,,307,-85,坏棒 总长1002 任意重度 塑料头 307
1282,16:22:54,hit_1282_20260730_162254.csv,512,DEFECT,HIGH,0,69,109,591,500000,4707918,4707918,-4481083,512222.6,,307,284,坏棒 总长1002 任意重度 塑料头 307
1283,16:22:54,hit_1283_20260730_162254.csv,512,DEFECT,HIGH,0,29,113,284,500000,5500652,4507659,-5500652,-131444.3,,307,-23,坏棒 总长1002 任意重度 塑料头 307
1284,16:22:55,hit_1284_20260730_162255.csv,512,DEFECT,HIGH,0,29,115,278,500000,5534386,3906756,-5534386,-267531.4,,307,-29,坏棒 总长1002 任意重度 塑料头 307
1285,16:22:55,hit_1285_20260730_162255.csv,512,DEFECT,HIGH,0,23,112,227,500000,4964161,4964161,-4756735,295366.2,,307,-80,坏棒 总长1002 任意重度 塑料头 307
1286,16:22:55,hit_1286_20260730_162255.csv,512,DEFECT,HIGH,0,27,116,257,500000,5378885,4732759,-5378885,36012.6,,307,-50,坏棒 总长1002 任意重度 塑料头 307
1287,16:22:56,hit_1287_20260730_162256.csv,512,DEFECT,HIGH,0,25,112,247,500000,5014602,5002366,-5014602,219906.4,,307,-60,坏棒 总长1002 任意重度 塑料头 307
1288,16:22:56,hit_1288_20260730_162256.csv,512,DEFECT,HIGH,0,26,111,260,500000,5195356,4136914,-5195356,-142876.5,,307,-47,坏棒 总长1002 任意重度 塑料头 307
1289,16:22:58,hit_1289_20260730_162258.csv,512,DEFECT,HIGH,0,23,112,227,500000,4762282,4557563,-4762282,296332.6,,307,-80,坏棒 总长1002 任意重度 塑料头 307
1290,16:22:58,hit_1290_20260730_162258.csv,512,DEFECT,HIGH,0,22,108,226,500000,4646398,4324639,-4646398,-181695.7,,307,-81,坏棒 总长1002 任意重度 塑料头 307
1291,16:22:59,hit_1291_20260730_162259.csv,512,DEFECT,HIGH,0,23,109,234,500000,4690319,4642771,-4690319,164035.2,,307,-73,坏棒 总长1002 任意重度 塑料头 307
1292,16:22:59,hit_1292_20260730_162259.csv,512,DEFECT,HIGH,0,25,112,247,500000,5063652,4141780,-5063652,147691.1,,307,-60,坏棒 总长1002 任意重度 塑料头 307
1293,16:22:59,hit_1293_20260730_162259.csv,512,DEFECT,HIGH,0,32,115,307,500000,5923231,3866021,-5923231,-544086.3,,307,0,坏棒 总长1002 任意重度 塑料头 307
1294,16:23:00,hit_1294_20260730_162300.csv,512,DEFECT,HIGH,0,26,114,252,500000,5377744,3823845,-5377744,-82669.5,,307,-55,坏棒 总长1002 任意重度 塑料头 307
1295,16:23:00,hit_1295_20260730_162300.csv,512,DEFECT,HIGH,0,30,118,280,500000,5754477,4339394,-5754477,-302973.3,,307,-27,坏棒 总长1002 任意重度 塑料头 307
1296,16:23:00,hit_1296_20260730_162300.csv,512,DEFECT,HIGH,0,28,118,261,500000,5402038,4913188,-5402038,180032.3,,307,-46,坏棒 总长1002 任意重度 塑料头 307
1297,16:23:01,hit_1297_20260730_162301.csv,512,DEFECT,HIGH,0,26,114,252,500000,5189765,5053863,-5189765,246558.0,,307,-55,坏棒 总长1002 任意重度 塑料头 307
1298,16:23:01,hit_1298_20260730_162301.csv,512,DEFECT,HIGH,0,72,112,603,500000,5072031,5072031,-4098123,693711.6,,307,296,坏棒 总长1002 任意重度 塑料头 307
1299,16:23:01,hit_1299_20260730_162301.csv,512,DEFECT,HIGH,0,23,113,225,500000,4627653,4212161,-4627653,271193.1,,307,-82,坏棒 总长1002 任意重度 塑料头 307
1300,16:23:02,hit_1300_20260730_162302.csv,512,DEFECT,HIGH,0,23,113,225,500000,4657617,4657617,-4567531,393395.1,,307,-82,坏棒 总长1002 任意重度 塑料头 307
1301,16:23:02,hit_1301_20260730_162302.csv,512,DEFECT,HIGH,0,31,116,295,500000,5813817,4641633,-5813817,-56531.8,,307,-12,坏棒 总长1002 任意重度 塑料头 307
1302,16:23:02,hit_1302_20260730_162302.csv,512,DEFECT,HIGH,0,27,113,264,500000,5337035,4859714,-5337035,297363.6,,307,-43,坏棒 总长1002 任意重度 塑料头 307
1303,16:23:02,hit_1303_20260730_162302.csv,512,DEFECT,HIGH,0,26,112,257,500000,5165789,3669344,-5165789,-411863.9,,307,-50,坏棒 总长1002 任意重度 塑料头 307
1304,16:23:03,hit_1304_20260730_162303.csv,512,DEFECT,HIGH,0,66,115,486,500000,4586417,4586417,-4162056,65965.0,,307,179,坏棒 总长1002 任意重度 塑料头 307
1305,16:23:03,hit_1305_20260730_162303.csv,512,DEFECT,HIGH,0,21,111,210,500000,4435298,4406435,-4435298,-95247.4,,307,-97,坏棒 总长1002 任意重度 塑料头 307
1306,16:23:03,hit_1306_20260730_162303.csv,512,DEFECT,HIGH,0,23,108,237,500000,4843490,4296510,-4843490,-113295.9,,307,-70,坏棒 总长1002 任意重度 塑料头 307
1307,16:23:04,hit_1307_20260730_162304.csv,512,DEFECT,HIGH,0,32,109,326,500000,5078599,5078599,-3432080,376172.3,,307,19,坏棒 总长1002 任意重度 塑料头 307
1308,16:23:04,hit_1308_20260730_162304.csv,512,DEFECT,HIGH,0,71,109,612,500000,4742340,4742340,-4013640,314948.8,,307,305,坏棒 总长1002 任意重度 塑料头 307
1309,16:23:04,hit_1309_20260730_162304.csv,512,DEFECT,HIGH,0,27,119,238,500000,5295291,4081955,-5295291,-510359.9,,307,-69,坏棒 总长1002 任意重度 塑料头 307
1310,16:23:04,hit_1310_20260730_162304.csv,512,DEFECT,HIGH,0,21,108,216,500000,5330150,5330150,-4583104,485600.6,,307,-91,坏棒 总长1002 任意重度 塑料头 307
1311,16:23:05,hit_1311_20260730_162305.csv,512,DEFECT,HIGH,0,69,110,585,500000,5450920,5450920,-4424741,685321.7,,307,278,坏棒 总长1002 任意重度 塑料头 307
1312,16:23:05,hit_1312_20260730_162305.csv,512,DEFECT,HIGH,0,25,112,247,500000,5076820,5060735,-5076820,200126.1,,307,-60,坏棒 总长1002 任意重度 塑料头 307
1313,16:23:05,hit_1313_20260730_162305.csv,512,DEFECT,HIGH,0,27,115,259,500000,5307341,4813879,-5307341,97693.8,,307,-48,坏棒 总长1002 任意重度 塑料头 307
1314,16:23:06,hit_1314_20260730_162306.csv,512,DEFECT,HIGH,0,26,114,252,500000,5261480,5261480,-5172744,260382.1,,307,-55,坏棒 总长1002 任意重度 塑料头 307
1315,16:23:06,hit_1315_20260730_162306.csv,512,DEFECT,HIGH,0,24,111,240,500000,4854582,4600563,-4854582,152245.3,,307,-67,坏棒 总长1002 任意重度 塑料头 307
1316,16:23:06,hit_1316_20260730_162306.csv,512,DEFECT,HIGH,0,32,112,316,500000,5859163,4040329,-5859163,-646919.8,,307,9,坏棒 总长1002 任意重度 塑料头 307
1317,16:23:07,hit_1317_20260730_162307.csv,512,DEFECT,HIGH,0,26,112,257,500000,5266610,4845339,-5266610,237852.0,,307,-50,坏棒 总长1002 任意重度 塑料头 307
1318,16:23:07,hit_1318_20260730_162307.csv,512,DEFECT,HIGH,0,26,114,252,500000,5335322,4011155,-5335322,-12870.2,,307,-55,坏棒 总长1002 任意重度 塑料头 307
1319,16:23:07,hit_1319_20260730_162307.csv,512,DEFECT,HIGH,0,29,116,276,500000,5509805,3657311,-5509805,-385108.7,,307,-31,坏棒 总长1002 任意重度 塑料头 307
1320,16:23:08,hit_1320_20260730_162308.csv,512,DEFECT,HIGH,0,29,115,278,500000,5501909,3765017,-5501909,-419565.3,,307,-29,坏棒 总长1002 任意重度 塑料头 307
1321,16:23:08,hit_1321_20260730_162308.csv,512,DEFECT,HIGH,0,26,113,254,500000,5164097,4090675,-5164097,-67902.2,,307,-53,坏棒 总长1002 任意重度 塑料头 307
1322,16:23:08,hit_1322_20260730_162308.csv,512,DEFECT,HIGH,0,27,115,259,500000,5361155,3952012,-5361155,-223883.4,,307,-48,坏棒 总长1002 任意重度 塑料头 307
1323,16:23:08,hit_1323_20260730_162308.csv,512,DEFECT,HIGH,0,23,111,230,500000,4912664,4515333,-4912664,316553.6,,307,-77,坏棒 总长1002 任意重度 塑料头 307
1324,16:23:09,hit_1324_20260730_162309.csv,512,DEFECT,HIGH,0,23,109,234,500000,4779428,4663904,-4779428,55577.6,,307,-73,坏棒 总长1002 任意重度 塑料头 307
1325,16:23:09,hit_1325_20260730_162309.csv,512,DEFECT,HIGH,0,24,108,247,500000,4773922,4393523,-4773922,-189984.3,,307,-60,坏棒 总长1002 任意重度 塑料头 307
1326,16:23:09,hit_1326_20260730_162309.csv,512,DEFECT,HIGH,0,26,111,260,500000,5131137,4304630,-5131137,43233.5,,307,-47,坏棒 总长1002 任意重度 塑料头 307
1327,16:23:10,hit_1327_20260730_162310.csv,512,DEFECT,HIGH,0,27,114,262,500000,5152571,4275185,-5152571,-84422.4,,307,-45,坏棒 总长1002 任意重度 塑料头 307
1328,16:23:10,hit_1328_20260730_162310.csv,512,DEFECT,HIGH,0,24,113,235,500000,4817411,4396851,-4817411,158680.2,,307,-72,坏棒 总长1002 任意重度 塑料头 307
1329,16:23:10,hit_1329_20260730_162310.csv,512,DEFECT,HIGH,0,25,115,240,500000,5031446,4748924,-5031446,251945.8,,307,-67,坏棒 总长1002 任意重度 塑料头 307
1330,16:23:10,hit_1330_20260730_162310.csv,512,DEFECT,HIGH,0,25,115,240,500000,5075605,3919627,-5075605,-42057.5,,307,-67,坏棒 总长1002 任意重度 塑料头 307
1331,16:23:11,hit_1331_20260730_162311.csv,512,DEFECT,HIGH,0,24,111,240,500000,4829869,3976001,-4829869,-300046.4,,307,-67,坏棒 总长1002 任意重度 塑料头 307
1332,16:23:11,hit_1332_20260730_162311.csv,512,DEFECT,HIGH,0,34,113,333,500000,4262535,4219963,-4262535,-280548.1,,307,26,坏棒 总长1002 任意重度 塑料头 307
1333,16:23:11,hit_1333_20260730_162311.csv,512,DEFECT,HIGH,0,29,110,292,500000,5471242,4190625,-5471242,-415361.7,,307,-15,坏棒 总长1002 任意重度 塑料头 307
1334,16:23:11,hit_1334_20260730_162311.csv,512,DEFECT,HIGH,0,23,112,227,500000,4771786,4629028,-4771786,149543.9,,307,-80,坏棒 总长1002 任意重度 塑料头 307
1335,16:23:12,hit_1335_20260730_162312.csv,512,DEFECT,HIGH,0,23,112,227,500000,5069115,5069115,-4560108,459098.9,,307,-80,坏棒 总长1002 任意重度 塑料头 307
1336,16:23:12,hit_1336_20260730_162312.csv,512,DEFECT,HIGH,0,29,117,273,500000,5674346,4200014,-5674346,-239528.8,,307,-34,坏棒 总长1002 任意重度 塑料头 307
1337,16:23:12,hit_1337_20260730_162312.csv,512,DEFECT,HIGH,0,27,114,262,500000,5226696,4769205,-5226696,175380.3,,307,-45,坏棒 总长1002 任意重度 塑料头 307
1338,16:23:13,hit_1338_20260730_162313.csv,512,DEFECT,HIGH,0,25,114,242,500000,5148177,4253088,-5148177,79546.7,,307,-65,坏棒 总长1002 任意重度 塑料头 307
1339,16:23:13,hit_1339_20260730_162313.csv,512,DEFECT,HIGH,0,26,113,254,500000,5258759,4475702,-5258759,163452.9,,307,-53,坏棒 总长1002 任意重度 塑料头 307
1340,16:23:13,hit_1340_20260730_162313.csv,512,DEFECT,HIGH,0,67,116,495,500000,4489289,4489289,-4285141,24090.8,,307,188,坏棒 总长1002 任意重度 塑料头 307
1341,16:23:13,hit_1341_20260730_162313.csv,512,DEFECT,HIGH,0,25,110,252,500000,4954043,4328746,-4954043,-247087.0,,307,-55,坏棒 总长1002 任意重度 塑料头 307
1342,16:23:14,hit_1342_20260730_162314.csv,512,DEFECT,HIGH,0,25,112,247,500000,5300889,5300889,-5091585,247971.0,,307,-60,坏棒 总长1002 任意重度 塑料头 307
1343,16:23:14,hit_1343_20260730_162314.csv,512,DEFECT,HIGH,0,22,111,220,500000,5281001,5281001,-4511148,486031.7,,307,-87,坏棒 总长1002 任意重度 塑料头 307
1344,16:23:14,hit_1344_20260730_162314.csv,512,DEFECT,HIGH,0,25,116,238,500000,4903732,4903732,-4890431,460204.2,,307,-69,坏棒 总长1002 任意重度 塑料头 307
1345,16:23:14,hit_1345_20260730_162314.csv,512,DEFECT,HIGH,0,24,115,230,500000,4713986,4713986,-4713406,418726.1,,307,-77,坏棒 总长1002 任意重度 塑料头 307
1346,16:23:15,hit_1346_20260730_162315.csv,512,DEFECT,HIGH,0,23,114,223,500000,4693924,4693924,-4538819,462154.1,,307,-84,坏棒 总长1002 任意重度 塑料头 307
1347,16:23:15,hit_1347_20260730_162315.csv,512,DEFECT,HIGH,0,25,113,245,500000,5076976,4602891,-5076976,228696.0,,307,-62,坏棒 总长1002 任意重度 塑料头 307
1348,16:23:16,hit_1348_20260730_162316.csv,512,DEFECT,HIGH,0,70,111,590,500000,5638922,5638922,-4665698,699577.8,,307,283,坏棒 总长1002 任意重度 塑料头 307
1349,16:23:16,hit_1349_20260730_162316.csv,512,DEFECT,HIGH,0,25,113,245,500000,5186859,4644226,-5186859,182414.7,,307,-62,坏棒 总长1002 任意重度 塑料头 307
1350,16:23:16,hit_1350_20260730_162316.csv,512,DEFECT,HIGH,0,25,112,247,500000,5317656,5317656,-5003107,324555.4,,307,-60,坏棒 总长1002 任意重度 塑料头 307
1351,16:23:16,hit_1351_20260730_162316.csv,512,DEFECT,HIGH,0,29,116,276,500000,5665240,4655651,-5665240,79600.7,,307,-31,坏棒 总长1002 任意重度 塑料头 307
1352,16:23:17,hit_1352_20260730_162317.csv,512,DEFECT,HIGH,0,26,113,254,500000,5228622,5088722,-5228622,258725.6,,307,-53,坏棒 总长1002 任意重度 塑料头 307
1353,16:23:17,hit_1353_20260730_162317.csv,512,DEFECT,HIGH,0,22,111,220,500000,5005190,5005190,-4679223,556640.8,,307,-87,坏棒 总长1002 任意重度 塑料头 307
1354,16:23:18,hit_1354_20260730_162318.csv,512,DEFECT,HIGH,0,30,116,285,500000,5797431,4124639,-5797431,-255885.1,,307,-22,坏棒 总长1002 任意重度 塑料头 307
1355,16:23:18,hit_1355_20260730_162318.csv,512,DEFECT,HIGH,0,29,114,281,500000,5637920,4864397,-5637920,136544.3,,307,-26,坏棒 总长1002 任意重度 塑料头 307
1356,16:23:18,hit_1356_20260730_162318.csv,512,DEFECT,HIGH,0,28,114,271,500000,5545339,3957477,-5545339,-246669.8,,307,-36,坏棒 总长1002 任意重度 塑料头 307
1357,16:23:19,hit_1357_20260730_162319.csv,512,DEFECT,HIGH,0,28,114,271,500000,5450849,3948846,-5450849,-255132.8,,307,-36,坏棒 总长1002 任意重度 塑料头 307
1358,16:23:19,hit_1358_20260730_162319.csv,512,DEFECT,HIGH,0,33,115,317,500000,5892911,3779335,-5892911,-585269.6,,307,10,坏棒 总长1002 任意重度 塑料头 307
1359,16:23:19,hit_1359_20260730_162319.csv,512,DEFECT,HIGH,0,43,110,434,500000,4990195,4085712,-4990195,-400951.3,,307,127,坏棒 总长1002 任意重度 塑料头 307
1360,16:23:20,hit_1360_20260730_162320.csv,512,DEFECT,HIGH,0,32,112,316,500000,4862461,4292398,-4862461,-282287.4,,307,9,坏棒 总长1002 任意重度 塑料头 307
1361,16:23:20,hit_1361_20260730_162320.csv,512,DEFECT,HIGH,0,70,109,602,500000,5038295,5038295,-3179666,482271.3,,307,295,坏棒 总长1002 任意重度 塑料头 307
1362,16:23:20,hit_1362_20260730_162320.csv,512,DEFECT,HIGH,0,23,118,203,500000,4451644,4210418,-4451644,-202833.9,,307,-104,坏棒 总长1002 任意重度 塑料头 307
1363,16:23:21,hit_1363_20260730_162321.csv,512,DEFECT,HIGH,0,28,111,280,500000,5407089,3760658,-5407089,-534879.8,,307,-27,坏棒 总长1002 任意重度 塑料头 307
1364,16:23:21,hit_1364_20260730_162321.csv,512,DEFECT,HIGH,0,25,113,245,500000,5166098,4765808,-5166098,242277.4,,307,-62,坏棒 总长1002 任意重度 塑料头 307
1365,16:23:21,hit_1365_20260730_162321.csv,512,DEFECT,HIGH,0,25,114,242,500000,5076670,4592577,-5076670,240719.8,,307,-65,坏棒 总长1002 任意重度 塑料头 307
1366,16:23:21,hit_1366_20260730_162321.csv,512,DEFECT,HIGH,0,27,114,262,500000,5276392,4542072,-5276392,88160.7,,307,-45,坏棒 总长1002 任意重度 塑料头 307
1367,16:23:22,hit_1367_20260730_162322.csv,512,DEFECT,HIGH,0,23,112,227,500000,5033682,5033682,-4782324,347795.7,,307,-80,坏棒 总长1002 任意重度 塑料头 307
1368,16:23:22,hit_1368_20260730_162322.csv,512,DEFECT,HIGH,0,29,115,278,500000,5621978,4077080,-5621978,-127661.1,,307,-29,坏棒 总长1002 任意重度 塑料头 307
1369,16:23:22,hit_1369_20260730_162322.csv,512,DEFECT,HIGH,0,41,119,362,500000,4740062,3488903,-4740062,-769543.2,,307,55,坏棒 总长1002 任意重度 塑料头 307
1370,16:23:23,hit_1370_20260730_162323.csv,512,DEFECT,HIGH,0,22,117,194,500000,4451979,4334928,-4451979,-225272.6,,307,-113,坏棒 总长1002 任意重度 塑料头 307
1371,16:23:23,hit_1371_20260730_162323.csv,512,DEFECT,HIGH,0,27,111,270,500000,5342617,4082201,-5342617,-211935.2,,307,-37,坏棒 总长1002 任意重度 塑料头 307
1372,16:23:23,hit_1372_20260730_162323.csv,512,DEFECT,HIGH,0,26,115,250,500000,5196364,4495203,-5196364,164190.9,,307,-57,坏棒 总长1002 任意重度 塑料头 307
1373,16:23:23,hit_1373_20260730_162323.csv,512,DEFECT,HIGH,0,77,117,622,500000,5449284,4405721,-5449284,11968.0,,307,315,坏棒 总长1002 任意重度 塑料头 307
1374,16:23:24,hit_1374_20260730_162324.csv,512,DEFECT,HIGH,0,23,112,227,500000,4790714,4700492,-4790714,211551.8,,307,-80,坏棒 总长1002 任意重度 塑料头 307
1375,16:23:24,hit_1375_20260730_162324.csv,512,DEFECT,HIGH,0,24,113,235,500000,4859454,4859454,-4735353,211507.4,,307,-72,坏棒 总长1002 任意重度 塑料头 307
1376,16:23:24,hit_1376_20260730_162324.csv,512,DEFECT,HIGH,0,23,110,232,500000,4856155,4600122,-4856155,105313.0,,307,-75,坏棒 总长1002 任意重度 塑料头 307
1377,16:23:25,hit_1377_20260730_162325.csv,512,DEFECT,HIGH,0,26,113,254,500000,5251361,4077980,-5251361,-94668.2,,307,-53,坏棒 总长1002 任意重度 塑料头 307
1378,16:23:25,hit_1378_20260730_162325.csv,512,DEFECT,HIGH,0,26,115,250,500000,5254005,3855764,-5254005,-97143.9,,307,-57,坏棒 总长1002 任意重度 塑料头 307
1379,16:23:25,hit_1379_20260730_162325.csv,512,DEFECT,HIGH,0,27,114,262,500000,5349137,4230146,-5349137,15259.2,,307,-45,坏棒 总长1002 任意重度 塑料头 307
1380,16:23:26,hit_1380_20260730_162326.csv,512,DEFECT,HIGH,0,25,113,245,500000,5078468,4211447,-5078468,54314.3,,307,-62,坏棒 总长1002 任意重度 塑料头 307
1381,16:23:26,hit_1381_20260730_162326.csv,512,DEFECT,HIGH,0,27,114,262,500000,5369268,4799168,-5369268,207572.4,,307,-45,坏棒 总长1002 任意重度 塑料头 307
1382,16:23:26,hit_1382_20260730_162326.csv,512,DEFECT,HIGH,0,23,111,230,500000,4862926,4862926,-4753361,394369.4,,307,-77,坏棒 总长1002 任意重度 塑料头 307
1383,16:23:26,hit_1383_20260730_162326.csv,512,DEFECT,HIGH,0,24,112,237,500000,4695462,4220701,-4695462,-49208.1,,307,-70,坏棒 总长1002 任意重度 塑料头 307
1384,16:23:27,hit_1384_20260730_162327.csv,512,DEFECT,HIGH,0,26,110,262,500000,4419741,3616036,-4419741,-412213.1,,307,-45,坏棒 总长1002 任意重度 塑料头 307
1385,16:23:27,hit_1385_20260730_162327.csv,512,DEFECT,HIGH,0,32,111,320,500000,4443437,4360610,-4443437,-129704.4,,307,13,坏棒 总长1002 任意重度 塑料头 307
1386,16:23:27,hit_1386_20260730_162327.csv,512,DEFECT,HIGH,0,24,111,240,500000,5479930,5479930,-4758748,558992.8,,307,-67,坏棒 总长1002 任意重度 塑料头 307
1387,16:23:28,hit_1387_20260730_162328.csv,512,DEFECT,HIGH,0,23,111,230,500000,5040988,5040988,-4696698,415325.8,,307,-77,坏棒 总长1002 任意重度 塑料头 307
1388,16:23:28,hit_1388_20260730_162328.csv,512,DEFECT,HIGH,0,23,111,230,500000,5380560,5380560,-4827353,363362.7,,307,-77,坏棒 总长1002 任意重度 塑料头 307
1389,16:23:28,hit_1389_20260730_162328.csv,512,DEFECT,HIGH,0,24,112,237,500000,4926573,4314548,-4926573,160452.4,,307,-70,坏棒 总长1002 任意重度 塑料头 307
1390,16:23:29,hit_1390_20260730_162329.csv,512,DEFECT,HIGH,0,31,113,303,500000,5112261,3747085,-5112261,-528673.4,,307,-4,坏棒 总长1002 任意重度 塑料头 307
1391,16:23:29,hit_1391_20260730_162329.csv,512,DEFECT,HIGH,0,25,109,255,500000,4907114,4044061,-4907114,-378386.1,,307,-52,坏棒 总长1002 任意重度 塑料头 307
1392,16:23:29,hit_1392_20260730_162329.csv,512,DEFECT,HIGH,0,25,118,221,500000,4858649,4071256,-4858649,-441786.3,,307,-86,坏棒 总长1002 任意重度 塑料头 307
1393,16:23:30,hit_1393_20260730_162330.csv,512,DEFECT,HIGH,0,24,110,242,500000,5018518,4697186,-5018518,24356.8,,307,-65,坏棒 总长1002 任意重度 塑料头 307
1394,16:23:30,hit_1394_20260730_162330.csv,512,DEFECT,HIGH,0,25,113,245,500000,5091647,4946337,-5091647,200563.4,,307,-62,坏棒 总长1002 任意重度 塑料头 307
1395,16:23:30,hit_1395_20260730_162330.csv,512,DEFECT,HIGH,0,27,114,262,500000,5372957,5017805,-5372957,119753.3,,307,-45,坏棒 总长1002 任意重度 塑料头 307
1396,16:23:30,hit_1396_20260730_162330.csv,512,DEFECT,HIGH,0,38,109,387,500000,4932788,4932788,-4166160,469422.5,,307,80,坏棒 总长1002 任意重度 塑料头 307
1397,16:23:31,hit_1397_20260730_162331.csv,512,DEFECT,HIGH,0,24,109,244,500000,4763113,3803445,-4763113,-431608.8,,307,-63,坏棒 总长1002 任意重度 塑料头 307
1398,16:23:31,hit_1398_20260730_162331.csv,512,DEFECT,HIGH,0,27,110,272,500000,4921460,3913654,-4921460,-436148.1,,307,-35,坏棒 总长1002 任意重度 塑料头 307
1399,16:23:31,hit_1399_20260730_162331.csv,512,DEFECT,HIGH,0,32,111,320,500000,5526508,4068243,-5526508,-541212.7,,307,13,坏棒 总长1002 任意重度 塑料头 307
1400,16:23:32,hit_1400_20260730_162332.csv,512,DEFECT,HIGH,0,67,108,577,500000,4776411,4776411,-4168111,390411.7,,307,270,坏棒 总长1002 任意重度 塑料头 307
1401,16:23:32,hit_1401_20260730_162332.csv,512,DEFECT,HIGH,0,23,112,227,500000,4783368,4783368,-4670997,140692.1,,307,-80,坏棒 总长1002 任意重度 塑料头 307
1402,16:23:32,hit_1402_20260730_162332.csv,512,DEFECT,HIGH,0,25,114,242,500000,5096337,4025856,-5096337,-95457.6,,307,-65,坏棒 总长1002 任意重度 塑料头 307
1403,16:23:32,hit_1403_20260730_162332.csv,512,DEFECT,HIGH,0,24,114,233,500000,4959765,3876517,-4959765,-43426.2,,307,-74,坏棒 总长1002 任意重度 塑料头 307
1404,16:23:33,hit_1404_20260730_162333.csv,512,DEFECT,HIGH,0,68,109,581,500000,4657618,4657618,-4214264,374344.6,,307,274,坏棒 总长1002 任意重度 塑料头 307
1405,16:23:33,hit_1405_20260730_162333.csv,512,DEFECT,HIGH,0,43,113,421,500000,4561781,3579707,-4561781,-437652.5,,307,114,坏棒 总长1002 任意重度 塑料头 307
1406,16:23:33,hit_1406_20260730_162333.csv,512,DEFECT,HIGH,0,24,108,247,500000,4590650,4216713,-4590650,-211550.0,,307,-60,坏棒 总长1002 任意重度 塑料头 307
1407,16:23:34,hit_1407_20260730_162334.csv,512,DEFECT,HIGH,0,27,115,259,500000,5326267,4774289,-5326267,238872.7,,307,-48,坏棒 总长1002 任意重度 塑料头 307
1408,16:23:34,hit_1408_20260730_162334.csv,512,DEFECT,HIGH,0,25,115,240,500000,4954703,4171602,-4954703,104827.3,,307,-67,坏棒 总长1002 任意重度 塑料头 307
1409,16:23:34,hit_1409_20260730_162334.csv,512,DEFECT,HIGH,0,21,110,212,500000,5179341,5179341,-4437043,312103.2,,307,-95,坏棒 总长1002 任意重度 塑料头 307
1410,16:23:35,hit_1410_20260730_162335.csv,512,DEFECT,HIGH,0,23,112,227,500000,4741466,4033845,-4741466,180093.5,,307,-80,坏棒 总长1002 任意重度 塑料头 307
1411,16:23:35,hit_1411_20260730_162335.csv,512,DEFECT,HIGH,0,24,110,242,500000,4936793,4159454,-4936793,-81890.4,,307,-65,坏棒 总长1002 任意重度 塑料头 307
1412,16:23:35,hit_1412_20260730_162335.csv,512,DEFECT,HIGH,0,32,109,326,500000,5621196,4121929,-5621196,-614666.1,,307,19,坏棒 总长1002 任意重度 塑料头 307
1413,16:23:35,hit_1413_20260730_162335.csv,512,DEFECT,HIGH,0,21,109,214,500000,4572491,4572491,-4442257,301942.6,,307,-93,坏棒 总长1002 任意重度 塑料头 307
1414,16:23:36,hit_1414_20260730_162336.csv,512,DEFECT,HIGH,0,24,112,237,500000,5056566,4985474,-5056566,236920.4,,307,-70,坏棒 总长1002 任意重度 塑料头 307
1415,16:23:36,hit_1415_20260730_162336.csv,512,DEFECT,HIGH,0,23,112,227,500000,5246172,5246172,-4660103,420734.0,,307,-80,坏棒 总长1002 任意重度 塑料头 307
1416,16:23:36,hit_1416_20260730_162336.csv,512,DEFECT,HIGH,0,23,113,225,500000,4732265,4575873,-4732265,236674.9,,307,-82,坏棒 总长1002 任意重度 塑料头 307
1417,16:23:37,hit_1417_20260730_162337.csv,512,DEFECT,HIGH,0,25,113,245,500000,5245776,5245776,-4966199,364021.8,,307,-62,坏棒 总长1002 任意重度 塑料头 307
1418,16:23:37,hit_1418_20260730_162337.csv,512,DEFECT,HIGH,0,24,111,240,500000,5181165,5181165,-4832076,369099.9,,307,-67,坏棒 总长1002 任意重度 塑料头 307
1419,16:23:37,hit_1419_20260730_162337.csv,512,DEFECT,HIGH,0,30,114,291,500000,5203121,3668072,-5203121,-534549.5,,307,-16,坏棒 总长1002 任意重度 塑料头 307
1420,16:23:38,hit_1420_20260730_162338.csv,512,DEFECT,HIGH,0,24,112,237,500000,4946478,4389079,-4946478,159784.6,,307,-70,坏棒 总长1002 任意重度 塑料头 307
1421,16:23:38,hit_1421_20260730_162338.csv,512,DEFECT,HIGH,0,25,113,245,500000,4944363,4217076,-4944363,35.9,,307,-62,坏棒 总长1002 任意重度 塑料头 307
1422,16:23:38,hit_1422_20260730_162338.csv,512,DEFECT,HIGH,0,69,110,585,500000,4941413,4941413,-4526312,512210.8,,307,278,坏棒 总长1002 任意重度 塑料头 307
1423,16:23:39,hit_1423_20260730_162339.csv,512,DEFECT,HIGH,0,35,112,346,500000,4582661,4105662,-4582661,-381192.3,,307,39,坏棒 总长1002 任意重度 塑料头 307
1424,16:23:39,hit_1424_20260730_162339.csv,512,DEFECT,HIGH,0,71,109,612,500000,4506928,4506928,-3530909,21501.0,,307,305,坏棒 总长1002 任意重度 塑料头 307
1425,16:23:39,hit_1425_20260730_162339.csv,512,DEFECT,HIGH,0,24,110,242,500000,4883029,4664699,-4883029,160934.6,,307,-65,坏棒 总长1002 任意重度 塑料头 307
1426,16:23:39,hit_1426_20260730_162339.csv,512,DEFECT,HIGH,0,70,111,590,500000,4900462,4900462,-4577115,480418.5,,307,283,坏棒 总长1002 任意重度 塑料头 307
1427,16:23:40,hit_1427_20260730_162340.csv,512,DEFECT,HIGH,0,69,110,585,500000,5364310,5364310,-4469939,762629.2,,307,278,坏棒 总长1002 任意重度 塑料头 307
1428,16:23:40,hit_1428_20260730_162340.csv,512,DEFECT,HIGH,0,22,110,222,500000,4474589,4092961,-4474589,43512.8,,307,-85,坏棒 总长1002 任意重度 塑料头 307
1429,16:23:40,hit_1429_20260730_162340.csv,512,DEFECT,HIGH,0,23,111,230,500000,5298593,5298593,-4627819,439645.8,,307,-77,坏棒 总长1002 任意重度 塑料头 307
1430,16:23:41,hit_1430_20260730_162341.csv,512,DEFECT,HIGH,0,30,114,291,500000,5690500,3995595,-5690500,-324449.0,,307,-16,坏棒 总长1002 任意重度 塑料头 307
1431,16:23:41,hit_1431_20260730_162341.csv,512,DEFECT,HIGH,0,32,114,310,500000,5900440,3794818,-5900440,-604080.3,,307,3,坏棒 总长1002 任意重度 塑料头 307
1432,16:23:41,hit_1432_20260730_162341.csv,512,DEFECT,HIGH,0,31,113,303,500000,5846735,4143246,-5846735,-384616.4,,307,-4,坏棒 总长1002 任意重度 塑料头 307
1433,16:23:42,hit_1433_20260730_162342.csv,512,DEFECT,HIGH,0,35,110,353,500000,4985667,4421507,-4985667,-276381.7,,307,46,坏棒 总长1002 任意重度 塑料头 307
1434,16:23:42,hit_1434_20260730_162342.csv,512,DEFECT,HIGH,0,25,108,257,500000,4829048,4381578,-4829048,-120067.1,,307,-50,坏棒 总长1002 任意重度 塑料头 307
1435,16:23:42,hit_1435_20260730_162342.csv,512,DEFECT,HIGH,0,27,111,270,500000,5288395,4218292,-5288395,-238677.7,,307,-37,坏棒 总长1002 任意重度 塑料头 307
1436,16:23:42,hit_1436_20260730_162342.csv,512,DEFECT,HIGH,0,24,110,242,500000,4896857,4664818,-4896857,161293.5,,307,-65,坏棒 总长1002 任意重度 塑料头 307
1437,16:23:43,hit_1437_20260730_162343.csv,512,DEFECT,HIGH,0,29,112,287,500000,5512902,4968286,-5512902,-20340.0,,307,-20,坏棒 总长1002 任意重度 塑料头 307
1438,16:23:43,hit_1438_20260730_162343.csv,512,DEFECT,HIGH,0,23,111,230,500000,4562748,4427443,-4562748,181579.7,,307,-77,坏棒 总长1002 任意重度 塑料头 307
1439,16:23:43,hit_1439_20260730_162343.csv,512,DEFECT,HIGH,0,27,113,264,500000,5308567,4586421,-5308567,-44145.4,,307,-43,坏棒 总长1002 任意重度 塑料头 307
1440,16:23:44,hit_1440_20260730_162344.csv,512,DEFECT,HIGH,0,25,113,245,500000,4993728,4441436,-4993728,-13534.7,,307,-62,坏棒 总长1002 任意重度 塑料头 307
1441,16:23:44,hit_1441_20260730_162344.csv,512,DEFECT,HIGH,0,24,113,235,500000,4820289,4723144,-4820289,253865.7,,307,-72,坏棒 总长1002 任意重度 塑料头 307
1442,16:23:44,hit_1442_20260730_162344.csv,512,DEFECT,HIGH,0,26,114,252,500000,5237602,4758548,-5237602,62568.0,,307,-55,坏棒 总长1002 任意重度 塑料头 307
1443,16:23:45,hit_1443_20260730_162345.csv,512,DEFECT,HIGH,0,25,108,257,500000,4765243,4401765,-4765243,5547.0,,307,-50,坏棒 总长1002 任意重度 塑料头 307
1444,16:23:45,hit_1444_20260730_162345.csv,512,DEFECT,HIGH,0,65,115,477,500000,4703859,4703859,-3789392,401259.1,,307,170,坏棒 总长1002 任意重度 塑料头 307
1445,16:23:45,hit_1445_20260730_162345.csv,512,DEFECT,HIGH,0,33,113,323,500000,4783394,4136897,-4783394,-344322.8,,307,16,坏棒 总长1002 任意重度 塑料头 307
1446,16:23:45,hit_1446_20260730_162345.csv,512,DEFECT,HIGH,0,33,111,330,500000,4718446,4718446,-4324391,-124952.9,,307,23,坏棒 总长1002 任意重度 塑料头 307
1447,16:23:46,hit_1447_20260730_162346.csv,512,DEFECT,HIGH,0,25,113,245,500000,5064624,4431156,-5064624,145622.4,,307,-62,坏棒 总长1002 任意重度 塑料头 307
1448,16:23:46,hit_1448_20260730_162346.csv,512,DEFECT,HIGH,0,25,113,245,500000,5068133,4135807,-5068133,10282.6,,307,-62,坏棒 总长1002 任意重度 塑料头 307
1449,16:23:47,hit_1449_20260730_162347.csv,512,DEFECT,HIGH,0,28,118,261,500000,5157124,3277157,-5157124,-382574.2,,307,-46,坏棒 总长1002 任意重度 塑料头 307
1450,16:23:47,hit_1450_20260730_162347.csv,512,DEFECT,HIGH,0,54,118,504,500000,5183373,3881267,-5183373,-443491.6,,307,197,坏棒 总长1002 任意重度 塑料头 307
1451,16:23:47,hit_1451_20260730_162347.csv,512,DEFECT,HIGH,0,24,114,233,500000,4996359,3793733,-4996359,-34893.4,,307,-74,坏棒 总长1002 任意重度 塑料头 307
1452,16:23:47,hit_1452_20260730_162347.csv,512,DEFECT,HIGH,0,25,113,245,500000,5041546,4653928,-5041546,222637.2,,307,-62,坏棒 总长1002 任意重度 塑料头 307
1453,16:23:48,hit_1453_20260730_162348.csv,512,DEFECT,HIGH,0,30,116,285,500000,5669408,3662664,-5669408,-491785.7,,307,-22,坏棒 总长1002 任意重度 塑料头 307
1454,16:23:48,hit_1454_20260730_162348.csv,512,DEFECT,HIGH,0,27,114,262,500000,5330866,4779205,-5330866,44946.7,,307,-45,坏棒 总长1002 任意重度 塑料头 307
1455,16:23:48,hit_1455_20260730_162348.csv,512,DEFECT,HIGH,0,26,114,252,500000,5040576,4842609,-5040576,278842.6,,307,-55,坏棒 总长1002 任意重度 塑料头 307
1456,16:23:49,hit_1456_20260730_162349.csv,512,DEFECT,HIGH,0,24,112,237,500000,4942111,4122078,-4942111,165641.9,,307,-70,坏棒 总长1002 任意重度 塑料头 307
1457,16:23:49,hit_1457_20260730_162349.csv,512,DEFECT,HIGH,0,28,113,274,500000,5649499,4276247,-5649499,-143896.8,,307,-33,坏棒 总长1002 任意重度 塑料头 307
1458,16:23:49,hit_1458_20260730_162349.csv,512,DEFECT,HIGH,0,72,111,610,500000,4465956,4465956,-3904830,-76215.2,,307,303,坏棒 总长1002 任意重度 塑料头 307
1459,16:23:50,hit_1459_20260730_162350.csv,512,DEFECT,HIGH,0,23,109,234,500000,4861233,4764451,-4861233,163632.7,,307,-73,坏棒 总长1002 任意重度 塑料头 307
1460,16:23:50,hit_1460_20260730_162350.csv,512,DEFECT,HIGH,0,26,110,262,500000,4921018,3842878,-4921018,-518612.7,,307,-45,坏棒 总长1002 任意重度 塑料头 307
1461,16:23:50,hit_1461_20260730_162350.csv,512,DEFECT,HIGH,0,26,113,254,500000,5238193,4864268,-5238193,292019.0,,307,-53,坏棒 总长1002 任意重度 塑料头 307
1462,16:23:50,hit_1462_20260730_162350.csv,512,DEFECT,HIGH,0,28,115,269,500000,5291298,4192074,-5291298,-44965.2,,307,-38,坏棒 总长1002 任意重度 塑料头 307
1463,16:23:51,hit_1463_20260730_162351.csv,512,DEFECT,HIGH,0,32,120,293,500000,5830756,3833898,-5830756,-377326.8,,307,-14,坏棒 总长1002 任意重度 塑料头 307
1464,16:23:51,hit_1464_20260730_162351.csv,512,DEFECT,HIGH,0,24,113,235,500000,4764618,4764618,-4553967,307296.7,,307,-72,坏棒 总长1002 任意重度 塑料头 307
1465,16:23:51,hit_1465_20260730_162351.csv,512,DEFECT,HIGH,0,31,122,279,500000,5477396,4071497,-5477396,-96142.3,,307,-28,坏棒 总长1002 任意重度 塑料头 307
1466,16:23:52,hit_1466_20260730_162352.csv,512,DEFECT,HIGH,0,24,113,235,500000,5017937,4686346,-5017937,222580.6,,307,-72,坏棒 总长1002 任意重度 塑料头 307
1467,16:23:52,hit_1467_20260730_162352.csv,512,DEFECT,HIGH,0,25,113,245,500000,5190274,5190274,-5011594,244527.5,,307,-62,坏棒 总长1002 任意重度 塑料头 307
1468,16:23:53,hit_1468_20260730_162353.csv,512,DEFECT,HIGH,0,29,114,281,500000,5638096,3738843,-5638096,-364745.5,,307,-26,坏棒 总长1002 任意重度 塑料头 307
1469,16:23:53,hit_1469_20260730_162353.csv,512,DEFECT,HIGH,0,72,112,603,500000,4852256,4364881,-4852256,338653.9,,307,296,坏棒 总长1002 任意重度 塑料头 307
1470,16:23:53,hit_1470_20260730_162353.csv,512,DEFECT,HIGH,0,43,110,434,500000,4875343,3782839,-4875343,-482184.2,,307,127,坏棒 总长1002 任意重度 塑料头 307
1471,16:23:53,hit_1471_20260730_162353.csv,512,DEFECT,HIGH,0,24,111,240,500000,4888197,4099625,-4888197,-229076.4,,307,-67,坏棒 总长1002 任意重度 塑料头 307
1472,16:23:54,hit_1472_20260730_162354.csv,512,DEFECT,HIGH,0,27,114,262,500000,5381924,4822615,-5381924,207194.0,,307,-45,坏棒 总长1002 任意重度 塑料头 307
1473,16:23:54,hit_1473_20260730_162354.csv,512,DEFECT,HIGH,0,30,117,283,500000,5784748,4404674,-5784748,-67162.0,,307,-24,坏棒 总长1002 任意重度 塑料头 307
1474,16:23:54,hit_1474_20260730_162354.csv,512,DEFECT,HIGH,0,29,115,278,500000,5645424,4945257,-5645424,102814.2,,307,-29,坏棒 总长1002 任意重度 塑料头 307
1475,16:23:55,hit_1475_20260730_162355.csv,512,DEFECT,HIGH,0,24,113,235,500000,4951877,4951877,-4917698,332763.5,,307,-72,坏棒 总长1002 任意重度 塑料头 307
1476,16:23:55,hit_1476_20260730_162355.csv,512,DEFECT,HIGH,0,30,118,280,500000,5598685,3999910,-5598685,-348353.4,,307,-27,坏棒 总长1002 任意重度 塑料头 307
1477,16:23:55,hit_1477_20260730_162355.csv,512,DEFECT,HIGH,0,29,116,276,500000,5719358,3941908,-5719358,-398388.7,,307,-31,坏棒 总长1002 任意重度 塑料头 307
1478,16:23:55,hit_1478_20260730_162355.csv,512,DEFECT,HIGH,0,28,115,269,500000,5539688,4109761,-5539688,-299493.1,,307,-38,坏棒 总长1002 任意重度 塑料头 307
1479,16:23:56,hit_1479_20260730_162356.csv,512,DEFECT,HIGH,0,26,109,265,500000,5337059,4154889,-5337059,-315869.0,,307,-42,坏棒 总长1002 任意重度 塑料头 307
1480,16:23:56,hit_1480_20260730_162356.csv,512,DEFECT,HIGH,0,26,112,257,500000,5118361,4923211,-5118361,374014.3,,307,-50,坏棒 总长1002 任意重度 塑料头 307
1481,16:23:56,hit_1481_20260730_162356.csv,512,DEFECT,HIGH,0,30,116,285,500000,5823904,4329927,-5823904,-150181.3,,307,-22,坏棒 总长1002 任意重度 塑料头 307
1482,16:23:57,hit_1482_20260730_162357.csv,512,DEFECT,HIGH,0,32,118,299,500000,5918551,4137274,-5918551,-324044.5,,307,-8,坏棒 总长1002 任意重度 塑料头 307
1483,16:23:57,hit_1483_20260730_162357.csv,512,DEFECT,HIGH,0,30,117,283,500000,5677958,4675716,-5677958,35824.6,,307,-24,坏棒 总长1002 任意重度 塑料头 307
1484,16:23:57,hit_1484_20260730_162357.csv,512,DEFECT,HIGH,0,23,111,230,500000,4916631,4916631,-4868800,320893.5,,307,-77,坏棒 总长1002 任意重度 塑料头 307
1485,16:23:58,hit_1485_20260730_162358.csv,512,DEFECT,HIGH,0,26,113,254,500000,5298428,4188799,-5298428,7916.2,,307,-53,坏棒 总长1002 任意重度 塑料头 307
1486,16:23:58,hit_1486_20260730_162358.csv,512,DEFECT,HIGH,0,28,113,274,500000,5488326,3687262,-5488326,-472788.2,,307,-33,坏棒 总长1002 任意重度 塑料头 307
1487,16:23:58,hit_1487_20260730_162358.csv,512,DEFECT,HIGH,0,24,111,240,500000,4985451,4311366,-4985451,-109864.2,,307,-67,坏棒 总长1002 任意重度 塑料头 307
1488,16:23:58,hit_1488_20260730_162358.csv,512,DEFECT,HIGH,0,26,109,265,500000,5321104,4323986,-5321104,-253046.4,,307,-42,坏棒 总长1002 任意重度 塑料头 307
1489,16:23:59,hit_1489_20260730_162359.csv,512,DEFECT,HIGH,0,100,115,787,500000,4862782,4076908,-4862782,-472182.7,,307,480,坏棒 总长1002 任意重度 塑料头 307
1490,16:23:59,hit_1490_20260730_162359.csv,512,DEFECT,HIGH,0,25,111,250,500000,5079191,5079191,-5055311,220899.9,,307,-57,坏棒 总长1002 任意重度 塑料头 307
1491,16:23:59,hit_1491_20260730_162359.csv,512,DEFECT,HIGH,0,75,114,621,500000,5439955,4570296,-5439955,179627.7,,307,314,坏棒 总长1002 任意重度 塑料头 307
1492,16:24:00,hit_1492_20260730_162400.csv,512,DEFECT,HIGH,0,24,112,237,500000,4951498,4642065,-4951498,175110.1,,307,-70,坏棒 总长1002 任意重度 塑料头 307
1493,16:24:00,hit_1493_20260730_162400.csv,512,DEFECT,HIGH,0,30,115,288,500000,5866877,4322999,-5866877,-112277.9,,307,-19,坏棒 总长1002 任意重度 塑料头 307
1494,16:24:00,hit_1494_20260730_162400.csv,512,DEFECT,HIGH,0,70,111,590,500000,5544868,5544868,-4441919,746322.0,,307,283,坏棒 总长1002 任意重度 塑料头 307
1495,16:24:01,hit_1495_20260730_162401.csv,512,DEFECT,HIGH,0,26,113,254,500000,5315817,4053929,-5315817,-129518.1,,307,-53,坏棒 总长1002 任意重度 塑料头 307
1496,16:24:01,hit_1496_20260730_162401.csv,512,DEFECT,HIGH,0,26,115,250,500000,5104011,3571948,-5104011,-302956.8,,307,-57,坏棒 总长1002 任意重度 塑料头 307
1497,16:24:01,hit_1497_20260730_162401.csv,512,DEFECT,HIGH,0,29,117,273,500000,5482529,4119970,-5482529,-123402.9,,307,-34,坏棒 总长1002 任意重度 塑料头 307
1498,16:24:01,hit_1498_20260730_162401.csv,512,DEFECT,HIGH,0,24,115,230,500000,4762818,3886486,-4762818,104043.6,,307,-77,坏棒 总长1002 任意重度 塑料头 307
1499,16:24:02,hit_1499_20260730_162402.csv,512,DEFECT,HIGH,0,27,118,252,500000,5299834,4142527,-5299834,-201108.1,,307,-55,坏棒 总长1002 任意重度 塑料头 307
1500,16:24:02,hit_1500_20260730_162402.csv,512,DEFECT,HIGH,0,25,113,245,500000,5126039,4968488,-5126039,229876.3,,307,-62,坏棒 总长1002 任意重度 塑料头 307
1501,16:24:02,hit_1501_20260730_162402.csv,512,DEFECT,HIGH,0,25,113,245,500000,5081562,4779046,-5081562,157910.5,,307,-62,坏棒 总长1002 任意重度 塑料头 307
1502,16:24:03,hit_1502_20260730_162403.csv,512,DEFECT,HIGH,0,24,113,235,500000,4842464,4572306,-4842464,184689.3,,307,-72,坏棒 总长1002 任意重度 塑料头 307
1503,16:24:03,hit_1503_20260730_162403.csv,512,DEFECT,HIGH,0,25,112,247,500000,5066457,3949548,-5066457,-209806.0,,307,-60,坏棒 总长1002 任意重度 塑料头 307
1504,16:24:03,hit_1504_20260730_162403.csv,512,DEFECT,HIGH,0,42,109,428,500000,4886220,3917027,-4886220,-425936.9,,307,121,坏棒 总长1002 任意重度 塑料头 307
1505,16:24:03,hit_1505_20260730_162403.csv,512,DEFECT,HIGH,0,28,117,264,500000,5375420,4445159,-5375420,1631.0,,307,-43,坏棒 总长1002 任意重度 塑料头 307
1506,16:24:04,hit_1506_20260730_162404.csv,512,DEFECT,HIGH,0,28,119,259,500000,5230639,3618145,-5230639,-363007.0,,307,-48,坏棒 总长1002 任意重度 塑料头 307
1507,16:24:04,hit_1507_20260730_162404.csv,512,DEFECT,HIGH,0,31,122,279,500000,5599625,4561804,-5599625,59704.4,,307,-28,坏棒 总长1002 任意重度 塑料头 307
1508,16:24:04,hit_1508_20260730_162404.csv,512,DEFECT,HIGH,0,26,118,242,500000,4817504,4273975,-4817504,214411.0,,307,-65,坏棒 总长1002 任意重度 塑料头 307
1509,16:24:04,hit_1509_20260730_162404.csv,512,DEFECT,HIGH,0,30,117,283,500000,5527411,3526035,-5527411,-474980.6,,307,-24,坏棒 总长1002 任意重度 塑料头 307
1510,16:24:05,hit_1510_20260730_162405.csv,512,DEFECT,HIGH,0,28,114,271,500000,5552500,3816555,-5552500,-383578.5,,307,-36,坏棒 总长1002 任意重度 塑料头 307
1511,16:24:05,hit_1511_20260730_162405.csv,512,DEFECT,HIGH,0,23,108,237,500000,4459061,4201186,-4459061,-226935.3,,307,-70,坏棒 总长1002 任意重度 塑料头 307
1512,16:24:05,hit_1512_20260730_162405.csv,512,DEFECT,HIGH,0,26,111,260,500000,5347620,4239484,-5347620,59461.1,,307,-47,坏棒 总长1002 任意重度 塑料头 307
1513,16:24:06,hit_1513_20260730_162406.csv,512,DEFECT,HIGH,0,26,113,254,500000,5276711,4149566,-5276711,-99891.9,,307,-53,坏棒 总长1002 任意重度 塑料头 307
1514,16:24:06,hit_1514_20260730_162406.csv,512,DEFECT,HIGH,0,24,112,237,500000,4988970,4313163,-4988970,202337.5,,307,-70,坏棒 总长1002 任意重度 塑料头 307
1515,16:24:06,hit_1515_20260730_162406.csv,512,DEFECT,HIGH,0,31,118,289,500000,5911464,4418906,-5911464,-157695.9,,307,-18,坏棒 总长1002 任意重度 塑料头 307
1516,16:24:06,hit_1516_20260730_162406.csv,512,DEFECT,HIGH,0,24,112,237,500000,4898553,4490741,-4898553,126742.4,,307,-70,坏棒 总长1002 任意重度 塑料头 307
1517,16:24:07,hit_1517_20260730_162407.csv,512,DEFECT,HIGH,0,26,112,257,500000,5259842,4400119,-5259842,19221.0,,307,-50,坏棒 总长1002 任意重度 塑料头 307
1518,16:24:07,hit_1518_20260730_162407.csv,512,DEFECT,HIGH,0,28,114,271,500000,5553583,3648122,-5553583,-496708.4,,307,-36,坏棒 总长1002 任意重度 塑料头 307
1519,16:24:07,hit_1519_20260730_162407.csv,512,DEFECT,HIGH,0,26,111,260,500000,4721809,3803586,-4721809,-372888.2,,307,-47,坏棒 总长1002 任意重度 塑料头 307
1520,16:24:07,hit_1520_20260730_162407.csv,512,DEFECT,HIGH,0,100,115,787,500000,4255210,4168270,-4255210,-289265.2,,307,480,坏棒 总长1002 任意重度 塑料头 307
1521,16:24:08,hit_1521_20260730_162408.csv,512,DEFECT,HIGH,0,26,110,262,500000,5073193,3842927,-5073193,-483032.3,,307,-45,坏棒 总长1002 任意重度 塑料头 307
1522,16:24:08,hit_1522_20260730_162408.csv,512,DEFECT,HIGH,0,28,113,274,500000,5542026,3743782,-5542026,-429002.1,,307,-33,坏棒 总长1002 任意重度 塑料头 307
1523,16:24:08,hit_1523_20260730_162408.csv,512,DEFECT,HIGH,0,29,116,276,500000,5531643,3674374,-5531643,-391013.7,,307,-31,坏棒 总长1002 任意重度 塑料头 307
1524,16:24:09,hit_1524_20260730_162409.csv,512,DEFECT,HIGH,0,28,117,264,500000,5441156,3896614,-5441156,-132332.2,,307,-43,坏棒 总长1002 任意重度 塑料头 307
1525,16:24:09,hit_1525_20260730_162409.csv,512,DEFECT,HIGH,0,24,114,233,500000,4992976,4173316,-4992976,56850.9,,307,-74,坏棒 总长1002 任意重度 塑料头 307
1526,16:24:09,hit_1526_20260730_162409.csv,512,DEFECT,HIGH,0,31,117,292,500000,5987253,4320201,-5987253,-248989.0,,307,-15,坏棒 总长1002 任意重度 塑料头 307
1527,16:24:09,hit_1527_20260730_162409.csv,512,DEFECT,HIGH,0,28,116,266,500000,5411843,4187818,-5411843,-130888.9,,307,-41,坏棒 总长1002 任意重度 塑料头 307
1528,16:24:10,hit_1528_20260730_162410.csv,512,DEFECT,HIGH,0,27,113,264,500000,5420275,4253946,-5420275,-157005.1,,307,-43,坏棒 总长1002 任意重度 塑料头 307
1529,16:24:10,hit_1529_20260730_162410.csv,512,DEFECT,HIGH,0,24,112,237,500000,5058869,4140459,-5058869,72106.9,,307,-70,坏棒 总长1002 任意重度 塑料头 307
1530,16:24:10,hit_1530_20260730_162410.csv,512,DEFECT,HIGH,0,24,110,242,500000,5062958,4390055,-5062958,-106792.4,,307,-65,坏棒 总长1002 任意重度 塑料头 307
1531,16:24:11,hit_1531_20260730_162411.csv,512,DEFECT,HIGH,0,100,117,787,500000,4692838,4047276,-4692838,-413463.6,,307,480,坏棒 总长1002 任意重度 塑料头 307
1532,16:24:11,hit_1532_20260730_162411.csv,512,DEFECT,HIGH,0,41,108,422,500000,4741944,4001010,-4741944,-410290.4,,307,115,坏棒 总长1002 任意重度 塑料头 307
1533,16:24:11,hit_1533_20260730_162411.csv,512,DEFECT,HIGH,0,26,113,254,500000,5322470,4311159,-5322470,71021.7,,307,-53,坏棒 总长1002 任意重度 塑料头 307
1534,16:24:11,hit_1534_20260730_162411.csv,512,DEFECT,HIGH,0,28,114,271,500000,5560679,4103195,-5560679,-210751.1,,307,-36,坏棒 总长1002 任意重度 塑料头 307
1535,16:24:12,hit_1535_20260730_162412.csv,512,DEFECT,HIGH,0,26,114,252,500000,5272764,4475503,-5272764,50943.1,,307,-55,坏棒 总长1002 任意重度 塑料头 307
1536,16:24:12,hit_1536_20260730_162412.csv,512,DEFECT,HIGH,0,29,114,281,500000,5071106,3571661,-5071106,-492603.9,,307,-26,坏棒 总长1002 任意重度 塑料头 307
1537,16:24:12,hit_1537_20260730_162412.csv,512,DEFECT,HIGH,0,26,112,257,500000,4866446,3607648,-4866446,-418139.0,,307,-50,坏棒 总长1002 任意重度 塑料头 307
1538,16:24:13,hit_1538_20260730_162413.csv,512,DEFECT,HIGH,0,44,112,435,500000,5147085,3840045,-5147085,-437610.2,,307,128,坏棒 总长1002 任意重度 塑料头 307
1539,16:24:13,hit_1539_20260730_162413.csv,512,DEFECT,HIGH,0,31,109,316,500000,4670722,4670722,-3613283,72457.3,,307,9,坏棒 总长1002 任意重度 塑料头 307
1540,16:24:13,hit_1540_20260730_162413.csv,512,DEFECT,HIGH,0,40,113,392,500000,4020794,3681302,-4020794,-614355.3,,307,85,坏棒 总长1002 任意重度 塑料头 307
1541,16:24:14,hit_1541_20260730_162414.csv,512,DEFECT,HIGH,0,24,110,242,500000,4968750,4572016,-4968750,65875.0,,307,-65,坏棒 总长1002 任意重度 塑料头 307
1542,16:24:14,hit_1542_20260730_162414.csv,512,DEFECT,HIGH,0,25,112,247,500000,5220123,4004268,-5220123,-56577.4,,307,-60,坏棒 总长1002 任意重度 塑料头 307
1543,16:24:14,hit_1543_20260730_162414.csv,512,DEFECT,HIGH,0,26,113,254,500000,5313034,4120223,-5313034,-68001.5,,307,-53,坏棒 总长1002 任意重度 塑料头 307
1544,16:24:14,hit_1544_20260730_162414.csv,512,DEFECT,HIGH,0,26,113,254,500000,5276943,4055334,-5276943,-5734.2,,307,-53,坏棒 总长1002 任意重度 塑料头 307
1545,16:24:15,hit_1545_20260730_162415.csv,512,DEFECT,HIGH,0,26,113,254,500000,5332216,4804570,-5332216,112377.7,,307,-53,坏棒 总长1002 任意重度 塑料头 307
1546,16:24:15,hit_1546_20260730_162415.csv,512,DEFECT,HIGH,0,28,116,266,500000,5275250,3511487,-5275250,-452338.8,,307,-41,坏棒 总长1002 任意重度 塑料头 307
1547,16:24:15,hit_1547_20260730_162415.csv,512,DEFECT,HIGH,0,28,116,266,500000,5405822,3841778,-5405822,-399579.1,,307,-41,坏棒 总长1002 任意重度 塑料头 307
1548,16:24:16,hit_1548_20260730_162416.csv,512,DEFECT,HIGH,0,26,114,252,500000,5084709,4318126,-5084709,133087.6,,307,-55,坏棒 总长1002 任意重度 塑料头 307
1549,16:24:16,hit_1549_20260730_162416.csv,512,DEFECT,HIGH,0,25,111,250,500000,4972281,4096811,-4972281,-224663.9,,307,-57,坏棒 总长1002 任意重度 塑料头 307
1550,16:24:16,hit_1550_20260730_162416.csv,512,DEFECT,HIGH,0,31,112,306,500000,4570486,4100149,-4570486,-289592.9,,307,-1,坏棒 总长1002 任意重度 塑料头 307
1551,16:24:17,hit_1551_20260730_162417.csv,512,DEFECT,HIGH,0,25,112,247,500000,5125991,4706981,-5125991,357956.0,,307,-60,坏棒 总长1002 任意重度 塑料头 307
1552,16:24:17,hit_1552_20260730_162417.csv,512,DEFECT,HIGH,0,24,112,237,500000,5051799,4308792,-5051799,82206.4,,307,-70,坏棒 总长1002 任意重度 塑料头 307
1553,16:24:17,hit_1553_20260730_162417.csv,512,DEFECT,HIGH,0,28,115,269,500000,5469643,4485351,-5469643,-73129.6,,307,-38,坏棒 总长1002 任意重度 塑料头 307
1554,16:24:17,hit_1554_20260730_162417.csv,512,DEFECT,HIGH,0,25,113,245,500000,5092379,4920756,-5092379,237432.3,,307,-62,坏棒 总长1002 任意重度 塑料头 307
1555,16:24:18,hit_1555_20260730_162418.csv,512,DEFECT,HIGH,0,22,112,217,500000,5223944,5223944,-4488387,510168.2,,307,-90,坏棒 总长1002 任意重度 塑料头 307
1556,16:24:18,hit_1556_20260730_162418.csv,512,DEFECT,HIGH,0,25,113,245,500000,5059327,5030689,-5059327,321152.6,,307,-62,坏棒 总长1002 任意重度 塑料头 307
1557,16:24:19,hit_1557_20260730_162419.csv,512,DEFECT,HIGH,0,28,114,271,500000,5531197,4118095,-5531197,-84963.3,,307,-36,坏棒 总长1002 任意重度 塑料头 307
1558,16:24:19,hit_1558_20260730_162419.csv,512,DEFECT,HIGH,0,26,114,252,500000,5307750,4141229,-5307750,82769.2,,307,-55,坏棒 总长1002 任意重度 塑料头 307
1559,16:24:19,hit_1559_20260730_162419.csv,512,DEFECT,HIGH,0,31,111,310,500000,5624471,4030899,-5624471,-608024.1,,307,3,坏棒 总长1002 任意重度 塑料头 307
1560,16:24:20,hit_1560_20260730_162420.csv,512,DEFECT,HIGH,0,24,118,212,500000,4374298,3811653,-4374298,-391111.1,,307,-95,坏棒 总长1002 任意重度 塑料头 307
1561,16:24:20,hit_1561_20260730_162420.csv,512,DEFECT,HIGH,0,27,113,264,500000,5312956,4260034,-5312956,-21133.3,,307,-43,坏棒 总长1002 任意重度 塑料头 307
1562,16:24:20,hit_1562_20260730_162420.csv,512,DEFECT,HIGH,0,24,115,230,500000,4926498,3961850,-4926498,110058.5,,307,-77,坏棒 总长1002 任意重度 塑料头 307
1563,16:24:20,hit_1563_20260730_162420.csv,512,DEFECT,HIGH,0,33,117,311,500000,6052105,4394252,-6052105,-331012.7,,307,4,坏棒 总长1002 任意重度 塑料头 307
1564,16:24:21,hit_1564_20260730_162421.csv,512,DEFECT,HIGH,0,24,114,233,500000,4866184,4660413,-4866184,253539.6,,307,-74,坏棒 总长1002 任意重度 塑料头 307
1565,16:24:21,hit_1565_20260730_162421.csv,512,DEFECT,HIGH,0,23,112,227,500000,5312941,5312941,-4789793,395386.5,,307,-80,坏棒 总长1002 任意重度 塑料头 307
1566,16:24:22,hit_1566_20260730_162422.csv,512,DEFECT,HIGH,0,28,116,266,500000,5445579,4205700,-5445579,-159945.4,,307,-41,坏棒 总长1002 任意重度 塑料头 307
1567,16:24:22,hit_1567_20260730_162422.csv,512,DEFECT,HIGH,0,24,112,237,500000,4845189,4652539,-4845189,167659.4,,307,-70,坏棒 总长1002 任意重度 塑料头 307
1568,16:24:22,hit_1568_20260730_162422.csv,512,DEFECT,HIGH,0,23,113,225,500000,4904223,4107047,-4904223,128576.5,,307,-82,坏棒 总长1002 任意重度 塑料头 307
1569,16:24:22,hit_1569_20260730_162422.csv,512,DEFECT,HIGH,0,27,113,264,500000,5292170,4231352,-5292170,-94254.7,,307,-43,坏棒 总长1002 任意重度 塑料头 307
1570,16:24:23,hit_1570_20260730_162423.csv,512,DEFECT,HIGH,0,44,111,440,500000,4461595,4461595,-4113330,-72435.2,,307,133,坏棒 总长1002 任意重度 塑料头 307
1571,16:24:23,hit_1571_20260730_162423.csv,512,DEFECT,HIGH,0,30,113,294,500000,5802358,4124602,-5802358,-228789.8,,307,-13,坏棒 总长1002 任意重度 塑料头 307
1572,16:24:23,hit_1572_20260730_162423.csv,512,DEFECT,HIGH,0,30,118,280,500000,5657408,3727572,-5657408,-429899.8,,307,-27,坏棒 总长1002 任意重度 塑料头 307
1573,16:24:24,hit_1573_20260730_162424.csv,512,DEFECT,HIGH,0,25,114,242,500000,5023851,4202492,-5023851,111859.7,,307,-65,坏棒 总长1002 任意重度 塑料头 307
1574,16:24:24,hit_1574_20260730_162424.csv,512,DEFECT,HIGH,0,27,117,254,500000,5342451,4333458,-5342451,-72650.2,,307,-53,坏棒 总长1002 任意重度 塑料头 307
1575,16:24:24,hit_1575_20260730_162424.csv,512,DEFECT,HIGH,0,24,116,228,500000,4872047,4323306,-4872047,109875.7,,307,-79,坏棒 总长1002 任意重度 塑料头 307
1576,16:24:24,hit_1576_20260730_162424.csv,512,DEFECT,HIGH,0,26,115,250,500000,5159877,4471999,-5159877,101409.3,,307,-57,坏棒 总长1002 任意重度 塑料头 307
1577,16:24:25,hit_1577_20260730_162425.csv,512,DEFECT,HIGH,0,30,116,285,500000,5588323,4448849,-5588323,-271605.0,,307,-22,坏棒 总长1002 任意重度 塑料头 307
1578,16:24:25,hit_1578_20260730_162425.csv,512,DEFECT,HIGH,0,28,116,266,500000,5404783,4662292,-5404783,-360.2,,307,-41,坏棒 总长1002 任意重度 塑料头 307
1579,16:24:25,hit_1579_20260730_162425.csv,512,DEFECT,HIGH,0,27,117,254,500000,5290770,4275851,-5290770,26202.3,,307,-53,坏棒 总长1002 任意重度 塑料头 307
1580,16:24:25,hit_1580_20260730_162425.csv,512,DEFECT,HIGH,0,28,114,271,500000,5513229,4279523,-5513229,-20760.5,,307,-36,坏棒 总长1002 任意重度 塑料头 307
1581,16:24:26,hit_1581_20260730_162426.csv,512,DEFECT,HIGH,0,77,109,785,500000,4743474,4743474,-3990817,192821.8,,307,478,坏棒 总长1002 任意重度 塑料头 307
1582,16:24:26,hit_1582_20260730_162426.csv,512,DEFECT,HIGH,0,69,109,591,500000,4829067,4829067,-4581964,596046.4,,307,284,坏棒 总长1002 任意重度 塑料头 307
1583,16:24:27,hit_1583_20260730_162427.csv,512,DEFECT,HIGH,0,25,113,245,500000,5063190,4281833,-5063190,40029.9,,307,-62,坏棒 总长1002 任意重度 塑料头 307
1584,16:24:27,hit_1584_20260730_162427.csv,512,DEFECT,HIGH,0,47,122,423,500000,5327732,3484098,-5327732,-461851.4,,307,116,坏棒 总长1002 任意重度 塑料头 307
1585,16:24:27,hit_1585_20260730_162427.csv,512,DEFECT,HIGH,0,28,114,271,500000,5471684,4957950,-5471684,123484.4,,307,-36,坏棒 总长1002 任意重度 塑料头 307
1586,16:24:28,hit_1586_20260730_162428.csv,512,DEFECT,HIGH,0,28,114,271,500000,5329160,4902970,-5329160,141205.9,,307,-36,坏棒 总长1002 任意重度 塑料头 307
1587,16:24:28,hit_1587_20260730_162428.csv,512,DEFECT,HIGH,0,24,112,237,500000,4754939,4738406,-4754939,229080.4,,307,-70,坏棒 总长1002 任意重度 塑料头 307
1588,16:24:28,hit_1588_20260730_162428.csv,512,DEFECT,HIGH,0,26,113,254,500000,5083710,4813359,-5083710,210178.7,,307,-53,坏棒 总长1002 任意重度 塑料头 307
1589,16:24:28,hit_1589_20260730_162428.csv,512,DEFECT,HIGH,0,25,113,245,500000,5308965,5308965,-5067619,435293.5,,307,-62,坏棒 总长1002 任意重度 塑料头 307
1590,16:24:29,hit_1590_20260730_162429.csv,512,DEFECT,HIGH,0,26,112,257,500000,5315658,5268473,-5315658,320087.0,,307,-50,坏棒 总长1002 任意重度 塑料头 307
1591,16:24:41,hit_1591_20260730_162441.csv,512,DEFECT,HIGH,0,25,114,242,500000,4967883,3815610,-4967883,-77036.1,,307,-65,坏棒 总长1002 任意重度 塑料头 307
1592,16:24:41,hit_1592_20260730_162441.csv,512,DEFECT,HIGH,0,22,112,217,500000,4638554,4254419,-4638554,121769.6,,307,-90,坏棒 总长1002 任意重度 塑料头 307
1593,16:24:41,hit_1593_20260730_162441.csv,512,DEFECT,HIGH,0,23,112,227,500000,4816340,3763956,-4816340,-129263.3,,307,-80,坏棒 总长1002 任意重度 塑料头 307
1594,16:24:41,hit_1594_20260730_162441.csv,512,DEFECT,HIGH,0,27,113,264,500000,5503890,4315377,-5503890,-85295.6,,307,-43,坏棒 总长1002 任意重度 塑料头 307
1595,16:24:42,hit_1595_20260730_162442.csv,512,DEFECT,HIGH,0,72,112,603,500000,5043541,5043541,-4823979,595669.9,,307,296,坏棒 总长1002 任意重度 塑料头 307
1596,16:24:42,hit_1596_20260730_162442.csv,512,DEFECT,HIGH,0,25,114,242,500000,5006095,3774493,-5006095,-176680.3,,307,-65,坏棒 总长1002 任意重度 塑料头 307
1597,16:24:42,hit_1597_20260730_162442.csv,512,DEFECT,HIGH,0,32,118,299,500000,5914880,3832234,-5914880,-377021.0,,307,-8,坏棒 总长1002 任意重度 塑料头 307
1598,16:24:43,hit_1598_20260730_162443.csv,512,DEFECT,HIGH,0,45,115,432,500000,5144292,3632396,-5144292,-349869.4,,307,125,坏棒 总长1002 任意重度 塑料头 307
1599,16:24:43,hit_1599_20260730_162443.csv,512,DEFECT,HIGH,0,23,113,225,500000,4683580,4114606,-4683580,18390.5,,307,-82,坏棒 总长1002 任意重度 塑料头 307
1600,16:24:43,hit_1600_20260730_162443.csv,512,DEFECT,HIGH,0,73,111,620,500000,4546838,4546838,-3832813,-5696.1,,307,313,坏棒 总长1002 任意重度 塑料头 307
1601,16:24:44,hit_1601_20260730_162444.csv,512,DEFECT,HIGH,0,41,112,405,500000,3990290,3529620,-3990290,-394118.5,,307,98,坏棒 总长1002 任意重度 塑料头 307
1602,16:24:44,hit_1602_20260730_162444.csv,512,DEFECT,HIGH,0,39,115,375,500000,3980098,3895011,-3980098,-323669.0,,307,68,坏棒 总长1002 任意重度 塑料头 307
1603,16:24:44,hit_1603_20260730_162444.csv,512,DEFECT,HIGH,0,28,113,274,500000,5287385,3778495,-5287385,-416403.6,,307,-33,坏棒 总长1002 任意重度 塑料头 307
1604,16:24:45,hit_1604_20260730_162445.csv,512,DEFECT,HIGH,0,27,115,259,500000,5230784,3602061,-5230784,-334293.1,,307,-48,坏棒 总长1002 任意重度 塑料头 307
1605,16:24:45,hit_1605_20260730_162445.csv,512,DEFECT,HIGH,0,26,114,252,500000,5191317,4278380,-5191317,-25571.2,,307,-55,坏棒 总长1002 任意重度 塑料头 307
1606,16:24:45,hit_1606_20260730_162445.csv,512,DEFECT,HIGH,0,22,113,215,500000,4565789,4078827,-4565789,101631.2,,307,-92,坏棒 总长1002 任意重度 塑料头 307
1607,16:24:46,hit_1607_20260730_162446.csv,512,DEFECT,HIGH,0,23,114,223,500000,4793561,3841528,-4793561,47513.8,,307,-84,坏棒 总长1002 任意重度 塑料头 307
1608,16:24:46,hit_1608_20260730_162446.csv,512,DEFECT,HIGH,0,25,115,240,500000,5083816,3694518,-5083816,-199005.6,,307,-67,坏棒 总长1002 任意重度 塑料头 307
1609,16:24:46,hit_1609_20260730_162446.csv,512,DEFECT,HIGH,0,25,114,242,500000,5101884,3939027,-5101884,-191041.8,,307,-65,坏棒 总长1002 任意重度 塑料头 307
1610,16:24:46,hit_1610_20260730_162446.csv,512,DEFECT,HIGH,0,29,114,281,500000,5409951,3634683,-5409951,-458220.6,,307,-26,坏棒 总长1002 任意重度 塑料头 307
1611,16:24:47,hit_1611_20260730_162447.csv,512,DEFECT,HIGH,0,33,115,317,500000,5810633,3904782,-5810633,-579434.2,,307,10,坏棒 总长1002 任意重度 塑料头 307
1612,16:24:47,hit_1612_20260730_162447.csv,512,DEFECT,HIGH,0,24,110,242,500000,4748401,4183023,-4748401,-97512.6,,307,-65,坏棒 总长1002 任意重度 塑料头 307
1613,16:24:47,hit_1613_20260730_162447.csv,512,DEFECT,HIGH,0,26,111,260,500000,5189074,4261022,-5189074,-293238.3,,307,-47,坏棒 总长1002 任意重度 塑料头 307
1614,16:24:48,hit_1614_20260730_162448.csv,512,DEFECT,HIGH,0,30,110,303,500000,4724625,4724625,-3802516,104167.0,,307,-4,坏棒 总长1002 任意重度 塑料头 307
1615,16:24:48,hit_1615_20260730_162448.csv,512,DEFECT,HIGH,0,36,110,363,500000,4611139,4241169,-4611139,-467817.0,,307,56,坏棒 总长1002 任意重度 塑料头 307
1616,16:24:48,hit_1616_20260730_162448.csv,512,DEFECT,HIGH,0,43,115,413,500000,5022216,3439709,-5022216,-357218.9,,307,106,坏棒 总长1002 任意重度 塑料头 307
1617,16:24:49,hit_1617_20260730_162449.csv,512,DEFECT,HIGH,0,24,114,233,500000,4910652,3825027,-4910652,-128316.9,,307,-74,坏棒 总长1002 任意重度 塑料头 307
1618,16:24:49,hit_1618_20260730_162449.csv,512,DEFECT,HIGH,0,26,114,252,500000,5170933,3914498,-5170933,-59838.7,,307,-55,坏棒 总长1002 任意重度 塑料头 307
1619,16:24:49,hit_1619_20260730_162449.csv,512,DEFECT,HIGH,0,26,115,250,500000,5129770,3586932,-5129770,-203253.9,,307,-57,坏棒 总长1002 任意重度 塑料头 307
1620,16:24:49,hit_1620_20260730_162449.csv,512,DEFECT,HIGH,0,22,111,220,500000,4832018,4832018,-4673437,309684.4,,307,-87,坏棒 总长1002 任意重度 塑料头 307
1621,16:24:50,hit_1621_20260730_162450.csv,512,DEFECT,HIGH,0,26,113,254,500000,5075847,4675514,-5075847,97030.2,,307,-53,坏棒 总长1002 任意重度 塑料头 307
1622,16:24:50,hit_1622_20260730_162450.csv,512,DEFECT,HIGH,0,26,114,252,500000,5203476,3818621,-5203476,-198365.8,,307,-55,坏棒 总长1002 任意重度 塑料头 307
1623,16:24:51,hit_1623_20260730_162451.csv,512,DEFECT,HIGH,0,42,110,424,500000,4814950,3689080,-4814950,-490284.6,,307,117,坏棒 总长1002 任意重度 塑料头 307
1624,16:24:51,hit_1624_20260730_162451.csv,512,DEFECT,HIGH,0,26,109,265,500000,5075308,5075308,-3334186,451725.7,,307,-42,坏棒 总长1002 任意重度 塑料头 307
1625,16:24:51,hit_1625_20260730_162451.csv,512,DEFECT,HIGH,0,73,111,620,500000,4616618,4616618,-4326495,14616.4,,307,313,坏棒 总长1002 任意重度 塑料头 307
1626,16:24:52,hit_1626_20260730_162452.csv,512,DEFECT,HIGH,0,27,117,254,500000,5056972,3253095,-5056972,-365732.6,,307,-53,坏棒 总长1002 任意重度 塑料头 307
1627,16:24:52,hit_1627_20260730_162452.csv,512,DEFECT,HIGH,0,26,114,252,500000,5243960,4050239,-5243960,-105899.5,,307,-55,坏棒 总长1002 任意重度 塑料头 307
1628,16:24:52,hit_1628_20260730_162452.csv,512,DEFECT,HIGH,0,26,115,250,500000,5031650,3579585,-5031650,-207338.2,,307,-57,坏棒 总长1002 任意重度 塑料头 307
1629,16:24:52,hit_1629_20260730_162452.csv,512,DEFECT,HIGH,0,28,116,266,500000,5452019,3903352,-5452019,-296297.2,,307,-41,坏棒 总长1002 任意重度 塑料头 307
1630,16:24:53,hit_1630_20260730_162453.csv,512,DEFECT,HIGH,0,26,117,245,500000,5080452,3692988,-5080452,-149290.8,,307,-62,坏棒 总长1002 任意重度 塑料头 307
1631,16:24:53,hit_1631_20260730_162453.csv,512,DEFECT,HIGH,0,30,119,277,500000,5277430,3568928,-5277430,-436640.8,,307,-30,坏棒 总长1002 任意重度 塑料头 307
1632,16:24:53,hit_1632_20260730_162453.csv,512,DEFECT,HIGH,0,22,110,222,500000,4945009,4945009,-4642696,330704.1,,307,-85,坏棒 总长1002 任意重度 塑料头 307
1633,16:24:54,hit_1633_20260730_162454.csv,512,DEFECT,HIGH,0,30,114,291,500000,5817446,3953126,-5817446,-430175.7,,307,-16,坏棒 总长1002 任意重度 塑料头 307
1634,16:24:54,hit_1634_20260730_162454.csv,512,DEFECT,HIGH,0,24,110,242,500000,4683497,3998666,-4683497,-270976.1,,307,-65,坏棒 总长1002 任意重度 塑料头 307
1635,16:24:54,hit_1635_20260730_162454.csv,512,DEFECT,HIGH,0,71,110,606,500000,5083112,5083112,-3386195,439145.7,,307,299,坏棒 总长1002 任意重度 塑料头 307
1636,16:24:55,hit_1636_20260730_162455.csv,512,DEFECT,HIGH,0,25,113,245,500000,4918634,3693502,-4918634,-183602.4,,307,-62,坏棒 总长1002 任意重度 塑料头 307
1637,16:24:55,hit_1637_20260730_162455.csv,512,DEFECT,HIGH,0,26,115,250,500000,5202588,3560720,-5202588,-382143.2,,307,-57,坏棒 总长1002 任意重度 塑料头 307
1638,16:24:55,hit_1638_20260730_162455.csv,512,DEFECT,HIGH,0,27,116,257,500000,5289116,3852882,-5289116,-235575.2,,307,-50,坏棒 总长1002 任意重度 塑料头 307
1639,16:24:55,hit_1639_20260730_162455.csv,512,DEFECT,HIGH,0,42,122,378,500000,4636802,3191586,-4636802,-456352.3,,307,71,坏棒 总长1002 任意重度 塑料头 307
1640,16:24:56,hit_1640_20260730_162456.csv,512,DEFECT,HIGH,0,25,113,245,500000,4970115,3963692,-4970115,-90701.4,,307,-62,坏棒 总长1002 任意重度 塑料头 307
1641,16:24:56,hit_1641_20260730_162456.csv,512,DEFECT,HIGH,0,42,112,415,500000,4748017,3380644,-4748017,-530683.2,,307,108,坏棒 总长1002 任意重度 塑料头 307
1642,16:24:56,hit_1642_20260730_162456.csv,512,DEFECT,HIGH,0,39,116,345,500000,4557278,3805057,-4557278,-655794.7,,307,38,坏棒 总长1002 任意重度 塑料头 307
1643,16:24:56,hit_1643_20260730_162456.csv,512,DEFECT,HIGH,0,74,110,636,500000,4715799,4715799,-4096339,79172.8,,307,329,坏棒 总长1002 任意重度 塑料头 307
1644,16:24:57,hit_1644_20260730_162457.csv,512,DEFECT,HIGH,0,40,117,353,500000,4481648,4481648,-4352566,-51075.1,,307,46,坏棒 总长1002 任意重度 塑料头 307
1645,16:24:57,hit_1645_20260730_162457.csv,512,DEFECT,HIGH,0,30,113,294,500000,5674593,3999409,-5674593,-453927.3,,307,-13,坏棒 总长1002 任意重度 塑料头 307
1646,16:24:57,hit_1646_20260730_162457.csv,512,DEFECT,HIGH,0,24,113,235,500000,5034402,4325593,-5034402,178534.1,,307,-72,坏棒 总长1002 任意重度 塑料头 307
1647,16:24:57,hit_1647_20260730_162457.csv,512,DEFECT,HIGH,0,25,116,238,500000,4926302,3696849,-4926302,-94545.9,,307,-69,坏棒 总长1002 任意重度 塑料头 307
1648,16:24:58,hit_1648_20260730_162458.csv,512,DEFECT,HIGH,0,26,117,245,500000,5144073,3948819,-5144073,-120540.9,,307,-62,坏棒 总长1002 任意重度 塑料头 307
1649,16:24:58,hit_1649_20260730_162458.csv,512,DEFECT,HIGH,0,28,118,261,500000,5431997,3664881,-5431997,-425419.2,,307,-46,坏棒 总长1002 任意重度 塑料头 307
1650,16:24:58,hit_1650_20260730_162458.csv,512,DEFECT,HIGH,0,26,114,252,500000,5050284,3610503,-5050284,-301292.4,,307,-55,坏棒 总长1002 任意重度 塑料头 307
1651,16:24:58,hit_1651_20260730_162458.csv,512,DEFECT,HIGH,0,26,113,254,500000,5192483,3719741,-5192483,-190729.5,,307,-53,坏棒 总长1002 任意重度 塑料头 307
1652,16:24:59,hit_1652_20260730_162459.csv,512,DEFECT,HIGH,0,26,110,262,500000,4974101,3910053,-4974101,-445876.2,,307,-45,坏棒 总长1002 任意重度 塑料头 307
1653,16:24:59,hit_1653_20260730_162459.csv,512,DEFECT,HIGH,0,26,114,252,500000,5228035,4172994,-5228035,-133426.8,,307,-55,坏棒 总长1002 任意重度 塑料头 307
1654,16:24:59,hit_1654_20260730_162459.csv,512,DEFECT,HIGH,0,24,113,235,500000,4927408,4088519,-4927408,37584.7,,307,-72,坏棒 总长1002 任意重度 塑料头 307
1655,16:25:00,hit_1655_20260730_162500.csv,512,DEFECT,HIGH,0,31,118,289,500000,5593835,3606629,-5593835,-518145.7,,307,-18,坏棒 总长1002 任意重度 塑料头 307
1656,16:25:00,hit_1656_20260730_162500.csv,512,DEFECT,HIGH,0,24,114,233,500000,4962419,4322683,-4962419,144113.8,,307,-74,坏棒 总长1002 任意重度 塑料头 307
1657,16:25:00,hit_1657_20260730_162500.csv,512,DEFECT,HIGH,0,30,117,283,500000,5861639,3957497,-5861639,-383224.6,,307,-24,坏棒 总长1002 任意重度 塑料头 307
1658,16:25:01,hit_1658_20260730_162501.csv,512,DEFECT,HIGH,0,33,121,300,500000,5993477,3757259,-5993477,-474390.2,,307,-7,坏棒 总长1002 任意重度 塑料头 307
1659,16:25:01,hit_1659_20260730_162501.csv,512,DEFECT,HIGH,0,29,116,276,500000,5683500,4769373,-5683500,45995.0,,307,-31,坏棒 总长1002 任意重度 塑料头 307
1660,16:25:01,hit_1660_20260730_162501.csv,512,DEFECT,HIGH,0,24,113,235,500000,5067436,4253874,-5067436,93946.1,,307,-72,坏棒 总长1002 任意重度 塑料头 307
1661,16:25:01,hit_1661_20260730_162501.csv,512,DEFECT,HIGH,0,32,118,299,500000,5998517,3995454,-5998517,-325215.5,,307,-8,坏棒 总长1002 任意重度 塑料头 307
1662,16:25:02,hit_1662_20260730_162502.csv,512,DEFECT,HIGH,0,22,112,217,500000,4930432,4930432,-4465985,421274.7,,307,-90,坏棒 总长1002 任意重度 塑料头 307
1663,16:25:02,hit_1663_20260730_162502.csv,512,DEFECT,HIGH,0,43,114,417,500000,4779377,3515784,-4779377,-371092.8,,307,110,坏棒 总长1002 任意重度 塑料头 307
1664,16:25:02,hit_1664_20260730_162502.csv,512,DEFECT,HIGH,0,23,112,227,500000,4812811,4326384,-4812811,58399.1,,307,-80,坏棒 总长1002 任意重度 塑料头 307
1665,16:25:02,hit_1665_20260730_162502.csv,512,DEFECT,HIGH,0,33,115,317,500000,5949204,3674198,-5949204,-610950.0,,307,10,坏棒 总长1002 任意重度 塑料头 307
1666,16:25:03,hit_1666_20260730_162503.csv,512,DEFECT,HIGH,0,24,111,240,500000,4733540,4221356,-4733540,-57741.3,,307,-67,坏棒 总长1002 任意重度 塑料头 307
1667,16:25:03,hit_1667_20260730_162503.csv,512,DEFECT,HIGH,0,23,109,234,500000,4513299,4066455,-4513299,-227691.5,,307,-73,坏棒 总长1002 任意重度 塑料头 307
1668,16:25:03,hit_1668_20260730_162503.csv,512,DEFECT,HIGH,0,48,111,480,500000,3994070,3994070,-3078305,-352075.3,,307,173,坏棒 总长1002 任意重度 塑料头 307
1669,16:25:04,hit_1669_20260730_162504.csv,512,DEFECT,HIGH,0,27,110,272,500000,5160349,4207498,-5160349,-260593.5,,307,-35,坏棒 总长1002 任意重度 塑料头 307
1670,16:25:04,hit_1670_20260730_162504.csv,512,DEFECT,HIGH,0,30,112,297,500000,5219127,3562249,-5219127,-743146.0,,307,-10,坏棒 总长1002 任意重度 塑料头 307
1671,16:25:04,hit_1671_20260730_162504.csv,512,DEFECT,HIGH,0,29,112,287,500000,5439238,3779041,-5439238,-505872.5,,307,-20,坏棒 总长1002 任意重度 塑料头 307
1672,16:25:05,hit_1672_20260730_162505.csv,512,DEFECT,HIGH,0,30,113,294,500000,5765397,3990653,-5765397,-390254.7,,307,-13,坏棒 总长1002 任意重度 塑料头 307
1673,16:25:05,hit_1673_20260730_162505.csv,512,DEFECT,HIGH,0,27,113,264,500000,5312981,4321507,-5312981,-57895.7,,307,-43,坏棒 总长1002 任意重度 塑料头 307
1674,16:25:05,hit_1674_20260730_162505.csv,512,DEFECT,HIGH,0,24,112,237,500000,4796299,4629734,-4796299,203067.7,,307,-70,坏棒 总长1002 任意重度 塑料头 307
1675,16:25:05,hit_1675_20260730_162505.csv,512,DEFECT,HIGH,0,25,115,240,500000,4946635,3703938,-4946635,-141309.6,,307,-67,坏棒 总长1002 任意重度 塑料头 307
1676,16:25:06,hit_1676_20260730_162506.csv,512,DEFECT,HIGH,0,25,114,242,500000,5063550,4607672,-5063550,109509.2,,307,-65,坏棒 总长1002 任意重度 塑料头 307
1677,16:25:06,hit_1677_20260730_162506.csv,512,DEFECT,HIGH,0,30,117,283,500000,5795288,4141064,-5795288,-325410.7,,307,-24,坏棒 总长1002 任意重度 塑料头 307
1678,16:25:06,hit_1678_20260730_162506.csv,512,DEFECT,HIGH,0,33,119,305,500000,6032105,4028432,-6032105,-373513.2,,307,-2,坏棒 总长1002 任意重度 塑料头 307
1679,16:25:07,hit_1679_20260730_162507.csv,512,DEFECT,HIGH,0,29,116,276,500000,5672601,4569644,-5672601,-75599.8,,307,-31,坏棒 总长1002 任意重度 塑料头 307
1680,16:25:07,hit_1680_20260730_162507.csv,512,DEFECT,HIGH,0,26,114,252,500000,5140618,4328572,-5140618,85285.9,,307,-55,坏棒 总长1002 任意重度 塑料头 307
1681,16:25:07,hit_1681_20260730_162507.csv,512,DEFECT,HIGH,0,25,114,242,500000,4958483,3880493,-4958483,6518.4,,307,-65,坏棒 总长1002 任意重度 塑料头 307
1682,16:25:07,hit_1682_20260730_162507.csv,512,DEFECT,HIGH,0,26,114,252,500000,5133960,4595581,-5133960,197241.9,,307,-55,坏棒 总长1002 任意重度 塑料头 307
1683,16:25:08,hit_1683_20260730_162508.csv,512,DEFECT,HIGH,0,23,113,225,500000,4700771,3947438,-4700771,48490.1,,307,-82,坏棒 总长1002 任意重度 塑料头 307
1684,16:25:08,hit_1684_20260730_162508.csv,512,DEFECT,HIGH,0,26,115,250,500000,5110923,3945844,-5110923,-142297.3,,307,-57,坏棒 总长1002 任意重度 塑料头 307
1685,16:25:08,hit_1685_20260730_162508.csv,512,DEFECT,HIGH,0,26,115,250,500000,5194482,4249928,-5194482,-15162.6,,307,-57,坏棒 总长1002 任意重度 塑料头 307
1686,16:25:09,hit_1686_20260730_162509.csv,512,DEFECT,HIGH,0,25,114,242,500000,5133129,3981413,-5133129,-140427.3,,307,-65,坏棒 总长1002 任意重度 塑料头 307
1687,16:25:09,hit_1687_20260730_162509.csv,512,DEFECT,HIGH,0,25,112,247,500000,5067153,5067153,-5018467,175591.4,,307,-60,坏棒 总长1002 任意重度 塑料头 307
1688,16:25:09,hit_1688_20260730_162509.csv,512,DEFECT,HIGH,0,45,114,436,500000,4857379,3678133,-4857379,-395985.2,,307,129,坏棒 总长1002 任意重度 塑料头 307
1689,16:25:09,hit_1689_20260730_162509.csv,512,DEFECT,HIGH,0,22,111,220,500000,4625619,4258856,-4625619,117623.9,,307,-87,坏棒 总长1002 任意重度 塑料头 307
1690,16:25:10,hit_1690_20260730_162510.csv,512,DEFECT,HIGH,0,24,116,212,500000,4585045,4400090,-4585045,-253987.1,,307,-95,坏棒 总长1002 任意重度 塑料头 307
1691,16:25:10,hit_1691_20260730_162510.csv,512,DEFECT,HIGH,0,74,111,630,500000,4944422,4944422,-4068324,112296.0,,307,323,坏棒 总长1002 任意重度 塑料头 307
1692,16:25:10,hit_1692_20260730_162510.csv,512,DEFECT,HIGH,0,71,111,600,500000,4886340,4886340,-3827920,322555.3,,307,293,坏棒 总长1002 任意重度 塑料头 307
1693,16:25:11,hit_1693_20260730_162511.csv,512,DEFECT,HIGH,0,25,110,252,500000,4923728,4066673,-4923728,-180036.7,,307,-55,坏棒 总长1002 任意重度 塑料头 307
1694,16:25:11,hit_1694_20260730_162511.csv,512,DEFECT,HIGH,0,24,113,235,500000,4905151,4455162,-4905151,935.4,,307,-72,坏棒 总长1002 任意重度 塑料头 307
1695,16:25:11,hit_1695_20260730_162511.csv,512,DEFECT,HIGH,0,23,113,225,500000,4927637,4927637,-4745036,262987.5,,307,-82,坏棒 总长1002 任意重度 塑料头 307
1696,16:25:11,hit_1696_20260730_162511.csv,512,DEFECT,HIGH,0,24,113,235,500000,4991227,4315300,-4991227,179505.8,,307,-72,坏棒 总长1002 任意重度 塑料头 307
1697,16:25:12,hit_1697_20260730_162512.csv,512,DEFECT,HIGH,0,23,114,223,500000,4791124,4039852,-4791124,149677.1,,307,-84,坏棒 总长1002 任意重度 塑料头 307
1698,16:25:12,hit_1698_20260730_162512.csv,512,DEFECT,HIGH,0,28,116,266,500000,5465065,3824114,-5465065,-236012.5,,307,-41,坏棒 总长1002 任意重度 塑料头 307
1699,16:25:13,hit_1699_20260730_162513.csv,512,DEFECT,HIGH,0,24,113,235,500000,4896380,3998334,-4896380,-6287.0,,307,-72,坏棒 总长1002 任意重度 塑料头 307
1700,16:25:13,hit_1700_20260730_162513.csv,512,DEFECT,HIGH,0,22,111,220,500000,4701803,3810226,-4701803,152509.1,,307,-87,坏棒 总长1002 任意重度 塑料头 307
1701,16:25:13,hit_1701_20260730_162513.csv,512,DEFECT,HIGH,0,26,113,254,500000,5262143,4120800,-5262143,55516.4,,307,-53,坏棒 总长1002 任意重度 塑料头 307
1702,16:25:14,hit_1702_20260730_162514.csv,512,DEFECT,HIGH,0,30,115,288,500000,5744497,3807885,-5744497,-383988.9,,307,-19,坏棒 总长1002 任意重度 塑料头 307
1703,16:25:14,hit_1703_20260730_162514.csv,512,DEFECT,HIGH,0,27,111,270,500000,5207662,4304005,-5207662,-246525.9,,307,-37,坏棒 总长1002 任意重度 塑料头 307
1704,16:25:14,hit_1704_20260730_162514.csv,512,DEFECT,HIGH,0,65,115,477,500000,4933057,4933057,-3756348,322964.2,,307,170,坏棒 总长1002 任意重度 塑料头 307
1705,16:25:15,hit_1705_20260730_162515.csv,512,DEFECT,HIGH,0,23,110,232,500000,4717040,4666806,-4717040,216784.6,,307,-75,坏棒 总长1002 任意重度 塑料头 307
1706,16:25:15,hit_1706_20260730_162515.csv,512,DEFECT,HIGH,0,23,111,230,500000,4909929,4436810,-4909929,104081.1,,307,-77,坏棒 总长1002 任意重度 塑料头 307
1707,16:25:15,hit_1707_20260730_162515.csv,512,DEFECT,HIGH,0,26,114,252,500000,5090681,4085375,-5090681,-67848.5,,307,-55,坏棒 总长1002 任意重度 塑料头 307
1708,16:25:15,hit_1708_20260730_162515.csv,512,DEFECT,HIGH,0,22,114,213,500000,4600986,3931226,-4600986,-40180.5,,307,-94,坏棒 总长1002 任意重度 塑料头 307
1709,16:25:16,hit_1709_20260730_162516.csv,512,DEFECT,HIGH,0,26,115,250,500000,5230827,4002789,-5230827,-11163.6,,307,-57,坏棒 总长1002 任意重度 塑料头 307
1710,16:25:16,hit_1710_20260730_162516.csv,512,DEFECT,HIGH,0,42,113,411,500000,4590620,3299959,-4590620,-467121.7,,307,104,坏棒 总长1002 任意重度 塑料头 307
1711,16:25:16,hit_1711_20260730_162516.csv,512,DEFECT,HIGH,0,29,116,276,500000,4799471,3636040,-4799471,-434812.4,,307,-31,坏棒 总长1002 任意重度 塑料头 307
1712,16:25:17,hit_1712_20260730_162517.csv,512,DEFECT,HIGH,0,34,112,336,500000,4038948,3880946,-4038948,-465830.2,,307,29,坏棒 总长1002 任意重度 塑料头 307
1713,16:25:17,hit_1713_20260730_162517.csv,512,DEFECT,HIGH,0,98,113,769,500000,4484816,4484816,-4382699,-177938.2,,307,462,坏棒 总长1002 任意重度 塑料头 307
1714,16:25:17,hit_1714_20260730_162517.csv,512,DEFECT,HIGH,0,36,110,363,500000,4379568,4137345,-4379568,-476915.2,,307,56,坏棒 总长1002 任意重度 塑料头 307
1715,16:25:18,hit_1715_20260730_162518.csv,512,DEFECT,HIGH,0,26,112,257,500000,4854453,3533518,-4854453,-466168.2,,307,-50,坏棒 总长1002 任意重度 塑料头 307
1716,16:25:18,hit_1716_20260730_162518.csv,512,DEFECT,HIGH,0,27,114,262,500000,5349062,4108923,-5349062,-63986.6,,307,-45,坏棒 总长1002 任意重度 塑料头 307
1717,16:25:18,hit_1717_20260730_162518.csv,512,DEFECT,HIGH,0,45,118,420,500000,5449580,3612283,-5449580,-423111.3,,307,113,坏棒 总长1002 任意重度 塑料头 307
1718,16:25:19,hit_1718_20260730_162519.csv,512,DEFECT,HIGH,0,29,115,278,500000,5636766,4441246,-5636766,-31915.5,,307,-29,坏棒 总长1002 任意重度 塑料头 307
1719,16:25:19,hit_1719_20260730_162519.csv,512,DEFECT,HIGH,0,30,117,283,500000,5509322,3723607,-5509322,-420862.3,,307,-24,坏棒 总长1002 任意重度 塑料头 307
1720,16:25:19,hit_1720_20260730_162519.csv,512,DEFECT,HIGH,0,29,118,271,500000,5655873,3740671,-5655873,-198866.1,,307,-36,坏棒 总长1002 任意重度 塑料头 307
1721,16:25:19,hit_1721_20260730_162519.csv,512,DEFECT,HIGH,0,24,114,233,500000,5017950,4517220,-5017950,267559.0,,307,-74,坏棒 总长1002 任意重度 塑料头 307
1722,16:25:20,hit_1722_20260730_162520.csv,512,DEFECT,HIGH,0,28,115,269,500000,5530863,3962616,-5530863,-197225.6,,307,-38,坏棒 总长1002 任意重度 塑料头 307
1723,16:25:20,hit_1723_20260730_162520.csv,512,DEFECT,HIGH,0,26,114,252,500000,5187837,4658247,-5187837,187999.5,,307,-55,坏棒 总长1002 任意重度 塑料头 307
1724,16:25:21,hit_1724_20260730_162521.csv,512,DEFECT,HIGH,0,71,111,600,500000,4709203,4709203,-3738721,115279.2,,307,293,坏棒 总长1002 任意重度 塑料头 307
1725,16:25:21,hit_1725_20260730_162521.csv,512,DEFECT,HIGH,0,29,111,290,500000,4757132,4757132,-3751996,173587.8,,307,-17,坏棒 总长1002 任意重度 塑料头 307
1726,16:25:21,hit_1726_20260730_162521.csv,512,DEFECT,HIGH,0,66,116,486,500000,4549571,4549571,-4038893,125630.2,,307,179,坏棒 总长1002 任意重度 塑料头 307
1727,16:25:21,hit_1727_20260730_162521.csv,512,DEFECT,HIGH,0,25,111,250,500000,5175973,4309751,-5175973,-19926.9,,307,-57,坏棒 总长1002 任意重度 塑料头 307
1728,16:25:22,hit_1728_20260730_162522.csv,512,DEFECT,HIGH,0,24,112,237,500000,4833264,4675091,-4833264,110257.8,,307,-70,坏棒 总长1002 任意重度 塑料头 307
1729,16:25:22,hit_1729_20260730_162522.csv,512,DEFECT,HIGH,0,52,118,485,500000,4287298,3698378,-4287298,-419255.6,,307,178,坏棒 总长1002 任意重度 塑料头 307
1730,16:25:22,hit_1730_20260730_162522.csv,512,DEFECT,HIGH,0,25,115,240,500000,5107688,3548311,-5107688,-290731.9,,307,-67,坏棒 总长1002 任意重度 塑料头 307
1731,16:25:23,hit_1731_20260730_162523.csv,512,DEFECT,HIGH,0,27,113,264,500000,5341096,4021801,-5341096,-278430.4,,307,-43,坏棒 总长1002 任意重度 塑料头 307
1732,16:25:23,hit_1732_20260730_162523.csv,512,DEFECT,HIGH,0,27,113,264,500000,5318728,4052147,-5318728,-233053.9,,307,-43,坏棒 总长1002 任意重度 塑料头 307
1733,16:25:23,hit_1733_20260730_162523.csv,512,DEFECT,HIGH,0,29,113,284,500000,5475174,3887591,-5475174,-425844.0,,307,-23,坏棒 总长1002 任意重度 塑料头 307
1734,16:25:24,hit_1734_20260730_162524.csv,512,DEFECT,HIGH,0,68,108,587,500000,4318870,4318870,-4191891,-206274.5,,307,280,坏棒 总长1002 任意重度 塑料头 307
1735,16:25:24,hit_1735_20260730_162524.csv,512,DEFECT,HIGH,0,30,110,303,500000,4596165,4596165,-4334209,-71814.1,,307,-4,坏棒 总长1002 任意重度 塑料头 307
1736,16:25:24,hit_1736_20260730_162524.csv,512,DEFECT,HIGH,0,53,109,540,500000,4044779,3903405,-4044779,-425557.8,,307,233,坏棒 总长1002 任意重度 塑料头 307
1737,16:25:24,hit_1737_20260730_162524.csv,512,DEFECT,HIGH,0,66,108,567,500000,4801384,4801384,-4042361,157362.9,,307,260,坏棒 总长1002 任意重度 塑料头 307
1738,16:25:25,hit_1738_20260730_162525.csv,512,DEFECT,HIGH,0,23,112,227,500000,4764212,4267405,-4764212,219942.1,,307,-80,坏棒 总长1002 任意重度 塑料头 307
1739,16:25:25,hit_1739_20260730_162525.csv,512,DEFECT,HIGH,0,27,115,259,500000,5234798,3704394,-5234798,-86138.0,,307,-48,坏棒 总长1002 任意重度 塑料头 307
1740,16:25:25,hit_1740_20260730_162525.csv,512,DEFECT,HIGH,0,26,114,252,500000,5182951,4122430,-5182951,-18899.8,,307,-55,坏棒 总长1002 任意重度 塑料头 307
1741,16:25:26,hit_1741_20260730_162526.csv,512,DEFECT,HIGH,0,29,118,271,500000,5584549,3741857,-5584549,-368571.9,,307,-36,坏棒 总长1002 任意重度 塑料头 307
1742,16:25:26,hit_1742_20260730_162526.csv,512,DEFECT,HIGH,0,24,116,228,500000,4966778,3618460,-4966778,-11284.5,,307,-79,坏棒 总长1002 任意重度 塑料头 307
1743,16:25:26,hit_1743_20260730_162526.csv,512,DEFECT,HIGH,0,25,115,240,500000,4868173,4273982,-4868173,190554.4,,307,-67,坏棒 总长1002 任意重度 塑料头 307
1744,16:25:26,hit_1744_20260730_162526.csv,512,DEFECT,HIGH,0,24,115,230,500000,4893481,4717714,-4893481,289819.3,,307,-77,坏棒 总长1002 任意重度 塑料头 307
1745,16:25:27,hit_1745_20260730_162527.csv,512,DEFECT,HIGH,0,23,114,223,500000,4703314,4040474,-4703314,48218.9,,307,-84,坏棒 总长1002 任意重度 塑料头 307
1746,16:25:27,hit_1746_20260730_162527.csv,512,DEFECT,HIGH,0,25,116,238,500000,4856377,4264071,-4856377,137984.2,,307,-69,坏棒 总长1002 任意重度 塑料头 307
1747,16:25:27,hit_1747_20260730_162527.csv,512,DEFECT,HIGH,0,24,115,230,500000,4738498,4669319,-4738498,216140.8,,307,-77,坏棒 总长1002 任意重度 塑料头 307
1748,16:25:28,hit_1748_20260730_162528.csv,512,DEFECT,HIGH,0,30,119,277,500000,5642465,4100278,-5642465,-223613.7,,307,-30,坏棒 总长1002 任意重度 塑料头 307
1749,16:25:28,hit_1749_20260730_162528.csv,512,DEFECT,HIGH,0,26,116,247,500000,5185706,4159611,-5185706,-19283.5,,307,-60,坏棒 总长1002 任意重度 塑料头 307
1750,16:25:28,hit_1750_20260730_162528.csv,512,DEFECT,HIGH,0,24,114,233,500000,4839788,4443619,-4839788,311845.1,,307,-74,坏棒 总长1002 任意重度 塑料头 307
1751,16:25:28,hit_1751_20260730_162528.csv,512,DEFECT,HIGH,0,26,114,252,500000,5234225,3917761,-5234225,-47062.8,,307,-55,坏棒 总长1002 任意重度 塑料头 307
1752,16:25:29,hit_1752_20260730_162529.csv,512,DEFECT,HIGH,0,28,112,277,500000,5478697,3943532,-5478697,-404586.2,,307,-30,坏棒 总长1002 任意重度 塑料头 307
1753,16:25:29,hit_1753_20260730_162529.csv,512,DEFECT,HIGH,0,21,109,214,500000,4668361,4668361,-4517770,228706.1,,307,-93,坏棒 总长1002 任意重度 塑料头 307
1754,16:25:29,hit_1754_20260730_162529.csv,512,DEFECT,HIGH,0,39,116,345,500000,4616854,4616854,-3900545,-2329.7,,307,38,坏棒 总长1002 任意重度 塑料头 307
1755,16:25:30,hit_1755_20260730_162530.csv,512,DEFECT,HIGH,0,26,109,265,500000,4900141,3945828,-4900141,-433210.7,,307,-42,坏棒 总长1002 任意重度 塑料头 307
1756,16:25:30,hit_1756_20260730_162530.csv,512,DEFECT,HIGH,0,43,110,434,500000,4520115,4451920,-4520115,-97886.7,,307,127,坏棒 总长1002 任意重度 塑料头 307
1757,16:25:30,hit_1757_20260730_162530.csv,512,DEFECT,HIGH,0,26,114,252,500000,5218997,4008046,-5218997,-2552.6,,307,-55,坏棒 总长1002 任意重度 塑料头 307
1758,16:25:30,hit_1758_20260730_162530.csv,512,DEFECT,HIGH,0,23,113,225,500000,4815205,4815205,-4686475,360044.5,,307,-82,坏棒 总长1002 任意重度 塑料头 307
1759,16:25:31,hit_1759_20260730_162531.csv,512,DEFECT,HIGH,0,26,115,250,500000,5077642,3911227,-5077642,7403.2,,307,-57,坏棒 总长1002 任意重度 塑料头 307
1760,16:25:31,hit_1760_20260730_162531.csv,512,DEFECT,HIGH,0,28,116,266,500000,5438568,3977714,-5438568,-381524.0,,307,-41,坏棒 总长1002 任意重度 塑料头 307
1761,16:25:31,hit_1761_20260730_162531.csv,512,DEFECT,HIGH,0,27,115,259,500000,5347409,3827547,-5347409,-62006.6,,307,-48,坏棒 总长1002 任意重度 塑料头 307
1762,16:25:32,hit_1762_20260730_162532.csv,512,DEFECT,HIGH,0,25,113,245,500000,5044816,4087000,-5044816,84010.2,,307,-62,坏棒 总长1002 任意重度 塑料头 307
1763,16:25:32,hit_1763_20260730_162532.csv,512,DEFECT,HIGH,0,29,115,278,500000,5741706,4200101,-5741706,-190460.7,,307,-29,坏棒 总长1002 任意重度 塑料头 307
1764,16:25:32,hit_1764_20260730_162532.csv,512,DEFECT,HIGH,0,27,116,257,500000,5308234,4469167,-5308234,83029.3,,307,-50,坏棒 总长1002 任意重度 塑料头 307
1765,16:25:32,hit_1765_20260730_162532.csv,512,DEFECT,HIGH,0,30,115,288,500000,5731389,3832219,-5731389,-409958.3,,307,-19,坏棒 总长1002 任意重度 塑料头 307
1766,16:25:33,hit_1766_20260730_162533.csv,512,DEFECT,HIGH,0,26,114,252,500000,5118813,4207007,-5118813,-56914.7,,307,-55,坏棒 总长1002 任意重度 塑料头 307
1767,16:25:33,hit_1767_20260730_162533.csv,512,DEFECT,HIGH,0,30,117,283,500000,5428156,3466844,-5428156,-559393.9,,307,-24,坏棒 总长1002 任意重度 塑料头 307
1768,16:25:34,hit_1768_20260730_162534.csv,512,DEFECT,HIGH,0,24,111,240,500000,4918027,4061211,-4918027,-213633.0,,307,-67,坏棒 总长1002 任意重度 塑料头 307
1769,16:25:34,hit_1769_20260730_162534.csv,512,DEFECT,HIGH,0,29,115,278,500000,5351296,3711398,-5351296,-438243.6,,307,-29,坏棒 总长1002 任意重度 塑料头 307
1770,16:25:34,hit_1770_20260730_162534.csv,512,DEFECT,HIGH,0,23,110,232,500000,4722939,4300586,-4722939,-138165.3,,307,-75,坏棒 总长1002 任意重度 塑料头 307
1771,16:25:34,hit_1771_20260730_162534.csv,512,DEFECT,HIGH,0,66,115,486,500000,4608571,4608571,-4016393,28657.7,,307,179,坏棒 总长1002 任意重度 塑料头 307
1772,16:25:35,hit_1772_20260730_162535.csv,512,DEFECT,HIGH,0,33,113,323,500000,4637199,4133122,-4637199,-300692.4,,307,16,坏棒 总长1002 任意重度 塑料头 307
1773,16:25:35,hit_1773_20260730_162535.csv,512,DEFECT,HIGH,0,25,108,257,500000,4656057,3977752,-4656057,-290992.7,,307,-50,坏棒 总长1002 任意重度 塑料头 307
1774,16:25:36,hit_1774_20260730_162536.csv,512,DEFECT,HIGH,0,23,109,234,500000,4616240,4315145,-4616240,-50283.4,,307,-73,坏棒 总长1002 任意重度 塑料头 307
1775,16:25:36,hit_1775_20260730_162536.csv,512,DEFECT,HIGH,0,28,113,274,500000,5502484,3981149,-5502484,-315487.2,,307,-33,坏棒 总长1002 任意重度 塑料头 307
1776,16:25:36,hit_1776_20260730_162536.csv,512,DEFECT,HIGH,0,27,114,262,500000,5366975,3736694,-5366975,-307834.7,,307,-45,坏棒 总长1002 任意重度 塑料头 307
1777,16:25:36,hit_1777_20260730_162536.csv,512,DEFECT,HIGH,0,26,114,252,500000,5283940,4109864,-5283940,105330.8,,307,-55,坏棒 总长1002 任意重度 塑料头 307
1778,16:25:37,hit_1778_20260730_162537.csv,512,DEFECT,HIGH,0,28,115,269,500000,5421935,4053725,-5421935,-146494.7,,307,-38,坏棒 总长1002 任意重度 塑料头 307
1779,16:25:37,hit_1779_20260730_162537.csv,512,DEFECT,HIGH,0,26,114,252,500000,5173770,5173770,-5035737,288064.9,,307,-55,坏棒 总长1002 任意重度 塑料头 307
1780,16:25:37,hit_1780_20260730_162537.csv,512,DEFECT,HIGH,0,25,115,240,500000,4880530,3302753,-4880530,-347945.1,,307,-67,坏棒 总长1002 任意重度 塑料头 307
1781,16:25:38,hit_1781_20260730_162538.csv,512,DEFECT,HIGH,0,25,115,240,500000,5066359,3904200,-5066359,-5252.3,,307,-67,坏棒 总长1002 任意重度 塑料头 307
1782,16:25:38,hit_1782_20260730_162538.csv,512,DEFECT,HIGH,0,24,114,233,500000,4880268,4425338,-4880268,165652.0,,307,-74,坏棒 总长1002 任意重度 塑料头 307
1783,16:25:38,hit_1783_20260730_162538.csv,512,DEFECT,HIGH,0,29,115,278,500000,5660734,4346257,-5660734,-38051.7,,307,-29,坏棒 总长1002 任意重度 塑料头 307
1784,16:25:38,hit_1784_20260730_162538.csv,512,DEFECT,HIGH,0,25,114,242,500000,5072007,4571989,-5072007,340280.8,,307,-65,坏棒 总长1002 任意重度 塑料头 307
1785,16:25:39,hit_1785_20260730_162539.csv,512,DEFECT,HIGH,0,26,114,252,500000,5106748,4114240,-5106748,53496.4,,307,-55,坏棒 总长1002 任意重度 塑料头 307
1786,16:25:39,hit_1786_20260730_162539.csv,512,DEFECT,HIGH,0,23,110,232,500000,4785055,4418917,-4785055,33831.5,,307,-75,坏棒 总长1002 任意重度 塑料头 307
1787,16:25:39,hit_1787_20260730_162539.csv,512,DEFECT,HIGH,0,25,113,245,500000,5165504,4388756,-5165504,58006.8,,307,-62,坏棒 总长1002 任意重度 塑料头 307
1788,16:25:40,hit_1788_20260730_162540.csv,512,DEFECT,HIGH,0,26,116,247,500000,5231633,3697758,-5231633,-166917.6,,307,-60,坏棒 总长1002 任意重度 塑料头 307
1789,16:25:40,hit_1789_20260730_162540.csv,512,DEFECT,HIGH,0,30,115,288,500000,5734385,4557412,-5734385,24402.0,,307,-19,坏棒 总长1002 任意重度 塑料头 307
1790,16:25:40,hit_1790_20260730_162540.csv,512,DEFECT,HIGH,0,27,114,262,500000,5350797,4554771,-5350797,134700.0,,307,-45,坏棒 总长1002 任意重度 塑料头 307
1791,16:25:40,hit_1791_20260730_162540.csv,512,DEFECT,HIGH,0,23,112,227,500000,5141147,5141147,-4697478,392028.9,,307,-80,坏棒 总长1002 任意重度 塑料头 307
1792,16:25:41,hit_1792_20260730_162541.csv,512,DEFECT,HIGH,0,24,114,233,500000,5033664,5033664,-4786801,245315.5,,307,-74,坏棒 总长1002 任意重度 塑料头 307
1793,16:25:41,hit_1793_20260730_162541.csv,512,DEFECT,HIGH,0,28,112,277,500000,5326116,4075694,-5326116,-231637.9,,307,-30,坏棒 总长1002 任意重度 塑料头 307
1794,16:25:41,hit_1794_20260730_162541.csv,512,DEFECT,HIGH,0,31,111,310,500000,4527850,4527850,-4241510,-110729.5,,307,3,坏棒 总长1002 任意重度 塑料头 307
1795,16:25:42,hit_1795_20260730_162542.csv,512,DEFECT,HIGH,0,78,108,804,500000,4762207,4762207,-3592197,44596.8,,307,497,坏棒 总长1002 任意重度 塑料头 307
1796,16:25:42,hit_1796_20260730_162542.csv,512,DEFECT,HIGH,0,52,110,525,500000,4200838,4005189,-4200838,-484638.5,,307,218,坏棒 总长1002 任意重度 塑料头 307
1797,16:25:42,hit_1797_20260730_162542.csv,512,DEFECT,HIGH,0,32,113,313,500000,5722125,3961540,-5722125,-716919.3,,307,6,坏棒 总长1002 任意重度 塑料头 307
1798,16:25:42,hit_1798_20260730_162542.csv,512,DEFECT,HIGH,0,23,111,230,500000,4987244,4987244,-4512245,216927.8,,307,-77,坏棒 总长1002 任意重度 塑料头 307
1799,16:25:43,hit_1799_20260730_162543.csv,512,DEFECT,HIGH,0,26,113,254,500000,5000094,3839845,-5000094,-218117.9,,307,-53,坏棒 总长1002 任意重度 塑料头 307
1800,16:25:43,hit_1800_20260730_162543.csv,512,DEFECT,HIGH,0,23,112,227,500000,4671796,4175179,-4671796,41148.5,,307,-80,坏棒 总长1002 任意重度 塑料头 307
1801,16:25:43,hit_1801_20260730_162543.csv,512,DEFECT,HIGH,0,24,110,242,500000,5232928,5232928,-4989165,215803.1,,307,-65,坏棒 总长1002 任意重度 塑料头 307
1802,16:25:44,hit_1802_20260730_162544.csv,512,DEFECT,HIGH,0,22,110,222,500000,5087628,5087628,-4614540,392245.0,,307,-85,坏棒 总长1002 任意重度 塑料头 307
1803,16:25:44,hit_1803_20260730_162544.csv,512,DEFECT,HIGH,0,22,111,220,500000,4703185,4703185,-4567580,259820.5,,307,-87,坏棒 总长1002 任意重度 塑料头 307
1804,16:25:44,hit_1804_20260730_162544.csv,512,DEFECT,HIGH,0,29,113,284,500000,5702123,4137800,-5702123,-314768.3,,307,-23,坏棒 总长1002 任意重度 塑料头 307
1805,16:25:45,hit_1805_20260730_162545.csv,512,DEFECT,HIGH,0,23,112,227,500000,4881054,4881054,-4666689,212217.9,,307,-80,坏棒 总长1002 任意重度 塑料头 307
1806,16:25:45,hit_1806_20260730_162545.csv,512,DEFECT,HIGH,0,26,113,254,500000,5230295,4692346,-5230295,193411.8,,307,-53,坏棒 总长1002 任意重度 塑料头 307
1807,16:25:45,hit_1807_20260730_162545.csv,512,DEFECT,HIGH,0,24,112,237,500000,4941741,4649190,-4941741,305894.9,,307,-70,坏棒 总长1002 任意重度 塑料头 307
1808,16:25:46,hit_1808_20260730_162546.csv,512,DEFECT,HIGH,0,29,115,278,500000,5495756,3723565,-5495756,-463317.3,,307,-29,坏棒 总长1002 任意重度 塑料头 307
1809,16:25:46,hit_1809_20260730_162546.csv,512,DEFECT,HIGH,0,34,117,320,500000,3230658,3230658,-2819235,-165395.0,,307,13,坏棒 总长1002 任意重度 塑料头 307
1810,16:25:46,hit_1810_20260730_162546.csv,512,DEFECT,HIGH,0,27,115,259,500000,5233030,3566430,-5233030,-350720.6,,307,-48,坏棒 总长1002 任意重度 塑料头 307
1811,16:25:47,hit_1811_20260730_162547.csv,512,DEFECT,HIGH,0,27,116,257,500000,5381825,3959965,-5381825,-72347.5,,307,-50,坏棒 总长1002 任意重度 塑料头 307
1812,16:25:47,hit_1812_20260730_162547.csv,512,DEFECT,HIGH,0,29,118,271,500000,5574011,3627584,-5574011,-352339.8,,307,-36,坏棒 总长1002 任意重度 塑料头 307
1813,16:25:47,hit_1813_20260730_162547.csv,512,DEFECT,HIGH,0,27,114,262,500000,5320523,4229701,-5320523,74970.2,,307,-45,坏棒 总长1002 任意重度 塑料头 307
1814,16:25:48,hit_1814_20260730_162548.csv,512,DEFECT,HIGH,0,29,114,281,500000,5677254,4039829,-5677254,-288167.0,,307,-26,坏棒 总长1002 任意重度 塑料头 307
1815,16:25:48,hit_1815_20260730_162548.csv,512,DEFECT,HIGH,0,66,116,486,500000,4503333,4503333,-4177829,138381.6,,307,179,坏棒 总长1002 任意重度 塑料头 307
1816,16:25:48,hit_1816_20260730_162548.csv,512,DEFECT,HIGH,0,24,108,247,500000,4783817,4315642,-4783817,-66123.7,,307,-60,坏棒 总长1002 任意重度 塑料头 307
1817,16:25:48,hit_1817_20260730_162548.csv,512,DEFECT,HIGH,0,30,110,303,500000,4803734,4803734,-3648777,131310.8,,307,-4,坏棒 总长1002 任意重度 塑料头 307
1818,16:25:49,hit_1818_20260730_162549.csv,512,DEFECT,HIGH,0,31,108,319,500000,5220029,5220029,-3099701,615800.8,,307,12,坏棒 总长1002 任意重度 塑料头 307
1819,16:25:49,hit_1819_20260730_162549.csv,512,DEFECT,HIGH,0,31,110,313,500000,4610360,4610360,-4254242,-59289.4,,307,6,坏棒 总长1002 任意重度 塑料头 307
1820,16:25:49,hit_1820_20260730_162549.csv,512,DEFECT,HIGH,0,74,110,636,500000,4657497,4657497,-3928038,108953.3,,307,329,坏棒 总长1002 任意重度 塑料头 307
1821,16:25:49,hit_1821_20260730_162549.csv,512,DEFECT,HIGH,0,26,112,257,500000,4638081,4638081,-4161413,80104.3,,307,-50,坏棒 总长1002 任意重度 塑料头 307
1822,16:25:50,hit_1822_20260730_162550.csv,512,DEFECT,HIGH,0,30,111,300,500000,4603365,4603365,-3899811,-19107.2,,307,-7,坏棒 总长1002 任意重度 塑料头 307
1823,16:25:50,hit_1823_20260730_162550.csv,512,DEFECT,HIGH,0,25,109,255,500000,4977094,4304473,-4977094,-210879.7,,307,-52,坏棒 总长1002 任意重度 塑料头 307
1824,16:25:50,hit_1824_20260730_162550.csv,512,DEFECT,HIGH,0,67,108,577,500000,4939942,4939942,-4374605,413254.6,,307,270,坏棒 总长1002 任意重度 塑料头 307
1825,16:25:51,hit_1825_20260730_162551.csv,512,DEFECT,HIGH,0,22,110,222,500000,4592405,4519195,-4592405,197863.8,,307,-85,坏棒 总长1002 任意重度 塑料头 307
1826,16:25:51,hit_1826_20260730_162551.csv,512,DEFECT,HIGH,0,22,110,222,500000,4753518,4511683,-4753518,171476.9,,307,-85,坏棒 总长1002 任意重度 塑料头 307
1827,16:25:51,hit_1827_20260730_162551.csv,512,DEFECT,HIGH,0,25,113,245,500000,5077652,4893402,-5077652,196783.3,,307,-62,坏棒 总长1002 任意重度 塑料头 307
1828,16:25:51,hit_1828_20260730_162551.csv,512,DEFECT,HIGH,0,24,113,235,500000,4919148,4345347,-4919148,106654.4,,307,-72,坏棒 总长1002 任意重度 塑料头 307
1829,16:25:52,hit_1829_20260730_162552.csv,512,DEFECT,HIGH,0,27,115,259,500000,5245582,4550420,-5245582,44081.9,,307,-48,坏棒 总长1002 任意重度 塑料头 307
1830,16:25:52,hit_1830_20260730_162552.csv,512,DEFECT,HIGH,0,26,114,252,500000,5354020,4196245,-5354020,42104.9,,307,-55,坏棒 总长1002 任意重度 塑料头 307
1831,16:25:52,hit_1831_20260730_162552.csv,512,DEFECT,HIGH,0,25,113,245,500000,5042623,3995726,-5042623,-71693.5,,307,-62,坏棒 总长1002 任意重度 塑料头 307
1832,16:25:52,hit_1832_20260730_162552.csv,512,DEFECT,HIGH,0,31,115,298,500000,5839722,3957975,-5839722,-435791.9,,307,-9,坏棒 总长1002 任意重度 塑料头 307
1833,16:25:53,hit_1833_20260730_162553.csv,512,DEFECT,HIGH,0,70,110,595,500000,4851328,4851328,-3519643,195757.8,,307,288,坏棒 总长1002 任意重度 塑料头 307
1834,16:25:53,hit_1834_20260730_162553.csv,512,DEFECT,HIGH,0,28,108,288,500000,5411677,4390114,-5411677,-308881.7,,307,-19,坏棒 总长1002 任意重度 塑料头 307
1835,16:25:53,hit_1835_20260730_162553.csv,512,DEFECT,HIGH,0,53,112,524,500000,4477597,3869670,-4477597,-614203.7,,307,217,坏棒 总长1002 任意重度 塑料头 307
1836,16:25:53,hit_1836_20260730_162553.csv,512,DEFECT,HIGH,0,30,108,309,500000,4946303,4246689,-4946303,-350798.1,,307,2,坏棒 总长1002 任意重度 塑料头 307
1837,16:25:54,hit_1837_20260730_162554.csv,512,DEFECT,HIGH,0,69,109,591,500000,5058849,5058849,-4420094,346633.4,,307,284,坏棒 总长1002 任意重度 塑料头 307
1838,16:25:54,hit_1838_20260730_162554.csv,512,DEFECT,HIGH,0,24,112,237,500000,4966770,4966770,-4903540,125076.8,,307,-70,坏棒 总长1002 任意重度 塑料头 307
1839,16:25:54,hit_1839_20260730_162554.csv,512,DEFECT,HIGH,0,25,113,245,500000,5082531,4381468,-5082531,54525.6,,307,-62,坏棒 总长1002 任意重度 塑料头 307
1840,16:25:54,hit_1840_20260730_162554.csv,512,DEFECT,HIGH,0,24,112,237,500000,4904935,4168237,-4904935,166604.1,,307,-70,坏棒 总长1002 任意重度 塑料头 307
1841,16:25:55,hit_1841_20260730_162555.csv,512,DEFECT,HIGH,0,28,114,271,500000,5539323,4165616,-5539323,-112815.2,,307,-36,坏棒 总长1002 任意重度 塑料头 307
1842,16:25:55,hit_1842_20260730_162555.csv,512,DEFECT,HIGH,0,24,108,247,500000,4607059,4388328,-4607059,-120901.7,,307,-60,坏棒 总长1002 任意重度 塑料头 307
1843,16:25:55,hit_1843_20260730_162555.csv,512,DEFECT,HIGH,0,30,112,297,500000,4431459,4431459,-4362264,-55248.5,,307,-10,坏棒 总长1002 任意重度 塑料头 307
1844,16:25:55,hit_1844_20260730_162555.csv,512,DEFECT,HIGH,0,30,110,303,500000,4912357,4912357,-3723365,321088.6,,307,-4,坏棒 总长1002 任意重度 塑料头 307
1845,16:25:56,hit_1845_20260730_162556.csv,512,DEFECT,HIGH,0,25,113,245,500000,5044510,4980269,-5044510,334205.5,,307,-62,坏棒 总长1002 任意重度 塑料头 307
1846,16:25:56,hit_1846_20260730_162556.csv,512,DEFECT,HIGH,0,23,112,227,500000,5068142,5068142,-4773271,305087.3,,307,-80,坏棒 总长1002 任意重度 塑料头 307
1847,16:25:56,hit_1847_20260730_162556.csv,512,DEFECT,HIGH,0,30,115,288,500000,5603493,4085225,-5603493,-418848.3,,307,-19,坏棒 总长1002 任意重度 塑料头 307
1848,16:25:57,hit_1848_20260730_162557.csv,512,DEFECT,HIGH,0,21,109,214,500000,4515298,4088382,-4515298,-4164.9,,307,-93,坏棒 总长1002 任意重度 塑料头 307
1849,16:25:57,hit_1849_20260730_162557.csv,512,DEFECT,HIGH,0,40,117,353,500000,4507563,4507563,-4242377,8600.6,,307,46,坏棒 总长1002 任意重度 塑料头 307
1850,16:25:57,hit_1850_20260730_162557.csv,512,DEFECT,HIGH,0,32,112,316,500000,5572674,3999008,-5572674,-635761.5,,307,9,坏棒 总长1002 任意重度 塑料头 307
1851,16:25:58,hit_1851_20260730_162558.csv,512,DEFECT,HIGH,0,74,111,630,500000,4628164,4628164,-4245476,4347.0,,307,323,坏棒 总长1002 任意重度 塑料头 307
1852,16:25:58,hit_1852_20260730_162558.csv,512,DEFECT,HIGH,0,24,110,242,500000,4725609,3476315,-4725609,-602848.0,,307,-65,坏棒 总长1002 任意重度 塑料头 307
1853,16:25:58,hit_1853_20260730_162558.csv,512,DEFECT,HIGH,0,24,114,233,500000,4832172,3859129,-4832172,-82919.9,,307,-74,坏棒 总长1002 任意重度 塑料头 307
1854,16:25:58,hit_1854_20260730_162558.csv,512,DEFECT,HIGH,0,26,114,252,500000,5156370,4206319,-5156370,23715.1,,307,-55,坏棒 总长1002 任意重度 塑料头 307
1855,16:25:59,hit_1855_20260730_162559.csv,512,DEFECT,HIGH,0,25,115,240,500000,5000706,4489747,-5000706,231796.2,,307,-67,坏棒 总长1002 任意重度 塑料头 307
1856,16:25:59,hit_1856_20260730_162559.csv,512,DEFECT,HIGH,0,23,112,227,500000,4976700,4976700,-4743288,274239.4,,307,-80,坏棒 总长1002 任意重度 塑料头 307
1857,16:25:59,hit_1857_20260730_162559.csv,512,DEFECT,HIGH,0,22,111,220,500000,5145794,5145794,-4585418,379588.7,,307,-87,坏棒 总长1002 任意重度 塑料头 307
1858,16:25:59,hit_1858_20260730_162559.csv,512,DEFECT,HIGH,0,23,110,232,500000,4778865,3890347,-4778865,-152839.3,,307,-75,坏棒 总长1002 任意重度 塑料头 307
1859,16:26:00,hit_1859_20260730_162600.csv,512,DEFECT,HIGH,0,40,117,353,500000,4401093,4401093,-4171358,-16149.2,,307,46,坏棒 总长1002 任意重度 塑料头 307
1860,16:26:00,hit_1860_20260730_162600.csv,512,DEFECT,HIGH,0,31,113,303,500000,4299273,4157218,-4299273,-342020.2,,307,-4,坏棒 总长1002 任意重度 塑料头 307
1861,16:26:00,hit_1861_20260730_162600.csv,512,DEFECT,HIGH,0,80,111,800,500000,4620565,4620565,-4024118,-127789.6,,307,493,坏棒 总长1002 任意重度 塑料头 307
1862,16:26:01,hit_1862_20260730_162601.csv,512,DEFECT,HIGH,0,29,110,292,500000,5596675,4081171,-5596675,-368828.5,,307,-15,坏棒 总长1002 任意重度 塑料头 307
1863,16:26:01,hit_1863_20260730_162601.csv,512,DEFECT,HIGH,0,23,113,203,500000,4481535,3913957,-4481535,-512166.1,,307,-104,坏棒 总长1002 任意重度 塑料头 307
1864,16:26:01,hit_1864_20260730_162601.csv,512,DEFECT,HIGH,0,31,112,306,500000,4455567,4455567,-4198727,-195611.2,,307,-1,坏棒 总长1002 任意重度 塑料头 307
1865,16:26:01,hit_1865_20260730_162601.csv,512,DEFECT,HIGH,0,24,112,237,500000,4956706,4956706,-4920614,452314.3,,307,-70,坏棒 总长1002 任意重度 塑料头 307
1866,16:26:02,hit_1866_20260730_162602.csv,512,DEFECT,HIGH,0,48,117,452,500000,5383313,3554524,-5383313,-462582.4,,307,145,坏棒 总长1002 任意重度 塑料头 307
1867,16:26:02,hit_1867_20260730_162602.csv,512,DEFECT,HIGH,0,29,116,276,500000,5541148,3991313,-5541148,-229580.5,,307,-31,坏棒 总长1002 任意重度 塑料头 307
1868,16:26:02,hit_1868_20260730_162602.csv,512,DEFECT,HIGH,0,25,115,240,500000,4852385,3317927,-4852385,-501174.2,,307,-67,坏棒 总长1002 任意重度 塑料头 307
1869,16:26:03,hit_1869_20260730_162603.csv,512,DEFECT,HIGH,0,30,117,283,500000,5707511,4050579,-5707511,-334420.0,,307,-24,坏棒 总长1002 任意重度 塑料头 307
1870,16:26:03,hit_1870_20260730_162603.csv,512,DEFECT,HIGH,0,22,113,215,500000,4800891,4800891,-4495258,460423.6,,307,-92,坏棒 总长1002 任意重度 塑料头 307
1871,16:26:03,hit_1871_20260730_162603.csv,512,DEFECT,HIGH,0,24,113,235,500000,4890422,4537350,-4890422,119081.2,,307,-72,坏棒 总长1002 任意重度 塑料头 307
1872,16:26:03,hit_1872_20260730_162603.csv,512,DEFECT,HIGH,0,23,111,230,500000,4853628,4054127,-4853628,-46723.3,,307,-77,坏棒 总长1002 任意重度 塑料头 307
1873,16:26:04,hit_1873_20260730_162604.csv,512,DEFECT,HIGH,0,36,121,327,500000,5372739,3912420,-5372739,-762727.0,,307,20,坏棒 总长1002 任意重度 塑料头 307
1874,16:26:04,hit_1874_20260730_162604.csv,512,DEFECT,HIGH,0,28,110,282,500000,5247467,3980053,-5247467,-506751.7,,307,-25,坏棒 总长1002 任意重度 塑料头 307
1875,16:26:04,hit_1875_20260730_162604.csv,512,DEFECT,HIGH,0,35,112,346,500000,4173957,3762255,-4173957,-479680.8,,307,39,坏棒 总长1002 任意重度 塑料头 307
1876,16:26:04,hit_1876_20260730_162604.csv,512,DEFECT,HIGH,0,29,111,290,500000,5561944,4088054,-5561944,-302552.9,,307,-17,坏棒 总长1002 任意重度 塑料头 307
1877,16:26:05,hit_1877_20260730_162605.csv,512,DEFECT,HIGH,0,29,111,290,500000,5689111,4079313,-5689111,-325181.3,,307,-17,坏棒 总长1002 任意重度 塑料头 307
1878,16:26:05,hit_1878_20260730_162605.csv,512,DEFECT,HIGH,0,99,118,778,500000,5084472,4198305,-5084472,-564223.0,,307,471,坏棒 总长1002 任意重度 塑料头 307
1879,16:26:05,hit_1879_20260730_162605.csv,512,DEFECT,HIGH,0,23,111,230,500000,4724285,4503845,-4724285,-5844.5,,307,-77,坏棒 总长1002 任意重度 塑料头 307
1880,16:26:06,hit_1880_20260730_162606.csv,512,DEFECT,HIGH,0,29,114,281,500000,5663926,4283938,-5663926,-91640.1,,307,-26,坏棒 总长1002 任意重度 塑料头 307
1881,16:26:06,hit_1881_20260730_162606.csv,512,DEFECT,HIGH,0,29,116,276,500000,5647374,4078091,-5647374,-143450.3,,307,-31,坏棒 总长1002 任意重度 塑料头 307
1882,16:26:06,hit_1882_20260730_162606.csv,512,DEFECT,HIGH,0,24,113,235,500000,5042285,5042285,-4990364,231857.3,,307,-72,坏棒 总长1002 任意重度 塑料头 307
1883,16:26:06,hit_1883_20260730_162606.csv,512,DEFECT,HIGH,0,25,112,247,500000,5060587,5045582,-5060587,209816.5,,307,-60,坏棒 总长1002 任意重度 塑料头 307
1884,16:26:07,hit_1884_20260730_162607.csv,512,DEFECT,HIGH,0,22,110,222,500000,4673961,4372359,-4673961,69173.8,,307,-85,坏棒 总长1002 任意重度 塑料头 307
1885,16:26:07,hit_1885_20260730_162607.csv,512,DEFECT,HIGH,0,25,109,255,500000,4205894,3622644,-4205894,-677750.3,,307,-52,坏棒 总长1002 任意重度 塑料头 307
1886,16:26:07,hit_1886_20260730_162607.csv,512,DEFECT,HIGH,0,73,110,626,500000,4606780,4606780,-4166449,80411.6,,307,319,坏棒 总长1002 任意重度 塑料头 307
1887,16:26:07,hit_1887_20260730_162607.csv,512,DEFECT,HIGH,0,29,114,281,500000,5504378,4374311,-5504378,-175573.0,,307,-26,坏棒 总长1002 任意重度 塑料头 307
1888,16:26:08,hit_1888_20260730_162608.csv,512,DEFECT,HIGH,0,28,119,247,500000,5215400,3951811,-5215400,-539554.4,,307,-60,坏棒 总长1002 任意重度 塑料头 307
1889,16:26:08,hit_1889_20260730_162608.csv,512,DEFECT,HIGH,0,28,113,274,500000,5214264,3742058,-5214264,-450593.2,,307,-33,坏棒 总长1002 任意重度 塑料头 307
1890,16:26:09,hit_1890_20260730_162609.csv,512,DEFECT,HIGH,0,29,114,281,500000,5279739,3772284,-5279739,-405106.2,,307,-26,坏棒 总长1002 任意重度 塑料头 307
1891,16:26:09,hit_1891_20260730_162609.csv,512,DEFECT,HIGH,0,22,113,215,500000,4697803,4447677,-4697803,206376.2,,307,-92,坏棒 总长1002 任意重度 塑料头 307
1892,16:26:09,hit_1892_20260730_162609.csv,512,DEFECT,HIGH,0,26,116,247,500000,5201322,3603536,-5201322,-220497.9,,307,-60,坏棒 总长1002 任意重度 塑料头 307
1893,16:26:09,hit_1893_20260730_162609.csv,512,DEFECT,HIGH,0,26,116,247,500000,5111506,3794223,-5111506,-230633.8,,307,-60,坏棒 总长1002 任意重度 塑料头 307
1894,16:26:10,hit_1894_20260730_162610.csv,512,DEFECT,HIGH,0,25,116,238,500000,5044425,4167880,-5044425,39986.9,,307,-69,坏棒 总长1002 任意重度 塑料头 307
1895,16:26:10,hit_1895_20260730_162610.csv,512,DEFECT,HIGH,0,22,111,220,500000,4809777,4809777,-4480496,338500.1,,307,-87,坏棒 总长1002 任意重度 塑料头 307
1896,16:26:10,hit_1896_20260730_162610.csv,512,DEFECT,HIGH,0,25,113,245,500000,5125776,4099994,-5125776,-53017.3,,307,-62,坏棒 总长1002 任意重度 塑料头 307
1897,16:26:10,hit_1897_20260730_162610.csv,512,DEFECT,HIGH,0,32,115,307,500000,5863545,3738340,-5863545,-544512.4,,307,0,坏棒 总长1002 任意重度 塑料头 307
1898,16:26:11,hit_1898_20260730_162611.csv,512,DEFECT,HIGH,0,29,109,295,500000,4765542,4765542,-3911755,56200.5,,307,-12,坏棒 总长1002 任意重度 塑料头 307
1899,16:26:11,hit_1899_20260730_162611.csv,512,DEFECT,HIGH,0,31,114,300,500000,5871293,3962595,-5871293,-422919.7,,307,-7,坏棒 总长1002 任意重度 塑料头 307
1900,16:26:12,hit_1900_20260730_162612.csv,512,DEFECT,HIGH,0,73,111,620,500000,4908427,4908427,-4123708,310021.8,,307,313,坏棒 总长1002 任意重度 塑料头 307
1901,16:26:12,hit_1901_20260730_162612.csv,512,DEFECT,HIGH,0,29,114,281,500000,5457026,4001715,-5457026,-418817.0,,307,-26,坏棒 总长1002 任意重度 塑料头 307
1902,16:26:12,hit_1902_20260730_162612.csv,512,DEFECT,HIGH,0,32,115,307,500000,5909714,3845235,-5909714,-568803.2,,307,0,坏棒 总长1002 任意重度 塑料头 307
1903,16:26:13,hit_1903_20260730_162613.csv,512,DEFECT,HIGH,0,28,112,277,500000,5320381,3514108,-5320381,-764961.9,,307,-30,坏棒 总长1002 任意重度 塑料头 307
1904,16:26:13,hit_1904_20260730_162613.csv,512,DEFECT,HIGH,0,28,112,277,500000,5422107,4183846,-5422107,-347658.2,,307,-30,坏棒 总长1002 任意重度 塑料头 307
1905,16:26:13,hit_1905_20260730_162613.csv,512,DEFECT,HIGH,0,23,111,230,500000,4729633,4409996,-4729633,-37345.4,,307,-77,坏棒 总长1002 任意重度 塑料头 307
1906,16:26:13,hit_1906_20260730_162613.csv,512,DEFECT,HIGH,0,25,112,247,500000,5154351,4359625,-5154351,-24596.0,,307,-60,坏棒 总长1002 任意重度 塑料头 307
1907,16:26:14,hit_1907_20260730_162614.csv,512,DEFECT,HIGH,0,67,108,577,500000,4513678,4513678,-4202183,245309.4,,307,270,坏棒 总长1002 任意重度 塑料头 307
1908,16:26:14,hit_1908_20260730_162614.csv,512,DEFECT,HIGH,0,26,112,257,500000,5170253,4321241,-5170253,-134087.7,,307,-50,坏棒 总长1002 任意重度 塑料头 307
1909,16:26:14,hit_1909_20260730_162614.csv,512,DEFECT,HIGH,0,29,113,284,500000,5559937,4081915,-5559937,-334020.1,,307,-23,坏棒 总长1002 任意重度 塑料头 307
1910,16:26:14,hit_1910_20260730_162614.csv,512,DEFECT,HIGH,0,31,114,300,500000,5899858,4078624,-5899858,-336117.0,,307,-7,坏棒 总长1002 任意重度 塑料头 307
1911,16:26:15,hit_1911_20260730_162615.csv,512,DEFECT,HIGH,0,26,113,254,500000,5295295,4847893,-5295295,216598.0,,307,-53,坏棒 总长1002 任意重度 塑料头 307
1912,16:26:15,hit_1912_20260730_162615.csv,512,DEFECT,HIGH,0,25,115,240,500000,5027278,3689732,-5027278,-115750.8,,307,-67,坏棒 总长1002 任意重度 塑料头 307
1913,16:26:15,hit_1913_20260730_162615.csv,512,DEFECT,HIGH,0,25,114,242,500000,5105817,3905503,-5105817,-67864.3,,307,-65,坏棒 总长1002 任意重度 塑料头 307
1914,16:26:15,hit_1914_20260730_162615.csv,512,DEFECT,HIGH,0,28,116,266,500000,5402428,4266130,-5402428,-112146.0,,307,-41,坏棒 总长1002 任意重度 塑料头 307
1915,16:26:16,hit_1915_20260730_162616.csv,512,DEFECT,HIGH,0,26,115,250,500000,5166978,4861820,-5166978,155004.9,,307,-57,坏棒 总长1002 任意重度 塑料头 307
1916,16:26:16,hit_1916_20260730_162616.csv,512,DEFECT,HIGH,0,24,115,230,500000,5033117,5033117,-4832601,325174.1,,307,-77,坏棒 总长1002 任意重度 塑料头 307
1917,16:26:16,hit_1917_20260730_162616.csv,512,DEFECT,HIGH,0,26,111,260,500000,5373149,4685315,-5373149,33776.3,,307,-47,坏棒 总长1002 任意重度 塑料头 307
1918,16:26:16,hit_1918_20260730_162616.csv,512,DEFECT,HIGH,0,25,108,257,500000,4785431,4209305,-4785431,-102869.5,,307,-50,坏棒 总长1002 任意重度 塑料头 307
1919,16:26:17,hit_1919_20260730_162617.csv,512,DEFECT,HIGH,0,73,109,632,500000,5188179,5188179,-3288204,527997.4,,307,325,坏棒 总长1002 任意重度 塑料头 307
1920,16:26:17,hit_1920_20260730_162617.csv,512,DEFECT,HIGH,0,27,117,254,500000,5322609,3873722,-5322609,-251157.1,,307,-53,坏棒 总长1002 任意重度 塑料头 307
1921,16:26:18,hit_1921_20260730_162618.csv,512,DEFECT,HIGH,0,29,118,271,500000,5407341,3802253,-5407341,-396705.1,,307,-36,坏棒 总长1002 任意重度 塑料头 307
1922,16:26:18,hit_1922_20260730_162618.csv,512,DEFECT,HIGH,0,30,119,277,500000,5689039,3729589,-5689039,-374532.3,,307,-30,坏棒 总长1002 任意重度 塑料头 307
1923,16:26:18,hit_1923_20260730_162618.csv,512,DEFECT,HIGH,0,29,116,276,500000,5508623,3698878,-5508623,-400197.3,,307,-31,坏棒 总长1002 任意重度 塑料头 307
1924,16:26:19,hit_1924_20260730_162619.csv,512,DEFECT,HIGH,0,25,111,250,500000,4912266,4080634,-4912266,-173709.1,,307,-57,坏棒 总长1002 任意重度 塑料头 307
1925,16:26:19,hit_1925_20260730_162619.csv,512,DEFECT,HIGH,0,41,118,362,500000,4445225,4445225,-4444364,-134876.3,,307,55,坏棒 总长1002 任意重度 塑料头 307
1926,16:26:19,hit_1926_20260730_162619.csv,512,DEFECT,HIGH,0,42,108,432,500000,4629559,4629559,-4433289,-22711.2,,307,125,坏棒 总长1002 任意重度 塑料头 307
1927,16:26:20,hit_1927_20260730_162620.csv,512,DEFECT,HIGH,0,24,113,235,500000,4994659,4360528,-4994659,90852.1,,307,-72,坏棒 总长1002 任意重度 塑料头 307
1928,16:26:20,hit_1928_20260730_162620.csv,512,DEFECT,HIGH,0,26,114,252,500000,5238965,4856131,-5238965,203252.4,,307,-55,坏棒 总长1002 任意重度 塑料头 307
1929,16:26:20,hit_1929_20260730_162620.csv,512,DEFECT,HIGH,0,28,115,269,500000,5438636,4662369,-5438636,46431.1,,307,-38,坏棒 总长1002 任意重度 塑料头 307
1930,16:26:20,hit_1930_20260730_162620.csv,512,DEFECT,HIGH,0,27,115,259,500000,5362562,4513999,-5362562,41638.4,,307,-48,坏棒 总长1002 任意重度 塑料头 307
1931,16:26:21,hit_1931_20260730_162621.csv,512,DEFECT,HIGH,0,24,112,237,500000,4899272,4857988,-4899272,270280.7,,307,-70,坏棒 总长1002 任意重度 塑料头 307
1932,16:26:21,hit_1932_20260730_162621.csv,512,DEFECT,HIGH,0,28,114,271,500000,5593514,4598246,-5593514,-76516.9,,307,-36,坏棒 总长1002 任意重度 塑料头 307
1933,16:26:22,hit_1933_20260730_162622.csv,512,DEFECT,HIGH,0,25,113,245,500000,5061443,4354587,-5061443,117126.8,,307,-62,坏棒 总长1002 任意重度 塑料头 307
1934,16:26:22,hit_1934_20260730_162622.csv,512,DEFECT,HIGH,0,65,115,477,500000,4832774,4832774,-3798332,314438.6,,307,170,坏棒 总长1002 任意重度 塑料头 307
1935,16:26:22,hit_1935_20260730_162622.csv,512,DEFECT,HIGH,0,68,108,587,500000,4905068,4905068,-4315164,442310.7,,307,280,坏棒 总长1002 任意重度 塑料头 307
1936,16:26:23,hit_1936_20260730_162623.csv,512,DEFECT,HIGH,0,28,113,274,500000,5491156,4211221,-5491156,-70284.2,,307,-33,坏棒 总长1002 任意重度 塑料头 307
1937,16:26:23,hit_1937_20260730_162623.csv,512,DEFECT,HIGH,0,27,115,259,500000,5347847,3691554,-5347847,-237616.8,,307,-48,坏棒 总长1002 任意重度 塑料头 307
1938,16:26:23,hit_1938_20260730_162623.csv,512,DEFECT,HIGH,0,25,112,247,500000,5155368,4374294,-5155368,47034.0,,307,-60,坏棒 总长1002 任意重度 塑料头 307
1939,16:26:24,hit_1939_20260730_162624.csv,512,DEFECT,HIGH,0,26,113,254,500000,5230981,4618108,-5230981,73555.4,,307,-53,坏棒 总长1002 任意重度 塑料头 307
1940,16:26:24,hit_1940_20260730_162624.csv,512,DEFECT,HIGH,0,26,113,254,500000,5208777,4677338,-5208777,111575.7,,307,-53,坏棒 总长1002 任意重度 塑料头 307
1941,16:26:24,hit_1941_20260730_162624.csv,512,DEFECT,HIGH,0,23,111,230,500000,5135378,5135378,-4841043,625295.4,,307,-77,坏棒 总长1002 任意重度 塑料头 307
1942,16:26:24,hit_1942_20260730_162624.csv,512,DEFECT,HIGH,0,28,114,271,500000,5559587,4284031,-5559587,-111967.3,,307,-36,坏棒 总长1002 任意重度 塑料头 307
1943,16:26:25,hit_1943_20260730_162625.csv,512,DEFECT,HIGH,0,23,112,227,500000,4914681,4914681,-4863087,300559.7,,307,-80,坏棒 总长1002 任意重度 塑料头 307
1944,16:26:25,hit_1944_20260730_162625.csv,512,DEFECT,HIGH,0,24,114,233,500000,5001262,3896078,-5001262,-98077.0,,307,-74,坏棒 总长1002 任意重度 塑料头 307
1945,16:26:26,hit_1945_20260730_162626.csv,512,DEFECT,HIGH,0,27,114,262,500000,5440721,4031228,-5440721,-80824.9,,307,-45,坏棒 总长1002 任意重度 塑料头 307
1946,16:26:26,hit_1946_20260730_162626.csv,512,DEFECT,HIGH,0,36,117,339,500000,3388588,3388588,-3012086,-210638.5,,307,32,坏棒 总长1002 任意重度 塑料头 307
1947,16:26:26,hit_1947_20260730_162626.csv,512,DEFECT,HIGH,0,24,113,235,500000,4947905,4575406,-4947905,29501.0,,307,-72,坏棒 总长1002 任意重度 塑料头 307
1948,16:26:27,hit_1948_20260730_162627.csv,512,DEFECT,HIGH,0,26,114,252,582420,5164277,3889544,-5164277,-137234.0,,307,-55,坏棒 总长1002 任意重度 塑料头 307
1949,16:26:27,hit_1949_20260730_162627.csv,512,DEFECT,HIGH,0,30,115,288,500000,4314884,4278809,-4314884,-316051.9,,307,-19,坏棒 总长1002 任意重度 塑料头 307
1950,16:26:27,hit_1950_20260730_162627.csv,512,DEFECT,HIGH,0,68,108,587,500000,4767828,4767828,-4100878,203318.7,,307,280,坏棒 总长1002 任意重度 塑料头 307
1951,16:26:28,hit_1951_20260730_162628.csv,512,DEFECT,HIGH,0,71,110,606,500000,4815102,4815102,-4663709,550390.4,,307,299,坏棒 总长1002 任意重度 塑料头 307
1952,16:26:28,hit_1952_20260730_162628.csv,512,DEFECT,HIGH,0,28,111,280,500000,5459201,3936743,-5459201,-407270.6,,307,-27,坏棒 总长1002 任意重度 塑料头 307
1953,16:26:28,hit_1953_20260730_162628.csv,512,DEFECT,HIGH,0,27,114,262,500000,5245911,4789359,-5245911,39013.5,,307,-45,坏棒 总长1002 任意重度 塑料头 307
1954,16:26:28,hit_1954_20260730_162628.csv,512,DEFECT,HIGH,0,27,115,259,500000,5378865,4505011,-5378865,42394.5,,307,-48,坏棒 总长1002 任意重度 塑料头 307
1955,16:26:29,hit_1955_20260730_162629.csv,512,DEFECT,HIGH,0,27,114,262,500000,5302836,5302836,-5293995,356697.1,,307,-45,坏棒 总长1002 任意重度 塑料头 307
1956,16:26:29,hit_1956_20260730_162629.csv,512,DEFECT,HIGH,0,25,113,245,500000,5074682,4798824,-5074682,350247.6,,307,-62,坏棒 总长1002 任意重度 塑料头 307
1957,16:26:30,hit_1957_20260730_162630.csv,512,DEFECT,HIGH,0,69,109,591,500000,4840330,4840330,-4265266,341229.4,,307,284,坏棒 总长1002 任意重度 塑料头 307
1958,16:26:30,hit_1958_20260730_162630.csv,512,DEFECT,HIGH,0,29,112,287,500000,5665262,3820635,-5665262,-518354.3,,307,-20,坏棒 总长1002 任意重度 塑料头 307
1959,16:26:30,hit_1959_20260730_162630.csv,512,DEFECT,HIGH,0,28,113,274,500000,5406261,4798008,-5406261,-29054.2,,307,-33,坏棒 总长1002 任意重度 塑料头 307
1960,16:26:30,hit_1960_20260730_162630.csv,512,DEFECT,HIGH,0,27,114,262,500000,5352378,4686379,-5352378,-31252.3,,307,-45,坏棒 总长1002 任意重度 塑料头 307
1961,16:26:31,hit_1961_20260730_162631.csv,512,DEFECT,HIGH,0,26,114,252,500000,5092376,4478893,-5092376,-36320.0,,307,-55,坏棒 总长1002 任意重度 塑料头 307
1962,16:26:31,hit_1962_20260730_162631.csv,512,DEFECT,HIGH,0,24,112,237,500000,4972277,4940814,-4972277,287183.9,,307,-70,坏棒 总长1002 任意重度 塑料头 307
1963,16:26:31,hit_1963_20260730_162631.csv,512,DEFECT,HIGH,0,22,112,217,500000,5249946,5249946,-4528999,517666.0,,307,-90,坏棒 总长1002 任意重度 塑料头 307
1964,16:26:32,hit_1964_20260730_162632.csv,512,DEFECT,HIGH,0,24,112,237,500000,5227785,5227785,-4887038,414516.7,,307,-70,坏棒 总长1002 任意重度 塑料头 307
1965,16:26:32,hit_1965_20260730_162632.csv,512,DEFECT,HIGH,0,25,113,245,500000,5043067,4295410,-5043067,95067.7,,307,-62,坏棒 总长1002 任意重度 塑料头 307
1966,16:26:32,hit_1966_20260730_162632.csv,512,DEFECT,HIGH,0,69,110,585,500000,5188776,5188776,-4527652,706824.1,,307,278,坏棒 总长1002 任意重度 塑料头 307
1967,16:26:32,hit_1967_20260730_162632.csv,512,DEFECT,HIGH,0,22,109,224,500000,4866777,4866777,-4608899,301266.0,,307,-83,坏棒 总长1002 任意重度 塑料头 307
1968,16:26:33,hit_1968_20260730_162633.csv,512,DEFECT,HIGH,0,27,109,275,500000,5342758,3927291,-5342758,-447986.1,,307,-32,坏棒 总长1002 任意重度 塑料头 307
1969,16:26:33,hit_1969_20260730_162633.csv,512,DEFECT,HIGH,0,70,111,590,500000,5605537,5605537,-4567187,763820.2,,307,283,坏棒 总长1002 任意重度 塑料头 307
1970,16:26:34,hit_1970_20260730_162634.csv,512,DEFECT,HIGH,0,69,111,580,500000,5227568,5227568,-4352915,634915.0,,307,273,坏棒 总长1002 任意重度 塑料头 307
1971,16:26:34,hit_1971_20260730_162634.csv,512,DEFECT,HIGH,0,24,112,237,500000,5155646,5155646,-4930601,470982.8,,307,-70,坏棒 总长1002 任意重度 塑料头 307
1972,16:26:34,hit_1972_20260730_162634.csv,512,DEFECT,HIGH,0,70,111,590,500000,5552099,5552099,-4581951,746428.5,,307,283,坏棒 总长1002 任意重度 塑料头 307
1973,16:26:38,hit_1973_20260730_162638.csv,512,DEFECT,HIGH,0,28,117,264,500000,5443978,3531395,-5443978,-364549.2,,307,-43,坏棒 总长1002 任意重度 塑料头 307
1974,16:26:38,hit_1974_20260730_162638.csv,512,DEFECT,HIGH,0,27,114,262,500000,4808154,4790662,-4808154,146850.0,,307,-45,坏棒 总长1002 任意重度 塑料头 307
1975,16:26:39,hit_1975_20260730_162639.csv,512,DEFECT,HIGH,0,24,111,240,500000,5241844,5241844,-4305867,498948.1,,307,-67,坏棒 总长1002 任意重度 塑料头 307
1976,16:26:39,hit_1976_20260730_162639.csv,512,DEFECT,HIGH,0,25,111,250,500000,5239628,5239628,-5046449,276514.8,,307,-57,坏棒 总长1002 任意重度 塑料头 307
1977,16:26:39,hit_1977_20260730_162639.csv,512,DEFECT,HIGH,0,23,110,232,500000,5114682,5114682,-4878291,240968.5,,307,-75,坏棒 总长1002 任意重度 塑料头 307
1978,16:26:39,hit_1978_20260730_162639.csv,512,DEFECT,HIGH,0,28,113,274,500000,5482495,4634296,-5482495,-12385.9,,307,-33,坏棒 总长1002 任意重度 塑料头 307
1979,16:26:40,hit_1979_20260730_162640.csv,512,DEFECT,HIGH,0,24,110,242,500000,5663298,5663298,-4864593,655326.6,,307,-65,坏棒 总长1002 任意重度 塑料头 307
1980,16:26:40,hit_1980_20260730_162640.csv,512,DEFECT,HIGH,0,74,112,623,500000,5251785,5251785,-5222307,301195.1,,307,316,坏棒 总长1002 任意重度 塑料头 307
1981,16:26:40,hit_1981_20260730_162640.csv,512,DEFECT,HIGH,0,25,112,247,500000,5268394,5268394,-4911533,360534.3,,307,-60,坏棒 总长1002 任意重度 塑料头 307
1982,16:26:41,hit_1982_20260730_162641.csv,512,DEFECT,HIGH,0,23,111,230,500000,5238838,5238838,-4636116,435176.5,,307,-77,坏棒 总长1002 任意重度 塑料头 307
1983,16:26:41,hit_1983_20260730_162641.csv,512,DEFECT,HIGH,0,25,113,245,500000,5181389,5181389,-5075861,300052.7,,307,-62,坏棒 总长1002 任意重度 塑料头 307
1984,16:26:42,hit_1984_20260730_162642.csv,512,DEFECT,HIGH,0,40,110,404,500000,5502852,5502852,-4368322,604510.5,,307,97,坏棒 总长1002 任意重度 塑料头 307
1985,16:26:42,hit_1985_20260730_162642.csv,512,DEFECT,HIGH,0,23,112,227,500000,5066989,5066989,-4575013,341774.2,,307,-80,坏棒 总长1002 任意重度 塑料头 307
1986,16:26:43,hit_1986_20260730_162643.csv,512,DEFECT,HIGH,0,69,111,580,500000,4162164,4162164,-4108323,285626.3,,307,273,坏棒 总长1002 任意重度 塑料头 307
1987,16:26:43,hit_1987_20260730_162643.csv,512,DEFECT,HIGH,0,29,112,287,500000,5464435,4116626,-5464435,-287606.2,,307,-20,坏棒 总长1002 任意重度 塑料头 307
1988,16:26:43,hit_1988_20260730_162643.csv,512,DEFECT,HIGH,0,78,110,787,500000,4554011,4554011,-4294029,-119030.8,,307,480,坏棒 总长1002 任意重度 塑料头 307
1989,16:26:44,hit_1989_20260730_162644.csv,512,DEFECT,HIGH,0,72,112,603,500000,5140914,5140914,-4773541,787088.2,,307,296,坏棒 总长1002 任意重度 塑料头 307
1990,16:26:44,hit_1990_20260730_162644.csv,512,DEFECT,HIGH,0,27,114,262,500000,5364936,5222993,-5364936,274182.2,,307,-45,坏棒 总长1002 任意重度 塑料头 307
1991,16:26:45,hit_1991_20260730_162645.csv,512,DEFECT,HIGH,0,26,114,252,500000,5221335,4437327,-5221335,28165.4,,307,-55,坏棒 总长1002 任意重度 塑料头 307
1992,16:26:45,hit_1992_20260730_162645.csv,512,DEFECT,HIGH,0,27,115,259,500000,5291454,5070098,-5291454,256927.4,,307,-48,坏棒 总长1002 任意重度 塑料头 307
1993,16:26:45,hit_1993_20260730_162645.csv,512,DEFECT,HIGH,0,27,114,262,500000,5221765,4937209,-5221765,224314.4,,307,-45,坏棒 总长1002 任意重度 塑料头 307
1994,16:26:46,hit_1994_20260730_162646.csv,512,DEFECT,HIGH,0,25,112,247,500000,5072733,5072733,-4986160,352260.8,,307,-60,坏棒 总长1002 任意重度 塑料头 307
1995,16:26:46,hit_1995_20260730_162646.csv,512,DEFECT,HIGH,0,24,114,233,500000,4969048,4969048,-4832931,325577.9,,307,-74,坏棒 总长1002 任意重度 塑料头 307
1996,16:26:47,hit_1996_20260730_162647.csv,512,DEFECT,HIGH,0,22,112,217,500000,4846123,4846123,-4628574,371384.9,,307,-90,坏棒 总长1002 任意重度 塑料头 307
1997,16:26:47,hit_1997_20260730_162647.csv,512,DEFECT,HIGH,0,69,113,568,500000,4960240,4960240,-4072389,666219.2,,307,261,坏棒 总长1002 任意重度 塑料头 307
1998,16:26:47,hit_1998_20260730_162647.csv,512,DEFECT,HIGH,0,29,117,273,500000,5422230,4808084,-5422230,-40766.3,,307,-34,坏棒 总长1002 任意重度 塑料头 307
1999,16:26:48,hit_1999_20260730_162648.csv,512,DEFECT,HIGH,0,26,115,250,500000,5194124,5194124,-5181237,289182.8,,307,-57,坏棒 总长1002 任意重度 塑料头 307
2000,16:26:48,hit_2000_20260730_162648.csv,512,DEFECT,HIGH,0,27,115,259,500000,5257190,4847217,-5257190,164249.3,,307,-48,坏棒 总长1002 任意重度 塑料头 307
