hit,time,file,points,state,conf,impact,defect,bottom,dist_mm,threshold,peak_abs,peak_pos,peak_neg,mean,rod_len_mm,defect_true_mm,err_mm,note
1,22:01:42,hit_001_20260731_220142.csv,512,DEFECT,HIGH,85,0,0,484,0,5647976,5647976,-4571720,449222.5,,200,284,坏棒 总长1000m 铁头 475
2,22:01:42,hit_002_20260731_220142.csv,512,DEFECT,HIGH,88,0,0,940,0,5099699,5009622,-5099699,12852.7,,200,740,坏棒 总长1000m 铁头 475
3,22:01:43,hit_003_20260731_220143.csv,512,DEFECT,HIGH,84,0,0,484,0,5813921,5813921,-4293201,623398.8,,200,284,坏棒 总长1000m 铁头 475
4,22:01:43,hit_004_20260731_220143.csv,512,DEFECT,HIGH,83,0,0,499,0,6033365,6033365,-4257340,685713.6,,200,299,坏棒 总长1000m 铁头 475
5,22:01:44,hit_005_20260731_220144.csv,512,DEFECT,HIGH,83,0,0,484,0,5241806,5241806,-4216102,475846.8,,200,284,坏棒 总长1000m 铁头 475
6,22:01:53,hit_006_20260731_220153.csv,512,DEFECT,HIGH,85,0,0,499,0,5060030,5060030,-4693375,89911.6,,200,299,坏棒 总长1000m 铁头 475
7,22:01:55,hit_007_20260731_220155.csv,512,DEFECT,HIGH,87,0,0,499,0,5190749,5190749,-4911543,60698.2,,200,299,坏棒 总长1000m 铁头 475
8,22:01:56,hit_008_20260731_220156.csv,512,DEFECT,HIGH,87,0,0,543,0,4883885,4775310,-4883885,448404.8,,200,343,坏棒 总长1000m 铁头 475
9,22:01:57,hit_009_20260731_220157.csv,512,DEFECT,HIGH,86,0,0,499,0,4788763,4788763,-4656512,232235.0,,200,299,坏棒 总长1000m 铁头 475
10,22:01:58,hit_010_20260731_220158.csv,512,DEFECT,HIGH,85,0,0,484,0,5042370,5042370,-4421667,341220.7,,200,284,坏棒 总长1000m 铁头 475
11,22:01:59,hit_011_20260731_220159.csv,512,DEFECT,HIGH,84,0,0,484,0,5403746,5403746,-4432312,348655.8,,200,284,坏棒 总长1000m 铁头 475
12,22:02:00,hit_012_20260731_220200.csv,512,DEFECT,HIGH,85,0,0,499,0,5054950,5054950,-4552305,215362.2,,200,299,坏棒 总长1000m 铁头 475
13,22:02:00,hit_013_20260731_220200.csv,512,DEFECT,HIGH,87,0,0,499,0,5559967,5559967,-4808736,274714.8,,200,299,坏棒 总长1000m 铁头 475
14,22:02:01,hit_014_20260731_220201.csv,512,DEFECT,LOW,87,0,0,895,0,5248823,5248823,-4874684,-200469.1,,200,695,坏棒 总长1000m 铁头 475
15,22:02:03,hit_015_20260731_220203.csv,512,DEFECT,HIGH,88,0,0,514,0,4949481,4484688,-4949481,-150430.8,,200,314,坏棒 总长1000m 铁头 475
16,22:02:04,hit_016_20260731_220204.csv,512,DEFECT,HIGH,84,0,0,470,0,5651302,5651302,-4500039,203368.1,,200,270,坏棒 总长1000m 铁头 475
17,22:02:04,hit_017_20260731_220204.csv,512,DEFECT,HIGH,81,0,0,440,0,6262195,6262195,-4449642,588670.3,,200,240,坏棒 总长1000m 铁头 475
18,22:02:04,hit_018_20260731_220204.csv,512,DEFECT,HIGH,81,0,0,455,0,6463363,6463363,-4534435,793560.5,,200,255,坏棒 总长1000m 铁头 475
19,22:02:05,hit_019_20260731_220205.csv,512,DEFECT,LOW,87,0,0,925,0,6534418,6534418,-5732921,334086.3,,200,725,坏棒 总长1000m 铁头 475
20,22:02:05,hit_020_20260731_220205.csv,512,DEFECT,HIGH,82,0,0,499,0,6496148,6496148,-4057556,1166093.9,,200,299,坏棒 总长1000m 铁头 475
21,22:02:05,hit_021_20260731_220205.csv,512,DEFECT,HIGH,84,0,0,470,0,6761954,6761954,-4379140,1079482.9,,200,270,坏棒 总长1000m 铁头 475
22,22:02:06,hit_022_20260731_220206.csv,512,DEFECT,HIGH,81,0,0,470,0,6844240,6844240,-4340194,1239040.1,,200,270,坏棒 总长1000m 铁头 475
23,22:02:06,hit_023_20260731_220206.csv,512,DEFECT,HIGH,84,0,0,484,0,6635759,6635759,-4291017,1112161.7,,200,284,坏棒 总长1000m 铁头 475
24,22:02:06,hit_024_20260731_220206.csv,512,DEFECT,HIGH,81,0,0,440,0,6815144,6815144,-4822403,975163.4,,200,240,坏棒 总长1000m 铁头 475
25,22:02:07,hit_025_20260731_220207.csv,512,DEFECT,HIGH,83,0,0,470,0,6741474,6741474,-4651146,928061.0,,200,270,坏棒 总长1000m 铁头 475
26,22:02:07,hit_026_20260731_220207.csv,512,DEFECT,LOW,83,0,0,925,0,6898104,6898104,-5311050,783658.8,,200,725,坏棒 总长1000m 铁头 475
27,22:02:07,hit_027_20260731_220207.csv,512,DEFECT,LOW,85,0,0,910,0,7011367,7011367,-5266686,795579.6,,200,710,坏棒 总长1000m 铁头 475
28,22:02:08,hit_028_20260731_220208.csv,512,DEFECT,LOW,87,0,0,910,0,7065664,7065664,-5110320,879726.9,,200,710,坏棒 总长1000m 铁头 475
29,22:02:12,hit_029_20260731_220212.csv,512,DEFECT,HIGH,83,0,0,484,0,6470966,6470966,-4184438,958140.2,,200,284,坏棒 总长1000m 铁头 475
30,22:02:12,hit_030_20260731_220212.csv,512,DEFECT,HIGH,84,0,0,470,0,6353276,6353276,-4245934,813080.8,,200,270,坏棒 总长1000m 铁头 475
31,22:02:13,hit_031_20260731_220213.csv,512,DEFECT,HIGH,83,0,0,484,0,5873828,5873828,-4194730,597147.7,,200,284,坏棒 总长1000m 铁头 475
32,22:02:14,hit_032_20260731_220214.csv,512,DEFECT,HIGH,84,0,0,484,0,5080776,5080776,-4458195,121046.6,,200,284,坏棒 总长1000m 铁头 475
33,22:02:14,hit_033_20260731_220214.csv,512,DEFECT,HIGH,83,0,0,499,0,6253149,6253149,-4216406,836325.8,,200,299,坏棒 总长1000m 铁头 475
34,22:02:15,hit_034_20260731_220215.csv,512,DEFECT,HIGH,80,0,0,499,0,5967185,5967185,-4171939,655446.6,,200,299,坏棒 总长1000m 铁头 475
35,22:02:15,hit_035_20260731_220215.csv,512,DEFECT,HIGH,83,0,0,484,0,6291250,6291250,-4366237,718831.2,,200,284,坏棒 总长1000m 铁头 475
36,22:02:15,hit_036_20260731_220215.csv,512,DEFECT,HIGH,81,0,0,499,0,6498530,6498530,-3864225,1179737.8,,200,299,坏棒 总长1000m 铁头 475
37,22:02:16,hit_037_20260731_220216.csv,512,DEFECT,HIGH,81,0,0,484,0,6090677,6090677,-4126728,784768.9,,200,284,坏棒 总长1000m 铁头 475
38,22:02:16,hit_038_20260731_220216.csv,512,DEFECT,HIGH,82,0,0,484,0,4632497,4632497,-4109194,86932.5,,200,284,坏棒 总长1000m 铁头 475
39,22:02:17,hit_039_20260731_220217.csv,512,NORMAL,HIGH,95,0,0,0,0,2893562,2893562,-515585,1161713.6,,200,,坏棒 总长1000m 铁头 475
40,22:02:18,hit_040_20260731_220218.csv,512,NORMAL,HIGH,99,0,0,0,0,1232303,794424,-1232303,-295163.0,,200,,坏棒 总长1000m 铁头 475
41,22:02:23,hit_041_20260731_220223.csv,512,NORMAL,HIGH,87,0,0,0,0,739003,739003,-638609,23744.3,,200,,坏棒 总长1000m 铁头 475
42,22:02:26,hit_042_20260731_220226.csv,512,DEFECT,HIGH,75,0,0,249,0,4876859,4876859,-2835033,1334374.7,,200,49,坏棒 总长1000m 铁头 475
43,22:02:26,hit_043_20260731_220226.csv,512,DEFECT,HIGH,76,0,0,235,0,5996993,5996993,-3212924,1283854.7,,200,35,坏棒 总长1000m 铁头 475
44,22:02:27,hit_044_20260731_220227.csv,512,DEFECT,HIGH,92,0,0,440,0,5211479,4271323,-5211479,-57381.6,,200,240,坏棒 总长1000m 铁头 475
45,22:02:27,hit_045_20260731_220227.csv,512,DEFECT,HIGH,86,0,0,279,0,5280646,5280646,-4492364,1347610.7,,200,79,坏棒 总长1000m 铁头 475
46,22:02:27,hit_046_20260731_220227.csv,512,DEFECT,HIGH,79,0,0,249,0,6848014,6848014,-3477962,1606986.2,,200,49,坏棒 总长1000m 铁头 475
47,22:02:28,hit_047_20260731_220228.csv,512,DEFECT,HIGH,93,0,0,484,0,5299318,4739637,-5299318,519811.2,,200,284,坏棒 总长1000m 铁头 475
48,22:02:28,hit_048_20260731_220228.csv,512,DEFECT,HIGH,83,0,0,308,0,4960266,4960266,-3971346,1206475.8,,200,108,坏棒 总长1000m 铁头 475
49,22:02:29,hit_049_20260731_220229.csv,512,DEFECT,HIGH,82,0,0,308,0,4900367,4900367,-3834180,1193522.9,,200,108,坏棒 总长1000m 铁头 475
50,22:02:29,hit_050_20260731_220229.csv,512,DEFECT,HIGH,79,0,0,249,0,5859362,5859362,-3296761,1450035.0,,200,49,坏棒 总长1000m 铁头 475
51,22:02:29,hit_051_20260731_220229.csv,512,DEFECT,HIGH,84,0,0,293,0,4355890,4253724,-4355890,465449.7,,200,93,坏棒 总长1000m 铁头 475
52,22:02:30,hit_052_20260731_220230.csv,512,DEFECT,HIGH,89,0,0,381,0,5016324,4127773,-5016324,-99044.9,,200,181,坏棒 总长1000m 铁头 475
53,22:02:30,hit_053_20260731_220230.csv,512,DEFECT,HIGH,84,0,0,293,0,4265325,4265325,-4183206,629517.8,,200,93,坏棒 总长1000m 铁头 475
54,22:02:31,hit_054_20260731_220231.csv,512,DEFECT,HIGH,79,0,0,293,0,5087972,5087972,-3587059,875124.7,,200,93,坏棒 总长1000m 铁头 475
55,22:02:31,hit_055_20260731_220231.csv,512,DEFECT,HIGH,78,0,0,264,0,6100760,6100760,-3737041,1047311.4,,200,64,坏棒 总长1000m 铁头 475
56,22:02:33,hit_056_20260731_220233.csv,512,NORMAL,HIGH,22,0,0,0,0,1054512,960563,-1054512,-179069.0,,200,,坏棒 总长1000m 铁头 475
57,22:02:43,hit_057_20260731_220243.csv,512,NORMAL,HIGH,99,0,0,0,0,2559617,2559617,-139968,1442967.4,,200,,坏棒 总长1000m 铁头 475
58,22:02:44,hit_058_20260731_220244.csv,512,NORMAL,HIGH,90,0,0,0,0,881384,881384,-587899,9805.9,,200,,坏棒 总长1000m 铁头 475
59,22:02:44,hit_059_20260731_220244.csv,512,NORMAL,HIGH,88,0,0,0,0,1155077,691511,-1155077,-47591.0,,200,,坏棒 总长1000m 铁头 475
60,22:02:44,hit_060_20260731_220244.csv,512,NORMAL,LOW,0,0,0,0,0,1145032,937989,-1145032,165780.3,,200,,坏棒 总长1000m 铁头 475
61,22:02:44,hit_061_20260731_220244.csv,512,NORMAL,HIGH,99,0,0,0,0,1073568,687143,-1073568,-29012.6,,200,,坏棒 总长1000m 铁头 475
62,22:02:48,hit_062_20260731_220248.csv,512,NORMAL,HIGH,99,0,0,0,0,1275956,1213082,-1275956,68250.6,,200,,坏棒 总长1000m 铁头 475
63,22:02:53,hit_063_20260731_220253.csv,512,NORMAL,LOW,92,0,0,0,0,5535203,5535203,-4117484,-387448.7,,200,,坏棒 总长1000m 铁头 475
64,22:02:54,hit_064_20260731_220254.csv,512,NORMAL,LOW,87,0,0,0,0,5246919,5246919,-3724554,-369245.2,,200,,坏棒 总长1000m 铁头 475
65,22:02:54,hit_065_20260731_220254.csv,512,NORMAL,LOW,87,0,0,0,0,5836822,5836822,-4841611,-507494.6,,200,,坏棒 总长1000m 铁头 475
66,22:02:54,hit_066_20260731_220254.csv,512,DEFECT,HIGH,86,0,0,337,0,5363835,5363835,-4928398,-77699.8,,200,137,坏棒 总长1000m 铁头 475
67,22:02:55,hit_067_20260731_220255.csv,512,DEFECT,HIGH,86,0,0,396,0,5202240,5202240,-4707183,-302832.1,,200,196,坏棒 总长1000m 铁头 475
68,22:02:55,hit_068_20260731_220255.csv,512,DEFECT,HIGH,85,0,0,381,0,5203999,5203999,-4469056,-85131.4,,200,181,坏棒 总长1000m 铁头 475
69,22:02:55,hit_069_20260731_220255.csv,512,DEFECT,HIGH,85,0,0,411,0,4949944,4949944,-4622908,-158852.8,,200,211,坏棒 总长1000m 铁头 475
70,22:02:55,hit_070_20260731_220255.csv,512,DEFECT,HIGH,83,0,0,425,0,5090797,5090797,-4320472,8901.0,,200,225,坏棒 总长1000m 铁头 475
71,22:02:56,hit_071_20260731_220256.csv,512,DEFECT,HIGH,85,0,0,411,0,5137850,5137850,-4491101,-86637.8,,200,211,坏棒 总长1000m 铁头 475
72,22:02:56,hit_072_20260731_220256.csv,512,DEFECT,HIGH,85,0,0,425,0,5576555,5576555,-4484713,316385.0,,200,225,坏棒 总长1000m 铁头 475
73,22:02:56,hit_073_20260731_220256.csv,512,DEFECT,HIGH,84,0,0,411,0,4715507,4715507,-4217346,-284718.1,,200,211,坏棒 总长1000m 铁头 475
74,22:02:57,hit_074_20260731_220257.csv,512,DEFECT,HIGH,91,0,0,425,0,5330160,4881056,-5330160,11565.9,,200,225,坏棒 总长1000m 铁头 475
75,22:02:57,hit_075_20260731_220257.csv,512,DEFECT,HIGH,93,0,0,440,0,5540383,4998429,-5540383,25614.6,,200,240,坏棒 总长1000m 铁头 475
76,22:02:57,hit_076_20260731_220257.csv,512,DEFECT,HIGH,87,0,0,411,0,4866351,4840730,-4866351,148566.7,,200,211,坏棒 总长1000m 铁头 475
77,22:02:58,hit_077_20260731_220258.csv,512,DEFECT,HIGH,85,0,0,396,0,5171798,5171798,-4413106,384041.2,,200,196,坏棒 总长1000m 铁头 475
78,22:02:58,hit_078_20260731_220258.csv,512,DEFECT,HIGH,87,0,0,411,0,4860801,4860801,-4746764,96866.3,,200,211,坏棒 总长1000m 铁头 475
79,22:02:58,hit_079_20260731_220258.csv,512,DEFECT,HIGH,84,0,0,396,0,5106096,5106096,-4355964,464862.6,,200,196,坏棒 总长1000m 铁头 475
80,22:02:59,hit_080_20260731_220259.csv,512,DEFECT,LOW,99,0,0,1101,0,6201711,4739895,-6201711,-251201.1,,200,901,坏棒 总长1000m 铁头 475
81,22:02:59,hit_081_20260731_220259.csv,512,NORMAL,LOW,99,0,0,0,0,5825727,4861723,-5825727,-187000.2,,200,,坏棒 总长1000m 铁头 475
82,22:02:59,hit_082_20260731_220259.csv,512,DEFECT,LOW,98,0,0,969,0,5442073,4970206,-5442073,-171413.3,,200,769,坏棒 总长1000m 铁头 475
83,22:03:00,hit_083_20260731_220300.csv,512,DEFECT,HIGH,87,0,0,381,0,5189529,5189529,-4726269,-350595.5,,200,181,坏棒 总长1000m 铁头 475
84,22:03:00,hit_084_20260731_220300.csv,512,DEFECT,HIGH,85,0,0,396,0,5121499,5121499,-4553006,-293050.8,,200,196,坏棒 总长1000m 铁头 475
85,22:03:00,hit_085_20260731_220300.csv,512,DEFECT,HIGH,91,0,0,323,0,5283983,5283983,-4661154,-270120.9,,200,123,坏棒 总长1000m 铁头 475
86,22:03:01,hit_086_20260731_220301.csv,512,DEFECT,HIGH,85,0,0,352,0,5320379,5011020,-5320379,-482209.4,,200,152,坏棒 总长1000m 铁头 475
87,22:03:01,hit_087_20260731_220301.csv,512,DEFECT,HIGH,86,0,0,411,0,4189867,4145808,-4189867,-523346.4,,200,211,坏棒 总长1000m 铁头 475
88,22:03:01,hit_088_20260731_220301.csv,512,DEFECT,HIGH,83,0,0,381,0,4315292,4315292,-4234741,-288710.6,,200,181,坏棒 总长1000m 铁头 475
89,22:03:02,hit_089_20260731_220302.csv,512,DEFECT,HIGH,92,0,0,323,0,5073166,5073166,-4589707,-319035.0,,200,123,坏棒 总长1000m 铁头 475
90,22:03:02,hit_090_20260731_220302.csv,512,DEFECT,HIGH,84,0,0,367,0,4483197,4178549,-4483197,-641444.3,,200,167,坏棒 总长1000m 铁头 475
91,22:03:03,hit_091_20260731_220303.csv,512,DEFECT,HIGH,87,0,0,381,0,4639487,4639487,-4263071,-500530.6,,200,181,坏棒 总长1000m 铁头 475
92,22:03:03,hit_092_20260731_220303.csv,512,DEFECT,HIGH,81,0,0,352,0,4897201,4384748,-4897201,-349039.8,,200,152,坏棒 总长1000m 铁头 475
93,22:03:03,hit_093_20260731_220303.csv,512,DEFECT,HIGH,79,0,0,367,0,4840378,4651109,-4840378,-52054.0,,200,167,坏棒 总长1000m 铁头 475
94,22:03:04,hit_094_20260731_220304.csv,512,DEFECT,HIGH,80,0,0,352,0,4747283,4262642,-4747283,-505952.3,,200,152,坏棒 总长1000m 铁头 475
95,22:03:04,hit_095_20260731_220304.csv,512,DEFECT,HIGH,92,0,0,308,0,4979544,4979544,-4941846,-114645.5,,200,108,坏棒 总长1000m 铁头 475
96,22:03:04,hit_096_20260731_220304.csv,512,DEFECT,HIGH,93,0,0,308,0,5102959,4680496,-5102959,-376610.7,,200,108,坏棒 总长1000m 铁头 475
97,22:03:05,hit_097_20260731_220305.csv,512,DEFECT,HIGH,82,0,0,337,0,4906859,4586885,-4906859,-273001.5,,200,137,坏棒 总长1000m 铁头 475
98,22:03:05,hit_098_20260731_220305.csv,512,DEFECT,HIGH,78,0,0,337,0,4986344,4986344,-4428263,143783.1,,200,137,坏棒 总长1000m 铁头 475
99,22:03:05,hit_099_20260731_220305.csv,512,DEFECT,HIGH,79,0,0,352,0,4829134,4829134,-4489403,-91919.6,,200,152,坏棒 总长1000m 铁头 475
100,22:03:05,hit_100_20260731_220305.csv,512,DEFECT,HIGH,78,0,0,367,0,5075524,5075524,-4859009,47246.6,,200,167,坏棒 总长1000m 铁头 475
101,22:03:09,hit_101_20260731_220309.csv,512,DEFECT,HIGH,81,0,0,352,0,4548215,4548215,-4065139,-56000.7,,200,152,坏棒 总长1000m 铁头 475
102,22:03:09,hit_102_20260731_220309.csv,512,DEFECT,HIGH,85,0,0,337,0,4812138,4694298,-4812138,73562.3,,200,137,坏棒 总长1000m 铁头 475
103,22:03:09,hit_103_20260731_220309.csv,512,DEFECT,HIGH,92,0,0,308,0,5058650,5058650,-4647502,12322.5,,200,108,坏棒 总长1000m 铁头 475
104,22:03:10,hit_104_20260731_220310.csv,512,DEFECT,HIGH,86,0,0,337,0,4718207,4718207,-4098446,-44718.5,,200,137,坏棒 总长1000m 铁头 475
105,22:03:10,hit_105_20260731_220310.csv,512,DEFECT,HIGH,95,0,0,308,0,5285896,5285896,-4644350,-164237.0,,200,108,坏棒 总长1000m 铁头 475
106,22:03:10,hit_106_20260731_220310.csv,512,DEFECT,HIGH,78,0,0,352,0,4790904,4790904,-4417822,-29446.6,,200,152,坏棒 总长1000m 铁头 475
107,22:03:11,hit_107_20260731_220311.csv,512,DEFECT,HIGH,84,0,0,337,0,4604848,4604848,-4267081,-21838.5,,200,137,坏棒 总长1000m 铁头 475
108,22:03:11,hit_108_20260731_220311.csv,512,DEFECT,HIGH,81,0,0,367,0,4500051,4500051,-4486759,26323.1,,200,167,坏棒 总长1000m 铁头 475
109,22:03:11,hit_109_20260731_220311.csv,512,DEFECT,HIGH,79,0,0,337,0,4966759,4326314,-4966759,-373433.4,,200,137,坏棒 总长1000m 铁头 475
110,22:03:12,hit_110_20260731_220312.csv,512,DEFECT,HIGH,76,0,0,352,0,4193858,4193858,-3735594,341593.9,,200,152,坏棒 总长1000m 铁头 475
111,22:03:12,hit_111_20260731_220312.csv,512,DEFECT,HIGH,79,0,0,337,0,4531722,4506442,-4531722,-200266.8,,200,137,坏棒 总长1000m 铁头 475
112,22:03:12,hit_112_20260731_220312.csv,512,DEFECT,HIGH,81,0,0,352,0,4568389,4568389,-3854667,194540.6,,200,152,坏棒 总长1000m 铁头 475
113,22:03:13,hit_113_20260731_220313.csv,512,DEFECT,HIGH,79,0,0,352,0,4525909,4525909,-3513886,432300.9,,200,152,坏棒 总长1000m 铁头 475
114,22:03:13,hit_114_20260731_220313.csv,512,DEFECT,HIGH,82,0,0,381,0,4235492,4201490,-4235492,217040.2,,200,181,坏棒 总长1000m 铁头 475
115,22:03:13,hit_115_20260731_220313.csv,512,DEFECT,HIGH,79,0,0,367,0,4525980,4525980,-3567249,673868.2,,200,167,坏棒 总长1000m 铁头 475
116,22:03:14,hit_116_20260731_220314.csv,512,DEFECT,HIGH,79,0,0,367,0,3926174,3926174,-3714929,51285.3,,200,167,坏棒 总长1000m 铁头 475
117,22:03:14,hit_117_20260731_220314.csv,512,DEFECT,HIGH,79,0,0,367,0,4579827,4579827,-3518158,480971.4,,200,167,坏棒 总长1000m 铁头 475
118,22:03:14,hit_118_20260731_220314.csv,512,DEFECT,HIGH,80,0,0,367,0,4493750,4493750,-3564229,283788.5,,200,167,坏棒 总长1000m 铁头 475
119,22:03:14,hit_119_20260731_220314.csv,512,DEFECT,HIGH,80,0,0,367,0,4011790,4011790,-3792017,611515.2,,200,167,坏棒 总长1000m 铁头 475
120,22:03:15,hit_120_20260731_220315.csv,512,DEFECT,HIGH,81,0,0,352,0,4171438,4171438,-3915660,-111364.0,,200,152,坏棒 总长1000m 铁头 475
121,22:03:15,hit_121_20260731_220315.csv,512,DEFECT,HIGH,79,0,0,352,0,3688823,3688823,-3638717,-32338.4,,200,152,坏棒 总长1000m 铁头 475
122,22:03:16,hit_122_20260731_220316.csv,512,DEFECT,HIGH,80,0,0,352,0,4393675,4186613,-4393675,-136270.4,,200,152,坏棒 总长1000m 铁头 475
123,22:03:16,hit_123_20260731_220316.csv,512,DEFECT,HIGH,84,0,0,352,0,4534020,4398269,-4534020,-467302.2,,200,152,坏棒 总长1000m 铁头 475
124,22:03:16,hit_124_20260731_220316.csv,512,DEFECT,HIGH,82,0,0,352,0,4299515,4299515,-4257620,-300521.0,,200,152,坏棒 总长1000m 铁头 475
125,22:03:17,hit_125_20260731_220317.csv,512,DEFECT,HIGH,81,0,0,352,0,3978966,3846165,-3978966,-295889.0,,200,152,坏棒 总长1000m 铁头 475
126,22:03:17,hit_126_20260731_220317.csv,512,DEFECT,HIGH,80,0,0,337,0,4203381,4162623,-4203381,-477970.1,,200,137,坏棒 总长1000m 铁头 475
127,22:03:17,hit_127_20260731_220317.csv,512,DEFECT,HIGH,82,0,0,352,0,4943581,4943581,-4250982,-403928.7,,200,152,坏棒 总长1000m 铁头 475
128,22:03:18,hit_128_20260731_220318.csv,512,DEFECT,HIGH,81,0,0,352,0,3913966,3637443,-3913966,-332643.2,,200,152,坏棒 总长1000m 铁头 475
129,22:03:18,hit_129_20260731_220318.csv,512,DEFECT,HIGH,84,0,0,367,0,4320092,3504148,-4320092,-470021.2,,200,167,坏棒 总长1000m 铁头 475
130,22:03:18,hit_130_20260731_220318.csv,512,DEFECT,HIGH,81,0,0,381,0,4366433,4251656,-4366433,-271639.9,,200,181,坏棒 总长1000m 铁头 475
131,22:03:18,hit_131_20260731_220318.csv,512,DEFECT,HIGH,81,0,0,352,0,4312019,3964889,-4312019,-103543.9,,200,152,坏棒 总长1000m 铁头 475
132,22:03:19,hit_132_20260731_220319.csv,512,DEFECT,HIGH,83,0,0,352,0,4468033,3742775,-4468033,-359095.6,,200,152,坏棒 总长1000m 铁头 475
133,22:03:19,hit_133_20260731_220319.csv,512,DEFECT,HIGH,82,0,0,367,0,4372210,4216054,-4372210,-357898.4,,200,167,坏棒 总长1000m 铁头 475
134,22:03:19,hit_134_20260731_220319.csv,512,DEFECT,HIGH,78,0,0,367,0,4691346,4497853,-4691346,107257.0,,200,167,坏棒 总长1000m 铁头 475
135,22:03:20,hit_135_20260731_220320.csv,512,DEFECT,HIGH,78,0,0,352,0,4731413,4731413,-4448520,-11544.3,,200,152,坏棒 总长1000m 铁头 475
136,22:03:20,hit_136_20260731_220320.csv,512,DEFECT,HIGH,79,0,0,367,0,4209737,4209737,-3927324,-31545.7,,200,167,坏棒 总长1000m 铁头 475
137,22:03:20,hit_137_20260731_220320.csv,512,DEFECT,HIGH,81,0,0,352,0,4317267,4317267,-4047835,-103240.4,,200,152,坏棒 总长1000m 铁头 475
138,22:03:21,hit_138_20260731_220321.csv,512,DEFECT,HIGH,81,0,0,352,0,4576667,4576667,-3952983,13480.3,,200,152,坏棒 总长1000m 铁头 475
139,22:03:21,hit_139_20260731_220321.csv,512,DEFECT,HIGH,82,0,0,352,0,3993102,3834418,-3993102,-334053.4,,200,152,坏棒 总长1000m 铁头 475
140,22:03:21,hit_140_20260731_220321.csv,512,DEFECT,HIGH,82,0,0,352,0,4018444,4018444,-3993969,-278187.5,,200,152,坏棒 总长1000m 铁头 475
141,22:03:22,hit_141_20260731_220322.csv,512,DEFECT,HIGH,86,0,0,337,0,4507106,4507106,-4174275,-86859.1,,200,137,坏棒 总长1000m 铁头 475
142,22:03:22,hit_142_20260731_220322.csv,512,DEFECT,HIGH,80,0,0,352,0,4317376,4298075,-4317376,-349083.6,,200,152,坏棒 总长1000m 铁头 475
143,22:03:22,hit_143_20260731_220322.csv,512,DEFECT,HIGH,78,0,0,337,0,4379068,4187077,-4379068,-390939.0,,200,137,坏棒 总长1000m 铁头 475
144,22:03:23,hit_144_20260731_220323.csv,512,DEFECT,HIGH,89,0,0,337,0,4677200,4677200,-4373828,-222480.1,,200,137,坏棒 总长1000m 铁头 475
145,22:03:25,hit_145_20260731_220325.csv,512,DEFECT,HIGH,80,0,0,367,0,4388371,4388371,-3757624,251461.0,,200,167,坏棒 总长1000m 铁头 475
146,22:03:26,hit_146_20260731_220326.csv,512,DEFECT,HIGH,80,0,0,352,0,3822700,3822700,-3791373,33439.0,,200,152,坏棒 总长1000m 铁头 475
147,22:03:26,hit_147_20260731_220326.csv,512,DEFECT,HIGH,80,0,0,367,0,4141014,4141014,-3771651,115746.8,,200,167,坏棒 总长1000m 铁头 475
148,22:03:26,hit_148_20260731_220326.csv,512,DEFECT,HIGH,81,0,0,367,0,4397442,4397442,-4024182,185378.5,,200,167,坏棒 总长1000m 铁头 475
149,22:03:27,hit_149_20260731_220327.csv,512,DEFECT,HIGH,84,0,0,381,0,4390333,4310228,-4390333,400431.1,,200,181,坏棒 总长1000m 铁头 475
150,22:03:27,hit_150_20260731_220327.csv,512,DEFECT,HIGH,82,0,0,367,0,3977559,3977559,-3897753,463849.4,,200,167,坏棒 总长1000m 铁头 475
151,22:03:28,hit_151_20260731_220328.csv,512,DEFECT,HIGH,83,0,0,381,0,4302773,4302773,-4189934,349038.6,,200,181,坏棒 总长1000m 铁头 475
152,22:03:28,hit_152_20260731_220328.csv,512,DEFECT,HIGH,83,0,0,396,0,4549382,4549382,-4256680,592108.8,,200,196,坏棒 总长1000m 铁头 475
153,22:03:28,hit_153_20260731_220328.csv,512,DEFECT,HIGH,82,0,0,381,0,4199414,4199414,-4059497,172443.7,,200,181,坏棒 总长1000m 铁头 475
154,22:03:29,hit_154_20260731_220329.csv,512,DEFECT,HIGH,83,0,0,381,0,4424962,4424962,-4165023,444000.3,,200,181,坏棒 总长1000m 铁头 475
155,22:03:29,hit_155_20260731_220329.csv,512,DEFECT,HIGH,83,0,0,381,0,4128727,4072551,-4128727,157745.7,,200,181,坏棒 总长1000m 铁头 475
156,22:03:29,hit_156_20260731_220329.csv,512,DEFECT,HIGH,82,0,0,381,0,4080953,4021710,-4080953,110542.7,,200,181,坏棒 总长1000m 铁头 475
157,22:03:29,hit_157_20260731_220329.csv,512,DEFECT,HIGH,82,0,0,396,0,4119970,4049864,-4119970,129241.4,,200,196,坏棒 总长1000m 铁头 475
158,22:03:30,hit_158_20260731_220330.csv,512,DEFECT,HIGH,81,0,0,381,0,4289542,4289542,-3833230,383636.2,,200,181,坏棒 总长1000m 铁头 475
159,22:03:30,hit_159_20260731_220330.csv,512,DEFECT,HIGH,84,0,0,396,0,4477625,4175519,-4477625,73065.6,,200,196,坏棒 总长1000m 铁头 475
160,22:03:30,hit_160_20260731_220330.csv,512,DEFECT,HIGH,83,0,0,381,0,4093738,4036154,-4093738,296691.1,,200,181,坏棒 总长1000m 铁头 475
161,22:03:31,hit_161_20260731_220331.csv,512,DEFECT,HIGH,83,0,0,381,0,4189103,4091604,-4189103,180074.6,,200,181,坏棒 总长1000m 铁头 475
162,22:03:31,hit_162_20260731_220331.csv,512,DEFECT,HIGH,83,0,0,381,0,4249589,4170536,-4249589,235826.3,,200,181,坏棒 总长1000m 铁头 475
163,22:03:31,hit_163_20260731_220331.csv,512,DEFECT,HIGH,83,0,0,396,0,4311472,4311472,-4243198,307307.3,,200,196,坏棒 总长1000m 铁头 475
164,22:03:32,hit_164_20260731_220332.csv,512,DEFECT,HIGH,83,0,0,381,0,4391331,4391331,-4220628,171884.3,,200,181,坏棒 总长1000m 铁头 475
165,22:03:32,hit_165_20260731_220332.csv,512,DEFECT,HIGH,82,0,0,396,0,4123804,4109009,-4123804,14387.7,,200,196,坏棒 总长1000m 铁头 475
166,22:03:32,hit_166_20260731_220332.csv,512,DEFECT,HIGH,83,0,0,396,0,4392969,4392969,-4217120,502856.4,,200,196,坏棒 总长1000m 铁头 475
167,22:03:33,hit_167_20260731_220333.csv,512,DEFECT,HIGH,82,0,0,381,0,4333383,4333383,-4201248,73603.7,,200,181,坏棒 总长1000m 铁头 475
168,22:03:33,hit_168_20260731_220333.csv,512,DEFECT,HIGH,83,0,0,396,0,4358056,4358056,-4277095,306700.7,,200,196,坏棒 总长1000m 铁头 475
169,22:03:37,hit_169_20260731_220337.csv,512,DEFECT,HIGH,81,0,0,381,0,4110461,4110461,-3946568,433254.1,,200,181,坏棒 总长1000m 铁头 475
170,22:03:37,hit_170_20260731_220337.csv,512,DEFECT,HIGH,82,0,0,396,0,4207198,4207198,-4103108,-367942.4,,200,196,坏棒 总长1000m 铁头 475
171,22:03:37,hit_171_20260731_220337.csv,512,DEFECT,HIGH,84,0,0,367,0,4600572,4600572,-4518235,-514774.5,,200,167,坏棒 总长1000m 铁头 475
172,22:03:38,hit_172_20260731_220338.csv,512,DEFECT,HIGH,83,0,0,367,0,4294642,4139543,-4294642,-354730.0,,200,167,坏棒 总长1000m 铁头 475
173,22:03:38,hit_173_20260731_220338.csv,512,DEFECT,HIGH,81,0,0,381,0,3844657,3844657,-3831613,-357027.7,,200,181,坏棒 总长1000m 铁头 475
174,22:03:41,hit_174_20260731_220341.csv,512,NORMAL,HIGH,88,0,0,0,0,683698,683698,-203188,22120.0,,200,,坏棒 总长1000m 铁头 475
175,22:03:43,hit_175_20260731_220343.csv,512,DEFECT,HIGH,81,0,0,440,0,5452468,5452468,-3786780,836414.4,,200,240,坏棒 总长1000m 铁头 475
176,22:03:50,hit_176_20260731_220350.csv,512,NORMAL,HIGH,0,0,0,0,0,3421316,1510627,-3421316,-1608278.6,,200,,坏棒 总长1000m 铁头 475
177,22:03:50,hit_177_20260731_220350.csv,512,NORMAL,HIGH,99,0,0,0,0,2192282,2192282,-1246862,150293.4,,200,,坏棒 总长1000m 铁头 475
178,22:03:51,hit_178_20260731_220351.csv,512,NORMAL,HIGH,99,0,0,0,0,7385209,7385209,-2714928,543209.0,,200,,坏棒 总长1000m 铁头 475
179,22:03:51,hit_179_20260731_220351.csv,512,NORMAL,LOW,81,0,0,0,0,975131,968329,-975131,39683.2,,200,,坏棒 总长1000m 铁头 475
180,22:03:51,hit_180_20260731_220351.csv,512,NORMAL,HIGH,99,0,0,0,0,953185,503046,-953185,-133768.2,,200,,坏棒 总长1000m 铁头 475
181,22:04:02,hit_181_20260731_220402.csv,512,DEFECT,HIGH,79,0,0,396,0,4706620,3752289,-4706620,283901.7,,200,196,坏棒 总长1000m 铁头 475
182,22:04:02,hit_182_20260731_220402.csv,512,DEFECT,HIGH,79,0,0,484,0,5855155,5855155,-4079028,735566.5,,200,284,坏棒 总长1000m 铁头 475
183,22:04:02,hit_183_20260731_220402.csv,512,DEFECT,HIGH,79,0,0,484,0,4292806,4292806,-3934775,466366.1,,200,284,坏棒 总长1000m 铁头 475
184,22:04:03,hit_184_20260731_220403.csv,512,DEFECT,HIGH,82,0,0,425,0,3992735,2894568,-3992735,-70631.0,,200,225,坏棒 总长1000m 铁头 475
185,22:04:03,hit_185_20260731_220403.csv,512,DEFECT,HIGH,80,0,0,381,0,4561945,2956938,-4561945,37590.4,,200,181,坏棒 总长1000m 铁头 475
186,22:04:04,hit_186_20260731_220404.csv,512,DEFECT,HIGH,79,0,0,352,0,3903067,3903067,-3378847,570036.0,,200,152,坏棒 总长1000m 铁头 475
187,22:04:04,hit_187_20260731_220404.csv,512,DEFECT,HIGH,86,0,0,440,0,5339951,2931178,-5339951,-230599.0,,200,240,坏棒 总长1000m 铁头 475
188,22:04:04,hit_188_20260731_220404.csv,512,DEFECT,HIGH,87,0,0,440,0,5176339,2814554,-5176339,-185216.8,,200,240,坏棒 总长1000m 铁头 475
189,22:04:05,hit_189_20260731_220405.csv,512,DEFECT,HIGH,83,0,0,323,0,5097602,3854294,-5097602,-25166.4,,200,123,坏棒 总长1000m 铁头 475
190,22:04:05,hit_190_20260731_220405.csv,512,DEFECT,HIGH,76,0,0,308,0,5034569,5034569,-3558143,701874.0,,200,108,坏棒 总长1000m 铁头 475
191,22:04:05,hit_191_20260731_220405.csv,512,DEFECT,HIGH,81,0,0,455,0,3982533,2789841,-3982533,114615.4,,200,255,坏棒 总长1000m 铁头 475
192,22:04:06,hit_192_20260731_220406.csv,512,DEFECT,HIGH,82,0,0,411,0,4356881,2813849,-4356881,-28930.5,,200,211,坏棒 总长1000m 铁头 475
193,22:04:06,hit_193_20260731_220406.csv,512,DEFECT,HIGH,81,0,0,455,0,4352742,3570841,-4352742,205503.6,,200,255,坏棒 总长1000m 铁头 475
194,22:04:06,hit_194_20260731_220406.csv,512,DEFECT,HIGH,89,0,0,367,0,5316974,3425036,-5316974,-417388.9,,200,167,坏棒 总长1000m 铁头 475
195,22:04:07,hit_195_20260731_220407.csv,512,DEFECT,HIGH,80,0,0,337,0,4046030,3990735,-4046030,337733.0,,200,137,坏棒 总长1000m 铁头 475
196,22:04:07,hit_196_20260731_220407.csv,512,DEFECT,HIGH,79,0,0,470,0,4911299,4911299,-3975019,486024.9,,200,270,坏棒 总长1000m 铁头 475
197,22:04:07,hit_197_20260731_220407.csv,512,DEFECT,HIGH,78,0,0,484,0,4599045,4599045,-4056502,501178.2,,200,284,坏棒 总长1000m 铁头 475
198,22:04:08,hit_198_20260731_220408.csv,512,DEFECT,HIGH,79,0,0,425,0,4333811,2964834,-4333811,122439.8,,200,225,坏棒 总长1000m 铁头 475
199,22:04:08,hit_199_20260731_220408.csv,512,DEFECT,HIGH,84,0,0,425,0,4454062,2887026,-4454062,18711.4,,200,225,坏棒 总长1000m 铁头 475
200,22:04:08,hit_200_20260731_220408.csv,512,DEFECT,HIGH,80,0,0,455,0,4144223,3105335,-4144223,208413.2,,200,255,坏棒 总长1000m 铁头 475
201,22:04:09,hit_201_20260731_220409.csv,512,DEFECT,HIGH,82,0,0,367,0,4816531,3464179,-4816531,23659.1,,200,167,坏棒 总长1000m 铁头 475
202,22:04:09,hit_202_20260731_220409.csv,512,DEFECT,HIGH,79,0,0,293,0,5108428,5108428,-3626851,567560.8,,200,93,坏棒 总长1000m 铁头 475
203,22:04:09,hit_203_20260731_220409.csv,512,DEFECT,HIGH,77,0,0,308,0,4638944,4638944,-3205677,707391.3,,200,108,坏棒 总长1000m 铁头 475
204,22:04:10,hit_204_20260731_220410.csv,512,DEFECT,HIGH,83,0,0,308,0,5268005,3741078,-5268005,12222.0,,200,108,坏棒 总长1000m 铁头 475
205,22:04:10,hit_205_20260731_220410.csv,512,DEFECT,HIGH,78,0,0,337,0,4165031,4165031,-3661118,535360.6,,200,137,坏棒 总长1000m 铁头 475
206,22:04:10,hit_206_20260731_220410.csv,512,DEFECT,HIGH,86,0,0,352,0,5018486,2876434,-5018486,-305030.4,,200,152,坏棒 总长1000m 铁头 475
207,22:04:11,hit_207_20260731_220411.csv,512,DEFECT,HIGH,78,0,0,323,0,3640021,3014317,-3640021,420239.2,,200,123,坏棒 总长1000m 铁头 475
208,22:04:11,hit_208_20260731_220411.csv,512,DEFECT,HIGH,83,0,0,337,0,5133744,3252038,-5133744,-153768.9,,200,137,坏棒 总长1000m 铁头 475
209,22:04:11,hit_209_20260731_220411.csv,512,DEFECT,HIGH,82,0,0,484,0,4610707,3955844,-4610707,203419.6,,200,284,坏棒 总长1000m 铁头 475
210,22:04:12,hit_210_20260731_220412.csv,512,DEFECT,HIGH,81,0,0,455,0,4548190,4548190,-4203406,336888.3,,200,255,坏棒 总长1000m 铁头 475
211,22:04:12,hit_211_20260731_220412.csv,512,DEFECT,HIGH,78,0,0,411,0,3307673,2593867,-3307673,-110868.2,,200,211,坏棒 总长1000m 铁头 475
212,22:04:12,hit_212_20260731_220412.csv,512,DEFECT,HIGH,77,0,0,308,0,3861171,3861171,-3683992,561444.2,,200,108,坏棒 总长1000m 铁头 475
213,22:04:13,hit_213_20260731_220413.csv,512,DEFECT,HIGH,77,0,0,264,0,6475961,6475961,-3094551,1339592.9,,200,64,坏棒 总长1000m 铁头 475
214,22:04:13,hit_214_20260731_220413.csv,512,DEFECT,HIGH,78,0,0,279,0,5625057,5625057,-3315151,1069021.7,,200,79,坏棒 总长1000m 铁头 475
215,22:04:14,hit_215_20260731_220414.csv,512,DEFECT,HIGH,84,0,0,308,0,4320821,3571128,-4320821,428409.4,,200,108,坏棒 总长1000m 铁头 475
216,22:04:14,hit_216_20260731_220414.csv,512,DEFECT,HIGH,76,0,0,293,0,5343551,5343551,-3011337,941172.9,,200,93,坏棒 总长1000m 铁头 475
217,22:04:14,hit_217_20260731_220414.csv,512,DEFECT,HIGH,82,0,0,484,0,4569388,3917152,-4569388,193153.3,,200,284,坏棒 总长1000m 铁头 475
218,22:04:14,hit_218_20260731_220414.csv,512,DEFECT,HIGH,83,0,0,323,0,4998973,3289888,-4998973,-61848.1,,200,123,坏棒 总长1000m 铁头 475
219,22:04:15,hit_219_20260731_220415.csv,512,DEFECT,HIGH,79,0,0,279,0,3559014,3510753,-3559014,327940.1,,200,79,坏棒 总长1000m 铁头 475
220,22:04:15,hit_220_20260731_220415.csv,512,DEFECT,HIGH,80,0,0,293,0,4514677,4514677,-3717354,536959.2,,200,93,坏棒 总长1000m 铁头 475
221,22:04:15,hit_221_20260731_220415.csv,512,DEFECT,HIGH,76,0,0,279,0,5709594,5709594,-3047610,961569.2,,200,79,坏棒 总长1000m 铁头 475
222,22:04:16,hit_222_20260731_220416.csv,512,DEFECT,HIGH,82,0,0,308,0,3910504,3740938,-3910504,235857.8,,200,108,坏棒 总长1000m 铁头 475
223,22:04:16,hit_223_20260731_220416.csv,512,DEFECT,HIGH,76,0,0,293,0,4853972,4853972,-3055107,842133.7,,200,93,坏棒 总长1000m 铁头 475
224,22:04:16,hit_224_20260731_220416.csv,512,DEFECT,HIGH,78,0,0,499,0,5030878,5030878,-3309298,828851.6,,200,299,坏棒 总长1000m 铁头 475
225,22:04:17,hit_225_20260731_220417.csv,512,DEFECT,HIGH,79,0,0,470,0,5586718,5586718,-3457657,712168.5,,200,270,坏棒 总长1000m 铁头 475
226,22:04:17,hit_226_20260731_220417.csv,512,DEFECT,HIGH,80,0,0,455,0,3946805,2707423,-3946805,2859.6,,200,255,坏棒 总长1000m 铁头 475
227,22:04:17,hit_227_20260731_220417.csv,512,DEFECT,HIGH,79,0,0,484,0,4101553,4101553,-3876656,354531.8,,200,284,坏棒 总长1000m 铁头 475
228,22:04:18,hit_228_20260731_220418.csv,512,DEFECT,HIGH,79,0,0,484,0,4573188,4573188,-3559349,517659.0,,200,284,坏棒 总长1000m 铁头 475
229,22:04:18,hit_229_20260731_220418.csv,512,DEFECT,HIGH,91,0,0,440,0,5157849,4186328,-5157849,-563909.9,,200,240,坏棒 总长1000m 铁头 475
230,22:04:18,hit_230_20260731_220418.csv,512,DEFECT,HIGH,85,0,0,895,0,4142270,4142270,-3956625,-386037.5,,200,695,坏棒 总长1000m 铁头 475
231,22:04:19,hit_231_20260731_220419.csv,512,DEFECT,HIGH,80,0,0,440,0,4684933,3894137,-4684933,244443.2,,200,240,坏棒 总长1000m 铁头 475
232,22:04:19,hit_232_20260731_220419.csv,512,DEFECT,HIGH,78,0,0,484,0,4505289,4505289,-4363300,479911.5,,200,284,坏棒 总长1000m 铁头 475
233,22:04:19,hit_233_20260731_220419.csv,512,DEFECT,HIGH,85,0,0,381,0,5475859,3429463,-5475859,-187454.0,,200,181,坏棒 总长1000m 铁头 475
234,22:04:20,hit_234_20260731_220420.csv,512,DEFECT,HIGH,82,0,0,293,0,4600904,3972076,-4600904,277312.2,,200,93,坏棒 总长1000m 铁头 475
235,22:04:20,hit_235_20260731_220420.csv,512,DEFECT,HIGH,78,0,0,293,0,4361398,3586115,-4361398,400412.5,,200,93,坏棒 总长1000m 铁头 475
236,22:04:20,hit_236_20260731_220420.csv,512,DEFECT,HIGH,85,0,0,367,0,4940189,3421059,-4940189,244737.1,,200,167,坏棒 总长1000m 铁头 475
237,22:04:21,hit_237_20260731_220421.csv,512,DEFECT,HIGH,76,0,0,425,0,5267565,5267565,-4832287,606968.3,,200,225,坏棒 总长1000m 铁头 475
238,22:04:21,hit_238_20260731_220421.csv,512,DEFECT,HIGH,77,0,0,411,0,5143005,3056315,-5143005,149033.0,,200,211,坏棒 总长1000m 铁头 475
239,22:04:21,hit_239_20260731_220421.csv,512,DEFECT,HIGH,83,0,0,396,0,4868373,4403455,-4868373,570848.8,,200,196,坏棒 总长1000m 铁头 475
240,22:04:22,hit_240_20260731_220422.csv,512,DEFECT,HIGH,84,0,0,367,0,4944333,3662995,-4944333,368259.0,,200,167,坏棒 总长1000m 铁头 475
241,22:04:22,hit_241_20260731_220422.csv,512,DEFECT,HIGH,84,0,0,396,0,4987194,4598188,-4987194,663451.5,,200,196,坏棒 总长1000m 铁头 475
242,22:04:22,hit_242_20260731_220422.csv,512,DEFECT,HIGH,84,0,0,367,0,5285484,4351392,-5285484,406237.5,,200,167,坏棒 总长1000m 铁头 475
243,22:04:22,hit_243_20260731_220422.csv,512,DEFECT,HIGH,82,0,0,396,0,5268892,4906939,-5268892,571015.5,,200,196,坏棒 总长1000m 铁头 475
244,22:04:23,hit_244_20260731_220423.csv,512,DEFECT,HIGH,81,0,0,367,0,5291441,3825863,-5291441,183087.9,,200,167,坏棒 总长1000m 铁头 475
245,22:04:23,hit_245_20260731_220423.csv,512,DEFECT,HIGH,88,0,0,367,0,5132582,4490057,-5132582,573199.9,,200,167,坏棒 总长1000m 铁头 475
246,22:04:23,hit_246_20260731_220423.csv,512,DEFECT,HIGH,77,0,0,235,0,6273189,6273189,-3100902,1187214.5,,200,35,坏棒 总长1000m 铁头 475
247,22:04:24,hit_247_20260731_220424.csv,512,DEFECT,HIGH,82,0,0,425,0,5100893,5100893,-4241484,745653.5,,200,225,坏棒 总长1000m 铁头 475
248,22:04:24,hit_248_20260731_220424.csv,512,DEFECT,HIGH,76,0,0,440,0,4612971,4612971,-3533479,611953.3,,200,240,坏棒 总长1000m 铁头 475
249,22:04:24,hit_249_20260731_220424.csv,512,DEFECT,HIGH,79,0,0,293,0,5152557,5152557,-3540862,692130.6,,200,93,坏棒 总长1000m 铁头 475
250,22:04:25,hit_250_20260731_220425.csv,512,DEFECT,HIGH,79,0,0,455,0,3512056,3355353,-3512056,409877.3,,200,255,坏棒 总长1000m 铁头 475
251,22:04:25,hit_251_20260731_220425.csv,512,DEFECT,HIGH,80,0,0,411,0,4189387,4189387,-3720543,390469.3,,200,211,坏棒 总长1000m 铁头 475
252,22:04:25,hit_252_20260731_220425.csv,512,DEFECT,HIGH,78,0,0,470,0,4999919,4999919,-3358129,629560.1,,200,270,坏棒 总长1000m 铁头 475
253,22:04:26,hit_253_20260731_220426.csv,512,DEFECT,HIGH,77,0,0,293,0,4621085,4621085,-3220436,554848.3,,200,93,坏棒 总长1000m 铁头 475
254,22:04:26,hit_254_20260731_220426.csv,512,DEFECT,HIGH,81,0,0,411,0,3999516,2741808,-3999516,1456.1,,200,211,坏棒 总长1000m 铁头 475
255,22:04:26,hit_255_20260731_220426.csv,512,DEFECT,HIGH,78,0,0,455,0,4715358,4715358,-3546269,449676.0,,200,255,坏棒 总长1000m 铁头 475
256,22:04:27,hit_256_20260731_220427.csv,512,DEFECT,HIGH,78,0,0,293,0,3605216,3605216,-3290918,561855.3,,200,93,坏棒 总长1000m 铁头 475
257,22:04:27,hit_257_20260731_220427.csv,512,DEFECT,HIGH,77,0,0,293,0,5760242,5760242,-3136885,809151.4,,200,93,坏棒 总长1000m 铁头 475
258,22:04:27,hit_258_20260731_220427.csv,512,DEFECT,HIGH,82,0,0,425,0,4047287,3391937,-4047287,219322.8,,200,225,坏棒 总长1000m 铁头 475
259,22:04:28,hit_259_20260731_220428.csv,512,DEFECT,HIGH,80,0,0,470,0,3686917,3340605,-3686917,278333.1,,200,270,坏棒 总长1000m 铁头 475
260,22:04:28,hit_260_20260731_220428.csv,512,DEFECT,HIGH,80,0,0,323,0,4743435,4743435,-3723577,624635.6,,200,123,坏棒 总长1000m 铁头 475
261,22:04:28,hit_261_20260731_220428.csv,512,DEFECT,HIGH,79,0,0,455,0,4883984,4883984,-3483925,549185.6,,200,255,坏棒 总长1000m 铁头 475
262,22:04:29,hit_262_20260731_220429.csv,512,DEFECT,HIGH,77,0,0,308,0,4027503,4027503,-3259802,451348.4,,200,108,坏棒 总长1000m 铁头 475
263,22:04:29,hit_263_20260731_220429.csv,512,DEFECT,HIGH,78,0,0,279,0,4488081,4488081,-3382064,540627.6,,200,79,坏棒 总长1000m 铁头 475
264,22:04:29,hit_264_20260731_220429.csv,512,DEFECT,HIGH,78,0,0,279,0,4154787,4154787,-3325736,527354.1,,200,79,坏棒 总长1000m 铁头 475
265,22:04:30,hit_265_20260731_220430.csv,512,DEFECT,HIGH,76,0,0,264,0,5216560,5216560,-2984282,878369.0,,200,64,坏棒 总长1000m 铁头 475
266,22:04:30,hit_266_20260731_220430.csv,512,DEFECT,HIGH,77,0,0,249,0,5903620,5903620,-3282191,885181.1,,200,49,坏棒 总长1000m 铁头 475
267,22:04:30,hit_267_20260731_220430.csv,512,DEFECT,HIGH,79,0,0,352,0,3423643,2551757,-3423643,102163.1,,200,152,坏棒 总长1000m 铁头 475
268,22:04:30,hit_268_20260731_220430.csv,512,DEFECT,HIGH,76,0,0,235,0,7088412,7088412,-3117889,1266559.3,,200,35,坏棒 总长1000m 铁头 475
269,22:04:31,hit_269_20260731_220431.csv,512,DEFECT,HIGH,78,0,0,484,0,3375680,3250836,-3375680,477856.7,,200,284,坏棒 总长1000m 铁头 475
270,22:04:31,hit_270_20260731_220431.csv,512,DEFECT,HIGH,80,0,0,381,0,3779965,2395573,-3779965,-119119.2,,200,181,坏棒 总长1000m 铁头 475
271,22:04:31,hit_271_20260731_220431.csv,512,DEFECT,HIGH,74,0,0,235,0,6228008,6228008,-2962273,1127276.7,,200,35,坏棒 总长1000m 铁头 475
272,22:04:32,hit_272_20260731_220432.csv,512,DEFECT,HIGH,76,0,0,264,0,5101212,5101212,-2985790,795864.4,,200,64,坏棒 总长1000m 铁头 475
273,22:04:32,hit_273_20260731_220432.csv,512,DEFECT,HIGH,74,0,0,220,0,6485665,6485665,-2794775,1362958.2,,200,20,坏棒 总长1000m 铁头 475
274,22:04:32,hit_274_20260731_220432.csv,512,DEFECT,HIGH,77,0,0,323,0,3127395,3091123,-3127395,445325.1,,200,123,坏棒 总长1000m 铁头 475
275,22:04:33,hit_275_20260731_220433.csv,512,DEFECT,HIGH,75,0,0,279,0,4806100,4806100,-2918853,847326.3,,200,79,坏棒 总长1000m 铁头 475
276,22:04:33,hit_276_20260731_220433.csv,512,DEFECT,HIGH,78,0,0,308,0,3576375,3576375,-3232358,529479.9,,200,108,坏棒 总长1000m 铁头 475
277,22:04:33,hit_277_20260731_220433.csv,512,DEFECT,HIGH,78,0,0,367,0,3365214,3018729,-3365214,382809.6,,200,167,坏棒 总长1000m 铁头 475
278,22:04:34,hit_278_20260731_220434.csv,512,DEFECT,HIGH,79,0,0,470,0,3553903,3553903,-3489458,402216.3,,200,270,坏棒 总长1000m 铁头 475
279,22:04:34,hit_279_20260731_220434.csv,512,DEFECT,HIGH,75,0,0,249,0,5410379,5410379,-2968180,956742.3,,200,49,坏棒 总长1000m 铁头 475
280,22:04:34,hit_280_20260731_220434.csv,512,DEFECT,HIGH,76,0,0,264,0,4948982,4948982,-2969894,845326.7,,200,64,坏棒 总长1000m 铁头 475
281,22:04:35,hit_281_20260731_220435.csv,512,DEFECT,HIGH,82,0,0,425,0,4122403,3157088,-4122403,-26330.6,,200,225,坏棒 总长1000m 铁头 475
282,22:04:35,hit_282_20260731_220435.csv,512,DEFECT,HIGH,81,0,0,411,0,3925280,2732505,-3925280,-17350.7,,200,211,坏棒 总长1000m 铁头 475
283,22:04:35,hit_283_20260731_220435.csv,512,DEFECT,HIGH,79,0,0,484,0,4480114,4480114,-3475885,551523.6,,200,284,坏棒 总长1000m 铁头 475
284,22:04:36,hit_284_20260731_220436.csv,512,DEFECT,HIGH,78,0,0,484,0,3500513,3002066,-3500513,284263.5,,200,284,坏棒 总长1000m 铁头 475
285,22:04:36,hit_285_20260731_220436.csv,512,DEFECT,HIGH,80,0,0,470,0,3668923,3524651,-3668923,241421.2,,200,270,坏棒 总长1000m 铁头 475
286,22:04:36,hit_286_20260731_220436.csv,512,DEFECT,HIGH,79,0,0,279,0,3533210,3365159,-3533210,308006.4,,200,79,坏棒 总长1000m 铁头 475
287,22:04:36,hit_287_20260731_220436.csv,512,DEFECT,HIGH,81,0,0,323,0,3900523,2891415,-3900523,133320.4,,200,123,坏棒 总长1000m 铁头 475
288,22:04:37,hit_288_20260731_220437.csv,512,DEFECT,HIGH,79,0,0,470,0,5139497,5139497,-3309226,586478.4,,200,270,坏棒 总长1000m 铁头 475
289,22:04:37,hit_289_20260731_220437.csv,512,DEFECT,HIGH,77,0,0,396,0,3980947,3980947,-3253396,494989.5,,200,196,坏棒 总长1000m 铁头 475
290,22:04:37,hit_290_20260731_220437.csv,512,DEFECT,HIGH,78,0,0,279,0,3408743,3112579,-3408743,289232.9,,200,79,坏棒 总长1000m 铁头 475
291,22:04:38,hit_291_20260731_220438.csv,512,DEFECT,HIGH,80,0,0,440,0,3697246,3320553,-3697246,336600.7,,200,240,坏棒 总长1000m 铁头 475
292,22:04:38,hit_292_20260731_220438.csv,512,DEFECT,HIGH,81,0,0,440,0,3689132,3536026,-3689132,271724.9,,200,240,坏棒 总长1000m 铁头 475
293,22:04:38,hit_293_20260731_220438.csv,512,DEFECT,HIGH,80,0,0,425,0,3750299,3128138,-3750299,202566.4,,200,225,坏棒 总长1000m 铁头 475
294,22:04:39,hit_294_20260731_220439.csv,512,DEFECT,HIGH,78,0,0,381,0,3280595,2262943,-3280595,-143915.7,,200,181,坏棒 总长1000m 铁头 475
295,22:04:39,hit_295_20260731_220439.csv,512,DEFECT,HIGH,79,0,0,484,0,4076586,3709960,-4076586,279131.4,,200,284,坏棒 总长1000m 铁头 475
296,22:04:39,hit_296_20260731_220439.csv,512,DEFECT,HIGH,77,0,0,308,0,4669944,4669944,-3484040,545852.1,,200,108,坏棒 总长1000m 铁头 475
297,22:04:39,hit_297_20260731_220439.csv,512,DEFECT,HIGH,76,0,0,308,0,4595368,4595368,-3076385,723794.4,,200,108,坏棒 总长1000m 铁头 475
298,22:04:40,hit_298_20260731_220440.csv,512,DEFECT,HIGH,80,0,0,411,0,3756478,2672726,-3756478,27282.6,,200,211,坏棒 总长1000m 铁头 475
299,22:04:40,hit_299_20260731_220440.csv,512,DEFECT,HIGH,78,0,0,249,0,4826160,4826160,-3700328,538700.8,,200,49,坏棒 总长1000m 铁头 475
300,22:04:40,hit_300_20260731_220440.csv,512,DEFECT,HIGH,77,0,0,279,0,4507795,4507795,-3285274,520016.5,,200,79,坏棒 总长1000m 铁头 475
301,22:04:41,hit_301_20260731_220441.csv,512,DEFECT,HIGH,82,0,0,411,0,3965229,2681970,-3965229,-268002.5,,200,211,坏棒 总长1000m 铁头 475
302,22:04:41,hit_302_20260731_220441.csv,512,DEFECT,HIGH,78,0,0,411,0,4525830,4525830,-3362885,511525.0,,200,211,坏棒 总长1000m 铁头 475
303,22:04:41,hit_303_20260731_220441.csv,512,DEFECT,HIGH,75,0,0,455,0,4869374,4869374,-3052166,666862.6,,200,255,坏棒 总长1000m 铁头 475
304,22:04:41,hit_304_20260731_220441.csv,512,DEFECT,HIGH,79,0,0,396,0,4056713,2950283,-4056713,750.6,,200,196,坏棒 总长1000m 铁头 475
305,22:04:42,hit_305_20260731_220442.csv,512,DEFECT,HIGH,79,0,0,220,0,5041063,5041063,-3536300,844033.7,,200,20,坏棒 总长1000m 铁头 475
306,22:04:42,hit_306_20260731_220442.csv,512,DEFECT,HIGH,78,0,0,425,0,3643375,3643375,-3380373,461381.8,,200,225,坏棒 总长1000m 铁头 475
307,22:04:42,hit_307_20260731_220442.csv,512,DEFECT,HIGH,81,0,0,381,0,3849459,3614849,-3849459,-140781.9,,200,181,坏棒 总长1000m 铁头 475
308,22:04:43,hit_308_20260731_220443.csv,512,DEFECT,HIGH,82,0,0,411,0,4014778,2903596,-4014778,45259.2,,200,211,坏棒 总长1000m 铁头 475
309,22:04:43,hit_309_20260731_220443.csv,512,DEFECT,HIGH,73,0,0,235,0,6010874,6010874,-3305332,999161.7,,200,35,坏棒 总长1000m 铁头 475
310,22:04:43,hit_310_20260731_220443.csv,512,DEFECT,HIGH,81,0,0,367,0,3812929,2694581,-3812929,-212124.6,,200,167,坏棒 总长1000m 铁头 475
311,22:04:44,hit_311_20260731_220444.csv,512,DEFECT,HIGH,78,0,0,425,0,3616314,3445829,-3616314,231746.2,,200,225,坏棒 总长1000m 铁头 475
312,22:04:44,hit_312_20260731_220444.csv,512,DEFECT,HIGH,81,0,0,381,0,3895166,2794082,-3895166,-159542.2,,200,181,坏棒 总长1000m 铁头 475
313,22:04:44,hit_313_20260731_220444.csv,512,DEFECT,HIGH,79,0,0,425,0,3443182,2944979,-3443182,222057.4,,200,225,坏棒 总长1000m 铁头 475
314,22:04:45,hit_314_20260731_220445.csv,512,DEFECT,HIGH,80,0,0,293,0,3547798,3517629,-3547798,272853.4,,200,93,坏棒 总长1000m 铁头 475
315,22:04:45,hit_315_20260731_220445.csv,512,DEFECT,HIGH,81,0,0,411,0,3937531,3180306,-3937531,-220056.1,,200,211,坏棒 总长1000m 铁头 475
316,22:04:45,hit_316_20260731_220445.csv,512,DEFECT,HIGH,82,0,0,425,0,4021958,3285103,-4021958,173877.0,,200,225,坏棒 总长1000m 铁头 475
317,22:04:45,hit_317_20260731_220445.csv,512,DEFECT,HIGH,81,0,0,367,0,3748192,3607948,-3748192,-47164.9,,200,167,坏棒 总长1000m 铁头 475
318,22:04:46,hit_318_20260731_220446.csv,512,DEFECT,HIGH,81,0,0,367,0,3763851,3163116,-3763851,121643.8,,200,167,坏棒 总长1000m 铁头 475
319,22:04:46,hit_319_20260731_220446.csv,512,DEFECT,HIGH,80,0,0,396,0,3568809,2995789,-3568809,57797.1,,200,196,坏棒 总长1000m 铁头 475
320,22:04:46,hit_320_20260731_220446.csv,512,DEFECT,HIGH,79,0,0,455,0,3592777,3277809,-3592777,339660.4,,200,255,坏棒 总长1000m 铁头 475
321,22:04:47,hit_321_20260731_220447.csv,512,DEFECT,HIGH,80,0,0,455,0,3757795,3004585,-3757795,274549.4,,200,255,坏棒 总长1000m 铁头 475
322,22:04:47,hit_322_20260731_220447.csv,512,DEFECT,HIGH,78,0,0,411,0,3516305,3320330,-3516305,220957.1,,200,211,坏棒 总长1000m 铁头 475
323,22:04:47,hit_323_20260731_220447.csv,512,DEFECT,HIGH,96,0,0,837,0,4596805,4596805,-4149540,-186376.3,,200,637,坏棒 总长1000m 铁头 475
324,22:04:48,hit_324_20260731_220448.csv,512,DEFECT,HIGH,77,0,0,411,0,3556590,3192496,-3556590,383334.5,,200,211,坏棒 总长1000m 铁头 475
325,22:04:48,hit_325_20260731_220448.csv,512,DEFECT,HIGH,79,0,0,235,0,4662969,4662969,-3198279,715135.1,,200,35,坏棒 总长1000m 铁头 475
326,22:04:48,hit_326_20260731_220448.csv,512,DEFECT,HIGH,79,0,0,411,0,3561393,3561393,-3527488,334239.6,,200,211,坏棒 总长1000m 铁头 475
327,22:04:49,hit_327_20260731_220449.csv,512,DEFECT,HIGH,79,0,0,367,0,3536088,3388665,-3536088,158926.3,,200,167,坏棒 总长1000m 铁头 475
328,22:04:49,hit_328_20260731_220449.csv,512,DEFECT,HIGH,82,0,0,440,0,3869413,2912781,-3869413,163568.7,,200,240,坏棒 总长1000m 铁头 475
329,22:04:49,hit_329_20260731_220449.csv,512,DEFECT,HIGH,83,0,0,396,0,5003829,5003829,-2943268,947778.7,,200,196,坏棒 总长1000m 铁头 475
330,22:04:49,hit_330_20260731_220449.csv,512,DEFECT,HIGH,74,0,0,425,0,4094275,4094275,-3192391,634692.0,,200,225,坏棒 总长1000m 铁头 475
331,22:04:50,hit_331_20260731_220450.csv,512,DEFECT,HIGH,79,0,0,425,0,3779257,3779257,-3557301,455324.1,,200,225,坏棒 总长1000m 铁头 475
332,22:04:50,hit_332_20260731_220450.csv,512,DEFECT,HIGH,82,0,0,411,0,4263038,4263038,-3327425,698990.4,,200,211,坏棒 总长1000m 铁头 475
333,22:04:50,hit_333_20260731_220450.csv,512,DEFECT,HIGH,88,0,0,337,0,4112546,3448830,-4112546,441549.2,,200,137,坏棒 总长1000m 铁头 475
334,22:04:51,hit_334_20260731_220451.csv,512,DEFECT,HIGH,81,0,0,425,0,5122040,5122040,-3364794,871952.5,,200,225,坏棒 总长1000m 铁头 475
335,22:04:51,hit_335_20260731_220451.csv,512,DEFECT,HIGH,81,0,0,381,0,3938703,3025026,-3938703,-156405.6,,200,181,坏棒 总长1000m 铁头 475
336,22:04:51,hit_336_20260731_220451.csv,512,DEFECT,HIGH,76,0,0,425,0,4321484,4321484,-3224604,578720.3,,200,225,坏棒 总长1000m 铁头 475
337,22:04:51,hit_337_20260731_220451.csv,512,DEFECT,HIGH,79,0,0,440,0,4503374,4503374,-3128862,788977.9,,200,240,坏棒 总长1000m 铁头 475
338,22:04:52,hit_338_20260731_220452.csv,512,DEFECT,HIGH,81,0,0,440,0,3904094,3482637,-3904094,207691.3,,200,240,坏棒 总长1000m 铁头 475
339,22:04:57,hit_339_20260731_220457.csv,512,DEFECT,HIGH,80,0,0,455,0,3959783,2726349,-3959783,63133.1,,200,255,坏棒 总长1000m 铁头 475
340,22:04:57,hit_340_20260731_220457.csv,512,DEFECT,HIGH,79,0,0,440,0,3680560,2833152,-3680560,60643.6,,200,240,坏棒 总长1000m 铁头 475
341,22:04:58,hit_341_20260731_220458.csv,512,DEFECT,HIGH,80,0,0,411,0,3598742,2623312,-3598742,-171325.2,,200,211,坏棒 总长1000m 铁头 475
342,22:04:58,hit_342_20260731_220458.csv,512,DEFECT,HIGH,78,0,0,337,0,3280410,3210604,-3280410,406422.4,,200,137,坏棒 总长1000m 铁头 475
343,22:04:58,hit_343_20260731_220458.csv,512,DEFECT,HIGH,83,0,0,411,0,4301520,3687747,-4301520,-175717.5,,200,211,坏棒 总长1000m 铁头 475
344,22:04:59,hit_344_20260731_220459.csv,512,DEFECT,HIGH,89,0,0,411,0,4879725,3788084,-4879725,-520066.1,,200,211,坏棒 总长1000m 铁头 475
345,22:04:59,hit_345_20260731_220459.csv,512,DEFECT,HIGH,76,0,0,337,0,4023915,2761019,-4023915,289383.3,,200,137,坏棒 总长1000m 铁头 475
346,22:04:59,hit_346_20260731_220459.csv,512,DEFECT,HIGH,81,0,0,425,0,3974237,3200698,-3974237,-249752.7,,200,225,坏棒 总长1000m 铁头 475
347,22:04:59,hit_347_20260731_220459.csv,512,DEFECT,HIGH,78,0,0,337,0,4493290,2827060,-4493290,113045.5,,200,137,坏棒 总长1000m 铁头 475
348,22:05:00,hit_348_20260731_220500.csv,512,DEFECT,HIGH,77,0,0,484,0,4498503,3148066,-4498503,281784.9,,200,284,坏棒 总长1000m 铁头 475
349,22:05:00,hit_349_20260731_220500.csv,512,DEFECT,HIGH,78,0,0,455,0,5003445,2962840,-5003445,34844.0,,200,255,坏棒 总长1000m 铁头 475
350,22:05:00,hit_350_20260731_220500.csv,512,DEFECT,HIGH,76,0,0,293,0,3736069,2825909,-3736069,428513.3,,200,93,坏棒 总长1000m 铁头 475
351,22:05:01,hit_351_20260731_220501.csv,512,DEFECT,HIGH,82,0,0,425,0,4105097,3003965,-4105097,-137202.7,,200,225,坏棒 总长1000m 铁头 475
352,22:05:01,hit_352_20260731_220501.csv,512,DEFECT,HIGH,78,0,0,411,0,4411347,3048109,-4411347,-167701.8,,200,211,坏棒 总长1000m 铁头 475
353,22:05:01,hit_353_20260731_220501.csv,512,DEFECT,HIGH,87,0,0,396,0,4915650,3418358,-4915650,-469547.6,,200,196,坏棒 总长1000m 铁头 475
354,22:05:01,hit_354_20260731_220501.csv,512,DEFECT,HIGH,81,0,0,411,0,4110894,2996256,-4110894,-106434.2,,200,211,坏棒 总长1000m 铁头 475
355,22:05:02,hit_355_20260731_220502.csv,512,DEFECT,HIGH,78,0,0,352,0,4286320,2944195,-4286320,23835.3,,200,152,坏棒 总长1000m 铁头 475
356,22:05:03,hit_356_20260731_220503.csv,512,DEFECT,HIGH,79,0,0,352,0,4115917,3077424,-4115917,182817.8,,200,152,坏棒 总长1000m 铁头 475
357,22:05:03,hit_357_20260731_220503.csv,512,DEFECT,HIGH,78,0,0,484,0,4122666,3056738,-4122666,402637.9,,200,284,坏棒 总长1000m 铁头 475
358,22:05:07,hit_358_20260731_220507.csv,512,DEFECT,HIGH,87,0,0,293,0,4650234,3897657,-4650234,299809.8,,200,93,坏棒 总长1000m 铁头 475
359,22:05:08,hit_359_20260731_220508.csv,512,DEFECT,HIGH,79,0,0,220,0,5562304,5562304,-3250684,1561149.3,,200,20,坏棒 总长1000m 铁头 475
360,22:05:08,hit_360_20260731_220508.csv,512,DEFECT,HIGH,82,0,0,455,0,4094915,2962195,-4094915,5740.5,,200,255,坏棒 总长1000m 铁头 475
361,22:05:08,hit_361_20260731_220508.csv,512,DEFECT,HIGH,84,0,0,425,0,4812148,2890825,-4812148,-180852.5,,200,225,坏棒 总长1000m 铁头 475
362,22:05:09,hit_362_20260731_220509.csv,512,DEFECT,HIGH,82,0,0,425,0,4371534,3096895,-4371534,-6895.0,,200,225,坏棒 总长1000m 铁头 475
363,22:05:09,hit_363_20260731_220509.csv,512,DEFECT,HIGH,85,0,0,411,0,4467458,2942107,-4467458,-57553.1,,200,211,坏棒 总长1000m 铁头 475
364,22:05:09,hit_364_20260731_220509.csv,512,DEFECT,HIGH,83,0,0,470,0,4252448,2898051,-4252448,17913.2,,200,270,坏棒 总长1000m 铁头 475
365,22:05:10,hit_365_20260731_220510.csv,512,DEFECT,HIGH,83,0,0,308,0,4188951,3742037,-4188951,445766.0,,200,108,坏棒 总长1000m 铁头 475
366,22:05:10,hit_366_20260731_220510.csv,512,DEFECT,HIGH,79,0,0,293,0,4978354,4978354,-3527364,865685.9,,200,93,坏棒 总长1000m 铁头 475
367,22:05:10,hit_367_20260731_220510.csv,512,DEFECT,HIGH,80,0,0,323,0,3640285,3478296,-3640285,503069.3,,200,123,坏棒 总长1000m 铁头 475
368,22:05:10,hit_368_20260731_220510.csv,512,DEFECT,HIGH,80,0,0,293,0,4023952,4023952,-3495694,618791.9,,200,93,坏棒 总长1000m 铁头 475
369,22:05:11,hit_369_20260731_220511.csv,512,DEFECT,HIGH,78,0,0,264,0,4686286,4686286,-3414158,514299.4,,200,64,坏棒 总长1000m 铁头 475
370,22:05:11,hit_370_20260731_220511.csv,512,DEFECT,HIGH,78,0,0,455,0,5246769,5246769,-3273033,719816.7,,200,255,坏棒 总长1000m 铁头 475
371,22:05:11,hit_371_20260731_220511.csv,512,DEFECT,HIGH,74,0,0,440,0,4163963,4163963,-3028432,763679.4,,200,240,坏棒 总长1000m 铁头 475
372,22:05:12,hit_372_20260731_220512.csv,512,DEFECT,HIGH,76,0,0,279,0,4371285,4371285,-3460379,558720.2,,200,79,坏棒 总长1000m 铁头 475
373,22:05:12,hit_373_20260731_220512.csv,512,DEFECT,HIGH,84,0,0,381,0,4075083,3772242,-4075083,-428800.7,,200,181,坏棒 总长1000m 铁头 475
374,22:05:13,hit_374_20260731_220513.csv,512,DEFECT,HIGH,79,0,0,411,0,3636315,2614333,-3636315,-19762.4,,200,211,坏棒 总长1000m 铁头 475
375,22:05:13,hit_375_20260731_220513.csv,512,DEFECT,HIGH,78,0,0,308,0,4839714,4839714,-3414460,911738.4,,200,108,坏棒 总长1000m 铁头 475
376,22:05:13,hit_376_20260731_220513.csv,512,DEFECT,HIGH,79,0,0,308,0,3637100,3626701,-3637100,569989.5,,200,108,坏棒 总长1000m 铁头 475
377,22:05:13,hit_377_20260731_220513.csv,512,DEFECT,HIGH,77,0,0,293,0,4644548,4644548,-3214833,1109290.0,,200,93,坏棒 总长1000m 铁头 475
378,22:05:14,hit_378_20260731_220514.csv,512,DEFECT,HIGH,89,0,0,293,0,5071117,3295237,-5071117,-120714.8,,200,93,坏棒 总长1000m 铁头 475
379,22:05:14,hit_379_20260731_220514.csv,512,DEFECT,HIGH,98,0,0,411,0,5999505,3751397,-5999505,-197597.3,,200,211,坏棒 总长1000m 铁头 475
380,22:05:15,hit_380_20260731_220515.csv,512,DEFECT,HIGH,78,0,0,279,0,4183048,4183048,-3203567,827526.7,,200,79,坏棒 总长1000m 铁头 475
381,22:05:15,hit_381_20260731_220515.csv,512,DEFECT,HIGH,79,0,0,470,0,3913197,3463417,-3913197,242616.5,,200,270,坏棒 总长1000m 铁头 475
382,22:05:15,hit_382_20260731_220515.csv,512,DEFECT,HIGH,79,0,0,308,0,4405419,4405419,-3786158,473744.9,,200,108,坏棒 总长1000m 铁头 475
383,22:05:15,hit_383_20260731_220515.csv,512,DEFECT,HIGH,83,0,0,352,0,3690583,3690583,-3656497,-294709.7,,200,152,坏棒 总长1000m 铁头 475
384,22:05:16,hit_384_20260731_220516.csv,512,DEFECT,HIGH,81,0,0,440,0,3820249,3007812,-3820249,164975.1,,200,240,坏棒 总长1000m 铁头 475
385,22:05:16,hit_385_20260731_220516.csv,512,DEFECT,HIGH,78,0,0,279,0,3541759,2965857,-3541759,335596.0,,200,79,坏棒 总长1000m 铁头 475
386,22:05:16,hit_386_20260731_220516.csv,512,DEFECT,HIGH,76,0,0,176,0,6857285,6857285,-3095852,1540420.1,,200,-24,坏棒 总长1000m 铁头 475
387,22:05:17,hit_387_20260731_220517.csv,512,DEFECT,HIGH,78,0,0,264,0,3592268,2942227,-3592268,292127.3,,200,64,坏棒 总长1000m 铁头 475
388,22:05:17,hit_388_20260731_220517.csv,512,DEFECT,HIGH,76,0,0,279,0,5301833,5301833,-3099160,1288072.1,,200,79,坏棒 总长1000m 铁头 475
389,22:05:17,hit_389_20260731_220517.csv,512,DEFECT,HIGH,76,0,0,235,0,6610226,6610226,-2997287,1490032.9,,200,35,坏棒 总长1000m 铁头 475
390,22:05:18,hit_390_20260731_220518.csv,512,DEFECT,HIGH,80,0,0,470,0,3755321,2807479,-3755321,149268.1,,200,270,坏棒 总长1000m 铁头 475
391,22:05:18,hit_391_20260731_220518.csv,512,DEFECT,HIGH,81,0,0,249,0,3799229,2905276,-3799229,160221.0,,200,49,坏棒 总长1000m 铁头 475
392,22:05:18,hit_392_20260731_220518.csv,512,DEFECT,HIGH,79,0,0,323,0,3915466,3915466,-3631856,450416.8,,200,123,坏棒 总长1000m 铁头 475
393,22:05:18,hit_393_20260731_220518.csv,512,DEFECT,HIGH,78,0,0,279,0,4578318,4578318,-3429393,842306.9,,200,79,坏棒 总长1000m 铁头 475
394,22:05:19,hit_394_20260731_220519.csv,512,DEFECT,HIGH,79,0,0,264,0,5618392,5618392,-3421021,1035825.5,,200,64,坏棒 总长1000m 铁头 475
395,22:05:19,hit_395_20260731_220519.csv,512,DEFECT,HIGH,79,0,0,470,0,3555888,2740498,-3555888,65782.1,,200,270,坏棒 总长1000m 铁头 475
396,22:05:19,hit_396_20260731_220519.csv,512,DEFECT,HIGH,77,0,0,293,0,3690980,3690980,-3223328,447871.1,,200,93,坏棒 总长1000m 铁头 475
397,22:05:20,hit_397_20260731_220520.csv,512,DEFECT,HIGH,76,0,0,279,0,4561147,4561147,-2858202,1018576.6,,200,79,坏棒 总长1000m 铁头 475
398,22:05:20,hit_398_20260731_220520.csv,512,DEFECT,HIGH,82,0,0,279,0,4018386,2575181,-4018386,-87057.2,,200,79,坏棒 总长1000m 铁头 475
399,22:05:20,hit_399_20260731_220520.csv,512,DEFECT,HIGH,77,0,0,190,0,5587505,5587505,-3265567,832644.2,,200,-10,坏棒 总长1000m 铁头 475
400,22:05:26,hit_400_20260731_220526.csv,512,DEFECT,HIGH,78,0,0,381,0,3404895,2867205,-3404895,15621.9,,200,181,坏棒 总长1000m 铁头 475
401,22:05:26,hit_401_20260731_220526.csv,512,DEFECT,HIGH,77,0,0,381,0,3442090,3233624,-3442090,206936.6,,200,181,坏棒 总长1000m 铁头 475
402,22:05:26,hit_402_20260731_220526.csv,512,DEFECT,HIGH,78,0,0,264,0,3943637,3926007,-3943637,267672.9,,200,64,坏棒 总长1000m 铁头 475
403,22:05:27,hit_403_20260731_220527.csv,512,DEFECT,HIGH,78,0,0,425,0,4378208,4378208,-4236303,363842.1,,200,225,坏棒 总长1000m 铁头 475
404,22:05:27,hit_404_20260731_220527.csv,512,DEFECT,HIGH,79,0,0,440,0,3735022,3398239,-3735022,191782.8,,200,240,坏棒 总长1000m 铁头 475
405,22:05:27,hit_405_20260731_220527.csv,512,DEFECT,HIGH,79,0,0,484,0,3862926,3123761,-3862926,287228.0,,200,284,坏棒 总长1000m 铁头 475
406,22:05:28,hit_406_20260731_220528.csv,512,DEFECT,HIGH,77,0,0,293,0,4138247,4138247,-3497431,549105.9,,200,93,坏棒 总长1000m 铁头 475
407,22:05:28,hit_407_20260731_220528.csv,512,DEFECT,HIGH,80,0,0,440,0,3686451,2986589,-3686451,233685.3,,200,240,坏棒 总长1000m 铁头 475
408,22:05:28,hit_408_20260731_220528.csv,512,DEFECT,HIGH,77,0,0,220,0,5528921,5528921,-4049948,741014.3,,200,20,坏棒 总长1000m 铁头 475
409,22:05:29,hit_409_20260731_220529.csv,512,DEFECT,HIGH,80,0,0,455,0,3583649,2952547,-3583649,220688.6,,200,255,坏棒 总长1000m 铁头 475
410,22:05:29,hit_410_20260731_220529.csv,512,DEFECT,HIGH,77,0,0,484,0,3707888,3707888,-3654402,422095.0,,200,284,坏棒 总长1000m 铁头 475
411,22:05:29,hit_411_20260731_220529.csv,512,DEFECT,HIGH,79,0,0,308,0,4828992,4828992,-3621794,859708.0,,200,108,坏棒 总长1000m 铁头 475
412,22:05:30,hit_412_20260731_220530.csv,512,DEFECT,HIGH,79,0,0,411,0,3532082,2619172,-3532082,-295728.0,,200,211,坏棒 总长1000m 铁头 475
413,22:05:30,hit_413_20260731_220530.csv,512,DEFECT,HIGH,78,0,0,396,0,3446732,2456320,-3446732,-121508.2,,200,196,坏棒 总长1000m 铁头 475
414,22:05:30,hit_414_20260731_220530.csv,512,DEFECT,HIGH,83,0,0,440,0,4232648,2514321,-4232648,-156030.5,,200,240,坏棒 总长1000m 铁头 475
415,22:05:31,hit_415_20260731_220531.csv,512,DEFECT,HIGH,77,0,0,235,0,5157602,5157602,-3135253,1183918.9,,200,35,坏棒 总长1000m 铁头 475
416,22:05:31,hit_416_20260731_220531.csv,512,DEFECT,HIGH,75,0,0,205,0,4880222,4880222,-3238639,971170.3,,200,5,坏棒 总长1000m 铁头 475
417,22:05:31,hit_417_20260731_220531.csv,512,DEFECT,HIGH,76,0,0,308,0,4774209,4774209,-3321473,924965.3,,200,108,坏棒 总长1000m 铁头 475
418,22:05:32,hit_418_20260731_220532.csv,512,DEFECT,HIGH,76,0,0,235,0,4574731,4574731,-3257669,782586.5,,200,35,坏棒 总长1000m 铁头 475
419,22:05:32,hit_419_20260731_220532.csv,512,DEFECT,HIGH,79,0,0,220,0,3770232,3770232,-3624317,347866.9,,200,20,坏棒 总长1000m 铁头 475
420,22:05:32,hit_420_20260731_220532.csv,512,DEFECT,HIGH,78,0,0,440,0,3807054,2601001,-3807054,65339.7,,200,240,坏棒 总长1000m 铁头 475
421,22:05:32,hit_421_20260731_220532.csv,512,DEFECT,HIGH,79,0,0,499,0,4011317,4011317,-3777623,396642.8,,200,299,坏棒 总长1000m 铁头 475
422,22:05:33,hit_422_20260731_220533.csv,512,DEFECT,HIGH,77,0,0,293,0,3484131,3289840,-3484131,497720.6,,200,93,坏棒 总长1000m 铁头 475
423,22:05:33,hit_423_20260731_220533.csv,512,DEFECT,HIGH,79,0,0,411,0,3937948,2968977,-3937948,25038.0,,200,211,坏棒 总长1000m 铁头 475
424,22:05:33,hit_424_20260731_220533.csv,512,DEFECT,HIGH,76,0,0,396,0,3621484,3209428,-3621484,288246.1,,200,196,坏棒 总长1000m 铁头 475
425,22:05:34,hit_425_20260731_220534.csv,512,DEFECT,HIGH,80,0,0,352,0,3655405,3088511,-3655405,281828.8,,200,152,坏棒 总长1000m 铁头 475
426,22:05:34,hit_426_20260731_220534.csv,512,DEFECT,HIGH,77,0,0,220,0,5524724,5524724,-3261584,948404.8,,200,20,坏棒 总长1000m 铁头 475
427,22:05:34,hit_427_20260731_220534.csv,512,DEFECT,LOW,76,0,0,940,0,1436781,1436781,-1049406,-92160.8,,200,740,坏棒 总长1000m 铁头 475
428,22:05:35,hit_428_20260731_220535.csv,512,DEFECT,HIGH,77,0,0,293,0,5009302,5009302,-3172730,755663.4,,200,93,坏棒 总长1000m 铁头 475
429,22:05:35,hit_429_20260731_220535.csv,512,DEFECT,HIGH,83,0,0,411,0,4272456,3015689,-4272456,-23271.8,,200,211,坏棒 总长1000m 铁头 475
430,22:05:35,hit_430_20260731_220535.csv,512,DEFECT,HIGH,76,0,0,337,0,3521553,2972905,-3521553,381409.2,,200,137,坏棒 总长1000m 铁头 475
431,22:05:35,hit_431_20260731_220535.csv,512,DEFECT,HIGH,77,0,0,440,0,3698383,2552217,-3698383,91962.7,,200,240,坏棒 总长1000m 铁头 475
432,22:05:36,hit_432_20260731_220536.csv,512,DEFECT,HIGH,76,0,0,205,0,5549264,5549264,-3387422,1061929.5,,200,5,坏棒 总长1000m 铁头 475
433,22:05:36,hit_433_20260731_220536.csv,512,DEFECT,HIGH,77,0,0,205,0,4386889,4386889,-3486178,657457.9,,200,5,坏棒 总长1000m 铁头 475
434,22:05:36,hit_434_20260731_220536.csv,512,DEFECT,HIGH,79,0,0,279,0,3556632,3200470,-3556632,295612.3,,200,79,坏棒 总长1000m 铁头 475
435,22:05:37,hit_435_20260731_220537.csv,512,DEFECT,HIGH,78,0,0,293,0,3355390,3328686,-3355390,423970.5,,200,93,坏棒 总长1000m 铁头 475
436,22:05:37,hit_436_20260731_220537.csv,512,DEFECT,HIGH,78,0,0,220,0,3905555,3905555,-3711834,394118.3,,200,20,坏棒 总长1000m 铁头 475
437,22:05:37,hit_437_20260731_220537.csv,512,DEFECT,HIGH,78,0,0,220,0,3843225,3843225,-3821202,475980.2,,200,20,坏棒 总长1000m 铁头 475
438,22:05:37,hit_438_20260731_220537.csv,512,DEFECT,HIGH,79,0,0,470,0,3911137,2356038,-3911137,-94754.4,,200,270,坏棒 总长1000m 铁头 475
439,22:05:38,hit_439_20260731_220538.csv,512,DEFECT,HIGH,80,0,0,470,0,4498943,4498943,-3725864,562177.7,,200,270,坏棒 总长1000m 铁头 475
440,22:05:38,hit_440_20260731_220538.csv,512,DEFECT,HIGH,77,0,0,381,0,3950269,2735659,-3950269,-28196.4,,200,181,坏棒 总长1000m 铁头 475
441,22:05:38,hit_441_20260731_220538.csv,512,DEFECT,HIGH,88,0,0,984,0,3424592,2831930,-3424592,-331002.6,,200,784,坏棒 总长1000m 铁头 475
442,22:05:42,hit_442_20260731_220542.csv,512,DEFECT,HIGH,80,0,0,352,0,3757011,2925571,-3757011,180665.2,,200,152,坏棒 总长1000m 铁头 475
443,22:05:42,hit_443_20260731_220542.csv,512,DEFECT,HIGH,77,0,0,279,0,3928612,3928612,-3167160,616801.6,,200,79,坏棒 总长1000m 铁头 475
444,22:05:42,hit_444_20260731_220542.csv,512,DEFECT,HIGH,79,0,0,484,0,4142648,4142648,-3450937,441514.5,,200,284,坏棒 总长1000m 铁头 475
445,22:05:43,hit_445_20260731_220543.csv,512,DEFECT,HIGH,78,0,0,484,0,3492907,2699192,-3492907,164137.4,,200,284,坏棒 总长1000m 铁头 475
446,22:05:43,hit_446_20260731_220543.csv,512,DEFECT,HIGH,80,0,0,337,0,3558006,3298911,-3558006,358060.5,,200,137,坏棒 总长1000m 铁头 475
447,22:05:43,hit_447_20260731_220543.csv,512,DEFECT,HIGH,82,0,0,440,0,3870568,2304270,-3870568,-188152.3,,200,240,坏棒 总长1000m 铁头 475
448,22:05:44,hit_448_20260731_220544.csv,512,DEFECT,HIGH,78,0,0,425,0,3578221,2887370,-3578221,228488.1,,200,225,坏棒 总长1000m 铁头 475
449,22:05:44,hit_449_20260731_220544.csv,512,DEFECT,HIGH,79,0,0,396,0,3499030,2529096,-3499030,-155414.6,,200,196,坏棒 总长1000m 铁头 475
450,22:05:44,hit_450_20260731_220544.csv,512,DEFECT,HIGH,77,0,0,411,0,3344113,2792735,-3344113,148313.9,,200,211,坏棒 总长1000m 铁头 475
451,22:05:44,hit_451_20260731_220544.csv,512,DEFECT,HIGH,76,0,0,235,0,4435738,4435738,-3587320,421015.1,,200,35,坏棒 总长1000m 铁头 475
452,22:05:45,hit_452_20260731_220545.csv,512,DEFECT,HIGH,76,0,0,425,0,3438539,3216488,-3438539,354065.6,,200,225,坏棒 总长1000m 铁头 475
453,22:05:45,hit_453_20260731_220545.csv,512,DEFECT,HIGH,77,0,0,411,0,3454322,3219334,-3454322,333435.6,,200,211,坏棒 总长1000m 铁头 475
454,22:05:45,hit_454_20260731_220545.csv,512,DEFECT,HIGH,78,0,0,279,0,3852092,3852092,-3555245,366521.9,,200,79,坏棒 总长1000m 铁头 475
455,22:05:46,hit_455_20260731_220546.csv,512,DEFECT,HIGH,81,0,0,470,0,4437178,2486025,-4437178,-113881.8,,200,270,坏棒 总长1000m 铁头 475
456,22:05:46,hit_456_20260731_220546.csv,512,DEFECT,HIGH,79,0,0,470,0,4247230,3690341,-4247230,393254.6,,200,270,坏棒 总长1000m 铁头 475
457,22:05:46,hit_457_20260731_220546.csv,512,DEFECT,HIGH,79,0,0,440,0,3958834,3102656,-3958834,58640.1,,200,240,坏棒 总长1000m 铁头 475
458,22:05:47,hit_458_20260731_220547.csv,512,DEFECT,HIGH,76,0,0,249,0,4446669,4446669,-3297023,743641.8,,200,49,坏棒 总长1000m 铁头 475
459,22:05:47,hit_459_20260731_220547.csv,512,DEFECT,HIGH,80,0,0,470,0,4300209,4002375,-4300209,282496.7,,200,270,坏棒 总长1000m 铁头 475
460,22:05:47,hit_460_20260731_220547.csv,512,DEFECT,HIGH,78,0,0,308,0,3789000,3078275,-3789000,361741.0,,200,108,坏棒 总长1000m 铁头 475
461,22:05:47,hit_461_20260731_220547.csv,512,DEFECT,HIGH,77,0,0,220,0,5354325,5354325,-4254782,552564.1,,200,20,坏棒 总长1000m 铁头 475
462,22:05:48,hit_462_20260731_220548.csv,512,DEFECT,HIGH,77,0,0,396,0,3482373,2569936,-3482373,-67563.8,,200,196,坏棒 总长1000m 铁头 475
463,22:05:48,hit_463_20260731_220548.csv,512,DEFECT,HIGH,86,0,0,337,0,4129057,3028399,-4129057,-149641.7,,200,137,坏棒 总长1000m 铁头 475
464,22:05:48,hit_464_20260731_220548.csv,512,DEFECT,HIGH,77,0,0,484,0,3399415,3012876,-3399415,253391.2,,200,284,坏棒 总长1000m 铁头 475
465,22:05:49,hit_465_20260731_220549.csv,512,DEFECT,HIGH,75,0,0,264,0,4127003,4127003,-3503895,504179.7,,200,64,坏棒 总长1000m 铁头 475
466,22:05:49,hit_466_20260731_220549.csv,512,DEFECT,HIGH,75,0,0,264,0,4816131,4816131,-3067799,809204.7,,200,64,坏棒 总长1000m 铁头 475
467,22:05:49,hit_467_20260731_220549.csv,512,DEFECT,HIGH,76,0,0,205,0,4159851,4159851,-3459169,795776.8,,200,5,坏棒 总长1000m 铁头 475
468,22:05:49,hit_468_20260731_220549.csv,512,DEFECT,HIGH,75,0,0,205,0,6076170,6076170,-3062086,1267658.0,,200,5,坏棒 总长1000m 铁头 475
469,22:05:50,hit_469_20260731_220550.csv,512,DEFECT,HIGH,76,0,0,220,0,4513915,4513915,-3318805,814878.5,,200,20,坏棒 总长1000m 铁头 475
470,22:05:50,hit_470_20260731_220550.csv,512,DEFECT,HIGH,75,0,0,220,0,4585542,4585542,-3200292,878359.4,,200,20,坏棒 总长1000m 铁头 475
471,22:05:50,hit_471_20260731_220550.csv,512,DEFECT,HIGH,80,0,0,293,0,3983842,3983842,-3696265,584116.0,,200,93,坏棒 总长1000m 铁头 475
472,22:05:51,hit_472_20260731_220551.csv,512,DEFECT,HIGH,76,0,0,264,0,3800569,3800569,-3059828,667743.8,,200,64,坏棒 总长1000m 铁头 475
473,22:05:51,hit_473_20260731_220551.csv,512,DEFECT,HIGH,81,0,0,308,0,3886674,3837458,-3886674,548754.8,,200,108,坏棒 总长1000m 铁头 475
474,22:05:51,hit_474_20260731_220551.csv,512,DEFECT,HIGH,83,0,0,411,0,4245482,3521416,-4245482,309888.3,,200,211,坏棒 总长1000m 铁头 475
475,22:05:52,hit_475_20260731_220552.csv,512,DEFECT,HIGH,77,0,0,308,0,3401537,2436666,-3401537,93682.9,,200,108,坏棒 总长1000m 铁头 475
476,22:05:52,hit_476_20260731_220552.csv,512,DEFECT,HIGH,76,0,0,293,0,3340566,3092306,-3340566,547107.9,,200,93,坏棒 总长1000m 铁头 475
477,22:05:52,hit_477_20260731_220552.csv,512,DEFECT,HIGH,76,0,0,205,0,4390986,4390986,-3561370,766799.1,,200,5,坏棒 总长1000m 铁头 475
478,22:05:52,hit_478_20260731_220552.csv,512,DEFECT,HIGH,76,0,0,264,0,4173060,4173060,-3650242,424592.8,,200,64,坏棒 总长1000m 铁头 475
479,22:05:53,hit_479_20260731_220553.csv,512,DEFECT,HIGH,90,0,0,381,0,4014641,4014641,-3817992,82304.1,,200,181,坏棒 总长1000m 铁头 475
480,22:05:56,hit_480_20260731_220556.csv,512,DEFECT,HIGH,83,0,0,425,0,4233604,2701835,-4233604,-117701.6,,200,225,坏棒 总长1000m 铁头 475
481,22:05:56,hit_481_20260731_220556.csv,512,DEFECT,HIGH,80,0,0,470,0,4242518,4242518,-3646116,453581.2,,200,270,坏棒 总长1000m 铁头 475
482,22:05:57,hit_482_20260731_220557.csv,512,DEFECT,HIGH,84,0,0,396,0,4348458,2874685,-4348458,-2837.3,,200,196,坏棒 总长1000m 铁头 475
483,22:05:57,hit_483_20260731_220557.csv,512,DEFECT,HIGH,80,0,0,352,0,3715725,2918186,-3715725,228248.7,,200,152,坏棒 总长1000m 铁头 475
484,22:05:57,hit_484_20260731_220557.csv,512,DEFECT,HIGH,77,0,0,279,0,5132335,5132335,-3233822,960026.9,,200,79,坏棒 总长1000m 铁头 475
485,22:05:58,hit_485_20260731_220558.csv,512,DEFECT,HIGH,78,0,0,293,0,4394575,4394575,-3316521,843956.0,,200,93,坏棒 总长1000m 铁头 475
486,22:05:58,hit_486_20260731_220558.csv,512,DEFECT,HIGH,79,0,0,308,0,4076717,4076717,-3507277,767504.8,,200,108,坏棒 总长1000m 铁头 475
487,22:05:58,hit_487_20260731_220558.csv,512,DEFECT,HIGH,77,0,0,308,0,4735188,4735188,-3193813,1031262.2,,200,108,坏棒 总长1000m 铁头 475
488,22:05:59,hit_488_20260731_220559.csv,512,DEFECT,HIGH,78,0,0,293,0,5296721,5296721,-3323909,1051587.2,,200,93,坏棒 总长1000m 铁头 475
489,22:05:59,hit_489_20260731_220559.csv,512,DEFECT,HIGH,79,0,0,337,0,4222418,4222418,-3567440,861995.7,,200,137,坏棒 总长1000m 铁头 475
490,22:05:59,hit_490_20260731_220559.csv,512,DEFECT,HIGH,80,0,0,308,0,4030271,4030271,-3618722,785605.5,,200,108,坏棒 总长1000m 铁头 475
491,22:06:00,hit_491_20260731_220600.csv,512,DEFECT,HIGH,79,0,0,352,0,3877340,3877340,-3428601,665178.8,,200,152,坏棒 总长1000m 铁头 475
492,22:06:00,hit_492_20260731_220600.csv,512,DEFECT,HIGH,78,0,0,308,0,4826523,4826523,-3216863,945937.7,,200,108,坏棒 总长1000m 铁头 475
493,22:06:00,hit_493_20260731_220600.csv,512,DEFECT,HIGH,78,0,0,308,0,4082225,4082225,-3167504,831076.6,,200,108,坏棒 总长1000m 铁头 475
494,22:06:01,hit_494_20260731_220601.csv,512,DEFECT,HIGH,79,0,0,323,0,3548154,3373500,-3548154,461509.0,,200,123,坏棒 总长1000m 铁头 475
495,22:06:01,hit_495_20260731_220601.csv,512,DEFECT,HIGH,81,0,0,381,0,3876645,3027643,-3876645,169685.9,,200,181,坏棒 总长1000m 铁头 475
496,22:06:01,hit_496_20260731_220601.csv,512,DEFECT,HIGH,79,0,0,352,0,3570079,3267426,-3570079,398502.4,,200,152,坏棒 总长1000m 铁头 475
497,22:06:02,hit_497_20260731_220602.csv,512,DEFECT,HIGH,85,0,0,396,0,4629278,3012556,-4629278,-46446.0,,200,196,坏棒 总长1000m 铁头 475
498,22:06:02,hit_498_20260731_220602.csv,512,DEFECT,HIGH,81,0,0,337,0,3912911,3219850,-3912911,300595.9,,200,137,坏棒 总长1000m 铁头 475
499,22:06:02,hit_499_20260731_220602.csv,512,DEFECT,HIGH,79,0,0,411,0,3612347,3216896,-3612347,98538.9,,200,211,坏棒 总长1000m 铁头 475
500,22:06:03,hit_500_20260731_220603.csv,512,DEFECT,HIGH,79,0,0,440,0,3515320,2910979,-3515320,233197.1,,200,240,坏棒 总长1000m 铁头 475
501,22:06:03,hit_501_20260731_220603.csv,512,DEFECT,HIGH,82,0,0,411,0,3990700,3168092,-3990700,257178.3,,200,211,坏棒 总长1000m 铁头 475
502,22:06:03,hit_502_20260731_220603.csv,512,DEFECT,HIGH,84,0,0,381,0,4375170,2836025,-4375170,-13218.7,,200,181,坏棒 总长1000m 铁头 475
503,22:06:04,hit_503_20260731_220604.csv,512,DEFECT,HIGH,88,0,0,381,0,5086847,2753743,-5086847,-267645.0,,200,181,坏棒 总长1000m 铁头 475
504,22:06:04,hit_504_20260731_220604.csv,512,DEFECT,HIGH,80,0,0,367,0,3649814,3329793,-3649814,300738.7,,200,167,坏棒 总长1000m 铁头 475
505,22:06:04,hit_505_20260731_220604.csv,512,DEFECT,HIGH,80,0,0,337,0,3547396,3495432,-3547396,542018.6,,200,137,坏棒 总长1000m 铁头 475
506,22:06:20,hit_506_20260731_220620.csv,512,DEFECT,HIGH,81,0,0,440,0,4656527,4656527,-3941892,241878.0,,200,240,坏棒 总长1000m 铁头 475
507,22:06:20,hit_507_20260731_220620.csv,512,DEFECT,HIGH,79,0,0,470,0,3546421,2877071,-3546421,199384.4,,200,270,坏棒 总长1000m 铁头 475
508,22:06:20,hit_508_20260731_220620.csv,512,DEFECT,HIGH,78,0,0,293,0,3963218,3963218,-3194406,783663.4,,200,93,坏棒 总长1000m 铁头 475
509,22:06:21,hit_509_20260731_220621.csv,512,DEFECT,HIGH,80,0,0,308,0,3508699,3117401,-3508699,385396.9,,200,108,坏棒 总长1000m 铁头 475
510,22:06:25,hit_510_20260731_220625.csv,512,DEFECT,HIGH,79,0,0,440,0,3623379,2627218,-3623379,34017.2,,200,240,坏棒 总长1000m 铁头 475
511,22:06:25,hit_511_20260731_220625.csv,512,DEFECT,HIGH,77,0,0,308,0,3245837,2894304,-3245837,320824.3,,200,108,坏棒 总长1000m 铁头 475
512,22:06:26,hit_512_20260731_220626.csv,512,DEFECT,HIGH,77,0,0,293,0,4026980,4026980,-3076152,731929.6,,200,93,坏棒 总长1000m 铁头 475
513,22:06:26,hit_513_20260731_220626.csv,512,DEFECT,HIGH,78,0,0,323,0,3383589,3383589,-3184731,590313.1,,200,123,坏棒 总长1000m 铁头 475
514,22:06:26,hit_514_20260731_220626.csv,512,DEFECT,HIGH,77,0,0,337,0,3261791,3261791,-3214080,399476.4,,200,137,坏棒 总长1000m 铁头 475
515,22:06:27,hit_515_20260731_220627.csv,512,DEFECT,HIGH,78,0,0,308,0,3412555,3351820,-3412555,536907.4,,200,108,坏棒 总长1000m 铁头 475
516,22:06:27,hit_516_20260731_220627.csv,512,DEFECT,HIGH,79,0,0,293,0,3602201,3384023,-3602201,361352.3,,200,93,坏棒 总长1000m 铁头 475
517,22:06:27,hit_517_20260731_220627.csv,512,DEFECT,HIGH,79,0,0,455,0,3586079,3016716,-3586079,282878.5,,200,255,坏棒 总长1000m 铁头 475
518,22:06:27,hit_518_20260731_220627.csv,512,DEFECT,HIGH,79,0,0,455,0,3604689,3151767,-3604689,280980.9,,200,255,坏棒 总长1000m 铁头 475
519,22:06:28,hit_519_20260731_220628.csv,512,DEFECT,HIGH,79,0,0,425,0,3632278,3332927,-3632278,265576.3,,200,225,坏棒 总长1000m 铁头 475
520,22:06:28,hit_520_20260731_220628.csv,512,DEFECT,HIGH,82,0,0,381,0,3967506,3583075,-3967506,-105919.0,,200,181,坏棒 总长1000m 铁头 475
521,22:06:28,hit_521_20260731_220628.csv,512,DEFECT,HIGH,83,0,0,925,0,3548966,2540421,-3548966,-405501.4,,200,725,坏棒 总长1000m 铁头 475
522,22:06:29,hit_522_20260731_220629.csv,512,DEFECT,HIGH,77,0,0,367,0,3589108,3589108,-3139487,337800.7,,200,167,坏棒 总长1000m 铁头 475
523,22:06:29,hit_523_20260731_220629.csv,512,DEFECT,HIGH,79,0,0,381,0,3525346,3225568,-3525346,26366.1,,200,181,坏棒 总长1000m 铁头 475
524,22:06:29,hit_524_20260731_220629.csv,512,DEFECT,HIGH,84,0,0,411,0,4383601,3784354,-4383601,-229486.9,,200,211,坏棒 总长1000m 铁头 475
525,22:06:30,hit_525_20260731_220630.csv,512,DEFECT,HIGH,82,0,0,367,0,3983251,3592125,-3983251,93744.9,,200,167,坏棒 总长1000m 铁头 475
526,22:06:30,hit_526_20260731_220630.csv,512,DEFECT,HIGH,82,0,0,396,0,4081000,3643824,-4081000,-291701.7,,200,196,坏棒 总长1000m 铁头 475
527,22:06:30,hit_527_20260731_220630.csv,512,DEFECT,HIGH,84,0,0,396,0,4422775,3158165,-4422775,-141178.1,,200,196,坏棒 总长1000m 铁头 475
528,22:06:30,hit_528_20260731_220630.csv,512,DEFECT,HIGH,90,0,0,337,0,5470638,2345669,-5470638,-672619.8,,200,137,坏棒 总长1000m 铁头 475
529,22:06:31,hit_529_20260731_220631.csv,512,DEFECT,HIGH,82,0,0,440,0,3951867,3074137,-3951867,193346.8,,200,240,坏棒 总长1000m 铁头 475
530,22:06:31,hit_530_20260731_220631.csv,512,DEFECT,HIGH,80,0,0,425,0,3812585,3068187,-3812585,151398.4,,200,225,坏棒 总长1000m 铁头 475
531,22:06:31,hit_531_20260731_220631.csv,512,DEFECT,HIGH,80,0,0,411,0,3640206,3395550,-3640206,255877.7,,200,211,坏棒 总长1000m 铁头 475
532,22:06:32,hit_532_20260731_220632.csv,512,DEFECT,HIGH,79,0,0,352,0,3510715,3200953,-3510715,154554.7,,200,152,坏棒 总长1000m 铁头 475
533,22:06:32,hit_533_20260731_220632.csv,512,DEFECT,HIGH,89,0,0,411,0,4784919,2883858,-4784919,-556559.8,,200,211,坏棒 总长1000m 铁头 475
534,22:06:32,hit_534_20260731_220632.csv,512,DEFECT,HIGH,83,0,0,425,0,4115615,3457414,-4115615,234454.5,,200,225,坏棒 总长1000m 铁头 475
535,22:06:32,hit_535_20260731_220632.csv,512,DEFECT,HIGH,86,0,0,396,0,4718518,3138654,-4718518,-416211.0,,200,196,坏棒 总长1000m 铁头 475
536,22:06:33,hit_536_20260731_220633.csv,512,DEFECT,HIGH,82,0,0,381,0,4114301,2903287,-4114301,-63273.0,,200,181,坏棒 总长1000m 铁头 475
537,22:06:33,hit_537_20260731_220633.csv,512,DEFECT,HIGH,82,0,0,411,0,3956388,3321923,-3956388,217768.6,,200,211,坏棒 总长1000m 铁头 475
538,22:06:33,hit_538_20260731_220633.csv,512,DEFECT,HIGH,85,0,0,425,0,4533990,3322653,-4533990,-301934.9,,200,225,坏棒 总长1000m 铁头 475
539,22:06:34,hit_539_20260731_220634.csv,512,DEFECT,HIGH,89,0,0,396,0,4881020,2741493,-4881020,-393776.9,,200,196,坏棒 总长1000m 铁头 475
540,22:06:34,hit_540_20260731_220634.csv,512,DEFECT,HIGH,78,0,0,352,0,3338882,2777678,-3338882,-154588.6,,200,152,坏棒 总长1000m 铁头 475
541,22:06:34,hit_541_20260731_220634.csv,512,DEFECT,HIGH,85,0,0,381,0,4470086,2650826,-4470086,-332817.8,,200,181,坏棒 总长1000m 铁头 475
542,22:06:34,hit_542_20260731_220634.csv,512,DEFECT,HIGH,80,0,0,323,0,3666238,3370436,-3666238,399416.1,,200,123,坏棒 总长1000m 铁头 475
543,22:06:35,hit_543_20260731_220635.csv,512,DEFECT,HIGH,82,0,0,425,0,4048765,3274526,-4048765,247517.5,,200,225,坏棒 总长1000m 铁头 475
544,22:06:35,hit_544_20260731_220635.csv,512,DEFECT,HIGH,79,0,0,440,0,3652482,2508878,-3652482,-52567.3,,200,240,坏棒 总长1000m 铁头 475
545,22:06:35,hit_545_20260731_220635.csv,512,DEFECT,HIGH,79,0,0,337,0,3728350,2704720,-3728350,102021.6,,200,137,坏棒 总长1000m 铁头 475
546,22:06:36,hit_546_20260731_220636.csv,512,DEFECT,HIGH,78,0,0,293,0,4238790,4238790,-3135514,686342.0,,200,93,坏棒 总长1000m 铁头 475
547,22:06:36,hit_547_20260731_220636.csv,512,DEFECT,HIGH,77,0,0,337,0,3270016,3136050,-3270016,447469.5,,200,137,坏棒 总长1000m 铁头 475
548,22:06:36,hit_548_20260731_220636.csv,512,DEFECT,HIGH,81,0,0,440,0,3847509,2751451,-3847509,-3107.2,,200,240,坏棒 总长1000m 铁头 475
549,22:06:36,hit_549_20260731_220636.csv,512,DEFECT,HIGH,79,0,0,323,0,3508873,2850000,-3508873,192381.3,,200,123,坏棒 总长1000m 铁头 475
550,22:06:37,hit_550_20260731_220637.csv,512,DEFECT,HIGH,80,0,0,279,0,3561820,3474481,-3561820,349257.7,,200,79,坏棒 总长1000m 铁头 475
551,22:06:37,hit_551_20260731_220637.csv,512,DEFECT,HIGH,81,0,0,367,0,3779135,3490679,-3779135,-180553.1,,200,167,坏棒 总长1000m 铁头 475
552,22:06:37,hit_552_20260731_220637.csv,512,DEFECT,HIGH,80,0,0,396,0,3824975,2650475,-3824975,-71904.9,,200,196,坏棒 总长1000m 铁头 475
553,22:06:38,hit_553_20260731_220638.csv,512,DEFECT,HIGH,84,0,0,411,0,4296224,2694751,-4296224,-96735.0,,200,211,坏棒 总长1000m 铁头 475
554,22:06:38,hit_554_20260731_220638.csv,512,DEFECT,HIGH,75,0,0,264,0,4533389,4533389,-2893343,927731.3,,200,64,坏棒 总长1000m 铁头 475
555,22:06:38,hit_555_20260731_220638.csv,512,DEFECT,HIGH,78,0,0,293,0,3380641,2882709,-3380641,281810.8,,200,93,坏棒 总长1000m 铁头 475
556,22:06:38,hit_556_20260731_220638.csv,512,DEFECT,HIGH,76,0,0,264,0,4151944,4151944,-2996024,843534.7,,200,64,坏棒 总长1000m 铁头 475
557,22:06:39,hit_557_20260731_220639.csv,512,DEFECT,HIGH,78,0,0,352,0,3431035,2417881,-3431035,13145.9,,200,152,坏棒 总长1000m 铁头 475
558,22:06:39,hit_558_20260731_220639.csv,512,DEFECT,HIGH,78,0,0,470,0,3359637,2925197,-3359637,316504.1,,200,270,坏棒 总长1000m 铁头 475
559,22:06:39,hit_559_20260731_220639.csv,512,DEFECT,HIGH,78,0,0,337,0,3359415,3334613,-3359415,514652.6,,200,137,坏棒 总长1000m 铁头 475
560,22:06:40,hit_560_20260731_220640.csv,512,DEFECT,HIGH,79,0,0,337,0,3537105,3029557,-3537105,284107.3,,200,137,坏棒 总长1000m 铁头 475
561,22:06:40,hit_561_20260731_220640.csv,512,DEFECT,HIGH,80,0,0,381,0,3686671,2922285,-3686671,190266.6,,200,181,坏棒 总长1000m 铁头 475
562,22:06:40,hit_562_20260731_220640.csv,512,DEFECT,HIGH,81,0,0,308,0,3805787,3003660,-3805787,197529.8,,200,108,坏棒 总长1000m 铁头 475
563,22:06:45,hit_563_20260731_220645.csv,512,DEFECT,HIGH,76,0,0,396,0,4745562,2910912,-4745562,6174.2,,200,196,坏棒 总长1000m 铁头 475
564,22:06:45,hit_564_20260731_220645.csv,512,DEFECT,HIGH,80,0,0,484,0,4668359,4104034,-4668359,296610.4,,200,284,坏棒 总长1000m 铁头 475
565,22:06:45,hit_565_20260731_220645.csv,512,DEFECT,HIGH,77,0,0,308,0,3924664,3924664,-3266321,815655.5,,200,108,坏棒 总长1000m 铁头 475
566,22:06:46,hit_566_20260731_220646.csv,512,DEFECT,HIGH,76,0,0,249,0,6488181,6488181,-2908551,1316257.0,,200,49,坏棒 总长1000m 铁头 475
567,22:06:46,hit_567_20260731_220646.csv,512,DEFECT,HIGH,76,0,0,293,0,4482452,4482452,-3259009,723842.7,,200,93,坏棒 总长1000m 铁头 475
568,22:06:46,hit_568_20260731_220646.csv,512,DEFECT,HIGH,91,0,0,396,0,5445390,3284735,-5445390,-147808.5,,200,196,坏棒 总长1000m 铁头 475
569,22:06:47,hit_569_20260731_220647.csv,512,DEFECT,HIGH,88,0,0,396,0,5024798,3835618,-5024798,-68395.7,,200,196,坏棒 总长1000m 铁头 475
570,22:06:47,hit_570_20260731_220647.csv,512,DEFECT,HIGH,79,0,0,308,0,5613991,5613991,-3478856,1131964.3,,200,108,坏棒 总长1000m 铁头 475
571,22:06:48,hit_571_20260731_220648.csv,512,DEFECT,HIGH,76,0,0,308,0,4826982,4826982,-4050774,536667.9,,200,108,坏棒 总长1000m 铁头 475
572,22:06:48,hit_572_20260731_220648.csv,512,DEFECT,HIGH,79,0,0,337,0,3980403,2865046,-3980403,135658.7,,200,137,坏棒 总长1000m 铁头 475
573,22:06:49,hit_573_20260731_220649.csv,512,DEFECT,HIGH,83,0,0,411,0,4327055,3322339,-4327055,-102045.3,,200,211,坏棒 总长1000m 铁头 475
574,22:06:49,hit_574_20260731_220649.csv,512,DEFECT,HIGH,78,0,0,293,0,3790961,3790961,-3469729,645298.5,,200,93,坏棒 总长1000m 铁头 475
575,22:06:49,hit_575_20260731_220649.csv,512,DEFECT,HIGH,76,0,0,279,0,4853747,4853747,-3151084,833507.7,,200,79,坏棒 总长1000m 铁头 475
576,22:06:49,hit_576_20260731_220649.csv,512,DEFECT,HIGH,83,0,0,411,0,4097512,2740352,-4097512,-338368.2,,200,211,坏棒 总长1000m 铁头 475
577,22:06:50,hit_577_20260731_220650.csv,512,DEFECT,HIGH,79,0,0,470,0,3730608,3730608,-3483654,424714.2,,200,270,坏棒 总长1000m 铁头 475
578,22:06:50,hit_578_20260731_220650.csv,512,DEFECT,HIGH,81,0,0,425,0,3575725,2516096,-3575725,-266000.0,,200,225,坏棒 总长1000m 铁头 475
579,22:06:50,hit_579_20260731_220650.csv,512,DEFECT,HIGH,77,0,0,367,0,3444937,3444937,-3413127,400003.8,,200,167,坏棒 总长1000m 铁头 475
580,22:06:51,hit_580_20260731_220651.csv,512,DEFECT,HIGH,79,0,0,337,0,3538659,2858796,-3538659,200891.7,,200,137,坏棒 总长1000m 铁头 475
581,22:06:51,hit_581_20260731_220651.csv,512,DEFECT,HIGH,80,0,0,381,0,3711107,2813156,-3711107,-1170.7,,200,181,坏棒 总长1000m 铁头 475
582,22:06:51,hit_582_20260731_220651.csv,512,DEFECT,HIGH,79,0,0,352,0,3811385,2839758,-3811385,204675.0,,200,152,坏棒 总长1000m 铁头 475
583,22:06:52,hit_583_20260731_220652.csv,512,DEFECT,HIGH,77,0,0,352,0,3684489,2828282,-3684489,252515.7,,200,152,坏棒 总长1000m 铁头 475
584,22:06:52,hit_584_20260731_220652.csv,512,DEFECT,HIGH,79,0,0,484,0,3899781,3091842,-3899781,247108.3,,200,284,坏棒 总长1000m 铁头 475
585,22:06:52,hit_585_20260731_220652.csv,512,DEFECT,HIGH,85,0,0,396,0,4968873,3398055,-4968873,-252847.5,,200,196,坏棒 总长1000m 铁头 475
586,22:06:52,hit_586_20260731_220652.csv,512,DEFECT,HIGH,81,0,0,484,0,4325497,2654678,-4325497,20057.4,,200,284,坏棒 总长1000m 铁头 475
587,22:06:53,hit_587_20260731_220653.csv,512,DEFECT,HIGH,76,0,0,293,0,5286641,5286641,-3655872,809792.3,,200,93,坏棒 总长1000m 铁头 475
588,22:06:53,hit_588_20260731_220653.csv,512,DEFECT,HIGH,78,0,0,455,0,4360685,4360685,-3994923,441013.1,,200,255,坏棒 总长1000m 铁头 475
589,22:06:54,hit_589_20260731_220654.csv,512,DEFECT,HIGH,84,0,0,411,0,4134631,2989385,-4134631,-348351.0,,200,211,坏棒 总长1000m 铁头 475
590,22:06:54,hit_590_20260731_220654.csv,512,DEFECT,HIGH,77,0,0,323,0,4044138,4044138,-3930737,497154.2,,200,123,坏棒 总长1000m 铁头 475
591,22:07:00,hit_591_20260731_220700.csv,512,DEFECT,HIGH,75,0,0,293,0,5004624,5004624,-2854177,1035137.8,,200,93,坏棒 总长1000m 铁头 475
592,22:07:01,hit_592_20260731_220701.csv,512,DEFECT,HIGH,77,0,0,293,0,5149263,5149263,-3197713,701816.6,,200,93,坏棒 总长1000m 铁头 475
593,22:07:01,hit_593_20260731_220701.csv,512,DEFECT,HIGH,79,0,0,440,0,3818166,3811829,-3818166,238778.7,,200,240,坏棒 总长1000m 铁头 475
594,22:07:01,hit_594_20260731_220701.csv,512,DEFECT,HIGH,83,0,0,381,0,4204651,2718172,-4204651,-70379.5,,200,181,坏棒 总长1000m 铁头 475
595,22:07:02,hit_595_20260731_220702.csv,512,DEFECT,HIGH,77,0,0,293,0,3775483,3775483,-3410334,547763.6,,200,93,坏棒 总长1000m 铁头 475
596,22:07:02,hit_596_20260731_220702.csv,512,DEFECT,HIGH,78,0,0,293,0,3504988,3420987,-3504988,358799.8,,200,93,坏棒 总长1000m 铁头 475
597,22:07:02,hit_597_20260731_220702.csv,512,DEFECT,HIGH,76,0,0,411,0,3682382,2978087,-3682382,326919.4,,200,211,坏棒 总长1000m 铁头 475
598,22:07:03,hit_598_20260731_220703.csv,512,DEFECT,HIGH,79,0,0,484,0,4222407,3483009,-4222407,338870.5,,200,284,坏棒 总长1000m 铁头 475
599,22:07:03,hit_599_20260731_220703.csv,512,DEFECT,HIGH,81,0,0,455,0,4477023,2926109,-4477023,30886.5,,200,255,坏棒 总长1000m 铁头 475
600,22:07:03,hit_600_20260731_220703.csv,512,DEFECT,HIGH,78,0,0,381,0,4808487,3324801,-4808487,-60891.8,,200,181,坏棒 总长1000m 铁头 475
601,22:07:04,hit_601_20260731_220704.csv,512,DEFECT,HIGH,78,0,0,308,0,3400134,2671557,-3400134,207131.1,,200,108,坏棒 总长1000m 铁头 475
602,22:07:04,hit_602_20260731_220704.csv,512,DEFECT,HIGH,76,0,0,190,0,5403921,5403921,-3704844,1000799.4,,200,-10,坏棒 总长1000m 铁头 475
603,22:07:05,hit_603_20260731_220705.csv,512,DEFECT,HIGH,79,0,0,470,0,3956614,3694045,-3956614,324791.2,,200,270,坏棒 总长1000m 铁头 475
604,22:07:05,hit_604_20260731_220705.csv,512,DEFECT,HIGH,77,0,0,249,0,4982827,4982827,-3900625,739051.1,,200,49,坏棒 总长1000m 铁头 475
605,22:07:05,hit_605_20260731_220705.csv,512,DEFECT,HIGH,76,0,0,308,0,3733272,2693944,-3733272,67613.9,,200,108,坏棒 总长1000m 铁头 475
606,22:07:06,hit_606_20260731_220706.csv,512,DEFECT,HIGH,77,0,0,279,0,3450285,3042133,-3450285,402574.5,,200,79,坏棒 总长1000m 铁头 475
607,22:07:06,hit_607_20260731_220706.csv,512,DEFECT,HIGH,76,0,0,308,0,3737082,2686325,-3737082,312917.7,,200,108,坏棒 总长1000m 铁头 475
608,22:07:06,hit_608_20260731_220706.csv,512,DEFECT,HIGH,80,0,0,440,0,4692851,3094591,-4692851,-62308.7,,200,240,坏棒 总长1000m 铁头 475
609,22:07:07,hit_609_20260731_220707.csv,512,DEFECT,HIGH,75,0,0,249,0,4992545,4992545,-3105754,864779.3,,200,49,坏棒 总长1000m 铁头 475
610,22:07:07,hit_610_20260731_220707.csv,512,DEFECT,HIGH,86,0,0,396,0,4685646,3440743,-4685646,235320.4,,200,196,坏棒 总长1000m 铁头 475
611,22:07:07,hit_611_20260731_220707.csv,512,DEFECT,HIGH,88,0,0,249,0,5190531,5190531,-4553509,830976.9,,200,49,坏棒 总长1000m 铁头 475
612,22:07:08,hit_612_20260731_220708.csv,512,DEFECT,HIGH,88,0,0,323,0,4586286,4570407,-4586286,781740.5,,200,123,坏棒 总长1000m 铁头 475
613,22:07:08,hit_613_20260731_220708.csv,512,DEFECT,HIGH,77,0,0,249,0,5798291,5798291,-3106999,1479334.2,,200,49,坏棒 总长1000m 铁头 475
614,22:07:14,hit_614_20260731_220714.csv,512,DEFECT,HIGH,76,0,0,264,0,4773800,4773800,-3011326,905946.9,,200,64,坏棒 总长1000m 铁头 475
615,22:07:14,hit_615_20260731_220714.csv,512,DEFECT,HIGH,81,0,0,425,0,3874671,2522528,-3874671,-46765.6,,200,225,坏棒 总长1000m 铁头 475
616,22:07:15,hit_616_20260731_220715.csv,512,DEFECT,HIGH,79,0,0,308,0,3983822,3983822,-3542058,400690.2,,200,108,坏棒 总长1000m 铁头 475
617,22:07:15,hit_617_20260731_220715.csv,512,DEFECT,HIGH,77,0,0,293,0,4032773,4032773,-3179288,534256.9,,200,93,坏棒 总长1000m 铁头 475
618,22:07:15,hit_618_20260731_220715.csv,512,DEFECT,HIGH,79,0,0,337,0,3592732,3236610,-3592732,323531.8,,200,137,坏棒 总长1000m 铁头 475
619,22:07:15,hit_619_20260731_220715.csv,512,DEFECT,HIGH,78,0,0,293,0,4166325,4166325,-3248953,821464.5,,200,93,坏棒 总长1000m 铁头 475
620,22:07:16,hit_620_20260731_220716.csv,512,DEFECT,HIGH,79,0,0,367,0,3576328,2498413,-3576328,3721.6,,200,167,坏棒 总长1000m 铁头 475
621,22:07:16,hit_621_20260731_220716.csv,512,DEFECT,HIGH,79,0,0,425,0,3431277,3264987,-3431277,247773.1,,200,225,坏棒 总长1000m 铁头 475
622,22:07:24,hit_622_20260731_220724.csv,512,DEFECT,HIGH,79,0,0,279,0,4091795,4091795,-3399930,661387.4,,200,79,坏棒 总长1000m 铁头 475
623,22:07:24,hit_623_20260731_220724.csv,512,DEFECT,HIGH,81,0,0,367,0,3966537,2730972,-3966537,27943.9,,200,167,坏棒 总长1000m 铁头 475
624,22:07:25,hit_624_20260731_220725.csv,512,DEFECT,HIGH,76,0,0,279,0,3628871,3628871,-3254067,601014.8,,200,79,坏棒 总长1000m 铁头 475
625,22:07:25,hit_625_20260731_220725.csv,512,DEFECT,HIGH,77,0,0,293,0,5359297,5359297,-3130546,983800.8,,200,93,坏棒 总长1000m 铁头 475
626,22:07:25,hit_626_20260731_220725.csv,512,DEFECT,HIGH,77,0,0,293,0,3132982,3043212,-3132982,456339.4,,200,93,坏棒 总长1000m 铁头 475
627,22:07:26,hit_627_20260731_220726.csv,512,DEFECT,HIGH,78,0,0,470,0,3715697,3715697,-3364390,504107.4,,200,270,坏棒 总长1000m 铁头 475
628,22:07:26,hit_628_20260731_220726.csv,512,DEFECT,HIGH,79,0,0,470,0,3640535,2774038,-3640535,176297.7,,200,270,坏棒 总长1000m 铁头 475
629,22:07:26,hit_629_20260731_220726.csv,512,DEFECT,HIGH,77,0,0,264,0,4825821,4825821,-3040780,783567.9,,200,64,坏棒 总长1000m 铁头 475
630,22:07:26,hit_630_20260731_220726.csv,512,DEFECT,HIGH,81,0,0,411,0,3979914,3979914,-3816953,482609.5,,200,211,坏棒 总长1000m 铁头 475
631,22:07:27,hit_631_20260731_220727.csv,512,DEFECT,HIGH,80,0,0,440,0,3697432,3557014,-3697432,409200.9,,200,240,坏棒 总长1000m 铁头 475
632,22:07:27,hit_632_20260731_220727.csv,512,DEFECT,HIGH,76,0,0,264,0,4825256,4825256,-2968270,918093.4,,200,64,坏棒 总长1000m 铁头 475
633,22:07:27,hit_633_20260731_220727.csv,512,DEFECT,HIGH,76,0,0,293,0,4104446,4104446,-2984290,755874.7,,200,93,坏棒 总长1000m 铁头 475
634,22:07:28,hit_634_20260731_220728.csv,512,DEFECT,HIGH,76,0,0,279,0,4309416,4309416,-3020977,819210.5,,200,79,坏棒 总长1000m 铁头 475
635,22:07:28,hit_635_20260731_220728.csv,512,DEFECT,HIGH,79,0,0,293,0,3651722,3029456,-3651722,304840.6,,200,93,坏棒 总长1000m 铁头 475
636,22:07:28,hit_636_20260731_220728.csv,512,DEFECT,HIGH,76,0,0,279,0,3758916,3758916,-3060861,632944.6,,200,79,坏棒 总长1000m 铁头 475
637,22:07:29,hit_637_20260731_220729.csv,512,DEFECT,HIGH,79,0,0,455,0,3538031,3464127,-3538031,378046.1,,200,255,坏棒 总长1000m 铁头 475
638,22:07:29,hit_638_20260731_220729.csv,512,DEFECT,HIGH,78,0,0,293,0,3264740,3188396,-3264740,341544.6,,200,93,坏棒 总长1000m 铁头 475
639,22:07:29,hit_639_20260731_220729.csv,512,DEFECT,HIGH,78,0,0,352,0,3448085,3397828,-3448085,398854.6,,200,152,坏棒 总长1000m 铁头 475
640,22:07:30,hit_640_20260731_220730.csv,512,DEFECT,HIGH,78,0,0,279,0,4139831,4139831,-3309451,527191.5,,200,79,坏棒 总长1000m 铁头 475
641,22:07:30,hit_641_20260731_220730.csv,512,DEFECT,HIGH,80,0,0,293,0,3576319,3111806,-3576319,263682.3,,200,93,坏棒 总长1000m 铁头 475
642,22:07:30,hit_642_20260731_220730.csv,512,DEFECT,HIGH,77,0,0,411,0,3425787,3425787,-3341778,380981.2,,200,211,坏棒 总长1000m 铁头 475
643,22:07:30,hit_643_20260731_220730.csv,512,DEFECT,HIGH,81,0,0,396,0,3845093,2542260,-3845093,-125953.3,,200,196,坏棒 总长1000m 铁头 475
644,22:07:31,hit_644_20260731_220731.csv,512,DEFECT,HIGH,77,0,0,293,0,3280229,3248104,-3280229,447232.2,,200,93,坏棒 总长1000m 铁头 475
645,22:07:31,hit_645_20260731_220731.csv,512,DEFECT,HIGH,79,0,0,470,0,4351521,4351521,-3465315,439178.1,,200,270,坏棒 总长1000m 铁头 475
646,22:07:31,hit_646_20260731_220731.csv,512,DEFECT,HIGH,78,0,0,323,0,3402175,2891518,-3402175,274169.2,,200,123,坏棒 总长1000m 铁头 475
647,22:07:32,hit_647_20260731_220732.csv,512,DEFECT,HIGH,79,0,0,337,0,3590496,3495914,-3590496,449263.2,,200,137,坏棒 总长1000m 铁头 475
648,22:07:32,hit_648_20260731_220732.csv,512,DEFECT,HIGH,77,0,0,264,0,3735271,3735271,-3486596,339015.9,,200,64,坏棒 总长1000m 铁头 475
649,22:07:32,hit_649_20260731_220732.csv,512,DEFECT,HIGH,79,0,0,484,0,3994092,3499265,-3994092,349477.6,,200,284,坏棒 总长1000m 铁头 475
650,22:07:33,hit_650_20260731_220733.csv,512,DEFECT,HIGH,78,0,0,293,0,3858156,2734275,-3858156,190154.0,,200,93,坏棒 总长1000m 铁头 475
651,22:07:33,hit_651_20260731_220733.csv,512,DEFECT,HIGH,79,0,0,470,0,4103510,2657258,-4103510,123714.6,,200,270,坏棒 总长1000m 铁头 475
652,22:07:33,hit_652_20260731_220733.csv,512,DEFECT,HIGH,77,0,0,279,0,3408204,3306890,-3408204,559762.6,,200,79,坏棒 总长1000m 铁头 475
653,22:07:33,hit_653_20260731_220733.csv,512,DEFECT,HIGH,78,0,0,484,0,4030164,2819020,-4030164,253940.0,,200,284,坏棒 总长1000m 铁头 475
654,22:07:34,hit_654_20260731_220734.csv,512,DEFECT,HIGH,81,0,0,425,0,3931435,3140142,-3931435,-9602.5,,200,225,坏棒 总长1000m 铁头 475
655,22:07:34,hit_655_20260731_220734.csv,512,DEFECT,HIGH,79,0,0,455,0,4346779,2707390,-4346779,93129.8,,200,255,坏棒 总长1000m 铁头 475
656,22:07:34,hit_656_20260731_220734.csv,512,DEFECT,HIGH,83,0,0,396,0,4241719,3237244,-4241719,-278596.7,,200,196,坏棒 总长1000m 铁头 475
657,22:07:35,hit_657_20260731_220735.csv,512,DEFECT,HIGH,75,0,0,235,0,4931236,4931236,-3254178,1053195.6,,200,35,坏棒 总长1000m 铁头 475
658,22:07:35,hit_658_20260731_220735.csv,512,DEFECT,HIGH,83,0,0,470,0,4518469,2610785,-4518469,-103390.8,,200,270,坏棒 总长1000m 铁头 475
659,22:07:35,hit_659_20260731_220735.csv,512,DEFECT,HIGH,80,0,0,470,0,4320674,3500239,-4320674,295043.7,,200,270,坏棒 总长1000m 铁头 475
660,22:07:46,hit_660_20260731_220746.csv,512,DEFECT,HIGH,81,0,0,308,0,4365529,3358624,-4365529,72383.3,,200,108,坏棒 总长1000m 铁头 475
661,22:07:46,hit_661_20260731_220746.csv,512,DEFECT,HIGH,79,0,0,484,0,3519779,3519779,-3365355,471679.2,,200,284,坏棒 总长1000m 铁头 475
662,22:07:47,hit_662_20260731_220747.csv,512,DEFECT,HIGH,77,0,0,279,0,3927810,3927810,-3305662,433421.4,,200,79,坏棒 总长1000m 铁头 475
663,22:07:47,hit_663_20260731_220747.csv,512,DEFECT,HIGH,76,0,0,411,0,4287690,3783793,-4287690,313664.1,,200,211,坏棒 总长1000m 铁头 475
664,22:07:47,hit_664_20260731_220747.csv,512,DEFECT,HIGH,80,0,0,455,0,4209727,2793617,-4209727,60595.8,,200,255,坏棒 总长1000m 铁头 475
665,22:07:47,hit_665_20260731_220747.csv,512,DEFECT,HIGH,77,0,0,499,0,3743110,3743110,-3116377,620572.5,,200,299,坏棒 总长1000m 铁头 475
666,22:07:48,hit_666_20260731_220748.csv,512,DEFECT,HIGH,77,0,0,249,0,6191137,6191137,-2995283,1308926.2,,200,49,坏棒 总长1000m 铁头 475
667,22:07:48,hit_667_20260731_220748.csv,512,DEFECT,HIGH,80,0,0,381,0,3807390,2347444,-3807390,-223087.0,,200,181,坏棒 总长1000m 铁头 475
668,22:07:48,hit_668_20260731_220748.csv,512,DEFECT,HIGH,77,0,0,293,0,3414637,3414637,-3078602,545243.2,,200,93,坏棒 总长1000m 铁头 475
669,22:07:49,hit_669_20260731_220749.csv,512,DEFECT,HIGH,79,0,0,323,0,3506652,3118751,-3506652,362400.3,,200,123,坏棒 总长1000m 铁头 475
670,22:07:49,hit_670_20260731_220749.csv,512,DEFECT,HIGH,79,0,0,323,0,3527623,3253829,-3527623,400104.5,,200,123,坏棒 总长1000m 铁头 475
671,22:07:49,hit_671_20260731_220749.csv,512,DEFECT,HIGH,75,0,0,279,0,4172164,4172164,-3142168,769875.1,,200,79,坏棒 总长1000m 铁头 475
672,22:07:49,hit_672_20260731_220749.csv,512,DEFECT,HIGH,75,0,0,264,0,3974439,3974439,-2993502,808300.4,,200,64,坏棒 总长1000m 铁头 475
673,22:07:50,hit_673_20260731_220750.csv,512,DEFECT,HIGH,79,0,0,425,0,3562746,2526125,-3562746,-50614.8,,200,225,坏棒 总长1000m 铁头 475
674,22:07:50,hit_674_20260731_220750.csv,512,DEFECT,HIGH,77,0,0,308,0,3564664,2772861,-3564664,246882.3,,200,108,坏棒 总长1000m 铁头 475
675,22:07:50,hit_675_20260731_220750.csv,512,DEFECT,HIGH,77,0,0,514,0,3455316,2844353,-3455316,321625.8,,200,314,坏棒 总长1000m 铁头 475
676,22:07:51,hit_676_20260731_220751.csv,512,DEFECT,HIGH,78,0,0,484,0,4127010,2796951,-4127010,210230.0,,200,284,坏棒 总长1000m 铁头 475
677,22:07:51,hit_677_20260731_220751.csv,512,DEFECT,HIGH,80,0,0,440,0,4377356,2448144,-4377356,-156682.1,,200,240,坏棒 总长1000m 铁头 475
678,22:07:51,hit_678_20260731_220751.csv,512,DEFECT,HIGH,76,0,0,205,0,5167553,5167553,-3620447,1001920.1,,200,5,坏棒 总长1000m 铁头 475
679,22:07:51,hit_679_20260731_220751.csv,512,DEFECT,HIGH,78,0,0,470,0,3911394,2794268,-3911394,44197.1,,200,270,坏棒 总长1000m 铁头 475
680,22:07:52,hit_680_20260731_220752.csv,512,DEFECT,HIGH,81,0,0,425,0,4143794,2659958,-4143794,-133261.9,,200,225,坏棒 总长1000m 铁头 475
681,22:07:52,hit_681_20260731_220752.csv,512,DEFECT,HIGH,74,0,0,190,0,5330673,5330673,-3055901,1515489.2,,200,-10,坏棒 总长1000m 铁头 475
682,22:07:52,hit_682_20260731_220752.csv,512,DEFECT,HIGH,88,0,0,352,0,4869370,3427002,-4869370,138889.4,,200,152,坏棒 总长1000m 铁头 475
683,22:07:53,hit_683_20260731_220753.csv,512,DEFECT,HIGH,76,0,0,308,0,3992739,3959909,-3992739,460789.3,,200,108,坏棒 总长1000m 铁头 475
684,22:07:53,hit_684_20260731_220753.csv,512,DEFECT,HIGH,75,0,0,264,0,4827651,4827651,-3522801,830303.4,,200,64,坏棒 总长1000m 铁头 475
685,22:07:53,hit_685_20260731_220753.csv,512,DEFECT,HIGH,80,0,0,279,0,4479281,4479281,-3520157,912121.5,,200,79,坏棒 总长1000m 铁头 475
686,22:07:54,hit_686_20260731_220754.csv,512,DEFECT,HIGH,83,0,0,308,0,4246294,3529589,-4246294,339714.9,,200,108,坏棒 总长1000m 铁头 475
687,22:07:54,hit_687_20260731_220754.csv,512,DEFECT,HIGH,78,0,0,235,0,3672219,3672219,-3376708,608022.2,,200,35,坏棒 总长1000m 铁头 475
688,22:07:54,hit_688_20260731_220754.csv,512,DEFECT,HIGH,78,0,0,264,0,4430101,4430101,-3330557,801103.5,,200,64,坏棒 总长1000m 铁头 475
689,22:07:55,hit_689_20260731_220755.csv,512,DEFECT,HIGH,89,0,0,425,0,5158083,3504171,-5158083,-157319.5,,200,225,坏棒 总长1000m 铁头 475
690,22:07:55,hit_690_20260731_220755.csv,512,DEFECT,HIGH,80,0,0,279,0,4715151,4715151,-3594674,884834.1,,200,79,坏棒 总长1000m 铁头 475
691,22:07:55,hit_691_20260731_220755.csv,512,DEFECT,HIGH,88,0,0,396,0,4710300,3276743,-4710300,141.5,,200,196,坏棒 总长1000m 铁头 475
692,22:07:55,hit_692_20260731_220755.csv,512,DEFECT,LOW,98,0,0,1013,0,4997264,3121745,-4997264,-318234.3,,200,813,坏棒 总长1000m 铁头 475
693,22:07:56,hit_693_20260731_220756.csv,512,NORMAL,LOW,90,0,0,0,0,2184350,2184350,-1654089,-140380.4,,200,,坏棒 总长1000m 铁头 475
694,22:07:56,hit_694_20260731_220756.csv,512,NORMAL,HIGH,99,0,0,0,0,4126399,4126399,-3365717,-104469.2,,200,,坏棒 总长1000m 铁头 475
695,22:07:56,hit_695_20260731_220756.csv,512,NORMAL,LOW,99,0,0,0,0,5669528,4006657,-5669528,-283834.2,,200,,坏棒 总长1000m 铁头 475
696,22:07:57,hit_696_20260731_220757.csv,512,DEFECT,HIGH,82,0,0,440,0,4474408,2714052,-4474408,-83688.0,,200,240,坏棒 总长1000m 铁头 475
697,22:07:57,hit_697_20260731_220757.csv,512,DEFECT,HIGH,78,0,0,484,0,3948119,3466331,-3948119,403148.7,,200,284,坏棒 总长1000m 铁头 475
698,22:07:57,hit_698_20260731_220757.csv,512,DEFECT,HIGH,77,0,0,249,0,4478366,4478366,-3595344,626055.3,,200,49,坏棒 总长1000m 铁头 475
699,22:07:58,hit_699_20260731_220758.csv,512,DEFECT,HIGH,83,0,0,396,0,4212790,3109876,-4212790,-56582.8,,200,196,坏棒 总长1000m 铁头 475
700,22:07:58,hit_700_20260731_220758.csv,512,DEFECT,HIGH,80,0,0,455,0,4211464,2642063,-4211464,67245.9,,200,255,坏棒 总长1000m 铁头 475
701,22:07:58,hit_701_20260731_220758.csv,512,DEFECT,HIGH,79,0,0,352,0,3569358,2981014,-3569358,315709.4,,200,152,坏棒 总长1000m 铁头 475
702,22:07:58,hit_702_20260731_220758.csv,512,DEFECT,HIGH,84,0,0,396,0,4324227,3313990,-4324227,-60262.0,,200,196,坏棒 总长1000m 铁头 475
703,22:07:59,hit_703_20260731_220759.csv,512,DEFECT,HIGH,82,0,0,411,0,4182987,3248285,-4182987,-23686.3,,200,211,坏棒 总长1000m 铁头 475
704,22:07:59,hit_704_20260731_220759.csv,512,DEFECT,HIGH,80,0,0,381,0,3827260,3155652,-3827260,194216.8,,200,181,坏棒 总长1000m 铁头 475
705,22:07:59,hit_705_20260731_220759.csv,512,DEFECT,HIGH,80,0,0,308,0,3799350,3411646,-3799350,339995.5,,200,108,坏棒 总长1000m 铁头 475
706,22:08:00,hit_706_20260731_220800.csv,512,DEFECT,HIGH,79,0,0,205,0,5746081,5746081,-3370100,1401030.9,,200,5,坏棒 总长1000m 铁头 475
707,22:08:00,hit_707_20260731_220800.csv,512,DEFECT,HIGH,81,0,0,293,0,3908992,3894230,-3908992,537830.8,,200,93,坏棒 总长1000m 铁头 475
708,22:08:00,hit_708_20260731_220800.csv,512,DEFECT,HIGH,84,0,0,264,0,4261444,4209740,-4261444,429182.4,,200,64,坏棒 总长1000m 铁头 475
709,22:08:00,hit_709_20260731_220800.csv,512,DEFECT,HIGH,89,0,0,264,0,4927778,4727551,-4927778,422237.4,,200,64,坏棒 总长1000m 铁头 475
710,22:08:01,hit_710_20260731_220801.csv,512,DEFECT,HIGH,92,0,0,308,0,5100483,4346817,-5100483,383463.0,,200,108,坏棒 总长1000m 铁头 475
711,22:08:01,hit_711_20260731_220801.csv,512,DEFECT,HIGH,87,0,0,249,0,4773217,4773217,-4659598,565532.7,,200,49,坏棒 总长1000m 铁头 475
712,22:08:01,hit_712_20260731_220801.csv,512,DEFECT,HIGH,85,0,0,337,0,4389645,3872844,-4389645,386021.3,,200,137,坏棒 总长1000m 铁头 475
713,22:08:02,hit_713_20260731_220802.csv,512,DEFECT,HIGH,82,0,0,190,0,4594639,4594639,-4130769,815355.3,,200,-10,坏棒 总长1000m 铁头 475
714,22:08:02,hit_714_20260731_220802.csv,512,DEFECT,HIGH,79,0,0,293,0,4578409,4578409,-4301195,384323.7,,200,93,坏棒 总长1000m 铁头 475
715,22:08:02,hit_715_20260731_220802.csv,512,DEFECT,HIGH,76,0,0,279,0,4738266,4738266,-3504656,630924.6,,200,79,坏棒 总长1000m 铁头 475
716,22:08:02,hit_716_20260731_220802.csv,512,DEFECT,HIGH,78,0,0,411,0,3697377,3218299,-3697377,263681.3,,200,211,坏棒 总长1000m 铁头 475
717,22:08:03,hit_717_20260731_220803.csv,512,DEFECT,HIGH,77,0,0,396,0,4269151,3457503,-4269151,150509.1,,200,196,坏棒 总长1000m 铁头 475
718,22:08:03,hit_718_20260731_220803.csv,512,DEFECT,HIGH,79,0,0,308,0,3485582,3089538,-3485582,383859.5,,200,108,坏棒 总长1000m 铁头 475
719,22:08:10,hit_719_20260731_220810.csv,512,DEFECT,HIGH,79,0,0,367,0,3516527,2856736,-3516527,-257840.5,,200,167,坏棒 总长1000m 铁头 475
720,22:08:10,hit_720_20260731_220810.csv,512,DEFECT,HIGH,76,0,0,499,0,3490644,3490644,-3140663,413050.0,,200,299,坏棒 总长1000m 铁头 475
721,22:08:11,hit_721_20260731_220811.csv,512,DEFECT,HIGH,83,0,0,381,0,4893359,2762846,-4893359,-308032.4,,200,181,坏棒 总长1000m 铁头 475
722,22:08:11,hit_722_20260731_220811.csv,512,DEFECT,HIGH,78,0,0,396,0,4726778,3204019,-4726778,-35318.0,,200,196,坏棒 总长1000m 铁头 475
723,22:08:11,hit_723_20260731_220811.csv,512,DEFECT,HIGH,78,0,0,411,0,3669736,2531342,-3669736,37993.7,,200,211,坏棒 总长1000m 铁头 475
724,22:08:12,hit_724_20260731_220812.csv,512,DEFECT,HIGH,77,0,0,484,0,4670472,4670472,-3589863,587255.4,,200,284,坏棒 总长1000m 铁头 475
725,22:08:12,hit_725_20260731_220812.csv,512,DEFECT,HIGH,78,0,0,440,0,3631525,2957602,-3631525,192006.7,,200,240,坏棒 总长1000m 铁头 475
726,22:08:12,hit_726_20260731_220812.csv,512,DEFECT,HIGH,80,0,0,279,0,3694804,3535648,-3694804,225337.2,,200,79,坏棒 总长1000m 铁头 475
727,22:08:12,hit_727_20260731_220812.csv,512,DEFECT,HIGH,77,0,0,264,0,3618035,3618035,-3343203,488941.1,,200,64,坏棒 总长1000m 铁头 475
728,22:08:13,hit_728_20260731_220813.csv,512,DEFECT,HIGH,77,0,0,264,0,4596548,4596548,-3881981,444932.2,,200,64,坏棒 总长1000m 铁头 475
729,22:08:13,hit_729_20260731_220813.csv,512,DEFECT,HIGH,79,0,0,249,0,3603925,3603182,-3603925,283557.3,,200,49,坏棒 总长1000m 铁头 475
730,22:08:13,hit_730_20260731_220813.csv,512,DEFECT,HIGH,77,0,0,279,0,4488865,4488865,-3084081,888040.8,,200,79,坏棒 总长1000m 铁头 475
731,22:08:14,hit_731_20260731_220814.csv,512,DEFECT,HIGH,80,0,0,470,0,3690112,2733477,-3690112,72452.2,,200,270,坏棒 总长1000m 铁头 475
732,22:08:14,hit_732_20260731_220814.csv,512,DEFECT,HIGH,77,0,0,499,0,3740059,3740059,-3189001,499381.8,,200,299,坏棒 总长1000m 铁头 475
733,22:08:14,hit_733_20260731_220814.csv,512,DEFECT,HIGH,78,0,0,279,0,3536538,3536538,-3393300,334114.9,,200,79,坏棒 总长1000m 铁头 475
734,22:08:14,hit_734_20260731_220814.csv,512,DEFECT,HIGH,80,0,0,470,0,3935492,2688689,-3935492,107966.8,,200,270,坏棒 总长1000m 铁头 475
735,22:08:15,hit_735_20260731_220815.csv,512,DEFECT,HIGH,80,0,0,190,0,4966379,4966379,-3760579,560033.7,,200,-10,坏棒 总长1000m 铁头 475
736,22:08:15,hit_736_20260731_220815.csv,512,DEFECT,HIGH,78,0,0,205,0,4561573,4561573,-3766618,528227.8,,200,5,坏棒 总长1000m 铁头 475
737,22:08:15,hit_737_20260731_220815.csv,512,DEFECT,HIGH,81,0,0,220,0,4015974,3705451,-4015974,311779.8,,200,20,坏棒 总长1000m 铁头 475
738,22:08:16,hit_738_20260731_220816.csv,512,DEFECT,HIGH,77,0,0,205,0,4481958,4481958,-3825750,664432.0,,200,5,坏棒 总长1000m 铁头 475
739,22:08:16,hit_739_20260731_220816.csv,512,DEFECT,HIGH,81,0,0,455,0,4246363,2476006,-4246363,40953.8,,200,255,坏棒 总长1000m 铁头 475
740,22:08:16,hit_740_20260731_220816.csv,512,DEFECT,HIGH,78,0,0,308,0,3854983,3402128,-3854983,394253.1,,200,108,坏棒 总长1000m 铁头 475
741,22:08:17,hit_741_20260731_220817.csv,512,DEFECT,HIGH,82,0,0,470,0,3924142,2323565,-3924142,-178313.7,,200,270,坏棒 总长1000m 铁头 475
742,22:08:17,hit_742_20260731_220817.csv,512,DEFECT,HIGH,80,0,0,323,0,3915022,3915022,-3657206,651132.7,,200,123,坏棒 总长1000m 铁头 475
743,22:08:17,hit_743_20260731_220817.csv,512,DEFECT,HIGH,78,0,0,470,0,3496342,2409290,-3496342,29444.5,,200,270,坏棒 总长1000m 铁头 475
744,22:08:17,hit_744_20260731_220817.csv,512,DEFECT,HIGH,78,0,0,381,0,4069096,2511532,-4069096,-76653.6,,200,181,坏棒 总长1000m 铁头 475
745,22:08:18,hit_745_20260731_220818.csv,512,DEFECT,HIGH,78,0,0,367,0,4785286,3651791,-4785286,-68813.1,,200,167,坏棒 总长1000m 铁头 475
746,22:08:18,hit_746_20260731_220818.csv,512,DEFECT,HIGH,84,0,0,381,0,4927462,3123774,-4927462,310602.8,,200,181,坏棒 总长1000m 铁头 475
747,22:08:18,hit_747_20260731_220818.csv,512,DEFECT,HIGH,77,0,0,411,0,3945154,2513466,-3945154,11433.3,,200,211,坏棒 总长1000m 铁头 475
748,22:08:19,hit_748_20260731_220819.csv,512,DEFECT,HIGH,87,0,0,411,0,4702589,3287411,-4702589,-296240.3,,200,211,坏棒 总长1000m 铁头 475
749,22:08:19,hit_749_20260731_220819.csv,512,DEFECT,HIGH,75,0,0,425,0,3127324,3106079,-3127324,401209.3,,200,225,坏棒 总长1000m 铁头 475
750,22:08:19,hit_750_20260731_220819.csv,512,DEFECT,HIGH,81,0,0,425,0,3904218,2835599,-3904218,61958.2,,200,225,坏棒 总长1000m 铁头 475
751,22:08:20,hit_751_20260731_220820.csv,512,DEFECT,HIGH,79,0,0,279,0,4092146,4092146,-3450997,489799.5,,200,79,坏棒 总长1000m 铁头 475
752,22:08:20,hit_752_20260731_220820.csv,512,DEFECT,HIGH,76,0,0,308,0,3709749,2985477,-3709749,401056.6,,200,108,坏棒 总长1000m 铁头 475
753,22:08:20,hit_753_20260731_220820.csv,512,DEFECT,HIGH,79,0,0,484,0,3904218,2605501,-3904218,119579.7,,200,284,坏棒 总长1000m 铁头 475
754,22:08:20,hit_754_20260731_220820.csv,512,DEFECT,HIGH,78,0,0,279,0,4367138,4367138,-3256098,927977.2,,200,79,坏棒 总长1000m 铁头 475
755,22:08:21,hit_755_20260731_220821.csv,512,DEFECT,HIGH,78,0,0,264,0,4260540,4260540,-3162785,887869.1,,200,64,坏棒 总长1000m 铁头 475
756,22:08:21,hit_756_20260731_220821.csv,512,DEFECT,HIGH,77,0,0,279,0,3724306,3724306,-3227223,617751.6,,200,79,坏棒 总长1000m 铁头 475
757,22:08:21,hit_757_20260731_220821.csv,512,DEFECT,HIGH,80,0,0,293,0,3916112,3916112,-3556740,647747.9,,200,93,坏棒 总长1000m 铁头 475
758,22:08:21,hit_758_20260731_220821.csv,512,DEFECT,HIGH,78,0,0,293,0,3666323,3666323,-3374940,594729.1,,200,93,坏棒 总长1000m 铁头 475
759,22:08:22,hit_759_20260731_220822.csv,512,DEFECT,HIGH,77,0,0,323,0,3269992,3116595,-3269992,458857.5,,200,123,坏棒 总长1000m 铁头 475
760,22:08:22,hit_760_20260731_220822.csv,512,DEFECT,HIGH,77,0,0,279,0,3631556,3631556,-3195238,623513.9,,200,79,坏棒 总长1000m 铁头 475
761,22:08:22,hit_761_20260731_220822.csv,512,DEFECT,HIGH,79,0,0,308,0,3467023,3084355,-3467023,359872.9,,200,108,坏棒 总长1000m 铁头 475
762,22:08:23,hit_762_20260731_220823.csv,512,DEFECT,HIGH,80,0,0,308,0,3649901,2996968,-3649901,228543.4,,200,108,坏棒 总长1000m 铁头 475
763,22:08:23,hit_763_20260731_220823.csv,512,DEFECT,HIGH,76,0,0,264,0,4278259,4278259,-3200209,797172.7,,200,64,坏棒 总长1000m 铁头 475
764,22:08:23,hit_764_20260731_220823.csv,512,DEFECT,HIGH,77,0,0,279,0,4806923,4806923,-3105937,993233.7,,200,79,坏棒 总长1000m 铁头 475
765,22:08:24,hit_765_20260731_220824.csv,512,DEFECT,HIGH,79,0,0,337,0,3594554,2989670,-3594554,278881.7,,200,137,坏棒 总长1000m 铁头 475
766,22:08:24,hit_766_20260731_220824.csv,512,DEFECT,HIGH,77,0,0,279,0,4686728,4686728,-3484658,707422.6,,200,79,坏棒 总长1000m 铁头 475
767,22:08:24,hit_767_20260731_220824.csv,512,DEFECT,HIGH,76,0,0,279,0,5814617,5814617,-3054280,1280492.8,,200,79,坏棒 总长1000m 铁头 475
768,22:08:24,hit_768_20260731_220824.csv,512,DEFECT,HIGH,75,0,0,249,0,5754688,5754688,-3269056,1206224.1,,200,49,坏棒 总长1000m 铁头 475
769,22:08:25,hit_769_20260731_220825.csv,512,DEFECT,HIGH,80,0,0,264,0,4261985,2331210,-4261985,-54169.3,,200,64,坏棒 总长1000m 铁头 475
770,22:08:25,hit_770_20260731_220825.csv,512,DEFECT,HIGH,76,0,0,514,0,3279141,3242650,-3279141,611476.5,,200,314,坏棒 总长1000m 铁头 475
771,22:08:25,hit_771_20260731_220825.csv,512,DEFECT,HIGH,78,0,0,220,0,4009042,3830043,-4009042,466849.6,,200,20,坏棒 总长1000m 铁头 475
772,22:08:26,hit_772_20260731_220826.csv,512,DEFECT,HIGH,79,0,0,308,0,3435461,3111519,-3435461,378601.6,,200,108,坏棒 总长1000m 铁头 475
773,22:08:26,hit_773_20260731_220826.csv,512,DEFECT,HIGH,78,0,0,293,0,3297177,3297177,-3179026,495896.3,,200,93,坏棒 总长1000m 铁头 475
774,22:08:26,hit_774_20260731_220826.csv,512,DEFECT,HIGH,77,0,0,293,0,4160744,4160744,-3245205,843751.5,,200,93,坏棒 总长1000m 铁头 475
775,22:08:26,hit_775_20260731_220826.csv,512,DEFECT,HIGH,78,0,0,308,0,3616608,3616608,-3276981,705522.9,,200,108,坏棒 总长1000m 铁头 475
776,22:08:27,hit_776_20260731_220827.csv,512,DEFECT,HIGH,77,0,0,293,0,4328895,4328895,-3219667,891554.7,,200,93,坏棒 总长1000m 铁头 475
777,22:08:27,hit_777_20260731_220827.csv,512,DEFECT,HIGH,78,0,0,279,0,3804618,3804618,-3336705,657373.4,,200,79,坏棒 总长1000m 铁头 475
778,22:08:27,hit_778_20260731_220827.csv,512,DEFECT,HIGH,78,0,0,293,0,4281008,4281008,-3352314,946839.5,,200,93,坏棒 总长1000m 铁头 475
779,22:08:28,hit_779_20260731_220828.csv,512,DEFECT,HIGH,80,0,0,293,0,4991420,4991420,-3701662,952326.3,,200,93,坏棒 总长1000m 铁头 475
780,22:08:28,hit_780_20260731_220828.csv,512,DEFECT,HIGH,78,0,0,279,0,4959698,4959698,-3237917,1079619.2,,200,79,坏棒 总长1000m 铁头 475
781,22:08:28,hit_781_20260731_220828.csv,512,DEFECT,HIGH,78,0,0,293,0,5054897,5054897,-3305506,1095058.2,,200,93,坏棒 总长1000m 铁头 475
782,22:08:29,hit_782_20260731_220829.csv,512,DEFECT,HIGH,81,0,0,337,0,3845221,2902586,-3845221,157236.6,,200,137,坏棒 总长1000m 铁头 475
783,22:08:29,hit_783_20260731_220829.csv,512,DEFECT,HIGH,78,0,0,279,0,4388050,4388050,-3204470,870394.6,,200,79,坏棒 总长1000m 铁头 475
784,22:08:29,hit_784_20260731_220829.csv,512,DEFECT,HIGH,77,0,0,308,0,3530699,3530699,-3208219,666742.3,,200,108,坏棒 总长1000m 铁头 475
785,22:08:29,hit_785_20260731_220829.csv,512,DEFECT,HIGH,79,0,0,293,0,4675413,4675413,-3381491,970999.0,,200,93,坏棒 总长1000m 铁头 475
786,22:08:30,hit_786_20260731_220830.csv,512,DEFECT,HIGH,77,0,0,279,0,4101084,4101084,-3140605,892287.7,,200,79,坏棒 总长1000m 铁头 475
787,22:08:30,hit_787_20260731_220830.csv,512,DEFECT,HIGH,78,0,0,308,0,3802522,3802522,-3406114,725925.9,,200,108,坏棒 总长1000m 铁头 475
788,22:08:30,hit_788_20260731_220830.csv,512,DEFECT,HIGH,78,0,0,279,0,3971895,3971895,-3366006,787453.0,,200,79,坏棒 总长1000m 铁头 475
789,22:08:30,hit_789_20260731_220830.csv,512,DEFECT,HIGH,79,0,0,279,0,3820761,3820761,-3436856,705412.2,,200,79,坏棒 总长1000m 铁头 475
790,22:08:31,hit_790_20260731_220831.csv,512,DEFECT,HIGH,80,0,0,308,0,3705408,3647889,-3705408,505616.3,,200,108,坏棒 总长1000m 铁头 475
791,22:08:31,hit_791_20260731_220831.csv,512,DEFECT,HIGH,82,0,0,352,0,4199902,2996246,-4199902,172963.3,,200,152,坏棒 总长1000m 铁头 475
792,22:08:31,hit_792_20260731_220831.csv,512,DEFECT,HIGH,80,0,0,293,0,5049231,5049231,-3653832,680783.8,,200,93,坏棒 总长1000m 铁头 475
793,22:08:32,hit_793_20260731_220832.csv,512,DEFECT,HIGH,79,0,0,293,0,3963989,3362556,-3963989,404142.1,,200,93,坏棒 总长1000m 铁头 475
794,22:08:32,hit_794_20260731_220832.csv,512,DEFECT,HIGH,79,0,0,308,0,3852324,3110356,-3852324,360254.1,,200,108,坏棒 总长1000m 铁头 475
795,22:08:32,hit_795_20260731_220832.csv,512,DEFECT,HIGH,78,0,0,264,0,4079524,4079524,-3294866,818908.6,,200,64,坏棒 总长1000m 铁头 475
796,22:08:32,hit_796_20260731_220832.csv,512,DEFECT,HIGH,79,0,0,323,0,3916784,2966851,-3916784,319121.7,,200,123,坏棒 总长1000m 铁头 475
797,22:08:33,hit_797_20260731_220833.csv,512,DEFECT,HIGH,80,0,0,308,0,3975939,3975939,-3584735,545641.8,,200,108,坏棒 总长1000m 铁头 475
798,22:08:33,hit_798_20260731_220833.csv,512,DEFECT,HIGH,79,0,0,293,0,3519829,3519829,-3423954,585141.9,,200,93,坏棒 总长1000m 铁头 475
799,22:08:33,hit_799_20260731_220833.csv,512,DEFECT,HIGH,80,0,0,308,0,3639805,3616041,-3639805,415081.6,,200,108,坏棒 总长1000m 铁头 475
800,22:08:34,hit_800_20260731_220834.csv,512,DEFECT,HIGH,79,0,0,264,0,5055886,5055886,-3412134,976564.1,,200,64,坏棒 总长1000m 铁头 475
801,22:08:34,hit_801_20260731_220834.csv,512,DEFECT,HIGH,80,0,0,337,0,3755215,3076172,-3755215,214839.4,,200,137,坏棒 总长1000m 铁头 475
802,22:08:34,hit_802_20260731_220834.csv,512,DEFECT,HIGH,78,0,0,293,0,4543613,4543613,-3328912,887373.7,,200,93,坏棒 总长1000m 铁头 475
803,22:08:34,hit_803_20260731_220834.csv,512,DEFECT,HIGH,83,0,0,425,0,4518012,2702896,-4518012,-122316.1,,200,225,坏棒 总长1000m 铁头 475
804,22:08:35,hit_804_20260731_220835.csv,512,DEFECT,HIGH,76,0,0,411,0,4617361,2732604,-4617361,40206.2,,200,211,坏棒 总长1000m 铁头 475
805,22:08:35,hit_805_20260731_220835.csv,512,DEFECT,HIGH,84,0,0,396,0,4601951,2705367,-4601951,-234566.4,,200,196,坏棒 总长1000m 铁头 475
806,22:08:35,hit_806_20260731_220835.csv,512,DEFECT,HIGH,73,0,0,264,0,4940687,4940687,-3532216,811844.7,,200,64,坏棒 总长1000m 铁头 475
807,22:08:35,hit_807_20260731_220835.csv,512,DEFECT,HIGH,77,0,0,220,0,4694202,4694202,-3848967,666413.4,,200,20,坏棒 总长1000m 铁头 475
808,22:08:36,hit_808_20260731_220836.csv,512,DEFECT,HIGH,77,0,0,176,0,5655560,5655560,-3439068,1058138.9,,200,-24,坏棒 总长1000m 铁头 475
809,22:08:36,hit_809_20260731_220836.csv,512,DEFECT,HIGH,77,0,0,455,0,3711495,3493100,-3711495,236917.3,,200,255,坏棒 总长1000m 铁头 475
810,22:08:36,hit_810_20260731_220836.csv,512,DEFECT,HIGH,80,0,0,411,0,3825852,3825852,-3739532,418169.3,,200,211,坏棒 总长1000m 铁头 475
811,22:08:37,hit_811_20260731_220837.csv,512,DEFECT,HIGH,77,0,0,499,0,4896802,4896802,-3898195,701376.8,,200,299,坏棒 总长1000m 铁头 475
812,22:08:37,hit_812_20260731_220837.csv,512,DEFECT,HIGH,80,0,0,440,0,3781954,2658816,-3781954,-2195.9,,200,240,坏棒 总长1000m 铁头 475
813,22:08:37,hit_813_20260731_220837.csv,512,DEFECT,HIGH,77,0,0,440,0,3562407,2936758,-3562407,267796.0,,200,240,坏棒 总长1000m 铁头 475
814,22:08:37,hit_814_20260731_220837.csv,512,DEFECT,HIGH,78,0,0,425,0,3496596,2749260,-3496596,144921.9,,200,225,坏棒 总长1000m 铁头 475
815,22:08:38,hit_815_20260731_220838.csv,512,DEFECT,HIGH,74,0,0,264,0,3647984,3469593,-3647984,408461.1,,200,64,坏棒 总长1000m 铁头 475
816,22:08:38,hit_816_20260731_220838.csv,512,DEFECT,HIGH,74,0,0,470,0,3762012,3762012,-3595242,511950.0,,200,270,坏棒 总长1000m 铁头 475
817,22:08:38,hit_817_20260731_220838.csv,512,DEFECT,HIGH,73,0,0,470,0,4855716,4855716,-3699517,762083.0,,200,270,坏棒 总长1000m 铁头 475
818,22:08:38,hit_818_20260731_220838.csv,512,DEFECT,HIGH,76,0,0,308,0,3632987,2958627,-3632987,164548.6,,200,108,坏棒 总长1000m 铁头 475
819,22:08:39,hit_819_20260731_220839.csv,512,DEFECT,HIGH,78,0,0,264,0,4176964,4176964,-3766448,347506.4,,200,64,坏棒 总长1000m 铁头 475
820,22:08:39,hit_820_20260731_220839.csv,512,DEFECT,HIGH,77,0,0,470,0,3968848,3968848,-3808243,295093.0,,200,270,坏棒 总长1000m 铁头 475
821,22:08:39,hit_821_20260731_220839.csv,512,DEFECT,HIGH,75,0,0,440,0,3267109,2698841,-3267109,273500.8,,200,240,坏棒 总长1000m 铁头 475
822,22:08:39,hit_822_20260731_220839.csv,512,DEFECT,HIGH,73,0,0,455,0,3904211,3904211,-3522219,493180.9,,200,255,坏棒 总长1000m 铁头 475
823,22:08:40,hit_823_20260731_220840.csv,512,DEFECT,HIGH,76,0,0,411,0,3404588,3404588,-3098589,398695.1,,200,211,坏棒 总长1000m 铁头 475
824,22:08:40,hit_824_20260731_220840.csv,512,DEFECT,HIGH,78,0,0,381,0,3586881,3036158,-3586881,35641.0,,200,181,坏棒 总长1000m 铁头 475
825,22:08:40,hit_825_20260731_220840.csv,512,DEFECT,HIGH,77,0,0,249,0,3921626,3921626,-3144227,546633.2,,200,49,坏棒 总长1000m 铁头 475
826,22:08:41,hit_826_20260731_220841.csv,512,DEFECT,HIGH,85,0,0,352,0,3353189,3353189,-2984660,176208.0,,200,152,坏棒 总长1000m 铁头 475
827,22:08:41,hit_827_20260731_220841.csv,512,DEFECT,HIGH,76,0,0,411,0,3633251,3633251,-3038736,481340.5,,200,211,坏棒 总长1000m 铁头 475
828,22:08:41,hit_828_20260731_220841.csv,512,DEFECT,HIGH,79,0,0,425,0,4509131,4509131,-2757624,692695.3,,200,225,坏棒 总长1000m 铁头 475
829,22:08:41,hit_829_20260731_220841.csv,512,DEFECT,HIGH,83,0,0,381,0,3258396,3258396,-3050764,106857.6,,200,181,坏棒 总长1000m 铁头 475
830,22:08:42,hit_830_20260731_220842.csv,512,DEFECT,HIGH,77,0,0,411,0,3945642,3945642,-2992429,541696.9,,200,211,坏棒 总长1000m 铁头 475
831,22:08:42,hit_831_20260731_220842.csv,512,DEFECT,HIGH,76,0,0,396,0,3834519,3834519,-3354321,380227.5,,200,196,坏棒 总长1000m 铁头 475
832,22:08:42,hit_832_20260731_220842.csv,512,DEFECT,HIGH,78,0,0,381,0,3578382,2717656,-3578382,108167.4,,200,181,坏棒 总长1000m 铁头 475
833,22:08:42,hit_833_20260731_220842.csv,512,DEFECT,HIGH,82,0,0,381,0,4030470,2881598,-4030470,-99840.1,,200,181,坏棒 总长1000m 铁头 475
834,22:08:43,hit_834_20260731_220843.csv,512,DEFECT,HIGH,81,0,0,411,0,4048402,2462469,-4048402,-282902.9,,200,211,坏棒 总长1000m 铁头 475
835,22:08:51,hit_835_20260731_220851.csv,512,DEFECT,HIGH,77,0,0,411,0,3547942,2768663,-3547942,143739.0,,200,211,坏棒 总长1000m 铁头 475
836,22:08:51,hit_836_20260731_220851.csv,512,DEFECT,HIGH,78,0,0,440,0,3531578,2661360,-3531578,87797.3,,200,240,坏棒 总长1000m 铁头 475
837,22:08:52,hit_837_20260731_220852.csv,512,DEFECT,HIGH,77,0,0,293,0,4077335,4077335,-3105763,600135.0,,200,93,坏棒 总长1000m 铁头 475
838,22:08:52,hit_838_20260731_220852.csv,512,DEFECT,HIGH,78,0,0,484,0,4097525,4097525,-3562954,375883.6,,200,284,坏棒 总长1000m 铁头 475
839,22:08:52,hit_839_20260731_220852.csv,512,DEFECT,HIGH,76,0,0,264,0,5225539,5225539,-3443350,742897.4,,200,64,坏棒 总长1000m 铁头 475
840,22:08:52,hit_840_20260731_220852.csv,512,DEFECT,HIGH,79,0,0,470,0,3346356,3060860,-3346356,381161.3,,200,270,坏棒 总长1000m 铁头 475
841,22:08:53,hit_841_20260731_220853.csv,512,DEFECT,HIGH,77,0,0,279,0,4055255,4034662,-4055255,330891.2,,200,79,坏棒 总长1000m 铁头 475
842,22:08:53,hit_842_20260731_220853.csv,512,DEFECT,HIGH,77,0,0,264,0,3716017,3716017,-3502197,479910.8,,200,64,坏棒 总长1000m 铁头 475
843,22:08:53,hit_843_20260731_220853.csv,512,DEFECT,HIGH,78,0,0,470,0,3933316,3933316,-3726917,359896.6,,200,270,坏棒 总长1000m 铁头 475
844,22:08:54,hit_844_20260731_220854.csv,512,DEFECT,HIGH,77,0,0,470,0,3543690,3543690,-3351565,425701.7,,200,270,坏棒 总长1000m 铁头 475
845,22:08:54,hit_845_20260731_220854.csv,512,DEFECT,HIGH,77,0,0,279,0,4789187,4789187,-3123580,673801.5,,200,79,坏棒 总长1000m 铁头 475
846,22:08:54,hit_846_20260731_220854.csv,512,DEFECT,HIGH,80,0,0,455,0,3688537,3196297,-3688537,155295.1,,200,255,坏棒 总长1000m 铁头 475
847,22:08:54,hit_847_20260731_220854.csv,512,DEFECT,HIGH,77,0,0,367,0,4159510,3459502,-4159510,191010.4,,200,167,坏棒 总长1000m 铁头 475
848,22:08:55,hit_848_20260731_220855.csv,512,DEFECT,HIGH,76,0,0,264,0,4790256,4790256,-3436261,604375.2,,200,64,坏棒 总长1000m 铁头 475
849,22:08:55,hit_849_20260731_220855.csv,512,DEFECT,HIGH,78,0,0,279,0,4382607,4382607,-3540749,449698.8,,200,79,坏棒 总长1000m 铁头 475
850,22:08:55,hit_850_20260731_220855.csv,512,DEFECT,HIGH,79,0,0,470,0,3536141,3135844,-3536141,225773.8,,200,270,坏棒 总长1000m 铁头 475
851,22:08:56,hit_851_20260731_220856.csv,512,DEFECT,HIGH,80,0,0,470,0,3728235,2774554,-3728235,84274.2,,200,270,坏棒 总长1000m 铁头 475
852,22:08:56,hit_852_20260731_220856.csv,512,DEFECT,HIGH,77,0,0,293,0,3606475,3462766,-3606475,394084.7,,200,93,坏棒 总长1000m 铁头 475
853,22:08:56,hit_853_20260731_220856.csv,512,DEFECT,HIGH,77,0,0,279,0,3685540,3685540,-3234619,593464.0,,200,79,坏棒 总长1000m 铁头 475
854,22:08:56,hit_854_20260731_220856.csv,512,DEFECT,HIGH,82,0,0,411,0,4145492,2968876,-4145492,-179800.7,,200,211,坏棒 总长1000m 铁头 475
855,22:08:57,hit_855_20260731_220857.csv,512,DEFECT,HIGH,76,0,0,425,0,3613557,2779030,-3613557,227000.5,,200,225,坏棒 总长1000m 铁头 475
856,22:08:57,hit_856_20260731_220857.csv,512,DEFECT,HIGH,81,0,0,381,0,3810495,2121496,-3810495,-231615.5,,200,181,坏棒 总长1000m 铁头 475
857,22:08:57,hit_857_20260731_220857.csv,512,DEFECT,HIGH,77,0,0,293,0,3384954,3263001,-3384954,485103.3,,200,93,坏棒 总长1000m 铁头 475
858,22:08:57,hit_858_20260731_220857.csv,512,DEFECT,HIGH,77,0,0,293,0,3882701,3519481,-3882701,333321.9,,200,93,坏棒 总长1000m 铁头 475
859,22:08:58,hit_859_20260731_220858.csv,512,DEFECT,HIGH,78,0,0,396,0,4151760,2699553,-4151760,-15343.1,,200,196,坏棒 总长1000m 铁头 475
860,22:08:58,hit_860_20260731_220858.csv,512,DEFECT,HIGH,79,0,0,381,0,4040440,2948896,-4040440,-45830.9,,200,181,坏棒 总长1000m 铁头 475
861,22:08:58,hit_861_20260731_220858.csv,512,DEFECT,HIGH,80,0,0,455,0,4179724,2929009,-4179724,216076.1,,200,255,坏棒 总长1000m 铁头 475
862,22:09:05,hit_862_20260731_220905.csv,512,DEFECT,HIGH,87,0,0,969,0,4885159,4433618,-4885159,-202868.6,,200,769,坏棒 总长1000m 铁头 475
863,22:09:07,hit_863_20260731_220907.csv,512,DEFECT,HIGH,79,0,0,279,0,3652261,3652261,-3386464,556762.2,,200,79,坏棒 总长1000m 铁头 475
864,22:09:07,hit_864_20260731_220907.csv,512,DEFECT,HIGH,79,0,0,308,0,4106699,2846138,-4106699,153647.1,,200,108,坏棒 总长1000m 铁头 475
865,22:09:07,hit_865_20260731_220907.csv,512,DEFECT,HIGH,79,0,0,470,0,4573071,3727310,-4573071,176710.4,,200,270,坏棒 总长1000m 铁头 475
866,22:09:07,hit_866_20260731_220907.csv,512,DEFECT,HIGH,82,0,0,425,0,4341921,2555197,-4341921,-98220.8,,200,225,坏棒 总长1000m 铁头 475
867,22:09:08,hit_867_20260731_220908.csv,512,DEFECT,HIGH,77,0,0,367,0,5064853,3202813,-5064853,79016.3,,200,167,坏棒 总长1000m 铁头 475
868,22:09:08,hit_868_20260731_220908.csv,512,DEFECT,HIGH,80,0,0,367,0,4694736,3569459,-4694736,-68052.6,,200,167,坏棒 总长1000m 铁头 475
869,22:09:08,hit_869_20260731_220908.csv,512,DEFECT,HIGH,76,0,0,425,0,4815231,4815231,-4780890,555771.5,,200,225,坏棒 总长1000m 铁头 475
870,22:09:09,hit_870_20260731_220909.csv,512,DEFECT,HIGH,76,0,0,425,0,4506462,3107165,-4506462,161865.5,,200,225,坏棒 总长1000m 铁头 475
871,22:09:09,hit_871_20260731_220909.csv,512,DEFECT,HIGH,82,0,0,411,0,4882993,4604494,-4882993,556673.9,,200,211,坏棒 总长1000m 铁头 475
872,22:09:09,hit_872_20260731_220909.csv,512,DEFECT,HIGH,79,0,0,367,0,3443616,2901811,-3443616,351604.4,,200,167,坏棒 总长1000m 铁头 475
873,22:09:09,hit_873_20260731_220909.csv,512,DEFECT,HIGH,76,0,0,279,0,5441661,5441661,-3417711,878412.3,,200,79,坏棒 总长1000m 铁头 475
874,22:09:10,hit_874_20260731_220910.csv,512,DEFECT,HIGH,79,0,0,455,0,4476178,3747147,-4476178,259735.4,,200,255,坏棒 总长1000m 铁头 475
875,22:09:10,hit_875_20260731_220910.csv,512,DEFECT,HIGH,80,0,0,470,0,4313414,2749462,-4313414,73859.0,,200,270,坏棒 总长1000m 铁头 475
876,22:09:10,hit_876_20260731_220910.csv,512,DEFECT,HIGH,77,0,0,396,0,5122371,3093037,-5122371,-117640.9,,200,196,坏棒 总长1000m 铁头 475
877,22:09:11,hit_877_20260731_220911.csv,512,DEFECT,HIGH,76,0,0,455,0,4680067,4680067,-3963841,630083.5,,200,255,坏棒 总长1000m 铁头 475
878,22:09:11,hit_878_20260731_220911.csv,512,DEFECT,HIGH,77,0,0,411,0,5085242,4168064,-5085242,308305.2,,200,211,坏棒 总长1000m 铁头 475
879,22:09:12,hit_879_20260731_220912.csv,512,DEFECT,HIGH,78,0,0,279,0,4358211,4358211,-3266772,879818.3,,200,79,坏棒 总长1000m 铁头 475
880,22:09:12,hit_880_20260731_220912.csv,512,DEFECT,HIGH,78,0,0,264,0,4726210,4726210,-3196137,1025224.0,,200,64,坏棒 总长1000m 铁头 475
881,22:09:12,hit_881_20260731_220912.csv,512,DEFECT,HIGH,77,0,0,396,0,3816377,2492428,-3816377,115602.0,,200,196,坏棒 总长1000m 铁头 475
882,22:09:13,hit_882_20260731_220913.csv,512,DEFECT,HIGH,79,0,0,367,0,3899179,2623096,-3899179,27752.9,,200,167,坏棒 总长1000m 铁头 475
883,22:09:13,hit_883_20260731_220913.csv,512,DEFECT,HIGH,78,0,0,381,0,4221817,2982508,-4221817,59704.9,,200,181,坏棒 总长1000m 铁头 475
884,22:09:13,hit_884_20260731_220913.csv,512,DEFECT,HIGH,77,0,0,455,0,4167258,4167258,-3631254,444728.9,,200,255,坏棒 总长1000m 铁头 475
885,22:09:14,hit_885_20260731_220914.csv,512,DEFECT,HIGH,80,0,0,455,0,4437241,2552787,-4437241,-83868.5,,200,255,坏棒 总长1000m 铁头 475
886,22:09:14,hit_886_20260731_220914.csv,512,DEFECT,HIGH,79,0,0,425,0,4428534,4428534,-3890236,369583.9,,200,225,坏棒 总长1000m 铁头 475
887,22:09:14,hit_887_20260731_220914.csv,512,DEFECT,HIGH,75,0,0,440,0,4260736,4209777,-4260736,628341.7,,200,240,坏棒 总长1000m 铁头 475
888,22:09:21,hit_888_20260731_220921.csv,512,DEFECT,HIGH,81,0,0,381,0,3820880,3272671,-3820880,335147.5,,200,181,坏棒 总长1000m 铁头 475
889,22:09:21,hit_889_20260731_220921.csv,512,DEFECT,HIGH,75,0,0,235,0,5283892,5283892,-2932440,1349686.8,,200,35,坏棒 总长1000m 铁头 475
890,22:09:21,hit_890_20260731_220921.csv,512,DEFECT,HIGH,78,0,0,279,0,3524426,3524426,-3492938,466100.8,,200,79,坏棒 总长1000m 铁头 475
891,22:09:22,hit_891_20260731_220922.csv,512,DEFECT,HIGH,78,0,0,264,0,4476689,4476689,-3333250,651174.5,,200,64,坏棒 总长1000m 铁头 475
892,22:09:22,hit_892_20260731_220922.csv,512,DEFECT,HIGH,77,0,0,293,0,3443286,3173033,-3443286,462705.3,,200,93,坏棒 总长1000m 铁头 475
893,22:09:22,hit_893_20260731_220922.csv,512,DEFECT,HIGH,77,0,0,293,0,5535527,5535527,-3694311,869835.7,,200,93,坏棒 总长1000m 铁头 475
894,22:09:23,hit_894_20260731_220923.csv,512,DEFECT,HIGH,78,0,0,396,0,4519356,3426972,-4519356,183317.9,,200,196,坏棒 总长1000m 铁头 475
895,22:09:23,hit_895_20260731_220923.csv,512,DEFECT,HIGH,77,0,0,264,0,4986229,4986229,-3499522,649067.4,,200,64,坏棒 总长1000m 铁头 475
896,22:09:23,hit_896_20260731_220923.csv,512,DEFECT,HIGH,78,0,0,455,0,3542729,2886801,-3542729,328459.0,,200,255,坏棒 总长1000m 铁头 475
897,22:09:24,hit_897_20260731_220924.csv,512,DEFECT,HIGH,80,0,0,484,0,4275233,4275233,-3594941,525798.3,,200,284,坏棒 总长1000m 铁头 475
898,22:09:24,hit_898_20260731_220924.csv,512,DEFECT,HIGH,91,0,0,337,0,5368136,2301509,-5368136,-630906.0,,200,137,坏棒 总长1000m 铁头 475
899,22:09:24,hit_899_20260731_220924.csv,512,DEFECT,HIGH,86,0,0,367,0,4604583,2809801,-4604583,-260448.1,,200,167,坏棒 总长1000m 铁头 475
900,22:09:25,hit_900_20260731_220925.csv,512,DEFECT,HIGH,79,0,0,411,0,3479212,3371538,-3479212,279464.9,,200,211,坏棒 总长1000m 铁头 475
901,22:09:25,hit_901_20260731_220925.csv,512,DEFECT,HIGH,77,0,0,484,0,3910836,3910836,-3572941,529939.1,,200,284,坏棒 总长1000m 铁头 475
902,22:09:25,hit_902_20260731_220925.csv,512,DEFECT,HIGH,82,0,0,440,0,4057221,2681845,-4057221,-31575.2,,200,240,坏棒 总长1000m 铁头 475
903,22:09:25,hit_903_20260731_220925.csv,512,DEFECT,HIGH,81,0,0,484,0,3657746,3585590,-3657746,333476.3,,200,284,坏棒 总长1000m 铁头 475
904,22:09:26,hit_904_20260731_220926.csv,512,DEFECT,HIGH,76,0,0,455,0,4094862,2458574,-4094862,48204.6,,200,255,坏棒 总长1000m 铁头 475
905,22:09:26,hit_905_20260731_220926.csv,512,DEFECT,HIGH,77,0,0,264,0,4010460,4010460,-3930049,503832.0,,200,64,坏棒 总长1000m 铁头 475
906,22:09:26,hit_906_20260731_220926.csv,512,DEFECT,HIGH,80,0,0,470,0,3710535,3418921,-3710535,340249.1,,200,270,坏棒 总长1000m 铁头 475
907,22:09:27,hit_907_20260731_220927.csv,512,DEFECT,HIGH,79,0,0,470,0,4085394,2676403,-4085394,158999.0,,200,270,坏棒 总长1000m 铁头 475
908,22:09:27,hit_908_20260731_220927.csv,512,DEFECT,HIGH,81,0,0,425,0,4041634,2915469,-4041634,-74940.2,,200,225,坏棒 总长1000m 铁头 475
909,22:09:27,hit_909_20260731_220927.csv,512,DEFECT,HIGH,77,0,0,205,0,4005765,4005765,-3670227,654211.0,,200,5,坏棒 总长1000m 铁头 475
910,22:09:28,hit_910_20260731_220928.csv,512,DEFECT,HIGH,81,0,0,499,0,4011509,2875674,-4011509,309319.7,,200,299,坏棒 总长1000m 铁头 475
911,22:09:28,hit_911_20260731_220928.csv,512,DEFECT,HIGH,79,0,0,279,0,4066035,4066035,-3538095,686786.8,,200,79,坏棒 总长1000m 铁头 475
912,22:09:28,hit_912_20260731_220928.csv,512,DEFECT,HIGH,77,0,0,264,0,3873170,3873170,-3629184,761220.2,,200,64,坏棒 总长1000m 铁头 475
913,22:09:28,hit_913_20260731_220928.csv,512,DEFECT,HIGH,82,0,0,425,0,4052052,4052052,-4045109,750073.5,,200,225,坏棒 总长1000m 铁头 475
914,22:09:29,hit_914_20260731_220929.csv,512,DEFECT,HIGH,87,0,0,381,0,4773608,3168789,-4773608,-115682.7,,200,181,坏棒 总长1000m 铁头 475
915,22:09:29,hit_915_20260731_220929.csv,512,DEFECT,HIGH,80,0,0,293,0,3789241,3789241,-3635485,499342.7,,200,93,坏棒 总长1000m 铁头 475
916,22:09:29,hit_916_20260731_220929.csv,512,DEFECT,HIGH,81,0,0,411,0,3986522,2918506,-3986522,128470.6,,200,211,坏棒 总长1000m 铁头 475
917,22:09:30,hit_917_20260731_220930.csv,512,DEFECT,HIGH,79,0,0,337,0,3501186,3134476,-3501186,338901.8,,200,137,坏棒 总长1000m 铁头 475
918,22:09:30,hit_918_20260731_220930.csv,512,DEFECT,HIGH,79,0,0,308,0,4685915,4685915,-3488248,912984.7,,200,108,坏棒 总长1000m 铁头 475
919,22:09:30,hit_919_20260731_220930.csv,512,DEFECT,HIGH,81,0,0,337,0,3738588,3240487,-3738588,369609.1,,200,137,坏棒 总长1000m 铁头 475
920,22:09:31,hit_920_20260731_220931.csv,512,DEFECT,HIGH,80,0,0,381,0,3809190,2937360,-3809190,131842.4,,200,181,坏棒 总长1000m 铁头 475
921,22:09:31,hit_921_20260731_220931.csv,512,DEFECT,HIGH,79,0,0,352,0,3592041,2820953,-3592041,155346.6,,200,152,坏棒 总长1000m 铁头 475
922,22:09:31,hit_922_20260731_220931.csv,512,DEFECT,HIGH,81,0,0,470,0,3381963,2147361,-3381963,-292916.5,,200,270,坏棒 总长1000m 铁头 475
923,22:09:32,hit_923_20260731_220932.csv,512,DEFECT,HIGH,79,0,0,323,0,3593449,2821902,-3593449,159567.3,,200,123,坏棒 总长1000m 铁头 475
924,22:09:33,hit_924_20260731_220933.csv,512,DEFECT,HIGH,80,0,0,337,0,3886989,2792071,-3886989,77125.1,,200,137,坏棒 总长1000m 铁头 475
925,22:09:33,hit_925_20260731_220933.csv,512,DEFECT,HIGH,78,0,0,293,0,3469785,2879381,-3469785,280962.3,,200,93,坏棒 总长1000m 铁头 475
926,22:09:33,hit_926_20260731_220933.csv,512,DEFECT,HIGH,76,0,0,264,0,5038734,5038734,-3206676,896498.4,,200,64,坏棒 总长1000m 铁头 475
927,22:09:34,hit_927_20260731_220934.csv,512,DEFECT,HIGH,77,0,0,264,0,3748653,3748653,-3500347,525908.9,,200,64,坏棒 总长1000m 铁头 475
928,22:09:34,hit_928_20260731_220934.csv,512,DEFECT,HIGH,77,0,0,279,0,3916294,3916294,-3211414,495697.7,,200,79,坏棒 总长1000m 铁头 475
929,22:09:34,hit_929_20260731_220934.csv,512,DEFECT,HIGH,78,0,0,484,0,3391984,2928345,-3391984,311289.3,,200,284,坏棒 总长1000m 铁头 475
930,22:09:36,hit_930_20260731_220936.csv,512,DEFECT,HIGH,77,0,0,279,0,4220868,4220868,-3221896,775339.1,,200,79,坏棒 总长1000m 铁头 475
931,22:09:36,hit_931_20260731_220936.csv,512,DEFECT,HIGH,80,0,0,352,0,3773348,2915713,-3773348,168307.3,,200,152,坏棒 总长1000m 铁头 475
932,22:09:40,hit_932_20260731_220940.csv,512,DEFECT,HIGH,82,0,0,411,0,4092738,2686388,-4092738,-113656.5,,200,211,坏棒 总长1000m 铁头 475
933,22:09:40,hit_933_20260731_220940.csv,512,DEFECT,HIGH,81,0,0,396,0,3910967,2448258,-3910967,-204367.5,,200,196,坏棒 总长1000m 铁头 475
934,22:09:40,hit_934_20260731_220940.csv,512,DEFECT,HIGH,79,0,0,470,0,3442848,3349979,-3442848,298370.2,,200,270,坏棒 总长1000m 铁头 475
935,22:09:41,hit_935_20260731_220941.csv,512,DEFECT,HIGH,81,0,0,425,0,3750927,2457508,-3750927,-258375.3,,200,225,坏棒 总长1000m 铁头 475
936,22:09:41,hit_936_20260731_220941.csv,512,DEFECT,HIGH,81,0,0,455,0,3800801,2679655,-3800801,39357.0,,200,255,坏棒 总长1000m 铁头 475
937,22:09:41,hit_937_20260731_220941.csv,512,DEFECT,HIGH,81,0,0,396,0,3902047,2624891,-3902047,-23146.7,,200,196,坏棒 总长1000m 铁头 475
938,22:09:42,hit_938_20260731_220942.csv,512,DEFECT,HIGH,83,0,0,411,0,4212521,3045840,-4212521,-235835.6,,200,211,坏棒 总长1000m 铁头 475
939,22:09:42,hit_939_20260731_220942.csv,512,DEFECT,HIGH,82,0,0,411,0,4013576,2722378,-4013576,9103.3,,200,211,坏棒 总长1000m 铁头 475
940,22:09:42,hit_940_20260731_220942.csv,512,DEFECT,HIGH,82,0,0,425,0,3985569,2633471,-3985569,-90907.9,,200,225,坏棒 总长1000m 铁头 475
941,22:09:42,hit_941_20260731_220942.csv,512,DEFECT,HIGH,79,0,0,455,0,3615004,2602539,-3615004,-13412.8,,200,255,坏棒 总长1000m 铁头 475
942,22:09:43,hit_942_20260731_220943.csv,512,DEFECT,HIGH,78,0,0,308,0,4003247,4003247,-3183869,592006.0,,200,108,坏棒 总长1000m 铁头 475
943,22:09:43,hit_943_20260731_220943.csv,512,DEFECT,HIGH,81,0,0,440,0,3895533,2963249,-3895533,152981.4,,200,240,坏棒 总长1000m 铁头 475
944,22:09:47,hit_944_20260731_220947.csv,512,DEFECT,HIGH,79,0,0,293,0,3478362,3007561,-3478362,288799.5,,200,93,坏棒 总长1000m 铁头 475
945,22:09:48,hit_945_20260731_220948.csv,512,DEFECT,HIGH,79,0,0,381,0,3474113,2411686,-3474113,-72050.8,,200,181,坏棒 总长1000m 铁头 475
946,22:09:48,hit_946_20260731_220948.csv,512,DEFECT,HIGH,83,0,0,367,0,4070235,2389685,-4070235,-261472.6,,200,167,坏棒 总长1000m 铁头 475
947,22:09:48,hit_947_20260731_220948.csv,512,DEFECT,HIGH,80,0,0,352,0,3760917,2697435,-3760917,-6472.2,,200,152,坏棒 总长1000m 铁头 475
948,22:09:48,hit_948_20260731_220948.csv,512,DEFECT,HIGH,81,0,0,352,0,3941955,2599107,-3941955,-63971.9,,200,152,坏棒 总长1000m 铁头 475
949,22:09:49,hit_949_20260731_220949.csv,512,DEFECT,HIGH,82,0,0,425,0,3949213,2288707,-3949213,-274122.5,,200,225,坏棒 总长1000m 铁头 475
950,22:09:49,hit_950_20260731_220949.csv,512,DEFECT,HIGH,88,0,0,337,0,4183328,3091713,-4183328,-94776.3,,200,137,坏棒 总长1000m 铁头 475
951,22:09:49,hit_951_20260731_220949.csv,512,DEFECT,HIGH,77,0,0,323,0,3557418,2583910,-3557418,34503.5,,200,123,坏棒 总长1000m 铁头 475
952,22:09:50,hit_952_20260731_220950.csv,512,DEFECT,HIGH,84,0,0,425,0,4591309,2692896,-4591309,-191123.0,,200,225,坏棒 总长1000m 铁头 475
953,22:09:50,hit_953_20260731_220950.csv,512,DEFECT,HIGH,78,0,0,484,0,3718086,3352014,-3718086,399385.6,,200,284,坏棒 总长1000m 铁头 475
954,22:09:50,hit_954_20260731_220950.csv,512,DEFECT,HIGH,82,0,0,455,0,4190341,3518729,-4190341,-4522.0,,200,255,坏棒 总长1000m 铁头 475
955,22:09:51,hit_955_20260731_220951.csv,512,DEFECT,HIGH,85,0,0,411,0,4478626,2879378,-4478626,-430288.5,,200,211,坏棒 总长1000m 铁头 475
956,22:09:51,hit_956_20260731_220951.csv,512,DEFECT,HIGH,83,0,0,381,0,4193226,3497654,-4193226,-98831.1,,200,181,坏棒 总长1000m 铁头 475
957,22:09:51,hit_957_20260731_220951.csv,512,DEFECT,HIGH,78,0,0,396,0,4254143,3218340,-4254143,-71173.4,,200,196,坏棒 总长1000m 铁头 475
958,22:09:52,hit_958_20260731_220952.csv,512,DEFECT,HIGH,73,0,0,235,0,4354918,4354918,-3279771,868421.8,,200,35,坏棒 总长1000m 铁头 475
959,22:09:52,hit_959_20260731_220952.csv,512,DEFECT,HIGH,74,0,0,470,0,4334802,4334802,-3443964,668313.1,,200,270,坏棒 总长1000m 铁头 475
960,22:09:52,hit_960_20260731_220952.csv,512,DEFECT,HIGH,79,0,0,381,0,3736372,3254583,-3736372,69554.5,,200,181,坏棒 总长1000m 铁头 475
961,22:09:52,hit_961_20260731_220952.csv,512,DEFECT,HIGH,80,0,0,396,0,3855553,2839403,-3855553,70395.8,,200,196,坏棒 总长1000m 铁头 475
962,22:09:53,hit_962_20260731_220953.csv,512,DEFECT,HIGH,77,0,0,425,0,3251601,3121560,-3251601,389200.6,,200,225,坏棒 总长1000m 铁头 475
963,22:09:53,hit_963_20260731_220953.csv,512,DEFECT,HIGH,79,0,0,279,0,4969529,4969529,-3550226,677475.9,,200,79,坏棒 总长1000m 铁头 475
964,22:09:53,hit_964_20260731_220953.csv,512,DEFECT,HIGH,78,0,0,470,0,3999740,3999740,-3921173,369313.3,,200,270,坏棒 总长1000m 铁头 475
965,22:09:54,hit_965_20260731_220954.csv,512,DEFECT,HIGH,78,0,0,264,0,3841962,3841962,-3693478,460469.3,,200,64,坏棒 总长1000m 铁头 475
966,22:09:54,hit_966_20260731_220954.csv,512,DEFECT,HIGH,79,0,0,308,0,4031098,2765893,-4031098,194631.9,,200,108,坏棒 总长1000m 铁头 475
967,22:09:54,hit_967_20260731_220954.csv,512,DEFECT,HIGH,77,0,0,293,0,3642172,3642172,-3415647,425657.3,,200,93,坏棒 总长1000m 铁头 475
968,22:09:55,hit_968_20260731_220955.csv,512,DEFECT,HIGH,76,0,0,293,0,3703048,3703048,-3289756,615196.6,,200,93,坏棒 总长1000m 铁头 475
969,22:09:55,hit_969_20260731_220955.csv,512,DEFECT,HIGH,77,0,0,279,0,5009097,5009097,-3181593,792984.3,,200,79,坏棒 总长1000m 铁头 475
970,22:09:55,hit_970_20260731_220955.csv,512,DEFECT,HIGH,84,0,0,396,0,4249000,3553846,-4249000,374151.8,,200,196,坏棒 总长1000m 铁头 475
971,22:09:56,hit_971_20260731_220956.csv,512,DEFECT,HIGH,80,0,0,308,0,3933345,3933345,-3647620,653014.3,,200,108,坏棒 总长1000m 铁头 475
972,22:09:56,hit_972_20260731_220956.csv,512,DEFECT,HIGH,79,0,0,293,0,5165832,5165832,-3430070,1045972.3,,200,93,坏棒 总长1000m 铁头 475
973,22:09:56,hit_973_20260731_220956.csv,512,DEFECT,HIGH,79,0,0,308,0,4383557,4383557,-3383667,851993.9,,200,108,坏棒 总长1000m 铁头 475
974,22:09:56,hit_974_20260731_220956.csv,512,DEFECT,HIGH,79,0,0,323,0,4736561,4736561,-3385622,819562.3,,200,123,坏棒 总长1000m 铁头 475
975,22:09:57,hit_975_20260731_220957.csv,512,DEFECT,HIGH,78,0,0,308,0,4500385,4500385,-3238811,803845.8,,200,108,坏棒 总长1000m 铁头 475
976,22:09:57,hit_976_20260731_220957.csv,512,DEFECT,HIGH,79,0,0,293,0,5005657,5005657,-3466385,912194.2,,200,93,坏棒 总长1000m 铁头 475
977,22:09:57,hit_977_20260731_220957.csv,512,DEFECT,HIGH,81,0,0,323,0,3787565,3581594,-3787565,489155.3,,200,123,坏棒 总长1000m 铁头 475
978,22:09:58,hit_978_20260731_220958.csv,512,DEFECT,HIGH,77,0,0,279,0,3496964,3496964,-3289804,636087.4,,200,79,坏棒 总长1000m 铁头 475
979,22:09:58,hit_979_20260731_220958.csv,512,DEFECT,HIGH,84,0,0,411,0,4342096,2562248,-4342096,-194326.8,,200,211,坏棒 总长1000m 铁头 475
980,22:10:01,hit_980_20260731_221001.csv,512,DEFECT,HIGH,81,0,0,352,0,3765436,2936403,-3765436,168499.8,,200,152,坏棒 总长1000m 铁头 475
981,22:10:02,hit_981_20260731_221002.csv,512,DEFECT,HIGH,80,0,0,293,0,3709169,2939788,-3709169,187613.0,,200,93,坏棒 总长1000m 铁头 475
982,22:10:02,hit_982_20260731_221002.csv,512,DEFECT,HIGH,77,0,0,499,0,3742768,3742768,-3488984,417789.0,,200,299,坏棒 总长1000m 铁头 475
983,22:10:02,hit_983_20260731_221002.csv,512,DEFECT,HIGH,78,0,0,308,0,3404380,3404380,-3289675,578223.1,,200,108,坏棒 总长1000m 铁头 475
984,22:10:03,hit_984_20260731_221003.csv,512,DEFECT,HIGH,79,0,0,337,0,3526590,2851996,-3526590,207149.5,,200,137,坏棒 总长1000m 铁头 475
985,22:10:03,hit_985_20260731_221003.csv,512,DEFECT,HIGH,79,0,0,337,0,4209007,4209007,-3457338,828151.4,,200,137,坏棒 总长1000m 铁头 475
986,22:10:03,hit_986_20260731_221003.csv,512,DEFECT,HIGH,78,0,0,293,0,4295587,4295587,-3337558,516678.1,,200,93,坏棒 总长1000m 铁头 475
987,22:10:03,hit_987_20260731_221003.csv,512,DEFECT,HIGH,76,0,0,425,0,3250381,2944298,-3250381,383156.4,,200,225,坏棒 总长1000m 铁头 475
988,22:10:04,hit_988_20260731_221004.csv,512,DEFECT,HIGH,78,0,0,381,0,4366225,3253247,-4366225,215041.1,,200,181,坏棒 总长1000m 铁头 475
989,22:10:04,hit_989_20260731_221004.csv,512,DEFECT,HIGH,83,0,0,396,0,4270743,3596325,-4270743,47081.3,,200,196,坏棒 总长1000m 铁头 475
990,22:10:04,hit_990_20260731_221004.csv,512,DEFECT,HIGH,79,0,0,279,0,3921349,3921349,-3505420,445074.8,,200,79,坏棒 总长1000m 铁头 475
991,22:10:05,hit_991_20260731_221005.csv,512,DEFECT,HIGH,77,0,0,425,0,3653031,3471471,-3653031,457751.0,,200,225,坏棒 总长1000m 铁头 475
992,22:10:05,hit_992_20260731_221005.csv,512,DEFECT,HIGH,79,0,0,440,0,4390455,4390455,-3612096,560069.6,,200,240,坏棒 总长1000m 铁头 475
993,22:10:05,hit_993_20260731_221005.csv,512,DEFECT,HIGH,84,0,0,396,0,4415923,3352080,-4415923,-242169.4,,200,196,坏棒 总长1000m 铁头 475
994,22:10:06,hit_994_20260731_221006.csv,512,DEFECT,HIGH,77,0,0,381,0,3357711,2908313,-3357711,148043.2,,200,181,坏棒 总长1000m 铁头 475
995,22:10:06,hit_995_20260731_221006.csv,512,DEFECT,HIGH,80,0,0,396,0,3800833,2530280,-3800833,-182337.4,,200,196,坏棒 总长1000m 铁头 475
996,22:10:06,hit_996_20260731_221006.csv,512,DEFECT,HIGH,79,0,0,396,0,3509724,3413765,-3509724,221678.2,,200,196,坏棒 总长1000m 铁头 475
997,22:10:06,hit_997_20260731_221006.csv,512,DEFECT,HIGH,78,0,0,411,0,3938997,3348036,-3938997,291701.4,,200,211,坏棒 总长1000m 铁头 475
998,22:10:07,hit_998_20260731_221007.csv,512,DEFECT,HIGH,78,0,0,425,0,3340718,2949365,-3340718,281636.3,,200,225,坏棒 总长1000m 铁头 475
999,22:10:07,hit_999_20260731_221007.csv,512,DEFECT,HIGH,78,0,0,484,0,3916663,3864651,-3916663,283642.4,,200,284,坏棒 总长1000m 铁头 475
1000,22:10:07,hit_1000_20260731_221007.csv,512,DEFECT,HIGH,76,0,0,455,0,3744018,3744018,-3722537,407098.4,,200,255,坏棒 总长1000m 铁头 475
1001,22:10:08,hit_1001_20260731_221008.csv,512,DEFECT,HIGH,80,0,0,411,0,4482102,4482102,-4465722,555353.1,,200,211,坏棒 总长1000m 铁头 475
1002,22:10:08,hit_1002_20260731_221008.csv,512,DEFECT,HIGH,75,0,0,411,0,3908924,3244851,-3908924,446453.5,,200,211,坏棒 总长1000m 铁头 475
1003,22:10:08,hit_1003_20260731_221008.csv,512,DEFECT,HIGH,78,0,0,279,0,3586481,3252113,-3586481,420471.5,,200,79,坏棒 总长1000m 铁头 475
1004,22:10:08,hit_1004_20260731_221008.csv,512,DEFECT,HIGH,75,0,0,176,0,6560485,6560485,-3348060,1556681.9,,200,-24,坏棒 总长1000m 铁头 475
1005,22:10:09,hit_1005_20260731_221009.csv,512,DEFECT,HIGH,81,0,0,411,0,4041624,3229246,-4041624,-6975.1,,200,211,坏棒 总长1000m 铁头 475
1006,22:10:09,hit_1006_20260731_221009.csv,512,DEFECT,HIGH,76,0,0,279,0,3534836,3534836,-3335293,680596.3,,200,79,坏棒 总长1000m 铁头 475
1007,22:10:09,hit_1007_20260731_221009.csv,512,DEFECT,HIGH,81,0,0,411,0,4386306,3202285,-4386306,21068.3,,200,211,坏棒 总长1000m 铁头 475
1008,22:10:10,hit_1008_20260731_221010.csv,512,DEFECT,HIGH,82,0,0,411,0,4377112,3082153,-4377112,-197624.7,,200,211,坏棒 总长1000m 铁头 475
1009,22:10:10,hit_1009_20260731_221010.csv,512,DEFECT,HIGH,80,0,0,337,0,3803119,2749543,-3803119,109793.1,,200,137,坏棒 总长1000m 铁头 475
1010,22:10:10,hit_1010_20260731_221010.csv,512,DEFECT,HIGH,79,0,0,308,0,3995311,2615481,-3995311,126885.9,,200,108,坏棒 总长1000m 铁头 475
1011,22:10:11,hit_1011_20260731_221011.csv,512,DEFECT,HIGH,78,0,0,308,0,3296127,3179565,-3296127,497223.4,,200,108,坏棒 总长1000m 铁头 475
1012,22:10:11,hit_1012_20260731_221011.csv,512,DEFECT,HIGH,79,0,0,470,0,4620606,3283737,-4620606,88383.7,,200,270,坏棒 总长1000m 铁头 475
1013,22:10:11,hit_1013_20260731_221011.csv,512,DEFECT,HIGH,82,0,0,381,0,4103519,2552252,-4103519,-171094.1,,200,181,坏棒 总长1000m 铁头 475
1014,22:10:12,hit_1014_20260731_221012.csv,512,DEFECT,HIGH,78,0,0,264,0,4102363,4102363,-3565284,529493.7,,200,64,坏棒 总长1000m 铁头 475
1015,22:10:12,hit_1015_20260731_221012.csv,512,DEFECT,HIGH,77,0,0,484,0,4368350,4368350,-4072227,415761.9,,200,284,坏棒 总长1000m 铁头 475
1016,22:10:12,hit_1016_20260731_221012.csv,512,DEFECT,HIGH,78,0,0,411,0,4695508,3585879,-4695508,222865.1,,200,211,坏棒 总长1000m 铁头 475
1017,22:10:12,hit_1017_20260731_221012.csv,512,DEFECT,HIGH,75,0,0,455,0,4325933,3514625,-4325933,311300.1,,200,255,坏棒 总长1000m 铁头 475
1018,22:10:18,hit_1018_20260731_221018.csv,512,DEFECT,HIGH,79,0,0,470,0,4171660,3396591,-4171660,255608.3,,200,270,坏棒 总长1000m 铁头 475
1019,22:10:18,hit_1019_20260731_221018.csv,512,DEFECT,HIGH,78,0,0,279,0,3654596,3654596,-3393725,444083.4,,200,79,坏棒 总长1000m 铁头 475
1020,22:10:19,hit_1020_20260731_221019.csv,512,DEFECT,HIGH,80,0,0,470,0,4026217,3008863,-4026217,167897.8,,200,270,坏棒 总长1000m 铁头 475
1021,22:10:19,hit_1021_20260731_221019.csv,512,DEFECT,HIGH,78,0,0,293,0,3504421,3325749,-3504421,405513.9,,200,93,坏棒 总长1000m 铁头 475
1022,22:10:19,hit_1022_20260731_221019.csv,512,DEFECT,HIGH,78,0,0,323,0,3519131,3043907,-3519131,287772.9,,200,123,坏棒 总长1000m 铁头 475
1023,22:10:20,hit_1023_20260731_221020.csv,512,DEFECT,HIGH,78,0,0,308,0,3531553,3531553,-3337674,596714.0,,200,108,坏棒 总长1000m 铁头 475
1024,22:10:20,hit_1024_20260731_221020.csv,512,DEFECT,HIGH,78,0,0,470,0,3528790,3262499,-3528790,339646.3,,200,270,坏棒 总长1000m 铁头 475
1025,22:10:20,hit_1025_20260731_221020.csv,512,DEFECT,HIGH,81,0,0,411,0,3909353,2728983,-3909353,-136440.6,,200,211,坏棒 总长1000m 铁头 475
1026,22:10:21,hit_1026_20260731_221021.csv,512,DEFECT,HIGH,78,0,0,484,0,4446136,4446136,-3303256,686599.2,,200,284,坏棒 总长1000m 铁头 475
1027,22:10:21,hit_1027_20260731_221021.csv,512,DEFECT,HIGH,79,0,0,352,0,3570815,3058736,-3570815,316947.6,,200,152,坏棒 总长1000m 铁头 475
1028,22:10:21,hit_1028_20260731_221021.csv,512,DEFECT,HIGH,77,0,0,323,0,3259576,3183604,-3259576,503263.1,,200,123,坏棒 总长1000m 铁头 475
1029,22:10:22,hit_1029_20260731_221022.csv,512,DEFECT,HIGH,81,0,0,411,0,4026303,2753695,-4026303,-32498.6,,200,211,坏棒 总长1000m 铁头 475
1030,22:10:22,hit_1030_20260731_221022.csv,512,DEFECT,HIGH,79,0,0,470,0,3676986,3676986,-3556586,418272.5,,200,270,坏棒 总长1000m 铁头 475
1031,22:10:22,hit_1031_20260731_221022.csv,512,DEFECT,HIGH,80,0,0,455,0,3693824,2840517,-3693824,137279.1,,200,255,坏棒 总长1000m 铁头 475
1032,22:10:23,hit_1032_20260731_221023.csv,512,DEFECT,HIGH,79,0,0,323,0,4126157,4126157,-3541482,476445.1,,200,123,坏棒 总长1000m 铁头 475
1033,22:10:23,hit_1033_20260731_221023.csv,512,DEFECT,HIGH,80,0,0,440,0,3808221,3808221,-3672642,328862.1,,200,240,坏棒 总长1000m 铁头 475
1034,22:10:23,hit_1034_20260731_221023.csv,512,DEFECT,HIGH,77,0,0,293,0,4512331,4512331,-3139458,950893.7,,200,93,坏棒 总长1000m 铁头 475
1035,22:10:23,hit_1035_20260731_221023.csv,512,DEFECT,HIGH,77,0,0,264,0,5956622,5956622,-3069236,1176860.2,,200,64,坏棒 总长1000m 铁头 475
1036,22:10:24,hit_1036_20260731_221024.csv,512,DEFECT,HIGH,75,0,0,249,0,5525704,5525704,-2939349,994378.8,,200,49,坏棒 总长1000m 铁头 475
1037,22:10:24,hit_1037_20260731_221024.csv,512,DEFECT,HIGH,76,0,0,308,0,4977153,4977153,-2981379,823835.7,,200,108,坏棒 总长1000m 铁头 475
1038,22:10:24,hit_1038_20260731_221024.csv,512,DEFECT,HIGH,81,0,0,425,0,3994255,3727085,-3994255,198663.5,,200,225,坏棒 总长1000m 铁头 475
1039,22:10:25,hit_1039_20260731_221025.csv,512,DEFECT,HIGH,79,0,0,470,0,3504142,3504142,-3437786,466020.9,,200,270,坏棒 总长1000m 铁头 475
1040,22:10:25,hit_1040_20260731_221025.csv,512,DEFECT,HIGH,75,0,0,279,0,4975368,4975368,-3299990,713875.9,,200,79,坏棒 总长1000m 铁头 475
1041,22:10:25,hit_1041_20260731_221025.csv,512,DEFECT,HIGH,79,0,0,484,0,3854276,3854276,-3338105,519671.1,,200,284,坏棒 总长1000m 铁头 475
1042,22:10:26,hit_1042_20260731_221026.csv,512,DEFECT,HIGH,77,0,0,279,0,5155608,5155608,-3128456,1095289.4,,200,79,坏棒 总长1000m 铁头 475
1043,22:10:26,hit_1043_20260731_221026.csv,512,DEFECT,HIGH,77,0,0,279,0,5404910,5404910,-3102590,1163441.4,,200,79,坏棒 总长1000m 铁头 475
1044,22:10:26,hit_1044_20260731_221026.csv,512,DEFECT,HIGH,76,0,0,249,0,5386883,5386883,-2830911,1169461.1,,200,49,坏棒 总长1000m 铁头 475
1045,22:10:27,hit_1045_20260731_221027.csv,512,DEFECT,HIGH,76,0,0,308,0,3163742,3147538,-3163742,389767.2,,200,108,坏棒 总长1000m 铁头 475
1046,22:10:27,hit_1046_20260731_221027.csv,512,DEFECT,HIGH,80,0,0,323,0,3943909,3943909,-3650526,687748.4,,200,123,坏棒 总长1000m 铁头 475
1047,22:10:27,hit_1047_20260731_221027.csv,512,DEFECT,HIGH,78,0,0,308,0,3534364,3020806,-3534364,202765.3,,200,108,坏棒 总长1000m 铁头 475
1048,22:10:28,hit_1048_20260731_221028.csv,512,DEFECT,HIGH,80,0,0,396,0,3690874,3634705,-3690874,361073.3,,200,196,坏棒 总长1000m 铁头 475
1049,22:10:28,hit_1049_20260731_221028.csv,512,NORMAL,HIGH,93,0,0,0,0,1136692,1136692,-1036542,24614.5,,200,,坏棒 总长1000m 铁头 475
1050,22:10:29,hit_1050_20260731_221029.csv,512,DEFECT,HIGH,79,0,0,352,0,3509791,2932126,-3509791,215778.3,,200,152,坏棒 总长1000m 铁头 475
1051,22:10:29,hit_1051_20260731_221029.csv,512,DEFECT,HIGH,76,0,0,279,0,4880702,4880702,-3308493,674865.3,,200,79,坏棒 总长1000m 铁头 475
1052,22:10:29,hit_1052_20260731_221029.csv,512,DEFECT,HIGH,77,0,0,264,0,5184851,5184851,-3099619,996023.0,,200,64,坏棒 总长1000m 铁头 475
1053,22:10:30,hit_1053_20260731_221030.csv,512,DEFECT,HIGH,79,0,0,337,0,3609976,2767150,-3609976,113108.1,,200,137,坏棒 总长1000m 铁头 475
1054,22:10:30,hit_1054_20260731_221030.csv,512,DEFECT,HIGH,77,0,0,249,0,6368537,6368537,-3049797,1257874.9,,200,49,坏棒 总长1000m 铁头 475
1055,22:10:48,hit_1055_20260731_221048.csv,512,DEFECT,LOW,93,0,0,455,0,5355544,2823898,-5355544,-409498.7,,200,255,坏棒 总长1000m 铁头 475
1056,22:10:48,hit_1056_20260731_221048.csv,512,DEFECT,HIGH,81,0,0,308,0,3789766,3289868,-3789766,269280.3,,200,108,坏棒 总长1000m 铁头 475
1057,22:10:49,hit_1057_20260731_221049.csv,512,DEFECT,HIGH,78,0,0,337,0,3644586,2396154,-3644586,50832.5,,200,137,坏棒 总长1000m 铁头 475
1058,22:10:49,hit_1058_20260731_221049.csv,512,DEFECT,HIGH,82,0,0,425,0,4129595,3074585,-4129595,-182688.0,,200,225,坏棒 总长1000m 铁头 475
1059,22:10:49,hit_1059_20260731_221049.csv,512,DEFECT,HIGH,80,0,0,411,0,5052803,2820361,-5052803,132929.3,,200,211,坏棒 总长1000m 铁头 475
1060,22:10:49,hit_1060_20260731_221049.csv,512,DEFECT,HIGH,82,0,0,396,0,4102303,3360251,-4102303,-80892.3,,200,196,坏棒 总长1000m 铁头 475
1061,22:10:50,hit_1061_20260731_221050.csv,512,DEFECT,HIGH,83,0,0,425,0,4247179,3353879,-4247179,-250166.3,,200,225,坏棒 总长1000m 铁头 475
1062,22:10:50,hit_1062_20260731_221050.csv,512,DEFECT,HIGH,77,0,0,308,0,3430189,2851941,-3430189,391145.9,,200,108,坏棒 总长1000m 铁头 475
1063,22:10:50,hit_1063_20260731_221050.csv,512,DEFECT,HIGH,78,0,0,499,0,4703949,4703949,-3664650,773548.2,,200,299,坏棒 总长1000m 铁头 475
1064,22:10:51,hit_1064_20260731_221051.csv,512,DEFECT,HIGH,76,0,0,440,0,3964289,2768398,-3964289,219358.6,,200,240,坏棒 总长1000m 铁头 475
1065,22:10:51,hit_1065_20260731_221051.csv,512,DEFECT,HIGH,81,0,0,396,0,3836804,2964067,-3836804,-106015.1,,200,196,坏棒 总长1000m 铁头 475
1066,22:10:51,hit_1066_20260731_221051.csv,512,DEFECT,HIGH,73,0,0,440,0,3664896,3158354,-3664896,440278.1,,200,240,坏棒 总长1000m 铁头 475
1067,22:10:51,hit_1067_20260731_221051.csv,512,DEFECT,HIGH,77,0,0,411,0,4628198,2925259,-4628198,-123649.8,,200,211,坏棒 总长1000m 铁头 475
1068,22:10:52,hit_1068_20260731_221052.csv,512,DEFECT,HIGH,79,0,0,381,0,3643333,2473669,-3643333,-374205.6,,200,181,坏棒 总长1000m 铁头 475
1069,22:10:52,hit_1069_20260731_221052.csv,512,DEFECT,HIGH,77,0,0,455,0,1587119,1587119,-1306145,-99061.0,,200,255,坏棒 总长1000m 铁头 475
1070,22:10:52,hit_1070_20260731_221052.csv,512,DEFECT,HIGH,79,0,0,396,0,3717988,2461058,-3717988,-157555.7,,200,196,坏棒 总长1000m 铁头 475
1071,22:10:53,hit_1071_20260731_221053.csv,512,DEFECT,HIGH,77,0,0,279,0,3630394,2864427,-3630394,238228.0,,200,79,坏棒 总长1000m 铁头 475
1072,22:10:53,hit_1072_20260731_221053.csv,512,DEFECT,HIGH,79,0,0,308,0,3627566,2662553,-3627566,79176.5,,200,108,坏棒 总长1000m 铁头 475
1073,22:10:53,hit_1073_20260731_221053.csv,512,DEFECT,LOW,81,0,0,925,0,1737218,1737218,-1293284,-122579.7,,200,725,坏棒 总长1000m 铁头 475
1074,22:10:54,hit_1074_20260731_221054.csv,512,DEFECT,HIGH,80,0,0,293,0,3797947,2750926,-3797947,66608.1,,200,93,坏棒 总长1000m 铁头 475
1075,22:10:54,hit_1075_20260731_221054.csv,512,DEFECT,HIGH,79,0,0,323,0,3557776,2734965,-3557776,141485.1,,200,123,坏棒 总长1000m 铁头 475
1076,22:10:54,hit_1076_20260731_221054.csv,512,DEFECT,HIGH,81,0,0,264,0,3782333,3687121,-3782333,372767.0,,200,64,坏棒 总长1000m 铁头 475
1077,22:10:55,hit_1077_20260731_221055.csv,512,DEFECT,HIGH,79,0,0,279,0,3843567,3843567,-3441157,626263.6,,200,79,坏棒 总长1000m 铁头 475
1078,22:10:56,hit_1078_20260731_221056.csv,512,DEFECT,HIGH,79,0,0,293,0,3905283,3905283,-3588513,504658.4,,200,93,坏棒 总长1000m 铁头 475
1079,22:10:56,hit_1079_20260731_221056.csv,512,DEFECT,HIGH,85,0,0,381,0,4579002,3196794,-4579002,-367548.5,,200,181,坏棒 总长1000m 铁头 475
1080,22:10:56,hit_1080_20260731_221056.csv,512,DEFECT,HIGH,80,0,0,425,0,3736800,2378078,-3736800,-112165.4,,200,225,坏棒 总长1000m 铁头 475
1081,22:10:57,hit_1081_20260731_221057.csv,512,DEFECT,HIGH,77,0,0,279,0,3334213,3221769,-3334213,421271.8,,200,79,坏棒 总长1000m 铁头 475
1082,22:10:58,hit_1082_20260731_221058.csv,512,DEFECT,HIGH,82,0,0,411,0,3988802,2829301,-3988802,-247004.3,,200,211,坏棒 总长1000m 铁头 475
1083,22:10:58,hit_1083_20260731_221058.csv,512,DEFECT,HIGH,80,0,0,381,0,3538192,3370522,-3538192,-220860.0,,200,181,坏棒 总长1000m 铁头 475
1084,22:10:58,hit_1084_20260731_221058.csv,512,DEFECT,HIGH,79,0,0,381,0,4059493,2831645,-4059493,-187306.3,,200,181,坏棒 总长1000m 铁头 475
1085,22:10:59,hit_1085_20260731_221059.csv,512,DEFECT,HIGH,81,0,0,337,0,3867715,2912798,-3867715,119210.9,,200,137,坏棒 总长1000m 铁头 475
1086,22:10:59,hit_1086_20260731_221059.csv,512,DEFECT,HIGH,77,0,0,381,0,3721999,2646332,-3721999,-114302.7,,200,181,坏棒 总长1000m 铁头 475
1087,22:10:59,hit_1087_20260731_221059.csv,512,DEFECT,HIGH,76,0,0,425,0,3675942,3158519,-3675942,437774.0,,200,225,坏棒 总长1000m 铁头 475
1088,22:10:59,hit_1088_20260731_221059.csv,512,DEFECT,HIGH,85,0,0,910,0,4346267,3652311,-4346267,-404127.6,,200,710,坏棒 总长1000m 铁头 475
1089,22:11:00,hit_1089_20260731_221100.csv,512,DEFECT,HIGH,75,0,0,455,0,3882981,3882981,-3735399,546021.8,,200,255,坏棒 总长1000m 铁头 475
1090,22:11:00,hit_1090_20260731_221100.csv,512,DEFECT,HIGH,77,0,0,396,0,4330973,2720296,-4330973,-4223.6,,200,196,坏棒 总长1000m 铁头 475
1091,22:11:00,hit_1091_20260731_221100.csv,512,DEFECT,HIGH,82,0,0,367,0,4861561,3449680,-4861561,-168847.7,,200,167,坏棒 总长1000m 铁头 475
1092,22:11:01,hit_1092_20260731_221101.csv,512,DEFECT,HIGH,85,0,0,396,0,4433172,4244859,-4433172,-313720.6,,200,196,坏棒 总长1000m 铁头 475
1093,22:11:01,hit_1093_20260731_221101.csv,512,DEFECT,HIGH,81,0,0,352,0,4227004,4012013,-4227004,-119670.3,,200,152,坏棒 总长1000m 铁头 475
1094,22:11:01,hit_1094_20260731_221101.csv,512,DEFECT,HIGH,86,0,0,352,0,3905380,3457556,-3905380,297434.7,,200,152,坏棒 总长1000m 铁头 475
1095,22:11:02,hit_1095_20260731_221102.csv,512,DEFECT,HIGH,87,0,0,367,0,3616513,3612853,-3616513,-208436.2,,200,167,坏棒 总长1000m 铁头 475
1096,22:11:02,hit_1096_20260731_221102.csv,512,DEFECT,HIGH,77,0,0,425,0,3561100,2693178,-3561100,121685.6,,200,225,坏棒 总长1000m 铁头 475
1097,22:11:02,hit_1097_20260731_221102.csv,512,DEFECT,HIGH,81,0,0,455,0,3907445,2826094,-3907445,93250.4,,200,255,坏棒 总长1000m 铁头 475
1098,22:11:03,hit_1098_20260731_221103.csv,512,DEFECT,HIGH,77,0,0,264,0,4319396,4319396,-3089318,820638.2,,200,64,坏棒 总长1000m 铁头 475
1099,22:11:03,hit_1099_20260731_221103.csv,512,DEFECT,HIGH,77,0,0,308,0,3399081,3125086,-3399081,368583.0,,200,108,坏棒 总长1000m 铁头 475
1100,22:11:03,hit_1100_20260731_221103.csv,512,DEFECT,HIGH,81,0,0,499,0,3935839,3356793,-3935839,300032.1,,200,299,坏棒 总长1000m 铁头 475
1101,22:11:04,hit_1101_20260731_221104.csv,512,DEFECT,HIGH,80,0,0,337,0,3833020,2740097,-3833020,13889.7,,200,137,坏棒 总长1000m 铁头 475
1102,22:11:04,hit_1102_20260731_221104.csv,512,DEFECT,HIGH,78,0,0,323,0,3432785,3140501,-3432785,406429.9,,200,123,坏棒 总长1000m 铁头 475
1103,22:11:04,hit_1103_20260731_221104.csv,512,DEFECT,HIGH,79,0,0,470,0,3635147,2799996,-3635147,218243.6,,200,270,坏棒 总长1000m 铁头 475
1104,22:11:05,hit_1104_20260731_221105.csv,512,DEFECT,HIGH,87,0,0,323,0,4700875,2572141,-4700875,-352216.0,,200,123,坏棒 总长1000m 铁头 475
1105,22:11:05,hit_1105_20260731_221105.csv,512,DEFECT,HIGH,83,0,0,396,0,4086812,2901425,-4086812,1360.5,,200,196,坏棒 总长1000m 铁头 475
1106,22:11:05,hit_1106_20260731_221105.csv,512,DEFECT,HIGH,77,0,0,264,0,3758471,3758471,-3430756,487348.1,,200,64,坏棒 总长1000m 铁头 475
1107,22:11:06,hit_1107_20260731_221106.csv,512,DEFECT,HIGH,79,0,0,470,0,4230851,2662085,-4230851,34277.6,,200,270,坏棒 总长1000m 铁头 475
1108,22:11:06,hit_1108_20260731_221106.csv,512,DEFECT,HIGH,78,0,0,484,0,3935044,3247497,-3935044,238058.8,,200,284,坏棒 总长1000m 铁头 475
1109,22:11:06,hit_1109_20260731_221106.csv,512,DEFECT,HIGH,79,0,0,308,0,3670221,2797404,-3670221,136493.6,,200,108,坏棒 总长1000m 铁头 475
1110,22:11:06,hit_1110_20260731_221106.csv,512,DEFECT,HIGH,80,0,0,440,0,3681475,2694441,-3681475,64450.1,,200,240,坏棒 总长1000m 铁头 475
1111,22:11:07,hit_1111_20260731_221107.csv,512,DEFECT,HIGH,81,0,0,440,0,3782421,3367916,-3782421,252377.5,,200,240,坏棒 总长1000m 铁头 475
1112,22:11:07,hit_1112_20260731_221107.csv,512,DEFECT,HIGH,79,0,0,381,0,3651111,3616004,-3651111,-125637.8,,200,181,坏棒 总长1000m 铁头 475
1113,22:11:07,hit_1113_20260731_221107.csv,512,DEFECT,HIGH,78,0,0,396,0,3765643,3091982,-3765643,226024.4,,200,196,坏棒 总长1000m 铁头 475
1114,22:11:08,hit_1114_20260731_221108.csv,512,DEFECT,HIGH,76,0,0,440,0,3475950,3411268,-3475950,411987.1,,200,240,坏棒 总长1000m 铁头 475
1115,22:11:08,hit_1115_20260731_221108.csv,512,DEFECT,HIGH,89,0,0,411,0,5111402,3400380,-5111402,-387413.8,,200,211,坏棒 总长1000m 铁头 475
1116,22:11:08,hit_1116_20260731_221108.csv,512,DEFECT,HIGH,81,0,0,396,0,4260850,3137817,-4260850,-225275.0,,200,196,坏棒 总长1000m 铁头 475
1117,22:11:09,hit_1117_20260731_221109.csv,512,DEFECT,HIGH,86,0,0,484,0,4939917,3944865,-4939917,11551.0,,200,284,坏棒 总长1000m 铁头 475
1118,22:11:09,hit_1118_20260731_221109.csv,512,DEFECT,HIGH,79,0,0,308,0,3533742,3009556,-3533742,303356.7,,200,108,坏棒 总长1000m 铁头 475
1119,22:11:09,hit_1119_20260731_221109.csv,512,DEFECT,HIGH,77,0,0,293,0,3915757,3772856,-3915757,563684.5,,200,93,坏棒 总长1000m 铁头 475
1120,22:11:10,hit_1120_20260731_221110.csv,512,DEFECT,HIGH,77,0,0,279,0,3609580,3609580,-3170491,563847.5,,200,79,坏棒 总长1000m 铁头 475
1121,22:11:10,hit_1121_20260731_221110.csv,512,DEFECT,HIGH,77,0,0,235,0,4672830,4672830,-3713254,594573.5,,200,35,坏棒 总长1000m 铁头 475
1122,22:11:11,hit_1122_20260731_221111.csv,512,DEFECT,HIGH,84,0,0,425,0,4792073,2599133,-4792073,-166164.3,,200,225,坏棒 总长1000m 铁头 475
1123,22:11:11,hit_1123_20260731_221111.csv,512,DEFECT,HIGH,77,0,0,337,0,3859811,2668099,-3859811,165092.6,,200,137,坏棒 总长1000m 铁头 475
1124,22:11:11,hit_1124_20260731_221111.csv,512,DEFECT,HIGH,75,0,0,264,0,4761781,4761781,-3134655,965148.1,,200,64,坏棒 总长1000m 铁头 475
1125,22:11:12,hit_1125_20260731_221112.csv,512,DEFECT,HIGH,77,0,0,293,0,3824985,2837473,-3824985,327229.6,,200,93,坏棒 总长1000m 铁头 475
1126,22:11:12,hit_1126_20260731_221112.csv,512,DEFECT,HIGH,78,0,0,264,0,4094936,4094936,-3338125,684640.3,,200,64,坏棒 总长1000m 铁头 475
1127,22:11:12,hit_1127_20260731_221112.csv,512,DEFECT,HIGH,76,0,0,235,0,4361606,4361606,-3660417,763354.9,,200,35,坏棒 总长1000m 铁头 475
1128,22:11:12,hit_1128_20260731_221112.csv,512,DEFECT,HIGH,77,0,0,190,0,4526031,4526031,-3417556,1004009.5,,200,-10,坏棒 总长1000m 铁头 475
1129,22:11:13,hit_1129_20260731_221113.csv,512,DEFECT,HIGH,78,0,0,176,0,5371674,5371674,-3756873,1188237.8,,200,-24,坏棒 总长1000m 铁头 475
1130,22:11:13,hit_1130_20260731_221113.csv,512,DEFECT,HIGH,78,0,0,293,0,3591529,3452882,-3591529,584295.4,,200,93,坏棒 总长1000m 铁头 475
1131,22:11:13,hit_1131_20260731_221113.csv,512,DEFECT,HIGH,78,0,0,499,0,3735713,3148546,-3735713,575511.1,,200,299,坏棒 总长1000m 铁头 475
1132,22:11:14,hit_1132_20260731_221114.csv,512,DEFECT,HIGH,81,0,0,440,0,4724969,2853081,-4724969,-28803.7,,200,240,坏棒 总长1000m 铁头 475
1133,22:11:14,hit_1133_20260731_221114.csv,512,DEFECT,HIGH,84,0,0,352,0,4304437,3523355,-4304437,286852.0,,200,152,坏棒 总长1000m 铁头 475
1134,22:11:14,hit_1134_20260731_221114.csv,512,DEFECT,HIGH,78,0,0,514,0,4457157,4457157,-3647937,922223.0,,200,314,坏棒 总长1000m 铁头 475
1135,22:11:14,hit_1135_20260731_221114.csv,512,DEFECT,HIGH,76,0,0,264,0,5200728,5200728,-4280842,891692.2,,200,64,坏棒 总长1000m 铁头 475
1136,22:11:15,hit_1136_20260731_221115.csv,512,DEFECT,HIGH,79,0,0,279,0,4012074,4012074,-3622132,585062.0,,200,79,坏棒 总长1000m 铁头 475
1137,22:11:15,hit_1137_20260731_221115.csv,512,DEFECT,HIGH,81,0,0,396,0,3937690,2737693,-3937690,-166058.3,,200,196,坏棒 总长1000m 铁头 475
1138,22:11:15,hit_1138_20260731_221115.csv,512,DEFECT,HIGH,77,0,0,279,0,5284184,5284184,-3166503,969877.9,,200,79,坏棒 总长1000m 铁头 475
1139,22:11:16,hit_1139_20260731_221116.csv,512,DEFECT,HIGH,87,0,0,396,0,5218627,2878200,-5218627,-600899.5,,200,196,坏棒 总长1000m 铁头 475
1140,22:11:16,hit_1140_20260731_221116.csv,512,DEFECT,HIGH,79,0,0,440,0,4632452,2625666,-4632452,15067.6,,200,240,坏棒 总长1000m 铁头 475
1141,22:11:16,hit_1141_20260731_221116.csv,512,DEFECT,HIGH,81,0,0,411,0,3949016,2908559,-3949016,-131137.1,,200,211,坏棒 总长1000m 铁头 475
1142,22:11:17,hit_1142_20260731_221117.csv,512,DEFECT,HIGH,77,0,0,279,0,4636440,4636440,-3506633,688522.5,,200,79,坏棒 总长1000m 铁头 475
1143,22:11:17,hit_1143_20260731_221117.csv,512,DEFECT,HIGH,83,0,0,352,0,4749963,2670184,-4749963,-25199.7,,200,152,坏棒 总长1000m 铁头 475
1144,22:11:17,hit_1144_20260731_221117.csv,512,DEFECT,HIGH,78,0,0,470,0,3648658,3556133,-3648658,443438.9,,200,270,坏棒 总长1000m 铁头 475
1145,22:11:18,hit_1145_20260731_221118.csv,512,DEFECT,HIGH,79,0,0,470,0,4185579,2768526,-4185579,216276.9,,200,270,坏棒 总长1000m 铁头 475
1146,22:11:18,hit_1146_20260731_221118.csv,512,DEFECT,HIGH,77,0,0,279,0,3772871,3772871,-3707917,513563.7,,200,79,坏棒 总长1000m 铁头 475
1147,22:11:18,hit_1147_20260731_221118.csv,512,DEFECT,HIGH,82,0,0,396,0,4497812,2650015,-4497812,-57536.1,,200,196,坏棒 总长1000m 铁头 475
1148,22:11:18,hit_1148_20260731_221118.csv,512,DEFECT,HIGH,76,0,0,220,0,4643021,4643021,-3675114,864068.9,,200,20,坏棒 总长1000m 铁头 475
1149,22:11:19,hit_1149_20260731_221119.csv,512,DEFECT,HIGH,76,0,0,190,0,4587090,4587090,-3515266,1005823.1,,200,-10,坏棒 总长1000m 铁头 475
1150,22:11:19,hit_1150_20260731_221119.csv,512,DEFECT,HIGH,76,0,0,205,0,4422345,4422345,-3628329,805351.4,,200,5,坏棒 总长1000m 铁头 475
1151,22:11:19,hit_1151_20260731_221119.csv,512,DEFECT,HIGH,77,0,0,249,0,4770990,4770990,-3704939,661618.5,,200,49,坏棒 总长1000m 铁头 475
1152,22:11:19,hit_1152_20260731_221119.csv,512,DEFECT,HIGH,78,0,0,470,0,3751221,3598504,-3751221,431349.7,,200,270,坏棒 总长1000m 铁头 475
1153,22:11:20,hit_1153_20260731_221120.csv,512,DEFECT,HIGH,75,0,0,220,0,5160658,5160658,-3237581,1093570.4,,200,20,坏棒 总长1000m 铁头 475
1154,22:11:24,hit_1154_20260731_221124.csv,512,DEFECT,HIGH,78,0,0,323,0,3424327,3043474,-3424327,309804.9,,200,123,坏棒 总长1000m 铁头 475
1155,22:11:24,hit_1155_20260731_221124.csv,512,DEFECT,HIGH,82,0,0,425,0,4107688,2804910,-4107688,-148524.9,,200,225,坏棒 总长1000m 铁头 475
1156,22:11:25,hit_1156_20260731_221125.csv,512,DEFECT,HIGH,76,0,0,264,0,3866327,3866327,-3283149,680643.1,,200,64,坏棒 总长1000m 铁头 475
1157,22:11:25,hit_1157_20260731_221125.csv,512,DEFECT,HIGH,77,0,0,308,0,3531470,3061445,-3531470,345951.3,,200,108,坏棒 总长1000m 铁头 475
1158,22:11:25,hit_1158_20260731_221125.csv,512,DEFECT,HIGH,79,0,0,470,0,4035859,4035859,-3935607,476108.3,,200,270,坏棒 总长1000m 铁头 475
1159,22:11:25,hit_1159_20260731_221125.csv,512,DEFECT,HIGH,78,0,0,279,0,3936321,3936321,-3911662,384625.0,,200,79,坏棒 总长1000m 铁头 475
1160,22:11:26,hit_1160_20260731_221126.csv,512,DEFECT,HIGH,78,0,0,367,0,4594576,3236549,-4594576,153189.2,,200,167,坏棒 总长1000m 铁头 475
1161,22:11:26,hit_1161_20260731_221126.csv,512,DEFECT,HIGH,80,0,0,381,0,3867400,3867400,-3712288,-123002.4,,200,181,坏棒 总长1000m 铁头 475
1162,22:11:26,hit_1162_20260731_221126.csv,512,DEFECT,HIGH,83,0,0,411,0,3690443,3017049,-3690443,489982.4,,200,211,坏棒 总长1000m 铁头 475
1163,22:11:27,hit_1163_20260731_221127.csv,512,DEFECT,HIGH,80,0,0,470,0,3854558,2921797,-3854558,223678.1,,200,270,坏棒 总长1000m 铁头 475
1164,22:11:27,hit_1164_20260731_221127.csv,512,DEFECT,HIGH,79,0,0,425,0,4116224,2861100,-4116224,107941.6,,200,225,坏棒 总长1000m 铁头 475
1165,22:11:27,hit_1165_20260731_221127.csv,512,DEFECT,HIGH,77,0,0,484,0,3891976,3891976,-3628171,607386.9,,200,284,坏棒 总长1000m 铁头 475
1166,22:11:27,hit_1166_20260731_221127.csv,512,DEFECT,HIGH,80,0,0,425,0,4209708,2658676,-4209708,-3835.5,,200,225,坏棒 总长1000m 铁头 475
1167,22:11:28,hit_1167_20260731_221128.csv,512,DEFECT,HIGH,79,0,0,396,0,4310107,2634823,-4310107,-232242.0,,200,196,坏棒 总长1000m 铁头 475
1168,22:11:28,hit_1168_20260731_221128.csv,512,DEFECT,HIGH,77,0,0,470,0,4105202,4105202,-4009331,287834.9,,200,270,坏棒 总长1000m 铁头 475
1169,22:11:28,hit_1169_20260731_221128.csv,512,DEFECT,HIGH,75,0,0,440,0,3868690,3868690,-3508183,489264.6,,200,240,坏棒 总长1000m 铁头 475
1170,22:11:29,hit_1170_20260731_221129.csv,512,DEFECT,HIGH,77,0,0,249,0,4930717,4930717,-4270766,466657.0,,200,49,坏棒 总长1000m 铁头 475
1171,22:11:29,hit_1171_20260731_221129.csv,512,DEFECT,HIGH,80,0,0,396,0,4370331,2636077,-4370331,-198766.2,,200,196,坏棒 总长1000m 铁头 475
1172,22:11:29,hit_1172_20260731_221129.csv,512,DEFECT,HIGH,79,0,0,425,0,4455277,3161400,-4455277,105346.6,,200,225,坏棒 总长1000m 铁头 475
1173,22:11:29,hit_1173_20260731_221129.csv,512,DEFECT,HIGH,78,0,0,381,0,3950636,2655725,-3950636,-46892.1,,200,181,坏棒 总长1000m 铁头 475
1174,22:11:30,hit_1174_20260731_221130.csv,512,DEFECT,HIGH,78,0,0,484,0,3433622,3053483,-3433622,331320.0,,200,284,坏棒 总长1000m 铁头 475
1175,22:11:30,hit_1175_20260731_221130.csv,512,DEFECT,HIGH,74,0,0,425,0,3203484,3203484,-3163783,498724.4,,200,225,坏棒 总长1000m 铁头 475
1176,22:11:30,hit_1176_20260731_221130.csv,512,DEFECT,HIGH,77,0,0,425,0,3171635,3171635,-3105658,381059.0,,200,225,坏棒 总长1000m 铁头 475
1177,22:11:31,hit_1177_20260731_221131.csv,512,DEFECT,HIGH,78,0,0,279,0,3604071,3604071,-3326072,452974.9,,200,79,坏棒 总长1000m 铁头 475
1178,22:11:31,hit_1178_20260731_221131.csv,512,DEFECT,HIGH,77,0,0,205,0,4943064,4943064,-3487026,731635.0,,200,5,坏棒 总长1000m 铁头 475
1179,22:11:31,hit_1179_20260731_221131.csv,512,DEFECT,HIGH,86,0,0,411,0,4334052,2385247,-4334052,-437478.5,,200,211,坏棒 总长1000m 铁头 475
1180,22:11:31,hit_1180_20260731_221131.csv,512,DEFECT,HIGH,80,0,0,484,0,3820293,3051466,-3820293,164957.9,,200,284,坏棒 总长1000m 铁头 475
1181,22:11:32,hit_1181_20260731_221132.csv,512,DEFECT,HIGH,81,0,0,323,0,3892408,3892408,-3881752,501209.7,,200,123,坏棒 总长1000m 铁头 475
1182,22:11:32,hit_1182_20260731_221132.csv,512,DEFECT,HIGH,77,0,0,205,0,4721321,4721321,-3308313,1036696.6,,200,5,坏棒 总长1000m 铁头 475
1183,22:11:32,hit_1183_20260731_221132.csv,512,DEFECT,HIGH,77,0,0,293,0,4322780,4322780,-3211458,893387.1,,200,93,坏棒 总长1000m 铁头 475
1184,22:11:33,hit_1184_20260731_221133.csv,512,DEFECT,HIGH,77,0,0,367,0,3593275,2419093,-3593275,4907.0,,200,167,坏棒 总长1000m 铁头 475
1185,22:11:41,hit_1185_20260731_221141.csv,512,DEFECT,HIGH,79,0,0,470,0,3493966,3493966,-3363062,402631.4,,200,270,坏棒 总长1000m 铁头 475
1186,22:11:41,hit_1186_20260731_221141.csv,512,DEFECT,HIGH,77,0,0,455,0,3947880,3947880,-3337093,379300.3,,200,255,坏棒 总长1000m 铁头 475
1187,22:11:41,hit_1187_20260731_221141.csv,512,DEFECT,HIGH,81,0,0,411,0,3867031,2710846,-3867031,-4884.0,,200,211,坏棒 总长1000m 铁头 475
1188,22:11:42,hit_1188_20260731_221142.csv,512,DEFECT,HIGH,74,0,0,455,0,4661286,4661286,-3536184,671029.9,,200,255,坏棒 总长1000m 铁头 475
1189,22:11:42,hit_1189_20260731_221142.csv,512,DEFECT,HIGH,76,0,0,264,0,4713750,4713750,-3890638,522801.0,,200,64,坏棒 总长1000m 铁头 475
1190,22:11:42,hit_1190_20260731_221142.csv,512,DEFECT,HIGH,78,0,0,470,0,5034943,5034943,-3852921,550504.1,,200,270,坏棒 总长1000m 铁头 475
1191,22:11:42,hit_1191_20260731_221142.csv,512,DEFECT,HIGH,77,0,0,411,0,3595787,3213504,-3595787,359813.1,,200,211,坏棒 总长1000m 铁头 475
1192,22:11:43,hit_1192_20260731_221143.csv,512,DEFECT,HIGH,80,0,0,381,0,4001335,3176099,-4001335,160424.0,,200,181,坏棒 总长1000m 铁头 475
1193,22:11:43,hit_1193_20260731_221143.csv,512,DEFECT,HIGH,78,0,0,470,0,3351763,3042955,-3351763,373819.1,,200,270,坏棒 总长1000m 铁头 475
1194,22:11:43,hit_1194_20260731_221143.csv,512,DEFECT,HIGH,75,0,0,425,0,3980481,3980481,-3632667,448541.2,,200,225,坏棒 总长1000m 铁头 475
1195,22:11:44,hit_1195_20260731_221144.csv,512,DEFECT,HIGH,75,0,0,455,0,3863253,3863253,-2898971,704746.4,,200,255,坏棒 总长1000m 铁头 475
1196,22:11:44,hit_1196_20260731_221144.csv,512,DEFECT,HIGH,78,0,0,396,0,4758518,3194409,-4758518,111878.5,,200,196,坏棒 总长1000m 铁头 475
1197,22:11:44,hit_1197_20260731_221144.csv,512,DEFECT,HIGH,87,0,0,337,0,5428621,2982552,-5428621,-260906.6,,200,137,坏棒 总长1000m 铁头 475
1198,22:11:45,hit_1198_20260731_221145.csv,512,DEFECT,HIGH,80,0,0,381,0,3712750,3259741,-3712750,-181141.6,,200,181,坏棒 总长1000m 铁头 475
1199,22:11:45,hit_1199_20260731_221145.csv,512,DEFECT,HIGH,75,0,0,279,0,4414954,4414954,-3636921,645977.1,,200,79,坏棒 总长1000m 铁头 475
1200,22:11:45,hit_1200_20260731_221145.csv,512,DEFECT,HIGH,76,0,0,381,0,4271120,2998119,-4271120,152291.0,,200,181,坏棒 总长1000m 铁头 475
1201,22:11:45,hit_1201_20260731_221145.csv,512,DEFECT,HIGH,79,0,0,440,0,3742602,2976591,-3742602,277001.5,,200,240,坏棒 总长1000m 铁头 475
1202,22:11:46,hit_1202_20260731_221146.csv,512,DEFECT,HIGH,87,0,0,337,0,4268769,2938323,-4268769,51707.8,,200,137,坏棒 总长1000m 铁头 475
1203,22:11:46,hit_1203_20260731_221146.csv,512,DEFECT,HIGH,75,0,0,425,0,4006293,4006293,-3351304,570062.6,,200,225,坏棒 总长1000m 铁头 475
1204,22:11:46,hit_1204_20260731_221146.csv,512,DEFECT,HIGH,75,0,0,455,0,3807502,3807502,-3656954,505970.8,,200,255,坏棒 总长1000m 铁头 475
1205,22:11:47,hit_1205_20260731_221147.csv,512,DEFECT,HIGH,84,0,0,367,0,3607494,3607494,-3550789,439408.0,,200,167,坏棒 总长1000m 铁头 475
1206,22:11:47,hit_1206_20260731_221147.csv,512,DEFECT,HIGH,87,0,0,352,0,4502029,3091384,-4502029,54417.8,,200,152,坏棒 总长1000m 铁头 475
1207,22:11:48,hit_1207_20260731_221148.csv,512,DEFECT,HIGH,75,0,0,440,0,3728521,3728521,-3457908,530321.9,,200,240,坏棒 总长1000m 铁头 475
1208,22:11:48,hit_1208_20260731_221148.csv,512,DEFECT,HIGH,78,0,0,411,0,3470826,2538982,-3470826,-255890.3,,200,211,坏棒 总长1000m 铁头 475
1209,22:11:48,hit_1209_20260731_221148.csv,512,DEFECT,HIGH,80,0,0,455,0,4163015,2424117,-4163015,-117528.6,,200,255,坏棒 总长1000m 铁头 475
1210,22:11:48,hit_1210_20260731_221148.csv,512,DEFECT,HIGH,77,0,0,396,0,4490769,2553362,-4490769,-37440.9,,200,196,坏棒 总长1000m 铁头 475
1211,22:11:49,hit_1211_20260731_221149.csv,512,DEFECT,HIGH,77,0,0,514,0,3681423,3681423,-3344234,747284.4,,200,314,坏棒 总长1000m 铁头 475
1212,22:11:49,hit_1212_20260731_221149.csv,512,DEFECT,HIGH,76,0,0,308,0,3762594,2894899,-3762594,394299.4,,200,108,坏棒 总长1000m 铁头 475
1213,22:11:49,hit_1213_20260731_221149.csv,512,DEFECT,HIGH,76,0,0,205,0,4794143,4794143,-3324103,1151475.5,,200,5,坏棒 总长1000m 铁头 475
1214,22:11:50,hit_1214_20260731_221150.csv,512,DEFECT,HIGH,81,0,0,337,0,3782945,3131799,-3782945,236138.7,,200,137,坏棒 总长1000m 铁头 475
1215,22:11:50,hit_1215_20260731_221150.csv,512,DEFECT,HIGH,77,0,0,293,0,4726625,4726625,-3618916,840869.8,,200,93,坏棒 总长1000m 铁头 475
1216,22:11:50,hit_1216_20260731_221150.csv,512,DEFECT,HIGH,78,0,0,308,0,4031499,2804898,-4031499,323184.1,,200,108,坏棒 总长1000m 铁头 475
1217,22:11:51,hit_1217_20260731_221151.csv,512,DEFECT,HIGH,79,0,0,455,0,4100166,2642931,-4100166,140428.1,,200,255,坏棒 总长1000m 铁头 475
1218,22:11:51,hit_1218_20260731_221151.csv,512,DEFECT,HIGH,79,0,0,470,0,3918024,2454113,-3918024,42502.8,,200,270,坏棒 总长1000m 铁头 475
1219,22:11:52,hit_1219_20260731_221152.csv,512,DEFECT,HIGH,79,0,0,455,0,3541562,2553045,-3541562,21254.8,,200,255,坏棒 总长1000m 铁头 475
1220,22:11:52,hit_1220_20260731_221152.csv,512,DEFECT,HIGH,79,0,0,484,0,4129219,3558182,-4129219,365343.2,,200,284,坏棒 总长1000m 铁头 475
1221,22:11:52,hit_1221_20260731_221152.csv,512,DEFECT,HIGH,77,0,0,220,0,3704324,3704324,-3690997,524015.6,,200,20,坏棒 总长1000m 铁头 475
1222,22:11:52,hit_1222_20260731_221152.csv,512,DEFECT,HIGH,83,0,0,396,0,4467856,2827778,-4467856,-97898.7,,200,196,坏棒 总长1000m 铁头 475
1223,22:11:53,hit_1223_20260731_221153.csv,512,DEFECT,HIGH,85,0,0,425,0,4632480,4023205,-4632480,-236631.8,,200,225,坏棒 总长1000m 铁头 475
1224,22:11:53,hit_1224_20260731_221153.csv,512,DEFECT,HIGH,79,0,0,455,0,4200425,2753868,-4200425,116838.0,,200,255,坏棒 总长1000m 铁头 475
1225,22:11:53,hit_1225_20260731_221153.csv,512,DEFECT,HIGH,80,0,0,455,0,4634785,3922697,-4634785,258692.5,,200,255,坏棒 总长1000m 铁头 475
1226,22:11:54,hit_1226_20260731_221154.csv,512,DEFECT,HIGH,82,0,0,425,0,4639222,2720307,-4639222,-76829.7,,200,225,坏棒 总长1000m 铁头 475
1227,22:11:54,hit_1227_20260731_221154.csv,512,DEFECT,HIGH,81,0,0,367,0,4240686,3592002,-4240686,-235553.8,,200,167,坏棒 总长1000m 铁头 475
1228,22:11:54,hit_1228_20260731_221154.csv,512,DEFECT,HIGH,80,0,0,440,0,4233607,3517436,-4233607,370146.4,,200,240,坏棒 总长1000m 铁头 475
1229,22:11:55,hit_1229_20260731_221155.csv,512,DEFECT,HIGH,81,0,0,440,0,4428845,3021847,-4428845,100722.4,,200,240,坏棒 总长1000m 铁头 475
1230,22:11:55,hit_1230_20260731_221155.csv,512,DEFECT,HIGH,78,0,0,308,0,4460032,4460032,-3872834,576002.3,,200,108,坏棒 总长1000m 铁头 475
1231,22:11:55,hit_1231_20260731_221155.csv,512,DEFECT,HIGH,76,0,0,264,0,4934353,4934353,-3747419,753919.4,,200,64,坏棒 总长1000m 铁头 475
1232,22:11:56,hit_1232_20260731_221156.csv,512,DEFECT,HIGH,80,0,0,396,0,3921237,2707920,-3921237,-132324.9,,200,196,坏棒 总长1000m 铁头 475
1233,22:11:56,hit_1233_20260731_221156.csv,512,DEFECT,HIGH,76,0,0,484,0,4811147,4811147,-3455407,752799.5,,200,284,坏棒 总长1000m 铁头 475
1234,22:11:56,hit_1234_20260731_221156.csv,512,DEFECT,HIGH,79,0,0,470,0,4150452,2662674,-4150452,107105.5,,200,270,坏棒 总长1000m 铁头 475
1235,22:11:57,hit_1235_20260731_221157.csv,512,DEFECT,HIGH,78,0,0,396,0,3373295,2294263,-3373295,-250046.2,,200,196,坏棒 总长1000m 铁头 475
1236,22:11:57,hit_1236_20260731_221157.csv,512,DEFECT,HIGH,77,0,0,470,0,3969620,3302662,-3969620,266285.4,,200,270,坏棒 总长1000m 铁头 475
1237,22:11:57,hit_1237_20260731_221157.csv,512,DEFECT,HIGH,82,0,0,367,0,4193759,4129477,-4193759,-162075.0,,200,167,坏棒 总长1000m 铁头 475
1238,22:11:57,hit_1238_20260731_221157.csv,512,DEFECT,HIGH,82,0,0,411,0,4402255,2992299,-4402255,59653.2,,200,211,坏棒 总长1000m 铁头 475
1239,22:11:58,hit_1239_20260731_221158.csv,512,DEFECT,HIGH,80,0,0,425,0,3729328,3144095,-3729328,-3827.8,,200,225,坏棒 总长1000m 铁头 475
1240,22:11:58,hit_1240_20260731_221158.csv,512,DEFECT,HIGH,78,0,0,470,0,4027907,2728102,-4027907,154737.9,,200,270,坏棒 总长1000m 铁头 475
1241,22:11:58,hit_1241_20260731_221158.csv,512,DEFECT,HIGH,81,0,0,396,0,4179726,2903006,-4179726,-197087.3,,200,196,坏棒 总长1000m 铁头 475
1242,22:11:59,hit_1242_20260731_221159.csv,512,DEFECT,HIGH,80,0,0,381,0,3957839,2659967,-3957839,-360172.9,,200,181,坏棒 总长1000m 铁头 475
1243,22:11:59,hit_1243_20260731_221159.csv,512,DEFECT,HIGH,90,0,0,337,0,4827845,3395113,-4827845,-233280.5,,200,137,坏棒 总长1000m 铁头 475
1244,22:11:59,hit_1244_20260731_221159.csv,512,DEFECT,HIGH,82,0,0,352,0,4504581,3526231,-4504581,-227323.3,,200,152,坏棒 总长1000m 铁头 475
1245,22:12:00,hit_1245_20260731_221200.csv,512,DEFECT,HIGH,79,0,0,396,0,5269365,2827702,-5269365,-99504.6,,200,196,坏棒 总长1000m 铁头 475
1246,22:12:00,hit_1246_20260731_221200.csv,512,DEFECT,HIGH,82,0,0,425,0,4853188,2877910,-4853188,-69938.0,,200,225,坏棒 总长1000m 铁头 475
1247,22:12:00,hit_1247_20260731_221200.csv,512,DEFECT,HIGH,81,0,0,425,0,4226980,2740339,-4226980,-74978.1,,200,225,坏棒 总长1000m 铁头 475
1248,22:12:00,hit_1248_20260731_221200.csv,512,DEFECT,HIGH,82,0,0,425,0,4725441,2798814,-4725441,-74804.0,,200,225,坏棒 总长1000m 铁头 475
1249,22:12:01,hit_1249_20260731_221201.csv,512,DEFECT,HIGH,78,0,0,484,0,4089947,2787509,-4089947,319704.8,,200,284,坏棒 总长1000m 铁头 475
1250,22:12:01,hit_1250_20260731_221201.csv,512,DEFECT,HIGH,79,0,0,396,0,4579057,3044879,-4579057,32383.7,,200,196,坏棒 总长1000m 铁头 475
1251,22:12:01,hit_1251_20260731_221201.csv,512,DEFECT,HIGH,77,0,0,205,0,5781138,5781138,-3317083,1164334.2,,200,5,坏棒 总长1000m 铁头 475
1252,22:12:02,hit_1252_20260731_221202.csv,512,DEFECT,HIGH,77,0,0,293,0,3759362,3230941,-3759362,511708.9,,200,93,坏棒 总长1000m 铁头 475
1253,22:12:02,hit_1253_20260731_221202.csv,512,DEFECT,HIGH,76,0,0,249,0,5707491,5707491,-2982044,1411760.3,,200,49,坏棒 总长1000m 铁头 475
1254,22:12:02,hit_1254_20260731_221202.csv,512,DEFECT,HIGH,78,0,0,279,0,4549918,4549918,-3281754,827805.3,,200,79,坏棒 总长1000m 铁头 475
1255,22:12:03,hit_1255_20260731_221203.csv,512,DEFECT,HIGH,77,0,0,337,0,4043989,3879086,-4043989,362294.9,,200,137,坏棒 总长1000m 铁头 475
1256,22:12:03,hit_1256_20260731_221203.csv,512,DEFECT,HIGH,77,0,0,499,0,4075256,2904533,-4075256,298385.5,,200,299,坏棒 总长1000m 铁头 475
1257,22:12:03,hit_1257_20260731_221203.csv,512,DEFECT,HIGH,77,0,0,308,0,3788904,3787710,-3788904,543175.7,,200,108,坏棒 总长1000m 铁头 475
1258,22:12:04,hit_1258_20260731_221204.csv,512,DEFECT,HIGH,78,0,0,470,0,4448398,2825322,-4448398,178435.1,,200,270,坏棒 总长1000m 铁头 475
1259,22:12:04,hit_1259_20260731_221204.csv,512,DEFECT,HIGH,80,0,0,411,0,4152017,2763823,-4152017,-135983.6,,200,211,坏棒 总长1000m 铁头 475
1260,22:12:04,hit_1260_20260731_221204.csv,512,DEFECT,HIGH,81,0,0,440,0,3807579,2770019,-3807579,-115744.8,,200,240,坏棒 总长1000m 铁头 475
1261,22:12:09,hit_1261_20260731_221209.csv,512,DEFECT,HIGH,76,0,0,279,0,4464764,4464764,-3572232,530324.9,,200,79,坏棒 总长1000m 铁头 475
1262,22:12:09,hit_1262_20260731_221209.csv,512,DEFECT,HIGH,77,0,0,293,0,4089382,4089382,-3237023,575266.5,,200,93,坏棒 总长1000m 铁头 475
1263,22:12:09,hit_1263_20260731_221209.csv,512,DEFECT,HIGH,77,0,0,323,0,3474646,3474646,-3404287,394934.0,,200,123,坏棒 总长1000m 铁头 475
1264,22:12:10,hit_1264_20260731_221210.csv,512,DEFECT,HIGH,78,0,0,470,0,3520481,3326125,-3520481,293207.6,,200,270,坏棒 总长1000m 铁头 475
1265,22:12:10,hit_1265_20260731_221210.csv,512,DEFECT,HIGH,78,0,0,279,0,4600450,4600450,-3175566,782510.1,,200,79,坏棒 总长1000m 铁头 475
1266,22:12:10,hit_1266_20260731_221210.csv,512,DEFECT,HIGH,79,0,0,337,0,3653486,3653486,-3545446,625725.3,,200,137,坏棒 总长1000m 铁头 475
1267,22:12:10,hit_1267_20260731_221210.csv,512,DEFECT,HIGH,78,0,0,279,0,3750219,3314486,-3750219,419477.2,,200,79,坏棒 总长1000m 铁头 475
1268,22:12:11,hit_1268_20260731_221211.csv,512,DEFECT,HIGH,79,0,0,323,0,3580228,3159440,-3580228,378227.7,,200,123,坏棒 总长1000m 铁头 475
1269,22:12:11,hit_1269_20260731_221211.csv,512,DEFECT,HIGH,80,0,0,308,0,3526352,3364430,-3526352,474503.9,,200,108,坏棒 总长1000m 铁头 475
1270,22:12:11,hit_1270_20260731_221211.csv,512,DEFECT,HIGH,77,0,0,220,0,7339975,7339975,-3502845,1349686.1,,200,20,坏棒 总长1000m 铁头 475
1271,22:12:12,hit_1271_20260731_221212.csv,512,DEFECT,HIGH,75,0,0,455,0,3793104,3271249,-3793104,360671.9,,200,255,坏棒 总长1000m 铁头 475
1272,22:12:12,hit_1272_20260731_221212.csv,512,DEFECT,HIGH,76,0,0,440,0,4043591,4043591,-3329723,583825.8,,200,240,坏棒 总长1000m 铁头 475
1273,22:12:12,hit_1273_20260731_221212.csv,512,DEFECT,HIGH,75,0,0,411,0,3788563,2910452,-3788563,276064.5,,200,211,坏棒 总长1000m 铁头 475
1274,22:12:13,hit_1274_20260731_221213.csv,512,DEFECT,HIGH,81,0,0,411,0,4042077,2833732,-4042077,-98143.8,,200,211,坏棒 总长1000m 铁头 475
1275,22:12:13,hit_1275_20260731_221213.csv,512,DEFECT,HIGH,77,0,0,235,0,4959998,4959998,-3306095,916429.9,,200,35,坏棒 总长1000m 铁头 475
1276,22:12:13,hit_1276_20260731_221213.csv,512,DEFECT,HIGH,78,0,0,249,0,4344139,4344139,-3464758,566046.2,,200,49,坏棒 总长1000m 铁头 475
1277,22:12:13,hit_1277_20260731_221213.csv,512,DEFECT,HIGH,75,0,0,235,0,4407767,4407767,-3896664,514935.8,,200,35,坏棒 总长1000m 铁头 475
1278,22:12:14,hit_1278_20260731_221214.csv,512,DEFECT,HIGH,79,0,0,455,0,3498896,3244521,-3498896,380029.6,,200,255,坏棒 总长1000m 铁头 475
1279,22:12:14,hit_1279_20260731_221214.csv,512,DEFECT,HIGH,76,0,0,235,0,4737130,4737130,-3862434,649174.2,,200,35,坏棒 总长1000m 铁头 475
1280,22:12:14,hit_1280_20260731_221214.csv,512,DEFECT,HIGH,81,0,0,337,0,3847978,2836811,-3847978,65223.6,,200,137,坏棒 总长1000m 铁头 475
1281,22:12:15,hit_1281_20260731_221215.csv,512,DEFECT,HIGH,81,0,0,381,0,4037766,2841320,-4037766,50529.7,,200,181,坏棒 总长1000m 铁头 475
1282,22:12:15,hit_1282_20260731_221215.csv,512,DEFECT,HIGH,78,0,0,293,0,4087959,4087959,-3241586,818692.6,,200,93,坏棒 总长1000m 铁头 475
1283,22:12:15,hit_1283_20260731_221215.csv,512,DEFECT,HIGH,79,0,0,293,0,4093568,4093568,-3334019,834254.0,,200,93,坏棒 总长1000m 铁头 475
1284,22:12:16,hit_1284_20260731_221216.csv,512,DEFECT,HIGH,83,0,0,411,0,4133130,3466999,-4133130,290579.9,,200,211,坏棒 总长1000m 铁头 475
1285,22:12:16,hit_1285_20260731_221216.csv,512,NORMAL,LOW,94,0,0,0,0,2237235,2178519,-2237235,-135430.8,,200,,坏棒 总长1000m 铁头 475
1286,22:12:16,hit_1286_20260731_221216.csv,512,DEFECT,HIGH,78,0,0,279,0,4743338,4743338,-3347983,948235.1,,200,79,坏棒 总长1000m 铁头 475
1287,22:12:17,hit_1287_20260731_221217.csv,512,DEFECT,HIGH,87,0,0,440,0,4895307,3950053,-4895307,207991.8,,200,240,坏棒 总长1000m 铁头 475
1288,22:12:17,hit_1288_20260731_221217.csv,512,DEFECT,LOW,94,0,0,440,0,5820043,3812890,-5820043,15694.2,,200,240,坏棒 总长1000m 铁头 475
1289,22:12:17,hit_1289_20260731_221217.csv,512,DEFECT,HIGH,80,0,0,323,0,4936645,4936645,-3560960,1109562.6,,200,123,坏棒 总长1000m 铁头 475
1290,22:12:18,hit_1290_20260731_221218.csv,512,DEFECT,HIGH,80,0,0,323,0,4586203,4586203,-3703620,910102.2,,200,123,坏棒 总长1000m 铁头 475
1291,22:12:18,hit_1291_20260731_221218.csv,512,DEFECT,HIGH,77,0,0,279,0,4865368,4865368,-3228358,999219.3,,200,79,坏棒 总长1000m 铁头 475
1292,22:12:18,hit_1292_20260731_221218.csv,512,DEFECT,HIGH,83,0,0,308,0,4268752,4068809,-4268752,476575.8,,200,108,坏棒 总长1000m 铁头 475
1293,22:12:27,hit_1293_20260731_221227.csv,512,DEFECT,HIGH,80,0,0,367,0,3670016,3327141,-3670016,420639.3,,200,167,坏棒 总长1000m 铁头 475
1294,22:12:27,hit_1294_20260731_221227.csv,512,DEFECT,HIGH,79,0,0,396,0,3534212,2442024,-3534212,-28328.8,,200,196,坏棒 总长1000m 铁头 475
1295,22:12:28,hit_1295_20260731_221228.csv,512,DEFECT,HIGH,78,0,0,308,0,3393895,3297577,-3393895,381195.8,,200,108,坏棒 总长1000m 铁头 475
1296,22:12:28,hit_1296_20260731_221228.csv,512,DEFECT,HIGH,79,0,0,470,0,3435787,2903111,-3435787,231979.1,,200,270,坏棒 总长1000m 铁头 475
1297,22:12:28,hit_1297_20260731_221228.csv,512,DEFECT,HIGH,79,0,0,293,0,3952621,3952621,-3449004,701001.9,,200,93,坏棒 总长1000m 铁头 475
1298,22:12:28,hit_1298_20260731_221228.csv,512,DEFECT,HIGH,78,0,0,279,0,4206847,4206847,-3599857,385518.8,,200,79,坏棒 总长1000m 铁头 475
1299,22:12:29,hit_1299_20260731_221229.csv,512,DEFECT,HIGH,76,0,0,264,0,4512659,4512659,-3473586,605282.6,,200,64,坏棒 总长1000m 铁头 475
1300,22:12:29,hit_1300_20260731_221229.csv,512,DEFECT,HIGH,99,0,0,367,0,4621029,4621029,-2731632,1110043.4,,200,167,坏棒 总长1000m 铁头 475
1301,22:12:29,hit_1301_20260731_221229.csv,512,DEFECT,HIGH,76,0,0,425,0,3336974,3203013,-3336974,359696.0,,200,225,坏棒 总长1000m 铁头 475
1302,22:12:30,hit_1302_20260731_221230.csv,512,DEFECT,HIGH,77,0,0,499,0,3927240,3927240,-3479028,462151.8,,200,299,坏棒 总长1000m 铁头 475
1303,22:12:30,hit_1303_20260731_221230.csv,512,DEFECT,HIGH,75,0,0,249,0,4688113,4688113,-3895011,616644.2,,200,49,坏棒 总长1000m 铁头 475
1304,22:12:30,hit_1304_20260731_221230.csv,512,DEFECT,HIGH,78,0,0,440,0,3724698,2682275,-3724698,96332.4,,200,240,坏棒 总长1000m 铁头 475
1305,22:12:31,hit_1305_20260731_221231.csv,512,DEFECT,HIGH,73,0,0,455,0,4550518,4550518,-3122373,946455.5,,200,255,坏棒 总长1000m 铁头 475
1306,22:12:31,hit_1306_20260731_221231.csv,512,DEFECT,HIGH,79,0,0,396,0,4306589,3217158,-4306589,125567.0,,200,196,坏棒 总长1000m 铁头 475
1307,22:12:31,hit_1307_20260731_221231.csv,512,DEFECT,HIGH,76,0,0,249,0,5115301,5115301,-4172433,657168.0,,200,49,坏棒 总长1000m 铁头 475
1308,22:12:32,hit_1308_20260731_221232.csv,512,DEFECT,HIGH,79,0,0,470,0,3798413,3694203,-3798413,440808.1,,200,270,坏棒 总长1000m 铁头 475
1309,22:12:32,hit_1309_20260731_221232.csv,512,DEFECT,HIGH,77,0,0,440,0,3931354,2897576,-3931354,282010.4,,200,240,坏棒 总长1000m 铁头 475
1310,22:12:32,hit_1310_20260731_221232.csv,512,DEFECT,HIGH,78,0,0,440,0,3712037,2735181,-3712037,154374.6,,200,240,坏棒 总长1000m 铁头 475
1311,22:12:33,hit_1311_20260731_221233.csv,512,DEFECT,HIGH,75,0,0,455,0,3578266,3578266,-3242457,555174.7,,200,255,坏棒 总长1000m 铁头 475
1312,22:12:33,hit_1312_20260731_221233.csv,512,DEFECT,HIGH,85,0,0,352,0,3418268,3418268,-2996397,610940.6,,200,152,坏棒 总长1000m 铁头 475
1313,22:12:33,hit_1313_20260731_221233.csv,512,DEFECT,HIGH,81,0,0,411,0,3913587,2879809,-3913587,107289.4,,200,211,坏棒 总长1000m 铁头 475
1314,22:12:33,hit_1314_20260731_221233.csv,512,DEFECT,HIGH,73,0,0,425,0,3558472,3558472,-2986354,683587.9,,200,225,坏棒 总长1000m 铁头 475
1315,22:12:34,hit_1315_20260731_221234.csv,512,DEFECT,HIGH,75,0,0,411,0,3917110,3917110,-3131372,622449.4,,200,211,坏棒 总长1000m 铁头 475
1316,22:12:34,hit_1316_20260731_221234.csv,512,DEFECT,HIGH,82,0,0,381,0,3879468,3367016,-3879468,-8492.3,,200,181,坏棒 总长1000m 铁头 475
1317,22:12:34,hit_1317_20260731_221234.csv,512,DEFECT,HIGH,77,0,0,484,0,3558630,3558630,-3233720,597472.8,,200,284,坏棒 总长1000m 铁头 475
1318,22:12:35,hit_1318_20260731_221235.csv,512,DEFECT,HIGH,76,0,0,425,0,3706928,2821998,-3706928,257269.5,,200,225,坏棒 总长1000m 铁头 475
1319,22:12:35,hit_1319_20260731_221235.csv,512,DEFECT,HIGH,78,0,0,455,0,4055625,3246899,-4055625,299671.5,,200,255,坏棒 总长1000m 铁头 475
1320,22:12:35,hit_1320_20260731_221235.csv,512,DEFECT,HIGH,76,0,0,484,0,4191985,4191985,-3927304,458478.4,,200,284,坏棒 总长1000m 铁头 475
1321,22:12:36,hit_1321_20260731_221236.csv,512,DEFECT,HIGH,78,0,0,470,0,3886285,2727719,-3886285,210298.9,,200,270,坏棒 总长1000m 铁头 475
1322,22:12:36,hit_1322_20260731_221236.csv,512,DEFECT,HIGH,77,0,0,425,0,3400743,3256550,-3400743,406504.9,,200,225,坏棒 总长1000m 铁头 475
1323,22:12:36,hit_1323_20260731_221236.csv,512,DEFECT,HIGH,78,0,0,293,0,3427333,3427333,-3316156,463255.2,,200,93,坏棒 总长1000m 铁头 475
1324,22:12:37,hit_1324_20260731_221237.csv,512,DEFECT,HIGH,79,0,0,455,0,3865887,2501233,-3865887,-17019.7,,200,255,坏棒 总长1000m 铁头 475
1325,22:12:37,hit_1325_20260731_221237.csv,512,DEFECT,HIGH,81,0,0,411,0,3821769,2941046,-3821769,-5641.8,,200,211,坏棒 总长1000m 铁头 475
1326,22:12:37,hit_1326_20260731_221237.csv,512,DEFECT,HIGH,77,0,0,323,0,4679433,4679433,-3249929,721929.0,,200,123,坏棒 总长1000m 铁头 475
1327,22:12:38,hit_1327_20260731_221238.csv,512,DEFECT,HIGH,76,0,0,205,0,4905566,4905566,-3474145,1071738.4,,200,5,坏棒 总长1000m 铁头 475
1328,22:12:38,hit_1328_20260731_221238.csv,512,DEFECT,HIGH,79,0,0,235,0,3798900,3349480,-3798900,315275.9,,200,35,坏棒 总长1000m 铁头 475
1329,22:12:38,hit_1329_20260731_221238.csv,512,DEFECT,HIGH,79,0,0,425,0,4125254,2289635,-4125254,-153896.7,,200,225,坏棒 总长1000m 铁头 475
1330,22:12:39,hit_1330_20260731_221239.csv,512,DEFECT,HIGH,78,0,0,279,0,3438822,3438822,-3319036,379889.9,,200,79,坏棒 总长1000m 铁头 475
1331,22:12:39,hit_1331_20260731_221239.csv,512,DEFECT,HIGH,76,0,0,264,0,4203348,4203348,-3220533,824390.7,,200,64,坏棒 总长1000m 铁头 475
1332,22:12:39,hit_1332_20260731_221239.csv,512,DEFECT,HIGH,76,0,0,235,0,5265995,5265995,-2852126,1380478.5,,200,35,坏棒 总长1000m 铁头 475
1333,22:12:39,hit_1333_20260731_221239.csv,512,DEFECT,HIGH,78,0,0,499,0,4185572,3780877,-4185572,367690.7,,200,299,坏棒 总长1000m 铁头 475
1334,22:12:40,hit_1334_20260731_221240.csv,512,DEFECT,HIGH,77,0,0,470,0,4003257,4003257,-3756685,473810.5,,200,270,坏棒 总长1000m 铁头 475
1335,22:12:40,hit_1335_20260731_221240.csv,512,DEFECT,HIGH,84,0,0,367,0,4422278,3509155,-4422278,18336.5,,200,167,坏棒 总长1000m 铁头 475
1336,22:12:40,hit_1336_20260731_221240.csv,512,DEFECT,HIGH,79,0,0,367,0,3845822,3045400,-3845822,33344.8,,200,167,坏棒 总长1000m 铁头 475
1337,22:12:40,hit_1337_20260731_221240.csv,512,DEFECT,HIGH,76,0,0,470,0,4302687,4302687,-3653161,522358.5,,200,270,坏棒 总长1000m 铁头 475
1338,22:12:41,hit_1338_20260731_221241.csv,512,DEFECT,HIGH,77,0,0,279,0,4693520,4693520,-3231783,670114.4,,200,79,坏棒 总长1000m 铁头 475
1339,22:12:41,hit_1339_20260731_221241.csv,512,DEFECT,HIGH,77,0,0,308,0,4011623,4011623,-3275089,584357.7,,200,108,坏棒 总长1000m 铁头 475
1340,22:12:41,hit_1340_20260731_221241.csv,512,DEFECT,HIGH,76,0,0,293,0,4689015,4689015,-3867372,671407.9,,200,93,坏棒 总长1000m 铁头 475
1341,22:12:41,hit_1341_20260731_221241.csv,512,DEFECT,HIGH,76,0,0,235,0,4118427,4118427,-3383377,729216.7,,200,35,坏棒 总长1000m 铁头 475
1342,22:12:42,hit_1342_20260731_221242.csv,512,DEFECT,HIGH,77,0,0,249,0,4367398,4367398,-3362366,659388.3,,200,49,坏棒 总长1000m 铁头 475
1343,22:12:42,hit_1343_20260731_221242.csv,512,DEFECT,HIGH,81,0,0,308,0,3757154,2794661,-3757154,98996.1,,200,108,坏棒 总长1000m 铁头 475
1344,22:12:42,hit_1344_20260731_221242.csv,512,DEFECT,HIGH,78,0,0,337,0,3446209,2934600,-3446209,246558.3,,200,137,坏棒 总长1000m 铁头 475
1345,22:12:43,hit_1345_20260731_221243.csv,512,DEFECT,HIGH,79,0,0,484,0,3864426,2872370,-3864426,118452.8,,200,284,坏棒 总长1000m 铁头 475
1346,22:12:43,hit_1346_20260731_221243.csv,512,DEFECT,HIGH,78,0,0,308,0,4469276,4469276,-3591857,372887.8,,200,108,坏棒 总长1000m 铁头 475
1347,22:12:43,hit_1347_20260731_221243.csv,512,DEFECT,HIGH,80,0,0,411,0,3775115,2529854,-3775115,-121275.9,,200,211,坏棒 总长1000m 铁头 475
1348,22:12:43,hit_1348_20260731_221243.csv,512,DEFECT,HIGH,79,0,0,425,0,3824562,2732637,-3824562,66975.7,,200,225,坏棒 总长1000m 铁头 475
1349,22:12:44,hit_1349_20260731_221244.csv,512,DEFECT,HIGH,78,0,0,455,0,3665122,2673814,-3665122,157971.5,,200,255,坏棒 总长1000m 铁头 475
1350,22:12:44,hit_1350_20260731_221244.csv,512,DEFECT,HIGH,77,0,0,308,0,3708273,3654174,-3708273,335266.7,,200,108,坏棒 总长1000m 铁头 475
1351,22:12:44,hit_1351_20260731_221244.csv,512,DEFECT,HIGH,77,0,0,293,0,3566532,3159720,-3566532,314063.7,,200,93,坏棒 总长1000m 铁头 475
1352,22:12:44,hit_1352_20260731_221244.csv,512,DEFECT,HIGH,80,0,0,440,0,3824740,2769194,-3824740,37757.6,,200,240,坏棒 总长1000m 铁头 475
1353,22:12:45,hit_1353_20260731_221245.csv,512,DEFECT,HIGH,83,0,0,381,0,4168821,3829287,-4168821,516949.9,,200,181,坏棒 总长1000m 铁头 475
1354,22:12:45,hit_1354_20260731_221245.csv,512,DEFECT,HIGH,78,0,0,411,0,3422306,2974639,-3422306,244780.3,,200,211,坏棒 总长1000m 铁头 475
1355,22:12:45,hit_1355_20260731_221245.csv,512,DEFECT,HIGH,82,0,0,411,0,3980024,2263072,-3980024,-229763.8,,200,211,坏棒 总长1000m 铁头 475
1356,22:12:45,hit_1356_20260731_221245.csv,512,DEFECT,HIGH,77,0,0,205,0,4003682,3314499,-4003682,438090.7,,200,5,坏棒 总长1000m 铁头 475
1357,22:12:46,hit_1357_20260731_221246.csv,512,DEFECT,HIGH,79,0,0,190,0,4250029,4250029,-4060807,456116.0,,200,-10,坏棒 总长1000m 铁头 475
1358,22:12:46,hit_1358_20260731_221246.csv,512,DEFECT,HIGH,78,0,0,279,0,3600664,2887171,-3600664,278718.6,,200,79,坏棒 总长1000m 铁头 475
1359,22:12:46,hit_1359_20260731_221246.csv,512,DEFECT,HIGH,77,0,0,264,0,4250693,4250693,-3837380,510393.9,,200,64,坏棒 总长1000m 铁头 475
1360,22:12:47,hit_1360_20260731_221247.csv,512,DEFECT,HIGH,79,0,0,455,0,4172103,2628603,-4172103,38092.7,,200,255,坏棒 总长1000m 铁头 475
1361,22:12:47,hit_1361_20260731_221247.csv,512,DEFECT,HIGH,77,0,0,352,0,4026440,3098568,-4026440,48213.6,,200,152,坏棒 总长1000m 铁头 475
1362,22:12:47,hit_1362_20260731_221247.csv,512,DEFECT,HIGH,76,0,0,264,0,3821844,2739867,-3821844,173341.9,,200,64,坏棒 总长1000m 铁头 475
1363,22:12:47,hit_1363_20260731_221247.csv,512,DEFECT,HIGH,74,0,0,440,0,4100272,4100272,-3522555,703287.4,,200,240,坏棒 总长1000m 铁头 475
1364,22:12:48,hit_1364_20260731_221248.csv,512,DEFECT,HIGH,78,0,0,411,0,4375108,2865905,-4375108,85951.5,,200,211,坏棒 总长1000m 铁头 475
1365,22:12:48,hit_1365_20260731_221248.csv,512,DEFECT,HIGH,76,0,0,425,0,3819013,2765028,-3819013,245209.5,,200,225,坏棒 总长1000m 铁头 475
1366,22:12:48,hit_1366_20260731_221248.csv,512,DEFECT,HIGH,79,0,0,411,0,4495776,2845392,-4495776,15170.3,,200,211,坏棒 总长1000m 铁头 475
1367,22:12:49,hit_1367_20260731_221249.csv,512,DEFECT,HIGH,89,0,0,367,0,4617921,4617921,-4193577,230722.2,,200,167,坏棒 总长1000m 铁头 475
1368,22:12:49,hit_1368_20260731_221249.csv,512,DEFECT,HIGH,91,0,0,337,0,4745692,4078454,-4745692,-65243.9,,200,137,坏棒 总长1000m 铁头 475
1369,22:12:49,hit_1369_20260731_221249.csv,512,DEFECT,HIGH,80,0,0,381,0,4878024,2793014,-4878024,-47905.5,,200,181,坏棒 总长1000m 铁头 475
1370,22:12:49,hit_1370_20260731_221249.csv,512,DEFECT,HIGH,77,0,0,411,0,4192991,2729967,-4192991,87445.1,,200,211,坏棒 总长1000m 铁头 475
1371,22:12:50,hit_1371_20260731_221250.csv,512,DEFECT,HIGH,86,0,0,323,0,3851351,3160671,-3851351,413552.1,,200,123,坏棒 总长1000m 铁头 475
1372,22:12:50,hit_1372_20260731_221250.csv,512,DEFECT,HIGH,87,0,0,337,0,3349811,2647269,-3349811,-135480.6,,200,137,坏棒 总长1000m 铁头 475
1373,22:12:50,hit_1373_20260731_221250.csv,512,DEFECT,HIGH,78,0,0,396,0,3813833,2778578,-3813833,-86853.5,,200,196,坏棒 总长1000m 铁头 475
1374,22:12:51,hit_1374_20260731_221251.csv,512,DEFECT,HIGH,75,0,0,425,0,4151039,4151039,-3894020,610590.5,,200,225,坏棒 总长1000m 铁头 475
1375,22:12:51,hit_1375_20260731_221251.csv,512,DEFECT,HIGH,87,0,0,337,0,4580325,3255243,-4580325,215301.8,,200,137,坏棒 总长1000m 铁头 475
1376,22:12:51,hit_1376_20260731_221251.csv,512,DEFECT,HIGH,79,0,0,440,0,3868681,3868681,-3168403,732933.5,,200,240,坏棒 总长1000m 铁头 475
1377,22:12:51,hit_1377_20260731_221251.csv,512,DEFECT,HIGH,88,0,0,323,0,3856439,3756046,-3856439,313738.9,,200,123,坏棒 总长1000m 铁头 475
1378,22:12:52,hit_1378_20260731_221252.csv,512,DEFECT,HIGH,84,0,0,367,0,4541936,3338660,-4541936,260002.1,,200,167,坏棒 总长1000m 铁头 475
1379,22:12:52,hit_1379_20260731_221252.csv,512,DEFECT,HIGH,76,0,0,470,0,3805984,2572094,-3805984,263758.6,,200,270,坏棒 总长1000m 铁头 475
1380,22:12:52,hit_1380_20260731_221252.csv,512,DEFECT,HIGH,79,0,0,440,0,4040949,3109223,-4040949,266537.2,,200,240,坏棒 总长1000m 铁头 475
1381,22:12:53,hit_1381_20260731_221253.csv,512,DEFECT,HIGH,80,0,0,381,0,4186934,2554188,-4186934,-258970.7,,200,181,坏棒 总长1000m 铁头 475
1382,22:12:53,hit_1382_20260731_221253.csv,512,DEFECT,HIGH,79,0,0,396,0,4095555,3015448,-4095555,-142417.0,,200,196,坏棒 总长1000m 铁头 475
1383,22:12:53,hit_1383_20260731_221253.csv,512,DEFECT,HIGH,78,0,0,367,0,4780848,2915171,-4780848,-48305.5,,200,167,坏棒 总长1000m 铁头 475
1384,22:12:53,hit_1384_20260731_221253.csv,512,DEFECT,HIGH,77,0,0,396,0,4420104,4420104,-4119498,362940.1,,200,196,坏棒 总长1000m 铁头 475
1385,22:12:54,hit_1385_20260731_221254.csv,512,DEFECT,HIGH,78,0,0,411,0,4643972,2919059,-4643972,21474.1,,200,211,坏棒 总长1000m 铁头 475
1386,22:12:54,hit_1386_20260731_221254.csv,512,DEFECT,HIGH,77,0,0,411,0,4643953,3044120,-4643953,72514.3,,200,211,坏棒 总长1000m 铁头 475
1387,22:12:54,hit_1387_20260731_221254.csv,512,DEFECT,HIGH,77,0,0,411,0,4427314,3364526,-4427314,310391.0,,200,211,坏棒 总长1000m 铁头 475
1388,22:12:54,hit_1388_20260731_221254.csv,512,DEFECT,HIGH,78,0,0,396,0,4400182,2811891,-4400182,-2397.5,,200,196,坏棒 总长1000m 铁头 475
1389,22:12:55,hit_1389_20260731_221255.csv,512,DEFECT,HIGH,81,0,0,381,0,4754391,2504983,-4754391,-374316.0,,200,181,坏棒 总长1000m 铁头 475
1390,22:12:55,hit_1390_20260731_221255.csv,512,DEFECT,HIGH,77,0,0,352,0,3705591,2936785,-3705591,314667.9,,200,152,坏棒 总长1000m 铁头 475
1391,22:12:55,hit_1391_20260731_221255.csv,512,DEFECT,HIGH,77,0,0,279,0,4425548,4425548,-3793706,464629.4,,200,79,坏棒 总长1000m 铁头 475
1392,22:12:56,hit_1392_20260731_221256.csv,512,DEFECT,HIGH,78,0,0,337,0,3415441,3290122,-3415441,349787.5,,200,137,坏棒 总长1000m 铁头 475
1393,22:12:56,hit_1393_20260731_221256.csv,512,DEFECT,HIGH,76,0,0,381,0,4052506,2586137,-4052506,-36894.6,,200,181,坏棒 总长1000m 铁头 475
1394,22:12:56,hit_1394_20260731_221256.csv,512,DEFECT,HIGH,79,0,0,425,0,3888319,3394338,-3888319,143537.5,,200,225,坏棒 总长1000m 铁头 475
1395,22:12:56,hit_1395_20260731_221256.csv,512,DEFECT,HIGH,78,0,0,411,0,4193905,2927720,-4193905,82546.4,,200,211,坏棒 总长1000m 铁头 475
1396,22:12:57,hit_1396_20260731_221257.csv,512,DEFECT,HIGH,79,0,0,381,0,4659959,3411234,-4659959,146049.4,,200,181,坏棒 总长1000m 铁头 475
1397,22:12:57,hit_1397_20260731_221257.csv,512,DEFECT,HIGH,79,0,0,396,0,4303404,2770694,-4303404,-63177.6,,200,196,坏棒 总长1000m 铁头 475
1398,22:12:57,hit_1398_20260731_221257.csv,512,DEFECT,HIGH,78,0,0,396,0,4537059,3686923,-4537059,262925.2,,200,196,坏棒 总长1000m 铁头 475
1399,22:12:57,hit_1399_20260731_221257.csv,512,DEFECT,HIGH,81,0,0,367,0,4463259,4113938,-4463259,-19827.4,,200,167,坏棒 总长1000m 铁头 475
1400,22:12:58,hit_1400_20260731_221258.csv,512,DEFECT,HIGH,89,0,0,367,0,4747307,4747307,-4025622,125688.4,,200,167,坏棒 总长1000m 铁头 475
1401,22:12:58,hit_1401_20260731_221258.csv,512,DEFECT,HIGH,80,0,0,411,0,4573317,4573317,-3871088,230935.3,,200,211,坏棒 总长1000m 铁头 475
1402,22:12:58,hit_1402_20260731_221258.csv,512,DEFECT,HIGH,79,0,0,381,0,4601161,3568155,-4601161,146055.5,,200,181,坏棒 总长1000m 铁头 475
1403,22:12:58,hit_1403_20260731_221258.csv,512,DEFECT,HIGH,79,0,0,323,0,4916013,3011956,-4916013,-102133.1,,200,123,坏棒 总长1000m 铁头 475
1404,22:12:59,hit_1404_20260731_221259.csv,512,DEFECT,HIGH,87,0,0,323,0,4653865,3232014,-4653865,114957.3,,200,123,坏棒 总长1000m 铁头 475
1405,22:12:59,hit_1405_20260731_221259.csv,512,DEFECT,HIGH,80,0,0,440,0,4545296,4545296,-3486322,750572.6,,200,240,坏棒 总长1000m 铁头 475
1406,22:12:59,hit_1406_20260731_221259.csv,512,DEFECT,HIGH,84,0,0,866,0,3786470,3441958,-3786470,-550818.9,,200,666,坏棒 总长1000m 铁头 475
1407,22:12:59,hit_1407_20260731_221259.csv,512,DEFECT,HIGH,73,0,0,455,0,4324456,4324456,-3309921,753071.6,,200,255,坏棒 总长1000m 铁头 475
1408,22:13:00,hit_1408_20260731_221300.csv,512,DEFECT,HIGH,74,0,0,279,0,4436499,4436499,-3649299,685429.8,,200,79,坏棒 总长1000m 铁头 475
1409,22:13:00,hit_1409_20260731_221300.csv,512,DEFECT,HIGH,80,0,0,425,0,2780246,1934972,-2780246,-306315.6,,200,225,坏棒 总长1000m 铁头 475
1410,22:13:00,hit_1410_20260731_221300.csv,512,DEFECT,HIGH,80,0,0,425,0,3997534,2749410,-3997534,-42637.6,,200,225,坏棒 总长1000m 铁头 475
1411,22:13:01,hit_1411_20260731_221301.csv,512,DEFECT,HIGH,83,0,0,367,0,4120404,2945844,-4120404,-144340.8,,200,167,坏棒 总长1000m 铁头 475
1412,22:13:01,hit_1412_20260731_221301.csv,512,DEFECT,HIGH,82,0,0,381,0,4354327,3746684,-4354327,-209010.8,,200,181,坏棒 总长1000m 铁头 475
1413,22:13:02,hit_1413_20260731_221302.csv,512,DEFECT,HIGH,78,0,0,279,0,4844586,4844586,-3304748,834615.6,,200,79,坏棒 总长1000m 铁头 475
1414,22:13:02,hit_1414_20260731_221302.csv,512,DEFECT,HIGH,78,0,0,470,0,3670742,3014120,-3670742,226492.1,,200,270,坏棒 总长1000m 铁头 475
1415,22:13:02,hit_1415_20260731_221302.csv,512,DEFECT,HIGH,79,0,0,470,0,4939803,4939803,-3684257,639860.3,,200,270,坏棒 总长1000m 铁头 475
1416,22:13:07,hit_1416_20260731_221307.csv,512,DEFECT,HIGH,81,0,0,411,0,3852243,3159756,-3852243,-11977.6,,200,211,坏棒 总长1000m 铁头 475
1417,22:13:07,hit_1417_20260731_221307.csv,512,DEFECT,HIGH,78,0,0,337,0,3439199,2840540,-3439199,207444.6,,200,137,坏棒 总长1000m 铁头 475
1418,22:13:07,hit_1418_20260731_221307.csv,512,DEFECT,HIGH,78,0,0,279,0,3446188,2888831,-3446188,252439.9,,200,79,坏棒 总长1000m 铁头 475
1419,22:13:07,hit_1419_20260731_221307.csv,512,DEFECT,HIGH,78,0,0,470,0,3449257,2886290,-3449257,203210.8,,200,270,坏棒 总长1000m 铁头 475
1420,22:13:08,hit_1420_20260731_221308.csv,512,DEFECT,HIGH,78,0,0,514,0,4674613,4674613,-3452141,734192.5,,200,314,坏棒 总长1000m 铁头 475
1421,22:13:08,hit_1421_20260731_221308.csv,512,DEFECT,HIGH,80,0,0,337,0,3991072,2709509,-3991072,5547.7,,200,137,坏棒 总长1000m 铁头 475
1422,22:13:08,hit_1422_20260731_221308.csv,512,DEFECT,HIGH,78,0,0,470,0,4103381,4103381,-3853243,436348.5,,200,270,坏棒 总长1000m 铁头 475
1423,22:13:09,hit_1423_20260731_221309.csv,512,DEFECT,HIGH,77,0,0,396,0,4359939,2767360,-4359939,-34546.9,,200,196,坏棒 总长1000m 铁头 475
1424,22:13:09,hit_1424_20260731_221309.csv,512,DEFECT,HIGH,76,0,0,235,0,5799703,5799703,-3648693,936199.9,,200,35,坏棒 总长1000m 铁头 475
1425,22:13:09,hit_1425_20260731_221309.csv,512,DEFECT,HIGH,78,0,0,470,0,3984151,2748462,-3984151,259145.0,,200,270,坏棒 总长1000m 铁头 475
1426,22:13:10,hit_1426_20260731_221310.csv,512,DEFECT,HIGH,74,0,0,425,0,4091498,2856165,-4091498,274098.6,,200,225,坏棒 总长1000m 铁头 475
1427,22:13:10,hit_1427_20260731_221310.csv,512,DEFECT,HIGH,87,0,0,925,0,2804702,2804702,-2583535,-273129.6,,200,725,坏棒 总长1000m 铁头 475
1428,22:13:10,hit_1428_20260731_221310.csv,512,DEFECT,HIGH,79,0,0,440,0,3921960,2640547,-3921960,6255.7,,200,240,坏棒 总长1000m 铁头 475
1429,22:13:11,hit_1429_20260731_221311.csv,512,DEFECT,HIGH,78,0,0,455,0,4030565,2822340,-4030565,97170.4,,200,255,坏棒 总长1000m 铁头 475
1430,22:13:11,hit_1430_20260731_221311.csv,512,DEFECT,HIGH,79,0,0,425,0,3888283,2806947,-3888283,90335.4,,200,225,坏棒 总长1000m 铁头 475
1431,22:13:11,hit_1431_20260731_221311.csv,512,DEFECT,HIGH,79,0,0,381,0,4372861,2513476,-4372861,-157363.5,,200,181,坏棒 总长1000m 铁头 475
1432,22:13:11,hit_1432_20260731_221311.csv,512,DEFECT,HIGH,81,0,0,440,0,4087965,2905975,-4087965,92832.9,,200,240,坏棒 总长1000m 铁头 475
1433,22:13:12,hit_1433_20260731_221312.csv,512,DEFECT,HIGH,82,0,0,381,0,4382120,2962231,-4382120,-165885.5,,200,181,坏棒 总长1000m 铁头 475
1434,22:13:12,hit_1434_20260731_221312.csv,512,DEFECT,HIGH,79,0,0,337,0,4126666,4126666,-3344062,782083.0,,200,137,坏棒 总长1000m 铁头 475
1435,22:13:12,hit_1435_20260731_221312.csv,512,DEFECT,HIGH,79,0,0,470,0,4003612,2694977,-4003612,66231.3,,200,270,坏棒 总长1000m 铁头 475
1436,22:13:13,hit_1436_20260731_221313.csv,512,DEFECT,HIGH,79,0,0,470,0,4193932,3641723,-4193932,311032.5,,200,270,坏棒 总长1000m 铁头 475
1437,22:13:13,hit_1437_20260731_221313.csv,512,DEFECT,HIGH,77,0,0,308,0,3904090,2969434,-3904090,394059.1,,200,108,坏棒 总长1000m 铁头 475
1438,22:13:13,hit_1438_20260731_221313.csv,512,DEFECT,HIGH,78,0,0,381,0,3390054,3117028,-3390054,520806.0,,200,181,坏棒 总长1000m 铁头 475
1439,22:13:14,hit_1439_20260731_221314.csv,512,DEFECT,HIGH,80,0,0,293,0,3832390,3832390,-3686599,556582.7,,200,93,坏棒 总长1000m 铁头 475
1440,22:13:14,hit_1440_20260731_221314.csv,512,DEFECT,HIGH,80,0,0,279,0,4407520,4407520,-3680565,796450.7,,200,79,坏棒 总长1000m 铁头 475
1441,22:13:14,hit_1441_20260731_221314.csv,512,DEFECT,HIGH,78,0,0,470,0,4002466,2624531,-4002466,148936.6,,200,270,坏棒 总长1000m 铁头 475
1442,22:13:15,hit_1442_20260731_221315.csv,512,DEFECT,HIGH,84,0,0,352,0,4447365,3504252,-4447365,173776.9,,200,152,坏棒 总长1000m 铁头 475
1443,22:13:15,hit_1443_20260731_221315.csv,512,DEFECT,HIGH,79,0,0,293,0,4089826,4089826,-3479108,699434.0,,200,93,坏棒 总长1000m 铁头 475
1444,22:13:15,hit_1444_20260731_221315.csv,512,DEFECT,HIGH,75,0,0,425,0,4557120,3030226,-4557120,254962.7,,200,225,坏棒 总长1000m 铁头 475
1445,22:13:16,hit_1445_20260731_221316.csv,512,DEFECT,HIGH,80,0,0,367,0,4246786,3266314,-4246786,-254722.5,,200,167,坏棒 总长1000m 铁头 475
1446,22:13:16,hit_1446_20260731_221316.csv,512,DEFECT,HIGH,80,0,0,411,0,4837073,2981364,-4837073,-169056.1,,200,211,坏棒 总长1000m 铁头 475
1447,22:13:16,hit_1447_20260731_221316.csv,512,DEFECT,HIGH,77,0,0,381,0,4210310,3239533,-4210310,-212080.7,,200,181,坏棒 总长1000m 铁头 475
1448,22:13:17,hit_1448_20260731_221317.csv,512,DEFECT,HIGH,83,0,0,514,0,2389425,2282886,-2389425,-203512.2,,200,314,坏棒 总长1000m 铁头 475
1449,22:13:17,hit_1449_20260731_221317.csv,512,DEFECT,HIGH,79,0,0,470,0,4595285,2768107,-4595285,77982.6,,200,270,坏棒 总长1000m 铁头 475
1450,22:13:20,hit_1450_20260731_221320.csv,512,DEFECT,HIGH,75,0,0,440,0,3248026,3223821,-3248026,295159.2,,200,240,坏棒 总长1000m 铁头 475
1451,22:13:20,hit_1451_20260731_221320.csv,512,DEFECT,HIGH,77,0,0,499,0,3435287,2786411,-3435287,189316.4,,200,299,坏棒 总长1000m 铁头 475
1452,22:13:21,hit_1452_20260731_221321.csv,512,DEFECT,HIGH,77,0,0,279,0,3581257,3581257,-3237774,599980.7,,200,79,坏棒 总长1000m 铁头 475
1453,22:13:21,hit_1453_20260731_221321.csv,512,DEFECT,HIGH,80,0,0,352,0,3812530,2987062,-3812530,159284.6,,200,152,坏棒 总长1000m 铁头 475
1454,22:13:21,hit_1454_20260731_221321.csv,512,DEFECT,HIGH,78,0,0,308,0,4222019,4222019,-3389149,768180.0,,200,108,坏棒 总长1000m 铁头 475
1455,22:13:24,hit_1455_20260731_221324.csv,512,DEFECT,HIGH,77,0,0,499,0,4051373,3156834,-4051373,404881.7,,200,299,坏棒 总长1000m 铁头 475
1456,22:13:25,hit_1456_20260731_221325.csv,512,DEFECT,HIGH,76,0,0,440,0,3479111,2498815,-3479111,44351.8,,200,240,坏棒 总长1000m 铁头 475
1457,22:13:25,hit_1457_20260731_221325.csv,512,DEFECT,HIGH,77,0,0,279,0,4918294,4918294,-3148312,1138466.3,,200,79,坏棒 总长1000m 铁头 475
1458,22:13:25,hit_1458_20260731_221325.csv,512,DEFECT,HIGH,78,0,0,470,0,3653830,2864514,-3653830,183397.0,,200,270,坏棒 总长1000m 铁头 475
1459,22:13:26,hit_1459_20260731_221326.csv,512,DEFECT,HIGH,76,0,0,293,0,4134767,4134767,-3001707,818905.7,,200,93,坏棒 总长1000m 铁头 475
1460,22:13:26,hit_1460_20260731_221326.csv,512,DEFECT,HIGH,77,0,0,279,0,6238315,6238315,-3202631,1505672.0,,200,79,坏棒 总长1000m 铁头 475
1461,22:13:26,hit_1461_20260731_221326.csv,512,DEFECT,HIGH,78,0,0,293,0,4261320,4261320,-3254229,860661.1,,200,93,坏棒 总长1000m 铁头 475
1462,22:13:27,hit_1462_20260731_221327.csv,512,DEFECT,HIGH,82,0,0,425,0,3957865,2896472,-3957865,65866.0,,200,225,坏棒 总长1000m 铁头 475
1463,22:13:27,hit_1463_20260731_221327.csv,512,DEFECT,HIGH,77,0,0,249,0,4606669,4606669,-3243866,574365.9,,200,49,坏棒 总长1000m 铁头 475
1464,22:13:27,hit_1464_20260731_221327.csv,512,DEFECT,HIGH,78,0,0,293,0,4739258,4739258,-3404143,634093.5,,200,93,坏棒 总长1000m 铁头 475
1465,22:13:28,hit_1465_20260731_221328.csv,512,DEFECT,HIGH,81,0,0,425,0,3936769,3108645,-3936769,178270.4,,200,225,坏棒 总长1000m 铁头 475
1466,22:13:28,hit_1466_20260731_221328.csv,512,DEFECT,HIGH,86,0,0,367,0,3467692,3467692,-3200899,165661.0,,200,167,坏棒 总长1000m 铁头 475
1467,22:13:28,hit_1467_20260731_221328.csv,512,DEFECT,HIGH,92,0,0,323,0,3506648,3068256,-3506648,-334586.9,,200,123,坏棒 总长1000m 铁头 475
1468,22:13:29,hit_1468_20260731_221329.csv,512,DEFECT,HIGH,82,0,0,396,0,4056818,3596404,-4056818,-164893.0,,200,196,坏棒 总长1000m 铁头 475
1469,22:13:29,hit_1469_20260731_221329.csv,512,DEFECT,HIGH,79,0,0,425,0,3611582,2785147,-3611582,119138.7,,200,225,坏棒 总长1000m 铁头 475
1470,22:13:29,hit_1470_20260731_221329.csv,512,DEFECT,HIGH,77,0,0,293,0,4336661,4336661,-3215297,550238.2,,200,93,坏棒 总长1000m 铁头 475
1471,22:13:29,hit_1471_20260731_221329.csv,512,DEFECT,HIGH,79,0,0,352,0,4166775,2864807,-4166775,-47736.2,,200,152,坏棒 总长1000m 铁头 475
1472,22:13:30,hit_1472_20260731_221330.csv,512,DEFECT,HIGH,82,0,0,440,0,4019225,2735093,-4019225,-19349.8,,200,240,坏棒 总长1000m 铁头 475
1473,22:13:30,hit_1473_20260731_221330.csv,512,DEFECT,HIGH,79,0,0,455,0,3454928,2888140,-3454928,166688.7,,200,255,坏棒 总长1000m 铁头 475
1474,22:13:30,hit_1474_20260731_221330.csv,512,DEFECT,HIGH,79,0,0,425,0,3937332,2674321,-3937332,33354.2,,200,225,坏棒 总长1000m 铁头 475
1475,22:13:31,hit_1475_20260731_221331.csv,512,DEFECT,HIGH,82,0,0,381,0,4278181,2885044,-4278181,-307966.6,,200,181,坏棒 总长1000m 铁头 475
1476,22:13:31,hit_1476_20260731_221331.csv,512,DEFECT,HIGH,81,0,0,396,0,4091674,3509908,-4091674,-214795.7,,200,196,坏棒 总长1000m 铁头 475
1477,22:13:35,hit_1477_20260731_221335.csv,512,DEFECT,HIGH,85,0,0,440,0,4605233,3205080,-4605233,-197432.4,,200,240,坏棒 总长1000m 铁头 475
1478,22:13:35,hit_1478_20260731_221335.csv,512,DEFECT,HIGH,79,0,0,323,0,3393727,3193838,-3393727,355419.0,,200,123,坏棒 总长1000m 铁头 475
1479,22:13:35,hit_1479_20260731_221335.csv,512,DEFECT,HIGH,85,0,0,425,0,4491358,2805098,-4491358,-426055.9,,200,225,坏棒 总长1000m 铁头 475
1480,22:13:36,hit_1480_20260731_221336.csv,512,DEFECT,HIGH,83,0,0,396,0,4159503,2839659,-4159503,-56034.2,,200,196,坏棒 总长1000m 铁头 475
1481,22:13:36,hit_1481_20260731_221336.csv,512,DEFECT,HIGH,79,0,0,323,0,3470934,3357021,-3470934,406202.1,,200,123,坏棒 总长1000m 铁头 475
1482,22:13:36,hit_1482_20260731_221336.csv,512,DEFECT,HIGH,83,0,0,381,0,4205037,2477506,-4205037,-243543.4,,200,181,坏棒 总长1000m 铁头 475
1483,22:13:36,hit_1483_20260731_221336.csv,512,DEFECT,HIGH,80,0,0,440,0,3648355,3051984,-3648355,264531.3,,200,240,坏棒 总长1000m 铁头 475
1484,22:13:37,hit_1484_20260731_221337.csv,512,DEFECT,HIGH,80,0,0,323,0,3610734,2784284,-3610734,87683.6,,200,123,坏棒 总长1000m 铁头 475
1485,22:13:37,hit_1485_20260731_221337.csv,512,DEFECT,HIGH,78,0,0,308,0,4030441,4030441,-3302240,779568.5,,200,108,坏棒 总长1000m 铁头 475
1486,22:13:37,hit_1486_20260731_221337.csv,512,DEFECT,HIGH,82,0,0,396,0,4191395,2602149,-4191395,-153842.4,,200,196,坏棒 总长1000m 铁头 475
1487,22:13:38,hit_1487_20260731_221338.csv,512,DEFECT,HIGH,81,0,0,440,0,3815650,3182699,-3815650,313722.1,,200,240,坏棒 总长1000m 铁头 475
1488,22:13:38,hit_1488_20260731_221338.csv,512,DEFECT,HIGH,79,0,0,337,0,3591446,3303903,-3591446,384005.4,,200,137,坏棒 总长1000m 铁头 475
1489,22:13:38,hit_1489_20260731_221338.csv,512,DEFECT,HIGH,83,0,0,396,0,4161398,3255830,-4161398,215346.5,,200,196,坏棒 总长1000m 铁头 475
1490,22:13:39,hit_1490_20260731_221339.csv,512,DEFECT,HIGH,80,0,0,470,0,3555170,3381643,-3555170,472498.3,,200,270,坏棒 总长1000m 铁头 475
1491,22:13:39,hit_1491_20260731_221339.csv,512,DEFECT,HIGH,81,0,0,352,0,3729443,3303216,-3729443,317095.8,,200,152,坏棒 总长1000m 铁头 475
1492,22:13:39,hit_1492_20260731_221339.csv,512,DEFECT,HIGH,80,0,0,352,0,3586020,3468758,-3586020,478529.0,,200,152,坏棒 总长1000m 铁头 475
1493,22:13:39,hit_1493_20260731_221339.csv,512,DEFECT,HIGH,79,0,0,352,0,3628207,3066625,-3628207,252161.6,,200,152,坏棒 总长1000m 铁头 475
1494,22:13:40,hit_1494_20260731_221340.csv,512,DEFECT,HIGH,81,0,0,352,0,3949084,3361158,-3949084,303515.6,,200,152,坏棒 总长1000m 铁头 475
1495,22:13:40,hit_1495_20260731_221340.csv,512,DEFECT,HIGH,80,0,0,337,0,3728206,3711229,-3728206,553671.0,,200,137,坏棒 总长1000m 铁头 475
1496,22:13:40,hit_1496_20260731_221340.csv,512,DEFECT,HIGH,79,0,0,323,0,3483626,3480616,-3483626,512249.6,,200,123,坏棒 总长1000m 铁头 475
1497,22:13:41,hit_1497_20260731_221341.csv,512,DEFECT,HIGH,77,0,0,293,0,4051294,4051294,-3115973,909280.5,,200,93,坏棒 总长1000m 铁头 475
1498,22:13:41,hit_1498_20260731_221341.csv,512,DEFECT,HIGH,78,0,0,308,0,3705201,3705201,-3283859,639642.5,,200,108,坏棒 总长1000m 铁头 475
1499,22:13:41,hit_1499_20260731_221341.csv,512,DEFECT,HIGH,80,0,0,323,0,3701278,2815987,-3701278,135236.1,,200,123,坏棒 总长1000m 铁头 475
1500,22:13:42,hit_1500_20260731_221342.csv,512,DEFECT,HIGH,83,0,0,425,0,4247956,3158060,-4247956,136602.9,,200,225,坏棒 总长1000m 铁头 475
1501,22:13:42,hit_1501_20260731_221342.csv,512,DEFECT,HIGH,79,0,0,352,0,3705198,3705198,-3531260,594994.8,,200,152,坏棒 总长1000m 铁头 475
1502,22:13:42,hit_1502_20260731_221342.csv,512,DEFECT,HIGH,78,0,0,323,0,3376585,3190423,-3376585,366451.1,,200,123,坏棒 总长1000m 铁头 475
1503,22:13:42,hit_1503_20260731_221342.csv,512,DEFECT,HIGH,79,0,0,323,0,3439008,3382540,-3439008,464369.5,,200,123,坏棒 总长1000m 铁头 475
1504,22:13:43,hit_1504_20260731_221343.csv,512,DEFECT,HIGH,79,0,0,352,0,3628638,3376785,-3628638,423197.4,,200,152,坏棒 总长1000m 铁头 475
1505,22:13:43,hit_1505_20260731_221343.csv,512,DEFECT,HIGH,78,0,0,293,0,3951800,3951800,-3152632,757038.1,,200,93,坏棒 总长1000m 铁头 475
1506,22:13:43,hit_1506_20260731_221343.csv,512,DEFECT,HIGH,81,0,0,381,0,3815599,2799296,-3815599,78976.9,,200,181,坏棒 总长1000m 铁头 475
1507,22:13:44,hit_1507_20260731_221344.csv,512,DEFECT,HIGH,81,0,0,337,0,3949195,3640802,-3949195,498910.0,,200,137,坏棒 总长1000m 铁头 475
1508,22:13:44,hit_1508_20260731_221344.csv,512,DEFECT,HIGH,79,0,0,337,0,3578762,3311864,-3578762,378470.4,,200,137,坏棒 总长1000m 铁头 475
1509,22:13:44,hit_1509_20260731_221344.csv,512,DEFECT,HIGH,78,0,0,323,0,3500999,3500999,-3340414,657271.2,,200,123,坏棒 总长1000m 铁头 475
1510,22:13:45,hit_1510_20260731_221345.csv,512,DEFECT,HIGH,80,0,0,367,0,3870086,2754382,-3870086,20819.1,,200,167,坏棒 总长1000m 铁头 475
1511,22:13:45,hit_1511_20260731_221345.csv,512,DEFECT,HIGH,78,0,0,484,0,3568099,3568099,-3370607,491621.1,,200,284,坏棒 总长1000m 铁头 475
1512,22:13:45,hit_1512_20260731_221345.csv,512,DEFECT,HIGH,80,0,0,425,0,3712149,3481457,-3712149,289442.1,,200,225,坏棒 总长1000m 铁头 475
1513,22:13:45,hit_1513_20260731_221345.csv,512,DEFECT,HIGH,77,0,0,235,0,4525920,4525920,-3503970,595188.6,,200,35,坏棒 总长1000m 铁头 475
1514,22:13:46,hit_1514_20260731_221346.csv,512,DEFECT,HIGH,79,0,0,470,0,4366307,4366307,-3480248,480392.0,,200,270,坏棒 总长1000m 铁头 475
1515,22:13:46,hit_1515_20260731_221346.csv,512,DEFECT,HIGH,78,0,0,279,0,4327088,4327088,-3148752,797952.3,,200,79,坏棒 总长1000m 铁头 475
1516,22:13:46,hit_1516_20260731_221346.csv,512,DEFECT,HIGH,80,0,0,440,0,3631572,3026103,-3631572,237146.3,,200,240,坏棒 总长1000m 铁头 475
1517,22:13:47,hit_1517_20260731_221347.csv,512,DEFECT,HIGH,76,0,0,235,0,5995399,5995399,-3043425,1316315.9,,200,35,坏棒 总长1000m 铁头 475
1518,22:13:47,hit_1518_20260731_221347.csv,512,DEFECT,HIGH,77,0,0,470,0,3239084,2906679,-3239084,331398.7,,200,270,坏棒 总长1000m 铁头 475
1519,22:13:47,hit_1519_20260731_221347.csv,512,DEFECT,HIGH,77,0,0,484,0,4741763,4741763,-4044743,503426.6,,200,284,坏棒 总长1000m 铁头 475
1520,22:13:47,hit_1520_20260731_221347.csv,512,DEFECT,HIGH,76,0,0,249,0,4628296,4628296,-3386844,687242.1,,200,49,坏棒 总长1000m 铁头 475
1521,22:13:48,hit_1521_20260731_221348.csv,512,DEFECT,HIGH,76,0,0,264,0,4767812,4767812,-3449334,667092.8,,200,64,坏棒 总长1000m 铁头 475
1522,22:13:48,hit_1522_20260731_221348.csv,512,DEFECT,HIGH,77,0,0,293,0,3561576,3561576,-3239989,530023.5,,200,93,坏棒 总长1000m 铁头 475
1523,22:13:48,hit_1523_20260731_221348.csv,512,DEFECT,HIGH,78,0,0,279,0,3921168,3921168,-3263053,645559.4,,200,79,坏棒 总长1000m 铁头 475
1524,22:13:48,hit_1524_20260731_221348.csv,512,DEFECT,HIGH,75,0,0,235,0,4738970,4738970,-2972345,1005332.0,,200,35,坏棒 总长1000m 铁头 475
1525,22:13:49,hit_1525_20260731_221349.csv,512,DEFECT,HIGH,78,0,0,352,0,3414796,2911594,-3414796,300366.7,,200,152,坏棒 总长1000m 铁头 475
1526,22:13:49,hit_1526_20260731_221349.csv,512,DEFECT,HIGH,75,0,0,235,0,4993730,4993730,-2996166,1155931.3,,200,35,坏棒 总长1000m 铁头 475
1527,22:13:49,hit_1527_20260731_221349.csv,512,DEFECT,HIGH,78,0,0,293,0,3354101,3191404,-3354101,356208.0,,200,93,坏棒 总长1000m 铁头 475
1528,22:13:50,hit_1528_20260731_221350.csv,512,DEFECT,HIGH,77,0,0,264,0,4288829,4288829,-3175907,822087.8,,200,64,坏棒 总长1000m 铁头 475
1529,22:13:50,hit_1529_20260731_221350.csv,512,DEFECT,HIGH,77,0,0,484,0,3628507,2959008,-3628507,288956.2,,200,284,坏棒 总长1000m 铁头 475
1530,22:13:50,hit_1530_20260731_221350.csv,512,DEFECT,HIGH,80,0,0,308,0,3921272,2594893,-3921272,-31919.1,,200,108,坏棒 总长1000m 铁头 475
1531,22:13:50,hit_1531_20260731_221350.csv,512,DEFECT,HIGH,78,0,0,337,0,3632046,2677804,-3632046,57696.6,,200,137,坏棒 总长1000m 铁头 475
1532,22:13:51,hit_1532_20260731_221351.csv,512,DEFECT,HIGH,79,0,0,235,0,3763158,3294302,-3763158,293646.5,,200,35,坏棒 总长1000m 铁头 475
1533,22:13:51,hit_1533_20260731_221351.csv,512,DEFECT,HIGH,77,0,0,499,0,3730711,3730711,-3458246,584517.7,,200,299,坏棒 总长1000m 铁头 475
1534,22:13:51,hit_1534_20260731_221351.csv,512,DEFECT,HIGH,78,0,0,381,0,3624543,2593444,-3624543,-188197.1,,200,181,坏棒 总长1000m 铁头 475
1535,22:13:51,hit_1535_20260731_221351.csv,512,DEFECT,HIGH,78,0,0,470,0,3348559,3348559,-3223218,474208.6,,200,270,坏棒 总长1000m 铁头 475
1536,22:13:52,hit_1536_20260731_221352.csv,512,DEFECT,HIGH,79,0,0,470,0,3623347,2672324,-3623347,79340.9,,200,270,坏棒 总长1000m 铁头 475
1537,22:13:52,hit_1537_20260731_221352.csv,512,DEFECT,HIGH,82,0,0,396,0,4007273,2539825,-4007273,-86785.3,,200,196,坏棒 总长1000m 铁头 475
1538,22:13:52,hit_1538_20260731_221352.csv,512,DEFECT,HIGH,78,0,0,425,0,3664201,3343708,-3664201,206596.9,,200,225,坏棒 总长1000m 铁头 475
1539,22:13:52,hit_1539_20260731_221352.csv,512,DEFECT,HIGH,80,0,0,425,0,3767626,2790341,-3767626,42539.3,,200,225,坏棒 总长1000m 铁头 475
1540,22:13:53,hit_1540_20260731_221353.csv,512,DEFECT,HIGH,79,0,0,440,0,3483921,3353057,-3483921,250025.5,,200,240,坏棒 总长1000m 铁头 475
1541,22:13:53,hit_1541_20260731_221353.csv,512,DEFECT,HIGH,79,0,0,396,0,3890869,2643103,-3890869,-80284.1,,200,196,坏棒 总长1000m 铁头 475
1542,22:13:53,hit_1542_20260731_221353.csv,512,DEFECT,HIGH,79,0,0,455,0,4472402,4472402,-3429156,403890.8,,200,255,坏棒 总长1000m 铁头 475
1543,22:13:53,hit_1543_20260731_221353.csv,512,DEFECT,HIGH,79,0,0,381,0,3589127,2558677,-3589127,-88922.4,,200,181,坏棒 总长1000m 铁头 475
1544,22:13:54,hit_1544_20260731_221354.csv,512,DEFECT,HIGH,77,0,0,484,0,3388218,3388218,-3353246,415096.3,,200,284,坏棒 总长1000m 铁头 475
1545,22:13:54,hit_1545_20260731_221354.csv,512,DEFECT,HIGH,78,0,0,279,0,3563142,3563142,-3139730,602119.8,,200,79,坏棒 总长1000m 铁头 475
1546,22:13:54,hit_1546_20260731_221354.csv,512,DEFECT,HIGH,78,0,0,293,0,3385194,3385194,-3255345,466555.6,,200,93,坏棒 总长1000m 铁头 475
1547,22:13:54,hit_1547_20260731_221354.csv,512,DEFECT,HIGH,78,0,0,470,0,4086024,4086024,-3376809,527024.2,,200,270,坏棒 总长1000m 铁头 475
1548,22:13:55,hit_1548_20260731_221355.csv,512,DEFECT,HIGH,80,0,0,367,0,3747313,2882196,-3747313,95216.0,,200,167,坏棒 总长1000m 铁头 475
1549,22:13:55,hit_1549_20260731_221355.csv,512,DEFECT,HIGH,78,0,0,470,0,3439792,3016017,-3439792,267636.6,,200,270,坏棒 总长1000m 铁头 475
1550,22:13:55,hit_1550_20260731_221355.csv,512,DEFECT,HIGH,76,0,0,425,0,3607179,3100380,-3607179,294646.1,,200,225,坏棒 总长1000m 铁头 475
1551,22:13:55,hit_1551_20260731_221355.csv,512,DEFECT,HIGH,79,0,0,367,0,3676980,2979748,-3676980,173335.4,,200,167,坏棒 总长1000m 铁头 475
1552,22:13:56,hit_1552_20260731_221356.csv,512,DEFECT,HIGH,77,0,0,279,0,3425342,3425342,-3354318,342911.6,,200,79,坏棒 总长1000m 铁头 475
1553,22:13:56,hit_1553_20260731_221356.csv,512,DEFECT,HIGH,77,0,0,455,0,3949445,3741048,-3949445,298770.5,,200,255,坏棒 总长1000m 铁头 475
1554,22:13:56,hit_1554_20260731_221356.csv,512,DEFECT,HIGH,78,0,0,264,0,4163273,4163273,-3564690,479453.4,,200,64,坏棒 总长1000m 铁头 475
1555,22:13:56,hit_1555_20260731_221356.csv,512,DEFECT,HIGH,77,0,0,499,0,3583383,3412044,-3583383,409252.6,,200,299,坏棒 总长1000m 铁头 475
1556,22:13:57,hit_1556_20260731_221357.csv,512,DEFECT,HIGH,77,0,0,205,0,4219008,4219008,-3842276,495419.1,,200,5,坏棒 总长1000m 铁头 475
1557,22:13:57,hit_1557_20260731_221357.csv,512,DEFECT,HIGH,78,0,0,249,0,4701922,4701922,-3923860,452512.4,,200,49,坏棒 总长1000m 铁头 475
1558,22:13:57,hit_1558_20260731_221357.csv,512,DEFECT,HIGH,77,0,0,514,0,4563294,4563294,-3744143,621403.6,,200,314,坏棒 总长1000m 铁头 475
1559,22:13:57,hit_1559_20260731_221357.csv,512,DEFECT,HIGH,78,0,0,484,0,3909248,3482775,-3909248,337580.6,,200,284,坏棒 总长1000m 铁头 475
1560,22:13:58,hit_1560_20260731_221358.csv,512,DEFECT,HIGH,77,0,0,470,0,4188170,4188170,-4084223,288253.6,,200,270,坏棒 总长1000m 铁头 475
1561,22:13:58,hit_1561_20260731_221358.csv,512,DEFECT,HIGH,75,0,0,264,0,5136066,5136066,-3983996,654933.6,,200,64,坏棒 总长1000m 铁头 475
1562,22:13:58,hit_1562_20260731_221358.csv,512,DEFECT,HIGH,77,0,0,484,0,3794989,3308066,-3794989,297399.0,,200,284,坏棒 总长1000m 铁头 475
1563,22:13:58,hit_1563_20260731_221358.csv,512,DEFECT,HIGH,80,0,0,396,0,4160994,2969336,-4160994,27349.5,,200,196,坏棒 总长1000m 铁头 475
1564,22:13:59,hit_1564_20260731_221359.csv,512,DEFECT,HIGH,77,0,0,279,0,4242842,4242842,-3375632,672436.7,,200,79,坏棒 总长1000m 铁头 475
1565,22:13:59,hit_1565_20260731_221359.csv,512,DEFECT,HIGH,76,0,0,235,0,5206313,5206313,-3654766,759450.3,,200,35,坏棒 总长1000m 铁头 475
1566,22:13:59,hit_1566_20260731_221359.csv,512,DEFECT,HIGH,79,0,0,352,0,4418727,2822489,-4418727,-131968.9,,200,152,坏棒 总长1000m 铁头 475
1567,22:13:59,hit_1567_20260731_221359.csv,512,DEFECT,HIGH,80,0,0,455,0,3790453,3721269,-3790453,428732.9,,200,255,坏棒 总长1000m 铁头 475
1568,22:13:59,hit_1568_20260731_221359.csv,512,DEFECT,HIGH,76,0,0,528,0,4195238,4195238,-3136426,951131.9,,200,328,坏棒 总长1000m 铁头 475
1569,22:14:00,hit_1569_20260731_221400.csv,512,DEFECT,HIGH,76,0,0,293,0,3646328,3475178,-3646328,448822.3,,200,93,坏棒 总长1000m 铁头 475
1570,22:14:00,hit_1570_20260731_221400.csv,512,DEFECT,HIGH,76,0,0,308,0,3364702,3364702,-3313702,597919.3,,200,108,坏棒 总长1000m 铁头 475
1571,22:14:00,hit_1571_20260731_221400.csv,512,DEFECT,HIGH,76,0,0,249,0,4228901,4228901,-4008690,511701.5,,200,49,坏棒 总长1000m 铁头 475
1572,22:14:00,hit_1572_20260731_221400.csv,512,DEFECT,HIGH,77,0,0,499,0,3453337,3314756,-3453337,581647.1,,200,299,坏棒 总长1000m 铁头 475
1573,22:14:01,hit_1573_20260731_221401.csv,512,DEFECT,HIGH,77,0,0,514,0,3454859,3454859,-3191762,700540.9,,200,314,坏棒 总长1000m 铁头 475
1574,22:14:01,hit_1574_20260731_221401.csv,512,DEFECT,HIGH,77,0,0,205,0,3719310,3504970,-3719310,421313.4,,200,5,坏棒 总长1000m 铁头 475
1575,22:14:01,hit_1575_20260731_221401.csv,512,DEFECT,HIGH,78,0,0,249,0,3550628,2771763,-3550628,171070.3,,200,49,坏棒 总长1000m 铁头 475
1576,22:14:01,hit_1576_20260731_221401.csv,512,DEFECT,HIGH,76,0,0,220,0,4791981,4791981,-3444251,603710.5,,200,20,坏棒 总长1000m 铁头 475
1577,22:14:02,hit_1577_20260731_221402.csv,512,DEFECT,HIGH,77,0,0,470,0,4072627,4072627,-3665453,278417.0,,200,270,坏棒 总长1000m 铁头 475
1578,22:14:02,hit_1578_20260731_221402.csv,512,DEFECT,HIGH,75,0,0,440,0,3585065,2978413,-3585065,201327.6,,200,240,坏棒 总长1000m 铁头 475
1579,22:14:02,hit_1579_20260731_221402.csv,512,DEFECT,HIGH,79,0,0,470,0,3554761,3033250,-3554761,168639.0,,200,270,坏棒 总长1000m 铁头 475
1580,22:14:02,hit_1580_20260731_221402.csv,512,DEFECT,HIGH,74,0,0,279,0,3431874,3431874,-3242049,383727.2,,200,79,坏棒 总长1000m 铁头 475
1581,22:14:03,hit_1581_20260731_221403.csv,512,DEFECT,HIGH,78,0,0,440,0,3387611,3387611,-2994338,514903.2,,200,240,坏棒 总长1000m 铁头 475
1582,22:14:03,hit_1582_20260731_221403.csv,512,DEFECT,HIGH,83,0,0,411,0,3569953,3569953,-2733028,758357.7,,200,211,坏棒 总长1000m 铁头 475
1583,22:14:03,hit_1583_20260731_221403.csv,512,DEFECT,HIGH,73,0,0,455,0,3166405,3166405,-3152882,422053.5,,200,255,坏棒 总长1000m 铁头 475
1584,22:14:03,hit_1584_20260731_221403.csv,512,DEFECT,HIGH,73,0,0,425,0,3899932,3899932,-3215816,495563.2,,200,225,坏棒 总长1000m 铁头 475
1585,22:14:03,hit_1585_20260731_221403.csv,512,DEFECT,HIGH,77,0,0,205,0,4967309,4967309,-3342438,757792.5,,200,5,坏棒 总长1000m 铁头 475
1586,22:14:04,hit_1586_20260731_221404.csv,512,DEFECT,HIGH,76,0,0,264,0,3524146,3524146,-3367506,467688.7,,200,64,坏棒 总长1000m 铁头 475
1587,22:14:04,hit_1587_20260731_221404.csv,512,DEFECT,HIGH,78,0,0,484,0,3897617,3897617,-3433578,420847.2,,200,284,坏棒 总长1000m 铁头 475
1588,22:14:04,hit_1588_20260731_221404.csv,512,DEFECT,HIGH,77,0,0,249,0,5088843,5088843,-3011498,1053280.2,,200,49,坏棒 总长1000m 铁头 475
1589,22:14:07,hit_1589_20260731_221407.csv,512,DEFECT,HIGH,80,0,0,337,0,3799787,3486751,-3799787,378523.6,,200,137,坏棒 总长1000m 铁头 475
1590,22:14:07,hit_1590_20260731_221407.csv,512,DEFECT,HIGH,78,0,0,484,0,3390900,3390900,-3333192,344081.1,,200,284,坏棒 总长1000m 铁头 475
1591,22:14:08,hit_1591_20260731_221408.csv,512,DEFECT,HIGH,75,0,0,308,0,4331213,4331213,-3732450,581961.0,,200,108,坏棒 总长1000m 铁头 475
1592,22:14:08,hit_1592_20260731_221408.csv,512,DEFECT,HIGH,77,0,0,249,0,5239538,5239538,-2969196,1217395.7,,200,49,坏棒 总长1000m 铁头 475
1593,22:14:08,hit_1593_20260731_221408.csv,512,DEFECT,HIGH,76,0,0,293,0,3632968,3136395,-3632968,416121.0,,200,93,坏棒 总长1000m 铁头 475
1594,22:14:08,hit_1594_20260731_221408.csv,512,DEFECT,HIGH,77,0,0,293,0,3748586,3748586,-3179613,720912.3,,200,93,坏棒 总长1000m 铁头 475
1595,22:14:09,hit_1595_20260731_221409.csv,512,DEFECT,HIGH,80,0,0,308,0,3786984,3786984,-3501265,573693.2,,200,108,坏棒 总长1000m 铁头 475
1596,22:14:09,hit_1596_20260731_221409.csv,512,DEFECT,HIGH,74,0,0,205,0,5795643,5795643,-3396063,1325156.7,,200,5,坏棒 总长1000m 铁头 475
1597,22:14:09,hit_1597_20260731_221409.csv,512,DEFECT,HIGH,78,0,0,264,0,4302782,4302782,-3448900,736147.8,,200,64,坏棒 总长1000m 铁头 475
1598,22:14:10,hit_1598_20260731_221410.csv,512,DEFECT,HIGH,77,0,0,264,0,3694525,3694525,-3326448,668716.2,,200,64,坏棒 总长1000m 铁头 475
1599,22:14:10,hit_1599_20260731_221410.csv,512,DEFECT,HIGH,76,0,0,249,0,5400129,5400129,-2887139,1464623.9,,200,49,坏棒 总长1000m 铁头 475
1600,22:14:10,hit_1600_20260731_221410.csv,512,DEFECT,HIGH,77,0,0,528,0,5428407,5428407,-3079209,1362924.0,,200,328,坏棒 总长1000m 铁头 475
1601,22:14:10,hit_1601_20260731_221410.csv,512,DEFECT,HIGH,78,0,0,470,0,4040384,2706929,-4040384,159449.6,,200,270,坏棒 总长1000m 铁头 475
1602,22:14:11,hit_1602_20260731_221411.csv,512,DEFECT,HIGH,75,0,0,205,0,5688710,5688710,-3242464,1232416.9,,200,5,坏棒 总长1000m 铁头 475
1603,22:14:11,hit_1603_20260731_221411.csv,512,DEFECT,HIGH,77,0,0,308,0,3908273,3908273,-3221456,735690.1,,200,108,坏棒 总长1000m 铁头 475
1604,22:14:11,hit_1604_20260731_221411.csv,512,DEFECT,HIGH,76,0,0,264,0,4898687,4898687,-3015807,1252969.8,,200,64,坏棒 总长1000m 铁头 475
1605,22:14:11,hit_1605_20260731_221411.csv,512,DEFECT,HIGH,76,0,0,264,0,5227453,5227453,-3024994,1247479.4,,200,64,坏棒 总长1000m 铁头 475
1606,22:14:12,hit_1606_20260731_221412.csv,512,DEFECT,HIGH,77,0,0,249,0,5306015,5306015,-3427948,950292.0,,200,49,坏棒 总长1000m 铁头 475
1607,22:14:12,hit_1607_20260731_221412.csv,512,DEFECT,HIGH,77,0,0,264,0,4864588,4864588,-3141249,1169492.9,,200,64,坏棒 总长1000m 铁头 475
1608,22:14:12,hit_1608_20260731_221412.csv,512,DEFECT,HIGH,78,0,0,308,0,3953354,3953354,-3799906,414782.4,,200,108,坏棒 总长1000m 铁头 475
1609,22:14:12,hit_1609_20260731_221412.csv,512,DEFECT,HIGH,78,0,0,323,0,3716482,2801585,-3716482,204287.0,,200,123,坏棒 总长1000m 铁头 475
1610,22:14:13,hit_1610_20260731_221413.csv,512,DEFECT,HIGH,76,0,0,249,0,3988316,3988316,-3734789,404322.1,,200,49,坏棒 总长1000m 铁头 475
1611,22:14:13,hit_1611_20260731_221413.csv,512,DEFECT,HIGH,75,0,0,190,0,5772190,5772190,-3342477,1239585.9,,200,-10,坏棒 总长1000m 铁头 475
1612,22:14:13,hit_1612_20260731_221413.csv,512,DEFECT,HIGH,76,0,0,235,0,5341531,5341531,-3016248,1407971.4,,200,35,坏棒 总长1000m 铁头 475
1613,22:14:13,hit_1613_20260731_221413.csv,512,DEFECT,HIGH,77,0,0,235,0,5097405,5097405,-3136088,1251092.3,,200,35,坏棒 总长1000m 铁头 475
1614,22:14:13,hit_1614_20260731_221413.csv,512,DEFECT,HIGH,77,0,0,293,0,3553271,3553271,-3197375,597175.3,,200,93,坏棒 总长1000m 铁头 475
1615,22:14:14,hit_1615_20260731_221414.csv,512,DEFECT,HIGH,78,0,0,264,0,3602983,2797779,-3602983,171315.9,,200,64,坏棒 总长1000m 铁头 475
1616,22:14:14,hit_1616_20260731_221414.csv,512,DEFECT,HIGH,75,0,0,190,0,6243649,6243649,-3657492,1219039.4,,200,-10,坏棒 总长1000m 铁头 475
1617,22:14:14,hit_1617_20260731_221414.csv,512,DEFECT,HIGH,77,0,0,279,0,4930925,4930925,-3725751,689931.8,,200,79,坏棒 总长1000m 铁头 475
1618,22:14:14,hit_1618_20260731_221414.csv,512,DEFECT,HIGH,75,0,0,220,0,5116731,5116731,-3004588,1305750.9,,200,20,坏棒 总长1000m 铁头 475
1619,22:14:15,hit_1619_20260731_221415.csv,512,DEFECT,HIGH,77,0,0,279,0,3940074,3940074,-3692791,350421.4,,200,79,坏棒 总长1000m 铁头 475
1620,22:14:15,hit_1620_20260731_221415.csv,512,DEFECT,HIGH,75,0,0,455,0,4460289,4460289,-3729913,520950.5,,200,255,坏棒 总长1000m 铁头 475
1621,22:14:15,hit_1621_20260731_221415.csv,512,DEFECT,HIGH,78,0,0,455,0,3623164,3460532,-3623164,257979.2,,200,255,坏棒 总长1000m 铁头 475
1622,22:14:15,hit_1622_20260731_221415.csv,512,DEFECT,HIGH,76,0,0,308,0,4242563,4242563,-3672809,604556.8,,200,108,坏棒 总长1000m 铁头 475
1623,22:14:16,hit_1623_20260731_221416.csv,512,DEFECT,HIGH,76,0,0,249,0,5154539,5154539,-3822789,707487.7,,200,49,坏棒 总长1000m 铁头 475
1624,22:14:16,hit_1624_20260731_221416.csv,512,DEFECT,HIGH,78,0,0,470,0,4047090,3734289,-4047090,256556.6,,200,270,坏棒 总长1000m 铁头 475
1625,22:14:16,hit_1625_20260731_221416.csv,512,DEFECT,HIGH,76,0,0,293,0,4160926,4160926,-3776421,636042.3,,200,93,坏棒 总长1000m 铁头 475
1626,22:14:16,hit_1626_20260731_221416.csv,512,DEFECT,HIGH,76,0,0,220,0,5608164,5608164,-3062501,1486104.1,,200,20,坏棒 总长1000m 铁头 475
1627,22:14:17,hit_1627_20260731_221417.csv,512,DEFECT,HIGH,73,0,0,190,0,6699822,6699822,-2975909,1695451.7,,200,-10,坏棒 总长1000m 铁头 475
1628,22:14:17,hit_1628_20260731_221417.csv,512,DEFECT,HIGH,79,0,0,293,0,3945448,3266990,-3945448,122604.9,,200,93,坏棒 总长1000m 铁头 475
1629,22:14:17,hit_1629_20260731_221417.csv,512,DEFECT,HIGH,75,0,0,190,0,4706608,4706608,-3882106,770274.2,,200,-10,坏棒 总长1000m 铁头 475
1630,22:14:17,hit_1630_20260731_221417.csv,512,DEFECT,HIGH,74,0,0,220,0,5143024,5143024,-3324713,960063.9,,200,20,坏棒 总长1000m 铁头 475
1631,22:14:17,hit_1631_20260731_221417.csv,512,DEFECT,HIGH,76,0,0,499,0,4267944,4267944,-3572453,593274.5,,200,299,坏棒 总长1000m 铁头 475
1632,22:14:18,hit_1632_20260731_221418.csv,512,DEFECT,HIGH,77,0,0,279,0,3844595,2780289,-3844595,300305.5,,200,79,坏棒 总长1000m 铁头 475
1633,22:14:18,hit_1633_20260731_221418.csv,512,DEFECT,HIGH,79,0,0,440,0,4176627,2768180,-4176627,126688.0,,200,240,坏棒 总长1000m 铁头 475
1634,22:14:18,hit_1634_20260731_221418.csv,512,DEFECT,HIGH,78,0,0,484,0,4147370,4147370,-3862359,541415.0,,200,284,坏棒 总长1000m 铁头 475
1635,22:14:18,hit_1635_20260731_221418.csv,512,DEFECT,HIGH,75,0,0,190,0,5470996,5470996,-3361492,1181497.4,,200,-10,坏棒 总长1000m 铁头 475
1636,22:14:19,hit_1636_20260731_221419.csv,512,DEFECT,HIGH,75,0,0,176,0,6762970,6762970,-3658146,1403871.3,,200,-24,坏棒 总长1000m 铁头 475
1637,22:14:19,hit_1637_20260731_221419.csv,512,DEFECT,HIGH,76,0,0,499,0,4384641,4384641,-3702047,496673.0,,200,299,坏棒 总长1000m 铁头 475
1638,22:14:19,hit_1638_20260731_221419.csv,512,DEFECT,HIGH,76,0,0,176,0,5905928,5905928,-3501577,1036545.6,,200,-24,坏棒 总长1000m 铁头 475
1639,22:14:19,hit_1639_20260731_221419.csv,512,DEFECT,HIGH,76,0,0,499,0,4192960,4192960,-3212848,528250.9,,200,299,坏棒 总长1000m 铁头 475
1640,22:14:19,hit_1640_20260731_221419.csv,512,DEFECT,HIGH,77,0,0,264,0,5339383,5339383,-3628244,609824.2,,200,64,坏棒 总长1000m 铁头 475
1641,22:14:20,hit_1641_20260731_221420.csv,512,DEFECT,HIGH,77,0,0,470,0,4676184,4676184,-3947959,439629.8,,200,270,坏棒 总长1000m 铁头 475
1642,22:14:20,hit_1642_20260731_221420.csv,512,DEFECT,HIGH,75,0,0,176,0,6605512,6605512,-3542971,1179618.9,,200,-24,坏棒 总长1000m 铁头 475
1643,22:14:20,hit_1643_20260731_221420.csv,512,DEFECT,HIGH,75,0,0,220,0,6386592,6386592,-3141272,1475277.2,,200,20,坏棒 总长1000m 铁头 475
1644,22:14:20,hit_1644_20260731_221420.csv,512,DEFECT,HIGH,76,0,0,235,0,6019977,6019977,-2978195,1543611.3,,200,35,坏棒 总长1000m 铁头 475
1645,22:14:21,hit_1645_20260731_221421.csv,512,DEFECT,HIGH,75,0,0,220,0,5277305,5277305,-3035098,1324021.2,,200,20,坏棒 总长1000m 铁头 475
1646,22:14:21,hit_1646_20260731_221421.csv,512,DEFECT,HIGH,77,0,0,279,0,4351092,4351092,-3769860,408998.4,,200,79,坏棒 总长1000m 铁头 475
1647,22:14:21,hit_1647_20260731_221421.csv,512,DEFECT,HIGH,77,0,0,293,0,4028533,4028533,-3962571,394743.4,,200,93,坏棒 总长1000m 铁头 475
1648,22:14:21,hit_1648_20260731_221421.csv,512,DEFECT,HIGH,76,0,0,235,0,5656154,5656154,-4017001,718718.5,,200,35,坏棒 总长1000m 铁头 475
1649,22:14:21,hit_1649_20260731_221421.csv,512,DEFECT,HIGH,80,0,0,455,0,4213104,4213104,-4154269,339681.9,,200,255,坏棒 总长1000m 铁头 475
1650,22:14:22,hit_1650_20260731_221422.csv,512,DEFECT,HIGH,77,0,0,279,0,4433184,4433184,-3555401,734230.8,,200,79,坏棒 总长1000m 铁头 475
1651,22:14:22,hit_1651_20260731_221422.csv,512,DEFECT,HIGH,75,0,0,220,0,6089372,6089372,-3103070,1425003.4,,200,20,坏棒 总长1000m 铁头 475
1652,22:14:22,hit_1652_20260731_221422.csv,512,DEFECT,HIGH,77,0,0,249,0,4729612,4729612,-3141806,1056846.9,,200,49,坏棒 总长1000m 铁头 475
1653,22:14:22,hit_1653_20260731_221422.csv,512,DEFECT,HIGH,85,0,0,323,0,4523199,3518184,-4523199,183926.7,,200,123,坏棒 总长1000m 铁头 475
1654,22:14:22,hit_1654_20260731_221422.csv,512,DEFECT,HIGH,77,0,0,264,0,5296385,5296385,-3270924,1235247.1,,200,64,坏棒 总长1000m 铁头 475
1655,22:14:23,hit_1655_20260731_221423.csv,512,DEFECT,HIGH,80,0,0,337,0,3799742,3164172,-3799742,242922.5,,200,137,坏棒 总长1000m 铁头 475
1656,22:14:23,hit_1656_20260731_221423.csv,512,DEFECT,HIGH,83,0,0,293,0,4109576,3805964,-4109576,280557.7,,200,93,坏棒 总长1000m 铁头 475
1657,22:14:23,hit_1657_20260731_221423.csv,512,DEFECT,HIGH,80,0,0,323,0,3683704,3683704,-3629756,487934.7,,200,123,坏棒 总长1000m 铁头 475
1658,22:14:23,hit_1658_20260731_221423.csv,512,DEFECT,HIGH,80,0,0,279,0,3673286,3673286,-3616713,441984.6,,200,79,坏棒 总长1000m 铁头 475
1659,22:14:23,hit_1659_20260731_221423.csv,512,DEFECT,HIGH,76,0,0,264,0,5513381,5513381,-3040705,1271257.7,,200,64,坏棒 总长1000m 铁头 475
1660,22:14:24,hit_1660_20260731_221424.csv,512,DEFECT,HIGH,79,0,0,470,0,4290387,3992726,-4290387,256302.4,,200,270,坏棒 总长1000m 铁头 475
1661,22:14:24,hit_1661_20260731_221424.csv,512,DEFECT,HIGH,77,0,0,455,0,4862598,4862598,-3631322,585224.3,,200,255,坏棒 总长1000m 铁头 475
1662,22:14:24,hit_1662_20260731_221424.csv,512,DEFECT,HIGH,75,0,0,411,0,4347823,4347823,-3557449,465860.2,,200,211,坏棒 总长1000m 铁头 475
1663,22:14:24,hit_1663_20260731_221424.csv,512,DEFECT,HIGH,75,0,0,411,0,4023675,4023675,-3503575,522460.3,,200,211,坏棒 总长1000m 铁头 475
1664,22:14:24,hit_1664_20260731_221424.csv,512,DEFECT,HIGH,73,0,0,470,0,4980531,4980531,-3575304,845298.0,,200,270,坏棒 总长1000m 铁头 475
1665,22:14:25,hit_1665_20260731_221425.csv,512,DEFECT,HIGH,79,0,0,411,0,3879686,3147709,-3879686,216433.3,,200,211,坏棒 总长1000m 铁头 475
1666,22:14:25,hit_1666_20260731_221425.csv,512,DEFECT,HIGH,76,0,0,425,0,3597850,2856877,-3597850,212673.8,,200,225,坏棒 总长1000m 铁头 475
1667,22:14:25,hit_1667_20260731_221425.csv,512,DEFECT,HIGH,75,0,0,249,0,4896650,4896650,-3651055,525636.3,,200,49,坏棒 总长1000m 铁头 475
1668,22:14:25,hit_1668_20260731_221425.csv,512,DEFECT,HIGH,76,0,0,499,0,5238804,5238804,-3847522,792722.7,,200,299,坏棒 总长1000m 铁头 475
1669,22:14:25,hit_1669_20260731_221425.csv,512,DEFECT,HIGH,76,0,0,249,0,5532605,5532605,-3668448,919546.6,,200,49,坏棒 总长1000m 铁头 475
1670,22:14:26,hit_1670_20260731_221426.csv,512,DEFECT,HIGH,76,0,0,425,0,3822788,3611525,-3822788,333704.8,,200,225,坏棒 总长1000m 铁头 475
1671,22:14:26,hit_1671_20260731_221426.csv,512,DEFECT,HIGH,76,0,0,220,0,5944248,5944248,-3987664,877421.9,,200,20,坏棒 总长1000m 铁头 475
1672,22:14:26,hit_1672_20260731_221426.csv,512,DEFECT,HIGH,79,0,0,440,0,4108663,3792650,-4108663,253362.6,,200,240,坏棒 总长1000m 铁头 475
1673,22:14:26,hit_1673_20260731_221426.csv,512,DEFECT,HIGH,77,0,0,249,0,3937475,3808391,-3937475,264680.9,,200,49,坏棒 总长1000m 铁头 475
1674,22:14:26,hit_1674_20260731_221426.csv,512,DEFECT,HIGH,80,0,0,440,0,4267528,4162133,-4267528,204671.1,,200,240,坏棒 总长1000m 铁头 475
1675,22:14:27,hit_1675_20260731_221427.csv,512,DEFECT,HIGH,75,0,0,425,0,3894138,3894138,-3268324,559204.9,,200,225,坏棒 总长1000m 铁头 475
1676,22:14:27,hit_1676_20260731_221427.csv,512,DEFECT,HIGH,75,0,0,411,0,3808987,3808987,-3586947,451846.9,,200,211,坏棒 总长1000m 铁头 475
1677,22:14:27,hit_1677_20260731_221427.csv,512,DEFECT,HIGH,75,0,0,190,0,6788151,6788151,-3910296,1252920.1,,200,-10,坏棒 总长1000m 铁头 475
1678,22:14:27,hit_1678_20260731_221427.csv,512,DEFECT,HIGH,75,0,0,205,0,7059627,7059627,-3046026,1583542.7,,200,5,坏棒 总长1000m 铁头 475
1679,22:14:27,hit_1679_20260731_221427.csv,512,DEFECT,HIGH,75,0,0,220,0,6603399,6603399,-3174002,1418176.2,,200,20,坏棒 总长1000m 铁头 475
1680,22:14:28,hit_1680_20260731_221428.csv,512,DEFECT,HIGH,75,0,0,190,0,5749001,5749001,-3453985,1274719.2,,200,-10,坏棒 总长1000m 铁头 475
1681,22:14:28,hit_1681_20260731_221428.csv,512,DEFECT,HIGH,76,0,0,279,0,5151006,5151006,-3877825,774407.4,,200,79,坏棒 总长1000m 铁头 475
1682,22:14:28,hit_1682_20260731_221428.csv,512,DEFECT,HIGH,76,0,0,235,0,5298901,5298901,-3071262,1207091.1,,200,35,坏棒 总长1000m 铁头 475
1683,22:14:28,hit_1683_20260731_221428.csv,512,DEFECT,HIGH,77,0,0,235,0,5927850,5927850,-3104390,1450925.3,,200,35,坏棒 总长1000m 铁头 475
1684,22:14:29,hit_1684_20260731_221429.csv,512,DEFECT,HIGH,75,0,0,176,0,6727440,6727440,-3753724,1252216.5,,200,-24,坏棒 总长1000m 铁头 475
1685,22:14:29,hit_1685_20260731_221429.csv,512,DEFECT,HIGH,75,0,0,249,0,6008708,6008708,-2924823,1311327.1,,200,49,坏棒 总长1000m 铁头 475
1686,22:14:29,hit_1686_20260731_221429.csv,512,DEFECT,HIGH,76,0,0,235,0,6496623,6496623,-2936942,1399315.3,,200,35,坏棒 总长1000m 铁头 475
1687,22:14:29,hit_1687_20260731_221429.csv,512,DEFECT,HIGH,75,0,0,205,0,5838022,5838022,-3573864,1018793.7,,200,5,坏棒 总长1000m 铁头 475
1688,22:14:29,hit_1688_20260731_221429.csv,512,DEFECT,HIGH,77,0,0,499,0,5068559,5068559,-3608381,737688.4,,200,299,坏棒 总长1000m 铁头 475
1689,22:14:29,hit_1689_20260731_221429.csv,512,DEFECT,HIGH,76,0,0,249,0,5145774,5145774,-3113935,978872.2,,200,49,坏棒 总长1000m 铁头 475
1690,22:14:29,hit_1690_20260731_221429.csv,512,DEFECT,HIGH,76,0,0,411,0,3415405,2751988,-3415405,173337.8,,200,211,坏棒 总长1000m 铁头 475
1691,22:14:30,hit_1691_20260731_221430.csv,512,DEFECT,HIGH,77,0,0,455,0,4410220,4410220,-3535011,472244.8,,200,255,坏棒 总长1000m 铁头 475
1692,22:14:30,hit_1692_20260731_221430.csv,512,DEFECT,HIGH,79,0,0,470,0,5283749,5283749,-3520143,826979.6,,200,270,坏棒 总长1000m 铁头 475
1693,22:14:30,hit_1693_20260731_221430.csv,512,DEFECT,HIGH,78,0,0,484,0,5496441,5496441,-3345368,904626.1,,200,284,坏棒 总长1000m 铁头 475
1694,22:14:30,hit_1694_20260731_221430.csv,512,DEFECT,HIGH,78,0,0,484,0,4415478,4415478,-3471748,664714.7,,200,284,坏棒 总长1000m 铁头 475
1695,22:14:30,hit_1695_20260731_221430.csv,512,DEFECT,HIGH,78,0,0,279,0,4576337,4576337,-3588299,539033.0,,200,79,坏棒 总长1000m 铁头 475
1696,22:14:31,hit_1696_20260731_221431.csv,512,DEFECT,HIGH,78,0,0,484,0,5459133,5459133,-3284936,892110.6,,200,284,坏棒 总长1000m 铁头 475
1697,22:14:31,hit_1697_20260731_221431.csv,512,DEFECT,HIGH,79,0,0,293,0,4251126,4251126,-3447467,625087.0,,200,93,坏棒 总长1000m 铁头 475
1698,22:14:31,hit_1698_20260731_221431.csv,512,DEFECT,HIGH,77,0,0,293,0,5257294,5257294,-3201899,908077.9,,200,93,坏棒 总长1000m 铁头 475
1699,22:14:31,hit_1699_20260731_221431.csv,512,DEFECT,HIGH,79,0,0,470,0,5945773,5945773,-3455543,1057458.2,,200,270,坏棒 总长1000m 铁头 475
1700,22:14:31,hit_1700_20260731_221431.csv,512,DEFECT,HIGH,86,0,0,381,0,4613471,2769378,-4613471,-386290.1,,200,181,坏棒 总长1000m 铁头 475
1701,22:14:32,hit_1701_20260731_221432.csv,512,DEFECT,HIGH,80,0,0,470,0,4434445,4434445,-3558737,635087.5,,200,270,坏棒 总长1000m 铁头 475
1702,22:14:32,hit_1702_20260731_221432.csv,512,DEFECT,HIGH,84,0,0,440,0,5144875,4108125,-5144875,-56607.1,,200,240,坏棒 总长1000m 铁头 475
1703,22:14:32,hit_1703_20260731_221432.csv,512,DEFECT,HIGH,78,0,0,484,0,6418466,6418466,-3235607,1381295.5,,200,284,坏棒 总长1000m 铁头 475
1704,22:14:32,hit_1704_20260731_221432.csv,512,DEFECT,HIGH,99,0,0,279,0,5715770,5715770,-2892146,1296905.1,,200,79,坏棒 总长1000m 铁头 475
1705,22:14:32,hit_1705_20260731_221432.csv,512,DEFECT,HIGH,81,0,0,411,0,4664810,2976688,-4664810,-37053.8,,200,211,坏棒 总长1000m 铁头 475
1706,22:14:33,hit_1706_20260731_221433.csv,512,DEFECT,HIGH,80,0,0,411,0,4534653,3004565,-4534653,60071.9,,200,211,坏棒 总长1000m 铁头 475
1707,22:14:33,hit_1707_20260731_221433.csv,512,DEFECT,HIGH,81,0,0,411,0,4737407,2786420,-4737407,-14705.8,,200,211,坏棒 总长1000m 铁头 475
1708,22:14:33,hit_1708_20260731_221433.csv,512,DEFECT,HIGH,77,0,0,470,0,5309077,5309077,-3381688,928817.4,,200,270,坏棒 总长1000m 铁头 475
1709,22:14:33,hit_1709_20260731_221433.csv,512,DEFECT,HIGH,78,0,0,440,0,5466325,5466325,-4207897,882586.0,,200,240,坏棒 总长1000m 铁头 475
1710,22:14:33,hit_1710_20260731_221433.csv,512,DEFECT,HIGH,88,0,0,337,0,1642496,1642496,-1386094,-147261.1,,200,137,坏棒 总长1000m 铁头 475
1711,22:14:33,hit_1711_20260731_221433.csv,512,DEFECT,HIGH,85,0,0,381,0,4886781,3348285,-4886781,258461.1,,200,181,坏棒 总长1000m 铁头 475
1712,22:14:33,hit_1712_20260731_221433.csv,512,DEFECT,HIGH,84,0,0,367,0,4650289,3458826,-4650289,233411.1,,200,167,坏棒 总长1000m 铁头 475
1713,22:14:34,hit_1713_20260731_221434.csv,512,DEFECT,HIGH,77,0,0,264,0,5640173,5640173,-3070478,1177384.0,,200,64,坏棒 总长1000m 铁头 475
1714,22:14:34,hit_1714_20260731_221434.csv,512,DEFECT,HIGH,80,0,0,352,0,3667111,3155724,-3667111,269439.6,,200,152,坏棒 总长1000m 铁头 475
1715,22:14:34,hit_1715_20260731_221434.csv,512,DEFECT,HIGH,78,0,0,279,0,6309039,6309039,-3856984,806749.4,,200,79,坏棒 总长1000m 铁头 475
1716,22:14:34,hit_1716_20260731_221434.csv,512,DEFECT,HIGH,78,0,0,470,0,5083662,5083662,-4009576,730106.7,,200,270,坏棒 总长1000m 铁头 475
1717,22:14:35,hit_1717_20260731_221435.csv,512,DEFECT,HIGH,76,0,0,484,0,4633392,4633392,-3489899,661112.8,,200,284,坏棒 总长1000m 铁头 475
1718,22:14:35,hit_1718_20260731_221435.csv,512,DEFECT,HIGH,77,0,0,484,0,4884347,4884347,-3239908,932551.3,,200,284,坏棒 总长1000m 铁头 475
1719,22:14:35,hit_1719_20260731_221435.csv,512,DEFECT,HIGH,73,0,0,455,0,4803446,4803446,-3569118,733435.0,,200,255,坏棒 总长1000m 铁头 475
1720,22:14:35,hit_1720_20260731_221435.csv,512,DEFECT,HIGH,80,0,0,484,0,5215080,5215080,-3716396,766109.2,,200,284,坏棒 总长1000m 铁头 475
1721,22:14:35,hit_1721_20260731_221435.csv,512,DEFECT,HIGH,83,0,0,411,0,4170713,3127864,-4170713,-484422.1,,200,211,坏棒 总长1000m 铁头 475
