hit,time,file,points,state,conf,impact,defect,bottom,dist_mm,threshold,peak_abs,peak_pos,peak_neg,mean,rod_len_mm,defect_true_mm,err_mm,note
1,14:14:44,hit_001_20260730_141444.csv,512,DEFECT,HIGH,0,24,111,240,500000,4986245,3933102,-4986245,195518.7,,695,-455,坏棒 总长 1002m 任意重度敲 塑料头
2,14:14:44,hit_002_20260730_141444.csv,512,DEFECT,HIGH,0,41,108,422,500000,4676421,4676421,-4383341,475025.0,,695,-273,坏棒 总长 1002m 任意重度敲 塑料头
3,14:14:44,hit_003_20260730_141444.csv,512,DEFECT,HIGH,0,41,108,422,500000,4634754,4634754,-3999105,718596.0,,695,-273,坏棒 总长 1002m 任意重度敲 塑料头
4,14:14:45,hit_004_20260730_141445.csv,512,DEFECT,HIGH,0,22,108,226,500000,4745713,3772563,-4745713,90838.3,,695,-469,坏棒 总长 1002m 任意重度敲 塑料头
5,14:14:45,hit_005_20260730_141445.csv,512,DEFECT,HIGH,0,42,108,432,500000,4717439,4717439,-4103488,787122.1,,695,-263,坏棒 总长 1002m 任意重度敲 塑料头
6,14:14:45,hit_006_20260730_141445.csv,512,DEFECT,HIGH,0,23,109,234,500000,4779613,3698429,-4779613,55864.4,,695,-461,坏棒 总长 1002m 任意重度敲 塑料头
7,14:14:46,hit_007_20260730_141446.csv,512,DEFECT,HIGH,0,24,110,242,500000,4997864,4135301,-4997864,118067.3,,695,-453,坏棒 总长 1002m 任意重度敲 塑料头
8,14:14:46,hit_008_20260730_141446.csv,512,DEFECT,HIGH,0,21,109,214,500000,4648750,4349852,-4648750,464000.4,,695,-481,坏棒 总长 1002m 任意重度敲 塑料头
9,14:14:46,hit_009_20260730_141446.csv,512,DEFECT,HIGH,0,21,109,214,500000,4564785,4374837,-4564785,456665.4,,695,-481,坏棒 总长 1002m 任意重度敲 塑料头
10,14:14:47,hit_010_20260730_141447.csv,512,DEFECT,HIGH,0,40,108,412,500000,4481581,3905999,-4481581,254600.7,,695,-283,坏棒 总长 1002m 任意重度敲 塑料头
11,14:14:47,hit_011_20260730_141447.csv,512,DEFECT,HIGH,0,21,108,216,500000,4521599,4367324,-4521599,440792.3,,695,-479,坏棒 总长 1002m 任意重度敲 塑料头
12,14:14:47,hit_012_20260730_141447.csv,512,DEFECT,HIGH,0,24,110,242,500000,5057327,3570992,-5057327,-245467.5,,695,-453,坏棒 总长 1002m 任意重度敲 塑料头
13,14:14:48,hit_013_20260730_141448.csv,512,DEFECT,HIGH,0,23,109,234,500000,4916078,3455587,-4916078,-66378.3,,695,-461,坏棒 总长 1002m 任意重度敲 塑料头
14,14:14:48,hit_014_20260730_141448.csv,512,DEFECT,HIGH,0,23,110,232,500000,4842312,4295318,-4842312,216831.4,,695,-463,坏棒 总长 1002m 任意重度敲 塑料头
15,14:14:48,hit_015_20260730_141448.csv,512,DEFECT,HIGH,0,22,110,222,500000,4799244,4118637,-4799244,291157.3,,695,-473,坏棒 总长 1002m 任意重度敲 塑料头
16,14:14:49,hit_016_20260730_141449.csv,512,DEFECT,HIGH,0,24,111,240,500000,5131487,4023805,-5131487,187421.2,,695,-455,坏棒 总长 1002m 任意重度敲 塑料头
17,14:14:49,hit_017_20260730_141449.csv,512,DEFECT,HIGH,0,23,110,232,500000,5058717,4191153,-5058717,186027.7,,695,-463,坏棒 总长 1002m 任意重度敲 塑料头
18,14:14:49,hit_018_20260730_141449.csv,512,DEFECT,HIGH,0,23,110,232,500000,4883847,4579888,-4883847,328610.7,,695,-463,坏棒 总长 1002m 任意重度敲 塑料头
19,14:14:50,hit_019_20260730_141450.csv,512,DEFECT,HIGH,0,23,111,230,500000,5000232,4353462,-5000232,313010.7,,695,-465,坏棒 总长 1002m 任意重度敲 塑料头
20,14:14:50,hit_020_20260730_141450.csv,512,DEFECT,HIGH,0,24,111,240,500000,4954473,3899688,-4954473,192793.8,,695,-455,坏棒 总长 1002m 任意重度敲 塑料头
21,14:14:50,hit_021_20260730_141450.csv,512,DEFECT,HIGH,0,23,110,232,500000,4870182,3734223,-4870182,157677.6,,695,-463,坏棒 总长 1002m 任意重度敲 塑料头
22,14:14:51,hit_022_20260730_141451.csv,512,DEFECT,HIGH,0,81,112,801,500000,4949409,4452413,-4949409,510589.7,,695,106,坏棒 总长 1002m 任意重度敲 塑料头
23,14:14:51,hit_023_20260730_141451.csv,512,DEFECT,HIGH,0,27,116,257,500000,5068769,3262729,-5068769,-350388.4,,695,-438,坏棒 总长 1002m 任意重度敲 塑料头
24,14:14:51,hit_024_20260730_141451.csv,512,DEFECT,HIGH,0,29,119,268,500000,4887593,3241440,-4887593,-341366.8,,695,-427,坏棒 总长 1002m 任意重度敲 塑料头
25,14:15:35,hit_025_20260730_141535.csv,512,DEFECT,HIGH,0,21,111,210,500000,4662184,4662184,-4606545,782487.9,,695,-485,坏棒 总长 1002m 任意重度敲 塑料头
26,14:15:35,hit_026_20260730_141535.csv,512,DEFECT,HIGH,0,21,112,207,500000,4489360,4376822,-4489360,637436.8,,695,-488,坏棒 总长 1002m 任意重度敲 塑料头
27,14:15:36,hit_027_20260730_141536.csv,512,DEFECT,HIGH,0,24,114,233,500000,5131965,4516868,-5131965,279706.7,,695,-462,坏棒 总长 1002m 任意重度敲 塑料头
28,14:15:36,hit_028_20260730_141536.csv,512,DEFECT,HIGH,0,81,109,826,500000,4953898,4953898,-3937272,965759.7,,695,131,坏棒 总长 1002m 任意重度敲 塑料头
29,14:15:36,hit_029_20260730_141536.csv,512,DEFECT,HIGH,0,80,109,816,500000,4970697,4970697,-3860258,990769.0,,695,121,坏棒 总长 1002m 任意重度敲 塑料头
30,14:15:37,hit_030_20260730_141537.csv,512,DEFECT,HIGH,0,25,115,240,500000,5174802,5075241,-5174802,890052.0,,695,-455,坏棒 总长 1002m 任意重度敲 塑料头
31,14:15:37,hit_031_20260730_141537.csv,512,DEFECT,HIGH,0,23,113,225,500000,5163455,5163455,-4363535,898846.2,,695,-470,坏棒 总长 1002m 任意重度敲 塑料头
32,14:15:37,hit_032_20260730_141537.csv,512,DEFECT,HIGH,0,82,111,820,500000,5122711,5122711,-3884279,1035751.9,,695,125,坏棒 总长 1002m 任意重度敲 塑料头
33,14:15:37,hit_033_20260730_141537.csv,512,DEFECT,HIGH,0,83,111,830,500000,5118010,5118010,-3905293,906023.4,,695,135,坏棒 总长 1002m 任意重度敲 塑料头
34,14:15:38,hit_034_20260730_141538.csv,512,DEFECT,HIGH,0,82,112,811,500000,4882082,4882082,-4193710,767747.5,,695,116,坏棒 总长 1002m 任意重度敲 塑料头
35,14:15:38,hit_035_20260730_141538.csv,512,DEFECT,HIGH,0,83,112,821,500000,4791123,4791123,-4716887,598572.7,,695,126,坏棒 总长 1002m 任意重度敲 塑料头
36,14:15:38,hit_036_20260730_141538.csv,512,DEFECT,HIGH,0,82,112,811,500000,5000153,5000153,-4491487,930347.0,,695,116,坏棒 总长 1002m 任意重度敲 塑料头
37,14:15:39,hit_037_20260730_141539.csv,512,DEFECT,HIGH,0,82,112,811,500000,4964352,4964352,-4558392,833580.4,,695,116,坏棒 总长 1002m 任意重度敲 塑料头
38,14:15:39,hit_038_20260730_141539.csv,512,DEFECT,HIGH,0,39,103,393,500000,6334088,4262451,-6334088,-188226.6,,695,-302,坏棒 总长 1002m 任意重度敲 塑料头
39,14:15:39,hit_039_20260730_141539.csv,512,DEFECT,HIGH,0,76,108,670,500000,5431508,5431508,-3942457,1685418.4,,695,-25,坏棒 总长 1002m 任意重度敲 塑料头
40,14:15:40,hit_040_20260730_141540.csv,512,DEFECT,HIGH,0,81,111,810,500000,5294597,5294597,-4610984,1294507.9,,695,115,坏棒 总长 1002m 任意重度敲 塑料头
41,14:15:40,hit_041_20260730_141540.csv,512,DEFECT,HIGH,0,80,110,808,500000,5403501,5403501,-4322656,1316663.5,,695,113,坏棒 总长 1002m 任意重度敲 塑料头
42,14:15:40,hit_042_20260730_141540.csv,512,DEFECT,HIGH,0,75,109,653,500000,5222965,5222965,-4155381,1389923.1,,695,-42,坏棒 总长 1002m 任意重度敲 塑料头
43,14:15:41,hit_043_20260730_141541.csv,512,DEFECT,HIGH,0,80,110,808,500000,5141387,5141387,-4399390,987583.9,,695,113,坏棒 总长 1002m 任意重度敲 塑料头
44,14:15:41,hit_044_20260730_141541.csv,512,DEFECT,HIGH,0,80,110,808,500000,4999979,4999979,-4610845,828919.4,,695,113,坏棒 总长 1002m 任意重度敲 塑料头
45,14:15:41,hit_045_20260730_141541.csv,512,DEFECT,HIGH,0,22,110,222,500000,5132229,5132229,-4503451,925422.0,,695,-473,坏棒 总长 1002m 任意重度敲 塑料头
46,14:15:41,hit_046_20260730_141541.csv,512,DEFECT,HIGH,0,75,109,653,500000,5141931,5141931,-4278186,1235049.5,,695,-42,坏棒 总长 1002m 任意重度敲 塑料头
47,14:15:42,hit_047_20260730_141542.csv,512,DEFECT,HIGH,0,48,109,489,500000,5231131,5231131,-4235483,1046942.4,,695,-206,坏棒 总长 1002m 任意重度敲 塑料头
48,14:15:42,hit_048_20260730_141542.csv,512,NORMAL,HIGH,0,0,108,0,500000,5613439,5613439,-3750263,1945446.5,,695,,坏棒 总长 1002m 任意重度敲 塑料头
49,14:15:42,hit_049_20260730_141542.csv,512,DEFECT,HIGH,0,81,111,810,500000,5022632,5022632,-4497480,1170147.1,,695,115,坏棒 总长 1002m 任意重度敲 塑料头
50,14:15:43,hit_050_20260730_141543.csv,512,DEFECT,HIGH,0,82,112,811,500000,4841672,4571039,-4841672,641620.2,,695,116,坏棒 总长 1002m 任意重度敲 塑料头
51,14:15:43,hit_051_20260730_141543.csv,512,DEFECT,HIGH,0,76,110,656,500000,5192627,5192627,-4199033,1403289.0,,695,-39,坏棒 总长 1002m 任意重度敲 塑料头
52,14:15:43,hit_052_20260730_141543.csv,512,DEFECT,HIGH,0,79,108,814,500000,4660539,4660539,-4063318,706416.3,,695,119,坏棒 总长 1002m 任意重度敲 塑料头
53,14:15:44,hit_053_20260730_141544.csv,512,DEFECT,HIGH,0,78,110,676,500000,5194828,5194828,-4075056,1507731.6,,695,-19,坏棒 总长 1002m 任意重度敲 塑料头
54,14:15:44,hit_054_20260730_141544.csv,512,DEFECT,HIGH,0,29,118,271,500000,5372806,4149548,-5372806,106342.7,,695,-424,坏棒 总长 1002m 任意重度敲 塑料头
55,14:15:44,hit_055_20260730_141544.csv,512,DEFECT,HIGH,0,82,111,820,500000,4770267,4770267,-4719552,730984.8,,695,125,坏棒 总长 1002m 任意重度敲 塑料头
56,14:15:45,hit_056_20260730_141545.csv,512,DEFECT,HIGH,0,83,113,813,500000,5046076,4669003,-5046076,590618.4,,695,118,坏棒 总长 1002m 任意重度敲 塑料头
57,14:15:45,hit_057_20260730_141545.csv,512,DEFECT,HIGH,0,82,111,820,500000,5119702,5119702,-4179775,1173123.3,,695,125,坏棒 总长 1002m 任意重度敲 塑料头
58,14:15:45,hit_058_20260730_141545.csv,512,DEFECT,HIGH,0,82,111,820,500000,4904127,4904127,-4490503,796568.6,,695,125,坏棒 总长 1002m 任意重度敲 塑料头
59,14:15:45,hit_059_20260730_141545.csv,512,DEFECT,HIGH,0,83,112,821,500000,4845519,4845519,-4673987,671422.3,,695,126,坏棒 总长 1002m 任意重度敲 塑料头
60,14:15:46,hit_060_20260730_141546.csv,512,DEFECT,HIGH,0,82,111,820,500000,5060733,5060733,-3464094,1032685.5,,695,125,坏棒 总长 1002m 任意重度敲 塑料头
61,14:15:46,hit_061_20260730_141546.csv,512,DEFECT,HIGH,0,82,111,820,500000,4983296,4983296,-3721270,882039.8,,695,125,坏棒 总长 1002m 任意重度敲 塑料头
62,14:15:46,hit_062_20260730_141546.csv,512,DEFECT,HIGH,0,81,110,818,500000,4915236,4915236,-3888482,829479.9,,695,123,坏棒 总长 1002m 任意重度敲 塑料头
63,14:15:47,hit_063_20260730_141547.csv,512,DEFECT,HIGH,0,82,111,820,500000,4813626,4813626,-4304352,745937.7,,695,125,坏棒 总长 1002m 任意重度敲 塑料头
64,14:15:47,hit_064_20260730_141547.csv,512,DEFECT,HIGH,0,82,111,820,500000,4735679,4735679,-4618956,649838.1,,695,125,坏棒 总长 1002m 任意重度敲 塑料头
65,14:15:47,hit_065_20260730_141547.csv,512,DEFECT,HIGH,0,28,115,269,500000,5789629,4578865,-5789629,20028.9,,695,-426,坏棒 总长 1002m 任意重度敲 塑料头
66,14:15:48,hit_066_20260730_141548.csv,512,DEFECT,HIGH,0,82,111,820,500000,4896167,4896167,-4640048,723088.8,,695,125,坏棒 总长 1002m 任意重度敲 塑料头
67,14:15:48,hit_067_20260730_141548.csv,512,DEFECT,HIGH,0,82,111,820,500000,4640897,4640897,-4149829,571700.2,,695,125,坏棒 总长 1002m 任意重度敲 塑料头
68,14:15:48,hit_068_20260730_141548.csv,512,DEFECT,HIGH,0,82,111,820,500000,4697407,4697407,-4435412,571774.9,,695,125,坏棒 总长 1002m 任意重度敲 塑料头
69,14:15:48,hit_069_20260730_141548.csv,512,DEFECT,HIGH,0,82,112,811,500000,4720376,4720376,-4426445,634803.7,,695,116,坏棒 总长 1002m 任意重度敲 塑料头
70,14:15:49,hit_070_20260730_141549.csv,512,DEFECT,HIGH,0,82,111,820,500000,4843718,4843718,-4572071,706225.8,,695,125,坏棒 总长 1002m 任意重度敲 塑料头
71,14:15:49,hit_071_20260730_141549.csv,512,DEFECT,HIGH,0,82,111,820,500000,4899729,4899729,-4826693,530840.4,,695,125,坏棒 总长 1002m 任意重度敲 塑料头
72,14:15:49,hit_072_20260730_141549.csv,512,DEFECT,HIGH,0,81,110,818,500000,4898016,4898016,-3956907,1009751.6,,695,123,坏棒 总长 1002m 任意重度敲 塑料头
73,14:15:50,hit_073_20260730_141550.csv,512,DEFECT,HIGH,0,81,110,818,500000,4953541,4953541,-4021570,757630.1,,695,123,坏棒 总长 1002m 任意重度敲 塑料头
74,14:15:50,hit_074_20260730_141550.csv,512,DEFECT,HIGH,0,81,109,826,500000,4889446,4889446,-3818045,729462.9,,695,131,坏棒 总长 1002m 任意重度敲 塑料头
75,14:15:50,hit_075_20260730_141550.csv,512,DEFECT,HIGH,0,82,111,820,500000,4968602,4968602,-4623030,841123.9,,695,125,坏棒 总长 1002m 任意重度敲 塑料头
76,14:15:51,hit_076_20260730_141551.csv,512,DEFECT,HIGH,0,80,110,808,500000,4884228,4884228,-4552570,936648.1,,695,113,坏棒 总长 1002m 任意重度敲 塑料头
77,14:15:51,hit_077_20260730_141551.csv,512,DEFECT,HIGH,0,77,109,673,500000,5477948,5477948,-4033708,1562966.3,,695,-22,坏棒 总长 1002m 任意重度敲 塑料头
78,14:15:51,hit_078_20260730_141551.csv,512,DEFECT,HIGH,0,33,109,336,500000,4993270,4993270,-4263176,1198035.5,,695,-359,坏棒 总长 1002m 任意重度敲 塑料头
79,14:15:52,hit_079_20260730_141552.csv,512,DEFECT,HIGH,0,33,109,336,500000,5133657,5133657,-4024395,1382308.4,,695,-359,坏棒 总长 1002m 任意重度敲 塑料头
80,14:15:52,hit_080_20260730_141552.csv,512,DEFECT,HIGH,0,80,111,800,500000,4823154,4823154,-4478584,1035098.9,,695,105,坏棒 总长 1002m 任意重度敲 塑料头
81,14:15:52,hit_081_20260730_141552.csv,512,DEFECT,HIGH,0,24,111,240,500000,5048784,4305652,-5048784,281187.6,,695,-455,坏棒 总长 1002m 任意重度敲 塑料头
82,14:15:53,hit_082_20260730_141553.csv,512,DEFECT,HIGH,0,25,113,245,500000,4756138,3196264,-4756138,-205230.4,,695,-450,坏棒 总长 1002m 任意重度敲 塑料头
83,14:15:53,hit_083_20260730_141553.csv,512,DEFECT,HIGH,0,24,113,235,500000,5071210,4592111,-5071210,578517.6,,695,-460,坏棒 总长 1002m 任意重度敲 塑料头
84,14:15:53,hit_084_20260730_141553.csv,512,DEFECT,HIGH,0,21,110,212,500000,4648032,4316731,-4648032,445882.3,,695,-483,坏棒 总长 1002m 任意重度敲 塑料头
85,14:15:53,hit_085_20260730_141553.csv,512,DEFECT,HIGH,0,21,111,210,500000,4510451,4510451,-4357984,607576.1,,695,-485,坏棒 总长 1002m 任意重度敲 塑料头
86,14:15:54,hit_086_20260730_141554.csv,512,DEFECT,HIGH,0,80,110,808,500000,4894055,4894055,-4277173,922237.1,,695,113,坏棒 总长 1002m 任意重度敲 塑料头
87,14:15:54,hit_087_20260730_141554.csv,512,DEFECT,HIGH,0,79,110,797,500000,4687700,4687700,-4631756,666888.2,,695,102,坏棒 总长 1002m 任意重度敲 塑料头
88,14:15:54,hit_088_20260730_141554.csv,512,DEFECT,HIGH,0,80,110,808,500000,4834233,4834233,-4446485,815029.0,,695,113,坏棒 总长 1002m 任意重度敲 塑料头
89,14:15:55,hit_089_20260730_141555.csv,512,DEFECT,HIGH,0,79,110,797,500000,5259978,5259978,-4322177,1266349.3,,695,102,坏棒 总长 1002m 任意重度敲 塑料头
90,14:15:55,hit_090_20260730_141555.csv,512,DEFECT,HIGH,0,80,110,808,500000,5045910,5045910,-4564751,926810.5,,695,113,坏棒 总长 1002m 任意重度敲 塑料头
91,14:15:55,hit_091_20260730_141555.csv,512,DEFECT,HIGH,0,81,111,810,500000,4831870,4831870,-4649081,797507.9,,695,115,坏棒 总长 1002m 任意重度敲 塑料头
92,14:15:56,hit_092_20260730_141556.csv,512,DEFECT,HIGH,0,82,111,820,500000,5082686,5082686,-4547042,1051599.1,,695,125,坏棒 总长 1002m 任意重度敲 塑料头
93,14:15:56,hit_093_20260730_141556.csv,512,DEFECT,HIGH,0,24,112,237,500000,5021919,4123618,-5021919,406372.0,,695,-458,坏棒 总长 1002m 任意重度敲 塑料头
94,14:15:56,hit_094_20260730_141556.csv,512,DEFECT,HIGH,0,81,111,810,500000,4787465,4733924,-4787465,698243.8,,695,115,坏棒 总长 1002m 任意重度敲 塑料头
95,14:15:57,hit_095_20260730_141557.csv,512,DEFECT,HIGH,0,23,112,227,500000,4990842,4990842,-4908717,716265.4,,695,-468,坏棒 总长 1002m 任意重度敲 塑料头
96,14:15:57,hit_096_20260730_141557.csv,512,DEFECT,HIGH,0,81,112,801,500000,5222239,5222239,-4628646,1037703.0,,695,106,坏棒 总长 1002m 任意重度敲 塑料头
97,14:15:57,hit_097_20260730_141557.csv,512,DEFECT,HIGH,0,81,111,810,500000,5289265,5289265,-4487672,1153083.0,,695,115,坏棒 总长 1002m 任意重度敲 塑料头
98,14:15:57,hit_098_20260730_141557.csv,512,DEFECT,HIGH,0,81,111,810,500000,5189515,5189515,-4711370,994162.6,,695,115,坏棒 总长 1002m 任意重度敲 塑料头
99,14:15:58,hit_099_20260730_141558.csv,512,DEFECT,HIGH,0,24,113,235,500000,5169253,5169253,-4985393,789091.2,,695,-460,坏棒 总长 1002m 任意重度敲 塑料头
100,14:15:58,hit_100_20260730_141558.csv,512,DEFECT,HIGH,0,22,111,220,500000,5228769,5228769,-4550178,1052203.1,,695,-475,坏棒 总长 1002m 任意重度敲 塑料头
101,14:15:58,hit_101_20260730_141558.csv,512,DEFECT,HIGH,0,81,111,810,500000,5080337,5080337,-4637966,979098.4,,695,115,坏棒 总长 1002m 任意重度敲 塑料头
102,14:15:59,hit_102_20260730_141559.csv,512,DEFECT,HIGH,0,25,113,245,500000,5176640,4640849,-5176640,426159.2,,695,-450,坏棒 总长 1002m 任意重度敲 塑料头
103,14:15:59,hit_103_20260730_141559.csv,512,DEFECT,HIGH,0,80,110,808,500000,4754704,4754704,-4505567,863105.7,,695,113,坏棒 总长 1002m 任意重度敲 塑料头
104,14:15:59,hit_104_20260730_141559.csv,512,DEFECT,HIGH,0,81,111,810,500000,4899518,4899518,-4593476,854887.2,,695,115,坏棒 总长 1002m 任意重度敲 塑料头
105,14:16:00,hit_105_20260730_141600.csv,512,DEFECT,HIGH,0,24,112,237,500000,5018137,4806103,-5018137,549041.3,,695,-458,坏棒 总长 1002m 任意重度敲 塑料头
106,14:16:00,hit_106_20260730_141600.csv,512,DEFECT,HIGH,0,26,115,250,500000,5306057,4451010,-5306057,358018.0,,695,-445,坏棒 总长 1002m 任意重度敲 塑料头
107,14:16:00,hit_107_20260730_141600.csv,512,DEFECT,HIGH,0,26,114,252,500000,5344995,4591677,-5344995,425601.1,,695,-443,坏棒 总长 1002m 任意重度敲 塑料头
108,14:16:01,hit_108_20260730_141601.csv,512,DEFECT,HIGH,0,82,112,811,500000,4909223,4679611,-4909223,519574.7,,695,116,坏棒 总长 1002m 任意重度敲 塑料头
109,14:16:01,hit_109_20260730_141601.csv,512,DEFECT,HIGH,0,28,116,266,500000,5562065,4454066,-5562065,293742.7,,695,-429,坏棒 总长 1002m 任意重度敲 塑料头
110,14:16:01,hit_110_20260730_141601.csv,512,DEFECT,HIGH,0,81,111,810,500000,4696379,4665314,-4696379,754514.1,,695,115,坏棒 总长 1002m 任意重度敲 塑料头
111,14:16:02,hit_111_20260730_141602.csv,512,DEFECT,HIGH,0,27,116,257,500000,5458167,4735228,-5458167,404667.4,,695,-438,坏棒 总长 1002m 任意重度敲 塑料头
112,14:16:02,hit_112_20260730_141602.csv,512,DEFECT,HIGH,0,26,115,250,500000,5409359,4465197,-5409359,373453.7,,695,-445,坏棒 总长 1002m 任意重度敲 塑料头
113,14:16:04,hit_113_20260730_141604.csv,512,DEFECT,HIGH,0,100,112,794,500000,5087189,5087189,-3114119,1491026.9,,695,99,坏棒 总长 1002m 任意重度敲 塑料头
114,14:16:09,hit_114_20260730_141609.csv,512,DEFECT,HIGH,0,22,113,215,500000,4237653,2822648,-4237653,-197699.9,,695,-480,坏棒 总长 1002m 任意重度敲 塑料头
115,14:16:09,hit_115_20260730_141609.csv,512,DEFECT,HIGH,0,29,122,261,500000,5387060,3945193,-5387060,323984.3,,695,-434,坏棒 总长 1002m 任意重度敲 塑料头
116,14:16:10,hit_116_20260730_141610.csv,512,DEFECT,HIGH,0,27,117,254,500000,5257683,4456717,-5257683,377908.9,,695,-441,坏棒 总长 1002m 任意重度敲 塑料头
117,14:16:10,hit_117_20260730_141610.csv,512,DEFECT,HIGH,0,82,114,689,500000,5256319,5256319,-4175093,1519778.9,,695,-6,坏棒 总长 1002m 任意重度敲 塑料头
118,14:16:10,hit_118_20260730_141610.csv,512,DEFECT,HIGH,0,82,111,820,500000,4775030,4775030,-4232496,666819.6,,695,125,坏棒 总长 1002m 任意重度敲 塑料头
119,14:16:11,hit_119_20260730_141611.csv,512,DEFECT,HIGH,0,83,111,830,500000,5039775,5039775,-3600981,801471.3,,695,135,坏棒 总长 1002m 任意重度敲 塑料头
120,14:16:11,hit_120_20260730_141611.csv,512,DEFECT,HIGH,0,83,111,830,500000,5047822,5047822,-3672739,895180.5,,695,135,坏棒 总长 1002m 任意重度敲 塑料头
121,14:16:11,hit_121_20260730_141611.csv,512,DEFECT,HIGH,0,82,111,820,500000,4983144,4983144,-3614572,976804.4,,695,125,坏棒 总长 1002m 任意重度敲 塑料头
122,14:16:11,hit_122_20260730_141611.csv,512,DEFECT,HIGH,0,83,111,830,500000,5046426,5046426,-3720871,1039131.5,,695,135,坏棒 总长 1002m 任意重度敲 塑料头
123,14:16:12,hit_123_20260730_141612.csv,512,DEFECT,HIGH,0,83,112,821,500000,4796629,4796629,-3755570,842330.1,,695,126,坏棒 总长 1002m 任意重度敲 塑料头
124,14:16:12,hit_124_20260730_141612.csv,512,DEFECT,HIGH,0,84,112,831,500000,5098475,5098475,-3698833,1101547.9,,695,136,坏棒 总长 1002m 任意重度敲 塑料头
125,14:16:12,hit_125_20260730_141612.csv,512,DEFECT,HIGH,0,30,117,283,500000,5749945,3836301,-5749945,-379482.8,,695,-412,坏棒 总长 1002m 任意重度敲 塑料头
126,14:16:13,hit_126_20260730_141613.csv,512,DEFECT,HIGH,0,77,108,680,500000,5495477,5495477,-3417605,1774956.9,,695,-15,坏棒 总长 1002m 任意重度敲 塑料头
127,14:16:13,hit_127_20260730_141613.csv,512,DEFECT,HIGH,0,46,111,460,500000,5519702,5519702,-4212045,1409089.0,,695,-235,坏棒 总长 1002m 任意重度敲 塑料头
128,14:16:13,hit_128_20260730_141613.csv,512,DEFECT,HIGH,0,21,111,210,500000,5218530,5218530,-4436408,1151106.0,,695,-485,坏棒 总长 1002m 任意重度敲 塑料头
129,14:16:14,hit_129_20260730_141614.csv,512,DEFECT,HIGH,0,23,112,227,500000,4743116,4020977,-4743116,216704.8,,695,-468,坏棒 总长 1002m 任意重度敲 塑料头
130,14:16:14,hit_130_20260730_141614.csv,512,DEFECT,HIGH,0,84,113,823,500000,4517172,4517172,-4312997,582254.6,,695,128,坏棒 总长 1002m 任意重度敲 塑料头
131,14:16:14,hit_131_20260730_141614.csv,512,DEFECT,HIGH,0,84,113,823,500000,4445064,4445064,-3679361,542294.2,,695,128,坏棒 总长 1002m 任意重度敲 塑料头
132,14:16:15,hit_132_20260730_141615.csv,512,DEFECT,HIGH,0,86,114,834,500000,5073044,5073044,-4115368,936069.2,,695,139,坏棒 总长 1002m 任意重度敲 塑料头
133,14:16:15,hit_133_20260730_141615.csv,512,DEFECT,HIGH,0,85,113,833,500000,5236013,5236013,-3997348,1076320.5,,695,138,坏棒 总长 1002m 任意重度敲 塑料头
134,14:16:15,hit_134_20260730_141615.csv,512,DEFECT,HIGH,0,84,113,823,500000,4566232,4566232,-4227717,484573.2,,695,128,坏棒 总长 1002m 任意重度敲 塑料头
135,14:16:16,hit_135_20260730_141616.csv,512,DEFECT,HIGH,0,78,110,686,500000,5507543,5507543,-3345328,1786818.2,,695,-9,坏棒 总长 1002m 任意重度敲 塑料头
136,14:16:16,hit_136_20260730_141616.csv,512,DEFECT,HIGH,0,77,117,616,500000,5865662,5865662,-2828328,2316158.7,,695,-79,坏棒 总长 1002m 任意重度敲 塑料头
137,14:16:16,hit_137_20260730_141616.csv,512,DEFECT,HIGH,0,77,117,620,500000,5897172,5897172,-2495074,2241020.9,,695,-75,坏棒 总长 1002m 任意重度敲 塑料头
138,14:16:17,hit_138_20260730_141617.csv,512,DEFECT,HIGH,0,83,111,830,500000,4889037,4889037,-4178557,859432.4,,695,135,坏棒 总长 1002m 任意重度敲 塑料头
139,14:16:17,hit_139_20260730_141617.csv,512,DEFECT,HIGH,0,82,111,820,500000,4481881,4481881,-3691807,663082.4,,695,125,坏棒 总长 1002m 任意重度敲 塑料头
140,14:16:17,hit_140_20260730_141617.csv,512,DEFECT,HIGH,0,83,111,830,500000,4793010,4793010,-4071943,931374.1,,695,135,坏棒 总长 1002m 任意重度敲 塑料头
141,14:16:18,hit_141_20260730_141618.csv,512,DEFECT,HIGH,0,85,114,825,500000,4488089,4483585,-4488089,457797.0,,695,130,坏棒 总长 1002m 任意重度敲 塑料头
142,14:16:18,hit_142_20260730_141618.csv,512,DEFECT,HIGH,0,83,112,821,500000,4703816,4703816,-4296857,626694.7,,695,126,坏棒 总长 1002m 任意重度敲 塑料头
143,14:16:18,hit_143_20260730_141618.csv,512,DEFECT,HIGH,0,83,112,821,500000,4648460,4648460,-4331262,546405.2,,695,126,坏棒 总长 1002m 任意重度敲 塑料头
144,14:16:19,hit_144_20260730_141619.csv,512,DEFECT,HIGH,0,40,113,392,500000,4263061,4038773,-4263061,300190.3,,695,-303,坏棒 总长 1002m 任意重度敲 塑料头
145,14:16:19,hit_145_20260730_141619.csv,512,DEFECT,HIGH,0,26,119,240,500000,4670324,4670324,-4609367,720772.6,,695,-455,坏棒 总长 1002m 任意重度敲 塑料头
146,14:16:19,hit_146_20260730_141619.csv,512,DEFECT,HIGH,0,27,120,247,500000,5038132,4282310,-5038132,356098.3,,695,-448,坏棒 总长 1002m 任意重度敲 塑料头
147,14:16:20,hit_147_20260730_141620.csv,512,DEFECT,HIGH,0,84,112,831,500000,4628747,4628747,-4253786,505081.5,,695,136,坏棒 总长 1002m 任意重度敲 塑料头
148,14:16:20,hit_148_20260730_141620.csv,512,DEFECT,HIGH,0,84,112,831,500000,4872839,4872839,-4127736,708108.8,,695,136,坏棒 总长 1002m 任意重度敲 塑料头
149,14:16:20,hit_149_20260730_141620.csv,512,DEFECT,HIGH,0,85,114,825,500000,4715216,4715216,-4355807,565128.6,,695,130,坏棒 总长 1002m 任意重度敲 塑料头
150,14:16:21,hit_150_20260730_141621.csv,512,DEFECT,HIGH,0,82,111,820,500000,4495229,4495229,-3970376,538354.9,,695,125,坏棒 总长 1002m 任意重度敲 塑料头
151,14:16:21,hit_151_20260730_141621.csv,512,DEFECT,HIGH,0,82,112,811,500000,4580579,4580579,-4435956,570807.2,,695,116,坏棒 总长 1002m 任意重度敲 塑料头
152,14:16:21,hit_152_20260730_141621.csv,512,DEFECT,HIGH,0,80,112,683,500000,5068296,5068296,-4050684,1235904.5,,695,-12,坏棒 总长 1002m 任意重度敲 塑料头
153,14:16:22,hit_153_20260730_141622.csv,512,DEFECT,HIGH,0,83,112,821,500000,4408363,4408363,-4162661,470421.9,,695,126,坏棒 总长 1002m 任意重度敲 塑料头
154,14:16:22,hit_154_20260730_141622.csv,512,DEFECT,HIGH,0,82,111,820,500000,4573459,4573459,-3687701,779007.0,,695,125,坏棒 总长 1002m 任意重度敲 塑料头
155,14:16:22,hit_155_20260730_141622.csv,512,DEFECT,HIGH,0,82,112,811,500000,4319512,4319512,-4112566,533737.4,,695,116,坏棒 总长 1002m 任意重度敲 塑料头
156,14:16:23,hit_156_20260730_141623.csv,512,DEFECT,HIGH,0,82,111,820,500000,4887745,4887745,-3838542,1031817.8,,695,125,坏棒 总长 1002m 任意重度敲 塑料头
157,14:16:23,hit_157_20260730_141623.csv,512,DEFECT,HIGH,0,23,112,227,500000,4673937,4194272,-4673937,410760.5,,695,-468,坏棒 总长 1002m 任意重度敲 塑料头
158,14:16:23,hit_158_20260730_141623.csv,512,DEFECT,HIGH,0,82,111,820,500000,4660240,4660240,-4117170,734754.8,,695,125,坏棒 总长 1002m 任意重度敲 塑料头
159,14:16:24,hit_159_20260730_141624.csv,512,DEFECT,HIGH,0,85,113,833,500000,4755809,4755809,-4456848,820306.3,,695,138,坏棒 总长 1002m 任意重度敲 塑料头
160,14:16:24,hit_160_20260730_141624.csv,512,DEFECT,HIGH,0,82,111,820,500000,4855736,4855736,-4065846,885023.4,,695,125,坏棒 总长 1002m 任意重度敲 塑料头
161,14:16:24,hit_161_20260730_141624.csv,512,DEFECT,HIGH,0,28,119,259,500000,5492856,4480069,-5492856,351774.1,,695,-436,坏棒 总长 1002m 任意重度敲 塑料头
162,14:16:25,hit_162_20260730_141625.csv,512,DEFECT,HIGH,0,82,111,820,500000,4718475,4718475,-4280015,823061.0,,695,125,坏棒 总长 1002m 任意重度敲 塑料头
163,14:16:25,hit_163_20260730_141625.csv,512,DEFECT,HIGH,0,82,112,811,500000,4702895,4262000,-4702895,331733.5,,695,116,坏棒 总长 1002m 任意重度敲 塑料头
164,14:16:25,hit_164_20260730_141625.csv,512,DEFECT,HIGH,0,24,109,244,500000,4262069,4262069,-4231241,436562.5,,695,-451,坏棒 总长 1002m 任意重度敲 塑料头
165,14:16:26,hit_165_20260730_141626.csv,512,DEFECT,HIGH,0,80,109,816,500000,5136468,5136468,-3818036,1230727.2,,695,121,坏棒 总长 1002m 任意重度敲 塑料头
166,14:16:26,hit_166_20260730_141626.csv,512,DEFECT,HIGH,0,24,112,237,500000,4986562,4026602,-4986562,192560.2,,695,-458,坏棒 总长 1002m 任意重度敲 塑料头
167,14:16:26,hit_167_20260730_141626.csv,512,DEFECT,HIGH,0,82,110,828,500000,4813004,4813004,-4086463,795539.1,,695,133,坏棒 总长 1002m 任意重度敲 塑料头
168,14:16:27,hit_168_20260730_141627.csv,512,DEFECT,HIGH,0,39,110,393,500000,4498997,4498997,-4258378,572718.7,,695,-302,坏棒 总长 1002m 任意重度敲 塑料头
169,14:16:27,hit_169_20260730_141627.csv,512,DEFECT,HIGH,0,22,115,211,500000,4490398,3051515,-4490398,-188356.9,,695,-484,坏棒 总长 1002m 任意重度敲 塑料头
170,14:16:27,hit_170_20260730_141627.csv,512,DEFECT,HIGH,0,79,108,814,500000,4855016,4855016,-3992082,886183.6,,695,119,坏棒 总长 1002m 任意重度敲 塑料头
171,14:16:28,hit_171_20260730_141628.csv,512,DEFECT,HIGH,0,23,111,230,500000,4830610,4145282,-4830610,292419.5,,695,-465,坏棒 总长 1002m 任意重度敲 塑料头
172,14:16:28,hit_172_20260730_141628.csv,512,DEFECT,HIGH,0,78,108,804,500000,4318018,4318018,-3998653,530944.6,,695,109,坏棒 总长 1002m 任意重度敲 塑料头
173,14:16:28,hit_173_20260730_141628.csv,512,DEFECT,HIGH,0,79,109,806,500000,4518613,4518613,-3915951,738412.7,,695,111,坏棒 总长 1002m 任意重度敲 塑料头
174,14:16:29,hit_174_20260730_141629.csv,512,DEFECT,HIGH,0,79,108,814,500000,4506509,4506509,-3901749,701260.0,,695,119,坏棒 总长 1002m 任意重度敲 塑料头
175,14:16:29,hit_175_20260730_141629.csv,512,DEFECT,HIGH,0,79,108,814,500000,4603323,4603323,-3865267,797652.1,,695,119,坏棒 总长 1002m 任意重度敲 塑料头
176,14:16:29,hit_176_20260730_141629.csv,512,DEFECT,HIGH,0,82,111,820,500000,4893625,4893625,-4134825,1145769.4,,695,125,坏棒 总长 1002m 任意重度敲 塑料头
177,14:16:30,hit_177_20260730_141630.csv,512,DEFECT,HIGH,0,41,111,410,500000,4364778,4130220,-4364778,387474.7,,695,-285,坏棒 总长 1002m 任意重度敲 塑料头
178,14:16:30,hit_178_20260730_141630.csv,512,DEFECT,HIGH,0,25,114,242,500000,4812632,3543460,-4812632,-168707.7,,695,-453,坏棒 总长 1002m 任意重度敲 塑料头
179,14:16:30,hit_179_20260730_141630.csv,512,DEFECT,HIGH,0,82,112,811,500000,4705305,4705305,-4476026,755765.1,,695,116,坏棒 总长 1002m 任意重度敲 塑料头
180,14:16:31,hit_180_20260730_141631.csv,512,DEFECT,HIGH,0,80,109,816,500000,4761642,4761642,-3998703,783051.7,,695,121,坏棒 总长 1002m 任意重度敲 塑料头
181,14:16:31,hit_181_20260730_141631.csv,512,DEFECT,HIGH,0,24,114,233,500000,4992681,4266084,-4992681,271592.7,,695,-462,坏棒 总长 1002m 任意重度敲 塑料头
182,14:16:31,hit_182_20260730_141631.csv,512,DEFECT,HIGH,0,81,111,810,500000,4578066,4578066,-4084247,660963.5,,695,115,坏棒 总长 1002m 任意重度敲 塑料头
183,14:16:32,hit_183_20260730_141632.csv,512,DEFECT,HIGH,0,80,110,808,500000,4443747,4443747,-4280740,511723.8,,695,113,坏棒 总长 1002m 任意重度敲 塑料头
184,14:16:32,hit_184_20260730_141632.csv,512,DEFECT,HIGH,0,23,111,230,500000,4843620,4244356,-4843620,368561.8,,695,-465,坏棒 总长 1002m 任意重度敲 塑料头
185,14:16:32,hit_185_20260730_141632.csv,512,DEFECT,HIGH,0,38,108,391,500000,4157449,4157449,-3885332,463300.2,,695,-304,坏棒 总长 1002m 任意重度敲 塑料头
186,14:16:33,hit_186_20260730_141633.csv,512,DEFECT,HIGH,0,22,111,220,500000,4668186,4326699,-4668186,465816.7,,695,-475,坏棒 总长 1002m 任意重度敲 塑料头
187,14:16:33,hit_187_20260730_141633.csv,512,DEFECT,HIGH,0,80,110,808,500000,4477264,4477264,-4055174,647801.1,,695,113,坏棒 总长 1002m 任意重度敲 塑料头
188,14:16:33,hit_188_20260730_141633.csv,512,DEFECT,HIGH,0,79,109,806,500000,4365899,4365899,-3984641,623951.2,,695,111,坏棒 总长 1002m 任意重度敲 塑料头
189,14:16:34,hit_189_20260730_141634.csv,512,DEFECT,HIGH,0,79,109,806,500000,4322693,4322693,-3999095,537144.9,,695,111,坏棒 总长 1002m 任意重度敲 塑料头
190,14:16:34,hit_190_20260730_141634.csv,512,DEFECT,HIGH,0,80,110,808,500000,4463401,4463401,-3936570,630981.1,,695,113,坏棒 总长 1002m 任意重度敲 塑料头
191,14:16:34,hit_191_20260730_141634.csv,512,DEFECT,HIGH,0,82,112,811,500000,4511231,4511231,-4190484,589198.8,,695,116,坏棒 总长 1002m 任意重度敲 塑料头
192,14:16:35,hit_192_20260730_141635.csv,512,DEFECT,HIGH,0,82,111,820,500000,4665638,4452124,-4665638,379131.9,,695,125,坏棒 总长 1002m 任意重度敲 塑料头
193,14:16:35,hit_193_20260730_141635.csv,512,DEFECT,HIGH,0,22,111,220,500000,4587877,4134153,-4587877,239622.3,,695,-475,坏棒 总长 1002m 任意重度敲 塑料头
194,14:16:35,hit_194_20260730_141635.csv,512,DEFECT,HIGH,0,82,111,820,500000,4349391,4349391,-4312635,458342.2,,695,125,坏棒 总长 1002m 任意重度敲 塑料头
195,14:16:35,hit_195_20260730_141635.csv,512,DEFECT,HIGH,0,81,110,818,500000,4523504,4523504,-4104175,599147.8,,695,123,坏棒 总长 1002m 任意重度敲 塑料头
196,14:16:36,hit_196_20260730_141636.csv,512,DEFECT,HIGH,0,22,111,220,500000,4586818,3961511,-4586818,167313.7,,695,-475,坏棒 总长 1002m 任意重度敲 塑料头
197,14:16:36,hit_197_20260730_141636.csv,512,DEFECT,HIGH,0,81,111,810,500000,4745551,4522996,-4745551,373495.3,,695,115,坏棒 总长 1002m 任意重度敲 塑料头
198,14:16:36,hit_198_20260730_141636.csv,512,DEFECT,HIGH,0,81,110,818,500000,4566050,4566050,-4175852,534013.1,,695,123,坏棒 总长 1002m 任意重度敲 塑料头
199,14:16:37,hit_199_20260730_141637.csv,512,DEFECT,HIGH,0,82,111,820,500000,4680030,4548238,-4680030,381056.9,,695,125,坏棒 总长 1002m 任意重度敲 塑料头
200,14:16:37,hit_200_20260730_141637.csv,512,DEFECT,HIGH,0,84,112,831,500000,4872492,4872492,-4223230,865013.2,,695,136,坏棒 总长 1002m 任意重度敲 塑料头
201,14:16:37,hit_201_20260730_141637.csv,512,DEFECT,HIGH,0,83,112,821,500000,4353965,4353965,-4282757,463498.8,,695,126,坏棒 总长 1002m 任意重度敲 塑料头
202,14:16:38,hit_202_20260730_141638.csv,512,DEFECT,HIGH,0,82,112,811,500000,4810765,4472734,-4810765,290206.3,,695,116,坏棒 总长 1002m 任意重度敲 塑料头
203,14:16:38,hit_203_20260730_141638.csv,512,DEFECT,HIGH,0,27,117,254,500000,5230842,3632723,-5230842,-127082.8,,695,-441,坏棒 总长 1002m 任意重度敲 塑料头
204,14:16:38,hit_204_20260730_141638.csv,512,DEFECT,HIGH,0,25,114,242,500000,5099483,4407827,-5099483,184938.4,,695,-453,坏棒 总长 1002m 任意重度敲 塑料头
205,14:16:39,hit_205_20260730_141639.csv,512,DEFECT,HIGH,0,25,114,242,500000,5131586,4526700,-5131586,192533.8,,695,-453,坏棒 总长 1002m 任意重度敲 塑料头
206,14:16:39,hit_206_20260730_141639.csv,512,DEFECT,HIGH,0,27,115,259,500000,5484197,4374996,-5484197,93031.9,,695,-436,坏棒 总长 1002m 任意重度敲 塑料头
207,14:16:39,hit_207_20260730_141639.csv,512,DEFECT,HIGH,0,84,113,823,500000,5036327,4417028,-5036327,164119.9,,695,128,坏棒 总长 1002m 任意重度敲 塑料头
208,14:16:40,hit_208_20260730_141640.csv,512,DEFECT,HIGH,0,82,111,820,500000,4753799,4753799,-4337007,530251.7,,695,125,坏棒 总长 1002m 任意重度敲 塑料头
209,14:16:40,hit_209_20260730_141640.csv,512,DEFECT,HIGH,0,83,112,821,500000,5020971,4293150,-5020971,93563.3,,695,126,坏棒 总长 1002m 任意重度敲 塑料头
210,14:16:40,hit_210_20260730_141640.csv,512,DEFECT,HIGH,0,24,112,237,500000,5067901,4219577,-5067901,113971.7,,695,-458,坏棒 总长 1002m 任意重度敲 塑料头
211,14:16:41,hit_211_20260730_141641.csv,512,DEFECT,HIGH,0,82,112,811,500000,4616558,4281300,-4616558,297961.7,,695,116,坏棒 总长 1002m 任意重度敲 塑料头
212,14:16:41,hit_212_20260730_141641.csv,512,DEFECT,HIGH,0,81,111,810,500000,4853095,4407395,-4853095,267037.1,,695,115,坏棒 总长 1002m 任意重度敲 塑料头
213,14:16:41,hit_213_20260730_141641.csv,512,DEFECT,HIGH,0,22,113,215,500000,4488868,4130768,-4488868,244110.0,,695,-480,坏棒 总长 1002m 任意重度敲 塑料头
214,14:16:42,hit_214_20260730_141642.csv,512,DEFECT,HIGH,0,82,111,820,500000,4683238,4683238,-4188326,822256.5,,695,125,坏棒 总长 1002m 任意重度敲 塑料头
215,14:16:42,hit_215_20260730_141642.csv,512,DEFECT,HIGH,0,22,112,217,500000,4553958,4288168,-4553958,299711.0,,695,-478,坏棒 总长 1002m 任意重度敲 塑料头
216,14:16:42,hit_216_20260730_141642.csv,512,DEFECT,HIGH,0,25,113,245,500000,5227466,4177367,-5227466,131958.6,,695,-450,坏棒 总长 1002m 任意重度敲 塑料头
217,14:16:43,hit_217_20260730_141643.csv,512,DEFECT,HIGH,0,26,115,250,500000,5244129,3771197,-5244129,-108703.8,,695,-445,坏棒 总长 1002m 任意重度敲 塑料头
218,14:16:43,hit_218_20260730_141643.csv,512,DEFECT,HIGH,0,24,112,237,500000,5192004,4318674,-5192004,311905.8,,695,-458,坏棒 总长 1002m 任意重度敲 塑料头
219,14:16:43,hit_219_20260730_141643.csv,512,DEFECT,HIGH,0,81,111,810,500000,4872490,4400268,-4872490,401699.6,,695,115,坏棒 总长 1002m 任意重度敲 塑料头
220,14:16:44,hit_220_20260730_141644.csv,512,DEFECT,HIGH,0,23,111,230,500000,4771749,4091942,-4771749,313351.1,,695,-465,坏棒 总长 1002m 任意重度敲 塑料头
221,14:16:44,hit_221_20260730_141644.csv,512,DEFECT,HIGH,0,80,111,800,500000,4825724,4358284,-4825724,432560.6,,695,105,坏棒 总长 1002m 任意重度敲 塑料头
222,14:16:45,hit_222_20260730_141645.csv,512,DEFECT,HIGH,0,25,112,247,500000,5309420,4264581,-5309420,135065.1,,695,-448,坏棒 总长 1002m 任意重度敲 塑料头
223,14:16:45,hit_223_20260730_141645.csv,512,DEFECT,HIGH,0,39,110,393,500000,4364919,3873584,-4364919,304008.3,,695,-302,坏棒 总长 1002m 任意重度敲 塑料头
224,14:16:45,hit_224_20260730_141645.csv,512,DEFECT,HIGH,0,23,112,227,500000,4836270,4623822,-4836270,595157.7,,695,-468,坏棒 总长 1002m 任意重度敲 塑料头
225,14:16:46,hit_225_20260730_141646.csv,512,DEFECT,HIGH,0,25,112,247,500000,5258711,4373960,-5258711,235181.6,,695,-448,坏棒 总长 1002m 任意重度敲 塑料头
226,14:16:46,hit_226_20260730_141646.csv,512,DEFECT,HIGH,0,80,110,808,500000,4455824,4455824,-4452043,645770.9,,695,113,坏棒 总长 1002m 任意重度敲 塑料头
227,14:16:46,hit_227_20260730_141646.csv,512,DEFECT,HIGH,0,80,110,808,500000,4483299,4483299,-4422787,648747.6,,695,113,坏棒 总长 1002m 任意重度敲 塑料头
228,14:16:47,hit_228_20260730_141647.csv,512,DEFECT,HIGH,0,80,110,808,500000,4241929,4241929,-4155746,385968.8,,695,113,坏棒 总长 1002m 任意重度敲 塑料头
229,14:16:47,hit_229_20260730_141647.csv,512,DEFECT,HIGH,0,24,112,237,500000,5050496,4258752,-5050496,348806.9,,695,-458,坏棒 总长 1002m 任意重度敲 塑料头
230,14:16:47,hit_230_20260730_141647.csv,512,DEFECT,HIGH,0,25,112,247,500000,5296875,4207991,-5296875,140418.7,,695,-448,坏棒 总长 1002m 任意重度敲 塑料头
231,14:16:48,hit_231_20260730_141648.csv,512,DEFECT,HIGH,0,23,111,230,500000,4886431,3985623,-4886431,144984.5,,695,-465,坏棒 总长 1002m 任意重度敲 塑料头
232,14:16:48,hit_232_20260730_141648.csv,512,DEFECT,HIGH,0,22,111,220,500000,4711986,4319504,-4711986,375644.2,,695,-475,坏棒 总长 1002m 任意重度敲 塑料头
233,14:16:48,hit_233_20260730_141648.csv,512,DEFECT,HIGH,0,22,110,222,500000,4632610,4052257,-4632610,302727.7,,695,-473,坏棒 总长 1002m 任意重度敲 塑料头
234,14:16:49,hit_234_20260730_141649.csv,512,DEFECT,HIGH,0,21,110,212,500000,4505880,4244249,-4505880,735315.9,,695,-483,坏棒 总长 1002m 任意重度敲 塑料头
235,14:16:49,hit_235_20260730_141649.csv,512,DEFECT,HIGH,0,22,111,220,500000,4690733,4507217,-4690733,509620.0,,695,-475,坏棒 总长 1002m 任意重度敲 塑料头
236,14:16:49,hit_236_20260730_141649.csv,512,DEFECT,HIGH,0,36,110,363,500000,4196595,4139206,-4196595,538100.5,,695,-332,坏棒 总长 1002m 任意重度敲 塑料头
237,14:16:50,hit_237_20260730_141650.csv,512,DEFECT,HIGH,0,81,111,810,500000,4522649,4490078,-4522649,603013.2,,695,115,坏棒 总长 1002m 任意重度敲 塑料头
238,14:16:50,hit_238_20260730_141650.csv,512,DEFECT,HIGH,0,23,112,227,500000,4989035,3929228,-4989035,180292.0,,695,-468,坏棒 总长 1002m 任意重度敲 塑料头
239,14:16:50,hit_239_20260730_141650.csv,512,DEFECT,HIGH,0,80,110,808,500000,4258406,4258406,-4103583,789995.2,,695,113,坏棒 总长 1002m 任意重度敲 塑料头
240,14:16:51,hit_240_20260730_141651.csv,512,DEFECT,HIGH,0,21,110,212,500000,4535226,4188605,-4535226,479510.6,,695,-483,坏棒 总长 1002m 任意重度敲 塑料头
241,14:16:51,hit_241_20260730_141651.csv,512,DEFECT,HIGH,0,79,109,806,500000,4293242,4293242,-4243613,512206.1,,695,111,坏棒 总长 1002m 任意重度敲 塑料头
242,14:16:51,hit_242_20260730_141651.csv,512,DEFECT,HIGH,0,24,111,240,500000,5130780,4132171,-5130780,190651.5,,695,-455,坏棒 总长 1002m 任意重度敲 塑料头
243,14:16:52,hit_243_20260730_141652.csv,512,DEFECT,HIGH,0,23,112,227,500000,4643055,3281774,-4643055,-43043.9,,695,-468,坏棒 总长 1002m 任意重度敲 塑料头
244,14:16:52,hit_244_20260730_141652.csv,512,DEFECT,HIGH,0,23,112,227,500000,4713999,4559278,-4713999,638546.9,,695,-468,坏棒 总长 1002m 任意重度敲 塑料头
245,14:16:52,hit_245_20260730_141652.csv,512,DEFECT,HIGH,0,24,112,237,500000,5083011,4073524,-5083011,288484.7,,695,-458,坏棒 总长 1002m 任意重度敲 塑料头
246,14:16:53,hit_246_20260730_141653.csv,512,DEFECT,HIGH,0,24,112,237,500000,5114494,4115522,-5114494,158240.8,,695,-458,坏棒 总长 1002m 任意重度敲 塑料头
247,14:16:53,hit_247_20260730_141653.csv,512,DEFECT,HIGH,0,39,109,397,500000,4295871,4284023,-4295871,477989.2,,695,-298,坏棒 总长 1002m 任意重度敲 塑料头
248,14:16:53,hit_248_20260730_141653.csv,512,DEFECT,HIGH,0,27,113,264,500000,5499810,3676136,-5499810,-226496.5,,695,-431,坏棒 总长 1002m 任意重度敲 塑料头
249,14:16:54,hit_249_20260730_141654.csv,512,DEFECT,HIGH,0,79,110,797,500000,4354555,4354555,-4337691,569244.8,,695,102,坏棒 总长 1002m 任意重度敲 塑料头
250,14:16:54,hit_250_20260730_141654.csv,512,DEFECT,HIGH,0,22,111,220,500000,4693808,3851663,-4693808,184819.0,,695,-475,坏棒 总长 1002m 任意重度敲 塑料头
251,14:16:54,hit_251_20260730_141654.csv,512,DEFECT,HIGH,0,25,112,247,500000,5140452,4089589,-5140452,134923.3,,695,-448,坏棒 总长 1002m 任意重度敲 塑料头
252,14:16:55,hit_252_20260730_141655.csv,512,DEFECT,HIGH,0,21,110,212,500000,4584504,4235316,-4584504,541755.6,,695,-483,坏棒 总长 1002m 任意重度敲 塑料头
253,14:16:55,hit_253_20260730_141655.csv,512,DEFECT,HIGH,0,23,110,232,500000,4820583,4133540,-4820583,158289.9,,695,-463,坏棒 总长 1002m 任意重度敲 塑料头
254,14:16:55,hit_254_20260730_141655.csv,512,DEFECT,HIGH,0,21,110,212,500000,4592861,4112352,-4592861,285180.9,,695,-483,坏棒 总长 1002m 任意重度敲 塑料头
255,14:16:56,hit_255_20260730_141656.csv,512,DEFECT,HIGH,0,39,109,397,500000,4376933,4368574,-4376933,569878.2,,695,-298,坏棒 总长 1002m 任意重度敲 塑料头
256,14:16:56,hit_256_20260730_141656.csv,512,DEFECT,HIGH,0,22,110,222,500000,4707840,4024145,-4707840,273247.7,,695,-473,坏棒 总长 1002m 任意重度敲 塑料头
257,14:16:56,hit_257_20260730_141656.csv,512,DEFECT,HIGH,0,22,111,220,500000,4597017,4012566,-4597017,370946.0,,695,-475,坏棒 总长 1002m 任意重度敲 塑料头
258,14:16:57,hit_258_20260730_141657.csv,512,DEFECT,HIGH,0,22,111,220,500000,4697552,4029776,-4697552,425221.7,,695,-475,坏棒 总长 1002m 任意重度敲 塑料头
259,14:16:57,hit_259_20260730_141657.csv,512,DEFECT,HIGH,0,23,111,230,500000,4802275,3753148,-4802275,158494.6,,695,-465,坏棒 总长 1002m 任意重度敲 塑料头
260,14:16:57,hit_260_20260730_141657.csv,512,DEFECT,HIGH,0,22,110,222,500000,4580195,3786671,-4580195,138730.5,,695,-473,坏棒 总长 1002m 任意重度敲 塑料头
261,14:16:58,hit_261_20260730_141658.csv,512,DEFECT,HIGH,0,23,111,230,500000,4824514,4086087,-4824514,184052.1,,695,-465,坏棒 总长 1002m 任意重度敲 塑料头
262,14:16:58,hit_262_20260730_141658.csv,512,DEFECT,HIGH,0,22,110,222,500000,4607710,3625661,-4607710,-31027.2,,695,-473,坏棒 总长 1002m 任意重度敲 塑料头
263,14:16:58,hit_263_20260730_141658.csv,512,DEFECT,HIGH,0,40,110,404,500000,4309640,4028249,-4309640,312357.2,,695,-291,坏棒 总长 1002m 任意重度敲 塑料头
264,14:16:59,hit_264_20260730_141659.csv,512,DEFECT,HIGH,0,21,110,212,500000,4378122,3951956,-4378122,284007.6,,695,-483,坏棒 总长 1002m 任意重度敲 塑料头
265,14:16:59,hit_265_20260730_141659.csv,512,DEFECT,HIGH,0,22,110,222,500000,4521301,3877900,-4521301,194688.3,,695,-473,坏棒 总长 1002m 任意重度敲 塑料头
266,14:16:59,hit_266_20260730_141659.csv,512,DEFECT,HIGH,0,40,110,404,500000,4360984,4360984,-4221672,540568.3,,695,-291,坏棒 总长 1002m 任意重度敲 塑料头
267,14:17:00,hit_267_20260730_141700.csv,512,DEFECT,HIGH,0,21,111,210,500000,4659997,4414474,-4659997,629924.6,,695,-485,坏棒 总长 1002m 任意重度敲 塑料头
268,14:17:00,hit_268_20260730_141700.csv,512,DEFECT,HIGH,0,21,111,210,500000,4513639,4212056,-4513639,377255.0,,695,-485,坏棒 总长 1002m 任意重度敲 塑料头
269,14:17:00,hit_269_20260730_141700.csv,512,DEFECT,HIGH,0,23,111,230,500000,4852850,4036945,-4852850,259999.2,,695,-465,坏棒 总长 1002m 任意重度敲 塑料头
270,14:17:00,hit_270_20260730_141700.csv,512,DEFECT,HIGH,0,23,112,227,500000,4931865,4248524,-4931865,310179.9,,695,-468,坏棒 总长 1002m 任意重度敲 塑料头
271,14:17:01,hit_271_20260730_141701.csv,512,DEFECT,HIGH,0,22,114,213,500000,4713714,4515640,-4713714,428581.0,,695,-482,坏棒 总长 1002m 任意重度敲 塑料头
272,14:17:01,hit_272_20260730_141701.csv,512,DEFECT,HIGH,0,82,111,820,500000,4591576,4391851,-4591576,285816.8,,695,125,坏棒 总长 1002m 任意重度敲 塑料头
273,14:17:01,hit_273_20260730_141701.csv,512,DEFECT,HIGH,0,82,112,811,500000,4350993,4350993,-4300790,403644.9,,695,116,坏棒 总长 1002m 任意重度敲 塑料头
274,14:17:02,hit_274_20260730_141702.csv,512,DEFECT,HIGH,0,82,112,811,500000,4560363,4377354,-4560363,329533.5,,695,116,坏棒 总长 1002m 任意重度敲 塑料头
275,14:17:02,hit_275_20260730_141702.csv,512,DEFECT,HIGH,0,82,112,811,500000,4491738,4460778,-4491738,365476.0,,695,116,坏棒 总长 1002m 任意重度敲 塑料头
276,14:17:02,hit_276_20260730_141702.csv,512,DEFECT,HIGH,0,22,113,215,500000,4427674,4260967,-4427674,316693.8,,695,-480,坏棒 总长 1002m 任意重度敲 塑料头
277,14:17:03,hit_277_20260730_141703.csv,512,DEFECT,HIGH,0,82,112,811,500000,4354627,4354627,-3925141,469535.0,,695,116,坏棒 总长 1002m 任意重度敲 塑料头
278,14:17:03,hit_278_20260730_141703.csv,512,DEFECT,HIGH,0,82,111,820,500000,4610779,4610779,-4332099,483711.5,,695,125,坏棒 总长 1002m 任意重度敲 塑料头
279,14:17:04,hit_279_20260730_141704.csv,512,DEFECT,HIGH,0,83,112,821,500000,4552687,4552687,-4212116,519656.1,,695,126,坏棒 总长 1002m 任意重度敲 塑料头
280,14:17:04,hit_280_20260730_141704.csv,512,DEFECT,HIGH,0,83,112,821,500000,4589971,4415992,-4589971,309071.5,,695,126,坏棒 总长 1002m 任意重度敲 塑料头
281,14:17:04,hit_281_20260730_141704.csv,512,DEFECT,HIGH,0,81,111,810,500000,4385939,4385939,-3611448,539588.2,,695,115,坏棒 总长 1002m 任意重度敲 塑料头
282,14:17:05,hit_282_20260730_141705.csv,512,DEFECT,HIGH,0,82,111,820,500000,4524596,4524596,-4139299,451166.6,,695,125,坏棒 总长 1002m 任意重度敲 塑料头
283,14:17:05,hit_283_20260730_141705.csv,512,DEFECT,HIGH,0,22,112,217,500000,4661792,4237515,-4661792,391322.2,,695,-478,坏棒 总长 1002m 任意重度敲 塑料头
284,14:17:05,hit_284_20260730_141705.csv,512,DEFECT,HIGH,0,81,111,810,500000,4966628,4966628,-4537698,881631.8,,695,115,坏棒 总长 1002m 任意重度敲 塑料头
285,14:17:06,hit_285_20260730_141706.csv,512,DEFECT,HIGH,0,81,110,818,500000,4752876,4752876,-4201480,692096.7,,695,123,坏棒 总长 1002m 任意重度敲 塑料头
286,14:17:06,hit_286_20260730_141706.csv,512,DEFECT,HIGH,0,82,112,811,500000,4568976,4530380,-4568976,418700.4,,695,116,坏棒 总长 1002m 任意重度敲 塑料头
287,14:17:06,hit_287_20260730_141706.csv,512,DEFECT,HIGH,0,82,111,820,500000,4516025,4334501,-4516025,285842.1,,695,125,坏棒 总长 1002m 任意重度敲 塑料头
288,14:17:07,hit_288_20260730_141707.csv,512,DEFECT,HIGH,0,83,111,830,500000,4744923,4744923,-4730636,474034.0,,695,135,坏棒 总长 1002m 任意重度敲 塑料头
289,14:17:07,hit_289_20260730_141707.csv,512,DEFECT,HIGH,0,23,112,227,500000,4402230,4065920,-4402230,219247.5,,695,-468,坏棒 总长 1002m 任意重度敲 塑料头
290,14:17:07,hit_290_20260730_141707.csv,512,DEFECT,HIGH,0,82,112,811,500000,4633774,4496660,-4633774,299140.6,,695,116,坏棒 总长 1002m 任意重度敲 塑料头
291,14:17:08,hit_291_20260730_141708.csv,512,DEFECT,HIGH,0,25,113,245,500000,5014472,4426449,-5014472,222829.3,,695,-450,坏棒 总长 1002m 任意重度敲 塑料头
292,14:17:08,hit_292_20260730_141708.csv,512,DEFECT,HIGH,0,82,112,811,500000,4482480,4358979,-4482480,356024.9,,695,116,坏棒 总长 1002m 任意重度敲 塑料头
293,14:17:08,hit_293_20260730_141708.csv,512,DEFECT,HIGH,0,80,111,800,500000,4137048,4137048,-3845719,771130.4,,695,105,坏棒 总长 1002m 任意重度敲 塑料头
294,14:17:09,hit_294_20260730_141709.csv,512,DEFECT,HIGH,0,87,113,852,500000,4670976,4670976,-3778874,1186042.5,,695,157,坏棒 总长 1002m 任意重度敲 塑料头
295,14:17:09,hit_295_20260730_141709.csv,512,DEFECT,HIGH,0,81,112,801,500000,4140302,3982099,-4140302,277078.6,,695,106,坏棒 总长 1002m 任意重度敲 塑料头
296,14:17:09,hit_296_20260730_141709.csv,512,DEFECT,HIGH,0,84,113,823,500000,4801529,4801529,-3989846,644494.0,,695,128,坏棒 总长 1002m 任意重度敲 塑料头
297,14:17:10,hit_297_20260730_141710.csv,512,DEFECT,HIGH,0,85,115,817,500000,4365389,3949443,-4365389,92461.8,,695,122,坏棒 总长 1002m 任意重度敲 塑料头
298,14:17:10,hit_298_20260730_141710.csv,512,DEFECT,HIGH,0,83,112,821,500000,4650068,4650068,-4429451,459108.6,,695,126,坏棒 总长 1002m 任意重度敲 塑料头
299,14:17:10,hit_299_20260730_141710.csv,512,DEFECT,HIGH,0,83,112,821,500000,4399647,4399647,-3727965,433579.0,,695,126,坏棒 总长 1002m 任意重度敲 塑料头
300,14:17:10,hit_300_20260730_141710.csv,512,DEFECT,HIGH,0,86,114,834,500000,4855862,4855862,-4348646,650604.7,,695,139,坏棒 总长 1002m 任意重度敲 塑料头
301,14:17:11,hit_301_20260730_141711.csv,512,DEFECT,HIGH,0,84,113,823,500000,4678739,4678739,-4171304,563758.1,,695,128,坏棒 总长 1002m 任意重度敲 塑料头
302,14:17:11,hit_302_20260730_141711.csv,512,DEFECT,HIGH,0,83,114,805,500000,4137859,4137859,-3792919,467360.6,,695,110,坏棒 总长 1002m 任意重度敲 塑料头
303,14:17:11,hit_303_20260730_141711.csv,512,DEFECT,HIGH,0,84,113,823,500000,4636468,4562607,-4636468,305738.3,,695,128,坏棒 总长 1002m 任意重度敲 塑料头
304,14:17:12,hit_304_20260730_141712.csv,512,DEFECT,HIGH,0,83,113,813,500000,4517418,4517418,-4337567,302192.9,,695,118,坏棒 总长 1002m 任意重度敲 塑料头
305,14:17:12,hit_305_20260730_141712.csv,512,DEFECT,HIGH,0,84,113,823,500000,4672342,4672342,-4048770,424746.3,,695,128,坏棒 总长 1002m 任意重度敲 塑料头
306,14:17:12,hit_306_20260730_141712.csv,512,DEFECT,HIGH,0,83,113,813,500000,4609313,4609313,-4158539,323440.9,,695,118,坏棒 总长 1002m 任意重度敲 塑料头
307,14:17:13,hit_307_20260730_141713.csv,512,DEFECT,HIGH,0,83,113,813,500000,4413204,4413204,-3986697,328650.5,,695,118,坏棒 总长 1002m 任意重度敲 塑料头
308,14:17:13,hit_308_20260730_141713.csv,512,DEFECT,HIGH,0,83,112,821,500000,4611423,4611423,-3938552,682459.9,,695,126,坏棒 总长 1002m 任意重度敲 塑料头
309,14:17:13,hit_309_20260730_141713.csv,512,DEFECT,HIGH,0,39,113,382,500000,4004507,4004507,-3912268,287264.2,,695,-313,坏棒 总长 1002m 任意重度敲 塑料头
310,14:17:14,hit_310_20260730_141714.csv,512,DEFECT,HIGH,0,80,110,808,500000,4570057,4570057,-4101309,840898.6,,695,113,坏棒 总长 1002m 任意重度敲 塑料头
311,14:17:17,hit_311_20260730_141717.csv,512,DEFECT,HIGH,0,25,117,235,500000,4771921,3978602,-4771921,-34775.7,,695,-460,坏棒 总长 1002m 任意重度敲 塑料头
312,14:17:17,hit_312_20260730_141717.csv,512,DEFECT,HIGH,0,23,116,219,500000,4646569,3846819,-4646569,-12624.6,,695,-476,坏棒 总长 1002m 任意重度敲 塑料头
313,14:17:18,hit_313_20260730_141718.csv,512,DEFECT,HIGH,0,22,116,209,500000,4605280,4146274,-4605280,162973.7,,695,-486,坏棒 总长 1002m 任意重度敲 塑料头
314,14:17:18,hit_314_20260730_141718.csv,512,DEFECT,HIGH,0,83,113,813,500000,4538780,4538780,-3749201,539744.6,,695,118,坏棒 总长 1002m 任意重度敲 塑料头
315,14:17:18,hit_315_20260730_141718.csv,512,DEFECT,HIGH,0,85,115,817,500000,3986487,3986487,-3912055,410589.0,,695,122,坏棒 总长 1002m 任意重度敲 塑料头
316,14:17:19,hit_316_20260730_141719.csv,512,DEFECT,HIGH,0,86,114,834,500000,4818700,4818700,-3947696,676718.8,,695,139,坏棒 总长 1002m 任意重度敲 塑料头
317,14:17:19,hit_317_20260730_141719.csv,512,DEFECT,HIGH,0,83,113,813,500000,4438277,4438277,-3937333,428415.2,,695,118,坏棒 总长 1002m 任意重度敲 塑料头
318,14:17:19,hit_318_20260730_141719.csv,512,DEFECT,HIGH,0,83,113,813,500000,4707277,4236647,-4707277,172927.4,,695,118,坏棒 总长 1002m 任意重度敲 塑料头
319,14:17:20,hit_319_20260730_141720.csv,512,DEFECT,HIGH,0,84,114,815,500000,4605957,4605957,-3912521,491423.7,,695,120,坏棒 总长 1002m 任意重度敲 塑料头
320,14:17:20,hit_320_20260730_141720.csv,512,DEFECT,HIGH,0,83,113,813,500000,4352881,4352881,-3912590,292417.6,,695,118,坏棒 总长 1002m 任意重度敲 塑料头
321,14:17:21,hit_321_20260730_141721.csv,512,DEFECT,HIGH,0,24,114,233,500000,4649998,3786749,-4649998,-50523.7,,695,-462,坏棒 总长 1002m 任意重度敲 塑料头
322,14:17:21,hit_322_20260730_141721.csv,512,DEFECT,HIGH,0,83,112,821,500000,4264740,4264740,-4183820,279035.3,,695,126,坏棒 总长 1002m 任意重度敲 塑料头
323,14:17:21,hit_323_20260730_141721.csv,512,DEFECT,HIGH,0,22,113,215,500000,4200060,3967352,-4200060,151987.9,,695,-480,坏棒 总长 1002m 任意重度敲 塑料头
324,14:17:22,hit_324_20260730_141722.csv,512,DEFECT,HIGH,0,23,115,221,500000,4667314,3870975,-4667314,-16946.4,,695,-474,坏棒 总长 1002m 任意重度敲 塑料头
325,14:17:22,hit_325_20260730_141722.csv,512,DEFECT,HIGH,0,21,115,201,500000,4143466,3802026,-4143466,172878.9,,695,-494,坏棒 总长 1002m 任意重度敲 塑料头
326,14:17:22,hit_326_20260730_141722.csv,512,DEFECT,HIGH,0,41,113,401,500000,4050783,4050783,-3962944,269717.3,,695,-294,坏棒 总长 1002m 任意重度敲 塑料头
327,14:17:23,hit_327_20260730_141723.csv,512,DEFECT,HIGH,0,23,114,223,500000,4552826,4164957,-4552826,101834.7,,695,-472,坏棒 总长 1002m 任意重度敲 塑料头
328,14:17:23,hit_328_20260730_141723.csv,512,DEFECT,HIGH,0,21,114,203,500000,4256170,3957808,-4256170,108753.1,,695,-492,坏棒 总长 1002m 任意重度敲 塑料头
329,14:17:23,hit_329_20260730_141723.csv,512,DEFECT,HIGH,0,84,113,823,500000,4566808,4566808,-4183369,346799.3,,695,128,坏棒 总长 1002m 任意重度敲 塑料头
330,14:17:24,hit_330_20260730_141724.csv,512,DEFECT,HIGH,0,22,114,213,500000,4315818,3999100,-4315818,168166.3,,695,-482,坏棒 总长 1002m 任意重度敲 塑料头
331,14:17:24,hit_331_20260730_141724.csv,512,DEFECT,HIGH,0,83,113,813,500000,4585661,4585661,-4034314,579626.6,,695,118,坏棒 总长 1002m 任意重度敲 塑料头
332,14:17:24,hit_332_20260730_141724.csv,512,DEFECT,HIGH,0,21,114,203,500000,4225050,3802584,-4225050,116806.6,,695,-492,坏棒 总长 1002m 任意重度敲 塑料头
333,14:17:25,hit_333_20260730_141725.csv,512,DEFECT,HIGH,0,42,113,411,500000,4231369,4176500,-4231369,418560.4,,695,-284,坏棒 总长 1002m 任意重度敲 塑料头
334,14:17:25,hit_334_20260730_141725.csv,512,DEFECT,HIGH,0,21,114,203,500000,4259225,3886834,-4259225,225795.7,,695,-492,坏棒 总长 1002m 任意重度敲 塑料头
335,14:17:25,hit_335_20260730_141725.csv,512,DEFECT,HIGH,0,23,118,214,500000,4516891,3209295,-4516891,-127328.6,,695,-481,坏棒 总长 1002m 任意重度敲 塑料头
336,14:17:26,hit_336_20260730_141726.csv,512,DEFECT,HIGH,0,83,113,813,500000,4555188,4555188,-4118346,628882.0,,695,118,坏棒 总长 1002m 任意重度敲 塑料头
337,14:17:26,hit_337_20260730_141726.csv,512,DEFECT,HIGH,0,83,113,813,500000,4353314,4353314,-4108602,502066.8,,695,118,坏棒 总长 1002m 任意重度敲 塑料头
338,14:17:27,hit_338_20260730_141727.csv,512,DEFECT,HIGH,0,21,114,203,500000,4319629,4121599,-4319629,355172.1,,695,-492,坏棒 总长 1002m 任意重度敲 塑料头
339,14:17:27,hit_339_20260730_141727.csv,512,DEFECT,HIGH,0,44,114,427,500000,4211953,4092937,-4211953,330078.3,,695,-268,坏棒 总长 1002m 任意重度敲 塑料头
340,14:17:27,hit_340_20260730_141727.csv,512,DEFECT,HIGH,0,55,121,500,500000,3567409,3567409,-2695499,-13178.1,,695,-195,坏棒 总长 1002m 任意重度敲 塑料头
341,14:17:28,hit_341_20260730_141728.csv,512,DEFECT,HIGH,0,43,113,421,500000,4216305,4149719,-4216305,358374.0,,695,-274,坏棒 总长 1002m 任意重度敲 塑料头
342,14:17:28,hit_342_20260730_141728.csv,512,DEFECT,HIGH,0,43,113,421,500000,4221341,4167103,-4221341,396865.8,,695,-274,坏棒 总长 1002m 任意重度敲 塑料头
343,14:17:28,hit_343_20260730_141728.csv,512,DEFECT,HIGH,0,21,114,203,500000,4363803,4028421,-4363803,227127.0,,695,-492,坏棒 总长 1002m 任意重度敲 塑料头
344,14:17:29,hit_344_20260730_141729.csv,512,DEFECT,HIGH,0,43,113,421,500000,4168004,3985495,-4168004,292175.1,,695,-274,坏棒 总长 1002m 任意重度敲 塑料头
345,14:17:29,hit_345_20260730_141729.csv,512,DEFECT,HIGH,0,21,115,201,500000,4387516,3577440,-4387516,58476.8,,695,-494,坏棒 总长 1002m 任意重度敲 塑料头
346,14:17:29,hit_346_20260730_141729.csv,512,DEFECT,HIGH,0,82,113,803,500000,4211432,4211432,-3993205,491272.5,,695,108,坏棒 总长 1002m 任意重度敲 塑料头
347,14:17:30,hit_347_20260730_141730.csv,512,DEFECT,HIGH,0,21,114,203,500000,4413457,3923045,-4413457,184237.7,,695,-492,坏棒 总长 1002m 任意重度敲 塑料头
348,14:17:30,hit_348_20260730_141730.csv,512,DEFECT,HIGH,0,24,117,226,500000,4678761,3271018,-4678761,-213848.4,,695,-469,坏棒 总长 1002m 任意重度敲 塑料头
349,14:17:30,hit_349_20260730_141730.csv,512,DEFECT,HIGH,0,24,115,230,500000,4945851,4032157,-4945851,140895.2,,695,-465,坏棒 总长 1002m 任意重度敲 塑料头
350,14:17:31,hit_350_20260730_141731.csv,512,DEFECT,HIGH,0,23,115,221,500000,4767555,3537419,-4767555,-49998.1,,695,-474,坏棒 总长 1002m 任意重度敲 塑料头
351,14:17:31,hit_351_20260730_141731.csv,512,DEFECT,HIGH,0,42,112,415,500000,4212068,4083922,-4212068,322162.7,,695,-280,坏棒 总长 1002m 任意重度敲 塑料头
352,14:17:31,hit_352_20260730_141731.csv,512,DEFECT,HIGH,0,25,117,235,500000,5057309,3791152,-5057309,-7898.0,,695,-460,坏棒 总长 1002m 任意重度敲 塑料头
353,14:17:32,hit_353_20260730_141732.csv,512,DEFECT,HIGH,0,42,113,411,500000,4208958,4077883,-4208958,331200.1,,695,-284,坏棒 总长 1002m 任意重度敲 塑料头
354,14:17:32,hit_354_20260730_141732.csv,512,DEFECT,HIGH,0,22,115,211,500000,4451750,3569722,-4451750,79461.8,,695,-484,坏棒 总长 1002m 任意重度敲 塑料头
355,14:17:33,hit_355_20260730_141733.csv,512,DEFECT,HIGH,0,38,110,383,500000,4413953,4413953,-4090166,659111.5,,695,-312,坏棒 总长 1002m 任意重度敲 塑料头
356,14:17:34,hit_356_20260730_141734.csv,512,DEFECT,HIGH,0,21,111,210,500000,4473593,4473593,-4451188,576802.1,,695,-485,坏棒 总长 1002m 任意重度敲 塑料头
357,14:17:34,hit_357_20260730_141734.csv,512,DEFECT,HIGH,0,40,111,400,500000,4246622,3618866,-4246622,115194.1,,695,-295,坏棒 总长 1002m 任意重度敲 塑料头
358,14:17:34,hit_358_20260730_141734.csv,512,DEFECT,HIGH,0,36,113,352,500000,3971173,3307024,-3971173,202033.5,,695,-343,坏棒 总长 1002m 任意重度敲 塑料头
359,14:17:35,hit_359_20260730_141735.csv,512,DEFECT,HIGH,0,82,111,820,500000,4584607,4388566,-4584607,450954.6,,695,125,坏棒 总长 1002m 任意重度敲 塑料头
360,14:17:35,hit_360_20260730_141735.csv,512,DEFECT,HIGH,0,77,110,666,500000,5096936,5096936,-3230043,1459656.9,,695,-29,坏棒 总长 1002m 任意重度敲 塑料头
361,14:17:35,hit_361_20260730_141735.csv,512,DEFECT,HIGH,0,81,110,818,500000,5094607,5094607,-4423145,1132511.6,,695,123,坏棒 总长 1002m 任意重度敲 塑料头
362,14:17:36,hit_362_20260730_141736.csv,512,DEFECT,HIGH,0,82,111,820,500000,4846729,4846729,-4718442,597650.1,,695,125,坏棒 总长 1002m 任意重度敲 塑料头
363,14:17:36,hit_363_20260730_141736.csv,512,DEFECT,HIGH,0,83,112,821,500000,4961992,4961992,-4679473,809844.8,,695,126,坏棒 总长 1002m 任意重度敲 塑料头
364,14:17:36,hit_364_20260730_141736.csv,512,DEFECT,HIGH,0,82,111,820,500000,4887666,4887666,-4361011,705675.9,,695,125,坏棒 总长 1002m 任意重度敲 塑料头
365,14:17:37,hit_365_20260730_141737.csv,512,DEFECT,HIGH,0,82,112,811,500000,4892353,4515990,-4892353,369675.1,,695,116,坏棒 总长 1002m 任意重度敲 塑料头
366,14:17:37,hit_366_20260730_141737.csv,512,DEFECT,HIGH,0,82,111,820,500000,5255543,5255543,-4345920,1101811.5,,695,125,坏棒 总长 1002m 任意重度敲 塑料头
367,14:17:37,hit_367_20260730_141737.csv,512,DEFECT,HIGH,0,81,110,818,500000,5111074,5111074,-4423952,985543.9,,695,123,坏棒 总长 1002m 任意重度敲 塑料头
368,14:17:38,hit_368_20260730_141738.csv,512,DEFECT,HIGH,0,82,112,811,500000,4810692,4543789,-4810692,413015.8,,695,116,坏棒 总长 1002m 任意重度敲 塑料头
369,14:17:38,hit_369_20260730_141738.csv,512,DEFECT,HIGH,0,81,111,810,500000,4870967,4870967,-4528250,744326.3,,695,115,坏棒 总长 1002m 任意重度敲 塑料头
370,14:17:38,hit_370_20260730_141738.csv,512,DEFECT,HIGH,0,83,112,821,500000,4978728,4978728,-4781352,574191.7,,695,126,坏棒 总长 1002m 任意重度敲 塑料头
371,14:17:39,hit_371_20260730_141739.csv,512,DEFECT,HIGH,0,82,111,820,500000,5146034,5146034,-4119977,799304.5,,695,125,坏棒 总长 1002m 任意重度敲 塑料头
372,14:17:39,hit_372_20260730_141739.csv,512,DEFECT,HIGH,0,83,112,821,500000,4958475,4958475,-4693944,634706.8,,695,126,坏棒 总长 1002m 任意重度敲 塑料头
373,14:17:39,hit_373_20260730_141739.csv,512,DEFECT,HIGH,0,81,111,810,500000,4606012,4546372,-4606012,726647.1,,695,115,坏棒 总长 1002m 任意重度敲 塑料头
374,14:17:40,hit_374_20260730_141740.csv,512,DEFECT,HIGH,0,81,111,810,500000,5203915,5203915,-4473167,1169388.4,,695,115,坏棒 总长 1002m 任意重度敲 塑料头
375,14:17:40,hit_375_20260730_141740.csv,512,DEFECT,HIGH,0,81,111,810,500000,5199291,5199291,-4578214,1118303.9,,695,115,坏棒 总长 1002m 任意重度敲 塑料头
376,14:17:40,hit_376_20260730_141740.csv,512,DEFECT,HIGH,0,82,112,811,500000,4892409,4680998,-4892409,547953.1,,695,116,坏棒 总长 1002m 任意重度敲 塑料头
377,14:17:41,hit_377_20260730_141741.csv,512,DEFECT,HIGH,0,82,112,811,500000,4983897,4983897,-4784098,777275.0,,695,116,坏棒 总长 1002m 任意重度敲 塑料头
378,14:17:41,hit_378_20260730_141741.csv,512,DEFECT,HIGH,0,82,112,811,500000,4926950,4926950,-4789416,786941.7,,695,116,坏棒 总长 1002m 任意重度敲 塑料头
379,14:17:50,hit_379_20260730_141750.csv,512,DEFECT,HIGH,0,81,113,794,500000,3996410,3671284,-3996410,288040.3,,695,99,坏棒 总长 1002m 任意重度敲 塑料头
380,14:17:50,hit_380_20260730_141750.csv,512,DEFECT,HIGH,0,82,112,811,500000,4273647,4273647,-3912728,652335.0,,695,116,坏棒 总长 1002m 任意重度敲 塑料头
381,14:17:50,hit_381_20260730_141750.csv,512,DEFECT,HIGH,0,82,112,811,500000,4657717,4657717,-4453315,884608.7,,695,116,坏棒 总长 1002m 任意重度敲 塑料头
382,14:17:51,hit_382_20260730_141751.csv,512,NORMAL,HIGH,0,0,117,0,500000,5913644,5913644,-2650590,2397609.6,,695,,坏棒 总长 1002m 任意重度敲 塑料头
383,14:17:51,hit_383_20260730_141751.csv,512,DEFECT,HIGH,0,78,111,670,500000,5148882,5148882,-4122974,1269435.7,,695,-25,坏棒 总长 1002m 任意重度敲 塑料头
384,14:17:51,hit_384_20260730_141751.csv,512,DEFECT,HIGH,0,81,111,810,500000,5272737,5272737,-4507406,1164804.8,,695,115,坏棒 总长 1002m 任意重度敲 塑料头
385,14:17:52,hit_385_20260730_141752.csv,512,DEFECT,HIGH,0,82,112,811,500000,4845001,4574075,-4845001,671590.4,,695,116,坏棒 总长 1002m 任意重度敲 塑料头
386,14:17:52,hit_386_20260730_141752.csv,512,DEFECT,HIGH,0,82,112,811,500000,4981081,4981081,-4603929,1068399.6,,695,116,坏棒 总长 1002m 任意重度敲 塑料头
387,14:17:52,hit_387_20260730_141752.csv,512,DEFECT,HIGH,0,81,111,810,500000,5207348,5207348,-4481333,1125948.3,,695,115,坏棒 总长 1002m 任意重度敲 塑料头
388,14:17:52,hit_388_20260730_141752.csv,512,DEFECT,HIGH,0,81,111,810,500000,5179363,5179363,-4592153,965414.6,,695,115,坏棒 总长 1002m 任意重度敲 塑料头
389,14:17:53,hit_389_20260730_141753.csv,512,DEFECT,HIGH,0,76,110,656,500000,5544419,5544419,-4254774,1429444.0,,695,-39,坏棒 总长 1002m 任意重度敲 塑料头
390,14:17:53,hit_390_20260730_141753.csv,512,DEFECT,HIGH,0,81,112,801,500000,4987853,4382372,-4987853,445351.7,,695,106,坏棒 总长 1002m 任意重度敲 塑料头
391,14:17:53,hit_391_20260730_141753.csv,512,DEFECT,HIGH,0,21,111,210,500000,5315985,5315985,-4380769,1302086.3,,695,-485,坏棒 总长 1002m 任意重度敲 塑料头
392,14:17:54,hit_392_20260730_141754.csv,512,DEFECT,HIGH,0,81,111,810,500000,4782235,4730257,-4782235,699061.6,,695,115,坏棒 总长 1002m 任意重度敲 塑料头
393,14:17:54,hit_393_20260730_141754.csv,512,DEFECT,HIGH,0,81,111,810,500000,5392743,5392743,-4470358,1201085.9,,695,115,坏棒 总长 1002m 任意重度敲 塑料头
394,14:17:54,hit_394_20260730_141754.csv,512,DEFECT,HIGH,0,84,114,815,500000,4932416,4624929,-4932416,835523.6,,695,120,坏棒 总长 1002m 任意重度敲 塑料头
395,14:17:55,hit_395_20260730_141755.csv,512,DEFECT,HIGH,0,78,111,670,500000,5268154,5268154,-4156875,1405281.6,,695,-25,坏棒 总长 1002m 任意重度敲 塑料头
396,14:17:55,hit_396_20260730_141755.csv,512,DEFECT,HIGH,0,82,112,811,500000,4802601,4731101,-4802601,735074.6,,695,116,坏棒 总长 1002m 任意重度敲 塑料头
397,14:17:55,hit_397_20260730_141755.csv,512,DEFECT,HIGH,0,78,110,676,500000,5685788,5685788,-4006233,1923266.4,,695,-19,坏棒 总长 1002m 任意重度敲 塑料头
398,14:17:55,hit_398_20260730_141755.csv,512,DEFECT,HIGH,0,81,111,810,500000,4800961,4800961,-4615153,972000.1,,695,115,坏棒 总长 1002m 任意重度敲 塑料头
399,14:17:56,hit_399_20260730_141756.csv,512,DEFECT,HIGH,0,82,113,803,500000,4952103,4531241,-4952103,679496.0,,695,108,坏棒 总长 1002m 任意重度敲 塑料头
400,14:17:56,hit_400_20260730_141756.csv,512,DEFECT,HIGH,0,81,112,801,500000,4872929,4872929,-4660872,1016745.4,,695,106,坏棒 总长 1002m 任意重度敲 塑料头
401,14:17:56,hit_401_20260730_141756.csv,512,DEFECT,HIGH,0,30,117,283,500000,5749508,4111746,-5749508,-30616.6,,695,-412,坏棒 总长 1002m 任意重度敲 塑料头
402,14:17:57,hit_402_20260730_141757.csv,512,DEFECT,HIGH,0,27,116,257,500000,5362797,4506470,-5362797,426990.5,,695,-438,坏棒 总长 1002m 任意重度敲 塑料头
403,14:17:57,hit_403_20260730_141757.csv,512,DEFECT,HIGH,0,30,116,285,500000,5845635,4366439,-5845635,-21801.2,,695,-410,坏棒 总长 1002m 任意重度敲 塑料头
404,14:17:57,hit_404_20260730_141757.csv,512,DEFECT,HIGH,0,33,120,302,500000,6245403,3898674,-6245403,-336422.9,,695,-393,坏棒 总长 1002m 任意重度敲 塑料头
405,14:17:58,hit_405_20260730_141758.csv,512,DEFECT,HIGH,0,82,114,689,500000,5127836,5127836,-4652175,1289521.7,,695,-6,坏棒 总长 1002m 任意重度敲 塑料头
406,14:17:58,hit_406_20260730_141758.csv,512,DEFECT,HIGH,0,80,111,800,500000,4818628,4492994,-4818628,626376.7,,695,105,坏棒 总长 1002m 任意重度敲 塑料头
407,14:17:58,hit_407_20260730_141758.csv,512,DEFECT,HIGH,0,81,111,810,500000,5044600,5044600,-4516431,1085648.0,,695,115,坏棒 总长 1002m 任意重度敲 塑料头
408,14:17:59,hit_408_20260730_141759.csv,512,DEFECT,HIGH,0,24,113,235,500000,5195364,3878815,-5195364,127843.1,,695,-460,坏棒 总长 1002m 任意重度敲 塑料头
409,14:17:59,hit_409_20260730_141759.csv,512,DEFECT,HIGH,0,26,113,254,500000,5288246,3683870,-5288246,-57334.2,,695,-441,坏棒 总长 1002m 任意重度敲 塑料头
410,14:17:59,hit_410_20260730_141759.csv,512,DEFECT,HIGH,0,26,114,252,500000,5327560,3663137,-5327560,-68260.9,,695,-443,坏棒 总长 1002m 任意重度敲 塑料头
411,14:17:59,hit_411_20260730_141759.csv,512,DEFECT,HIGH,0,24,113,235,500000,5074790,3822550,-5074790,178344.6,,695,-460,坏棒 总长 1002m 任意重度敲 塑料头
412,14:18:00,hit_412_20260730_141800.csv,512,DEFECT,HIGH,0,81,111,810,500000,4951173,4951173,-4583401,1026293.3,,695,115,坏棒 总长 1002m 任意重度敲 塑料头
413,14:18:00,hit_413_20260730_141800.csv,512,DEFECT,HIGH,0,23,112,227,500000,4761794,4364603,-4761794,620766.1,,695,-468,坏棒 总长 1002m 任意重度敲 塑料头
414,14:18:01,hit_414_20260730_141801.csv,512,DEFECT,HIGH,0,80,111,800,500000,4765343,4729155,-4765343,798201.2,,695,105,坏棒 总长 1002m 任意重度敲 塑料头
415,14:18:01,hit_415_20260730_141801.csv,512,DEFECT,HIGH,0,81,112,801,500000,4819353,4564681,-4819353,638441.5,,695,106,坏棒 总长 1002m 任意重度敲 塑料头
416,14:18:01,hit_416_20260730_141801.csv,512,DEFECT,HIGH,0,81,112,801,500000,4957192,4957192,-4930373,708315.3,,695,106,坏棒 总长 1002m 任意重度敲 塑料头
417,14:18:02,hit_417_20260730_141802.csv,512,DEFECT,HIGH,0,81,112,801,500000,4906299,4787778,-4906299,648210.2,,695,106,坏棒 总长 1002m 任意重度敲 塑料头
418,14:18:02,hit_418_20260730_141802.csv,512,DEFECT,HIGH,0,81,111,810,500000,4957147,4957147,-4767475,783771.8,,695,115,坏棒 总长 1002m 任意重度敲 塑料头
419,14:18:02,hit_419_20260730_141802.csv,512,DEFECT,HIGH,0,24,112,237,500000,5014601,4100475,-5014601,341237.5,,695,-458,坏棒 总长 1002m 任意重度敲 塑料头
420,14:18:03,hit_420_20260730_141803.csv,512,DEFECT,HIGH,0,81,111,810,500000,4978133,4978133,-4680394,877267.0,,695,115,坏棒 总长 1002m 任意重度敲 塑料头
421,14:18:03,hit_421_20260730_141803.csv,512,DEFECT,HIGH,0,81,112,801,500000,4822411,4646979,-4822411,683838.2,,695,106,坏棒 总长 1002m 任意重度敲 塑料头
422,14:18:03,hit_422_20260730_141803.csv,512,DEFECT,HIGH,0,83,113,813,500000,4985839,4439717,-4985839,497900.5,,695,118,坏棒 总长 1002m 任意重度敲 塑料头
423,14:18:04,hit_423_20260730_141804.csv,512,DEFECT,HIGH,0,82,112,811,500000,4731210,4719705,-4731210,797030.4,,695,116,坏棒 总长 1002m 任意重度敲 塑料头
424,14:18:04,hit_424_20260730_141804.csv,512,DEFECT,HIGH,0,81,112,801,500000,4705256,4681649,-4705256,784450.9,,695,106,坏棒 总长 1002m 任意重度敲 塑料头
425,14:18:04,hit_425_20260730_141804.csv,512,DEFECT,HIGH,0,81,111,810,500000,4829540,4829540,-4614572,896408.4,,695,115,坏棒 总长 1002m 任意重度敲 塑料头
426,14:18:05,hit_426_20260730_141805.csv,512,DEFECT,HIGH,0,81,112,801,500000,4954954,4290190,-4954954,497467.4,,695,106,坏棒 总长 1002m 任意重度敲 塑料头
427,14:18:05,hit_427_20260730_141805.csv,512,DEFECT,HIGH,0,82,112,811,500000,4772553,4742663,-4772553,785442.5,,695,116,坏棒 总长 1002m 任意重度敲 塑料头
428,14:18:05,hit_428_20260730_141805.csv,512,DEFECT,HIGH,0,81,112,801,500000,4822168,4524177,-4822168,573841.9,,695,106,坏棒 总长 1002m 任意重度敲 塑料头
429,14:18:05,hit_429_20260730_141805.csv,512,DEFECT,HIGH,0,82,112,811,500000,4883242,4579198,-4883242,587751.1,,695,116,坏棒 总长 1002m 任意重度敲 塑料头
430,14:18:06,hit_430_20260730_141806.csv,512,DEFECT,HIGH,0,82,113,803,500000,4692688,4272919,-4692688,387032.0,,695,108,坏棒 总长 1002m 任意重度敲 塑料头
431,14:18:06,hit_431_20260730_141806.csv,512,DEFECT,HIGH,0,28,115,269,500000,5703869,4230856,-5703869,3303.9,,695,-426,坏棒 总长 1002m 任意重度敲 塑料头
432,14:18:06,hit_432_20260730_141806.csv,512,DEFECT,HIGH,0,31,118,289,500000,5683272,3631337,-5683272,-315611.7,,695,-406,坏棒 总长 1002m 任意重度敲 塑料头
433,14:18:07,hit_433_20260730_141807.csv,512,DEFECT,HIGH,0,26,115,250,500000,5217601,4953069,-5217601,819405.8,,695,-445,坏棒 总长 1002m 任意重度敲 塑料头
434,14:18:07,hit_434_20260730_141807.csv,512,DEFECT,HIGH,0,30,119,277,500000,5772057,4185173,-5772057,187376.8,,695,-418,坏棒 总长 1002m 任意重度敲 塑料头
435,14:18:07,hit_435_20260730_141807.csv,512,DEFECT,HIGH,0,82,112,811,500000,4904712,4422489,-4904712,507121.2,,695,116,坏棒 总长 1002m 任意重度敲 塑料头
436,14:18:08,hit_436_20260730_141808.csv,512,DEFECT,HIGH,0,82,112,811,500000,4801590,4785582,-4801590,673943.0,,695,116,坏棒 总长 1002m 任意重度敲 塑料头
437,14:18:08,hit_437_20260730_141808.csv,512,DEFECT,HIGH,0,83,113,813,500000,4690820,4628822,-4690820,710702.0,,695,118,坏棒 总长 1002m 任意重度敲 塑料头
438,14:18:08,hit_438_20260730_141808.csv,512,DEFECT,HIGH,0,82,112,811,500000,4594714,4594714,-4473533,645391.6,,695,116,坏棒 总长 1002m 任意重度敲 塑料头
439,14:18:09,hit_439_20260730_141809.csv,512,DEFECT,HIGH,0,85,116,809,500000,5244386,4539732,-5244386,644658.5,,695,114,坏棒 总长 1002m 任意重度敲 塑料头
440,14:18:09,hit_440_20260730_141809.csv,512,DEFECT,HIGH,0,83,113,813,500000,4715255,4533950,-4715255,678129.6,,695,118,坏棒 总长 1002m 任意重度敲 塑料头
441,14:18:09,hit_441_20260730_141809.csv,512,DEFECT,HIGH,0,32,117,301,500000,5966546,3956407,-5966546,-383192.9,,695,-394,坏棒 总长 1002m 任意重度敲 塑料头
442,14:18:09,hit_442_20260730_141809.csv,512,DEFECT,HIGH,0,82,112,811,500000,4858820,4435864,-4858820,488478.9,,695,116,坏棒 总长 1002m 任意重度敲 塑料头
443,14:18:10,hit_443_20260730_141810.csv,512,DEFECT,HIGH,0,24,113,235,500000,4992194,4213890,-4992194,291464.0,,695,-460,坏棒 总长 1002m 任意重度敲 塑料头
444,14:18:10,hit_444_20260730_141810.csv,512,DEFECT,HIGH,0,81,111,810,500000,4727672,4564959,-4727672,614245.9,,695,115,坏棒 总长 1002m 任意重度敲 塑料头
445,14:18:11,hit_445_20260730_141811.csv,512,DEFECT,HIGH,0,28,119,259,500000,5272851,4694019,-5272851,707727.8,,695,-436,坏棒 总长 1002m 任意重度敲 塑料头
446,14:18:11,hit_446_20260730_141811.csv,512,DEFECT,HIGH,0,81,111,810,500000,4991315,4991315,-4478470,1135679.6,,695,115,坏棒 总长 1002m 任意重度敲 塑料头
447,14:18:11,hit_447_20260730_141811.csv,512,DEFECT,HIGH,0,26,115,250,500000,5024814,3527694,-5024814,-56791.5,,695,-445,坏棒 总长 1002m 任意重度敲 塑料头
448,14:18:11,hit_448_20260730_141811.csv,512,DEFECT,HIGH,0,77,110,666,500000,5464668,5464668,-4224557,1477513.9,,695,-29,坏棒 总长 1002m 任意重度敲 塑料头
449,14:18:12,hit_449_20260730_141812.csv,512,DEFECT,HIGH,0,26,114,252,500000,5270523,4130947,-5270523,199162.2,,695,-443,坏棒 总长 1002m 任意重度敲 塑料头
450,14:18:12,hit_450_20260730_141812.csv,512,DEFECT,HIGH,0,83,112,821,500000,4818280,4531758,-4818280,558183.6,,695,126,坏棒 总长 1002m 任意重度敲 塑料头
451,14:18:12,hit_451_20260730_141812.csv,512,DEFECT,HIGH,0,26,114,252,500000,5167666,3543831,-5167666,-134945.2,,695,-443,坏棒 总长 1002m 任意重度敲 塑料头
452,14:18:13,hit_452_20260730_141813.csv,512,DEFECT,HIGH,0,83,113,813,500000,4917436,4635270,-4917436,624325.2,,695,118,坏棒 总长 1002m 任意重度敲 塑料头
453,14:18:13,hit_453_20260730_141813.csv,512,DEFECT,HIGH,0,82,112,811,500000,4846160,4539808,-4846160,493381.0,,695,116,坏棒 总长 1002m 任意重度敲 塑料头
454,14:18:13,hit_454_20260730_141813.csv,512,DEFECT,HIGH,0,82,112,811,500000,4718128,4518015,-4718128,448184.0,,695,116,坏棒 总长 1002m 任意重度敲 塑料头
455,14:18:14,hit_455_20260730_141814.csv,512,DEFECT,HIGH,0,82,111,820,500000,4672475,4672475,-4644005,653001.8,,695,125,坏棒 总长 1002m 任意重度敲 塑料头
456,14:18:14,hit_456_20260730_141814.csv,512,DEFECT,HIGH,0,81,111,810,500000,4548997,4539198,-4548997,565843.8,,695,115,坏棒 总长 1002m 任意重度敲 塑料头
457,14:18:14,hit_457_20260730_141814.csv,512,DEFECT,HIGH,0,23,116,219,500000,3938101,2889123,-3938101,-158723.6,,695,-476,坏棒 总长 1002m 任意重度敲 塑料头
458,14:18:15,hit_458_20260730_141815.csv,512,DEFECT,HIGH,0,81,111,810,500000,4878649,4878649,-3988423,1001325.0,,695,115,坏棒 总长 1002m 任意重度敲 塑料头
459,14:18:15,hit_459_20260730_141815.csv,512,DEFECT,HIGH,0,82,112,811,500000,4862161,4704610,-4862161,601687.6,,695,116,坏棒 总长 1002m 任意重度敲 塑料头
460,14:18:15,hit_460_20260730_141815.csv,512,DEFECT,HIGH,0,83,113,813,500000,4896679,4634493,-4896679,592780.7,,695,118,坏棒 总长 1002m 任意重度敲 塑料头
461,14:18:16,hit_461_20260730_141816.csv,512,DEFECT,HIGH,0,30,117,283,500000,6003315,4309887,-6003315,-178576.6,,695,-412,坏棒 总长 1002m 任意重度敲 塑料头
462,14:18:16,hit_462_20260730_141816.csv,512,DEFECT,HIGH,0,25,113,245,500000,5166051,4761270,-5166051,614268.3,,695,-450,坏棒 总长 1002m 任意重度敲 塑料头
463,14:18:17,hit_463_20260730_141817.csv,512,DEFECT,HIGH,0,25,112,247,500000,5179552,4046253,-5179552,195954.3,,695,-448,坏棒 总长 1002m 任意重度敲 塑料头
464,14:18:17,hit_464_20260730_141817.csv,512,DEFECT,HIGH,0,83,112,821,500000,5455776,5455776,-4654177,1347207.6,,695,126,坏棒 总长 1002m 任意重度敲 塑料头
465,14:18:17,hit_465_20260730_141817.csv,512,DEFECT,HIGH,0,23,112,227,500000,4859390,4068654,-4859390,417913.8,,695,-468,坏棒 总长 1002m 任意重度敲 塑料头
466,14:18:18,hit_466_20260730_141818.csv,512,DEFECT,HIGH,0,81,111,810,500000,5414497,5414497,-4517022,1148681.5,,695,115,坏棒 总长 1002m 任意重度敲 塑料头
467,14:18:18,hit_467_20260730_141818.csv,512,DEFECT,HIGH,0,81,112,801,500000,5145933,5145933,-4763511,879049.9,,695,106,坏棒 总长 1002m 任意重度敲 塑料头
468,14:18:18,hit_468_20260730_141818.csv,512,DEFECT,HIGH,0,23,111,230,500000,4887597,4836532,-4887597,666344.8,,695,-465,坏棒 总长 1002m 任意重度敲 塑料头
469,14:18:19,hit_469_20260730_141819.csv,512,DEFECT,HIGH,0,28,114,271,500000,5580871,3765331,-5580871,-152897.0,,695,-424,坏棒 总长 1002m 任意重度敲 塑料头
470,14:18:19,hit_470_20260730_141819.csv,512,DEFECT,HIGH,0,23,112,227,500000,5013368,4720184,-5013368,473378.7,,695,-468,坏棒 总长 1002m 任意重度敲 塑料头
471,14:18:19,hit_471_20260730_141819.csv,512,DEFECT,HIGH,0,80,111,800,500000,4861451,4556590,-4861451,641410.6,,695,105,坏棒 总长 1002m 任意重度敲 塑料头
472,14:18:20,hit_472_20260730_141820.csv,512,DEFECT,HIGH,0,25,113,245,500000,5280021,4632814,-5280021,381503.0,,695,-450,坏棒 总长 1002m 任意重度敲 塑料头
473,14:18:20,hit_473_20260730_141820.csv,512,DEFECT,HIGH,0,81,111,810,500000,5202638,5202638,-4763863,960232.8,,695,115,坏棒 总长 1002m 任意重度敲 塑料头
474,14:18:20,hit_474_20260730_141820.csv,512,DEFECT,HIGH,0,25,113,245,500000,5175313,4642206,-5175313,376643.9,,695,-450,坏棒 总长 1002m 任意重度敲 塑料头
475,14:18:21,hit_475_20260730_141821.csv,512,DEFECT,HIGH,0,23,111,230,500000,4904408,4841189,-4904408,647540.8,,695,-465,坏棒 总长 1002m 任意重度敲 塑料头
476,14:18:21,hit_476_20260730_141821.csv,512,DEFECT,HIGH,0,24,112,237,500000,5024994,4765623,-5024994,517029.5,,695,-458,坏棒 总长 1002m 任意重度敲 塑料头
477,14:18:21,hit_477_20260730_141821.csv,512,DEFECT,HIGH,0,81,111,810,500000,5245770,5245770,-4673643,942369.3,,695,115,坏棒 总长 1002m 任意重度敲 塑料头
478,14:18:22,hit_478_20260730_141822.csv,512,DEFECT,HIGH,0,25,113,245,500000,4942790,3283090,-4942790,-97095.6,,695,-450,坏棒 总长 1002m 任意重度敲 塑料头
479,14:18:22,hit_479_20260730_141822.csv,512,DEFECT,HIGH,0,23,112,227,500000,4923386,4670467,-4923386,578970.8,,695,-468,坏棒 总长 1002m 任意重度敲 塑料头
480,14:18:22,hit_480_20260730_141822.csv,512,DEFECT,HIGH,0,82,112,811,500000,4924556,4607140,-4924556,564857.0,,695,116,坏棒 总长 1002m 任意重度敲 塑料头
481,14:18:23,hit_481_20260730_141823.csv,512,DEFECT,HIGH,0,22,112,217,500000,5499093,5499093,-4456995,1411337.5,,695,-478,坏棒 总长 1002m 任意重度敲 塑料头
482,14:18:23,hit_482_20260730_141823.csv,512,DEFECT,HIGH,0,81,112,801,500000,4941723,4440184,-4941723,535561.5,,695,106,坏棒 总长 1002m 任意重度敲 塑料头
483,14:18:23,hit_483_20260730_141823.csv,512,DEFECT,HIGH,0,24,113,235,500000,5069930,4502463,-5069930,447706.6,,695,-460,坏棒 总长 1002m 任意重度敲 塑料头
484,14:18:24,hit_484_20260730_141824.csv,512,DEFECT,HIGH,0,82,111,820,500000,5154699,5154699,-4725873,928777.2,,695,125,坏棒 总长 1002m 任意重度敲 塑料头
485,14:18:24,hit_485_20260730_141824.csv,512,DEFECT,HIGH,0,81,112,801,500000,4999489,4999489,-4805196,825466.8,,695,106,坏棒 总长 1002m 任意重度敲 塑料头
486,14:18:24,hit_486_20260730_141824.csv,512,DEFECT,HIGH,0,23,112,227,500000,5100975,5100975,-4827227,742751.4,,695,-468,坏棒 总长 1002m 任意重度敲 塑料头
487,14:18:25,hit_487_20260730_141825.csv,512,DEFECT,HIGH,0,79,110,797,500000,4873503,4873503,-4707876,800905.1,,695,102,坏棒 总长 1002m 任意重度敲 塑料头
488,14:18:25,hit_488_20260730_141825.csv,512,DEFECT,HIGH,0,24,112,237,500000,5079434,4211967,-5079434,373756.2,,695,-458,坏棒 总长 1002m 任意重度敲 塑料头
489,14:18:25,hit_489_20260730_141825.csv,512,DEFECT,HIGH,0,80,110,808,500000,5423122,5423122,-4486047,1220703.8,,695,113,坏棒 总长 1002m 任意重度敲 塑料头
490,14:18:26,hit_490_20260730_141826.csv,512,DEFECT,HIGH,0,82,112,811,500000,4905526,4668414,-4905526,606048.4,,695,116,坏棒 总长 1002m 任意重度敲 塑料头
491,14:18:26,hit_491_20260730_141826.csv,512,DEFECT,HIGH,0,81,111,810,500000,5306432,5306432,-4553343,1058796.0,,695,115,坏棒 总长 1002m 任意重度敲 塑料头
492,14:18:26,hit_492_20260730_141826.csv,512,DEFECT,HIGH,0,81,111,810,500000,4786555,4786555,-4759838,723854.0,,695,115,坏棒 总长 1002m 任意重度敲 塑料头
493,14:18:27,hit_493_20260730_141827.csv,512,DEFECT,HIGH,0,81,112,801,500000,4932499,4932499,-4828602,708584.1,,695,106,坏棒 总长 1002m 任意重度敲 塑料头
494,14:18:27,hit_494_20260730_141827.csv,512,DEFECT,HIGH,0,23,112,227,500000,4955074,4602623,-4955074,563891.2,,695,-468,坏棒 总长 1002m 任意重度敲 塑料头
495,14:18:27,hit_495_20260730_141827.csv,512,DEFECT,HIGH,0,24,112,237,500000,5053196,4453454,-5053196,468294.1,,695,-458,坏棒 总长 1002m 任意重度敲 塑料头
496,14:18:27,hit_496_20260730_141827.csv,512,DEFECT,HIGH,0,23,111,230,500000,5059055,4360849,-5059055,413334.1,,695,-465,坏棒 总长 1002m 任意重度敲 塑料头
497,14:18:28,hit_497_20260730_141828.csv,512,DEFECT,HIGH,0,24,113,235,500000,5012867,4807386,-5012867,524232.4,,695,-460,坏棒 总长 1002m 任意重度敲 塑料头
498,14:18:28,hit_498_20260730_141828.csv,512,DEFECT,HIGH,0,25,113,245,500000,5111626,4599419,-5111626,562991.8,,695,-450,坏棒 总长 1002m 任意重度敲 塑料头
499,14:18:28,hit_499_20260730_141828.csv,512,DEFECT,HIGH,0,21,110,212,500000,4633228,4191067,-4633228,652062.3,,695,-483,坏棒 总长 1002m 任意重度敲 塑料头
500,14:18:29,hit_500_20260730_141829.csv,512,DEFECT,HIGH,0,24,112,237,500000,5093578,4169002,-5093578,277979.1,,695,-458,坏棒 总长 1002m 任意重度敲 塑料头
501,14:18:29,hit_501_20260730_141829.csv,512,DEFECT,HIGH,0,24,112,237,500000,5165737,5165737,-4941547,688482.0,,695,-458,坏棒 总长 1002m 任意重度敲 塑料头
502,14:18:29,hit_502_20260730_141829.csv,512,DEFECT,HIGH,0,37,114,359,500000,2651589,2651589,-2468507,-83424.1,,695,-336,坏棒 总长 1002m 任意重度敲 塑料头
503,14:18:29,hit_503_20260730_141829.csv,512,DEFECT,HIGH,0,80,110,808,500000,5507796,5507796,-4446383,1271481.3,,695,113,坏棒 总长 1002m 任意重度敲 塑料头
504,14:18:30,hit_504_20260730_141830.csv,512,DEFECT,HIGH,0,23,112,227,500000,5022676,4058547,-5022676,299160.9,,695,-468,坏棒 总长 1002m 任意重度敲 塑料头
505,14:18:30,hit_505_20260730_141830.csv,512,DEFECT,HIGH,0,81,111,810,500000,5323648,5323648,-4518667,1165573.4,,695,115,坏棒 总长 1002m 任意重度敲 塑料头
506,14:18:30,hit_506_20260730_141830.csv,512,DEFECT,HIGH,0,23,111,230,500000,4922476,4247960,-4922476,406815.4,,695,-465,坏棒 总长 1002m 任意重度敲 塑料头
507,14:18:30,hit_507_20260730_141830.csv,512,DEFECT,HIGH,0,81,111,810,500000,4922713,4922713,-4721827,816224.2,,695,115,坏棒 总长 1002m 任意重度敲 塑料头
508,14:18:31,hit_508_20260730_141831.csv,512,DEFECT,HIGH,0,81,111,810,500000,5202731,5202731,-4704736,947322.6,,695,115,坏棒 总长 1002m 任意重度敲 塑料头
509,14:18:31,hit_509_20260730_141831.csv,512,DEFECT,HIGH,0,26,113,254,500000,5351998,3688353,-5351998,-47173.1,,695,-441,坏棒 总长 1002m 任意重度敲 塑料头
510,14:18:31,hit_510_20260730_141831.csv,512,DEFECT,HIGH,0,24,111,240,500000,4935491,3607672,-4935491,93781.2,,695,-455,坏棒 总长 1002m 任意重度敲 塑料头
511,14:18:32,hit_511_20260730_141832.csv,512,DEFECT,HIGH,0,80,110,808,500000,5056348,5056348,-4627435,957846.9,,695,113,坏棒 总长 1002m 任意重度敲 塑料头
512,14:18:32,hit_512_20260730_141832.csv,512,DEFECT,HIGH,0,79,110,797,500000,4929448,4929448,-4690570,840793.9,,695,102,坏棒 总长 1002m 任意重度敲 塑料头
513,14:18:32,hit_513_20260730_141832.csv,512,DEFECT,HIGH,0,24,112,237,500000,5155500,4478567,-5155500,334687.6,,695,-458,坏棒 总长 1002m 任意重度敲 塑料头
514,14:18:33,hit_514_20260730_141833.csv,512,DEFECT,HIGH,0,81,112,801,500000,4828580,4828580,-4783154,785422.9,,695,106,坏棒 总长 1002m 任意重度敲 塑料头
515,14:18:33,hit_515_20260730_141833.csv,512,DEFECT,HIGH,0,24,112,237,500000,5112494,5112494,-4928137,776528.0,,695,-458,坏棒 总长 1002m 任意重度敲 塑料头
516,14:18:33,hit_516_20260730_141833.csv,512,DEFECT,HIGH,0,80,110,808,500000,5180198,5180198,-4580264,935211.7,,695,113,坏棒 总长 1002m 任意重度敲 塑料头
517,14:18:33,hit_517_20260730_141833.csv,512,DEFECT,HIGH,0,22,111,220,500000,4733474,4641797,-4733474,804808.1,,695,-475,坏棒 总长 1002m 任意重度敲 塑料头
518,14:18:34,hit_518_20260730_141834.csv,512,DEFECT,HIGH,0,80,110,808,500000,5480658,5480658,-4419920,1300102.3,,695,113,坏棒 总长 1002m 任意重度敲 塑料头
519,14:18:34,hit_519_20260730_141834.csv,512,DEFECT,HIGH,0,81,111,810,500000,5292129,5292129,-4574589,1121366.6,,695,115,坏棒 总长 1002m 任意重度敲 塑料头
520,14:18:34,hit_520_20260730_141834.csv,512,DEFECT,HIGH,0,23,112,227,500000,4991534,4789229,-4991534,644001.4,,695,-468,坏棒 总长 1002m 任意重度敲 塑料头
521,14:18:35,hit_521_20260730_141835.csv,512,DEFECT,HIGH,0,24,112,237,500000,5107539,4767411,-5107539,457169.5,,695,-458,坏棒 总长 1002m 任意重度敲 塑料头
522,14:18:35,hit_522_20260730_141835.csv,512,DEFECT,HIGH,0,80,110,808,500000,5417954,5417954,-4532715,1113509.9,,695,113,坏棒 总长 1002m 任意重度敲 塑料头
523,14:18:35,hit_523_20260730_141835.csv,512,DEFECT,HIGH,0,25,112,247,500000,5193874,4273628,-5193874,259109.3,,695,-448,坏棒 总长 1002m 任意重度敲 塑料头
524,14:18:36,hit_524_20260730_141836.csv,512,DEFECT,HIGH,0,81,111,810,500000,5020213,5020213,-4468622,1233666.0,,695,115,坏棒 总长 1002m 任意重度敲 塑料头
525,14:18:36,hit_525_20260730_141836.csv,512,DEFECT,HIGH,0,81,111,810,500000,5065758,5065758,-4716844,854136.9,,695,115,坏棒 总长 1002m 任意重度敲 塑料头
526,14:18:36,hit_526_20260730_141836.csv,512,DEFECT,HIGH,0,80,111,800,500000,5042662,5042662,-4534953,1057013.0,,695,105,坏棒 总长 1002m 任意重度敲 塑料头
527,14:18:36,hit_527_20260730_141836.csv,512,DEFECT,HIGH,0,80,110,808,500000,4631865,4631865,-4575601,866237.2,,695,113,坏棒 总长 1002m 任意重度敲 塑料头
528,14:18:37,hit_528_20260730_141837.csv,512,DEFECT,HIGH,0,24,112,237,500000,4980812,3983114,-4980812,369253.3,,695,-458,坏棒 总长 1002m 任意重度敲 塑料头
529,14:18:37,hit_529_20260730_141837.csv,512,DEFECT,HIGH,0,79,110,797,500000,4704841,4704841,-4585137,877613.2,,695,102,坏棒 总长 1002m 任意重度敲 塑料头
530,14:18:37,hit_530_20260730_141837.csv,512,DEFECT,HIGH,0,22,110,222,500000,5084374,5084374,-4718472,757560.8,,695,-473,坏棒 总长 1002m 任意重度敲 塑料头
531,14:18:37,hit_531_20260730_141837.csv,512,DEFECT,HIGH,0,26,113,254,500000,5352956,3463430,-5352956,-191096.1,,695,-441,坏棒 总长 1002m 任意重度敲 塑料头
532,14:18:38,hit_532_20260730_141838.csv,512,DEFECT,HIGH,0,80,110,808,500000,4833161,4833161,-4681029,702726.7,,695,113,坏棒 总长 1002m 任意重度敲 塑料头
533,14:18:38,hit_533_20260730_141838.csv,512,DEFECT,HIGH,0,80,111,800,500000,5053497,5053497,-4733016,848747.3,,695,105,坏棒 总长 1002m 任意重度敲 塑料头
534,14:18:38,hit_534_20260730_141838.csv,512,DEFECT,HIGH,0,79,111,790,500000,4804633,4804633,-4681336,762107.5,,695,95,坏棒 总长 1002m 任意重度敲 塑料头
535,14:18:39,hit_535_20260730_141839.csv,512,DEFECT,HIGH,0,80,111,800,500000,5457086,5457086,-4665404,1060745.3,,695,105,坏棒 总长 1002m 任意重度敲 塑料头
536,14:18:39,hit_536_20260730_141839.csv,512,DEFECT,HIGH,0,23,111,230,500000,4887999,4557078,-4887999,479074.8,,695,-465,坏棒 总长 1002m 任意重度敲 塑料头
537,14:18:39,hit_537_20260730_141839.csv,512,DEFECT,HIGH,0,78,110,787,500000,4669690,4664756,-4669690,708093.5,,695,92,坏棒 总长 1002m 任意重度敲 塑料头
538,14:18:39,hit_538_20260730_141839.csv,512,DEFECT,HIGH,0,80,111,800,500000,4843785,4843785,-4766891,673367.4,,695,105,坏棒 总长 1002m 任意重度敲 塑料头
539,14:18:40,hit_539_20260730_141840.csv,512,DEFECT,HIGH,0,76,108,783,500000,5232674,5232674,-3932576,1122346.3,,695,88,坏棒 总长 1002m 任意重度敲 塑料头
540,14:18:40,hit_540_20260730_141840.csv,512,DEFECT,HIGH,0,79,111,790,500000,4757976,4661336,-4757976,666113.3,,695,95,坏棒 总长 1002m 任意重度敲 塑料头
541,14:18:40,hit_541_20260730_141840.csv,512,DEFECT,HIGH,0,80,110,808,500000,5304421,5304421,-4536569,1026105.4,,695,113,坏棒 总长 1002m 任意重度敲 塑料头
542,14:18:41,hit_542_20260730_141841.csv,512,DEFECT,HIGH,0,79,110,797,500000,4966163,4966163,-4530438,876842.0,,695,102,坏棒 总长 1002m 任意重度敲 塑料头
543,14:18:41,hit_543_20260730_141841.csv,512,DEFECT,HIGH,0,78,110,787,500000,4798004,4798004,-4483072,788225.1,,695,92,坏棒 总长 1002m 任意重度敲 塑料头
544,14:18:41,hit_544_20260730_141841.csv,512,DEFECT,HIGH,0,76,108,783,500000,5269758,5269758,-4096096,1109376.8,,695,88,坏棒 总长 1002m 任意重度敲 塑料头
545,14:18:42,hit_545_20260730_141842.csv,512,DEFECT,HIGH,0,78,109,795,500000,5440940,5440940,-4193814,1213472.9,,695,100,坏棒 总长 1002m 任意重度敲 塑料头
546,14:18:42,hit_546_20260730_141842.csv,512,DEFECT,HIGH,0,43,108,443,500000,4833070,4833070,-4491033,689759.8,,695,-252,坏棒 总长 1002m 任意重度敲 塑料头
547,14:18:42,hit_547_20260730_141842.csv,512,DEFECT,HIGH,0,79,111,790,500000,5024806,5024806,-4627447,857058.5,,695,95,坏棒 总长 1002m 任意重度敲 塑料头
548,14:18:42,hit_548_20260730_141842.csv,512,DEFECT,HIGH,0,77,109,785,500000,4952611,4952611,-4225053,980722.8,,695,90,坏棒 总长 1002m 任意重度敲 塑料头
549,14:18:43,hit_549_20260730_141843.csv,512,DEFECT,HIGH,0,41,108,422,500000,4582739,3692772,-4582739,213255.5,,695,-273,坏棒 总长 1002m 任意重度敲 塑料头
550,14:18:43,hit_550_20260730_141843.csv,512,DEFECT,HIGH,0,78,109,795,500000,5165959,5165959,-4355889,974570.2,,695,100,坏棒 总长 1002m 任意重度敲 塑料头
551,14:18:43,hit_551_20260730_141843.csv,512,DEFECT,HIGH,0,21,109,214,500000,4701045,4221712,-4701045,367819.7,,695,-481,坏棒 总长 1002m 任意重度敲 塑料头
552,14:18:44,hit_552_20260730_141844.csv,512,DEFECT,HIGH,0,76,108,783,500000,4772026,4772026,-4391795,693211.8,,695,88,坏棒 总长 1002m 任意重度敲 塑料头
553,14:18:44,hit_553_20260730_141844.csv,512,DEFECT,HIGH,0,39,108,402,500000,4526460,3789645,-4526460,192152.8,,695,-293,坏棒 总长 1002m 任意重度敲 塑料头
554,14:18:44,hit_554_20260730_141844.csv,512,DEFECT,HIGH,0,21,109,214,500000,4553224,3953595,-4553224,277403.9,,695,-481,坏棒 总长 1002m 任意重度敲 塑料头
555,14:18:44,hit_555_20260730_141844.csv,512,DEFECT,HIGH,0,43,108,443,500000,5133467,5133467,-4295601,872446.8,,695,-252,坏棒 总长 1002m 任意重度敲 塑料头
556,14:18:45,hit_556_20260730_141845.csv,512,DEFECT,HIGH,0,21,109,214,500000,4490420,4473140,-4490420,509576.0,,695,-481,坏棒 总长 1002m 任意重度敲 塑料头
557,14:18:45,hit_557_20260730_141845.csv,512,DEFECT,HIGH,0,21,109,214,500000,4788907,4788907,-4588241,686128.6,,695,-481,坏棒 总长 1002m 任意重度敲 塑料头
558,14:18:45,hit_558_20260730_141845.csv,512,DEFECT,HIGH,0,39,111,390,500000,4149616,2739465,-4149616,-300332.2,,695,-305,坏棒 总长 1002m 任意重度敲 塑料头
559,14:18:46,hit_559_20260730_141846.csv,512,DEFECT,HIGH,0,78,109,795,500000,5021014,5021014,-4474974,788776.1,,695,100,坏棒 总长 1002m 任意重度敲 塑料头
560,14:18:46,hit_560_20260730_141846.csv,512,DEFECT,HIGH,0,42,108,432,500000,4475864,4448700,-4475864,505162.5,,695,-263,坏棒 总长 1002m 任意重度敲 塑料头
561,14:18:46,hit_561_20260730_141846.csv,512,DEFECT,HIGH,0,79,110,797,500000,5104830,5104830,-4387050,928394.2,,695,102,坏棒 总长 1002m 任意重度敲 塑料头
562,14:18:47,hit_562_20260730_141847.csv,512,DEFECT,HIGH,0,43,108,443,500000,4733261,4733261,-4376386,709145.4,,695,-252,坏棒 总长 1002m 任意重度敲 塑料头
563,14:18:47,hit_563_20260730_141847.csv,512,DEFECT,HIGH,0,24,111,240,500000,5127714,4021359,-5127714,251315.9,,695,-455,坏棒 总长 1002m 任意重度敲 塑料头
564,14:18:47,hit_564_20260730_141847.csv,512,DEFECT,HIGH,0,76,108,783,500000,5097425,5097425,-4036867,954240.5,,695,88,坏棒 总长 1002m 任意重度敲 塑料头
565,14:18:47,hit_565_20260730_141847.csv,512,DEFECT,HIGH,0,35,111,350,500000,2694371,2694371,-2368802,-93265.2,,695,-345,坏棒 总长 1002m 任意重度敲 塑料头
566,14:18:48,hit_566_20260730_141848.csv,512,DEFECT,HIGH,0,22,110,222,500000,4847453,4741459,-4847453,605651.5,,695,-473,坏棒 总长 1002m 任意重度敲 塑料头
567,14:18:48,hit_567_20260730_141848.csv,512,DEFECT,HIGH,0,22,110,222,500000,5136501,5136501,-4814823,783285.6,,695,-473,坏棒 总长 1002m 任意重度敲 塑料头
568,14:18:48,hit_568_20260730_141848.csv,512,DEFECT,HIGH,0,21,109,214,500000,4587463,4453740,-4587463,564828.2,,695,-481,坏棒 总长 1002m 任意重度敲 塑料头
569,14:18:49,hit_569_20260730_141849.csv,512,DEFECT,HIGH,0,78,110,787,500000,4943107,4943107,-4507210,874302.8,,695,92,坏棒 总长 1002m 任意重度敲 塑料头
570,14:18:49,hit_570_20260730_141849.csv,512,DEFECT,HIGH,0,23,111,230,500000,5000874,3996697,-5000874,278082.7,,695,-465,坏棒 总长 1002m 任意重度敲 塑料头
571,14:18:49,hit_571_20260730_141849.csv,512,DEFECT,HIGH,0,22,111,220,500000,4632012,3081545,-4632012,-57470.3,,695,-475,坏棒 总长 1002m 任意重度敲 塑料头
572,14:18:49,hit_572_20260730_141849.csv,512,DEFECT,HIGH,0,21,110,212,500000,5074915,5074915,-4393236,1111534.9,,695,-483,坏棒 总长 1002m 任意重度敲 塑料头
573,14:18:50,hit_573_20260730_141850.csv,512,DEFECT,HIGH,0,24,111,240,500000,4971517,4098555,-4971517,268998.8,,695,-455,坏棒 总长 1002m 任意重度敲 塑料头
574,14:18:50,hit_574_20260730_141850.csv,512,DEFECT,HIGH,0,78,110,787,500000,5225650,5225650,-4221945,1263212.6,,695,92,坏棒 总长 1002m 任意重度敲 塑料头
575,14:18:50,hit_575_20260730_141850.csv,512,DEFECT,HIGH,0,25,113,245,500000,4740629,2961143,-4740629,-185124.0,,695,-450,坏棒 总长 1002m 任意重度敲 塑料头
576,14:18:50,hit_576_20260730_141850.csv,512,DEFECT,HIGH,0,22,111,220,500000,4571883,3052528,-4571883,-8918.8,,695,-475,坏棒 总长 1002m 任意重度敲 塑料头
577,14:18:51,hit_577_20260730_141851.csv,512,DEFECT,HIGH,0,21,110,212,500000,4722075,4722075,-4480961,789840.0,,695,-483,坏棒 总长 1002m 任意重度敲 塑料头
578,14:18:51,hit_578_20260730_141851.csv,512,DEFECT,HIGH,0,76,108,783,500000,5522138,5522138,-3987439,1234715.4,,695,88,坏棒 总长 1002m 任意重度敲 塑料头
579,14:18:51,hit_579_20260730_141851.csv,512,DEFECT,HIGH,0,43,109,438,500000,4514946,4471482,-4514946,610572.8,,695,-257,坏棒 总长 1002m 任意重度敲 塑料头
580,14:18:52,hit_580_20260730_141852.csv,512,DEFECT,HIGH,0,22,111,220,500000,4809105,4522680,-4809105,544101.2,,695,-475,坏棒 总长 1002m 任意重度敲 塑料头
581,14:18:52,hit_581_20260730_141852.csv,512,DEFECT,HIGH,0,21,110,212,500000,5035674,5035674,-4382089,994897.7,,695,-483,坏棒 总长 1002m 任意重度敲 塑料头
582,14:18:52,hit_582_20260730_141852.csv,512,DEFECT,HIGH,0,22,110,222,500000,4761642,4207093,-4761642,447563.6,,695,-473,坏棒 总长 1002m 任意重度敲 塑料头
583,14:18:52,hit_583_20260730_141852.csv,512,DEFECT,HIGH,0,21,111,210,500000,4639450,4314160,-4639450,543276.9,,695,-485,坏棒 总长 1002m 任意重度敲 塑料头
584,14:18:53,hit_584_20260730_141853.csv,512,DEFECT,HIGH,0,21,110,212,500000,4500338,4500338,-4484314,671312.3,,695,-483,坏棒 总长 1002m 任意重度敲 塑料头
585,14:18:53,hit_585_20260730_141853.csv,512,DEFECT,HIGH,0,21,110,212,500000,4877483,4877483,-4528335,883630.5,,695,-483,坏棒 总长 1002m 任意重度敲 塑料头
586,14:18:53,hit_586_20260730_141853.csv,512,DEFECT,HIGH,0,21,109,214,500000,4518759,3527388,-4518759,170719.7,,695,-481,坏棒 总长 1002m 任意重度敲 塑料头
587,14:18:53,hit_587_20260730_141853.csv,512,DEFECT,HIGH,0,75,108,773,500000,5059929,5059929,-4014217,910617.3,,695,78,坏棒 总长 1002m 任意重度敲 塑料头
588,14:18:54,hit_588_20260730_141854.csv,512,DEFECT,HIGH,0,21,109,214,500000,4640815,4640815,-4419295,725991.9,,695,-481,坏棒 总长 1002m 任意重度敲 塑料头
589,14:18:54,hit_589_20260730_141854.csv,512,DEFECT,HIGH,0,79,111,790,500000,4984816,4984816,-4543472,899964.0,,695,95,坏棒 总长 1002m 任意重度敲 塑料头
590,14:18:54,hit_590_20260730_141854.csv,512,DEFECT,HIGH,0,22,110,222,500000,4719758,4542134,-4719758,587014.5,,695,-473,坏棒 总长 1002m 任意重度敲 塑料头
591,14:18:55,hit_591_20260730_141855.csv,512,DEFECT,HIGH,0,22,110,222,500000,4910670,4910670,-4731828,699840.4,,695,-473,坏棒 总长 1002m 任意重度敲 塑料头
592,14:18:55,hit_592_20260730_141855.csv,512,DEFECT,HIGH,0,21,110,212,500000,4659019,4397870,-4659019,567341.1,,695,-483,坏棒 总长 1002m 任意重度敲 塑料头
593,14:18:55,hit_593_20260730_141855.csv,512,DEFECT,HIGH,0,22,110,222,500000,4722774,4041577,-4722774,401096.3,,695,-473,坏棒 总长 1002m 任意重度敲 塑料头
594,14:19:00,hit_594_20260730_141900.csv,512,DEFECT,HIGH,0,85,115,817,500000,4226692,4050175,-4226692,263989.1,,695,122,坏棒 总长 1002m 任意重度敲 塑料头
595,14:19:00,hit_595_20260730_141900.csv,512,DEFECT,HIGH,0,83,113,813,500000,5058082,5058082,-3666347,1063245.9,,695,118,坏棒 总长 1002m 任意重度敲 塑料头
596,14:19:00,hit_596_20260730_141900.csv,512,DEFECT,HIGH,0,21,114,203,500000,4710528,4710528,-3960276,482542.6,,695,-492,坏棒 总长 1002m 任意重度敲 塑料头
597,14:19:00,hit_597_20260730_141900.csv,512,DEFECT,HIGH,0,84,114,815,500000,4144552,4144552,-3826561,407099.6,,695,120,坏棒 总长 1002m 任意重度敲 塑料头
598,14:19:01,hit_598_20260730_141901.csv,512,DEFECT,HIGH,0,84,113,823,500000,4735203,4735203,-3488890,634639.0,,695,128,坏棒 总长 1002m 任意重度敲 塑料头
599,14:19:04,hit_599_20260730_141904.csv,512,DEFECT,HIGH,0,25,114,242,500000,5105924,4003224,-5105924,151936.7,,695,-453,坏棒 总长 1002m 任意重度敲 塑料头
600,14:19:04,hit_600_20260730_141904.csv,512,DEFECT,HIGH,0,81,111,810,500000,4667300,4534474,-4667300,599641.3,,695,115,坏棒 总长 1002m 任意重度敲 塑料头
601,14:19:04,hit_601_20260730_141904.csv,512,DEFECT,HIGH,0,81,111,810,500000,4785918,4785918,-4548924,814027.0,,695,115,坏棒 总长 1002m 任意重度敲 塑料头
602,14:19:04,hit_602_20260730_141904.csv,512,DEFECT,HIGH,0,25,115,240,500000,5203316,4361006,-5203316,610121.9,,695,-455,坏棒 总长 1002m 任意重度敲 塑料头
603,14:19:05,hit_603_20260730_141905.csv,512,DEFECT,HIGH,0,79,110,797,500000,4718471,4718471,-4342050,871817.2,,695,102,坏棒 总长 1002m 任意重度敲 塑料头
604,14:19:05,hit_604_20260730_141905.csv,512,DEFECT,HIGH,0,81,111,810,500000,4752782,4752782,-4564184,739330.2,,695,115,坏棒 总长 1002m 任意重度敲 塑料头
605,14:19:05,hit_605_20260730_141905.csv,512,DEFECT,HIGH,0,82,112,811,500000,4753335,4712759,-4753335,767558.5,,695,116,坏棒 总长 1002m 任意重度敲 塑料头
606,14:19:05,hit_606_20260730_141905.csv,512,DEFECT,HIGH,0,81,112,801,500000,4770239,4770239,-4599334,932002.2,,695,106,坏棒 总长 1002m 任意重度敲 塑料头
607,14:19:06,hit_607_20260730_141906.csv,512,DEFECT,HIGH,0,30,119,277,500000,5730429,4475770,-5730429,502014.8,,695,-418,坏棒 总长 1002m 任意重度敲 塑料头
608,14:19:06,hit_608_20260730_141906.csv,512,DEFECT,HIGH,0,82,112,811,500000,4780705,4780705,-4724858,952492.7,,695,116,坏棒 总长 1002m 任意重度敲 塑料头
609,14:19:06,hit_609_20260730_141906.csv,512,DEFECT,HIGH,0,21,112,207,500000,4466576,4102633,-4466576,345101.8,,695,-488,坏棒 总长 1002m 任意重度敲 塑料头
610,14:19:06,hit_610_20260730_141906.csv,512,DEFECT,HIGH,0,25,113,245,500000,5082817,3939410,-5082817,10845.5,,695,-450,坏棒 总长 1002m 任意重度敲 塑料头
611,14:19:07,hit_611_20260730_141907.csv,512,DEFECT,HIGH,0,25,112,247,500000,5149691,4159012,-5149691,107710.4,,695,-448,坏棒 总长 1002m 任意重度敲 塑料头
612,14:19:07,hit_612_20260730_141907.csv,512,DEFECT,HIGH,0,30,115,288,500000,5757913,4039163,-5757913,-330755.9,,695,-407,坏棒 总长 1002m 任意重度敲 塑料头
613,14:19:07,hit_613_20260730_141907.csv,512,DEFECT,HIGH,0,82,112,811,500000,4449725,4266282,-4449725,405176.5,,695,116,坏棒 总长 1002m 任意重度敲 塑料头
614,14:19:08,hit_614_20260730_141908.csv,512,DEFECT,HIGH,0,22,112,217,500000,4644567,4027244,-4644567,127043.1,,695,-478,坏棒 总长 1002m 任意重度敲 塑料头
615,14:19:08,hit_615_20260730_141908.csv,512,DEFECT,HIGH,0,26,115,250,500000,5236226,4516248,-5236226,396754.6,,695,-445,坏棒 总长 1002m 任意重度敲 塑料头
616,14:19:08,hit_616_20260730_141908.csv,512,DEFECT,HIGH,0,24,113,235,500000,4809576,3991755,-4809576,70484.4,,695,-460,坏棒 总长 1002m 任意重度敲 塑料头
617,14:19:46,hit_617_20260730_141946.csv,512,DEFECT,HIGH,0,22,114,213,500000,4314503,3512118,-4314503,-125121.1,,695,-482,坏棒 总长 1002m 任意重度敲 塑料头
618,14:19:46,hit_618_20260730_141946.csv,512,DEFECT,HIGH,0,77,110,666,500000,4998441,4998441,-3726303,1360045.0,,695,-29,坏棒 总长 1002m 任意重度敲 塑料头
619,14:19:47,hit_619_20260730_141947.csv,512,NORMAL,HIGH,0,0,109,0,500000,5726960,5726960,-3355064,2167598.2,,695,,坏棒 总长 1002m 任意重度敲 塑料头
620,14:19:47,hit_620_20260730_141947.csv,512,DEFECT,HIGH,0,38,112,376,500000,4187347,3648385,-4187347,183710.5,,695,-319,坏棒 总长 1002m 任意重度敲 塑料头
621,14:19:47,hit_621_20260730_141947.csv,512,DEFECT,HIGH,0,83,113,813,500000,4443352,3891093,-4443352,155190.8,,695,118,坏棒 总长 1002m 任意重度敲 塑料头
622,14:19:47,hit_622_20260730_141947.csv,512,DEFECT,HIGH,0,26,116,247,500000,4950933,3837007,-4950933,15800.2,,695,-448,坏棒 总长 1002m 任意重度敲 塑料头
623,14:19:48,hit_623_20260730_141948.csv,512,DEFECT,HIGH,0,23,113,225,500000,4544182,4137227,-4544182,211012.0,,695,-470,坏棒 总长 1002m 任意重度敲 塑料头
624,14:19:48,hit_624_20260730_141948.csv,512,DEFECT,HIGH,0,84,113,823,500000,4657957,4657957,-4078543,492538.6,,695,128,坏棒 总长 1002m 任意重度敲 塑料头
625,14:19:48,hit_625_20260730_141948.csv,512,DEFECT,HIGH,0,85,114,825,500000,4588289,4588289,-3535507,633013.4,,695,130,坏棒 总长 1002m 任意重度敲 塑料头
626,14:19:49,hit_626_20260730_141949.csv,512,DEFECT,HIGH,0,82,112,811,500000,4291242,4291242,-3327933,970711.8,,695,116,坏棒 总长 1002m 任意重度敲 塑料头
627,14:19:49,hit_627_20260730_141949.csv,512,DEFECT,HIGH,0,84,113,823,500000,4537025,4537025,-4328620,345894.3,,695,128,坏棒 总长 1002m 任意重度敲 塑料头
628,14:19:49,hit_628_20260730_141949.csv,512,DEFECT,HIGH,0,84,113,823,500000,4831370,4831370,-3648787,693275.0,,695,128,坏棒 总长 1002m 任意重度敲 塑料头
629,14:19:50,hit_629_20260730_141950.csv,512,DEFECT,HIGH,0,81,110,818,500000,4714221,4714221,-3189796,765794.8,,695,123,坏棒 总长 1002m 任意重度敲 塑料头
630,14:19:50,hit_630_20260730_141950.csv,512,DEFECT,HIGH,0,82,111,820,500000,4375812,4332718,-4375812,322816.1,,695,125,坏棒 总长 1002m 任意重度敲 塑料头
631,14:19:50,hit_631_20260730_141950.csv,512,DEFECT,HIGH,0,84,113,823,500000,4803710,4419168,-4803710,288258.7,,695,128,坏棒 总长 1002m 任意重度敲 塑料头
632,14:19:50,hit_632_20260730_141950.csv,512,DEFECT,HIGH,0,21,113,205,500000,4351408,4110197,-4351408,316278.9,,695,-490,坏棒 总长 1002m 任意重度敲 塑料头
633,14:19:51,hit_633_20260730_141951.csv,512,DEFECT,HIGH,0,25,114,242,500000,5051065,4289594,-5051065,301510.4,,695,-453,坏棒 总长 1002m 任意重度敲 塑料头
634,14:19:51,hit_634_20260730_141951.csv,512,DEFECT,HIGH,0,41,112,405,500000,4367429,4367429,-4344375,521571.5,,695,-290,坏棒 总长 1002m 任意重度敲 塑料头
635,14:19:51,hit_635_20260730_141951.csv,512,DEFECT,HIGH,0,83,113,813,500000,4334296,4334296,-4051160,612686.6,,695,118,坏棒 总长 1002m 任意重度敲 塑料头
636,14:19:52,hit_636_20260730_141952.csv,512,DEFECT,HIGH,0,81,111,810,500000,4601388,4601388,-3770724,850520.5,,695,115,坏棒 总长 1002m 任意重度敲 塑料头
637,14:19:52,hit_637_20260730_141952.csv,512,DEFECT,HIGH,0,82,112,811,500000,4134227,4134227,-4002417,466805.7,,695,116,坏棒 总长 1002m 任意重度敲 塑料头
638,14:19:52,hit_638_20260730_141952.csv,512,DEFECT,HIGH,0,82,112,811,500000,4519321,4519321,-3964476,710635.4,,695,116,坏棒 总长 1002m 任意重度敲 塑料头
639,14:19:53,hit_639_20260730_141953.csv,512,DEFECT,HIGH,0,83,113,813,500000,4385412,4385412,-4194139,466933.1,,695,118,坏棒 总长 1002m 任意重度敲 塑料头
640,14:19:53,hit_640_20260730_141953.csv,512,DEFECT,HIGH,0,83,112,821,500000,4560890,4560890,-3979712,576559.0,,695,126,坏棒 总长 1002m 任意重度敲 塑料头
641,14:19:53,hit_641_20260730_141953.csv,512,DEFECT,HIGH,0,83,113,813,500000,4343650,4340203,-4343650,377565.3,,695,118,坏棒 总长 1002m 任意重度敲 塑料头
642,14:19:54,hit_642_20260730_141954.csv,512,DEFECT,HIGH,0,82,112,811,500000,4447518,4447518,-3899684,519144.9,,695,116,坏棒 总长 1002m 任意重度敲 塑料头
643,14:19:54,hit_643_20260730_141954.csv,512,DEFECT,HIGH,0,82,112,811,500000,4411942,4411942,-4029526,470752.7,,695,116,坏棒 总长 1002m 任意重度敲 塑料头
644,14:19:54,hit_644_20260730_141954.csv,512,DEFECT,HIGH,0,82,112,811,500000,4664145,4664145,-3703241,815794.8,,695,116,坏棒 总长 1002m 任意重度敲 塑料头
645,14:19:55,hit_645_20260730_141955.csv,512,DEFECT,HIGH,0,83,113,813,500000,4499172,4499172,-4283402,524195.2,,695,118,坏棒 总长 1002m 任意重度敲 塑料头
646,14:19:55,hit_646_20260730_141955.csv,512,DEFECT,HIGH,0,84,113,823,500000,4704522,4704522,-3955350,700337.2,,695,128,坏棒 总长 1002m 任意重度敲 塑料头
647,14:19:55,hit_647_20260730_141955.csv,512,DEFECT,HIGH,0,84,113,823,500000,4533460,4533460,-3761608,618240.9,,695,128,坏棒 总长 1002m 任意重度敲 塑料头
648,14:19:55,hit_648_20260730_141955.csv,512,DEFECT,HIGH,0,82,111,820,500000,4712455,4712455,-3405652,736850.3,,695,125,坏棒 总长 1002m 任意重度敲 塑料头
649,14:19:56,hit_649_20260730_141956.csv,512,DEFECT,HIGH,0,82,112,811,500000,4291055,4291055,-4137295,377430.3,,695,116,坏棒 总长 1002m 任意重度敲 塑料头
650,14:19:56,hit_650_20260730_141956.csv,512,DEFECT,HIGH,0,30,119,277,500000,5860968,4304614,-5860968,-24960.9,,695,-418,坏棒 总长 1002m 任意重度敲 塑料头
651,14:19:56,hit_651_20260730_141956.csv,512,DEFECT,HIGH,0,81,110,818,500000,4613747,4613747,-3892245,847383.2,,695,123,坏棒 总长 1002m 任意重度敲 塑料头
652,14:19:57,hit_652_20260730_141957.csv,512,DEFECT,HIGH,0,30,117,283,500000,5815797,3758082,-5815797,-352736.2,,695,-412,坏棒 总长 1002m 任意重度敲 塑料头
653,14:19:57,hit_653_20260730_141957.csv,512,DEFECT,HIGH,0,33,123,294,500000,5581514,3655896,-5581514,-230098.6,,695,-401,坏棒 总长 1002m 任意重度敲 塑料头
654,14:19:57,hit_654_20260730_141957.csv,512,DEFECT,HIGH,0,83,112,821,500000,4384587,4384587,-4151761,451069.2,,695,126,坏棒 总长 1002m 任意重度敲 塑料头
655,14:19:58,hit_655_20260730_141958.csv,512,DEFECT,HIGH,0,84,113,823,500000,4384638,4334192,-4384638,264978.8,,695,128,坏棒 总长 1002m 任意重度敲 塑料头
656,14:19:58,hit_656_20260730_141958.csv,512,DEFECT,HIGH,0,83,113,813,500000,4420154,4420154,-4344992,383831.7,,695,118,坏棒 总长 1002m 任意重度敲 塑料头
657,14:19:58,hit_657_20260730_141958.csv,512,DEFECT,HIGH,0,83,112,821,500000,4677070,4677070,-4008214,563763.7,,695,126,坏棒 总长 1002m 任意重度敲 塑料头
658,14:19:58,hit_658_20260730_141958.csv,512,DEFECT,HIGH,0,82,112,811,500000,4304914,4304914,-4122482,352438.7,,695,116,坏棒 总长 1002m 任意重度敲 塑料头
659,14:19:59,hit_659_20260730_141959.csv,512,DEFECT,HIGH,0,84,113,823,500000,4650090,4650090,-4191626,553795.2,,695,128,坏棒 总长 1002m 任意重度敲 塑料头
660,14:19:59,hit_660_20260730_141959.csv,512,DEFECT,HIGH,0,83,112,821,500000,4748373,4414405,-4748373,275616.5,,695,126,坏棒 总长 1002m 任意重度敲 塑料头
661,14:19:59,hit_661_20260730_141959.csv,512,DEFECT,HIGH,0,82,112,811,500000,4519081,4519081,-4097017,511922.2,,695,116,坏棒 总长 1002m 任意重度敲 塑料头
662,14:20:00,hit_662_20260730_142000.csv,512,DEFECT,HIGH,0,83,111,830,500000,4785323,4785323,-3712107,647239.3,,695,135,坏棒 总长 1002m 任意重度敲 塑料头
663,14:20:00,hit_663_20260730_142000.csv,512,DEFECT,HIGH,0,83,112,821,500000,4455875,4455875,-4013686,497365.6,,695,126,坏棒 总长 1002m 任意重度敲 塑料头
664,14:20:00,hit_664_20260730_142000.csv,512,DEFECT,HIGH,0,83,112,821,500000,4673581,4673581,-4057922,604490.5,,695,126,坏棒 总长 1002m 任意重度敲 塑料头
665,14:20:01,hit_665_20260730_142001.csv,512,DEFECT,HIGH,0,21,113,205,500000,4363983,4348172,-4363983,301315.5,,695,-490,坏棒 总长 1002m 任意重度敲 塑料头
666,14:20:01,hit_666_20260730_142001.csv,512,DEFECT,HIGH,0,22,113,215,500000,4482396,4322981,-4482396,236924.4,,695,-480,坏棒 总长 1002m 任意重度敲 塑料头
667,14:20:01,hit_667_20260730_142001.csv,512,DEFECT,HIGH,0,83,111,830,500000,5000254,5000254,-3763354,966552.5,,695,135,坏棒 总长 1002m 任意重度敲 塑料头
668,14:20:01,hit_668_20260730_142001.csv,512,DEFECT,HIGH,0,82,112,811,500000,4319916,4319916,-3935577,453194.7,,695,116,坏棒 总长 1002m 任意重度敲 塑料头
669,14:20:02,hit_669_20260730_142002.csv,512,DEFECT,HIGH,0,82,112,811,500000,4372150,4349408,-4372150,401471.3,,695,116,坏棒 总长 1002m 任意重度敲 塑料头
670,14:20:02,hit_670_20260730_142002.csv,512,DEFECT,HIGH,0,82,112,811,500000,4439021,4439021,-4347578,433421.8,,695,116,坏棒 总长 1002m 任意重度敲 塑料头
671,14:20:02,hit_671_20260730_142002.csv,512,DEFECT,HIGH,0,83,112,821,500000,4565538,4565538,-3987355,592238.4,,695,126,坏棒 总长 1002m 任意重度敲 塑料头
672,14:20:03,hit_672_20260730_142003.csv,512,DEFECT,HIGH,0,82,112,811,500000,4419160,4419160,-4011974,451925.0,,695,116,坏棒 总长 1002m 任意重度敲 塑料头
673,14:20:03,hit_673_20260730_142003.csv,512,DEFECT,HIGH,0,22,113,215,500000,4458378,4188911,-4458378,210574.9,,695,-480,坏棒 总长 1002m 任意重度敲 塑料头
674,14:20:03,hit_674_20260730_142003.csv,512,DEFECT,HIGH,0,83,111,830,500000,4766550,4766550,-3789020,722900.5,,695,135,坏棒 总长 1002m 任意重度敲 塑料头
675,14:20:04,hit_675_20260730_142004.csv,512,DEFECT,HIGH,0,84,113,823,500000,4791895,4791895,-4120528,651526.4,,695,128,坏棒 总长 1002m 任意重度敲 塑料头
676,14:20:04,hit_676_20260730_142004.csv,512,DEFECT,HIGH,0,82,111,820,500000,4754953,4754953,-3659436,747184.2,,695,125,坏棒 总长 1002m 任意重度敲 塑料头
677,14:20:04,hit_677_20260730_142004.csv,512,DEFECT,HIGH,0,83,112,821,500000,4551733,4551733,-4318281,446960.5,,695,126,坏棒 总长 1002m 任意重度敲 塑料头
678,14:20:05,hit_678_20260730_142005.csv,512,DEFECT,HIGH,0,82,111,820,500000,4683269,4683269,-4012988,570192.0,,695,125,坏棒 总长 1002m 任意重度敲 塑料头
679,14:20:05,hit_679_20260730_142005.csv,512,DEFECT,HIGH,0,22,113,215,500000,4454913,4125500,-4454913,202446.9,,695,-480,坏棒 总长 1002m 任意重度敲 塑料头
680,14:20:05,hit_680_20260730_142005.csv,512,DEFECT,HIGH,0,82,112,811,500000,4555489,4555489,-4160730,483230.8,,695,116,坏棒 总长 1002m 任意重度敲 塑料头
681,14:20:05,hit_681_20260730_142005.csv,512,DEFECT,HIGH,0,84,112,831,500000,4625400,4625400,-4105227,431020.2,,695,136,坏棒 总长 1002m 任意重度敲 塑料头
682,14:20:06,hit_682_20260730_142006.csv,512,DEFECT,HIGH,0,84,113,823,500000,4805756,4805756,-3959841,625718.6,,695,128,坏棒 总长 1002m 任意重度敲 塑料头
683,14:20:06,hit_683_20260730_142006.csv,512,DEFECT,HIGH,0,82,112,811,500000,4259592,4259592,-4167039,378391.3,,695,116,坏棒 总长 1002m 任意重度敲 塑料头
684,14:20:06,hit_684_20260730_142006.csv,512,DEFECT,HIGH,0,22,112,217,500000,4729476,4538841,-4729476,633102.4,,695,-478,坏棒 总长 1002m 任意重度敲 塑料头
685,14:20:07,hit_685_20260730_142007.csv,512,DEFECT,HIGH,0,25,114,242,500000,5178554,4212849,-5178554,201663.6,,695,-453,坏棒 总长 1002m 任意重度敲 塑料头
686,14:20:07,hit_686_20260730_142007.csv,512,DEFECT,HIGH,0,24,116,228,500000,4901018,3924701,-4901018,197948.2,,695,-467,坏棒 总长 1002m 任意重度敲 塑料头
687,14:20:07,hit_687_20260730_142007.csv,512,DEFECT,HIGH,0,22,113,215,500000,4578471,3953319,-4578471,225928.6,,695,-480,坏棒 总长 1002m 任意重度敲 塑料头
688,14:20:08,hit_688_20260730_142008.csv,512,DEFECT,HIGH,0,82,112,811,500000,4327626,4327626,-4212287,502205.8,,695,116,坏棒 总长 1002m 任意重度敲 塑料头
689,14:20:08,hit_689_20260730_142008.csv,512,DEFECT,HIGH,0,29,114,281,500000,5799682,4002428,-5799682,-355651.3,,695,-414,坏棒 总长 1002m 任意重度敲 塑料头
690,14:20:08,hit_690_20260730_142008.csv,512,DEFECT,HIGH,0,30,116,285,500000,5829266,3978760,-5829266,-337805.1,,695,-410,坏棒 总长 1002m 任意重度敲 塑料头
691,14:20:08,hit_691_20260730_142008.csv,512,DEFECT,HIGH,0,83,112,821,500000,4549953,4487021,-4549953,588007.8,,695,126,坏棒 总长 1002m 任意重度敲 塑料头
692,14:20:09,hit_692_20260730_142009.csv,512,DEFECT,HIGH,0,26,114,252,500000,5188105,4381736,-5188105,289661.4,,695,-443,坏棒 总长 1002m 任意重度敲 塑料头
693,14:20:09,hit_693_20260730_142009.csv,512,DEFECT,HIGH,0,81,111,810,500000,4283084,4283084,-4076963,381195.9,,695,115,坏棒 总长 1002m 任意重度敲 塑料头
694,14:20:09,hit_694_20260730_142009.csv,512,DEFECT,HIGH,0,82,111,820,500000,4458083,4458083,-3661531,654148.7,,695,125,坏棒 总长 1002m 任意重度敲 塑料头
695,14:20:10,hit_695_20260730_142010.csv,512,DEFECT,HIGH,0,82,111,820,500000,4559303,4559303,-4200759,487489.6,,695,125,坏棒 总长 1002m 任意重度敲 塑料头
696,14:20:10,hit_696_20260730_142010.csv,512,DEFECT,HIGH,0,25,114,242,500000,5213690,3733483,-5213690,-169841.5,,695,-453,坏棒 总长 1002m 任意重度敲 塑料头
697,14:20:10,hit_697_20260730_142010.csv,512,DEFECT,HIGH,0,82,112,811,500000,4378484,4378484,-4070137,511345.6,,695,116,坏棒 总长 1002m 任意重度敲 塑料头
698,14:20:11,hit_698_20260730_142011.csv,512,DEFECT,HIGH,0,82,112,811,500000,4398177,4336308,-4398177,363301.0,,695,116,坏棒 总长 1002m 任意重度敲 塑料头
699,14:20:11,hit_699_20260730_142011.csv,512,DEFECT,HIGH,0,82,112,811,500000,4421477,4421477,-4355093,378974.0,,695,116,坏棒 总长 1002m 任意重度敲 塑料头
700,14:20:11,hit_700_20260730_142011.csv,512,DEFECT,HIGH,0,23,113,225,500000,4562455,4091136,-4562455,157410.5,,695,-470,坏棒 总长 1002m 任意重度敲 塑料头
701,14:20:11,hit_701_20260730_142011.csv,512,DEFECT,HIGH,0,22,111,220,500000,4429153,4134928,-4429153,256949.9,,695,-475,坏棒 总长 1002m 任意重度敲 塑料头
702,14:20:12,hit_702_20260730_142012.csv,512,DEFECT,HIGH,0,22,112,217,500000,4548326,4221461,-4548326,401114.6,,695,-478,坏棒 总长 1002m 任意重度敲 塑料头
703,14:20:12,hit_703_20260730_142012.csv,512,DEFECT,HIGH,0,24,113,235,500000,4721382,3716043,-4721382,71542.1,,695,-460,坏棒 总长 1002m 任意重度敲 塑料头
704,14:20:12,hit_704_20260730_142012.csv,512,DEFECT,HIGH,0,80,110,808,500000,4499163,4499163,-3379200,795171.0,,695,113,坏棒 总长 1002m 任意重度敲 塑料头
705,14:20:13,hit_705_20260730_142013.csv,512,DEFECT,HIGH,0,82,111,820,500000,4574797,4368274,-4574797,401729.1,,695,125,坏棒 总长 1002m 任意重度敲 塑料头
706,14:20:13,hit_706_20260730_142013.csv,512,DEFECT,HIGH,0,30,118,280,500000,5690753,4016243,-5690753,-196709.8,,695,-415,坏棒 总长 1002m 任意重度敲 塑料头
707,14:20:13,hit_707_20260730_142013.csv,512,DEFECT,HIGH,0,27,116,257,500000,5406119,3808071,-5406119,-104608.8,,695,-438,坏棒 总长 1002m 任意重度敲 塑料头
708,14:20:14,hit_708_20260730_142014.csv,512,DEFECT,HIGH,0,83,113,813,500000,4677024,4313170,-4677024,306038.0,,695,118,坏棒 总长 1002m 任意重度敲 塑料头
709,14:20:14,hit_709_20260730_142014.csv,512,DEFECT,HIGH,0,24,113,235,500000,4790168,4105131,-4790168,144151.6,,695,-460,坏棒 总长 1002m 任意重度敲 塑料头
710,14:20:14,hit_710_20260730_142014.csv,512,DEFECT,HIGH,0,81,111,810,500000,4741928,4317458,-4741928,330946.4,,695,115,坏棒 总长 1002m 任意重度敲 塑料头
711,14:20:14,hit_711_20260730_142014.csv,512,DEFECT,HIGH,0,82,112,811,500000,4463785,4384064,-4463785,378362.2,,695,116,坏棒 总长 1002m 任意重度敲 塑料头
712,14:20:15,hit_712_20260730_142015.csv,512,DEFECT,HIGH,0,26,116,247,500000,5091744,3820694,-5091744,-30638.4,,695,-448,坏棒 总长 1002m 任意重度敲 塑料头
713,14:20:15,hit_713_20260730_142015.csv,512,DEFECT,HIGH,0,32,119,296,500000,6054765,3855322,-6054765,-366463.8,,695,-399,坏棒 总长 1002m 任意重度敲 塑料头
714,14:20:15,hit_714_20260730_142015.csv,512,DEFECT,HIGH,0,22,112,217,500000,4579503,4173367,-4579503,269011.9,,695,-478,坏棒 总长 1002m 任意重度敲 塑料头
715,14:20:16,hit_715_20260730_142016.csv,512,DEFECT,HIGH,0,83,112,821,500000,4512012,4512012,-4398202,476621.0,,695,126,坏棒 总长 1002m 任意重度敲 塑料头
716,14:20:16,hit_716_20260730_142016.csv,512,DEFECT,HIGH,0,23,112,227,500000,4666290,3994426,-4666290,216268.2,,695,-468,坏棒 总长 1002m 任意重度敲 塑料头
717,14:20:16,hit_717_20260730_142016.csv,512,DEFECT,HIGH,0,24,114,233,500000,4757067,4063959,-4757067,201681.1,,695,-462,坏棒 总长 1002m 任意重度敲 塑料头
718,14:20:17,hit_718_20260730_142017.csv,512,DEFECT,HIGH,0,82,112,811,500000,4579000,4332122,-4579000,434288.1,,695,116,坏棒 总长 1002m 任意重度敲 塑料头
719,14:20:17,hit_719_20260730_142017.csv,512,DEFECT,HIGH,0,25,114,242,500000,5020358,3753947,-5020358,23619.2,,695,-453,坏棒 总长 1002m 任意重度敲 塑料头
720,14:20:17,hit_720_20260730_142017.csv,512,DEFECT,HIGH,0,23,112,227,500000,4845243,4186117,-4845243,230984.7,,695,-468,坏棒 总长 1002m 任意重度敲 塑料头
721,14:20:17,hit_721_20260730_142017.csv,512,DEFECT,HIGH,0,28,120,256,500000,4818956,3609269,-4818956,-53582.8,,695,-439,坏棒 总长 1002m 任意重度敲 塑料头
722,14:20:18,hit_722_20260730_142018.csv,512,DEFECT,HIGH,0,24,113,235,500000,4771927,4141521,-4771927,190174.1,,695,-460,坏棒 总长 1002m 任意重度敲 塑料头
723,14:20:18,hit_723_20260730_142018.csv,512,DEFECT,HIGH,0,23,113,225,500000,4790932,3984886,-4790932,160328.2,,695,-470,坏棒 总长 1002m 任意重度敲 塑料头
724,14:20:18,hit_724_20260730_142018.csv,512,DEFECT,HIGH,0,24,113,235,500000,4803167,4080263,-4803167,157568.7,,695,-460,坏棒 总长 1002m 任意重度敲 塑料头
725,14:20:19,hit_725_20260730_142019.csv,512,DEFECT,HIGH,0,24,114,233,500000,4772012,3671991,-4772012,-32783.8,,695,-462,坏棒 总长 1002m 任意重度敲 塑料头
726,14:20:19,hit_726_20260730_142019.csv,512,DEFECT,HIGH,0,81,111,810,500000,4496120,4496120,-4131543,520427.8,,695,115,坏棒 总长 1002m 任意重度敲 塑料头
727,14:20:19,hit_727_20260730_142019.csv,512,DEFECT,HIGH,0,82,112,811,500000,4273699,4273699,-3934000,478610.4,,695,116,坏棒 总长 1002m 任意重度敲 塑料头
728,14:20:19,hit_728_20260730_142019.csv,512,DEFECT,HIGH,0,33,114,320,500000,5320476,3539017,-5320476,-214288.7,,695,-375,坏棒 总长 1002m 任意重度敲 塑料头
729,14:20:20,hit_729_20260730_142020.csv,512,DEFECT,HIGH,0,31,120,284,500000,5738886,3937063,-5738886,-142756.9,,695,-411,坏棒 总长 1002m 任意重度敲 塑料头
730,14:20:20,hit_730_20260730_142020.csv,512,DEFECT,HIGH,0,83,113,813,500000,4622008,4264950,-4622008,250157.9,,695,118,坏棒 总长 1002m 任意重度敲 塑料头
731,14:20:20,hit_731_20260730_142020.csv,512,DEFECT,HIGH,0,82,112,811,500000,4284095,4284095,-4268737,354789.6,,695,116,坏棒 总长 1002m 任意重度敲 塑料头
732,14:20:21,hit_732_20260730_142021.csv,512,DEFECT,HIGH,0,82,113,803,500000,4381529,4147720,-4381529,352019.3,,695,108,坏棒 总长 1002m 任意重度敲 塑料头
733,14:20:21,hit_733_20260730_142021.csv,512,DEFECT,HIGH,0,22,112,217,500000,4321373,4050265,-4321373,223439.2,,695,-478,坏棒 总长 1002m 任意重度敲 塑料头
734,14:20:21,hit_734_20260730_142021.csv,512,DEFECT,HIGH,0,23,114,223,500000,4607367,3731607,-4607367,42850.6,,695,-472,坏棒 总长 1002m 任意重度敲 塑料头
735,14:20:22,hit_735_20260730_142022.csv,512,DEFECT,HIGH,0,21,113,205,500000,4149799,3869579,-4149799,289980.3,,695,-490,坏棒 总长 1002m 任意重度敲 塑料头
736,14:20:22,hit_736_20260730_142022.csv,512,DEFECT,HIGH,0,32,122,288,500000,5160731,3686958,-5160731,-344281.0,,695,-407,坏棒 总长 1002m 任意重度敲 塑料头
737,14:20:22,hit_737_20260730_142022.csv,512,DEFECT,HIGH,0,26,115,250,500000,5126166,3473868,-5126166,-167703.1,,695,-445,坏棒 总长 1002m 任意重度敲 塑料头
738,14:20:22,hit_738_20260730_142022.csv,512,DEFECT,HIGH,0,82,112,811,500000,4453679,4453679,-4352590,479140.6,,695,116,坏棒 总长 1002m 任意重度敲 塑料头
739,14:20:23,hit_739_20260730_142023.csv,512,DEFECT,HIGH,0,82,112,811,500000,4417389,4417389,-4331762,420288.5,,695,116,坏棒 总长 1002m 任意重度敲 塑料头
740,14:20:23,hit_740_20260730_142023.csv,512,DEFECT,HIGH,0,23,113,225,500000,4778407,3891283,-4778407,110673.0,,695,-470,坏棒 总长 1002m 任意重度敲 塑料头
741,14:20:23,hit_741_20260730_142023.csv,512,DEFECT,HIGH,0,35,114,339,500000,3591168,2871896,-3591168,-66174.2,,695,-356,坏棒 总长 1002m 任意重度敲 塑料头
742,14:20:24,hit_742_20260730_142024.csv,512,DEFECT,HIGH,0,84,113,823,500000,4341548,4341548,-4248089,405702.2,,695,128,坏棒 总长 1002m 任意重度敲 塑料头
743,14:20:24,hit_743_20260730_142024.csv,512,DEFECT,HIGH,0,25,115,240,500000,4944158,3430755,-4944158,-170714.3,,695,-455,坏棒 总长 1002m 任意重度敲 塑料头
744,14:20:24,hit_744_20260730_142024.csv,512,DEFECT,HIGH,0,24,114,233,500000,4659084,3662534,-4659084,4266.3,,695,-462,坏棒 总长 1002m 任意重度敲 塑料头
745,14:20:24,hit_745_20260730_142024.csv,512,DEFECT,HIGH,0,21,113,205,500000,4244221,4167874,-4244221,336515.6,,695,-490,坏棒 总长 1002m 任意重度敲 塑料头
746,14:20:25,hit_746_20260730_142025.csv,512,DEFECT,HIGH,0,23,114,223,500000,4567611,3610497,-4567611,-49956.5,,695,-472,坏棒 总长 1002m 任意重度敲 塑料头
747,14:20:25,hit_747_20260730_142025.csv,512,DEFECT,HIGH,0,23,114,223,500000,4517582,3742243,-4517582,42868.3,,695,-472,坏棒 总长 1002m 任意重度敲 塑料头
748,14:20:25,hit_748_20260730_142025.csv,512,DEFECT,HIGH,0,23,114,223,500000,4736551,4050126,-4736551,103251.1,,695,-472,坏棒 总长 1002m 任意重度敲 塑料头
749,14:20:26,hit_749_20260730_142026.csv,512,DEFECT,HIGH,0,24,115,230,500000,4664054,4201341,-4664054,197035.0,,695,-465,坏棒 总长 1002m 任意重度敲 塑料头
750,14:20:26,hit_750_20260730_142026.csv,512,DEFECT,HIGH,0,21,116,200,500000,4271466,3315088,-4271466,-35604.7,,695,-495,坏棒 总长 1002m 任意重度敲 塑料头
751,14:20:26,hit_751_20260730_142026.csv,512,DEFECT,HIGH,0,22,113,215,500000,4319967,4082672,-4319967,192105.7,,695,-480,坏棒 总长 1002m 任意重度敲 塑料头
752,14:20:26,hit_752_20260730_142026.csv,512,DEFECT,HIGH,0,21,114,203,500000,4071027,3725536,-4071027,133673.9,,695,-492,坏棒 总长 1002m 任意重度敲 塑料头
753,14:20:27,hit_753_20260730_142027.csv,512,DEFECT,HIGH,0,40,113,392,500000,4042807,4042807,-3959570,332903.6,,695,-303,坏棒 总长 1002m 任意重度敲 塑料头
754,14:20:27,hit_754_20260730_142027.csv,512,DEFECT,HIGH,0,84,113,823,500000,4389328,4389328,-3998409,480236.3,,695,128,坏棒 总长 1002m 任意重度敲 塑料头
755,14:20:27,hit_755_20260730_142027.csv,512,DEFECT,HIGH,0,23,114,223,500000,4526024,3859510,-4526024,50218.8,,695,-472,坏棒 总长 1002m 任意重度敲 塑料头
756,14:20:27,hit_756_20260730_142027.csv,512,DEFECT,HIGH,0,83,113,813,500000,4140136,4140136,-3817335,444353.3,,695,118,坏棒 总长 1002m 任意重度敲 塑料头
757,14:20:28,hit_757_20260730_142028.csv,512,DEFECT,HIGH,0,22,114,213,500000,4304029,3763400,-4304029,93742.3,,695,-482,坏棒 总长 1002m 任意重度敲 塑料头
758,14:20:28,hit_758_20260730_142028.csv,512,DEFECT,HIGH,0,41,114,398,500000,4082028,3857159,-4082028,230730.6,,695,-297,坏棒 总长 1002m 任意重度敲 塑料头
759,14:20:28,hit_759_20260730_142028.csv,512,DEFECT,HIGH,0,23,114,223,500000,4802493,4164992,-4802493,76724.0,,695,-472,坏棒 总长 1002m 任意重度敲 塑料头
760,14:20:29,hit_760_20260730_142029.csv,512,DEFECT,HIGH,0,23,113,225,500000,4458009,3882475,-4458009,90447.4,,695,-470,坏棒 总长 1002m 任意重度敲 塑料头
761,14:20:29,hit_761_20260730_142029.csv,512,DEFECT,HIGH,0,22,113,215,500000,4459672,4003397,-4459672,124678.3,,695,-480,坏棒 总长 1002m 任意重度敲 塑料头
762,14:20:29,hit_762_20260730_142029.csv,512,DEFECT,HIGH,0,22,113,215,500000,4293347,3874095,-4293347,138907.8,,695,-480,坏棒 总长 1002m 任意重度敲 塑料头
763,14:20:30,hit_763_20260730_142030.csv,512,DEFECT,HIGH,0,83,113,813,500000,4528269,4528269,-3999024,640066.9,,695,118,坏棒 总长 1002m 任意重度敲 塑料头
764,14:20:30,hit_764_20260730_142030.csv,512,DEFECT,HIGH,0,82,112,811,500000,4381437,4381437,-3868240,482801.7,,695,116,坏棒 总长 1002m 任意重度敲 塑料头
765,14:20:33,hit_765_20260730_142033.csv,512,DEFECT,HIGH,0,86,115,826,500000,4466202,4364730,-4466202,189321.7,,695,131,坏棒 总长 1002m 任意重度敲 塑料头
766,14:20:34,hit_766_20260730_142034.csv,512,DEFECT,HIGH,0,21,115,201,500000,4400648,3635334,-4400648,-3249.9,,695,-494,坏棒 总长 1002m 任意重度敲 塑料头
767,14:20:34,hit_767_20260730_142034.csv,512,DEFECT,HIGH,0,84,113,823,500000,4304648,4130947,-4304648,170569.0,,695,128,坏棒 总长 1002m 任意重度敲 塑料头
768,14:20:34,hit_768_20260730_142034.csv,512,DEFECT,HIGH,0,83,113,813,500000,4452951,4452951,-4189050,417457.1,,695,118,坏棒 总长 1002m 任意重度敲 塑料头
769,14:20:35,hit_769_20260730_142035.csv,512,DEFECT,HIGH,0,40,113,392,500000,4182972,3863047,-4182972,249633.6,,695,-303,坏棒 总长 1002m 任意重度敲 塑料头
770,14:20:35,hit_770_20260730_142035.csv,512,DEFECT,HIGH,0,82,112,811,500000,4197359,4197359,-3859599,463383.9,,695,116,坏棒 总长 1002m 任意重度敲 塑料头
771,14:20:35,hit_771_20260730_142035.csv,512,DEFECT,HIGH,0,42,115,403,500000,4294488,3715217,-4294488,117493.0,,695,-292,坏棒 总长 1002m 任意重度敲 塑料头
772,14:20:35,hit_772_20260730_142035.csv,512,DEFECT,HIGH,0,84,113,823,500000,4688233,4688233,-3917253,606904.5,,695,128,坏棒 总长 1002m 任意重度敲 塑料头
773,14:20:36,hit_773_20260730_142036.csv,512,DEFECT,HIGH,0,83,112,821,500000,4536671,4536671,-3925482,527531.6,,695,126,坏棒 总长 1002m 任意重度敲 塑料头
774,14:20:36,hit_774_20260730_142036.csv,512,DEFECT,HIGH,0,84,114,815,500000,4370557,4370557,-4143945,391761.1,,695,120,坏棒 总长 1002m 任意重度敲 塑料头
775,14:20:36,hit_775_20260730_142036.csv,512,DEFECT,HIGH,0,83,113,813,500000,4066486,4066486,-3988437,371479.3,,695,118,坏棒 总长 1002m 任意重度敲 塑料头
776,14:20:37,hit_776_20260730_142037.csv,512,DEFECT,HIGH,0,22,116,209,500000,4479072,3748852,-4479072,-39522.6,,695,-486,坏棒 总长 1002m 任意重度敲 塑料头
777,14:20:37,hit_777_20260730_142037.csv,512,DEFECT,HIGH,0,24,118,224,500000,4624693,3541916,-4624693,-119727.9,,695,-471,坏棒 总长 1002m 任意重度敲 塑料头
778,14:20:37,hit_778_20260730_142037.csv,512,DEFECT,HIGH,0,83,113,813,500000,4094150,4094150,-4084301,333505.3,,695,118,坏棒 总长 1002m 任意重度敲 塑料头
779,14:20:37,hit_779_20260730_142037.csv,512,DEFECT,HIGH,0,21,115,201,500000,4423363,3951534,-4423363,149606.2,,695,-494,坏棒 总长 1002m 任意重度敲 塑料头
780,14:20:38,hit_780_20260730_142038.csv,512,DEFECT,HIGH,0,41,113,401,500000,4093924,4066283,-4093924,313531.4,,695,-294,坏棒 总长 1002m 任意重度敲 塑料头
781,14:20:38,hit_781_20260730_142038.csv,512,DEFECT,HIGH,0,41,114,398,500000,3953035,3717016,-3953035,128335.3,,695,-297,坏棒 总长 1002m 任意重度敲 塑料头
782,14:20:40,hit_782_20260730_142040.csv,512,DEFECT,HIGH,0,25,119,231,500000,5044411,3120216,-5044411,36078.2,,695,-464,坏棒 总长 1002m 任意重度敲 塑料头
783,14:20:40,hit_783_20260730_142040.csv,512,DEFECT,HIGH,0,24,118,224,500000,4828792,3554948,-4828792,-85265.2,,695,-471,坏棒 总长 1002m 任意重度敲 塑料头
784,14:20:40,hit_784_20260730_142040.csv,512,DEFECT,HIGH,0,21,114,203,500000,4253553,4253553,-4151384,379873.6,,695,-492,坏棒 总长 1002m 任意重度敲 塑料头
785,14:20:41,hit_785_20260730_142041.csv,512,DEFECT,HIGH,0,25,115,240,500000,5118113,4086529,-5118113,142538.0,,695,-455,坏棒 总长 1002m 任意重度敲 塑料头
786,14:20:41,hit_786_20260730_142041.csv,512,DEFECT,HIGH,0,22,114,213,500000,3944283,3855665,-3944283,291263.8,,695,-482,坏棒 总长 1002m 任意重度敲 塑料头
787,14:20:41,hit_787_20260730_142041.csv,512,DEFECT,HIGH,0,25,115,240,500000,4897704,4013751,-4897704,-50554.4,,695,-455,坏棒 总长 1002m 任意重度敲 塑料头
788,14:20:42,hit_788_20260730_142042.csv,512,DEFECT,HIGH,0,82,113,803,500000,4345030,4345030,-4058774,477836.1,,695,108,坏棒 总长 1002m 任意重度敲 塑料头
789,14:20:42,hit_789_20260730_142042.csv,512,DEFECT,HIGH,0,21,118,196,500000,4334757,4230935,-4334757,399341.1,,695,-499,坏棒 总长 1002m 任意重度敲 塑料头
790,14:20:42,hit_790_20260730_142042.csv,512,DEFECT,HIGH,0,83,114,805,500000,4906456,4390159,-4906456,144609.5,,695,110,坏棒 总长 1002m 任意重度敲 塑料头
791,14:20:43,hit_791_20260730_142043.csv,512,DEFECT,HIGH,0,24,114,233,500000,4844832,4555800,-4844832,173583.7,,695,-462,坏棒 总长 1002m 任意重度敲 塑料头
792,14:20:43,hit_792_20260730_142043.csv,512,DEFECT,HIGH,0,24,114,233,500000,5049545,4411946,-5049545,134822.0,,695,-462,坏棒 总长 1002m 任意重度敲 塑料头
793,14:20:43,hit_793_20260730_142043.csv,512,DEFECT,HIGH,0,84,114,815,500000,4120875,4120875,-3975218,231128.7,,695,120,坏棒 总长 1002m 任意重度敲 塑料头
794,14:20:43,hit_794_20260730_142043.csv,512,DEFECT,HIGH,0,43,115,413,500000,4319508,4319508,-4185804,296817.1,,695,-282,坏棒 总长 1002m 任意重度敲 塑料头
795,14:20:44,hit_795_20260730_142044.csv,512,DEFECT,HIGH,0,24,117,226,500000,4653854,3961604,-4653854,66910.6,,695,-469,坏棒 总长 1002m 任意重度敲 塑料头
796,14:20:44,hit_796_20260730_142044.csv,512,DEFECT,HIGH,0,84,114,815,500000,4503884,4503884,-3828585,486922.7,,695,120,坏棒 总长 1002m 任意重度敲 塑料头
797,14:20:44,hit_797_20260730_142044.csv,512,DEFECT,HIGH,0,21,115,201,500000,4241927,3993518,-4241927,166121.4,,695,-494,坏棒 总长 1002m 任意重度敲 塑料头
798,14:20:45,hit_798_20260730_142045.csv,512,DEFECT,HIGH,0,39,115,375,500000,3879014,3596713,-3879014,127835.9,,695,-320,坏棒 总长 1002m 任意重度敲 塑料头
799,14:20:45,hit_799_20260730_142045.csv,512,DEFECT,HIGH,0,84,115,807,500000,4384358,4384358,-4124871,331743.2,,695,112,坏棒 总长 1002m 任意重度敲 塑料头
800,14:20:45,hit_800_20260730_142045.csv,512,DEFECT,HIGH,0,30,123,267,500000,5358058,4273365,-5358058,-64292.4,,695,-428,坏棒 总长 1002m 任意重度敲 塑料头
801,14:20:46,hit_801_20260730_142046.csv,512,DEFECT,HIGH,0,85,114,825,500000,4734983,4734983,-4127880,349425.2,,695,130,坏棒 总长 1002m 任意重度敲 塑料头
802,14:20:46,hit_802_20260730_142046.csv,512,DEFECT,HIGH,0,85,115,817,500000,4986738,4577990,-4986738,176184.3,,695,122,坏棒 总长 1002m 任意重度敲 塑料头
803,14:20:46,hit_803_20260730_142046.csv,512,DEFECT,HIGH,0,23,112,227,500000,4873084,4359832,-4873084,435909.3,,695,-468,坏棒 总长 1002m 任意重度敲 塑料头
804,14:20:47,hit_804_20260730_142047.csv,512,DEFECT,HIGH,0,24,113,235,500000,5172804,4104926,-5172804,202951.0,,695,-460,坏棒 总长 1002m 任意重度敲 塑料头
805,14:20:47,hit_805_20260730_142047.csv,512,DEFECT,HIGH,0,23,112,227,500000,4827484,4147485,-4827484,481023.4,,695,-468,坏棒 总长 1002m 任意重度敲 塑料头
806,14:20:47,hit_806_20260730_142047.csv,512,DEFECT,HIGH,0,24,113,235,500000,5108884,3687542,-5108884,-44425.2,,695,-460,坏棒 总长 1002m 任意重度敲 塑料头
807,14:20:48,hit_807_20260730_142048.csv,512,DEFECT,HIGH,0,29,118,271,500000,5464509,4189965,-5464509,265425.7,,695,-424,坏棒 总长 1002m 任意重度敲 塑料头
808,14:20:48,hit_808_20260730_142048.csv,512,DEFECT,HIGH,0,23,112,227,500000,5007102,4236249,-5007102,282904.6,,695,-468,坏棒 总长 1002m 任意重度敲 塑料头
809,14:20:48,hit_809_20260730_142048.csv,512,DEFECT,HIGH,0,22,111,220,500000,4828274,4275595,-4828274,404864.5,,695,-475,坏棒 总长 1002m 任意重度敲 塑料头
810,14:20:49,hit_810_20260730_142049.csv,512,DEFECT,HIGH,0,22,112,217,500000,4401947,4220339,-4401947,316755.4,,695,-478,坏棒 总长 1002m 任意重度敲 塑料头
811,14:20:49,hit_811_20260730_142049.csv,512,DEFECT,HIGH,0,23,112,227,500000,4583861,4023549,-4583861,269156.2,,695,-468,坏棒 总长 1002m 任意重度敲 塑料头
812,14:20:49,hit_812_20260730_142049.csv,512,DEFECT,HIGH,0,22,116,209,500000,3982142,2949053,-3982142,-119925.6,,695,-486,坏棒 总长 1002m 任意重度敲 塑料头
813,14:20:50,hit_813_20260730_142050.csv,512,DEFECT,HIGH,0,22,112,217,500000,4717621,4301806,-4717621,358885.2,,695,-478,坏棒 总长 1002m 任意重度敲 塑料头
814,14:20:50,hit_814_20260730_142050.csv,512,DEFECT,HIGH,0,21,112,207,500000,4086735,4086735,-4031133,506484.8,,695,-488,坏棒 总长 1002m 任意重度敲 塑料头
815,14:20:50,hit_815_20260730_142050.csv,512,DEFECT,HIGH,0,23,112,227,500000,4696193,3725226,-4696193,40442.8,,695,-468,坏棒 总长 1002m 任意重度敲 塑料头
816,14:20:50,hit_816_20260730_142050.csv,512,DEFECT,HIGH,0,22,112,217,500000,4422973,3815125,-4422973,153691.0,,695,-478,坏棒 总长 1002m 任意重度敲 塑料头
817,14:20:51,hit_817_20260730_142051.csv,512,DEFECT,HIGH,0,23,113,225,500000,4375850,3519699,-4375850,1086.9,,695,-470,坏棒 总长 1002m 任意重度敲 塑料头
818,14:20:51,hit_818_20260730_142051.csv,512,DEFECT,HIGH,0,23,113,225,500000,4745788,3576609,-4745788,-82444.0,,695,-470,坏棒 总长 1002m 任意重度敲 塑料头
819,14:20:51,hit_819_20260730_142051.csv,512,DEFECT,HIGH,0,21,113,205,500000,4100591,3795782,-4100591,169296.9,,695,-490,坏棒 总长 1002m 任意重度敲 塑料头
820,14:20:52,hit_820_20260730_142052.csv,512,DEFECT,HIGH,0,80,111,800,500000,4082511,4082511,-3143158,930435.5,,695,105,坏棒 总长 1002m 任意重度敲 塑料头
821,14:20:52,hit_821_20260730_142052.csv,512,DEFECT,HIGH,0,21,113,205,500000,4516443,3483262,-4516443,69395.5,,695,-490,坏棒 总长 1002m 任意重度敲 塑料头
822,14:20:52,hit_822_20260730_142052.csv,512,DEFECT,HIGH,0,22,112,217,500000,4594485,3931871,-4594485,193260.1,,695,-478,坏棒 总长 1002m 任意重度敲 塑料头
823,14:20:52,hit_823_20260730_142052.csv,512,DEFECT,HIGH,0,61,108,628,500000,4003850,4003850,-3061222,-27388.2,,695,-67,坏棒 总长 1002m 任意重度敲 塑料头
824,14:20:53,hit_824_20260730_142053.csv,512,DEFECT,HIGH,0,30,119,277,500000,5594129,3641085,-5594129,-362382.5,,695,-418,坏棒 总长 1002m 任意重度敲 塑料头
825,14:20:53,hit_825_20260730_142053.csv,512,DEFECT,HIGH,0,81,112,801,500000,4000486,4000486,-3684231,738338.8,,695,106,坏棒 总长 1002m 任意重度敲 塑料头
826,14:20:53,hit_826_20260730_142053.csv,512,DEFECT,HIGH,0,29,108,298,500000,3735734,2971174,-3735734,-103802.0,,695,-397,坏棒 总长 1002m 任意重度敲 塑料头
827,14:20:53,hit_827_20260730_142053.csv,512,DEFECT,HIGH,0,23,115,221,500000,4354260,3520723,-4354260,-13533.9,,695,-474,坏棒 总长 1002m 任意重度敲 塑料头
828,14:20:54,hit_828_20260730_142054.csv,512,DEFECT,HIGH,0,22,112,217,500000,4249036,3827241,-4249036,147967.7,,695,-478,坏棒 总长 1002m 任意重度敲 塑料头
829,14:20:54,hit_829_20260730_142054.csv,512,DEFECT,HIGH,0,80,112,792,500000,3294510,3294510,-3168176,511561.3,,695,97,坏棒 总长 1002m 任意重度敲 塑料头
830,14:20:54,hit_830_20260730_142054.csv,512,DEFECT,HIGH,0,35,113,343,500000,3617250,3193381,-3617250,74944.5,,695,-352,坏棒 总长 1002m 任意重度敲 塑料头
831,14:20:55,hit_831_20260730_142055.csv,512,DEFECT,HIGH,0,82,113,803,500000,4123987,4123987,-3587982,787558.4,,695,108,坏棒 总长 1002m 任意重度敲 塑料头
832,14:20:55,hit_832_20260730_142055.csv,512,DEFECT,HIGH,0,22,115,211,500000,4363499,3407661,-4363499,7826.2,,695,-484,坏棒 总长 1002m 任意重度敲 塑料头
833,14:20:55,hit_833_20260730_142055.csv,512,DEFECT,HIGH,0,86,113,843,500000,3670598,3465185,-3670598,460272.8,,695,148,坏棒 总长 1002m 任意重度敲 塑料头
834,14:20:55,hit_834_20260730_142055.csv,512,DEFECT,HIGH,0,39,113,382,500000,4088729,4088729,-3860828,440044.5,,695,-313,坏棒 总长 1002m 任意重度敲 塑料头
835,14:20:56,hit_835_20260730_142056.csv,512,DEFECT,HIGH,0,36,112,356,500000,3836967,3836967,-3657579,282159.5,,695,-339,坏棒 总长 1002m 任意重度敲 塑料头
836,14:20:56,hit_836_20260730_142056.csv,512,DEFECT,HIGH,0,23,114,223,500000,4450924,3464712,-4450924,-47142.5,,695,-472,坏棒 总长 1002m 任意重度敲 塑料头
837,14:20:56,hit_837_20260730_142056.csv,512,DEFECT,HIGH,0,22,114,213,500000,4477672,3659495,-4477672,26168.9,,695,-482,坏棒 总长 1002m 任意重度敲 塑料头
838,14:20:57,hit_838_20260730_142057.csv,512,DEFECT,HIGH,0,23,114,223,500000,4493836,3631763,-4493836,18563.4,,695,-472,坏棒 总长 1002m 任意重度敲 塑料头
839,14:20:57,hit_839_20260730_142057.csv,512,DEFECT,HIGH,0,24,114,233,500000,4821855,3575555,-4821855,-122444.2,,695,-462,坏棒 总长 1002m 任意重度敲 塑料头
840,14:20:57,hit_840_20260730_142057.csv,512,DEFECT,HIGH,0,24,115,230,500000,4706426,3556569,-4706426,-123755.6,,695,-465,坏棒 总长 1002m 任意重度敲 塑料头
841,14:20:57,hit_841_20260730_142057.csv,512,DEFECT,HIGH,0,24,116,228,500000,4364826,3408283,-4364826,-154509.4,,695,-467,坏棒 总长 1002m 任意重度敲 塑料头
842,14:20:58,hit_842_20260730_142058.csv,512,DEFECT,HIGH,0,22,115,211,500000,4287413,3433329,-4287413,15899.4,,695,-484,坏棒 总长 1002m 任意重度敲 塑料头
843,14:20:58,hit_843_20260730_142058.csv,512,DEFECT,HIGH,0,22,115,211,500000,4463118,3651669,-4463118,82681.6,,695,-484,坏棒 总长 1002m 任意重度敲 塑料头
844,14:20:58,hit_844_20260730_142058.csv,512,DEFECT,HIGH,0,21,114,203,500000,4269856,3589873,-4269856,95323.3,,695,-492,坏棒 总长 1002m 任意重度敲 塑料头
845,14:20:59,hit_845_20260730_142059.csv,512,DEFECT,HIGH,0,81,112,801,500000,4188582,4188582,-3821041,652103.1,,695,106,坏棒 总长 1002m 任意重度敲 塑料头
846,14:20:59,hit_846_20260730_142059.csv,512,DEFECT,HIGH,0,38,113,372,500000,3899718,3530393,-3899718,328541.4,,695,-323,坏棒 总长 1002m 任意重度敲 塑料头
847,14:20:59,hit_847_20260730_142059.csv,512,DEFECT,HIGH,0,82,112,811,500000,4349007,4349007,-3859714,732874.1,,695,116,坏棒 总长 1002m 任意重度敲 塑料头
848,14:21:00,hit_848_20260730_142100.csv,512,DEFECT,HIGH,0,40,113,392,500000,3926050,3926050,-3883793,498932.1,,695,-303,坏棒 总长 1002m 任意重度敲 塑料头
849,14:21:00,hit_849_20260730_142100.csv,512,DEFECT,HIGH,0,43,115,413,500000,4222619,3184105,-4222619,-204215.0,,695,-282,坏棒 总长 1002m 任意重度敲 塑料头
850,14:21:00,hit_850_20260730_142100.csv,512,DEFECT,HIGH,0,21,114,203,500000,4450004,3869837,-4450004,228589.3,,695,-492,坏棒 总长 1002m 任意重度敲 塑料头
851,14:21:00,hit_851_20260730_142100.csv,512,DEFECT,HIGH,0,82,113,803,500000,4227558,4227558,-4004943,592025.6,,695,108,坏棒 总长 1002m 任意重度敲 塑料头
852,14:21:01,hit_852_20260730_142101.csv,512,DEFECT,HIGH,0,76,114,631,500000,4299092,3562825,-4299092,160657.0,,695,-64,坏棒 总长 1002m 任意重度敲 塑料头
853,14:21:01,hit_853_20260730_142101.csv,512,DEFECT,HIGH,0,39,114,378,500000,3989415,3660835,-3989415,381171.0,,695,-317,坏棒 总长 1002m 任意重度敲 塑料头
854,14:21:01,hit_854_20260730_142101.csv,512,DEFECT,HIGH,0,41,113,401,500000,4130715,3937447,-4130715,332103.4,,695,-294,坏棒 总长 1002m 任意重度敲 塑料头
855,14:21:02,hit_855_20260730_142102.csv,512,DEFECT,HIGH,0,40,114,388,500000,4202180,3533826,-4202180,209287.9,,695,-307,坏棒 总长 1002m 任意重度敲 塑料头
856,14:21:02,hit_856_20260730_142102.csv,512,DEFECT,HIGH,0,40,114,388,500000,4023212,3794299,-4023212,356750.4,,695,-307,坏棒 总长 1002m 任意重度敲 塑料头
857,14:21:02,hit_857_20260730_142102.csv,512,DEFECT,HIGH,0,42,114,407,500000,4228389,3747165,-4228389,230905.7,,695,-288,坏棒 总长 1002m 任意重度敲 塑料头
858,14:21:03,hit_858_20260730_142103.csv,512,DEFECT,HIGH,0,42,115,403,500000,4238478,3481566,-4238478,127864.1,,695,-292,坏棒 总长 1002m 任意重度敲 塑料头
859,14:21:03,hit_859_20260730_142103.csv,512,DEFECT,HIGH,0,74,114,611,500000,4109759,3333281,-4109759,122971.6,,695,-84,坏棒 总长 1002m 任意重度敲 塑料头
860,14:21:03,hit_860_20260730_142103.csv,512,DEFECT,HIGH,0,75,114,621,500000,4195802,3410935,-4195802,136199.4,,695,-74,坏棒 总长 1002m 任意重度敲 塑料头
861,14:21:03,hit_861_20260730_142103.csv,512,DEFECT,HIGH,0,21,115,201,500000,4237505,3238179,-4237505,-5207.9,,695,-494,坏棒 总长 1002m 任意重度敲 塑料头
862,14:21:04,hit_862_20260730_142104.csv,512,DEFECT,HIGH,0,40,113,392,500000,3978559,3923869,-3978559,461948.2,,695,-303,坏棒 总长 1002m 任意重度敲 塑料头
863,14:21:04,hit_863_20260730_142104.csv,512,DEFECT,HIGH,0,21,114,203,500000,4439484,3561748,-4439484,145377.0,,695,-492,坏棒 总长 1002m 任意重度敲 塑料头
864,14:21:04,hit_864_20260730_142104.csv,512,DEFECT,HIGH,0,40,113,392,500000,4083012,3628661,-4083012,297800.7,,695,-303,坏棒 总长 1002m 任意重度敲 塑料头
865,14:21:05,hit_865_20260730_142105.csv,512,DEFECT,HIGH,0,75,113,627,500000,4034134,3647909,-4034134,254294.7,,695,-68,坏棒 总长 1002m 任意重度敲 塑料头
866,14:21:05,hit_866_20260730_142105.csv,512,DEFECT,HIGH,0,40,114,388,500000,3927380,3413638,-3927380,177302.0,,695,-307,坏棒 总长 1002m 任意重度敲 塑料头
867,14:21:05,hit_867_20260730_142105.csv,512,DEFECT,HIGH,0,23,119,212,500000,3670664,2823260,-3670664,-148247.7,,695,-483,坏棒 总长 1002m 任意重度敲 塑料头
868,14:21:05,hit_868_20260730_142105.csv,512,DEFECT,HIGH,0,24,118,224,500000,4738214,3540875,-4738214,35663.0,,695,-471,坏棒 总长 1002m 任意重度敲 塑料头
869,14:21:06,hit_869_20260730_142106.csv,512,DEFECT,HIGH,0,22,115,211,500000,4614235,3150073,-4614235,-99664.0,,695,-484,坏棒 总长 1002m 任意重度敲 塑料头
870,14:21:06,hit_870_20260730_142106.csv,512,DEFECT,HIGH,0,37,112,366,500000,3890284,3890284,-3875736,424377.7,,695,-329,坏棒 总长 1002m 任意重度敲 塑料头
871,14:21:06,hit_871_20260730_142106.csv,512,DEFECT,HIGH,0,26,115,250,500000,5084453,3786379,-5084453,41658.3,,695,-445,坏棒 总长 1002m 任意重度敲 塑料头
872,14:21:07,hit_872_20260730_142107.csv,512,DEFECT,HIGH,0,38,113,372,500000,4001453,3840046,-4001453,357816.1,,695,-323,坏棒 总长 1002m 任意重度敲 塑料头
873,14:21:07,hit_873_20260730_142107.csv,512,DEFECT,HIGH,0,26,116,247,500000,5220653,3737884,-5220653,-58613.8,,695,-448,坏棒 总长 1002m 任意重度敲 塑料头
874,14:21:07,hit_874_20260730_142107.csv,512,DEFECT,HIGH,0,25,117,235,500000,5002201,3381907,-5002201,-172629.0,,695,-460,坏棒 总长 1002m 任意重度敲 塑料头
875,14:21:07,hit_875_20260730_142107.csv,512,DEFECT,HIGH,0,23,115,221,500000,4414700,3469678,-4414700,6704.7,,695,-474,坏棒 总长 1002m 任意重度敲 塑料头
876,14:21:08,hit_876_20260730_142108.csv,512,DEFECT,HIGH,0,23,114,223,500000,4461785,3896776,-4461785,141162.1,,695,-472,坏棒 总长 1002m 任意重度敲 塑料头
877,14:21:08,hit_877_20260730_142108.csv,512,DEFECT,HIGH,0,24,115,230,500000,4671475,3627760,-4671475,32228.3,,695,-465,坏棒 总长 1002m 任意重度敲 塑料头
878,14:21:08,hit_878_20260730_142108.csv,512,DEFECT,HIGH,0,25,114,242,500000,5039488,3871270,-5039488,122082.9,,695,-453,坏棒 总长 1002m 任意重度敲 塑料头
879,14:21:09,hit_879_20260730_142109.csv,512,DEFECT,HIGH,0,24,113,235,500000,4999987,3853970,-4999987,-14061.4,,695,-460,坏棒 总长 1002m 任意重度敲 塑料头
880,14:21:09,hit_880_20260730_142109.csv,512,DEFECT,HIGH,0,23,114,223,500000,4208135,3434518,-4208135,20778.2,,695,-472,坏棒 总长 1002m 任意重度敲 塑料头
881,14:21:09,hit_881_20260730_142109.csv,512,DEFECT,HIGH,0,22,112,217,500000,4359302,4021926,-4359302,223195.9,,695,-478,坏棒 总长 1002m 任意重度敲 塑料头
882,14:21:14,hit_882_20260730_142114.csv,512,DEFECT,HIGH,0,24,111,240,500000,5002041,3821179,-5002041,125617.6,,695,-455,坏棒 总长 1002m 任意重度敲 塑料头
883,14:21:15,hit_883_20260730_142115.csv,512,DEFECT,HIGH,0,25,111,250,500000,5114745,3283531,-5114745,-197341.2,,695,-445,坏棒 总长 1002m 任意重度敲 塑料头
884,14:21:15,hit_884_20260730_142115.csv,512,DEFECT,HIGH,0,27,113,264,500000,5492967,3679183,-5492967,-274531.9,,695,-431,坏棒 总长 1002m 任意重度敲 塑料头
885,14:21:15,hit_885_20260730_142115.csv,512,DEFECT,HIGH,0,31,119,287,500000,5891247,3887775,-5891247,-198597.7,,695,-408,坏棒 总长 1002m 任意重度敲 塑料头
886,14:21:15,hit_886_20260730_142115.csv,512,DEFECT,HIGH,0,83,113,813,500000,4768034,4688403,-4768034,577324.8,,695,118,坏棒 总长 1002m 任意重度敲 塑料头
887,14:21:16,hit_887_20260730_142116.csv,512,DEFECT,HIGH,0,57,116,542,500000,3613450,3613450,-2395611,-17487.1,,695,-153,坏棒 总长 1002m 任意重度敲 塑料头
888,14:21:16,hit_888_20260730_142116.csv,512,DEFECT,HIGH,0,24,112,237,500000,5102360,4008941,-5102360,266837.5,,695,-458,坏棒 总长 1002m 任意重度敲 塑料头
889,14:21:16,hit_889_20260730_142116.csv,512,DEFECT,HIGH,0,24,112,237,500000,5135475,4383418,-5135475,408525.7,,695,-458,坏棒 总长 1002m 任意重度敲 塑料头
890,14:21:17,hit_890_20260730_142117.csv,512,DEFECT,HIGH,0,80,112,792,500000,4968777,4194911,-4968777,360618.9,,695,97,坏棒 总长 1002m 任意重度敲 塑料头
891,14:21:17,hit_891_20260730_142117.csv,512,DEFECT,HIGH,0,25,114,242,500000,5196411,3975842,-5196411,176990.0,,695,-453,坏棒 总长 1002m 任意重度敲 塑料头
892,14:21:17,hit_892_20260730_142117.csv,512,DEFECT,HIGH,0,22,115,211,500000,4227088,3222630,-4227088,44204.9,,695,-484,坏棒 总长 1002m 任意重度敲 塑料头
893,14:21:18,hit_893_20260730_142118.csv,512,DEFECT,HIGH,0,24,114,233,500000,4837514,4092637,-4837514,216379.9,,695,-462,坏棒 总长 1002m 任意重度敲 塑料头
894,14:21:18,hit_894_20260730_142118.csv,512,DEFECT,HIGH,0,25,115,240,500000,4889152,3726627,-4889152,12286.7,,695,-455,坏棒 总长 1002m 任意重度敲 塑料头
895,14:21:18,hit_895_20260730_142118.csv,512,INVALID,NONE,0,0,0,0,581928,911714,911714,-585555,-34117.3,,695,,坏棒 总长 1002m 任意重度敲 塑料头
896,14:21:19,hit_896_20260730_142119.csv,512,DEFECT,HIGH,0,29,121,263,500000,4976448,3275893,-4976448,-332666.2,,695,-432,坏棒 总长 1002m 任意重度敲 塑料头
897,14:21:19,hit_897_20260730_142119.csv,512,DEFECT,HIGH,0,26,114,252,500000,5236644,3841491,-5236644,36692.1,,695,-443,坏棒 总长 1002m 任意重度敲 塑料头
898,14:21:19,hit_898_20260730_142119.csv,512,DEFECT,HIGH,0,25,113,245,500000,5071085,3442219,-5071085,-82955.4,,695,-450,坏棒 总长 1002m 任意重度敲 塑料头
899,14:21:20,hit_899_20260730_142120.csv,512,DEFECT,HIGH,0,25,113,245,500000,5152334,3802785,-5152334,90144.9,,695,-450,坏棒 总长 1002m 任意重度敲 塑料头
900,14:21:20,hit_900_20260730_142120.csv,512,DEFECT,HIGH,0,25,113,245,500000,5198275,3927644,-5198275,109647.9,,695,-450,坏棒 总长 1002m 任意重度敲 塑料头
901,14:21:20,hit_901_20260730_142120.csv,512,DEFECT,HIGH,0,25,116,238,500000,4220195,2938433,-4220195,-219944.8,,695,-457,坏棒 总长 1002m 任意重度敲 塑料头
902,14:21:20,hit_902_20260730_142120.csv,512,DEFECT,HIGH,0,24,112,237,500000,5188389,3965429,-5188389,137755.8,,695,-458,坏棒 总长 1002m 任意重度敲 塑料头
903,14:21:21,hit_903_20260730_142121.csv,512,DEFECT,HIGH,0,25,113,245,500000,5189957,3598612,-5189957,-84509.4,,695,-450,坏棒 总长 1002m 任意重度敲 塑料头
904,14:21:21,hit_904_20260730_142121.csv,512,DEFECT,HIGH,0,26,115,250,500000,4855399,3166179,-4855399,-191450.8,,695,-445,坏棒 总长 1002m 任意重度敲 塑料头
905,14:21:21,hit_905_20260730_142121.csv,512,DEFECT,HIGH,0,24,112,237,500000,5158866,4122595,-5158866,214337.3,,695,-458,坏棒 总长 1002m 任意重度敲 塑料头
906,14:21:22,hit_906_20260730_142122.csv,512,DEFECT,HIGH,0,25,114,242,500000,4985408,3354719,-4985408,-56463.5,,695,-453,坏棒 总长 1002m 任意重度敲 塑料头
907,14:21:22,hit_907_20260730_142122.csv,512,DEFECT,HIGH,0,25,113,245,500000,5180524,3851354,-5180524,53163.9,,695,-450,坏棒 总长 1002m 任意重度敲 塑料头
908,14:21:22,hit_908_20260730_142122.csv,512,DEFECT,HIGH,0,25,113,245,500000,5163798,4061984,-5163798,184105.5,,695,-450,坏棒 总长 1002m 任意重度敲 塑料头
909,14:21:22,hit_909_20260730_142122.csv,512,DEFECT,HIGH,0,24,112,237,500000,5183812,4320726,-5183812,315087.1,,695,-458,坏棒 总长 1002m 任意重度敲 塑料头
910,14:21:23,hit_910_20260730_142123.csv,512,DEFECT,HIGH,0,25,113,245,500000,5169583,4270180,-5169583,262643.8,,695,-450,坏棒 总长 1002m 任意重度敲 塑料头
911,14:21:23,hit_911_20260730_142123.csv,512,DEFECT,HIGH,0,21,113,205,500000,4626243,4196816,-4626243,317438.2,,695,-490,坏棒 总长 1002m 任意重度敲 塑料头
912,14:21:24,hit_912_20260730_142124.csv,512,DEFECT,HIGH,0,24,114,233,500000,4988806,3587418,-4988806,66554.7,,695,-462,坏棒 总长 1002m 任意重度敲 塑料头
913,14:21:24,hit_913_20260730_142124.csv,512,DEFECT,HIGH,0,34,117,320,500000,3164625,2127437,-3164625,-100111.6,,695,-375,坏棒 总长 1002m 任意重度敲 塑料头
914,14:21:25,hit_914_20260730_142125.csv,512,DEFECT,HIGH,0,81,112,801,500000,4984915,4371154,-4984915,400586.6,,695,106,坏棒 总长 1002m 任意重度敲 塑料头
915,14:21:25,hit_915_20260730_142125.csv,512,DEFECT,HIGH,0,26,115,250,500000,5268703,3860607,-5268703,20756.3,,695,-445,坏棒 总长 1002m 任意重度敲 塑料头
916,14:21:25,hit_916_20260730_142125.csv,512,DEFECT,HIGH,0,26,114,252,500000,5081513,3544123,-5081513,-182792.0,,695,-443,坏棒 总长 1002m 任意重度敲 塑料头
917,14:21:25,hit_917_20260730_142125.csv,512,DEFECT,HIGH,0,24,113,235,500000,4888449,4065115,-4888449,266834.2,,695,-460,坏棒 总长 1002m 任意重度敲 塑料头
918,14:21:26,hit_918_20260730_142126.csv,512,DEFECT,HIGH,0,25,114,242,500000,5169272,3788586,-5169272,-6551.9,,695,-453,坏棒 总长 1002m 任意重度敲 塑料头
919,14:21:26,hit_919_20260730_142126.csv,512,DEFECT,HIGH,0,33,121,300,500000,5180073,3480074,-5180073,-217102.2,,695,-395,坏棒 总长 1002m 任意重度敲 塑料头
920,14:21:26,hit_920_20260730_142126.csv,512,DEFECT,HIGH,0,23,112,227,500000,4997678,4382698,-4997678,394666.7,,695,-468,坏棒 总长 1002m 任意重度敲 塑料头
921,14:21:27,hit_921_20260730_142127.csv,512,DEFECT,HIGH,0,24,114,233,500000,4910489,4161163,-4910489,410147.9,,695,-462,坏棒 总长 1002m 任意重度敲 塑料头
922,14:21:27,hit_922_20260730_142127.csv,512,DEFECT,HIGH,0,23,114,223,500000,4729477,3735964,-4729477,85241.5,,695,-472,坏棒 总长 1002m 任意重度敲 塑料头
923,14:21:27,hit_923_20260730_142127.csv,512,DEFECT,HIGH,0,23,114,223,500000,4655045,3931819,-4655045,340302.6,,695,-472,坏棒 总长 1002m 任意重度敲 塑料头
924,14:21:28,hit_924_20260730_142128.csv,512,DEFECT,LOW,0,30,0,285,500000,906560,906560,-649151,-20831.9,,695,-410,坏棒 总长 1002m 任意重度敲 塑料头
925,14:21:28,hit_925_20260730_142128.csv,512,DEFECT,HIGH,0,83,114,805,500000,5070526,4388974,-5070526,319411.6,,695,110,坏棒 总长 1002m 任意重度敲 塑料头
926,14:21:28,hit_926_20260730_142128.csv,512,DEFECT,HIGH,0,24,113,235,500000,4957550,4034839,-4957550,239827.2,,695,-460,坏棒 总长 1002m 任意重度敲 塑料头
927,14:21:28,hit_927_20260730_142128.csv,512,DEFECT,HIGH,0,25,115,240,500000,4626178,3297829,-4626178,-195946.2,,695,-455,坏棒 总长 1002m 任意重度敲 塑料头
928,14:21:29,hit_928_20260730_142129.csv,512,DEFECT,HIGH,0,26,114,252,500000,5102335,3773860,-5102335,13297.4,,695,-443,坏棒 总长 1002m 任意重度敲 塑料头
929,14:21:29,hit_929_20260730_142129.csv,512,DEFECT,HIGH,0,82,113,803,500000,4975494,4304867,-4975494,334576.9,,695,108,坏棒 总长 1002m 任意重度敲 塑料头
930,14:21:29,hit_930_20260730_142129.csv,512,DEFECT,HIGH,0,23,112,227,500000,4695049,3861930,-4695049,276584.6,,695,-468,坏棒 总长 1002m 任意重度敲 塑料头
931,14:21:30,hit_931_20260730_142130.csv,512,DEFECT,HIGH,0,24,114,233,500000,5047213,4199414,-5047213,235693.8,,695,-462,坏棒 总长 1002m 任意重度敲 塑料头
932,14:21:30,hit_932_20260730_142130.csv,512,DEFECT,HIGH,0,24,113,235,500000,5113480,3808916,-5113480,51408.0,,695,-460,坏棒 总长 1002m 任意重度敲 塑料头
933,14:21:30,hit_933_20260730_142130.csv,512,DEFECT,HIGH,0,22,112,217,500000,4652596,4073678,-4652596,431236.1,,695,-478,坏棒 总长 1002m 任意重度敲 塑料头
934,14:21:30,hit_934_20260730_142130.csv,512,DEFECT,HIGH,0,22,112,217,500000,4864714,4109451,-4864714,378728.6,,695,-478,坏棒 总长 1002m 任意重度敲 塑料头
935,14:21:31,hit_935_20260730_142131.csv,512,DEFECT,HIGH,0,23,113,225,500000,4805597,3683424,-4805597,171858.1,,695,-470,坏棒 总长 1002m 任意重度敲 塑料头
936,14:21:31,hit_936_20260730_142131.csv,512,DEFECT,HIGH,0,24,113,235,500000,5010610,3647624,-5010610,-3614.2,,695,-460,坏棒 总长 1002m 任意重度敲 塑料头
937,14:21:31,hit_937_20260730_142131.csv,512,DEFECT,HIGH,0,22,112,217,500000,4665014,4515359,-4665014,705129.7,,695,-478,坏棒 总长 1002m 任意重度敲 塑料头
938,14:21:32,hit_938_20260730_142132.csv,512,DEFECT,HIGH,0,24,113,235,500000,5040403,4026152,-5040403,244995.0,,695,-460,坏棒 总长 1002m 任意重度敲 塑料头
939,14:21:32,hit_939_20260730_142132.csv,512,DEFECT,HIGH,0,24,113,235,500000,4943613,4383514,-4943613,495683.0,,695,-460,坏棒 总长 1002m 任意重度敲 塑料头
940,14:21:32,hit_940_20260730_142132.csv,512,DEFECT,HIGH,0,81,111,810,500000,4738828,4738828,-4484536,720398.8,,695,115,坏棒 总长 1002m 任意重度敲 塑料头
941,14:21:33,hit_941_20260730_142133.csv,512,DEFECT,HIGH,0,24,113,235,500000,4960583,3813309,-4960583,31048.0,,695,-460,坏棒 总长 1002m 任意重度敲 塑料头
942,14:21:33,hit_942_20260730_142133.csv,512,DEFECT,HIGH,0,81,111,810,500000,4749981,4749981,-4580580,724723.5,,695,115,坏棒 总长 1002m 任意重度敲 塑料头
943,14:21:33,hit_943_20260730_142133.csv,512,DEFECT,HIGH,0,22,112,217,500000,4666416,4144502,-4666416,365561.7,,695,-478,坏棒 总长 1002m 任意重度敲 塑料头
944,14:21:33,hit_944_20260730_142133.csv,512,DEFECT,HIGH,0,23,113,225,500000,4893324,4319395,-4893324,453560.1,,695,-470,坏棒 总长 1002m 任意重度敲 塑料头
945,14:21:34,hit_945_20260730_142134.csv,512,DEFECT,HIGH,0,81,112,801,500000,4879893,4580861,-4879893,493898.2,,695,106,坏棒 总长 1002m 任意重度敲 塑料头
946,14:21:34,hit_946_20260730_142134.csv,512,DEFECT,HIGH,0,24,113,235,500000,5047857,3650451,-5047857,45476.5,,695,-460,坏棒 总长 1002m 任意重度敲 塑料头
947,14:21:34,hit_947_20260730_142134.csv,512,DEFECT,HIGH,0,24,112,237,500000,5048596,4368527,-5048596,430923.6,,695,-458,坏棒 总长 1002m 任意重度敲 塑料头
948,14:21:35,hit_948_20260730_142135.csv,512,DEFECT,HIGH,0,27,115,259,500000,5477305,4064771,-5477305,127715.2,,695,-436,坏棒 总长 1002m 任意重度敲 塑料头
949,14:21:35,hit_949_20260730_142135.csv,512,DEFECT,HIGH,0,24,113,235,500000,5029211,4376924,-5029211,409415.7,,695,-460,坏棒 总长 1002m 任意重度敲 塑料头
950,14:21:35,hit_950_20260730_142135.csv,512,DEFECT,HIGH,0,22,112,217,500000,4884068,3855337,-4884068,294503.9,,695,-478,坏棒 总长 1002m 任意重度敲 塑料头
951,14:21:35,hit_951_20260730_142135.csv,512,DEFECT,HIGH,0,24,113,235,500000,5087743,4030111,-5087743,303527.8,,695,-460,坏棒 总长 1002m 任意重度敲 塑料头
952,14:21:36,hit_952_20260730_142136.csv,512,DEFECT,HIGH,0,25,114,242,500000,4906766,3293482,-4906766,-181667.1,,695,-453,坏棒 总长 1002m 任意重度敲 塑料头
953,14:21:36,hit_953_20260730_142136.csv,512,DEFECT,HIGH,0,81,112,801,500000,4940629,4940629,-4727686,743932.7,,695,106,坏棒 总长 1002m 任意重度敲 塑料头
954,14:21:36,hit_954_20260730_142136.csv,512,DEFECT,HIGH,0,25,114,242,500000,5131180,4494424,-5131180,459841.4,,695,-453,坏棒 总长 1002m 任意重度敲 塑料头
955,14:21:37,hit_955_20260730_142137.csv,512,DEFECT,HIGH,0,24,112,237,500000,5087119,4267983,-5087119,363152.6,,695,-458,坏棒 总长 1002m 任意重度敲 塑料头
956,14:21:37,hit_956_20260730_142137.csv,512,DEFECT,HIGH,0,24,113,235,500000,5022812,4205809,-5022812,415697.1,,695,-460,坏棒 总长 1002m 任意重度敲 塑料头
957,14:21:37,hit_957_20260730_142137.csv,512,DEFECT,HIGH,0,81,112,801,500000,4780709,4780709,-4744403,731291.9,,695,106,坏棒 总长 1002m 任意重度敲 塑料头
958,14:21:37,hit_958_20260730_142137.csv,512,DEFECT,HIGH,0,23,112,227,500000,4948282,3923793,-4948282,300781.8,,695,-468,坏棒 总长 1002m 任意重度敲 塑料头
959,14:21:38,hit_959_20260730_142138.csv,512,DEFECT,HIGH,0,24,113,235,500000,4894549,3608898,-4894549,42528.8,,695,-460,坏棒 总长 1002m 任意重度敲 塑料头
960,14:21:38,hit_960_20260730_142138.csv,512,DEFECT,HIGH,0,80,111,800,500000,4958659,4958659,-4555894,819858.4,,695,105,坏棒 总长 1002m 任意重度敲 塑料头
961,14:21:38,hit_961_20260730_142138.csv,512,DEFECT,HIGH,0,23,112,227,500000,4851680,4589336,-4851680,552631.7,,695,-468,坏棒 总长 1002m 任意重度敲 塑料头
962,14:21:39,hit_962_20260730_142139.csv,512,DEFECT,HIGH,0,23,112,227,500000,4979594,4071650,-4979594,354193.3,,695,-468,坏棒 总长 1002m 任意重度敲 塑料头
963,14:21:39,hit_963_20260730_142139.csv,512,DEFECT,HIGH,0,23,112,227,500000,4752974,4386639,-4752974,463751.3,,695,-468,坏棒 总长 1002m 任意重度敲 塑料头
964,14:21:39,hit_964_20260730_142139.csv,512,DEFECT,HIGH,0,22,110,222,500000,4744470,4566638,-4744470,491716.7,,695,-473,坏棒 总长 1002m 任意重度敲 塑料头
965,14:21:39,hit_965_20260730_142139.csv,512,DEFECT,HIGH,0,22,110,222,500000,4679279,3365856,-4679279,23594.1,,695,-473,坏棒 总长 1002m 任意重度敲 塑料头
966,14:21:40,hit_966_20260730_142140.csv,512,DEFECT,HIGH,0,22,111,220,500000,4821360,4351296,-4821360,421385.0,,695,-475,坏棒 总长 1002m 任意重度敲 塑料头
967,14:21:40,hit_967_20260730_142140.csv,512,DEFECT,HIGH,0,22,111,220,500000,4648361,3562368,-4648361,142890.3,,695,-475,坏棒 总长 1002m 任意重度敲 塑料头
968,14:21:40,hit_968_20260730_142140.csv,512,DEFECT,HIGH,0,23,111,230,500000,4801970,3386990,-4801970,-103072.3,,695,-465,坏棒 总长 1002m 任意重度敲 塑料头
969,14:21:41,hit_969_20260730_142141.csv,512,DEFECT,HIGH,0,22,111,220,500000,4772846,4431741,-4772846,436843.0,,695,-475,坏棒 总长 1002m 任意重度敲 塑料头
970,14:21:41,hit_970_20260730_142141.csv,512,DEFECT,HIGH,0,21,110,212,500000,4477597,3704511,-4477597,272328.7,,695,-483,坏棒 总长 1002m 任意重度敲 塑料头
971,14:21:41,hit_971_20260730_142141.csv,512,DEFECT,HIGH,0,25,112,247,500000,5091857,4126461,-5091857,165720.8,,695,-448,坏棒 总长 1002m 任意重度敲 塑料头
972,14:21:41,hit_972_20260730_142141.csv,512,DEFECT,HIGH,0,79,110,797,500000,5009015,5009015,-4442469,823016.7,,695,102,坏棒 总长 1002m 任意重度敲 塑料头
973,14:21:42,hit_973_20260730_142142.csv,512,DEFECT,HIGH,0,22,110,222,500000,4717273,4205397,-4717273,350059.6,,695,-473,坏棒 总长 1002m 任意重度敲 塑料头
974,14:21:42,hit_974_20260730_142142.csv,512,DEFECT,HIGH,0,22,111,220,500000,4696073,4191888,-4696073,402274.7,,695,-475,坏棒 总长 1002m 任意重度敲 塑料头
975,14:21:42,hit_975_20260730_142142.csv,512,DEFECT,HIGH,0,77,108,793,500000,4957313,4957313,-4263699,783114.4,,695,98,坏棒 总长 1002m 任意重度敲 塑料头
976,14:21:43,hit_976_20260730_142143.csv,512,DEFECT,HIGH,0,22,111,220,500000,5002013,5002013,-4712437,699543.3,,695,-475,坏棒 总长 1002m 任意重度敲 塑料头
977,14:21:43,hit_977_20260730_142143.csv,512,DEFECT,HIGH,0,41,111,410,500000,4416873,2988715,-4416873,-289586.1,,695,-285,坏棒 总长 1002m 任意重度敲 塑料头
978,14:21:43,hit_978_20260730_142143.csv,512,DEFECT,HIGH,0,41,109,418,500000,4548846,4211875,-4548846,298691.6,,695,-277,坏棒 总长 1002m 任意重度敲 塑料头
979,14:21:43,hit_979_20260730_142143.csv,512,DEFECT,HIGH,0,23,110,232,500000,4783236,4076649,-4783236,184951.4,,695,-463,坏棒 总长 1002m 任意重度敲 塑料头
980,14:21:44,hit_980_20260730_142144.csv,512,DEFECT,HIGH,0,42,110,424,500000,4656659,3263723,-4656659,-206616.5,,695,-271,坏棒 总长 1002m 任意重度敲 塑料头
981,14:21:44,hit_981_20260730_142144.csv,512,DEFECT,HIGH,0,39,108,402,500000,4296116,4141636,-4296116,413022.4,,695,-293,坏棒 总长 1002m 任意重度敲 塑料头
982,14:21:44,hit_982_20260730_142144.csv,512,DEFECT,HIGH,0,39,108,402,500000,4285841,4285841,-4203416,421148.8,,695,-293,坏棒 总长 1002m 任意重度敲 塑料头
983,14:21:45,hit_983_20260730_142145.csv,512,DEFECT,HIGH,0,73,108,752,500000,4312313,4312313,-3911178,616577.8,,695,57,坏棒 总长 1002m 任意重度敲 塑料头
984,14:21:45,hit_984_20260730_142145.csv,512,DEFECT,HIGH,0,26,109,265,500000,4896409,3485048,-4896409,-178940.7,,695,-430,坏棒 总长 1002m 任意重度敲 塑料头
985,14:21:45,hit_985_20260730_142145.csv,512,DEFECT,HIGH,0,73,108,752,500000,5373420,5373420,-3575131,1080139.7,,695,57,坏棒 总长 1002m 任意重度敲 塑料头
986,14:21:45,hit_986_20260730_142145.csv,512,DEFECT,HIGH,0,22,109,224,500000,4679926,3723163,-4679926,68111.7,,695,-471,坏棒 总长 1002m 任意重度敲 塑料头
987,14:21:46,hit_987_20260730_142146.csv,512,DEFECT,HIGH,0,40,108,412,500000,4927391,4927391,-3914124,664805.4,,695,-283,坏棒 总长 1002m 任意重度敲 塑料头
988,14:21:46,hit_988_20260730_142146.csv,512,DEFECT,HIGH,0,21,108,216,500000,4357457,3078352,-4357457,-147445.0,,695,-479,坏棒 总长 1002m 任意重度敲 塑料头
989,14:21:46,hit_989_20260730_142146.csv,512,DEFECT,HIGH,0,22,108,226,500000,4428590,3301534,-4428590,-101105.9,,695,-469,坏棒 总长 1002m 任意重度敲 塑料头
990,14:21:47,hit_990_20260730_142147.csv,512,DEFECT,HIGH,0,74,120,654,500000,4470783,3995211,-4470783,205613.4,,695,-41,坏棒 总长 1002m 任意重度敲 塑料头
991,14:21:47,hit_991_20260730_142147.csv,512,DEFECT,HIGH,0,72,108,628,500000,4467828,3803623,-4467828,130361.6,,695,-67,坏棒 总长 1002m 任意重度敲 塑料头
992,14:21:47,hit_992_20260730_142147.csv,512,DEFECT,HIGH,0,22,110,222,500000,4583515,3308914,-4583515,-103612.8,,695,-473,坏棒 总长 1002m 任意重度敲 塑料头
993,14:21:48,hit_993_20260730_142148.csv,512,DEFECT,HIGH,0,74,108,762,500000,4814913,4814913,-3934393,744562.0,,695,67,坏棒 总长 1002m 任意重度敲 塑料头
994,14:21:48,hit_994_20260730_142148.csv,512,DEFECT,HIGH,0,22,110,222,500000,4601134,4404589,-4601134,415824.6,,695,-473,坏棒 总长 1002m 任意重度敲 塑料头
995,14:21:48,hit_995_20260730_142148.csv,512,DEFECT,HIGH,0,41,108,422,500000,4447712,4416302,-4447712,427650.2,,695,-273,坏棒 总长 1002m 任意重度敲 塑料头
996,14:21:48,hit_996_20260730_142148.csv,512,DEFECT,HIGH,0,21,109,214,500000,4614116,3337168,-4614116,-54265.1,,695,-481,坏棒 总长 1002m 任意重度敲 塑料头
997,14:21:49,hit_997_20260730_142149.csv,512,DEFECT,HIGH,0,22,109,224,500000,4604995,3969697,-4604995,189010.8,,695,-471,坏棒 总长 1002m 任意重度敲 塑料头
998,14:21:49,hit_998_20260730_142149.csv,512,DEFECT,HIGH,0,74,108,762,500000,4739369,4739369,-3701612,956868.7,,695,67,坏棒 总长 1002m 任意重度敲 塑料头
999,14:21:49,hit_999_20260730_142149.csv,512,DEFECT,HIGH,0,75,108,773,500000,4701871,4701871,-4068938,727664.5,,695,78,坏棒 总长 1002m 任意重度敲 塑料头
1000,14:21:49,hit_1000_20260730_142149.csv,512,DEFECT,HIGH,0,42,108,432,500000,4696207,4696207,-4394378,610122.5,,695,-263,坏棒 总长 1002m 任意重度敲 塑料头
1001,14:21:50,hit_1001_20260730_142150.csv,512,DEFECT,HIGH,0,37,108,381,500000,4319761,3931910,-4319761,241323.9,,695,-314,坏棒 总长 1002m 任意重度敲 塑料头
1002,14:21:50,hit_1002_20260730_142150.csv,512,DEFECT,HIGH,0,40,109,408,500000,4449580,4056289,-4449580,291284.6,,695,-287,坏棒 总长 1002m 任意重度敲 塑料头
1003,14:21:50,hit_1003_20260730_142150.csv,512,DEFECT,HIGH,0,76,108,783,500000,4869287,4869287,-4090275,760832.5,,695,88,坏棒 总长 1002m 任意重度敲 塑料头
1004,14:21:51,hit_1004_20260730_142151.csv,512,DEFECT,HIGH,0,21,109,214,500000,4583625,3497480,-4583625,95485.4,,695,-481,坏棒 总长 1002m 任意重度敲 塑料头
1005,14:21:51,hit_1005_20260730_142151.csv,512,DEFECT,HIGH,0,41,108,422,500000,4530314,4516246,-4530314,517986.7,,695,-273,坏棒 总长 1002m 任意重度敲 塑料头
1006,14:21:51,hit_1006_20260730_142151.csv,512,DEFECT,HIGH,0,71,108,618,500000,4412104,3351349,-4412104,28458.4,,695,-77,坏棒 总长 1002m 任意重度敲 塑料头
1007,14:21:51,hit_1007_20260730_142151.csv,512,DEFECT,HIGH,0,21,109,214,500000,4646247,4463803,-4646247,371724.1,,695,-481,坏棒 总长 1002m 任意重度敲 塑料头
1008,14:21:52,hit_1008_20260730_142152.csv,512,DEFECT,HIGH,0,39,108,402,500000,4636027,4636027,-4091678,542795.8,,695,-293,坏棒 总长 1002m 任意重度敲 塑料头
1009,14:21:52,hit_1009_20260730_142152.csv,512,DEFECT,HIGH,0,72,118,637,500000,4197523,4197523,-4124229,333529.8,,695,-58,坏棒 总长 1002m 任意重度敲 塑料头
1010,14:21:52,hit_1010_20260730_142152.csv,512,DEFECT,HIGH,0,43,110,434,500000,4494037,3288031,-4494037,-281701.0,,695,-261,坏棒 总长 1002m 任意重度敲 塑料头
1011,14:21:53,hit_1011_20260730_142153.csv,512,DEFECT,HIGH,0,45,108,463,500000,5240532,5240532,-4330114,940805.7,,695,-232,坏棒 总长 1002m 任意重度敲 塑料头
1012,14:21:53,hit_1012_20260730_142153.csv,512,DEFECT,HIGH,0,38,108,391,500000,4186094,3945576,-4186094,305454.7,,695,-304,坏棒 总长 1002m 任意重度敲 塑料头
1013,14:21:53,hit_1013_20260730_142153.csv,512,DEFECT,HIGH,0,45,108,463,500000,4355158,4355158,-4166737,506865.1,,695,-232,坏棒 总长 1002m 任意重度敲 塑料头
1014,14:21:53,hit_1014_20260730_142153.csv,512,DEFECT,HIGH,0,21,109,214,500000,4871275,4871275,-4520079,569575.6,,695,-481,坏棒 总长 1002m 任意重度敲 塑料头
1015,14:21:54,hit_1015_20260730_142154.csv,512,DEFECT,HIGH,0,39,108,402,500000,3090819,3090819,-1916562,-48160.8,,695,-293,坏棒 总长 1002m 任意重度敲 塑料头
1016,14:21:54,hit_1016_20260730_142154.csv,512,DEFECT,HIGH,0,42,108,432,500000,5167708,5167708,-4288713,701737.2,,695,-263,坏棒 总长 1002m 任意重度敲 塑料头
1017,14:21:54,hit_1017_20260730_142154.csv,512,DEFECT,HIGH,0,22,110,222,500000,4691120,4178354,-4691120,263897.8,,695,-473,坏棒 总长 1002m 任意重度敲 塑料头
1018,14:21:55,hit_1018_20260730_142155.csv,512,DEFECT,HIGH,0,24,109,244,500000,4830832,3989409,-4830832,105537.3,,695,-451,坏棒 总长 1002m 任意重度敲 塑料头
1019,14:21:55,hit_1019_20260730_142155.csv,512,DEFECT,HIGH,0,24,111,240,500000,4936799,3755266,-4936799,85285.4,,695,-455,坏棒 总长 1002m 任意重度敲 塑料头
1020,14:21:55,hit_1020_20260730_142155.csv,512,DEFECT,HIGH,0,21,108,216,500000,4408911,3823231,-4408911,120545.7,,695,-479,坏棒 总长 1002m 任意重度敲 塑料头
1021,14:21:55,hit_1021_20260730_142155.csv,512,DEFECT,HIGH,0,75,108,773,500000,4532130,4532130,-3989328,767575.5,,695,78,坏棒 总长 1002m 任意重度敲 塑料头
1022,14:21:56,hit_1022_20260730_142156.csv,512,DEFECT,HIGH,0,22,110,222,500000,4625915,4007804,-4625915,301020.3,,695,-473,坏棒 总长 1002m 任意重度敲 塑料头
1023,14:21:56,hit_1023_20260730_142156.csv,512,DEFECT,HIGH,0,41,108,422,500000,4796396,4796396,-4212847,649933.0,,695,-273,坏棒 总长 1002m 任意重度敲 塑料头
1024,14:21:56,hit_1024_20260730_142156.csv,512,DEFECT,HIGH,0,40,108,412,500000,4405270,4405270,-4097460,497044.4,,695,-283,坏棒 总长 1002m 任意重度敲 塑料头
1025,14:21:57,hit_1025_20260730_142157.csv,512,DEFECT,HIGH,0,44,108,453,500000,4934754,4934754,-4013003,728434.5,,695,-242,坏棒 总长 1002m 任意重度敲 塑料头
1026,14:21:57,hit_1026_20260730_142157.csv,512,DEFECT,HIGH,0,23,109,234,500000,4790534,4186852,-4790534,173784.9,,695,-461,坏棒 总长 1002m 任意重度敲 塑料头
1027,14:21:57,hit_1027_20260730_142157.csv,512,DEFECT,HIGH,0,22,120,194,500000,4442412,3456835,-4442412,-47248.6,,695,-501,坏棒 总长 1002m 任意重度敲 塑料头
1028,14:21:57,hit_1028_20260730_142157.csv,512,DEFECT,HIGH,0,39,108,402,500000,4607181,4607181,-3993903,527053.4,,695,-293,坏棒 总长 1002m 任意重度敲 塑料头
1029,14:21:58,hit_1029_20260730_142158.csv,512,DEFECT,HIGH,0,24,110,242,500000,4090306,3099044,-4090306,-232484.4,,695,-453,坏棒 总长 1002m 任意重度敲 塑料头
1030,14:21:58,hit_1030_20260730_142158.csv,512,DEFECT,HIGH,0,24,111,240,500000,4757525,4757525,-3910173,627860.6,,695,-455,坏棒 总长 1002m 任意重度敲 塑料头
1031,14:21:58,hit_1031_20260730_142158.csv,512,DEFECT,HIGH,0,23,109,234,500000,4741789,4403343,-4741789,181632.3,,695,-461,坏棒 总长 1002m 任意重度敲 塑料头
1032,14:21:58,hit_1032_20260730_142158.csv,512,DEFECT,HIGH,0,21,118,185,500000,4121366,3400640,-4121366,6904.9,,695,-510,坏棒 总长 1002m 任意重度敲 塑料头
1033,14:21:59,hit_1033_20260730_142159.csv,512,DEFECT,HIGH,0,40,108,412,500000,4640341,4640341,-3866324,756028.9,,695,-283,坏棒 总长 1002m 任意重度敲 塑料头
1034,14:21:59,hit_1034_20260730_142159.csv,512,DEFECT,HIGH,0,40,108,412,500000,4737310,4737310,-4019600,626435.5,,695,-283,坏棒 总长 1002m 任意重度敲 塑料头
1035,14:21:59,hit_1035_20260730_142159.csv,512,DEFECT,HIGH,0,21,108,216,500000,4398441,4293573,-4398441,280777.8,,695,-479,坏棒 总长 1002m 任意重度敲 塑料头
1036,14:22:00,hit_1036_20260730_142200.csv,512,DEFECT,HIGH,0,22,108,226,500000,4493862,3999187,-4493862,154989.3,,695,-469,坏棒 总长 1002m 任意重度敲 塑料头
1037,14:22:00,hit_1037_20260730_142200.csv,512,DEFECT,HIGH,0,72,108,742,500000,4600221,4600221,-3694479,746542.4,,695,47,坏棒 总长 1002m 任意重度敲 塑料头
1038,14:22:00,hit_1038_20260730_142200.csv,512,DEFECT,HIGH,0,71,109,612,500000,4415973,3053403,-4415973,-120796.1,,695,-83,坏棒 总长 1002m 任意重度敲 塑料头
1039,14:22:00,hit_1039_20260730_142200.csv,512,DEFECT,HIGH,0,71,109,612,500000,4503671,3217111,-4503671,-30142.5,,695,-83,坏棒 总长 1002m 任意重度敲 塑料头
1040,14:22:02,hit_1040_20260730_142202.csv,512,DEFECT,HIGH,0,83,113,813,500000,4541660,4541660,-4060761,678470.5,,695,118,坏棒 总长 1002m 任意重度敲 塑料头
1041,14:22:02,hit_1041_20260730_142202.csv,512,DEFECT,HIGH,0,41,115,394,500000,4233260,3601491,-4233260,9066.6,,695,-301,坏棒 总长 1002m 任意重度敲 塑料头
1042,14:22:02,hit_1042_20260730_142202.csv,512,DEFECT,HIGH,0,21,116,200,500000,4745155,4745155,-4430512,685709.4,,695,-495,坏棒 总长 1002m 任意重度敲 塑料头
1043,14:22:03,hit_1043_20260730_142203.csv,512,DEFECT,HIGH,0,23,114,223,500000,4559634,3890114,-4559634,184420.7,,695,-472,坏棒 总长 1002m 任意重度敲 塑料头
1044,14:22:03,hit_1044_20260730_142203.csv,512,DEFECT,HIGH,0,23,112,227,500000,4839666,4184914,-4839666,274431.1,,695,-468,坏棒 总长 1002m 任意重度敲 塑料头
1045,14:22:03,hit_1045_20260730_142203.csv,512,DEFECT,HIGH,0,22,113,215,500000,4430054,3681097,-4430054,107682.9,,695,-480,坏棒 总长 1002m 任意重度敲 塑料头
1046,14:22:03,hit_1046_20260730_142203.csv,512,DEFECT,HIGH,0,23,113,225,500000,4734383,4418124,-4734383,551956.4,,695,-470,坏棒 总长 1002m 任意重度敲 塑料头
1047,14:22:04,hit_1047_20260730_142204.csv,512,DEFECT,HIGH,0,23,113,225,500000,5018871,4010863,-5018871,242184.3,,695,-470,坏棒 总长 1002m 任意重度敲 塑料头
1048,14:22:04,hit_1048_20260730_142204.csv,512,DEFECT,HIGH,0,24,113,235,500000,4892597,3851674,-4892597,234373.8,,695,-460,坏棒 总长 1002m 任意重度敲 塑料头
1049,14:22:04,hit_1049_20260730_142204.csv,512,DEFECT,HIGH,0,25,113,245,500000,5154815,3782513,-5154815,61630.3,,695,-450,坏棒 总长 1002m 任意重度敲 塑料头
1050,14:22:04,hit_1050_20260730_142204.csv,512,DEFECT,HIGH,0,25,112,247,500000,5146183,4008548,-5146183,226861.8,,695,-448,坏棒 总长 1002m 任意重度敲 塑料头
1051,14:22:05,hit_1051_20260730_142205.csv,512,DEFECT,HIGH,0,25,112,247,500000,5127870,4068945,-5127870,214738.3,,695,-448,坏棒 总长 1002m 任意重度敲 塑料头
1052,14:22:05,hit_1052_20260730_142205.csv,512,DEFECT,HIGH,0,24,114,233,500000,4633161,3167919,-4633161,-189161.2,,695,-462,坏棒 总长 1002m 任意重度敲 塑料头
1053,14:22:05,hit_1053_20260730_142205.csv,512,DEFECT,HIGH,0,22,111,220,500000,4752955,4314633,-4752955,604423.2,,695,-475,坏棒 总长 1002m 任意重度敲 塑料头
1054,14:22:05,hit_1054_20260730_142205.csv,512,DEFECT,HIGH,0,81,112,801,500000,5056738,4427954,-5056738,430341.6,,695,106,坏棒 总长 1002m 任意重度敲 塑料头
1055,14:22:06,hit_1055_20260730_142206.csv,512,DEFECT,HIGH,0,24,113,235,500000,4798422,3682140,-4798422,185257.0,,695,-460,坏棒 总长 1002m 任意重度敲 塑料头
1056,14:22:06,hit_1056_20260730_142206.csv,512,DEFECT,HIGH,0,80,111,800,500000,4615348,4615348,-4611050,793724.6,,695,105,坏棒 总长 1002m 任意重度敲 塑料头
1057,14:22:06,hit_1057_20260730_142206.csv,512,DEFECT,HIGH,0,24,112,237,500000,5066297,3761549,-5066297,77153.8,,695,-458,坏棒 总长 1002m 任意重度敲 塑料头
1058,14:22:06,hit_1058_20260730_142206.csv,512,DEFECT,HIGH,0,80,111,800,500000,4964657,4430103,-4964657,555853.3,,695,105,坏棒 总长 1002m 任意重度敲 塑料头
1059,14:22:07,hit_1059_20260730_142207.csv,512,DEFECT,HIGH,0,23,111,230,500000,4935806,4184662,-4935806,420051.4,,695,-465,坏棒 总长 1002m 任意重度敲 塑料头
1060,14:22:07,hit_1060_20260730_142207.csv,512,DEFECT,HIGH,0,22,111,220,500000,4644107,4644107,-4564615,821309.8,,695,-475,坏棒 总长 1002m 任意重度敲 塑料头
1061,14:22:07,hit_1061_20260730_142207.csv,512,DEFECT,HIGH,0,79,109,806,500000,4840541,4840541,-4297012,1106787.8,,695,111,坏棒 总长 1002m 任意重度敲 塑料头
1062,14:22:07,hit_1062_20260730_142207.csv,512,DEFECT,HIGH,0,21,110,212,500000,4587841,4587841,-4516428,845106.1,,695,-483,坏棒 总长 1002m 任意重度敲 塑料头
1063,14:22:07,hit_1063_20260730_142207.csv,512,DEFECT,HIGH,0,80,112,792,500000,4773783,4561392,-4773783,628991.4,,695,97,坏棒 总长 1002m 任意重度敲 塑料头
1064,14:22:08,hit_1064_20260730_142208.csv,512,DEFECT,HIGH,0,81,112,801,500000,4976544,4527239,-4976544,446803.2,,695,106,坏棒 总长 1002m 任意重度敲 塑料头
1065,14:22:08,hit_1065_20260730_142208.csv,512,DEFECT,HIGH,0,21,110,212,500000,4751023,4751023,-4491676,929756.2,,695,-483,坏棒 总长 1002m 任意重度敲 塑料头
1066,14:22:08,hit_1066_20260730_142208.csv,512,DEFECT,HIGH,0,79,110,797,500000,4809918,4630315,-4809918,696955.5,,695,102,坏棒 总长 1002m 任意重度敲 塑料头
1067,14:22:08,hit_1067_20260730_142208.csv,512,DEFECT,HIGH,0,80,111,800,500000,4926550,4926550,-4788791,762253.9,,695,105,坏棒 总长 1002m 任意重度敲 塑料头
1068,14:22:09,hit_1068_20260730_142209.csv,512,DEFECT,HIGH,0,23,112,227,500000,4959121,4039472,-4959121,356661.3,,695,-468,坏棒 总长 1002m 任意重度敲 塑料头
1069,14:22:09,hit_1069_20260730_142209.csv,512,DEFECT,HIGH,0,23,112,227,500000,4953920,4072235,-4953920,327163.4,,695,-468,坏棒 总长 1002m 任意重度敲 塑料头
1070,14:22:09,hit_1070_20260730_142209.csv,512,DEFECT,HIGH,0,80,111,800,500000,4749620,4659448,-4749620,672613.3,,695,105,坏棒 总长 1002m 任意重度敲 塑料头
1071,14:22:09,hit_1071_20260730_142209.csv,512,DEFECT,HIGH,0,23,112,227,500000,4964296,4006163,-4964296,290031.4,,695,-468,坏棒 总长 1002m 任意重度敲 塑料头
1072,14:22:09,hit_1072_20260730_142209.csv,512,DEFECT,HIGH,0,24,113,235,500000,5052029,4047407,-5052029,238057.3,,695,-460,坏棒 总长 1002m 任意重度敲 塑料头
1073,14:22:10,hit_1073_20260730_142210.csv,512,DEFECT,HIGH,0,23,112,227,500000,4876019,4000947,-4876019,354380.3,,695,-468,坏棒 总长 1002m 任意重度敲 塑料头
1074,14:22:10,hit_1074_20260730_142210.csv,512,DEFECT,HIGH,0,80,111,800,500000,4941769,4941769,-4760429,810651.3,,695,105,坏棒 总长 1002m 任意重度敲 塑料头
1075,14:22:10,hit_1075_20260730_142210.csv,512,DEFECT,HIGH,0,24,113,235,500000,4997556,4108630,-4997556,354579.7,,695,-460,坏棒 总长 1002m 任意重度敲 塑料头
1076,14:22:10,hit_1076_20260730_142210.csv,512,DEFECT,HIGH,0,80,111,800,500000,4815073,4776059,-4815073,701272.2,,695,105,坏棒 总长 1002m 任意重度敲 塑料头
1077,14:22:10,hit_1077_20260730_142210.csv,512,DEFECT,HIGH,0,80,111,800,500000,5202840,5202840,-4525635,1132448.2,,695,105,坏棒 总长 1002m 任意重度敲 塑料头
1078,14:22:11,hit_1078_20260730_142211.csv,512,DEFECT,HIGH,0,81,111,810,500000,4882270,4677142,-4882270,612553.5,,695,115,坏棒 总长 1002m 任意重度敲 塑料头
1079,14:22:11,hit_1079_20260730_142211.csv,512,DEFECT,HIGH,0,81,111,810,500000,5035432,5035432,-4733679,806079.5,,695,115,坏棒 总长 1002m 任意重度敲 塑料头
1080,14:22:11,hit_1080_20260730_142211.csv,512,DEFECT,HIGH,0,23,112,227,500000,4923211,4296553,-4923211,455738.6,,695,-468,坏棒 总长 1002m 任意重度敲 塑料头
1081,14:22:11,hit_1081_20260730_142211.csv,512,DEFECT,HIGH,0,78,110,787,500000,4811576,4811576,-4624106,873627.2,,695,92,坏棒 总长 1002m 任意重度敲 塑料头
1082,14:22:11,hit_1082_20260730_142211.csv,512,DEFECT,HIGH,0,79,110,797,500000,4881991,4881991,-4575506,906104.7,,695,102,坏棒 总长 1002m 任意重度敲 塑料头
1083,14:22:12,hit_1083_20260730_142212.csv,512,DEFECT,HIGH,0,79,110,797,500000,4944312,4944312,-4469177,1043543.2,,695,102,坏棒 总长 1002m 任意重度敲 塑料头
1084,14:22:12,hit_1084_20260730_142212.csv,512,DEFECT,HIGH,0,78,109,795,500000,5054863,5054863,-4376027,1155205.4,,695,100,坏棒 总长 1002m 任意重度敲 塑料头
1085,14:22:12,hit_1085_20260730_142212.csv,512,DEFECT,HIGH,0,79,110,797,500000,4970490,4970490,-4350753,1154517.6,,695,102,坏棒 总长 1002m 任意重度敲 塑料头
1086,14:22:12,hit_1086_20260730_142212.csv,512,DEFECT,HIGH,0,80,110,808,500000,5095096,5095096,-4565983,1088282.8,,695,113,坏棒 总长 1002m 任意重度敲 塑料头
1087,14:22:13,hit_1087_20260730_142213.csv,512,DEFECT,HIGH,0,77,109,673,500000,5262150,5262150,-3980624,1584033.1,,695,-22,坏棒 总长 1002m 任意重度敲 塑料头
1088,14:22:13,hit_1088_20260730_142213.csv,512,DEFECT,HIGH,0,79,109,806,500000,4982942,4982942,-4299466,1137019.6,,695,111,坏棒 总长 1002m 任意重度敲 塑料头
1089,14:22:13,hit_1089_20260730_142213.csv,512,DEFECT,HIGH,0,78,110,676,500000,5144498,5144498,-4131981,1402613.1,,695,-19,坏棒 总长 1002m 任意重度敲 塑料头
1090,14:22:13,hit_1090_20260730_142213.csv,512,DEFECT,HIGH,0,79,110,797,500000,4914769,4914769,-4278807,1152192.2,,695,102,坏棒 总长 1002m 任意重度敲 塑料头
1091,14:22:13,hit_1091_20260730_142213.csv,512,DEFECT,HIGH,0,75,110,646,500000,5390705,5390705,-4227795,1424090.3,,695,-49,坏棒 总长 1002m 任意重度敲 塑料头
1092,14:22:14,hit_1092_20260730_142214.csv,512,DEFECT,HIGH,0,79,110,797,500000,4934809,4306287,-4934809,439996.9,,695,102,坏棒 总长 1002m 任意重度敲 塑料头
1093,14:22:14,hit_1093_20260730_142214.csv,512,DEFECT,HIGH,0,79,110,797,500000,4882577,4882577,-4411515,1082180.8,,695,102,坏棒 总长 1002m 任意重度敲 塑料头
1094,14:22:14,hit_1094_20260730_142214.csv,512,DEFECT,HIGH,0,77,109,673,500000,4998767,4998767,-4090524,1323002.3,,695,-22,坏棒 总长 1002m 任意重度敲 塑料头
1095,14:22:14,hit_1095_20260730_142214.csv,512,DEFECT,HIGH,0,22,111,220,500000,4761113,4761113,-4673964,819723.6,,695,-475,坏棒 总长 1002m 任意重度敲 塑料头
1096,14:22:14,hit_1096_20260730_142214.csv,512,DEFECT,HIGH,0,79,110,797,500000,5040463,5040463,-4619855,1001483.5,,695,102,坏棒 总长 1002m 任意重度敲 塑料头
1097,14:22:15,hit_1097_20260730_142215.csv,512,DEFECT,HIGH,0,79,110,797,500000,4723824,4674145,-4723824,814657.8,,695,102,坏棒 总长 1002m 任意重度敲 塑料头
1098,14:22:15,hit_1098_20260730_142215.csv,512,DEFECT,HIGH,0,22,110,222,500000,4652041,4629502,-4652041,777995.7,,695,-473,坏棒 总长 1002m 任意重度敲 塑料头
1099,14:22:15,hit_1099_20260730_142215.csv,512,DEFECT,HIGH,0,80,112,792,500000,5000271,4442597,-5000271,554477.2,,695,97,坏棒 总长 1002m 任意重度敲 塑料头
1100,14:22:15,hit_1100_20260730_142215.csv,512,DEFECT,HIGH,0,79,110,797,500000,4920542,4920542,-4737331,857004.7,,695,102,坏棒 总长 1002m 任意重度敲 塑料头
1101,14:22:15,hit_1101_20260730_142215.csv,512,DEFECT,HIGH,0,80,111,800,500000,5131422,5131422,-4876502,807543.9,,695,105,坏棒 总长 1002m 任意重度敲 塑料头
1102,14:22:15,hit_1102_20260730_142215.csv,512,DEFECT,HIGH,0,81,111,810,500000,5226067,5226067,-4748065,1099584.0,,695,115,坏棒 总长 1002m 任意重度敲 塑料头
1103,14:22:16,hit_1103_20260730_142216.csv,512,DEFECT,HIGH,0,81,112,801,500000,4668025,4450981,-4668025,905806.6,,695,106,坏棒 总长 1002m 任意重度敲 塑料头
1104,14:22:16,hit_1104_20260730_142216.csv,512,DEFECT,HIGH,0,80,110,808,500000,4629467,4610956,-4629467,758418.4,,695,113,坏棒 总长 1002m 任意重度敲 塑料头
1105,14:22:17,hit_1105_20260730_142217.csv,512,DEFECT,HIGH,0,81,111,810,500000,4740945,4521770,-4740945,647878.0,,695,115,坏棒 总长 1002m 任意重度敲 塑料头
1106,14:22:17,hit_1106_20260730_142217.csv,512,DEFECT,HIGH,0,22,112,217,500000,5132683,5132683,-4747674,894580.8,,695,-478,坏棒 总长 1002m 任意重度敲 塑料头
1107,14:22:17,hit_1107_20260730_142217.csv,512,DEFECT,HIGH,0,79,110,797,500000,4781116,4781116,-4539105,905046.0,,695,102,坏棒 总长 1002m 任意重度敲 塑料头
1108,14:22:17,hit_1108_20260730_142217.csv,512,DEFECT,HIGH,0,82,111,820,500000,5059812,5059812,-4661163,958337.8,,695,125,坏棒 总长 1002m 任意重度敲 塑料头
1109,14:22:18,hit_1109_20260730_142218.csv,512,DEFECT,HIGH,0,81,111,810,500000,5113088,5113088,-4625351,1027799.8,,695,115,坏棒 总长 1002m 任意重度敲 塑料头
1110,14:22:18,hit_1110_20260730_142218.csv,512,DEFECT,HIGH,0,82,111,820,500000,4935762,4935762,-4785730,732034.4,,695,125,坏棒 总长 1002m 任意重度敲 塑料头
1111,14:22:18,hit_1111_20260730_142218.csv,512,DEFECT,HIGH,0,77,109,673,500000,5285845,5285845,-4313013,1368575.2,,695,-22,坏棒 总长 1002m 任意重度敲 塑料头
1112,14:22:18,hit_1112_20260730_142218.csv,512,DEFECT,HIGH,0,80,111,800,500000,4793754,4793754,-4752285,725353.8,,695,105,坏棒 总长 1002m 任意重度敲 塑料头
1113,14:22:18,hit_1113_20260730_142218.csv,512,DEFECT,HIGH,0,81,111,810,500000,5307998,5307998,-4642669,1084617.0,,695,115,坏棒 总长 1002m 任意重度敲 塑料头
1114,14:22:18,hit_1114_20260730_142218.csv,512,DEFECT,HIGH,0,80,111,800,500000,4978728,4728652,-4978728,526942.6,,695,105,坏棒 总长 1002m 任意重度敲 塑料头
1115,14:22:19,hit_1115_20260730_142219.csv,512,DEFECT,HIGH,0,81,111,810,500000,4929793,4539825,-4929793,530207.4,,695,115,坏棒 总长 1002m 任意重度敲 塑料头
1116,14:22:19,hit_1116_20260730_142219.csv,512,DEFECT,HIGH,0,80,111,800,500000,4937067,4900821,-4937067,655057.4,,695,105,坏棒 总长 1002m 任意重度敲 塑料头
1117,14:22:19,hit_1117_20260730_142219.csv,512,DEFECT,HIGH,0,80,110,808,500000,5098597,5098597,-4696369,891746.2,,695,113,坏棒 总长 1002m 任意重度敲 塑料头
1118,14:22:19,hit_1118_20260730_142219.csv,512,DEFECT,HIGH,0,82,111,820,500000,5453135,5453135,-4858556,1004943.0,,695,125,坏棒 总长 1002m 任意重度敲 塑料头
1119,14:22:19,hit_1119_20260730_142219.csv,512,DEFECT,HIGH,0,80,111,800,500000,4991542,4569138,-4991542,502632.3,,695,105,坏棒 总长 1002m 任意重度敲 塑料头
1120,14:22:20,hit_1120_20260730_142220.csv,512,DEFECT,HIGH,0,81,111,810,500000,5052735,4558143,-5052735,401875.6,,695,115,坏棒 总长 1002m 任意重度敲 塑料头
1121,14:22:20,hit_1121_20260730_142220.csv,512,DEFECT,HIGH,0,81,111,810,500000,5271149,5271149,-4617035,1081550.0,,695,115,坏棒 总长 1002m 任意重度敲 塑料头
1122,14:22:20,hit_1122_20260730_142220.csv,512,DEFECT,HIGH,0,81,112,801,500000,5097710,4300275,-5097710,306351.7,,695,106,坏棒 总长 1002m 任意重度敲 塑料头
1123,14:22:20,hit_1123_20260730_142220.csv,512,DEFECT,HIGH,0,81,111,810,500000,4986043,4626274,-4986043,483394.6,,695,115,坏棒 总长 1002m 任意重度敲 塑料头
1124,14:22:20,hit_1124_20260730_142220.csv,512,DEFECT,HIGH,0,21,111,210,500000,5750990,5750990,-4329970,1484578.7,,695,-485,坏棒 总长 1002m 任意重度敲 塑料头
1125,14:22:21,hit_1125_20260730_142221.csv,512,DEFECT,HIGH,0,80,110,808,500000,5557630,5557630,-4415875,1328984.4,,695,113,坏棒 总长 1002m 任意重度敲 塑料头
1126,14:22:21,hit_1126_20260730_142221.csv,512,DEFECT,HIGH,0,77,110,666,500000,5430262,5430262,-4347097,1371801.4,,695,-29,坏棒 总长 1002m 任意重度敲 塑料头
1127,14:22:21,hit_1127_20260730_142221.csv,512,DEFECT,HIGH,0,80,110,808,500000,5413519,5413519,-4678390,1043658.9,,695,113,坏棒 总长 1002m 任意重度敲 塑料头
1128,14:22:21,hit_1128_20260730_142221.csv,512,DEFECT,HIGH,0,81,111,810,500000,4930083,4747448,-4930083,587422.6,,695,115,坏棒 总长 1002m 任意重度敲 塑料头
1129,14:22:21,hit_1129_20260730_142221.csv,512,DEFECT,HIGH,0,81,111,810,500000,5082147,5082147,-4653611,937327.3,,695,115,坏棒 总长 1002m 任意重度敲 塑料头
1130,14:22:22,hit_1130_20260730_142222.csv,512,DEFECT,HIGH,0,78,110,676,500000,5829783,5829783,-3765903,2054294.3,,695,-19,坏棒 总长 1002m 任意重度敲 塑料头
1131,14:22:22,hit_1131_20260730_142222.csv,512,DEFECT,HIGH,0,84,114,815,500000,4923475,4923475,-4871601,907562.4,,695,120,坏棒 总长 1002m 任意重度敲 塑料头
1132,14:22:22,hit_1132_20260730_142222.csv,512,DEFECT,HIGH,0,84,114,815,500000,4873000,4725629,-4873000,751182.6,,695,120,坏棒 总长 1002m 任意重度敲 塑料头
1133,14:22:22,hit_1133_20260730_142222.csv,512,DEFECT,HIGH,0,81,111,810,500000,5009818,5009818,-4306314,1086404.3,,695,115,坏棒 总长 1002m 任意重度敲 塑料头
1134,14:22:22,hit_1134_20260730_142222.csv,512,DEFECT,HIGH,0,81,112,801,500000,4662193,4230350,-4662193,429949.4,,695,106,坏棒 总长 1002m 任意重度敲 塑料头
1135,14:22:23,hit_1135_20260730_142223.csv,512,DEFECT,HIGH,0,77,110,676,500000,5382392,5382392,-4072024,1464265.3,,695,-19,坏棒 总长 1002m 任意重度敲 塑料头
1136,14:22:23,hit_1136_20260730_142223.csv,512,DEFECT,HIGH,0,77,109,683,500000,5610364,5610364,-3794846,1754468.2,,695,-12,坏棒 总长 1002m 任意重度敲 塑料头
1137,14:22:23,hit_1137_20260730_142223.csv,512,DEFECT,HIGH,0,78,110,676,500000,5197812,5197812,-4031735,1450346.5,,695,-19,坏棒 总长 1002m 任意重度敲 塑料头
1138,14:22:23,hit_1138_20260730_142223.csv,512,DEFECT,HIGH,0,75,110,646,500000,5106707,5106707,-4005745,1332025.8,,695,-49,坏棒 总长 1002m 任意重度敲 塑料头
1139,14:22:24,hit_1139_20260730_142224.csv,512,DEFECT,HIGH,0,81,111,810,500000,4587268,4587268,-4394696,759155.1,,695,115,坏棒 总长 1002m 任意重度敲 塑料头
1140,14:22:24,hit_1140_20260730_142224.csv,512,DEFECT,HIGH,0,81,111,810,500000,4622179,4622179,-4343434,811352.5,,695,115,坏棒 总长 1002m 任意重度敲 塑料头
1141,14:22:24,hit_1141_20260730_142224.csv,512,DEFECT,HIGH,0,81,111,810,500000,4934901,4934901,-4624715,815902.7,,695,115,坏棒 总长 1002m 任意重度敲 塑料头
1142,14:22:24,hit_1142_20260730_142224.csv,512,DEFECT,HIGH,0,82,112,811,500000,4755499,4645885,-4755499,685860.0,,695,116,坏棒 总长 1002m 任意重度敲 塑料头
1143,14:22:24,hit_1143_20260730_142224.csv,512,DEFECT,HIGH,0,82,111,820,500000,5105241,5105241,-4404946,1157711.6,,695,125,坏棒 总长 1002m 任意重度敲 塑料头
1144,14:22:24,hit_1144_20260730_142224.csv,512,DEFECT,HIGH,0,24,112,237,500000,5080905,4212768,-5080905,276207.7,,695,-458,坏棒 总长 1002m 任意重度敲 塑料头
1145,14:22:25,hit_1145_20260730_142225.csv,512,DEFECT,HIGH,0,23,112,227,500000,4895476,4356529,-4895476,514408.0,,695,-468,坏棒 总长 1002m 任意重度敲 塑料头
1146,14:22:25,hit_1146_20260730_142225.csv,512,DEFECT,HIGH,0,23,111,230,500000,4970295,4205387,-4970295,398453.2,,695,-465,坏棒 总长 1002m 任意重度敲 塑料头
1147,14:22:25,hit_1147_20260730_142225.csv,512,DEFECT,HIGH,0,25,113,245,500000,5186064,3926513,-5186064,193223.2,,695,-450,坏棒 总长 1002m 任意重度敲 塑料头
1148,14:22:25,hit_1148_20260730_142225.csv,512,DEFECT,HIGH,0,23,112,227,500000,4797056,4023911,-4797056,372304.1,,695,-468,坏棒 总长 1002m 任意重度敲 塑料头
1149,14:22:25,hit_1149_20260730_142225.csv,512,DEFECT,HIGH,0,34,110,343,500000,4664382,4664382,-4370070,918595.9,,695,-352,坏棒 总长 1002m 任意重度敲 塑料头
1150,14:22:26,hit_1150_20260730_142226.csv,512,DEFECT,HIGH,0,77,109,673,500000,5532505,5532505,-3128728,1897034.6,,695,-22,坏棒 总长 1002m 任意重度敲 塑料头
1151,14:22:26,hit_1151_20260730_142226.csv,512,NORMAL,HIGH,0,0,109,0,500000,5855102,5855102,-3085623,2205052.8,,695,,坏棒 总长 1002m 任意重度敲 塑料头
1152,14:22:26,hit_1152_20260730_142226.csv,512,DEFECT,HIGH,0,77,110,676,500000,5326373,5326373,-4012031,1520788.0,,695,-19,坏棒 总长 1002m 任意重度敲 塑料头
1153,14:22:26,hit_1153_20260730_142226.csv,512,DEFECT,HIGH,0,77,109,673,500000,5573780,5573780,-3614248,1894001.6,,695,-22,坏棒 总长 1002m 任意重度敲 塑料头
1154,14:22:27,hit_1154_20260730_142227.csv,512,DEFECT,HIGH,0,78,110,676,500000,5338264,5338264,-3738369,1623301.8,,695,-19,坏棒 总长 1002m 任意重度敲 塑料头
1155,14:22:27,hit_1155_20260730_142227.csv,512,DEFECT,HIGH,0,22,112,217,500000,4796841,4375523,-4796841,556782.8,,695,-478,坏棒 总长 1002m 任意重度敲 塑料头
1156,14:22:27,hit_1156_20260730_142227.csv,512,DEFECT,HIGH,0,23,112,227,500000,4855607,4161380,-4855607,406057.4,,695,-468,坏棒 总长 1002m 任意重度敲 塑料头
1157,14:22:27,hit_1157_20260730_142227.csv,512,DEFECT,HIGH,0,23,113,225,500000,4696923,3406060,-4696923,75265.5,,695,-470,坏棒 总长 1002m 任意重度敲 塑料头
1158,14:22:27,hit_1158_20260730_142227.csv,512,DEFECT,HIGH,0,77,109,673,500000,5362463,5362463,-3473368,1758525.0,,695,-22,坏棒 总长 1002m 任意重度敲 塑料头
1159,14:22:27,hit_1159_20260730_142227.csv,512,DEFECT,HIGH,0,34,110,343,500000,4781046,4781046,-4203815,1014107.0,,695,-352,坏棒 总长 1002m 任意重度敲 塑料头
1160,14:22:28,hit_1160_20260730_142228.csv,512,DEFECT,HIGH,0,78,110,676,500000,5458527,5458527,-3866102,1702014.4,,695,-19,坏棒 总长 1002m 任意重度敲 塑料头
1161,14:22:28,hit_1161_20260730_142228.csv,512,DEFECT,HIGH,0,79,110,797,500000,4862419,4862419,-4356150,1123873.4,,695,102,坏棒 总长 1002m 任意重度敲 塑料头
1162,14:22:28,hit_1162_20260730_142228.csv,512,DEFECT,HIGH,0,22,111,220,500000,4690847,4218299,-4690847,562152.9,,695,-475,坏棒 总长 1002m 任意重度敲 塑料头
1163,14:22:28,hit_1163_20260730_142228.csv,512,DEFECT,HIGH,0,22,111,220,500000,4695496,4404054,-4695496,671203.5,,695,-475,坏棒 总长 1002m 任意重度敲 塑料头
1164,14:22:28,hit_1164_20260730_142228.csv,512,DEFECT,HIGH,0,23,112,227,500000,4891966,3833135,-4891966,205162.6,,695,-468,坏棒 总长 1002m 任意重度敲 塑料头
1165,14:22:31,hit_1165_20260730_142231.csv,512,DEFECT,HIGH,0,86,114,834,500000,4702550,4702550,-4358410,542690.8,,695,139,坏棒 总长 1002m 任意重度敲 塑料头
1166,14:22:31,hit_1166_20260730_142231.csv,512,DEFECT,HIGH,0,23,114,223,500000,4663172,3755836,-4663172,42844.4,,695,-472,坏棒 总长 1002m 任意重度敲 塑料头
1167,14:22:31,hit_1167_20260730_142231.csv,512,DEFECT,HIGH,0,82,112,811,500000,4362822,4236211,-4362822,408716.8,,695,116,坏棒 总长 1002m 任意重度敲 塑料头
1168,14:22:31,hit_1168_20260730_142231.csv,512,DEFECT,HIGH,0,82,111,820,500000,4821998,4821998,-3910474,1097980.4,,695,125,坏棒 总长 1002m 任意重度敲 塑料头
1169,14:22:32,hit_1169_20260730_142232.csv,512,DEFECT,HIGH,0,83,112,821,500000,4509099,4509099,-4066423,831102.8,,695,126,坏棒 总长 1002m 任意重度敲 塑料头
1170,14:22:32,hit_1170_20260730_142232.csv,512,DEFECT,HIGH,0,81,111,810,500000,4737703,4737703,-3817520,1064815.9,,695,115,坏棒 总长 1002m 任意重度敲 塑料头
1171,14:22:32,hit_1171_20260730_142232.csv,512,DEFECT,HIGH,0,82,111,820,500000,4900210,4900210,-3881800,1062400.2,,695,125,坏棒 总长 1002m 任意重度敲 塑料头
1172,14:22:32,hit_1172_20260730_142232.csv,512,DEFECT,HIGH,0,82,111,820,500000,5014310,5014310,-3797343,1212056.1,,695,125,坏棒 总长 1002m 任意重度敲 塑料头
1173,14:22:32,hit_1173_20260730_142232.csv,512,DEFECT,HIGH,0,83,113,813,500000,4516524,4350672,-4516524,391903.2,,695,118,坏棒 总长 1002m 任意重度敲 塑料头
1174,14:22:33,hit_1174_20260730_142233.csv,512,DEFECT,HIGH,0,24,114,233,500000,4769914,3803416,-4769914,-7196.7,,695,-462,坏棒 总长 1002m 任意重度敲 塑料头
1175,14:22:33,hit_1175_20260730_142233.csv,512,DEFECT,HIGH,0,82,112,811,500000,4402456,4402456,-4357044,631299.7,,695,116,坏棒 总长 1002m 任意重度敲 塑料头
1176,14:22:33,hit_1176_20260730_142233.csv,512,DEFECT,HIGH,0,82,111,820,500000,4513635,4513635,-4151114,753521.8,,695,125,坏棒 总长 1002m 任意重度敲 塑料头
1177,14:22:33,hit_1177_20260730_142233.csv,512,DEFECT,HIGH,0,21,114,203,500000,4354326,3863930,-4354326,164782.5,,695,-492,坏棒 总长 1002m 任意重度敲 塑料头
1178,14:22:34,hit_1178_20260730_142234.csv,512,DEFECT,HIGH,0,87,112,861,500000,4499136,4499136,-3955427,833385.8,,695,166,坏棒 总长 1002m 任意重度敲 塑料头
1179,14:22:34,hit_1179_20260730_142234.csv,512,DEFECT,HIGH,0,84,113,823,500000,4525622,4525622,-4117615,636141.0,,695,128,坏棒 总长 1002m 任意重度敲 塑料头
1180,14:22:34,hit_1180_20260730_142234.csv,512,DEFECT,HIGH,0,83,113,813,500000,4381346,4090185,-4381346,354283.3,,695,118,坏棒 总长 1002m 任意重度敲 塑料头
1181,14:22:35,hit_1181_20260730_142235.csv,512,DEFECT,HIGH,0,84,114,815,500000,4508217,4508217,-4245117,631592.1,,695,120,坏棒 总长 1002m 任意重度敲 塑料头
1182,14:22:35,hit_1182_20260730_142235.csv,512,DEFECT,HIGH,0,24,114,233,500000,4902478,3934047,-4902478,134999.6,,695,-462,坏棒 总长 1002m 任意重度敲 塑料头
1183,14:22:35,hit_1183_20260730_142235.csv,512,DEFECT,HIGH,0,85,110,858,500000,4654967,4654967,-3979533,953275.6,,695,163,坏棒 总长 1002m 任意重度敲 塑料头
1184,14:22:35,hit_1184_20260730_142235.csv,512,DEFECT,HIGH,0,82,111,820,500000,4802731,4802731,-4017742,1050634.0,,695,125,坏棒 总长 1002m 任意重度敲 塑料头
1185,14:22:35,hit_1185_20260730_142235.csv,512,DEFECT,HIGH,0,81,111,810,500000,5138275,5138275,-3612310,1387369.8,,695,115,坏棒 总长 1002m 任意重度敲 塑料头
1186,14:22:36,hit_1186_20260730_142236.csv,512,DEFECT,HIGH,0,83,112,821,500000,4374859,4283863,-4374859,507821.3,,695,126,坏棒 总长 1002m 任意重度敲 塑料头
1187,14:22:36,hit_1187_20260730_142236.csv,512,DEFECT,HIGH,0,84,113,823,500000,4909096,4909096,-3970685,1004599.9,,695,128,坏棒 总长 1002m 任意重度敲 塑料头
1188,14:22:36,hit_1188_20260730_142236.csv,512,DEFECT,HIGH,0,86,111,860,500000,4875036,4875036,-3948308,1112765.5,,695,165,坏棒 总长 1002m 任意重度敲 塑料头
1189,14:22:36,hit_1189_20260730_142236.csv,512,DEFECT,HIGH,0,80,111,800,500000,4529399,4529399,-3116993,1070315.0,,695,105,坏棒 总长 1002m 任意重度敲 塑料头
1190,14:22:37,hit_1190_20260730_142237.csv,512,DEFECT,HIGH,0,78,117,626,500000,5726754,5726754,-2855530,2150938.9,,695,-69,坏棒 总长 1002m 任意重度敲 塑料头
1191,14:22:37,hit_1191_20260730_142237.csv,512,DEFECT,HIGH,0,80,110,808,500000,4825143,4825143,-3399651,1281666.2,,695,113,坏棒 总长 1002m 任意重度敲 塑料头
1192,14:22:37,hit_1192_20260730_142237.csv,512,DEFECT,HIGH,0,81,110,818,500000,5202129,5202129,-3553451,1441395.0,,695,123,坏棒 总长 1002m 任意重度敲 塑料头
1193,14:22:37,hit_1193_20260730_142237.csv,512,DEFECT,HIGH,0,79,110,686,500000,5831246,5831246,-3067655,2091770.7,,695,-9,坏棒 总长 1002m 任意重度敲 塑料头
1194,14:22:38,hit_1194_20260730_142238.csv,512,DEFECT,HIGH,0,81,110,818,500000,5459349,5459349,-3174105,1685765.0,,695,123,坏棒 总长 1002m 任意重度敲 塑料头
1195,14:22:38,hit_1195_20260730_142238.csv,512,DEFECT,HIGH,0,79,111,690,500000,5769361,5769361,-3276811,1890661.0,,695,-5,坏棒 总长 1002m 任意重度敲 塑料头
1196,14:22:38,hit_1196_20260730_142238.csv,512,DEFECT,HIGH,0,84,113,823,500000,5112928,5112928,-3887976,1257416.3,,695,128,坏棒 总长 1002m 任意重度敲 塑料头
1197,14:22:38,hit_1197_20260730_142238.csv,512,DEFECT,HIGH,0,83,113,813,500000,5375550,5375550,-3622345,1495537.0,,695,118,坏棒 总长 1002m 任意重度敲 塑料头
1198,14:22:38,hit_1198_20260730_142238.csv,512,DEFECT,HIGH,0,85,114,825,500000,5411268,5411268,-3755677,1548166.7,,695,130,坏棒 总长 1002m 任意重度敲 塑料头
1199,14:22:39,hit_1199_20260730_142239.csv,512,DEFECT,HIGH,0,81,112,693,500000,5715528,5715528,-3348783,1867030.7,,695,-2,坏棒 总长 1002m 任意重度敲 塑料头
1200,14:22:39,hit_1200_20260730_142239.csv,512,DEFECT,HIGH,0,79,118,635,500000,5711440,5711440,-2824265,2225622.9,,695,-60,坏棒 总长 1002m 任意重度敲 塑料头
1201,14:22:39,hit_1201_20260730_142239.csv,512,DEFECT,HIGH,0,78,110,676,500000,5425436,5425436,-3302847,1686750.1,,695,-19,坏棒 总长 1002m 任意重度敲 塑料头
1202,14:22:39,hit_1202_20260730_142239.csv,512,DEFECT,HIGH,0,77,109,673,500000,5417001,5417001,-3204341,1770069.2,,695,-22,坏棒 总长 1002m 任意重度敲 塑料头
1203,14:22:40,hit_1203_20260730_142240.csv,512,DEFECT,HIGH,0,77,117,616,500000,5605107,5605107,-2831499,2122623.7,,695,-79,坏棒 总长 1002m 任意重度敲 塑料头
1204,14:22:40,hit_1204_20260730_142240.csv,512,DEFECT,HIGH,0,78,110,676,500000,5430143,5430143,-3159027,1728882.3,,695,-19,坏棒 总长 1002m 任意重度敲 塑料头
1205,14:22:40,hit_1205_20260730_142240.csv,512,DEFECT,HIGH,0,78,110,676,500000,5440077,5440077,-3207577,1885251.5,,695,-19,坏棒 总长 1002m 任意重度敲 塑料头
1206,14:22:40,hit_1206_20260730_142240.csv,512,DEFECT,HIGH,0,82,112,811,500000,4286425,4286425,-3899319,833199.2,,695,116,坏棒 总长 1002m 任意重度敲 塑料头
1207,14:22:41,hit_1207_20260730_142241.csv,512,DEFECT,HIGH,0,79,109,806,500000,4942357,4942357,-3461513,1375528.5,,695,111,坏棒 总长 1002m 任意重度敲 塑料头
1208,14:22:41,hit_1208_20260730_142241.csv,512,NORMAL,HIGH,0,0,109,0,500000,5619101,5619101,-2840779,2124811.7,,695,,坏棒 总长 1002m 任意重度敲 塑料头
1209,14:22:41,hit_1209_20260730_142241.csv,512,DEFECT,HIGH,0,77,109,673,500000,5306424,5306424,-3009311,1798154.4,,695,-22,坏棒 总长 1002m 任意重度敲 塑料头
1210,14:22:41,hit_1210_20260730_142241.csv,512,DEFECT,HIGH,0,77,109,673,500000,5192847,5192847,-3164956,1682356.1,,695,-22,坏棒 总长 1002m 任意重度敲 塑料头
1211,14:22:42,hit_1211_20260730_142242.csv,512,DEFECT,HIGH,0,80,110,808,500000,4781933,4781933,-3338404,1354276.8,,695,113,坏棒 总长 1002m 任意重度敲 塑料头
1212,14:22:42,hit_1212_20260730_142242.csv,512,DEFECT,HIGH,0,22,113,215,500000,4692935,4048986,-4692935,326899.0,,695,-480,坏棒 总长 1002m 任意重度敲 塑料头
1213,14:22:42,hit_1213_20260730_142242.csv,512,DEFECT,HIGH,0,23,112,227,500000,4709362,3968566,-4709362,226662.7,,695,-468,坏棒 总长 1002m 任意重度敲 塑料头
1214,14:22:42,hit_1214_20260730_142242.csv,512,DEFECT,HIGH,0,81,111,810,500000,4211512,4195610,-4211512,569135.8,,695,115,坏棒 总长 1002m 任意重度敲 塑料头
1215,14:22:43,hit_1215_20260730_142243.csv,512,DEFECT,HIGH,0,80,110,808,500000,4843243,4843243,-3307522,1295582.5,,695,113,坏棒 总长 1002m 任意重度敲 塑料头
1216,14:22:43,hit_1216_20260730_142243.csv,512,DEFECT,HIGH,0,81,111,810,500000,5573931,5573931,-3152371,1792535.6,,695,115,坏棒 总长 1002m 任意重度敲 塑料头
1217,14:22:43,hit_1217_20260730_142243.csv,512,DEFECT,HIGH,0,87,113,852,500000,4639800,4639800,-3847382,883640.5,,695,157,坏棒 总长 1002m 任意重度敲 塑料头
1218,14:22:43,hit_1218_20260730_142243.csv,512,DEFECT,HIGH,0,87,114,844,500000,4744911,4744911,-3830960,1078424.3,,695,149,坏棒 总长 1002m 任意重度敲 塑料头
1219,14:22:44,hit_1219_20260730_142244.csv,512,DEFECT,HIGH,0,84,113,823,500000,5593283,5593283,-3612525,1664351.3,,695,128,坏棒 总长 1002m 任意重度敲 塑料头
1220,14:22:44,hit_1220_20260730_142244.csv,512,DEFECT,HIGH,0,83,112,821,500000,5350376,5350376,-3566306,1593972.2,,695,126,坏棒 总长 1002m 任意重度敲 塑料头
1221,14:22:44,hit_1221_20260730_142244.csv,512,DEFECT,HIGH,0,82,112,811,500000,5319600,5319600,-3334130,1561310.9,,695,116,坏棒 总长 1002m 任意重度敲 塑料头
1222,14:22:44,hit_1222_20260730_142244.csv,512,DEFECT,HIGH,0,83,113,813,500000,5289570,5289570,-3449505,1463872.0,,695,118,坏棒 总长 1002m 任意重度敲 塑料头
1223,14:22:45,hit_1223_20260730_142245.csv,512,DEFECT,HIGH,0,83,112,821,500000,5416056,5416056,-3434661,1575595.0,,695,126,坏棒 总长 1002m 任意重度敲 塑料头
1224,14:22:45,hit_1224_20260730_142245.csv,512,DEFECT,HIGH,0,81,110,818,500000,5342144,5342144,-3123609,1636713.1,,695,123,坏棒 总长 1002m 任意重度敲 塑料头
1225,14:22:45,hit_1225_20260730_142245.csv,512,DEFECT,HIGH,0,81,111,810,500000,4851106,4851106,-3286207,1123335.3,,695,115,坏棒 总长 1002m 任意重度敲 塑料头
1226,14:22:45,hit_1226_20260730_142245.csv,512,DEFECT,HIGH,0,87,114,844,500000,4589552,4589552,-3926324,881741.1,,695,149,坏棒 总长 1002m 任意重度敲 塑料头
1227,14:22:46,hit_1227_20260730_142246.csv,512,DEFECT,HIGH,0,79,110,686,500000,5694988,5694988,-3110287,1894810.2,,695,-9,坏棒 总长 1002m 任意重度敲 塑料头
1228,14:22:46,hit_1228_20260730_142246.csv,512,DEFECT,HIGH,0,80,112,683,500000,5581412,5581412,-3338375,1780639.4,,695,-12,坏棒 总长 1002m 任意重度敲 塑料头
1229,14:22:46,hit_1229_20260730_142246.csv,512,DEFECT,HIGH,0,82,112,811,500000,4374323,4374323,-3689834,674775.9,,695,116,坏棒 总长 1002m 任意重度敲 塑料头
1230,14:22:46,hit_1230_20260730_142246.csv,512,DEFECT,HIGH,0,81,113,794,500000,4141095,4141095,-3625605,715110.7,,695,99,坏棒 总长 1002m 任意重度敲 塑料头
1231,14:22:47,hit_1231_20260730_142247.csv,512,DEFECT,HIGH,0,24,113,235,500000,4999620,3886752,-4999620,145539.0,,695,-460,坏棒 总长 1002m 任意重度敲 塑料头
1232,14:22:47,hit_1232_20260730_142247.csv,512,DEFECT,HIGH,0,77,109,673,500000,5087607,5087607,-3206902,1611174.0,,695,-22,坏棒 总长 1002m 任意重度敲 塑料头
1233,14:22:47,hit_1233_20260730_142247.csv,512,DEFECT,HIGH,0,77,109,673,500000,5112218,5112218,-3354546,1667900.8,,695,-22,坏棒 总长 1002m 任意重度敲 塑料头
1234,14:22:47,hit_1234_20260730_142247.csv,512,DEFECT,HIGH,0,83,110,838,500000,4702541,4702541,-3559193,1345022.7,,695,143,坏棒 总长 1002m 任意重度敲 塑料头
1235,14:22:47,hit_1235_20260730_142247.csv,512,DEFECT,HIGH,0,77,109,673,500000,5308891,5308891,-3287122,1728706.6,,695,-22,坏棒 总长 1002m 任意重度敲 塑料头
1236,14:22:48,hit_1236_20260730_142248.csv,512,DEFECT,HIGH,0,77,109,673,500000,4700954,4700954,-3262873,1330342.2,,695,-22,坏棒 总长 1002m 任意重度敲 塑料头
1237,14:22:48,hit_1237_20260730_142248.csv,512,DEFECT,HIGH,0,23,111,230,500000,4811435,4051361,-4811435,336483.7,,695,-465,坏棒 总长 1002m 任意重度敲 塑料头
1238,14:22:48,hit_1238_20260730_142248.csv,512,DEFECT,HIGH,0,86,111,860,500000,4598239,4598239,-4003963,977024.6,,695,165,坏棒 总长 1002m 任意重度敲 塑料头
1239,14:22:48,hit_1239_20260730_142248.csv,512,DEFECT,HIGH,0,21,111,210,500000,4531110,4118541,-4531110,416232.1,,695,-485,坏棒 总长 1002m 任意重度敲 塑料头
1240,14:22:49,hit_1240_20260730_142249.csv,512,DEFECT,HIGH,0,21,111,210,500000,4493966,4493966,-4454350,615667.4,,695,-485,坏棒 总长 1002m 任意重度敲 塑料头
1241,14:22:49,hit_1241_20260730_142249.csv,512,DEFECT,HIGH,0,21,111,210,500000,4531128,4531128,-4460179,683168.1,,695,-485,坏棒 总长 1002m 任意重度敲 塑料头
1242,14:22:49,hit_1242_20260730_142249.csv,512,DEFECT,HIGH,0,35,110,353,500000,4471969,4471969,-4357865,796104.6,,695,-342,坏棒 总长 1002m 任意重度敲 塑料头
1243,14:22:49,hit_1243_20260730_142249.csv,512,DEFECT,HIGH,0,77,109,785,500000,4293687,4037581,-4293687,624592.3,,695,90,坏棒 总长 1002m 任意重度敲 塑料头
1244,14:22:50,hit_1244_20260730_142250.csv,512,DEFECT,HIGH,0,23,110,232,500000,4738414,3568687,-4738414,46279.9,,695,-463,坏棒 总长 1002m 任意重度敲 塑料头
1245,14:22:50,hit_1245_20260730_142250.csv,512,DEFECT,HIGH,0,21,109,214,500000,4652723,4426323,-4652723,634676.8,,695,-481,坏棒 总长 1002m 任意重度敲 塑料头
1246,14:22:50,hit_1246_20260730_142250.csv,512,DEFECT,HIGH,0,21,109,214,500000,4332939,3052886,-4332939,-43497.9,,695,-481,坏棒 总长 1002m 任意重度敲 塑料头
1247,14:22:50,hit_1247_20260730_142250.csv,512,DEFECT,HIGH,0,21,109,214,500000,4544802,3956297,-4544802,247174.1,,695,-481,坏棒 总长 1002m 任意重度敲 塑料头
1248,14:22:50,hit_1248_20260730_142250.csv,512,DEFECT,HIGH,0,22,111,220,500000,4762759,4054558,-4762759,362545.8,,695,-475,坏棒 总长 1002m 任意重度敲 塑料头
1249,14:22:51,hit_1249_20260730_142251.csv,512,DEFECT,HIGH,0,34,111,340,500000,4710953,4710953,-4403459,914065.7,,695,-355,坏棒 总长 1002m 任意重度敲 塑料头
1250,14:22:51,hit_1250_20260730_142251.csv,512,DEFECT,HIGH,0,79,111,790,500000,4136287,3969014,-4136287,613268.4,,695,95,坏棒 总长 1002m 任意重度敲 塑料头
1251,14:22:51,hit_1251_20260730_142251.csv,512,DEFECT,HIGH,0,79,110,797,500000,4618657,4618657,-3972669,1110057.8,,695,102,坏棒 总长 1002m 任意重度敲 塑料头
1252,14:22:51,hit_1252_20260730_142251.csv,512,DEFECT,HIGH,0,80,110,808,500000,4825083,4825083,-4352032,948370.2,,695,113,坏棒 总长 1002m 任意重度敲 塑料头
1253,14:22:52,hit_1253_20260730_142252.csv,512,DEFECT,HIGH,0,21,112,207,500000,4361845,3947378,-4361845,487505.2,,695,-488,坏棒 总长 1002m 任意重度敲 塑料头
1254,14:22:52,hit_1254_20260730_142252.csv,512,DEFECT,HIGH,0,77,110,666,500000,4883679,4883679,-3871247,1287739.1,,695,-29,坏棒 总长 1002m 任意重度敲 塑料头
1255,14:22:52,hit_1255_20260730_142252.csv,512,DEFECT,HIGH,0,23,111,230,500000,4752588,3446385,-4752588,65979.7,,695,-465,坏棒 总长 1002m 任意重度敲 塑料头
1256,14:22:52,hit_1256_20260730_142252.csv,512,DEFECT,HIGH,0,31,111,310,500000,3868699,3551038,-3868699,425310.1,,695,-385,坏棒 总长 1002m 任意重度敲 塑料头
1257,14:22:53,hit_1257_20260730_142253.csv,512,DEFECT,HIGH,0,76,108,670,500000,4787760,4787760,-3415024,1450403.1,,695,-25,坏棒 总长 1002m 任意重度敲 塑料头
1258,14:22:53,hit_1258_20260730_142253.csv,512,NORMAL,HIGH,0,0,109,0,500000,5441234,5441234,-3133275,1925984.9,,695,,坏棒 总长 1002m 任意重度敲 塑料头
1259,14:22:53,hit_1259_20260730_142253.csv,512,NORMAL,HIGH,0,0,116,0,500000,5834372,5834372,-2626056,2266467.5,,695,,坏棒 总长 1002m 任意重度敲 塑料头
1260,14:22:53,hit_1260_20260730_142253.csv,512,DEFECT,HIGH,0,76,117,613,500000,5340627,5340627,-2813199,1898570.0,,695,-82,坏棒 总长 1002m 任意重度敲 塑料头
1261,14:22:53,hit_1261_20260730_142253.csv,512,DEFECT,HIGH,0,77,108,680,500000,5394756,5394756,-3062741,1880531.1,,695,-15,坏棒 总长 1002m 任意重度敲 塑料头
1262,14:22:54,hit_1262_20260730_142254.csv,512,DEFECT,HIGH,0,34,111,340,500000,4278936,4278936,-4193220,756462.8,,695,-355,坏棒 总长 1002m 任意重度敲 塑料头
1263,14:22:54,hit_1263_20260730_142254.csv,512,DEFECT,HIGH,0,78,110,676,500000,5351327,5351327,-3775568,1588233.0,,695,-19,坏棒 总长 1002m 任意重度敲 塑料头
1264,14:22:54,hit_1264_20260730_142254.csv,512,DEFECT,HIGH,0,22,112,217,500000,4459031,3043242,-4459031,-104623.7,,695,-478,坏棒 总长 1002m 任意重度敲 塑料头
1265,14:22:54,hit_1265_20260730_142254.csv,512,DEFECT,HIGH,0,24,112,237,500000,4992336,3465519,-4992336,253.3,,695,-458,坏棒 总长 1002m 任意重度敲 塑料头
1266,14:22:55,hit_1266_20260730_142255.csv,512,DEFECT,HIGH,0,77,109,673,500000,5035083,5035083,-3637690,1447375.4,,695,-22,坏棒 总长 1002m 任意重度敲 塑料头
1267,14:22:55,hit_1267_20260730_142255.csv,512,DEFECT,HIGH,0,77,109,673,500000,5247116,5247116,-3396460,1673903.4,,695,-22,坏棒 总长 1002m 任意重度敲 塑料头
1268,14:22:55,hit_1268_20260730_142255.csv,512,DEFECT,HIGH,0,22,111,220,500000,4608575,4014021,-4608575,412407.3,,695,-475,坏棒 总长 1002m 任意重度敲 塑料头
1269,14:22:55,hit_1269_20260730_142255.csv,512,DEFECT,HIGH,0,23,113,225,500000,4798016,3914132,-4798016,344075.6,,695,-470,坏棒 总长 1002m 任意重度敲 塑料头
1270,14:22:56,hit_1270_20260730_142256.csv,512,DEFECT,HIGH,0,22,112,217,500000,4454835,3941716,-4454835,418200.6,,695,-478,坏棒 总长 1002m 任意重度敲 塑料头
1271,14:22:56,hit_1271_20260730_142256.csv,512,DEFECT,HIGH,0,80,110,808,500000,4714217,4714217,-3787005,1180574.8,,695,113,坏棒 总长 1002m 任意重度敲 塑料头
1272,14:22:56,hit_1272_20260730_142256.csv,512,DEFECT,HIGH,0,80,112,792,500000,4001509,4001509,-3972356,687317.2,,695,97,坏棒 总长 1002m 任意重度敲 塑料头
1273,14:22:56,hit_1273_20260730_142256.csv,512,DEFECT,HIGH,0,34,112,336,500000,4081016,3407270,-4081016,338714.2,,695,-359,坏棒 总长 1002m 任意重度敲 塑料头
1274,14:22:57,hit_1274_20260730_142257.csv,512,DEFECT,HIGH,0,24,112,237,500000,4835689,3429844,-4835689,-48638.2,,695,-458,坏棒 总长 1002m 任意重度敲 塑料头
1275,14:22:57,hit_1275_20260730_142257.csv,512,DEFECT,HIGH,0,23,112,227,500000,4774116,3498333,-4774116,20281.6,,695,-468,坏棒 总长 1002m 任意重度敲 塑料头
1276,14:22:57,hit_1276_20260730_142257.csv,512,DEFECT,HIGH,0,21,112,207,500000,4504584,3830672,-4504584,381153.0,,695,-488,坏棒 总长 1002m 任意重度敲 塑料头
1277,14:22:57,hit_1277_20260730_142257.csv,512,DEFECT,HIGH,0,83,110,838,500000,4509038,4509038,-3661419,1148490.8,,695,143,坏棒 总长 1002m 任意重度敲 塑料头
1278,14:22:58,hit_1278_20260730_142258.csv,512,DEFECT,HIGH,0,24,112,237,500000,4863134,3837862,-4863134,161356.6,,695,-458,坏棒 总长 1002m 任意重度敲 塑料头
1279,14:22:58,hit_1279_20260730_142258.csv,512,DEFECT,HIGH,0,24,111,240,500000,4932327,3631878,-4932327,31764.8,,695,-455,坏棒 总长 1002m 任意重度敲 塑料头
1280,14:22:58,hit_1280_20260730_142258.csv,512,DEFECT,HIGH,0,23,112,227,500000,4857555,3703973,-4857555,116753.0,,695,-468,坏棒 总长 1002m 任意重度敲 塑料头
1281,14:22:58,hit_1281_20260730_142258.csv,512,DEFECT,HIGH,0,22,112,217,500000,4562072,4280051,-4562072,665741.7,,695,-478,坏棒 总长 1002m 任意重度敲 塑料头
1282,14:22:59,hit_1282_20260730_142259.csv,512,DEFECT,HIGH,0,21,111,210,500000,4309234,4295097,-4309234,648125.9,,695,-485,坏棒 总长 1002m 任意重度敲 塑料头
1283,14:22:59,hit_1283_20260730_142259.csv,512,DEFECT,HIGH,0,23,112,227,500000,4843196,3523596,-4843196,56958.2,,695,-468,坏棒 总长 1002m 任意重度敲 塑料头
1284,14:22:59,hit_1284_20260730_142259.csv,512,DEFECT,HIGH,0,24,114,233,500000,4846133,3108668,-4846133,-257908.0,,695,-462,坏棒 总长 1002m 任意重度敲 塑料头
1285,14:22:59,hit_1285_20260730_142259.csv,512,DEFECT,HIGH,0,21,111,210,500000,4534632,4006220,-4534632,440682.3,,695,-485,坏棒 总长 1002m 任意重度敲 塑料头
1286,14:22:59,hit_1286_20260730_142259.csv,512,DEFECT,HIGH,0,80,110,808,500000,4533065,4533065,-4233958,870473.5,,695,113,坏棒 总长 1002m 任意重度敲 塑料头
1287,14:23:00,hit_1287_20260730_142300.csv,512,DEFECT,HIGH,0,23,113,225,500000,4666463,3414652,-4666463,88226.4,,695,-470,坏棒 总长 1002m 任意重度敲 塑料头
1288,14:23:00,hit_1288_20260730_142300.csv,512,DEFECT,HIGH,0,79,110,797,500000,4067375,4067375,-3776068,891422.7,,695,102,坏棒 总长 1002m 任意重度敲 塑料头
1289,14:23:00,hit_1289_20260730_142300.csv,512,DEFECT,HIGH,0,77,108,680,500000,4926906,4926906,-3176747,1585505.4,,695,-15,坏棒 总长 1002m 任意重度敲 塑料头
1290,14:23:00,hit_1290_20260730_142300.csv,512,DEFECT,HIGH,0,79,110,797,500000,4312261,4312261,-4046335,840000.0,,695,102,坏棒 总长 1002m 任意重度敲 塑料头
1291,14:23:01,hit_1291_20260730_142301.csv,512,DEFECT,HIGH,0,23,113,225,500000,4536270,3613787,-4536270,238509.6,,695,-470,坏棒 总长 1002m 任意重度敲 塑料头
1292,14:23:01,hit_1292_20260730_142301.csv,512,DEFECT,HIGH,0,81,111,810,500000,4211891,4211891,-4081934,707972.5,,695,115,坏棒 总长 1002m 任意重度敲 塑料头
1293,14:23:01,hit_1293_20260730_142301.csv,512,DEFECT,HIGH,0,78,109,683,500000,5350598,5350598,-3281958,1869412.2,,695,-12,坏棒 总长 1002m 任意重度敲 塑料头
1294,14:23:01,hit_1294_20260730_142301.csv,512,DEFECT,HIGH,0,80,111,800,500000,4168939,4168939,-3731896,915052.7,,695,105,坏棒 总长 1002m 任意重度敲 塑料头
1295,14:23:02,hit_1295_20260730_142302.csv,512,DEFECT,HIGH,0,33,111,330,500000,4199569,3980660,-4199569,587173.9,,695,-365,坏棒 总长 1002m 任意重度敲 塑料头
1296,14:23:02,hit_1296_20260730_142302.csv,512,DEFECT,HIGH,0,79,110,797,500000,4413091,4413091,-3770175,1031554.5,,695,102,坏棒 总长 1002m 任意重度敲 塑料头
1297,14:23:02,hit_1297_20260730_142302.csv,512,DEFECT,HIGH,0,81,112,801,500000,4053010,4053010,-3720241,815402.5,,695,106,坏棒 总长 1002m 任意重度敲 塑料头
1298,14:23:02,hit_1298_20260730_142302.csv,512,DEFECT,HIGH,0,81,112,801,500000,3861693,3770886,-3861693,672792.9,,695,106,坏棒 总长 1002m 任意重度敲 塑料头
1299,14:23:03,hit_1299_20260730_142303.csv,512,DEFECT,HIGH,0,85,112,841,500000,4393575,4393575,-3719250,1096662.8,,695,146,坏棒 总长 1002m 任意重度敲 塑料头
1300,14:23:03,hit_1300_20260730_142303.csv,512,DEFECT,HIGH,0,81,111,810,500000,4257010,4230589,-4257010,748010.0,,695,115,坏棒 总长 1002m 任意重度敲 塑料头
1301,14:23:03,hit_1301_20260730_142303.csv,512,DEFECT,HIGH,0,23,113,225,500000,4693398,3528276,-4693398,39126.8,,695,-470,坏棒 总长 1002m 任意重度敲 塑料头
1302,14:23:03,hit_1302_20260730_142303.csv,512,DEFECT,HIGH,0,81,112,801,500000,4478584,4100771,-4478584,457820.9,,695,106,坏棒 总长 1002m 任意重度敲 塑料头
1303,14:23:04,hit_1303_20260730_142304.csv,512,DEFECT,HIGH,0,23,113,225,500000,4698532,3955440,-4698532,293495.8,,695,-470,坏棒 总长 1002m 任意重度敲 塑料头
1304,14:23:04,hit_1304_20260730_142304.csv,512,DEFECT,HIGH,0,23,113,225,500000,4821589,4046613,-4821589,225794.7,,695,-470,坏棒 总长 1002m 任意重度敲 塑料头
1305,14:23:04,hit_1305_20260730_142304.csv,512,DEFECT,HIGH,0,23,113,225,500000,4854212,3928867,-4854212,107263.0,,695,-470,坏棒 总长 1002m 任意重度敲 塑料头
1306,14:23:04,hit_1306_20260730_142304.csv,512,DEFECT,HIGH,0,21,112,207,500000,4493162,3937257,-4493162,339961.0,,695,-488,坏棒 总长 1002m 任意重度敲 塑料头
1307,14:23:05,hit_1307_20260730_142305.csv,512,DEFECT,HIGH,0,77,109,673,500000,4641720,4641720,-2868164,1125149.1,,695,-22,坏棒 总长 1002m 任意重度敲 塑料头
1308,14:23:05,hit_1308_20260730_142305.csv,512,DEFECT,HIGH,0,79,110,797,500000,4564003,4564003,-2959023,1034798.9,,695,102,坏棒 总长 1002m 任意重度敲 塑料头
1309,14:23:05,hit_1309_20260730_142305.csv,512,DEFECT,HIGH,0,80,111,800,500000,4409212,4409212,-3976895,695914.5,,695,105,坏棒 总长 1002m 任意重度敲 塑料头
1310,14:23:05,hit_1310_20260730_142305.csv,512,DEFECT,HIGH,0,82,111,820,500000,4495577,4363344,-4495577,525030.8,,695,125,坏棒 总长 1002m 任意重度敲 塑料头
1311,14:23:05,hit_1311_20260730_142305.csv,512,DEFECT,HIGH,0,78,110,676,500000,5172916,5172916,-3173965,1642540.3,,695,-19,坏棒 总长 1002m 任意重度敲 塑料头
1312,14:23:06,hit_1312_20260730_142306.csv,512,DEFECT,HIGH,0,81,111,810,500000,4532836,4532836,-3258474,1046506.5,,695,115,坏棒 总长 1002m 任意重度敲 塑料头
1313,14:23:06,hit_1313_20260730_142306.csv,512,DEFECT,HIGH,0,82,111,820,500000,5076769,5076769,-3433641,1381496.2,,695,125,坏棒 总长 1002m 任意重度敲 塑料头
1314,14:23:06,hit_1314_20260730_142306.csv,512,DEFECT,HIGH,0,82,112,811,500000,4165301,3963794,-4165301,307605.1,,695,116,坏棒 总长 1002m 任意重度敲 塑料头
1315,14:23:06,hit_1315_20260730_142306.csv,512,DEFECT,HIGH,0,82,113,803,500000,4124214,3988141,-4124214,344788.4,,695,108,坏棒 总长 1002m 任意重度敲 塑料头
1316,14:23:07,hit_1316_20260730_142307.csv,512,DEFECT,HIGH,0,82,113,803,500000,4476783,4010122,-4476783,295487.4,,695,108,坏棒 总长 1002m 任意重度敲 塑料头
1317,14:23:07,hit_1317_20260730_142307.csv,512,DEFECT,HIGH,0,22,112,217,500000,4600800,3715177,-4600800,58262.4,,695,-478,坏棒 总长 1002m 任意重度敲 塑料头
1318,14:23:07,hit_1318_20260730_142307.csv,512,DEFECT,HIGH,0,23,113,225,500000,4560898,3728449,-4560898,67158.1,,695,-470,坏棒 总长 1002m 任意重度敲 塑料头
1319,14:23:07,hit_1319_20260730_142307.csv,512,DEFECT,HIGH,0,81,112,801,500000,4242537,3867978,-4242537,255500.7,,695,106,坏棒 总长 1002m 任意重度敲 塑料头
1320,14:23:08,hit_1320_20260730_142308.csv,512,DEFECT,HIGH,0,21,112,207,500000,4334030,3855172,-4334030,235082.9,,695,-488,坏棒 总长 1002m 任意重度敲 塑料头
1321,14:23:08,hit_1321_20260730_142308.csv,512,DEFECT,HIGH,0,84,110,848,500000,4669625,4669625,-3817400,1052158.7,,695,153,坏棒 总长 1002m 任意重度敲 塑料头
1322,14:23:08,hit_1322_20260730_142308.csv,512,DEFECT,HIGH,0,80,110,808,500000,5039957,5039957,-3463460,1418922.0,,695,113,坏棒 总长 1002m 任意重度敲 塑料头
1323,14:23:08,hit_1323_20260730_142308.csv,512,DEFECT,HIGH,0,80,110,808,500000,5332523,5332523,-3241843,1610065.5,,695,113,坏棒 总长 1002m 任意重度敲 塑料头
1324,14:23:09,hit_1324_20260730_142309.csv,512,DEFECT,HIGH,0,78,110,676,500000,5375949,5375949,-3453656,1686286.3,,695,-19,坏棒 总长 1002m 任意重度敲 塑料头
1325,14:23:09,hit_1325_20260730_142309.csv,512,DEFECT,HIGH,0,30,117,283,500000,5696452,3819323,-5696452,-293366.2,,695,-412,坏棒 总长 1002m 任意重度敲 塑料头
1326,14:23:09,hit_1326_20260730_142309.csv,512,DEFECT,HIGH,0,27,115,259,500000,5290606,3602476,-5290606,-317243.4,,695,-436,坏棒 总长 1002m 任意重度敲 塑料头
1327,14:23:09,hit_1327_20260730_142309.csv,512,DEFECT,HIGH,0,29,121,263,500000,5473238,4536445,-5473238,523713.2,,695,-432,坏棒 总长 1002m 任意重度敲 塑料头
1328,14:23:10,hit_1328_20260730_142310.csv,512,DEFECT,HIGH,0,27,114,262,500000,5351414,3811685,-5351414,-191345.3,,695,-433,坏棒 总长 1002m 任意重度敲 塑料头
1329,14:23:10,hit_1329_20260730_142310.csv,512,DEFECT,HIGH,0,31,119,287,500000,5758172,3610571,-5758172,-394146.5,,695,-408,坏棒 总长 1002m 任意重度敲 塑料头
1330,14:23:10,hit_1330_20260730_142310.csv,512,DEFECT,HIGH,0,81,112,801,500000,4278965,4278965,-3922465,899904.8,,695,106,坏棒 总长 1002m 任意重度敲 塑料头
1331,14:23:10,hit_1331_20260730_142310.csv,512,DEFECT,HIGH,0,86,111,860,500000,4828343,4828343,-4131294,1137762.6,,695,165,坏棒 总长 1002m 任意重度敲 塑料头
1332,14:23:11,hit_1332_20260730_142311.csv,512,DEFECT,HIGH,0,24,115,230,500000,5090956,4224813,-5090956,265661.0,,695,-465,坏棒 总长 1002m 任意重度敲 塑料头
1333,14:23:11,hit_1333_20260730_142311.csv,512,DEFECT,HIGH,0,28,115,269,500000,5459675,3614192,-5459675,-360966.9,,695,-426,坏棒 总长 1002m 任意重度敲 塑料头
1334,14:23:11,hit_1334_20260730_142311.csv,512,DEFECT,HIGH,0,26,115,250,500000,5170475,3736234,-5170475,-117989.5,,695,-445,坏棒 总长 1002m 任意重度敲 塑料头
1335,14:23:11,hit_1335_20260730_142311.csv,512,DEFECT,HIGH,0,28,116,266,500000,5507825,3707205,-5507825,-334366.8,,695,-429,坏棒 总长 1002m 任意重度敲 塑料头
1336,14:23:12,hit_1336_20260730_142312.csv,512,DEFECT,HIGH,0,87,118,710,500000,5344343,5344343,-4470895,1562875.8,,695,15,坏棒 总长 1002m 任意重度敲 塑料头
1337,14:23:12,hit_1337_20260730_142312.csv,512,DEFECT,HIGH,0,27,114,262,500000,5401661,3655657,-5401661,-319619.8,,695,-433,坏棒 总长 1002m 任意重度敲 塑料头
1338,14:23:12,hit_1338_20260730_142312.csv,512,DEFECT,HIGH,0,83,112,821,500000,4396057,4396057,-4178097,792759.1,,695,126,坏棒 总长 1002m 任意重度敲 塑料头
1339,14:23:12,hit_1339_20260730_142312.csv,512,DEFECT,HIGH,0,81,111,810,500000,4944042,4944042,-3782244,1310232.7,,695,115,坏棒 总长 1002m 任意重度敲 塑料头
1340,14:23:13,hit_1340_20260730_142313.csv,512,DEFECT,HIGH,0,37,113,362,500000,4117916,3948802,-4117916,476062.6,,695,-333,坏棒 总长 1002m 任意重度敲 塑料头
1341,14:23:13,hit_1341_20260730_142313.csv,512,DEFECT,HIGH,0,82,113,803,500000,3999157,3999157,-3806990,693782.2,,695,108,坏棒 总长 1002m 任意重度敲 塑料头
1342,14:23:13,hit_1342_20260730_142313.csv,512,DEFECT,HIGH,0,82,112,811,500000,4212618,4212618,-4211639,721173.6,,695,116,坏棒 总长 1002m 任意重度敲 塑料头
1343,14:23:13,hit_1343_20260730_142313.csv,512,DEFECT,HIGH,0,81,111,810,500000,4645352,4645352,-3938206,1090242.0,,695,115,坏棒 总长 1002m 任意重度敲 塑料头
1344,14:23:14,hit_1344_20260730_142314.csv,512,DEFECT,HIGH,0,82,112,811,500000,4327109,4023333,-4327109,577818.2,,695,116,坏棒 总长 1002m 任意重度敲 塑料头
1345,14:23:14,hit_1345_20260730_142314.csv,512,DEFECT,HIGH,0,23,113,225,500000,4530586,3143191,-4530586,-142944.1,,695,-470,坏棒 总长 1002m 任意重度敲 塑料头
1346,14:23:14,hit_1346_20260730_142314.csv,512,DEFECT,HIGH,0,84,111,840,500000,4455747,4455747,-3768849,1072429.2,,695,145,坏棒 总长 1002m 任意重度敲 塑料头
1347,14:23:14,hit_1347_20260730_142314.csv,512,DEFECT,HIGH,0,77,108,680,500000,5698855,5698855,-3036328,2166667.1,,695,-15,坏棒 总长 1002m 任意重度敲 塑料头
1348,14:23:15,hit_1348_20260730_142315.csv,512,DEFECT,HIGH,0,23,113,225,500000,4693774,3036354,-4693774,-255591.9,,695,-470,坏棒 总长 1002m 任意重度敲 塑料头
1349,14:23:15,hit_1349_20260730_142315.csv,512,DEFECT,HIGH,0,80,112,792,500000,3846024,3846024,-3757481,705499.6,,695,97,坏棒 总长 1002m 任意重度敲 塑料头
1350,14:23:15,hit_1350_20260730_142315.csv,512,DEFECT,HIGH,0,23,112,227,500000,4650185,3792228,-4650185,217924.4,,695,-468,坏棒 总长 1002m 任意重度敲 塑料头
1351,14:23:15,hit_1351_20260730_142315.csv,512,DEFECT,HIGH,0,22,113,215,500000,4041570,2718021,-4041570,-237441.8,,695,-480,坏棒 总长 1002m 任意重度敲 塑料头
1352,14:23:16,hit_1352_20260730_142316.csv,512,DEFECT,HIGH,0,81,111,810,500000,4948129,4948129,-3353848,1440265.6,,695,115,坏棒 总长 1002m 任意重度敲 塑料头
1353,14:23:16,hit_1353_20260730_142316.csv,512,DEFECT,HIGH,0,84,111,840,500000,4863718,4863718,-3414904,1380108.5,,695,145,坏棒 总长 1002m 任意重度敲 塑料头
1354,14:23:16,hit_1354_20260730_142316.csv,512,DEFECT,HIGH,0,85,112,841,500000,4428803,4428803,-3537675,1108380.7,,695,146,坏棒 总长 1002m 任意重度敲 塑料头
1355,14:23:16,hit_1355_20260730_142316.csv,512,DEFECT,HIGH,0,84,111,840,500000,4633354,4633354,-3451144,1269575.4,,695,145,坏棒 总长 1002m 任意重度敲 塑料头
1356,14:23:16,hit_1356_20260730_142316.csv,512,DEFECT,HIGH,0,81,113,794,500000,3970762,3970762,-3734522,827077.7,,695,99,坏棒 总长 1002m 任意重度敲 塑料头
1357,14:23:17,hit_1357_20260730_142317.csv,512,DEFECT,HIGH,0,82,110,828,500000,4746837,4746837,-3065603,1476025.3,,695,133,坏棒 总长 1002m 任意重度敲 塑料头
1358,14:23:17,hit_1358_20260730_142317.csv,512,DEFECT,HIGH,0,26,116,247,500000,5200375,3269412,-5200375,-337111.4,,695,-448,坏棒 总长 1002m 任意重度敲 塑料头
1359,14:23:17,hit_1359_20260730_142317.csv,512,DEFECT,HIGH,0,24,115,230,500000,4663065,3336329,-4663065,-70865.1,,695,-465,坏棒 总长 1002m 任意重度敲 塑料头
1360,14:23:17,hit_1360_20260730_142317.csv,512,DEFECT,HIGH,0,27,118,252,500000,5253235,3492763,-5253235,-234891.1,,695,-443,坏棒 总长 1002m 任意重度敲 塑料头
1361,14:23:18,hit_1361_20260730_142318.csv,512,DEFECT,HIGH,0,26,115,250,500000,5181216,3565349,-5181216,-260963.0,,695,-445,坏棒 总长 1002m 任意重度敲 塑料头
1362,14:23:18,hit_1362_20260730_142318.csv,512,DEFECT,HIGH,0,84,111,840,500000,4635816,4635816,-3537934,1254151.8,,695,145,坏棒 总长 1002m 任意重度敲 塑料头
1363,14:23:18,hit_1363_20260730_142318.csv,512,DEFECT,HIGH,0,21,112,207,500000,4417517,3862242,-4417517,440041.5,,695,-488,坏棒 总长 1002m 任意重度敲 塑料头
1364,14:23:18,hit_1364_20260730_142318.csv,512,DEFECT,HIGH,0,21,112,207,500000,4491851,3869613,-4491851,271169.6,,695,-488,坏棒 总长 1002m 任意重度敲 塑料头
1365,14:23:19,hit_1365_20260730_142319.csv,512,DEFECT,HIGH,0,28,119,259,500000,5101969,3665184,-5101969,-46645.7,,695,-436,坏棒 总长 1002m 任意重度敲 塑料头
1366,14:23:19,hit_1366_20260730_142319.csv,512,DEFECT,HIGH,0,30,118,280,500000,5594117,3656013,-5594117,-342342.5,,695,-415,坏棒 总长 1002m 任意重度敲 塑料头
1367,14:23:19,hit_1367_20260730_142319.csv,512,DEFECT,HIGH,0,78,110,676,500000,5244624,5244624,-3567754,1648953.6,,695,-19,坏棒 总长 1002m 任意重度敲 塑料头
1368,14:23:19,hit_1368_20260730_142319.csv,512,DEFECT,HIGH,0,36,112,356,500000,4403797,4045339,-4403797,526229.9,,695,-339,坏棒 总长 1002m 任意重度敲 塑料头
1369,14:23:20,hit_1369_20260730_142320.csv,512,DEFECT,HIGH,0,21,112,207,500000,4541006,4025697,-4541006,373048.3,,695,-488,坏棒 总长 1002m 任意重度敲 塑料头
1370,14:23:20,hit_1370_20260730_142320.csv,512,DEFECT,HIGH,0,22,113,215,500000,4643649,4142490,-4643649,457076.9,,695,-480,坏棒 总长 1002m 任意重度敲 塑料头
1371,14:23:20,hit_1371_20260730_142320.csv,512,DEFECT,HIGH,0,24,114,233,500000,4949472,3535279,-4949472,-28830.3,,695,-462,坏棒 总长 1002m 任意重度敲 塑料头
1372,14:23:20,hit_1372_20260730_142320.csv,512,DEFECT,HIGH,0,81,111,810,500000,4355293,4355293,-3980327,929100.3,,695,115,坏棒 总长 1002m 任意重度敲 塑料头
1373,14:23:20,hit_1373_20260730_142320.csv,512,DEFECT,HIGH,0,83,110,838,500000,4430293,4430293,-3384008,1115092.6,,695,143,坏棒 总长 1002m 任意重度敲 塑料头
1374,14:23:21,hit_1374_20260730_142321.csv,512,DEFECT,HIGH,0,34,112,336,500000,4135243,3816080,-4135243,425997.2,,695,-359,坏棒 总长 1002m 任意重度敲 塑料头
1375,14:23:21,hit_1375_20260730_142321.csv,512,DEFECT,HIGH,0,80,112,792,500000,3989188,3545842,-3989188,338431.0,,695,97,坏棒 总长 1002m 任意重度敲 塑料头
1376,14:23:21,hit_1376_20260730_142321.csv,512,DEFECT,HIGH,0,80,110,808,500000,4451975,4451975,-3326954,1214794.5,,695,113,坏棒 总长 1002m 任意重度敲 塑料头
1377,14:23:21,hit_1377_20260730_142321.csv,512,DEFECT,HIGH,0,22,113,215,500000,4631814,3122878,-4631814,-175883.5,,695,-480,坏棒 总长 1002m 任意重度敲 塑料头
1378,14:23:22,hit_1378_20260730_142322.csv,512,DEFECT,HIGH,0,40,115,384,500000,2792756,2792756,-2239346,-38246.4,,695,-311,坏棒 总长 1002m 任意重度敲 塑料头
1379,14:23:22,hit_1379_20260730_142322.csv,512,DEFECT,HIGH,0,31,119,287,500000,5625331,3641538,-5625331,-359312.7,,695,-408,坏棒 总长 1002m 任意重度敲 塑料头
1380,14:23:22,hit_1380_20260730_142322.csv,512,DEFECT,HIGH,0,28,117,264,500000,5311325,3551628,-5311325,-236964.3,,695,-431,坏棒 总长 1002m 任意重度敲 塑料头
1381,14:23:22,hit_1381_20260730_142322.csv,512,DEFECT,HIGH,0,22,113,215,500000,4585050,3297577,-4585050,-6852.7,,695,-480,坏棒 总长 1002m 任意重度敲 塑料头
1382,14:23:22,hit_1382_20260730_142322.csv,512,DEFECT,HIGH,0,23,113,225,500000,4703592,3876773,-4703592,255547.7,,695,-470,坏棒 总长 1002m 任意重度敲 塑料头
1383,14:23:23,hit_1383_20260730_142323.csv,512,DEFECT,HIGH,0,26,116,247,500000,4934397,3823167,-4934397,127208.4,,695,-448,坏棒 总长 1002m 任意重度敲 塑料头
1384,14:23:23,hit_1384_20260730_142323.csv,512,DEFECT,HIGH,0,24,114,233,500000,4934583,3542810,-4934583,-57168.8,,695,-462,坏棒 总长 1002m 任意重度敲 塑料头
1385,14:23:23,hit_1385_20260730_142323.csv,512,DEFECT,HIGH,0,21,112,207,500000,4511084,3819614,-4511084,305954.0,,695,-488,坏棒 总长 1002m 任意重度敲 塑料头
1386,14:23:23,hit_1386_20260730_142323.csv,512,DEFECT,HIGH,0,81,111,810,500000,4618408,4618408,-4130805,967489.0,,695,115,坏棒 总长 1002m 任意重度敲 塑料头
1387,14:23:24,hit_1387_20260730_142324.csv,512,DEFECT,HIGH,0,23,113,225,500000,4577663,3209285,-4577663,-110946.5,,695,-470,坏棒 总长 1002m 任意重度敲 塑料头
1388,14:23:24,hit_1388_20260730_142324.csv,512,DEFECT,HIGH,0,80,111,800,500000,4148060,4148060,-3697534,868022.2,,695,105,坏棒 总长 1002m 任意重度敲 塑料头
1389,14:23:24,hit_1389_20260730_142324.csv,512,DEFECT,HIGH,0,23,112,227,500000,4739896,3785034,-4739896,168777.9,,695,-468,坏棒 总长 1002m 任意重度敲 塑料头
1390,14:23:24,hit_1390_20260730_142324.csv,512,DEFECT,HIGH,0,23,113,225,500000,4631001,3079651,-4631001,-219259.2,,695,-470,坏棒 总长 1002m 任意重度敲 塑料头
1391,14:23:24,hit_1391_20260730_142324.csv,512,DEFECT,HIGH,0,23,112,227,500000,4798354,3660086,-4798354,87723.2,,695,-468,坏棒 总长 1002m 任意重度敲 塑料头
1392,14:23:25,hit_1392_20260730_142325.csv,512,DEFECT,HIGH,0,22,113,215,500000,4614763,3559356,-4614763,119531.2,,695,-480,坏棒 总长 1002m 任意重度敲 塑料头
1393,14:23:25,hit_1393_20260730_142325.csv,512,DEFECT,HIGH,0,81,111,810,500000,4699026,4699026,-4337741,941126.7,,695,115,坏棒 总长 1002m 任意重度敲 塑料头
1394,14:23:25,hit_1394_20260730_142325.csv,512,DEFECT,HIGH,0,21,112,207,500000,4491064,3664311,-4491064,242039.5,,695,-488,坏棒 总长 1002m 任意重度敲 塑料头
1395,14:23:25,hit_1395_20260730_142325.csv,512,DEFECT,HIGH,0,22,112,217,500000,4632028,4442506,-4632028,625064.2,,695,-478,坏棒 总长 1002m 任意重度敲 塑料头
1396,14:23:26,hit_1396_20260730_142326.csv,512,DEFECT,HIGH,0,22,115,211,500000,4524826,3075619,-4524826,-140720.3,,695,-484,坏棒 总长 1002m 任意重度敲 塑料头
1397,14:23:26,hit_1397_20260730_142326.csv,512,DEFECT,HIGH,0,79,110,797,500000,4765800,4765800,-3134912,1341706.2,,695,102,坏棒 总长 1002m 任意重度敲 塑料头
1398,14:23:26,hit_1398_20260730_142326.csv,512,DEFECT,HIGH,0,84,111,840,500000,4977600,4977600,-3463542,1446156.4,,695,145,坏棒 总长 1002m 任意重度敲 塑料头
1399,14:23:26,hit_1399_20260730_142326.csv,512,DEFECT,HIGH,0,85,112,841,500000,4225960,4225960,-3467814,1078258.4,,695,146,坏棒 总长 1002m 任意重度敲 塑料头
1400,14:23:27,hit_1400_20260730_142327.csv,512,DEFECT,HIGH,0,79,111,680,500000,5018247,5018247,-3548878,1518980.2,,695,-15,坏棒 总长 1002m 任意重度敲 塑料头
1401,14:23:27,hit_1401_20260730_142327.csv,512,DEFECT,HIGH,0,23,112,227,500000,4857558,3660855,-4857558,19341.0,,695,-468,坏棒 总长 1002m 任意重度敲 塑料头
1402,14:23:27,hit_1402_20260730_142327.csv,512,DEFECT,HIGH,0,80,110,808,500000,4971305,4971305,-3636902,1430806.8,,695,113,坏棒 总长 1002m 任意重度敲 塑料头
1403,14:23:27,hit_1403_20260730_142327.csv,512,DEFECT,HIGH,0,80,111,800,500000,4900362,4900362,-3483316,1364838.1,,695,105,坏棒 总长 1002m 任意重度敲 塑料头
1404,14:23:28,hit_1404_20260730_142328.csv,512,DEFECT,HIGH,0,80,110,808,500000,4732279,4732279,-3542951,1201025.8,,695,113,坏棒 总长 1002m 任意重度敲 塑料头
1405,14:23:28,hit_1405_20260730_142328.csv,512,DEFECT,HIGH,0,80,111,800,500000,4713130,4713130,-3441209,1269407.2,,695,105,坏棒 总长 1002m 任意重度敲 塑料头
1406,14:23:28,hit_1406_20260730_142328.csv,512,DEFECT,HIGH,0,77,110,666,500000,5375409,5375409,-3061484,1777453.3,,695,-29,坏棒 总长 1002m 任意重度敲 塑料头
1407,14:23:28,hit_1407_20260730_142328.csv,512,DEFECT,HIGH,0,77,109,673,500000,5294427,5294427,-3279698,1750414.3,,695,-22,坏棒 总长 1002m 任意重度敲 塑料头
1408,14:23:28,hit_1408_20260730_142328.csv,512,DEFECT,HIGH,0,80,111,800,500000,4344219,4344219,-3606614,915788.4,,695,105,坏棒 总长 1002m 任意重度敲 塑料头
1409,14:23:29,hit_1409_20260730_142329.csv,512,DEFECT,HIGH,0,84,111,840,500000,4378616,4378616,-3478103,1035308.0,,695,145,坏棒 总长 1002m 任意重度敲 塑料头
1410,14:23:29,hit_1410_20260730_142329.csv,512,DEFECT,HIGH,0,77,117,622,500000,5458219,5458219,-2875602,1985351.0,,695,-73,坏棒 总长 1002m 任意重度敲 塑料头
1411,14:23:29,hit_1411_20260730_142329.csv,512,DEFECT,HIGH,0,30,108,309,500000,4922512,3353781,-4922512,-274498.6,,695,-386,坏棒 总长 1002m 任意重度敲 塑料头
1412,14:23:29,hit_1412_20260730_142329.csv,512,DEFECT,HIGH,0,30,120,275,500000,5573494,3556174,-5573494,-400002.6,,695,-420,坏棒 总长 1002m 任意重度敲 塑料头
1413,14:23:29,hit_1413_20260730_142329.csv,512,DEFECT,HIGH,0,30,119,277,500000,5470015,3474039,-5470015,-359064.2,,695,-418,坏棒 总长 1002m 任意重度敲 塑料头
1414,14:23:30,hit_1414_20260730_142330.csv,512,DEFECT,HIGH,0,26,115,250,500000,5200265,3550735,-5200265,-319785.9,,695,-445,坏棒 总长 1002m 任意重度敲 塑料头
1415,14:23:30,hit_1415_20260730_142330.csv,512,DEFECT,HIGH,0,77,109,673,500000,5355567,5355567,-3203108,1669421.2,,695,-22,坏棒 总长 1002m 任意重度敲 塑料头
1416,14:23:30,hit_1416_20260730_142330.csv,512,DEFECT,HIGH,0,80,110,808,500000,4886936,4886936,-3439630,1405560.7,,695,113,坏棒 总长 1002m 任意重度敲 塑料头
1417,14:23:30,hit_1417_20260730_142330.csv,512,DEFECT,HIGH,0,81,111,810,500000,4320017,4320017,-3969786,811009.4,,695,115,坏棒 总长 1002m 任意重度敲 塑料头
1418,14:23:30,hit_1418_20260730_142330.csv,512,DEFECT,HIGH,0,78,110,676,500000,5174391,5174391,-3214693,1569244.3,,695,-19,坏棒 总长 1002m 任意重度敲 塑料头
1419,14:23:31,hit_1419_20260730_142331.csv,512,DEFECT,HIGH,0,80,110,808,500000,5040502,5040502,-3405350,1481771.5,,695,113,坏棒 总长 1002m 任意重度敲 塑料头
1420,14:23:31,hit_1420_20260730_142331.csv,512,DEFECT,HIGH,0,80,111,800,500000,4132686,4132686,-3702772,743269.8,,695,105,坏棒 总长 1002m 任意重度敲 塑料头
1421,14:23:31,hit_1421_20260730_142331.csv,512,DEFECT,HIGH,0,83,113,813,500000,4655806,4368570,-4655806,539434.0,,695,118,坏棒 总长 1002m 任意重度敲 塑料头
1422,14:23:31,hit_1422_20260730_142331.csv,512,NORMAL,HIGH,0,0,109,0,500000,5522775,5522775,-2916715,2007627.6,,695,,坏棒 总长 1002m 任意重度敲 塑料头
1423,14:23:32,hit_1423_20260730_142332.csv,512,DEFECT,HIGH,0,81,111,810,500000,4332416,4332416,-3948782,745640.7,,695,115,坏棒 总长 1002m 任意重度敲 塑料头
1424,14:23:32,hit_1424_20260730_142332.csv,512,DEFECT,HIGH,0,78,110,676,500000,5173263,5173263,-3361181,1613810.0,,695,-19,坏棒 总长 1002m 任意重度敲 塑料头
1425,14:23:32,hit_1425_20260730_142332.csv,512,DEFECT,HIGH,0,81,111,810,500000,4311351,4311351,-4098789,723415.6,,695,115,坏棒 总长 1002m 任意重度敲 塑料头
1426,14:23:32,hit_1426_20260730_142332.csv,512,DEFECT,HIGH,0,24,114,233,500000,4771691,3688381,-4771691,56674.5,,695,-462,坏棒 总长 1002m 任意重度敲 塑料头
1427,14:23:32,hit_1427_20260730_142332.csv,512,DEFECT,HIGH,0,82,111,820,500000,4883714,4883714,-3948713,1164915.2,,695,125,坏棒 总长 1002m 任意重度敲 塑料头
1428,14:23:33,hit_1428_20260730_142333.csv,512,DEFECT,HIGH,0,21,112,207,500000,4629137,4138267,-4629137,427250.0,,695,-488,坏棒 总长 1002m 任意重度敲 塑料头
1429,14:23:33,hit_1429_20260730_142333.csv,512,DEFECT,HIGH,0,82,111,820,500000,4505697,4505697,-4192943,805863.1,,695,125,坏棒 总长 1002m 任意重度敲 塑料头
1430,14:23:33,hit_1430_20260730_142333.csv,512,DEFECT,HIGH,0,81,111,810,500000,4262049,4262049,-3911249,751534.4,,695,115,坏棒 总长 1002m 任意重度敲 塑料头
1431,14:23:33,hit_1431_20260730_142333.csv,512,DEFECT,HIGH,0,82,112,811,500000,4386648,4386648,-4234219,770276.9,,695,116,坏棒 总长 1002m 任意重度敲 塑料头
1432,14:23:37,hit_1432_20260730_142337.csv,512,DEFECT,HIGH,0,69,115,557,500000,2821911,2696543,-2821911,-97074.3,,695,-138,坏棒 总长 1002m 任意重度敲 塑料头
1433,14:23:37,hit_1433_20260730_142337.csv,512,DEFECT,HIGH,0,21,112,207,500000,4433956,3635635,-4433956,121116.9,,695,-488,坏棒 总长 1002m 任意重度敲 塑料头
1434,14:23:37,hit_1434_20260730_142337.csv,512,DEFECT,HIGH,0,24,113,235,500000,4866109,3689013,-4866109,31803.6,,695,-460,坏棒 总长 1002m 任意重度敲 塑料头
1435,14:23:37,hit_1435_20260730_142337.csv,512,DEFECT,HIGH,0,25,113,245,500000,5097668,4036592,-5097668,132867.9,,695,-450,坏棒 总长 1002m 任意重度敲 塑料头
1436,14:23:38,hit_1436_20260730_142338.csv,512,DEFECT,HIGH,0,24,112,237,500000,4917924,4268922,-4917924,422608.3,,695,-458,坏棒 总长 1002m 任意重度敲 塑料头
1437,14:23:38,hit_1437_20260730_142338.csv,512,DEFECT,HIGH,0,26,115,250,500000,5162911,3679817,-5162911,-60886.9,,695,-445,坏棒 总长 1002m 任意重度敲 塑料头
1438,14:23:38,hit_1438_20260730_142338.csv,512,DEFECT,HIGH,0,23,113,225,500000,4820413,4153694,-4820413,515220.2,,695,-470,坏棒 总长 1002m 任意重度敲 塑料头
1439,14:23:38,hit_1439_20260730_142338.csv,512,DEFECT,HIGH,0,21,112,207,500000,4606323,4082787,-4606323,609872.9,,695,-488,坏棒 总长 1002m 任意重度敲 塑料头
1440,14:23:38,hit_1440_20260730_142338.csv,512,DEFECT,HIGH,0,23,112,227,500000,5004407,3941972,-5004407,164518.7,,695,-468,坏棒 总长 1002m 任意重度敲 塑料头
1441,14:23:39,hit_1441_20260730_142339.csv,512,DEFECT,HIGH,0,82,113,803,500000,4869896,4327418,-4869896,482373.4,,695,108,坏棒 总长 1002m 任意重度敲 塑料头
1442,14:23:39,hit_1442_20260730_142339.csv,512,DEFECT,HIGH,0,82,112,811,500000,4689636,4429270,-4689636,670145.1,,695,116,坏棒 总长 1002m 任意重度敲 塑料头
1443,14:23:39,hit_1443_20260730_142339.csv,512,DEFECT,HIGH,0,25,115,240,500000,4789649,3437579,-4789649,-65007.8,,695,-455,坏棒 总长 1002m 任意重度敲 塑料头
1444,14:23:39,hit_1444_20260730_142339.csv,512,DEFECT,HIGH,0,23,113,225,500000,4304859,3605288,-4304859,231568.0,,695,-470,坏棒 总长 1002m 任意重度敲 塑料头
1445,14:23:39,hit_1445_20260730_142339.csv,512,DEFECT,HIGH,0,23,113,225,500000,4546011,3547173,-4546011,137304.6,,695,-470,坏棒 总长 1002m 任意重度敲 塑料头
1446,14:23:39,hit_1446_20260730_142339.csv,512,DEFECT,HIGH,0,22,112,217,500000,4153764,3715521,-4153764,377510.9,,695,-478,坏棒 总长 1002m 任意重度敲 塑料头
1447,14:23:39,hit_1447_20260730_142339.csv,512,DEFECT,HIGH,0,24,118,224,500000,4447427,3683422,-4447427,456859.7,,695,-471,坏棒 总长 1002m 任意重度敲 塑料头
1448,14:23:40,hit_1448_20260730_142340.csv,512,DEFECT,HIGH,0,27,120,247,500000,4693824,3285246,-4693824,90050.5,,695,-448,坏棒 总长 1002m 任意重度敲 塑料头
1449,14:23:40,hit_1449_20260730_142340.csv,512,DEFECT,HIGH,0,80,111,800,500000,4111032,4111032,-3331968,918489.5,,695,105,坏棒 总长 1002m 任意重度敲 塑料头
1450,14:23:40,hit_1450_20260730_142340.csv,512,DEFECT,HIGH,0,21,116,200,500000,3976049,2840460,-3976049,-106090.6,,695,-495,坏棒 总长 1002m 任意重度敲 塑料头
1451,14:23:40,hit_1451_20260730_142340.csv,512,DEFECT,HIGH,0,25,115,240,500000,4897161,3539131,-4897161,-83676.2,,695,-455,坏棒 总长 1002m 任意重度敲 塑料头
1452,14:23:40,hit_1452_20260730_142340.csv,512,DEFECT,HIGH,0,81,112,801,500000,4545947,4544766,-4545947,706919.5,,695,106,坏棒 总长 1002m 任意重度敲 塑料头
1453,14:23:41,hit_1453_20260730_142341.csv,512,DEFECT,HIGH,0,25,115,240,500000,4625768,3584233,-4625768,60320.9,,695,-455,坏棒 总长 1002m 任意重度敲 塑料头
1454,14:23:41,hit_1454_20260730_142341.csv,512,DEFECT,HIGH,0,24,113,235,500000,5102828,3957701,-5102828,187474.1,,695,-460,坏棒 总长 1002m 任意重度敲 塑料头
1455,14:23:41,hit_1455_20260730_142341.csv,512,DEFECT,HIGH,0,23,112,227,500000,5008682,4079596,-5008682,342304.5,,695,-468,坏棒 总长 1002m 任意重度敲 塑料头
1456,14:23:41,hit_1456_20260730_142341.csv,512,DEFECT,HIGH,0,23,112,227,500000,5014152,4147971,-5014152,259423.0,,695,-468,坏棒 总长 1002m 任意重度敲 塑料头
1457,14:23:41,hit_1457_20260730_142341.csv,512,DEFECT,HIGH,0,25,113,245,500000,5324644,4227759,-5324644,214865.8,,695,-450,坏棒 总长 1002m 任意重度敲 塑料头
1458,14:23:42,hit_1458_20260730_142342.csv,512,DEFECT,HIGH,0,24,113,235,500000,5102014,4185473,-5102014,281964.1,,695,-460,坏棒 总长 1002m 任意重度敲 塑料头
1459,14:23:42,hit_1459_20260730_142342.csv,512,DEFECT,HIGH,0,23,112,227,500000,5065782,4155586,-5065782,294451.1,,695,-468,坏棒 总长 1002m 任意重度敲 塑料头
1460,14:23:42,hit_1460_20260730_142342.csv,512,DEFECT,HIGH,0,23,112,227,500000,5035986,4275217,-5035986,415352.4,,695,-468,坏棒 总长 1002m 任意重度敲 塑料头
1461,14:23:42,hit_1461_20260730_142342.csv,512,DEFECT,HIGH,0,25,113,245,500000,5019746,3290325,-5019746,-201555.5,,695,-450,坏棒 总长 1002m 任意重度敲 塑料头
1462,14:23:42,hit_1462_20260730_142342.csv,512,DEFECT,HIGH,0,39,117,367,500000,2789898,2789898,-2482295,-67176.3,,695,-328,坏棒 总长 1002m 任意重度敲 塑料头
1463,14:23:42,hit_1463_20260730_142342.csv,512,DEFECT,HIGH,0,81,112,801,500000,4926109,4643351,-4926109,563319.3,,695,106,坏棒 总长 1002m 任意重度敲 塑料头
1464,14:23:43,hit_1464_20260730_142343.csv,512,DEFECT,HIGH,0,80,111,800,500000,4826331,4552967,-4826331,544719.0,,695,105,坏棒 总长 1002m 任意重度敲 塑料头
1465,14:23:43,hit_1465_20260730_142343.csv,512,DEFECT,HIGH,0,81,112,801,500000,4849445,4849445,-4704413,769043.4,,695,106,坏棒 总长 1002m 任意重度敲 塑料头
1466,14:23:43,hit_1466_20260730_142343.csv,512,DEFECT,HIGH,0,23,111,230,500000,4851267,4806661,-4851267,605244.9,,695,-465,坏棒 总长 1002m 任意重度敲 塑料头
1467,14:23:43,hit_1467_20260730_142343.csv,512,DEFECT,HIGH,0,81,111,810,500000,4733918,4733918,-4716794,858861.6,,695,115,坏棒 总长 1002m 任意重度敲 塑料头
1468,14:23:43,hit_1468_20260730_142343.csv,512,DEFECT,HIGH,0,25,112,247,500000,5220109,4239281,-5220109,278514.9,,695,-448,坏棒 总长 1002m 任意重度敲 塑料头
1469,14:23:44,hit_1469_20260730_142344.csv,512,DEFECT,HIGH,0,27,114,262,500000,5347100,3520325,-5347100,-229567.9,,695,-433,坏棒 总长 1002m 任意重度敲 塑料头
1470,14:23:44,hit_1470_20260730_142344.csv,512,DEFECT,HIGH,0,30,116,285,500000,5871911,4277830,-5871911,-29255.6,,695,-410,坏棒 总长 1002m 任意重度敲 塑料头
1471,14:23:44,hit_1471_20260730_142344.csv,512,DEFECT,HIGH,0,25,113,245,500000,5220720,4229051,-5220720,287236.3,,695,-450,坏棒 总长 1002m 任意重度敲 塑料头
1472,14:23:44,hit_1472_20260730_142344.csv,512,DEFECT,HIGH,0,25,113,245,500000,5276246,4080864,-5276246,203881.1,,695,-450,坏棒 总长 1002m 任意重度敲 塑料头
1473,14:23:44,hit_1473_20260730_142344.csv,512,DEFECT,HIGH,0,23,112,227,500000,5059739,4161200,-5059739,352702.6,,695,-468,坏棒 总长 1002m 任意重度敲 塑料头
1474,14:23:44,hit_1474_20260730_142344.csv,512,DEFECT,HIGH,0,80,111,800,500000,4951816,4582700,-4951816,515107.8,,695,105,坏棒 总长 1002m 任意重度敲 塑料头
1475,14:23:45,hit_1475_20260730_142345.csv,512,DEFECT,HIGH,0,24,112,237,500000,5116150,4341747,-5116150,318765.0,,695,-458,坏棒 总长 1002m 任意重度敲 塑料头
1476,14:23:45,hit_1476_20260730_142345.csv,512,DEFECT,HIGH,0,23,111,230,500000,5039753,4196514,-5039753,275860.1,,695,-465,坏棒 总长 1002m 任意重度敲 塑料头
1477,14:23:45,hit_1477_20260730_142345.csv,512,DEFECT,HIGH,0,80,111,800,500000,4982948,4982948,-4660859,824601.0,,695,105,坏棒 总长 1002m 任意重度敲 塑料头
1478,14:23:45,hit_1478_20260730_142345.csv,512,DEFECT,HIGH,0,25,113,245,500000,5209835,3843289,-5209835,73965.3,,695,-450,坏棒 总长 1002m 任意重度敲 塑料头
1479,14:23:45,hit_1479_20260730_142345.csv,512,DEFECT,HIGH,0,79,110,797,500000,4467578,4467578,-4426628,801538.4,,695,102,坏棒 总长 1002m 任意重度敲 塑料头
1480,14:23:46,hit_1480_20260730_142346.csv,512,DEFECT,HIGH,0,82,113,803,500000,4983287,4388896,-4983287,419601.1,,695,108,坏棒 总长 1002m 任意重度敲 塑料头
1481,14:23:46,hit_1481_20260730_142346.csv,512,DEFECT,HIGH,0,25,115,240,500000,4823327,3518072,-4823327,-65540.1,,695,-455,坏棒 总长 1002m 任意重度敲 塑料头
1482,14:23:46,hit_1482_20260730_142346.csv,512,DEFECT,HIGH,0,82,112,811,500000,4805993,4782819,-4805993,615329.1,,695,116,坏棒 总长 1002m 任意重度敲 塑料头
1483,14:23:46,hit_1483_20260730_142346.csv,512,DEFECT,HIGH,0,80,111,800,500000,4788250,4788250,-4525162,882277.8,,695,105,坏棒 总长 1002m 任意重度敲 塑料头
1484,14:23:47,hit_1484_20260730_142347.csv,512,DEFECT,HIGH,0,24,112,237,500000,5109650,4078375,-5109650,212962.5,,695,-458,坏棒 总长 1002m 任意重度敲 塑料头
1485,14:23:47,hit_1485_20260730_142347.csv,512,DEFECT,HIGH,0,82,112,811,500000,4773754,4742666,-4773754,640523.7,,695,116,坏棒 总长 1002m 任意重度敲 塑料头
1486,14:23:47,hit_1486_20260730_142347.csv,512,DEFECT,HIGH,0,82,113,803,500000,4693797,4349919,-4693797,462478.3,,695,108,坏棒 总长 1002m 任意重度敲 塑料头
1487,14:23:47,hit_1487_20260730_142347.csv,512,DEFECT,HIGH,0,81,112,801,500000,4638237,4389357,-4638237,458278.0,,695,106,坏棒 总长 1002m 任意重度敲 塑料头
1488,14:23:47,hit_1488_20260730_142347.csv,512,DEFECT,HIGH,0,22,113,215,500000,4468680,4080320,-4468680,330726.6,,695,-480,坏棒 总长 1002m 任意重度敲 塑料头
1489,14:23:47,hit_1489_20260730_142347.csv,512,DEFECT,HIGH,0,81,112,801,500000,4766015,4512625,-4766015,551108.9,,695,106,坏棒 总长 1002m 任意重度敲 塑料头
1490,14:23:47,hit_1490_20260730_142347.csv,512,DEFECT,HIGH,0,82,112,811,500000,4975630,4975630,-4529023,846639.5,,695,116,坏棒 总长 1002m 任意重度敲 塑料头
1491,14:23:48,hit_1491_20260730_142348.csv,512,DEFECT,HIGH,0,82,113,803,500000,4792912,4733275,-4792912,635742.8,,695,108,坏棒 总长 1002m 任意重度敲 塑料头
1492,14:23:48,hit_1492_20260730_142348.csv,512,DEFECT,HIGH,0,81,112,801,500000,4632724,4632724,-4591073,690277.4,,695,106,坏棒 总长 1002m 任意重度敲 塑料头
1493,14:23:48,hit_1493_20260730_142348.csv,512,DEFECT,HIGH,0,81,111,810,500000,5117234,5117234,-4470204,971006.4,,695,115,坏棒 总长 1002m 任意重度敲 塑料头
1494,14:23:48,hit_1494_20260730_142348.csv,512,DEFECT,HIGH,0,81,112,801,500000,4830383,4830383,-4519479,828876.9,,695,106,坏棒 总长 1002m 任意重度敲 塑料头
1495,14:23:48,hit_1495_20260730_142348.csv,512,DEFECT,HIGH,0,81,111,810,500000,5098820,5098820,-4295401,1126383.6,,695,115,坏棒 总长 1002m 任意重度敲 塑料头
1496,14:23:49,hit_1496_20260730_142349.csv,512,DEFECT,HIGH,0,25,113,245,500000,5148748,3959739,-5148748,137272.5,,695,-450,坏棒 总长 1002m 任意重度敲 塑料头
1497,14:23:49,hit_1497_20260730_142349.csv,512,DEFECT,HIGH,0,81,112,801,500000,4886001,4858398,-4886001,627052.2,,695,106,坏棒 总长 1002m 任意重度敲 塑料头
1498,14:23:49,hit_1498_20260730_142349.csv,512,DEFECT,HIGH,0,23,112,227,500000,4997870,4530877,-4997870,428219.9,,695,-468,坏棒 总长 1002m 任意重度敲 塑料头
1499,14:23:49,hit_1499_20260730_142349.csv,512,DEFECT,HIGH,0,82,112,811,500000,4830529,4817488,-4830529,655516.0,,695,116,坏棒 总长 1002m 任意重度敲 塑料头
1500,14:23:49,hit_1500_20260730_142349.csv,512,DEFECT,HIGH,0,24,112,237,500000,5045968,4269326,-5045968,365366.8,,695,-458,坏棒 总长 1002m 任意重度敲 塑料头
1501,14:23:49,hit_1501_20260730_142349.csv,512,DEFECT,HIGH,0,24,113,235,500000,4975639,4324722,-4975639,381365.0,,695,-460,坏棒 总长 1002m 任意重度敲 塑料头
1502,14:23:50,hit_1502_20260730_142350.csv,512,DEFECT,HIGH,0,81,112,801,500000,4945762,4511132,-4945762,468821.3,,695,106,坏棒 总长 1002m 任意重度敲 塑料头
1503,14:23:50,hit_1503_20260730_142350.csv,512,DEFECT,HIGH,0,81,112,801,500000,4939297,4939297,-4740797,880784.9,,695,106,坏棒 总长 1002m 任意重度敲 塑料头
1504,14:23:50,hit_1504_20260730_142350.csv,512,DEFECT,HIGH,0,81,111,810,500000,4723333,4687983,-4723333,708268.7,,695,115,坏棒 总长 1002m 任意重度敲 塑料头
1505,14:23:50,hit_1505_20260730_142350.csv,512,DEFECT,HIGH,0,80,111,800,500000,4668463,4415825,-4668463,601600.3,,695,105,坏棒 总长 1002m 任意重度敲 塑料头
1506,14:23:51,hit_1506_20260730_142351.csv,512,DEFECT,HIGH,0,81,112,801,500000,4814882,4814882,-4803081,626156.9,,695,106,坏棒 总长 1002m 任意重度敲 塑料头
1507,14:23:51,hit_1507_20260730_142351.csv,512,DEFECT,HIGH,0,22,111,220,500000,4743111,4491234,-4743111,677036.7,,695,-475,坏棒 总长 1002m 任意重度敲 塑料头
1508,14:23:51,hit_1508_20260730_142351.csv,512,DEFECT,HIGH,0,82,112,811,500000,4938195,4572660,-4938195,532670.8,,695,116,坏棒 总长 1002m 任意重度敲 塑料头
1509,14:23:51,hit_1509_20260730_142351.csv,512,DEFECT,HIGH,0,81,112,801,500000,4815604,4603349,-4815604,548707.4,,695,106,坏棒 总长 1002m 任意重度敲 塑料头
1510,14:23:51,hit_1510_20260730_142351.csv,512,DEFECT,HIGH,0,83,113,813,500000,5002271,4805661,-5002271,695212.4,,695,118,坏棒 总长 1002m 任意重度敲 塑料头
1511,14:23:51,hit_1511_20260730_142351.csv,512,DEFECT,HIGH,0,81,111,810,500000,5142576,5142576,-4541249,1130251.2,,695,115,坏棒 总长 1002m 任意重度敲 塑料头
1512,14:23:51,hit_1512_20260730_142351.csv,512,DEFECT,HIGH,0,81,111,810,500000,5153536,5153536,-4579641,998129.6,,695,115,坏棒 总长 1002m 任意重度敲 塑料头
1513,14:23:52,hit_1513_20260730_142352.csv,512,DEFECT,HIGH,0,82,111,820,500000,4972438,4972438,-4828449,729950.4,,695,125,坏棒 总长 1002m 任意重度敲 塑料头
1514,14:23:52,hit_1514_20260730_142352.csv,512,DEFECT,HIGH,0,82,112,811,500000,5021936,5021936,-4862356,764548.3,,695,116,坏棒 总长 1002m 任意重度敲 塑料头
1515,14:23:52,hit_1515_20260730_142352.csv,512,DEFECT,HIGH,0,81,111,810,500000,5010853,5010853,-4611523,947720.5,,695,115,坏棒 总长 1002m 任意重度敲 塑料头
1516,14:23:53,hit_1516_20260730_142353.csv,512,DEFECT,HIGH,0,81,112,801,500000,4765344,4765344,-4750700,750435.2,,695,106,坏棒 总长 1002m 任意重度敲 塑料头
1517,14:23:53,hit_1517_20260730_142353.csv,512,DEFECT,HIGH,0,83,113,813,500000,5216267,5216267,-4863831,1216880.2,,695,118,坏棒 总长 1002m 任意重度敲 塑料头
1518,14:23:53,hit_1518_20260730_142353.csv,512,DEFECT,HIGH,0,25,113,245,500000,5192606,4211810,-5192606,223293.9,,695,-450,坏棒 总长 1002m 任意重度敲 塑料头
1519,14:23:53,hit_1519_20260730_142353.csv,512,DEFECT,HIGH,0,82,113,803,500000,4899551,4679201,-4899551,618585.5,,695,108,坏棒 总长 1002m 任意重度敲 塑料头
1520,14:23:53,hit_1520_20260730_142353.csv,512,DEFECT,HIGH,0,25,113,245,500000,5150536,4202422,-5150536,241484.3,,695,-450,坏棒 总长 1002m 任意重度敲 塑料头
1521,14:23:54,hit_1521_20260730_142354.csv,512,DEFECT,HIGH,0,83,113,813,500000,5101467,4428373,-5101467,435381.5,,695,118,坏棒 总长 1002m 任意重度敲 塑料头
1522,14:23:54,hit_1522_20260730_142354.csv,512,DEFECT,HIGH,0,81,111,810,500000,5043455,5043455,-4593847,921586.4,,695,115,坏棒 总长 1002m 任意重度敲 塑料头
1523,14:23:54,hit_1523_20260730_142354.csv,512,DEFECT,HIGH,0,25,113,245,500000,5182522,4031038,-5182522,74293.4,,695,-450,坏棒 总长 1002m 任意重度敲 塑料头
1524,14:23:54,hit_1524_20260730_142354.csv,512,DEFECT,HIGH,0,81,111,810,500000,5085309,5085309,-4560055,951924.9,,695,115,坏棒 总长 1002m 任意重度敲 塑料头
1525,14:23:54,hit_1525_20260730_142354.csv,512,DEFECT,HIGH,0,82,112,811,500000,4993038,4680438,-4993038,527413.2,,695,116,坏棒 总长 1002m 任意重度敲 塑料头
1526,14:23:54,hit_1526_20260730_142354.csv,512,DEFECT,HIGH,0,80,110,808,500000,5268252,5268252,-4419198,1190094.0,,695,113,坏棒 总长 1002m 任意重度敲 塑料头
1527,14:23:54,hit_1527_20260730_142354.csv,512,DEFECT,HIGH,0,80,111,800,500000,4974495,4974495,-4522022,997888.0,,695,105,坏棒 总长 1002m 任意重度敲 塑料头
1528,14:23:54,hit_1528_20260730_142354.csv,512,DEFECT,HIGH,0,83,112,821,500000,5268819,5268819,-4711880,1006635.2,,695,126,坏棒 总长 1002m 任意重度敲 塑料头
1529,14:23:55,hit_1529_20260730_142355.csv,512,DEFECT,HIGH,0,81,112,801,500000,5031624,4500953,-5031624,428011.4,,695,106,坏棒 总长 1002m 任意重度敲 塑料头
1530,14:23:55,hit_1530_20260730_142355.csv,512,DEFECT,HIGH,0,81,111,810,500000,5198987,5198987,-4682611,857094.2,,695,115,坏棒 总长 1002m 任意重度敲 塑料头
1531,14:23:55,hit_1531_20260730_142355.csv,512,DEFECT,HIGH,0,81,111,810,500000,5130524,5130524,-4735291,879139.4,,695,115,坏棒 总长 1002m 任意重度敲 塑料头
1532,14:23:55,hit_1532_20260730_142355.csv,512,DEFECT,HIGH,0,24,112,237,500000,4997329,4504505,-4997329,410464.8,,695,-458,坏棒 总长 1002m 任意重度敲 塑料头
1533,14:23:56,hit_1533_20260730_142356.csv,512,DEFECT,HIGH,0,81,111,810,500000,5227304,5227304,-4401441,1084397.9,,695,115,坏棒 总长 1002m 任意重度敲 塑料头
1534,14:23:56,hit_1534_20260730_142356.csv,512,DEFECT,HIGH,0,82,111,820,500000,5286249,5286249,-4594872,1067110.2,,695,125,坏棒 总长 1002m 任意重度敲 塑料头
1535,14:23:56,hit_1535_20260730_142356.csv,512,DEFECT,HIGH,0,82,111,820,500000,5123181,5123181,-4473268,1077544.0,,695,125,坏棒 总长 1002m 任意重度敲 塑料头
1536,14:23:56,hit_1536_20260730_142356.csv,512,DEFECT,HIGH,0,82,112,811,500000,4968479,4968479,-4475541,938836.3,,695,116,坏棒 总长 1002m 任意重度敲 塑料头
1537,14:23:56,hit_1537_20260730_142356.csv,512,DEFECT,HIGH,0,81,111,810,500000,5295590,5295590,-4457951,1120497.3,,695,115,坏棒 总长 1002m 任意重度敲 塑料头
1538,14:23:57,hit_1538_20260730_142357.csv,512,DEFECT,HIGH,0,81,111,810,500000,4993719,4993719,-4646500,947997.8,,695,115,坏棒 总长 1002m 任意重度敲 塑料头
1539,14:23:57,hit_1539_20260730_142357.csv,512,DEFECT,HIGH,0,82,112,811,500000,5040950,5040950,-4451535,1031639.2,,695,116,坏棒 总长 1002m 任意重度敲 塑料头
1540,14:23:57,hit_1540_20260730_142357.csv,512,DEFECT,HIGH,0,81,111,810,500000,4973172,4973172,-4620119,969747.4,,695,115,坏棒 总长 1002m 任意重度敲 塑料头
1541,14:23:57,hit_1541_20260730_142357.csv,512,DEFECT,HIGH,0,81,112,801,500000,4920857,4415538,-4920857,531751.2,,695,106,坏棒 总长 1002m 任意重度敲 塑料头
1542,14:23:57,hit_1542_20260730_142357.csv,512,DEFECT,HIGH,0,78,111,670,500000,5546546,5546546,-4406166,1433595.3,,695,-25,坏棒 总长 1002m 任意重度敲 塑料头
1543,14:23:57,hit_1543_20260730_142357.csv,512,DEFECT,HIGH,0,82,112,811,500000,5006185,4739121,-5006185,665948.4,,695,116,坏棒 总长 1002m 任意重度敲 塑料头
1544,14:23:58,hit_1544_20260730_142358.csv,512,DEFECT,HIGH,0,82,112,811,500000,4915813,4757407,-4915813,688858.7,,695,116,坏棒 总长 1002m 任意重度敲 塑料头
1545,14:23:58,hit_1545_20260730_142358.csv,512,DEFECT,HIGH,0,80,110,808,500000,5121029,5121029,-4253034,1167959.9,,695,113,坏棒 总长 1002m 任意重度敲 塑料头
1546,14:23:58,hit_1546_20260730_142358.csv,512,DEFECT,HIGH,0,81,111,810,500000,5090513,5090513,-4767063,825540.3,,695,115,坏棒 总长 1002m 任意重度敲 塑料头
1547,14:23:58,hit_1547_20260730_142358.csv,512,DEFECT,HIGH,0,81,111,810,500000,5002424,5002424,-4377533,1057192.5,,695,115,坏棒 总长 1002m 任意重度敲 塑料头
1548,14:24:02,hit_1548_20260730_142402.csv,512,DEFECT,HIGH,0,81,113,686,500000,5492165,5492165,-3568592,1800119.3,,695,-9,坏棒 总长 1002m 任意重度敲 塑料头
1549,14:24:02,hit_1549_20260730_142402.csv,512,DEFECT,HIGH,0,82,112,811,500000,5171191,5171191,-3767911,1223656.2,,695,116,坏棒 总长 1002m 任意重度敲 塑料头
1550,14:24:02,hit_1550_20260730_142402.csv,512,DEFECT,HIGH,0,82,112,811,500000,4751171,4469714,-4751171,484539.9,,695,116,坏棒 总长 1002m 任意重度敲 塑料头
1551,14:24:03,hit_1551_20260730_142403.csv,512,DEFECT,HIGH,0,82,111,820,500000,4696836,4692461,-4696836,525978.4,,695,125,坏棒 总长 1002m 任意重度敲 塑料头
1552,14:24:03,hit_1552_20260730_142403.csv,512,DEFECT,HIGH,0,81,111,810,500000,4809254,4809254,-4382439,890820.0,,695,115,坏棒 总长 1002m 任意重度敲 塑料头
1553,14:24:03,hit_1553_20260730_142403.csv,512,DEFECT,HIGH,0,82,111,820,500000,4898460,4898460,-4802253,568184.1,,695,125,坏棒 总长 1002m 任意重度敲 塑料头
1554,14:24:03,hit_1554_20260730_142403.csv,512,DEFECT,HIGH,0,85,113,833,500000,4891830,4891830,-4749334,308162.4,,695,138,坏棒 总长 1002m 任意重度敲 塑料头
1555,14:24:03,hit_1555_20260730_142403.csv,512,DEFECT,HIGH,0,83,113,813,500000,4820294,4820294,-3577787,530888.6,,695,118,坏棒 总长 1002m 任意重度敲 塑料头
1556,14:24:04,hit_1556_20260730_142404.csv,512,DEFECT,HIGH,0,86,114,834,500000,5246443,5246443,-4225186,841176.3,,695,139,坏棒 总长 1002m 任意重度敲 塑料头
1557,14:24:04,hit_1557_20260730_142404.csv,512,DEFECT,HIGH,0,85,114,825,500000,4984795,4984795,-3547312,698385.0,,695,130,坏棒 总长 1002m 任意重度敲 塑料头
1558,14:24:04,hit_1558_20260730_142404.csv,512,DEFECT,HIGH,0,25,118,233,500000,5128445,5128445,-5024794,715998.0,,695,-462,坏棒 总长 1002m 任意重度敲 塑料头
1559,14:24:04,hit_1559_20260730_142404.csv,512,DEFECT,HIGH,0,28,119,259,500000,5404484,4846101,-5404484,277897.5,,695,-436,坏棒 总长 1002m 任意重度敲 塑料头
1560,14:24:04,hit_1560_20260730_142404.csv,512,DEFECT,HIGH,0,86,116,819,500000,4621484,4621484,-3665603,534508.5,,695,124,坏棒 总长 1002m 任意重度敲 塑料头
1561,14:24:05,hit_1561_20260730_142405.csv,512,DEFECT,HIGH,0,84,114,815,500000,4980982,4980982,-3192694,979530.2,,695,120,坏棒 总长 1002m 任意重度敲 塑料头
1562,14:24:05,hit_1562_20260730_142405.csv,512,DEFECT,HIGH,0,85,114,825,500000,4880262,4880262,-4812510,403150.2,,695,130,坏棒 总长 1002m 任意重度敲 塑料头
1563,14:24:05,hit_1563_20260730_142405.csv,512,DEFECT,HIGH,0,22,116,209,500000,4791149,4791149,-3879614,751912.7,,695,-486,坏棒 总长 1002m 任意重度敲 塑料头
1564,14:24:05,hit_1564_20260730_142405.csv,512,DEFECT,HIGH,0,26,118,242,500000,4561285,4082141,-4561285,53231.0,,695,-453,坏棒 总长 1002m 任意重度敲 塑料头
1565,14:24:05,hit_1565_20260730_142405.csv,512,DEFECT,HIGH,0,78,117,626,500000,5751939,5751939,-2669760,2141172.1,,695,-69,坏棒 总长 1002m 任意重度敲 塑料头
1566,14:24:05,hit_1566_20260730_142405.csv,512,DEFECT,HIGH,0,81,112,801,500000,4791614,4358904,-4791614,544469.0,,695,106,坏棒 总长 1002m 任意重度敲 塑料头
1567,14:24:06,hit_1567_20260730_142406.csv,512,DEFECT,HIGH,0,81,111,810,500000,4743478,4743478,-4561417,891940.5,,695,115,坏棒 总长 1002m 任意重度敲 塑料头
1568,14:24:06,hit_1568_20260730_142406.csv,512,DEFECT,HIGH,0,81,111,810,500000,4859957,4859957,-4799322,675106.0,,695,115,坏棒 总长 1002m 任意重度敲 塑料头
1569,14:24:06,hit_1569_20260730_142406.csv,512,DEFECT,HIGH,0,80,111,800,500000,5050375,5050375,-4709859,852262.2,,695,105,坏棒 总长 1002m 任意重度敲 塑料头
1570,14:24:06,hit_1570_20260730_142406.csv,512,DEFECT,HIGH,0,81,111,810,500000,5099229,5099229,-4777942,808750.2,,695,115,坏棒 总长 1002m 任意重度敲 塑料头
1571,14:24:07,hit_1571_20260730_142407.csv,512,DEFECT,HIGH,0,80,111,800,500000,4906497,4906497,-4702780,742104.8,,695,105,坏棒 总长 1002m 任意重度敲 塑料头
1572,14:24:07,hit_1572_20260730_142407.csv,512,DEFECT,HIGH,0,80,111,800,500000,4852087,4482129,-4852087,654342.6,,695,105,坏棒 总长 1002m 任意重度敲 塑料头
1573,14:24:07,hit_1573_20260730_142407.csv,512,DEFECT,HIGH,0,80,111,800,500000,4812284,4725917,-4812284,705503.5,,695,105,坏棒 总长 1002m 任意重度敲 塑料头
1574,14:24:07,hit_1574_20260730_142407.csv,512,DEFECT,HIGH,0,80,111,800,500000,4902009,4494452,-4902009,455757.2,,695,105,坏棒 总长 1002m 任意重度敲 塑料头
1575,14:24:07,hit_1575_20260730_142407.csv,512,DEFECT,HIGH,0,80,110,808,500000,4987626,4987626,-4590752,878592.0,,695,113,坏棒 总长 1002m 任意重度敲 塑料头
1576,14:24:07,hit_1576_20260730_142407.csv,512,DEFECT,HIGH,0,80,111,800,500000,5365082,5365082,-4378939,1312198.8,,695,105,坏棒 总长 1002m 任意重度敲 塑料头
1577,14:24:08,hit_1577_20260730_142408.csv,512,DEFECT,HIGH,0,81,111,810,500000,5079359,5079359,-4666249,840823.3,,695,115,坏棒 总长 1002m 任意重度敲 塑料头
1578,14:24:08,hit_1578_20260730_142408.csv,512,DEFECT,HIGH,0,22,111,220,500000,4905498,4772236,-4905498,550791.9,,695,-475,坏棒 总长 1002m 任意重度敲 塑料头
1579,14:24:08,hit_1579_20260730_142408.csv,512,DEFECT,HIGH,0,81,111,810,500000,4959222,4959222,-4754227,814655.2,,695,115,坏棒 总长 1002m 任意重度敲 塑料头
1580,14:24:08,hit_1580_20260730_142408.csv,512,DEFECT,HIGH,0,80,111,800,500000,4697026,4667403,-4697026,703395.8,,695,105,坏棒 总长 1002m 任意重度敲 塑料头
1581,14:24:08,hit_1581_20260730_142408.csv,512,DEFECT,HIGH,0,80,111,800,500000,4818508,4573345,-4818508,560741.3,,695,105,坏棒 总长 1002m 任意重度敲 塑料头
1582,14:24:09,hit_1582_20260730_142409.csv,512,DEFECT,HIGH,0,23,111,230,500000,4964022,4752537,-4964022,637863.3,,695,-465,坏棒 总长 1002m 任意重度敲 塑料头
1583,14:24:09,hit_1583_20260730_142409.csv,512,DEFECT,HIGH,0,79,110,797,500000,5125103,5125103,-4709883,922599.0,,695,102,坏棒 总长 1002m 任意重度敲 塑料头
1584,14:24:09,hit_1584_20260730_142409.csv,512,DEFECT,HIGH,0,79,110,797,500000,5136929,5136929,-4542744,1056122.7,,695,102,坏棒 总长 1002m 任意重度敲 塑料头
1585,14:24:09,hit_1585_20260730_142409.csv,512,DEFECT,HIGH,0,23,111,230,500000,5035337,4967712,-5035337,679229.3,,695,-465,坏棒 总长 1002m 任意重度敲 塑料头
1586,14:24:10,hit_1586_20260730_142410.csv,512,DEFECT,HIGH,0,23,111,230,500000,5045535,4237974,-5045535,351648.0,,695,-465,坏棒 总长 1002m 任意重度敲 塑料头
1587,14:24:10,hit_1587_20260730_142410.csv,512,DEFECT,HIGH,0,23,111,230,500000,4995308,4995308,-4813853,808389.4,,695,-465,坏棒 总长 1002m 任意重度敲 塑料头
1588,14:24:10,hit_1588_20260730_142410.csv,512,DEFECT,HIGH,0,80,111,800,500000,4810989,4792993,-4810989,673258.2,,695,105,坏棒 总长 1002m 任意重度敲 塑料头
1589,14:24:10,hit_1589_20260730_142410.csv,512,DEFECT,HIGH,0,22,111,220,500000,4816953,4693887,-4816953,665033.5,,695,-475,坏棒 总长 1002m 任意重度敲 塑料头
1590,14:24:10,hit_1590_20260730_142410.csv,512,DEFECT,HIGH,0,24,113,235,500000,5185393,3967785,-5185393,193088.1,,695,-460,坏棒 总长 1002m 任意重度敲 塑料头
1591,14:24:10,hit_1591_20260730_142410.csv,512,DEFECT,HIGH,0,82,112,811,500000,4934230,4934230,-4724554,1071589.0,,695,116,坏棒 总长 1002m 任意重度敲 塑料头
1592,14:24:11,hit_1592_20260730_142411.csv,512,DEFECT,HIGH,0,81,111,810,500000,4847388,4634710,-4847388,662159.3,,695,115,坏棒 总长 1002m 任意重度敲 塑料头
1593,14:24:11,hit_1593_20260730_142411.csv,512,DEFECT,HIGH,0,25,112,247,500000,5112789,4234653,-5112789,204422.5,,695,-448,坏棒 总长 1002m 任意重度敲 塑料头
1594,14:24:11,hit_1594_20260730_142411.csv,512,DEFECT,HIGH,0,25,112,247,500000,5243862,3988483,-5243862,129892.0,,695,-448,坏棒 总长 1002m 任意重度敲 塑料头
1595,14:24:11,hit_1595_20260730_142411.csv,512,DEFECT,HIGH,0,79,110,797,500000,4678036,4678036,-4632412,741194.4,,695,102,坏棒 总长 1002m 任意重度敲 塑料头
1596,14:24:11,hit_1596_20260730_142411.csv,512,DEFECT,HIGH,0,25,112,247,500000,5234103,4004251,-5234103,149585.3,,695,-448,坏棒 总长 1002m 任意重度敲 塑料头
1597,14:24:12,hit_1597_20260730_142412.csv,512,DEFECT,HIGH,0,27,113,264,500000,5446729,3651912,-5446729,-127116.3,,695,-431,坏棒 总长 1002m 任意重度敲 塑料头
1598,14:24:12,hit_1598_20260730_142412.csv,512,DEFECT,HIGH,0,26,113,254,500000,5431119,3943341,-5431119,43012.6,,695,-441,坏棒 总长 1002m 任意重度敲 塑料头
1599,14:24:12,hit_1599_20260730_142412.csv,512,DEFECT,HIGH,0,25,112,247,500000,5353294,4343284,-5353294,269357.3,,695,-448,坏棒 总长 1002m 任意重度敲 塑料头
1600,14:24:12,hit_1600_20260730_142412.csv,512,DEFECT,HIGH,0,80,110,808,500000,4839469,4750052,-4839469,639064.7,,695,113,坏棒 总长 1002m 任意重度敲 塑料头
1601,14:24:13,hit_1601_20260730_142413.csv,512,DEFECT,HIGH,0,25,113,245,500000,4811998,3055381,-4811998,-214509.3,,695,-450,坏棒 总长 1002m 任意重度敲 塑料头
1602,14:24:13,hit_1602_20260730_142413.csv,512,DEFECT,HIGH,0,23,110,232,500000,4797374,4317644,-4797374,393258.4,,695,-463,坏棒 总长 1002m 任意重度敲 塑料头
1603,14:24:13,hit_1603_20260730_142413.csv,512,DEFECT,HIGH,0,25,113,245,500000,4848012,3085080,-4848012,-219272.1,,695,-450,坏棒 总长 1002m 任意重度敲 塑料头
1604,14:24:13,hit_1604_20260730_142413.csv,512,DEFECT,HIGH,0,22,109,224,500000,4893685,4036533,-4893685,280639.0,,695,-471,坏棒 总长 1002m 任意重度敲 塑料头
1605,14:24:13,hit_1605_20260730_142413.csv,512,DEFECT,HIGH,0,23,111,230,500000,5025026,4198525,-5025026,298445.9,,695,-465,坏棒 总长 1002m 任意重度敲 塑料头
1606,14:24:14,hit_1606_20260730_142414.csv,512,DEFECT,HIGH,0,21,110,212,500000,4617449,4519666,-4617449,814297.0,,695,-483,坏棒 总长 1002m 任意重度敲 塑料头
1607,14:24:14,hit_1607_20260730_142414.csv,512,DEFECT,HIGH,0,22,109,224,500000,4748247,3741973,-4748247,148378.8,,695,-471,坏棒 总长 1002m 任意重度敲 塑料头
1608,14:24:14,hit_1608_20260730_142414.csv,512,DEFECT,HIGH,0,22,110,222,500000,4769060,4533297,-4769060,551334.9,,695,-473,坏棒 总长 1002m 任意重度敲 塑料头
1609,14:24:14,hit_1609_20260730_142414.csv,512,DEFECT,HIGH,0,21,109,214,500000,4691175,3991523,-4691175,427506.0,,695,-481,坏棒 总长 1002m 任意重度敲 塑料头
1610,14:24:14,hit_1610_20260730_142414.csv,512,DEFECT,HIGH,0,78,110,787,500000,4755983,4380811,-4755983,562012.5,,695,92,坏棒 总长 1002m 任意重度敲 塑料头
1611,14:24:15,hit_1611_20260730_142415.csv,512,DEFECT,HIGH,0,23,109,234,500000,4928075,3779884,-4928075,45583.6,,695,-461,坏棒 总长 1002m 任意重度敲 塑料头
1612,14:24:15,hit_1612_20260730_142415.csv,512,DEFECT,HIGH,0,23,110,232,500000,4860014,3626168,-4860014,71416.6,,695,-463,坏棒 总长 1002m 任意重度敲 塑料头
1613,14:24:15,hit_1613_20260730_142415.csv,512,DEFECT,HIGH,0,23,111,230,500000,4886499,4556598,-4886499,535661.4,,695,-465,坏棒 总长 1002m 任意重度敲 塑料头
1614,14:24:15,hit_1614_20260730_142415.csv,512,DEFECT,HIGH,0,22,110,222,500000,4740939,3970617,-4740939,311437.6,,695,-473,坏棒 总长 1002m 任意重度敲 塑料头
1615,14:24:15,hit_1615_20260730_142415.csv,512,DEFECT,HIGH,0,21,108,216,500000,4603044,3962552,-4603044,301386.5,,695,-479,坏棒 总长 1002m 任意重度敲 塑料头
1616,14:24:16,hit_1616_20260730_142416.csv,512,DEFECT,HIGH,0,24,110,242,500000,5184655,3847019,-5184655,19414.2,,695,-453,坏棒 总长 1002m 任意重度敲 塑料头
1617,14:24:16,hit_1617_20260730_142416.csv,512,DEFECT,HIGH,0,24,111,240,500000,5096410,4112015,-5096410,178522.2,,695,-455,坏棒 总长 1002m 任意重度敲 塑料头
1618,14:24:16,hit_1618_20260730_142416.csv,512,DEFECT,HIGH,0,24,111,240,500000,5110037,4063758,-5110037,209901.9,,695,-455,坏棒 总长 1002m 任意重度敲 塑料头
1619,14:24:16,hit_1619_20260730_142416.csv,512,DEFECT,HIGH,0,24,111,240,500000,4938894,4491827,-4938894,437034.0,,695,-455,坏棒 总长 1002m 任意重度敲 塑料头
1620,14:24:16,hit_1620_20260730_142416.csv,512,DEFECT,HIGH,0,24,111,240,500000,4997256,4014585,-4997256,298193.6,,695,-455,坏棒 总长 1002m 任意重度敲 塑料头
1621,14:24:17,hit_1621_20260730_142417.csv,512,DEFECT,HIGH,0,23,110,232,500000,4849879,4318044,-4849879,387151.3,,695,-463,坏棒 总长 1002m 任意重度敲 塑料头
1622,14:24:17,hit_1622_20260730_142417.csv,512,DEFECT,HIGH,0,23,110,232,500000,4898913,3639319,-4898913,-19673.6,,695,-463,坏棒 总长 1002m 任意重度敲 塑料头
1623,14:24:17,hit_1623_20260730_142417.csv,512,DEFECT,HIGH,0,21,109,214,500000,4619478,4619478,-4480839,694351.2,,695,-481,坏棒 总长 1002m 任意重度敲 塑料头
1624,14:24:18,hit_1624_20260730_142418.csv,512,DEFECT,HIGH,0,21,108,216,500000,4576197,3358936,-4576197,6407.6,,695,-479,坏棒 总长 1002m 任意重度敲 塑料头
1625,14:24:18,hit_1625_20260730_142418.csv,512,DEFECT,HIGH,0,39,108,402,500000,4401752,4240321,-4401752,338959.9,,695,-293,坏棒 总长 1002m 任意重度敲 塑料头
1626,14:24:18,hit_1626_20260730_142418.csv,512,DEFECT,HIGH,0,37,108,381,500000,4208439,3439059,-4208439,125940.3,,695,-314,坏棒 总长 1002m 任意重度敲 塑料头
1627,14:24:18,hit_1627_20260730_142418.csv,512,DEFECT,HIGH,0,21,108,216,500000,4663304,3979372,-4663304,325144.5,,695,-479,坏棒 总长 1002m 任意重度敲 塑料头
1628,14:24:18,hit_1628_20260730_142418.csv,512,DEFECT,HIGH,0,23,110,232,500000,4957065,3448776,-4957065,455.8,,695,-463,坏棒 总长 1002m 任意重度敲 塑料头
1629,14:24:19,hit_1629_20260730_142419.csv,512,DEFECT,HIGH,0,78,110,787,500000,4844206,4671431,-4844206,699353.6,,695,92,坏棒 总长 1002m 任意重度敲 塑料头
1630,14:24:19,hit_1630_20260730_142419.csv,512,DEFECT,HIGH,0,78,110,787,500000,4976043,4976043,-4480468,1084034.0,,695,92,坏棒 总长 1002m 任意重度敲 塑料头
1631,14:24:19,hit_1631_20260730_142419.csv,512,DEFECT,HIGH,0,79,111,790,500000,4845703,4368392,-4845703,586556.7,,695,95,坏棒 总长 1002m 任意重度敲 塑料头
1632,14:24:19,hit_1632_20260730_142419.csv,512,DEFECT,HIGH,0,79,110,797,500000,4993842,4993842,-4597793,1008314.2,,695,102,坏棒 总长 1002m 任意重度敲 塑料头
1633,14:24:19,hit_1633_20260730_142419.csv,512,DEFECT,HIGH,0,79,111,790,500000,4846120,4811057,-4846120,700108.7,,695,95,坏棒 总长 1002m 任意重度敲 塑料头
1634,14:24:20,hit_1634_20260730_142420.csv,512,DEFECT,HIGH,0,79,110,797,500000,4938802,4938802,-4565897,954944.9,,695,102,坏棒 总长 1002m 任意重度敲 塑料头
1635,14:24:20,hit_1635_20260730_142420.csv,512,DEFECT,HIGH,0,79,110,797,500000,4859213,4859213,-4632962,842226.7,,695,102,坏棒 总长 1002m 任意重度敲 塑料头
1636,14:24:20,hit_1636_20260730_142420.csv,512,DEFECT,HIGH,0,79,110,797,500000,5096616,5096616,-4546456,1016752.9,,695,102,坏棒 总长 1002m 任意重度敲 塑料头
1637,14:24:20,hit_1637_20260730_142420.csv,512,DEFECT,HIGH,0,79,110,797,500000,4866876,4866876,-4673179,860268.6,,695,102,坏棒 总长 1002m 任意重度敲 塑料头
1638,14:24:20,hit_1638_20260730_142420.csv,512,DEFECT,HIGH,0,80,111,800,500000,4949971,4949971,-4784168,846193.3,,695,105,坏棒 总长 1002m 任意重度敲 塑料头
1639,14:24:21,hit_1639_20260730_142421.csv,512,DEFECT,HIGH,0,80,112,792,500000,4887801,4887801,-4762163,824691.2,,695,97,坏棒 总长 1002m 任意重度敲 塑料头
1640,14:24:21,hit_1640_20260730_142421.csv,512,DEFECT,HIGH,0,80,112,792,500000,4980733,4745788,-4980733,616546.2,,695,97,坏棒 总长 1002m 任意重度敲 塑料头
1641,14:24:21,hit_1641_20260730_142421.csv,512,DEFECT,HIGH,0,81,112,801,500000,4923348,4768384,-4923348,561462.3,,695,106,坏棒 总长 1002m 任意重度敲 塑料头
1642,14:24:27,hit_1642_20260730_142427.csv,512,DEFECT,HIGH,0,83,112,821,500000,5799132,5799132,-3315572,1872827.0,,695,126,坏棒 总长 1002m 任意重度敲 塑料头
1643,14:24:40,hit_1643_20260730_142440.csv,512,DEFECT,HIGH,0,84,111,840,500000,4356510,4356510,-3625261,1029585.2,,695,145,坏棒 总长 1002m 任意重度敲 塑料头
1644,14:24:40,hit_1644_20260730_142440.csv,512,DEFECT,HIGH,0,78,110,676,500000,5226116,5226116,-3474514,1633495.5,,695,-19,坏棒 总长 1002m 任意重度敲 塑料头
1645,14:24:40,hit_1645_20260730_142440.csv,512,DEFECT,HIGH,0,78,109,683,500000,5568773,5568773,-3599719,1836096.4,,695,-12,坏棒 总长 1002m 任意重度敲 塑料头
1646,14:24:40,hit_1646_20260730_142440.csv,512,DEFECT,HIGH,0,78,109,683,500000,5955498,5955498,-2895709,2339561.8,,695,-12,坏棒 总长 1002m 任意重度敲 塑料头
1647,14:24:41,hit_1647_20260730_142441.csv,512,DEFECT,HIGH,0,78,110,676,500000,5408544,5408544,-3864103,1605809.2,,695,-19,坏棒 总长 1002m 任意重度敲 塑料头
1648,14:24:41,hit_1648_20260730_142441.csv,512,DEFECT,HIGH,0,82,112,811,500000,4908397,4908397,-4610934,803158.4,,695,116,坏棒 总长 1002m 任意重度敲 塑料头
1649,14:24:41,hit_1649_20260730_142441.csv,512,DEFECT,HIGH,0,82,111,820,500000,4921095,4921095,-4747640,631069.6,,695,125,坏棒 总长 1002m 任意重度敲 塑料头
1650,14:24:41,hit_1650_20260730_142441.csv,512,DEFECT,HIGH,0,83,112,821,500000,4830705,4830705,-4049789,544829.1,,695,126,坏棒 总长 1002m 任意重度敲 塑料头
1651,14:24:41,hit_1651_20260730_142441.csv,512,DEFECT,HIGH,0,83,112,821,500000,4861227,4861227,-3713478,588783.1,,695,126,坏棒 总长 1002m 任意重度敲 塑料头
1652,14:24:42,hit_1652_20260730_142442.csv,512,DEFECT,HIGH,0,83,113,813,500000,5006878,4549449,-5006878,244628.6,,695,118,坏棒 总长 1002m 任意重度敲 塑料头
1653,14:24:42,hit_1653_20260730_142442.csv,512,DEFECT,HIGH,0,82,111,820,500000,4971904,4971904,-4618419,878015.3,,695,125,坏棒 总长 1002m 任意重度敲 塑料头
1654,14:24:42,hit_1654_20260730_142442.csv,512,DEFECT,HIGH,0,82,111,820,500000,5175773,5175773,-4595631,1055323.6,,695,125,坏棒 总长 1002m 任意重度敲 塑料头
1655,14:24:42,hit_1655_20260730_142442.csv,512,DEFECT,HIGH,0,77,110,666,500000,5546257,5546257,-4170717,1522799.3,,695,-29,坏棒 总长 1002m 任意重度敲 塑料头
1656,14:24:42,hit_1656_20260730_142442.csv,512,DEFECT,HIGH,0,77,108,680,500000,5680122,5680122,-3862215,1851464.1,,695,-15,坏棒 总长 1002m 任意重度敲 塑料头
1657,14:24:43,hit_1657_20260730_142443.csv,512,DEFECT,HIGH,0,76,108,670,500000,5610443,5610443,-3949965,1846108.4,,695,-25,坏棒 总长 1002m 任意重度敲 塑料头
1658,14:24:43,hit_1658_20260730_142443.csv,512,DEFECT,HIGH,0,78,109,795,500000,5388839,5388839,-4380179,1306868.8,,695,100,坏棒 总长 1002m 任意重度敲 塑料头
1659,14:24:43,hit_1659_20260730_142443.csv,512,DEFECT,HIGH,0,75,109,653,500000,5535941,5535941,-4218256,1467202.5,,695,-42,坏棒 总长 1002m 任意重度敲 塑料头
1660,14:24:43,hit_1660_20260730_142443.csv,512,DEFECT,HIGH,0,76,108,670,500000,5777514,5777514,-3798010,1922532.0,,695,-25,坏棒 总长 1002m 任意重度敲 塑料头
1661,14:24:43,hit_1661_20260730_142443.csv,512,DEFECT,HIGH,0,77,109,673,500000,5486374,5486374,-4175215,1571868.6,,695,-22,坏棒 总长 1002m 任意重度敲 塑料头
1662,14:24:44,hit_1662_20260730_142444.csv,512,DEFECT,HIGH,0,77,109,673,500000,5644161,5644161,-4102591,1707164.4,,695,-22,坏棒 总长 1002m 任意重度敲 塑料头
1663,14:24:44,hit_1663_20260730_142444.csv,512,DEFECT,HIGH,0,76,108,670,500000,5536174,5536174,-3967686,1694270.2,,695,-25,坏棒 总长 1002m 任意重度敲 塑料头
1664,14:24:44,hit_1664_20260730_142444.csv,512,DEFECT,HIGH,0,80,110,808,500000,5323403,5323403,-4375211,1251324.6,,695,113,坏棒 总长 1002m 任意重度敲 塑料头
1665,14:24:44,hit_1665_20260730_142444.csv,512,DEFECT,HIGH,0,78,110,676,500000,5256485,5256485,-4179656,1397805.5,,695,-19,坏棒 总长 1002m 任意重度敲 塑料头
1666,14:24:45,hit_1666_20260730_142445.csv,512,DEFECT,HIGH,0,80,111,800,500000,4924494,4924494,-4797392,743564.7,,695,105,坏棒 总长 1002m 任意重度敲 塑料头
1667,14:24:45,hit_1667_20260730_142445.csv,512,DEFECT,HIGH,0,21,111,210,500000,5126006,5126006,-4513960,1082184.9,,695,-485,坏棒 总长 1002m 任意重度敲 塑料头
1668,14:24:45,hit_1668_20260730_142445.csv,512,DEFECT,HIGH,0,24,113,235,500000,5054078,4459075,-5054078,558039.5,,695,-460,坏棒 总长 1002m 任意重度敲 塑料头
1669,14:24:45,hit_1669_20260730_142445.csv,512,DEFECT,HIGH,0,43,109,438,500000,5177349,5177349,-4292095,1283527.8,,695,-257,坏棒 总长 1002m 任意重度敲 塑料头
1670,14:24:45,hit_1670_20260730_142445.csv,512,DEFECT,HIGH,0,22,111,220,500000,4725896,4725896,-4544010,856287.4,,695,-475,坏棒 总长 1002m 任意重度敲 塑料头
1671,14:24:46,hit_1671_20260730_142446.csv,512,DEFECT,HIGH,0,22,111,220,500000,5168988,5168988,-4671683,893601.1,,695,-475,坏棒 总长 1002m 任意重度敲 塑料头
1672,14:24:46,hit_1672_20260730_142446.csv,512,DEFECT,HIGH,0,21,110,212,500000,5096045,5096045,-4538962,1254263.6,,695,-483,坏棒 总长 1002m 任意重度敲 塑料头
1673,14:24:46,hit_1673_20260730_142446.csv,512,DEFECT,HIGH,0,79,110,797,500000,5256250,5256250,-4476303,1159693.4,,695,102,坏棒 总长 1002m 任意重度敲 塑料头
1674,14:24:46,hit_1674_20260730_142446.csv,512,DEFECT,HIGH,0,80,110,808,500000,5237165,5237165,-4416425,1090782.2,,695,113,坏棒 总长 1002m 任意重度敲 塑料头
1675,14:24:46,hit_1675_20260730_142446.csv,512,DEFECT,HIGH,0,80,110,808,500000,5296144,5296144,-4531376,979062.8,,695,113,坏棒 总长 1002m 任意重度敲 塑料头
1676,14:24:47,hit_1676_20260730_142447.csv,512,DEFECT,HIGH,0,74,108,649,500000,5472195,5472195,-4113589,1529742.8,,695,-46,坏棒 总长 1002m 任意重度敲 塑料头
1677,14:24:47,hit_1677_20260730_142447.csv,512,DEFECT,HIGH,0,78,109,795,500000,4462901,4460426,-4462901,808324.8,,695,100,坏棒 总长 1002m 任意重度敲 塑料头
1678,14:24:47,hit_1678_20260730_142447.csv,512,DEFECT,HIGH,0,79,111,790,500000,4698251,4698251,-4692754,651361.9,,695,95,坏棒 总长 1002m 任意重度敲 塑料头
1679,14:24:47,hit_1679_20260730_142447.csv,512,DEFECT,HIGH,0,35,110,353,500000,5060583,5060583,-4311012,1273470.4,,695,-342,坏棒 总长 1002m 任意重度敲 塑料头
1680,14:24:47,hit_1680_20260730_142447.csv,512,DEFECT,HIGH,0,24,111,240,500000,5120254,4577716,-5120254,453438.8,,695,-455,坏棒 总长 1002m 任意重度敲 塑料头
1681,14:24:48,hit_1681_20260730_142448.csv,512,DEFECT,HIGH,0,79,110,797,500000,4714499,4714499,-4694406,635917.6,,695,102,坏棒 总长 1002m 任意重度敲 塑料头
1682,14:24:48,hit_1682_20260730_142448.csv,512,DEFECT,HIGH,0,22,110,222,500000,4765796,4765796,-4590160,700508.0,,695,-473,坏棒 总长 1002m 任意重度敲 塑料头
1683,14:24:48,hit_1683_20260730_142448.csv,512,DEFECT,HIGH,0,27,116,257,500000,5335965,4625141,-5335965,602948.7,,695,-438,坏棒 总长 1002m 任意重度敲 塑料头
1684,14:24:48,hit_1684_20260730_142448.csv,512,DEFECT,HIGH,0,81,111,810,500000,5501820,5501820,-4425507,1371647.6,,695,115,坏棒 总长 1002m 任意重度敲 塑料头
1685,14:24:49,hit_1685_20260730_142449.csv,512,NORMAL,HIGH,0,0,109,0,500000,5576556,5576556,-3548007,1950175.7,,695,,坏棒 总长 1002m 任意重度敲 塑料头
1686,14:24:49,hit_1686_20260730_142449.csv,512,DEFECT,HIGH,0,78,110,676,500000,5412687,5412687,-4162260,1645226.5,,695,-19,坏棒 总长 1002m 任意重度敲 塑料头
1687,14:24:49,hit_1687_20260730_142449.csv,512,DEFECT,HIGH,0,80,110,808,500000,5505321,5505321,-4341301,1351078.6,,695,113,坏棒 总长 1002m 任意重度敲 塑料头
1688,14:24:49,hit_1688_20260730_142449.csv,512,DEFECT,HIGH,0,79,109,806,500000,5305906,5305906,-4279338,1232150.6,,695,111,坏棒 总长 1002m 任意重度敲 塑料头
1689,14:24:50,hit_1689_20260730_142450.csv,512,DEFECT,HIGH,0,24,112,237,500000,4180226,2864694,-4180226,-207637.8,,695,-458,坏棒 总长 1002m 任意重度敲 塑料头
1690,14:24:50,hit_1690_20260730_142450.csv,512,DEFECT,HIGH,0,34,109,346,500000,4715973,4715973,-4456524,887801.8,,695,-349,坏棒 总长 1002m 任意重度敲 塑料头
1691,14:24:50,hit_1691_20260730_142450.csv,512,DEFECT,HIGH,0,78,109,795,500000,4925828,4925828,-4445833,862551.0,,695,100,坏棒 总长 1002m 任意重度敲 塑料头
1692,14:24:50,hit_1692_20260730_142450.csv,512,DEFECT,HIGH,0,76,108,783,500000,5259884,5259884,-4238375,1082360.9,,695,88,坏棒 总长 1002m 任意重度敲 塑料头
1693,14:24:51,hit_1693_20260730_142451.csv,512,NORMAL,HIGH,0,0,112,0,500000,5777720,5777720,-2897368,1895779.5,,695,,坏棒 总长 1002m 任意重度敲 塑料头
1694,14:24:51,hit_1694_20260730_142451.csv,512,DEFECT,HIGH,0,41,108,422,500000,4419602,4409728,-4419602,497595.1,,695,-273,坏棒 总长 1002m 任意重度敲 塑料头
1695,14:24:51,hit_1695_20260730_142451.csv,512,DEFECT,HIGH,0,75,108,773,500000,5477025,5477025,-3890277,1059525.3,,695,78,坏棒 总长 1002m 任意重度敲 塑料头
1696,14:24:51,hit_1696_20260730_142451.csv,512,DEFECT,HIGH,0,73,108,752,500000,5189907,5189907,-3765595,1037827.7,,695,57,坏棒 总长 1002m 任意重度敲 塑料头
1697,14:24:52,hit_1697_20260730_142452.csv,512,DEFECT,HIGH,0,74,108,762,500000,4681063,4681063,-4043222,911098.5,,695,67,坏棒 总长 1002m 任意重度敲 塑料头
1698,14:24:52,hit_1698_20260730_142452.csv,512,DEFECT,HIGH,0,76,108,783,500000,5393459,5393459,-4018516,1275780.8,,695,88,坏棒 总长 1002m 任意重度敲 塑料头
1699,14:24:52,hit_1699_20260730_142452.csv,512,DEFECT,HIGH,0,78,109,795,500000,5583351,5583351,-4136234,1457152.2,,695,100,坏棒 总长 1002m 任意重度敲 塑料头
1700,14:24:52,hit_1700_20260730_142452.csv,512,DEFECT,HIGH,0,78,109,795,500000,5310854,5310854,-4347137,1024024.7,,695,100,坏棒 总长 1002m 任意重度敲 塑料头
1701,14:24:52,hit_1701_20260730_142452.csv,512,DEFECT,HIGH,0,21,110,212,500000,4762491,4163462,-4762491,421296.3,,695,-483,坏棒 总长 1002m 任意重度敲 塑料头
1702,14:24:52,hit_1702_20260730_142452.csv,512,DEFECT,HIGH,0,79,110,797,500000,5177630,5177630,-4556348,941105.5,,695,102,坏棒 总长 1002m 任意重度敲 塑料头
1703,14:24:53,hit_1703_20260730_142453.csv,512,DEFECT,HIGH,0,77,109,785,500000,5208867,5208867,-4329722,1028140.6,,695,90,坏棒 总长 1002m 任意重度敲 塑料头
1704,14:24:53,hit_1704_20260730_142453.csv,512,DEFECT,HIGH,0,78,109,795,500000,5302652,5302652,-4464478,1051639.7,,695,100,坏棒 总长 1002m 任意重度敲 塑料头
1705,14:24:53,hit_1705_20260730_142453.csv,512,DEFECT,HIGH,0,79,110,797,500000,5037846,5037846,-4937732,668085.5,,695,102,坏棒 总长 1002m 任意重度敲 塑料头
1706,14:24:53,hit_1706_20260730_142453.csv,512,DEFECT,HIGH,0,75,108,773,500000,5148335,5148335,-4095192,1024183.1,,695,78,坏棒 总长 1002m 任意重度敲 塑料头
1707,14:24:54,hit_1707_20260730_142454.csv,512,DEFECT,HIGH,0,75,108,773,500000,5028935,5028935,-3723546,1288470.8,,695,78,坏棒 总长 1002m 任意重度敲 塑料头
1708,14:24:54,hit_1708_20260730_142454.csv,512,DEFECT,HIGH,0,74,108,762,500000,5419402,5419402,-3915442,1096499.6,,695,67,坏棒 总长 1002m 任意重度敲 塑料头
1709,14:24:54,hit_1709_20260730_142454.csv,512,DEFECT,HIGH,0,22,108,226,500000,4800979,4636605,-4800979,494627.9,,695,-469,坏棒 总长 1002m 任意重度敲 塑料头
1710,14:24:54,hit_1710_20260730_142454.csv,512,DEFECT,HIGH,0,21,108,216,500000,4726664,4726664,-4492615,735379.5,,695,-479,坏棒 总长 1002m 任意重度敲 塑料头
1711,14:24:54,hit_1711_20260730_142454.csv,512,DEFECT,HIGH,0,23,110,232,500000,4819790,4372813,-4819790,560196.3,,695,-463,坏棒 总长 1002m 任意重度敲 塑料头
1712,14:24:55,hit_1712_20260730_142455.csv,512,DEFECT,HIGH,0,77,109,785,500000,4692866,4601846,-4692866,593253.3,,695,90,坏棒 总长 1002m 任意重度敲 塑料头
1713,14:24:55,hit_1713_20260730_142455.csv,512,DEFECT,HIGH,0,78,109,795,500000,4916334,4795254,-4916334,605317.1,,695,100,坏棒 总长 1002m 任意重度敲 塑料头
1714,14:24:55,hit_1714_20260730_142455.csv,512,DEFECT,HIGH,0,25,111,250,500000,5144435,4250166,-5144435,233617.5,,695,-445,坏棒 总长 1002m 任意重度敲 塑料头
1715,14:24:55,hit_1715_20260730_142455.csv,512,DEFECT,HIGH,0,24,110,242,500000,5002511,4570740,-5002511,417528.3,,695,-453,坏棒 总长 1002m 任意重度敲 塑料头
1716,14:24:55,hit_1716_20260730_142455.csv,512,DEFECT,HIGH,0,22,109,224,500000,4771413,4499939,-4771413,552248.3,,695,-471,坏棒 总长 1002m 任意重度敲 塑料头
1717,14:24:55,hit_1717_20260730_142455.csv,512,DEFECT,HIGH,0,23,110,232,500000,5023495,4342203,-5023495,382022.0,,695,-463,坏棒 总长 1002m 任意重度敲 塑料头
1718,14:24:56,hit_1718_20260730_142456.csv,512,DEFECT,HIGH,0,24,110,242,500000,5075715,4120048,-5075715,264211.4,,695,-453,坏棒 总长 1002m 任意重度敲 塑料头
1719,14:24:56,hit_1719_20260730_142456.csv,512,DEFECT,HIGH,0,24,110,242,500000,5130633,4801579,-5130633,488978.2,,695,-453,坏棒 总长 1002m 任意重度敲 塑料头
1720,14:24:56,hit_1720_20260730_142456.csv,512,DEFECT,HIGH,0,25,111,250,500000,5100888,4328231,-5100888,389018.0,,695,-445,坏棒 总长 1002m 任意重度敲 塑料头
1721,14:24:56,hit_1721_20260730_142456.csv,512,DEFECT,HIGH,0,25,111,250,500000,5129424,4109617,-5129424,236012.0,,695,-445,坏棒 总长 1002m 任意重度敲 塑料头
1722,14:24:56,hit_1722_20260730_142456.csv,512,DEFECT,HIGH,0,81,112,801,500000,5138332,5050639,-5138332,633677.3,,695,106,坏棒 总长 1002m 任意重度敲 塑料头
1723,14:24:57,hit_1723_20260730_142457.csv,512,DEFECT,HIGH,0,25,111,250,500000,5105719,4844976,-5105719,591704.7,,695,-445,坏棒 总长 1002m 任意重度敲 塑料头
1724,14:24:57,hit_1724_20260730_142457.csv,512,DEFECT,HIGH,0,79,110,797,500000,4956937,4752286,-4956937,535922.6,,695,102,坏棒 总长 1002m 任意重度敲 塑料头
1725,14:24:57,hit_1725_20260730_142457.csv,512,DEFECT,HIGH,0,25,111,250,500000,5264834,4649452,-5264834,359685.9,,695,-445,坏棒 总长 1002m 任意重度敲 塑料头
1726,14:24:57,hit_1726_20260730_142457.csv,512,DEFECT,HIGH,0,24,111,240,500000,4903925,4481812,-4903925,405617.1,,695,-455,坏棒 总长 1002m 任意重度敲 塑料头
1727,14:24:57,hit_1727_20260730_142457.csv,512,DEFECT,HIGH,0,26,112,257,500000,5277859,3649280,-5277859,-20986.5,,695,-438,坏棒 总长 1002m 任意重度敲 塑料头
1728,14:24:58,hit_1728_20260730_142458.csv,512,DEFECT,HIGH,0,78,110,787,500000,5011222,4959489,-5011222,561229.8,,695,92,坏棒 总长 1002m 任意重度敲 塑料头
1729,14:24:58,hit_1729_20260730_142458.csv,512,DEFECT,HIGH,0,25,111,250,500000,5217849,4129448,-5217849,160755.6,,695,-445,坏棒 总长 1002m 任意重度敲 塑料头
1730,14:24:58,hit_1730_20260730_142458.csv,512,DEFECT,HIGH,0,76,108,783,500000,4769914,4769914,-4649518,561628.5,,695,88,坏棒 总长 1002m 任意重度敲 塑料头
1731,14:24:58,hit_1731_20260730_142458.csv,512,DEFECT,HIGH,0,25,111,250,500000,5294853,4444492,-5294853,212980.2,,695,-445,坏棒 总长 1002m 任意重度敲 塑料头
1732,14:24:58,hit_1732_20260730_142458.csv,512,DEFECT,HIGH,0,25,111,250,500000,5149857,4894781,-5149857,473802.2,,695,-445,坏棒 总长 1002m 任意重度敲 塑料头
1733,14:24:59,hit_1733_20260730_142459.csv,512,DEFECT,HIGH,0,76,108,783,500000,5126669,5126669,-4539029,711328.5,,695,88,坏棒 总长 1002m 任意重度敲 塑料头
1734,14:24:59,hit_1734_20260730_142459.csv,512,DEFECT,HIGH,0,80,110,808,500000,5452517,5452517,-4916955,836500.6,,695,113,坏棒 总长 1002m 任意重度敲 塑料头
1735,14:24:59,hit_1735_20260730_142459.csv,512,DEFECT,HIGH,0,79,110,797,500000,5247757,5247757,-5009514,657744.5,,695,102,坏棒 总长 1002m 任意重度敲 塑料头
1736,14:24:59,hit_1736_20260730_142459.csv,512,DEFECT,HIGH,0,24,109,244,500000,5041120,4913510,-5041120,486440.4,,695,-451,坏棒 总长 1002m 任意重度敲 塑料头
1737,14:25:00,hit_1737_20260730_142500.csv,512,DEFECT,HIGH,0,25,111,250,500000,5182935,4251279,-5182935,252893.5,,695,-445,坏棒 总长 1002m 任意重度敲 塑料头
1738,14:25:00,hit_1738_20260730_142500.csv,512,DEFECT,HIGH,0,25,110,252,500000,5223130,3921359,-5223130,78423.2,,695,-443,坏棒 总长 1002m 任意重度敲 塑料头
1739,14:25:00,hit_1739_20260730_142500.csv,512,DEFECT,HIGH,0,21,108,216,500000,4519295,4298390,-4519295,520769.1,,695,-479,坏棒 总长 1002m 任意重度敲 塑料头
1740,14:25:00,hit_1740_20260730_142500.csv,512,DEFECT,HIGH,0,23,109,234,500000,4955358,4767515,-4955358,413541.8,,695,-461,坏棒 总长 1002m 任意重度敲 塑料头
1741,14:25:00,hit_1741_20260730_142500.csv,512,DEFECT,HIGH,0,23,110,232,500000,4981442,4981442,-4852009,752761.5,,695,-463,坏棒 总长 1002m 任意重度敲 塑料头
1742,14:25:00,hit_1742_20260730_142500.csv,512,DEFECT,HIGH,0,79,110,797,500000,4748469,4748469,-3747156,966387.7,,695,102,坏棒 总长 1002m 任意重度敲 塑料头
1743,14:25:01,hit_1743_20260730_142501.csv,512,DEFECT,HIGH,0,77,110,666,500000,5305546,5305546,-3758869,1417296.1,,695,-29,坏棒 总长 1002m 任意重度敲 塑料头
1744,14:25:01,hit_1744_20260730_142501.csv,512,DEFECT,HIGH,0,82,111,820,500000,5223849,5223849,-4884742,1004570.7,,695,125,坏棒 总长 1002m 任意重度敲 塑料头
1745,14:25:01,hit_1745_20260730_142501.csv,512,DEFECT,HIGH,0,81,110,818,500000,5418334,5418334,-4563097,1183595.2,,695,123,坏棒 总长 1002m 任意重度敲 塑料头
1746,14:25:01,hit_1746_20260730_142501.csv,512,DEFECT,HIGH,0,23,111,230,500000,4986072,4382393,-4986072,366912.0,,695,-465,坏棒 总长 1002m 任意重度敲 塑料头
1747,14:25:02,hit_1747_20260730_142502.csv,512,DEFECT,HIGH,0,86,111,860,500000,5149685,5149685,-3989813,1257708.3,,695,165,坏棒 总长 1002m 任意重度敲 塑料头
1748,14:25:02,hit_1748_20260730_142502.csv,512,DEFECT,HIGH,0,82,112,811,500000,4802155,4802155,-4121870,926744.5,,695,116,坏棒 总长 1002m 任意重度敲 塑料头
1749,14:25:02,hit_1749_20260730_142502.csv,512,DEFECT,HIGH,0,81,111,810,500000,4664177,4664177,-4389963,800670.9,,695,115,坏棒 总长 1002m 任意重度敲 塑料头
1750,14:25:02,hit_1750_20260730_142502.csv,512,DEFECT,HIGH,0,79,109,806,500000,5071436,5071436,-4205507,1263131.8,,695,111,坏棒 总长 1002m 任意重度敲 塑料头
1751,14:25:02,hit_1751_20260730_142502.csv,512,DEFECT,HIGH,0,87,113,852,500000,5228762,5228762,-4210786,1397790.1,,695,157,坏棒 总长 1002m 任意重度敲 塑料头
1752,14:25:02,hit_1752_20260730_142502.csv,512,NORMAL,HIGH,0,0,108,0,500000,6022978,6022978,-2990154,2327491.4,,695,,坏棒 总长 1002m 任意重度敲 塑料头
1753,14:25:03,hit_1753_20260730_142503.csv,512,NORMAL,HIGH,0,0,116,0,500000,5909004,5909004,-2804628,2553066.8,,695,,坏棒 总长 1002m 任意重度敲 塑料头
1754,14:25:03,hit_1754_20260730_142503.csv,512,DEFECT,HIGH,0,77,109,673,500000,5465336,5465336,-2875191,1853656.3,,695,-22,坏棒 总长 1002m 任意重度敲 塑料头
1755,14:25:03,hit_1755_20260730_142503.csv,512,DEFECT,HIGH,0,78,109,683,500000,5785907,5785907,-3285209,2086689.5,,695,-12,坏棒 总长 1002m 任意重度敲 塑料头
1756,14:25:03,hit_1756_20260730_142503.csv,512,NORMAL,HIGH,0,0,108,0,500000,5772164,5772164,-3349538,2185079.7,,695,,坏棒 总长 1002m 任意重度敲 塑料头
1757,14:25:04,hit_1757_20260730_142504.csv,512,DEFECT,HIGH,0,77,108,680,500000,5702942,5702942,-2995580,2142736.1,,695,-15,坏棒 总长 1002m 任意重度敲 塑料头
1758,14:25:04,hit_1758_20260730_142504.csv,512,DEFECT,HIGH,0,78,109,683,500000,5601348,5601348,-3391350,1979942.6,,695,-12,坏棒 总长 1002m 任意重度敲 塑料头
1759,14:25:04,hit_1759_20260730_142504.csv,512,DEFECT,HIGH,0,77,109,673,500000,5559197,5559197,-3047740,1988499.7,,695,-22,坏棒 总长 1002m 任意重度敲 塑料头
1760,14:25:04,hit_1760_20260730_142504.csv,512,DEFECT,HIGH,0,25,115,240,500000,5013682,4132642,-5013682,318975.4,,695,-455,坏棒 总长 1002m 任意重度敲 塑料头
1761,14:25:04,hit_1761_20260730_142504.csv,512,DEFECT,HIGH,0,76,109,663,500000,4832998,4832998,-3205565,1458971.9,,695,-32,坏棒 总长 1002m 任意重度敲 塑料头
1762,14:25:05,hit_1762_20260730_142505.csv,512,DEFECT,HIGH,0,76,108,670,500000,5252005,5252005,-3324088,1691497.7,,695,-25,坏棒 总长 1002m 任意重度敲 塑料头
1763,14:25:05,hit_1763_20260730_142505.csv,512,DEFECT,HIGH,0,80,110,808,500000,4693868,4693868,-4221969,935696.4,,695,113,坏棒 总长 1002m 任意重度敲 塑料头
1764,14:25:05,hit_1764_20260730_142505.csv,512,DEFECT,HIGH,0,76,108,670,500000,4954232,4954232,-3722576,1481782.9,,695,-25,坏棒 总长 1002m 任意重度敲 塑料头
1765,14:25:05,hit_1765_20260730_142505.csv,512,DEFECT,HIGH,0,76,108,670,500000,5333793,5333793,-3944368,1589542.5,,695,-25,坏棒 总长 1002m 任意重度敲 塑料头
1766,14:25:06,hit_1766_20260730_142506.csv,512,DEFECT,HIGH,0,76,108,670,500000,4944146,4944146,-3477100,1500316.3,,695,-25,坏棒 总长 1002m 任意重度敲 塑料头
1767,14:25:06,hit_1767_20260730_142506.csv,512,DEFECT,HIGH,0,77,108,680,500000,5587010,5587010,-3413873,1888359.0,,695,-15,坏棒 总长 1002m 任意重度敲 塑料头
1768,14:25:06,hit_1768_20260730_142506.csv,512,DEFECT,HIGH,0,76,108,670,500000,5392890,5392890,-3597655,1788518.0,,695,-25,坏棒 总长 1002m 任意重度敲 塑料头
1769,14:25:06,hit_1769_20260730_142506.csv,512,DEFECT,HIGH,0,76,109,663,500000,4964778,4964778,-3644582,1405730.3,,695,-32,坏棒 总长 1002m 任意重度敲 塑料头
1770,14:25:06,hit_1770_20260730_142506.csv,512,DEFECT,HIGH,0,34,112,336,500000,3980442,3843338,-3980442,666593.3,,695,-359,坏棒 总长 1002m 任意重度敲 塑料头
1771,14:25:07,hit_1771_20260730_142507.csv,512,DEFECT,HIGH,0,76,109,663,500000,4899013,4899013,-3516848,1391642.9,,695,-32,坏棒 总长 1002m 任意重度敲 塑料头
1772,14:25:07,hit_1772_20260730_142507.csv,512,DEFECT,HIGH,0,76,109,663,500000,5046689,5046689,-3562797,1483904.8,,695,-32,坏棒 总长 1002m 任意重度敲 塑料头
1773,14:25:07,hit_1773_20260730_142507.csv,512,DEFECT,HIGH,0,80,111,800,500000,4417887,4417887,-4251258,726330.6,,695,105,坏棒 总长 1002m 任意重度敲 塑料头
1774,14:25:07,hit_1774_20260730_142507.csv,512,DEFECT,HIGH,0,22,111,220,500000,4830651,4632719,-4830651,727141.9,,695,-475,坏棒 总长 1002m 任意重度敲 塑料头
1775,14:25:08,hit_1775_20260730_142508.csv,512,DEFECT,HIGH,0,76,109,663,500000,5020997,5020997,-3644041,1450206.6,,695,-32,坏棒 总长 1002m 任意重度敲 塑料头
1776,14:25:08,hit_1776_20260730_142508.csv,512,DEFECT,HIGH,0,78,110,676,500000,4492736,4492736,-4046517,1177943.1,,695,-19,坏棒 总长 1002m 任意重度敲 塑料头
1777,14:25:08,hit_1777_20260730_142508.csv,512,DEFECT,HIGH,0,77,109,673,500000,4993853,4993853,-3588108,1594804.1,,695,-22,坏棒 总长 1002m 任意重度敲 塑料头
1778,14:25:08,hit_1778_20260730_142508.csv,512,DEFECT,HIGH,0,77,110,666,500000,4603969,4603969,-3780320,1308159.3,,695,-29,坏棒 总长 1002m 任意重度敲 塑料头
1779,14:25:09,hit_1779_20260730_142509.csv,512,DEFECT,HIGH,0,76,108,670,500000,5230026,5230026,-3955290,1535469.6,,695,-25,坏棒 总长 1002m 任意重度敲 塑料头
1780,14:25:09,hit_1780_20260730_142509.csv,512,DEFECT,HIGH,0,79,110,797,500000,4709148,4709148,-4310917,1073270.3,,695,102,坏棒 总长 1002m 任意重度敲 塑料头
1781,14:25:10,hit_1781_20260730_142510.csv,512,DEFECT,HIGH,0,79,110,797,500000,4370013,4332667,-4370013,749636.7,,695,102,坏棒 总长 1002m 任意重度敲 塑料头
1782,14:25:10,hit_1782_20260730_142510.csv,512,DEFECT,HIGH,0,22,112,217,500000,4895012,3846027,-4895012,373572.1,,695,-478,坏棒 总长 1002m 任意重度敲 塑料头
1783,14:25:11,hit_1783_20260730_142511.csv,512,DEFECT,HIGH,0,23,113,225,500000,4870106,3828594,-4870106,277349.3,,695,-470,坏棒 总长 1002m 任意重度敲 塑料头
1784,14:25:12,hit_1784_20260730_142512.csv,512,DEFECT,HIGH,0,25,114,242,500000,4707187,3189844,-4707187,-231232.6,,695,-453,坏棒 总长 1002m 任意重度敲 塑料头
1785,14:25:12,hit_1785_20260730_142512.csv,512,DEFECT,HIGH,0,25,114,242,500000,4873305,3408935,-4873305,-85593.2,,695,-453,坏棒 总长 1002m 任意重度敲 塑料头
1786,14:25:12,hit_1786_20260730_142512.csv,512,DEFECT,HIGH,0,24,113,235,500000,5111848,4365609,-5111848,452697.8,,695,-460,坏棒 总长 1002m 任意重度敲 塑料头
1787,14:25:30,hit_1787_20260730_142530.csv,512,DEFECT,HIGH,0,37,112,366,500000,4048941,3507392,-4048941,247892.2,,695,-329,坏棒 总长 1002m 任意重度敲 塑料头
1788,14:25:30,hit_1788_20260730_142530.csv,512,DEFECT,HIGH,0,35,112,346,500000,4272235,3922916,-4272235,408210.2,,695,-349,坏棒 总长 1002m 任意重度敲 塑料头
1789,14:25:30,hit_1789_20260730_142530.csv,512,NORMAL,HIGH,0,0,117,0,500000,5317590,5317590,-2761331,1872876.8,,695,,坏棒 总长 1002m 任意重度敲 塑料头
1790,14:25:30,hit_1790_20260730_142530.csv,512,DEFECT,HIGH,0,37,110,373,500000,4501221,4279313,-4501221,567161.8,,695,-322,坏棒 总长 1002m 任意重度敲 塑料头
1791,14:25:31,hit_1791_20260730_142531.csv,512,DEFECT,HIGH,0,23,112,227,500000,4909594,4102617,-4909594,248014.8,,695,-468,坏棒 总长 1002m 任意重度敲 塑料头
1792,14:25:31,hit_1792_20260730_142531.csv,512,DEFECT,HIGH,0,24,112,237,500000,4864006,4132275,-4864006,258886.8,,695,-458,坏棒 总长 1002m 任意重度敲 塑料头
1793,14:25:31,hit_1793_20260730_142531.csv,512,DEFECT,HIGH,0,82,111,820,500000,4781120,4781120,-4196364,844405.4,,695,125,坏棒 总长 1002m 任意重度敲 塑料头
1794,14:25:31,hit_1794_20260730_142531.csv,512,DEFECT,HIGH,0,80,110,808,500000,4970633,4970633,-3652787,1282409.7,,695,113,坏棒 总长 1002m 任意重度敲 塑料头
1795,14:25:31,hit_1795_20260730_142531.csv,512,DEFECT,HIGH,0,22,111,220,500000,4838412,4130417,-4838412,350223.3,,695,-475,坏棒 总长 1002m 任意重度敲 塑料头
1796,14:25:31,hit_1796_20260730_142531.csv,512,DEFECT,HIGH,0,25,113,245,500000,5147996,3631800,-5147996,-53784.3,,695,-450,坏棒 总长 1002m 任意重度敲 塑料头
1797,14:25:32,hit_1797_20260730_142532.csv,512,DEFECT,HIGH,0,23,112,227,500000,4846229,4131377,-4846229,172272.3,,695,-468,坏棒 总长 1002m 任意重度敲 塑料头
1798,14:25:32,hit_1798_20260730_142532.csv,512,DEFECT,HIGH,0,24,112,237,500000,4978343,4068996,-4978343,144985.6,,695,-458,坏棒 总长 1002m 任意重度敲 塑料头
1799,14:25:32,hit_1799_20260730_142532.csv,512,DEFECT,HIGH,0,24,112,237,500000,4886586,4341942,-4886586,295490.0,,695,-458,坏棒 总长 1002m 任意重度敲 塑料头
1800,14:25:33,hit_1800_20260730_142533.csv,512,DEFECT,HIGH,0,82,112,811,500000,4574022,4447399,-4574022,429532.1,,695,116,坏棒 总长 1002m 任意重度敲 塑料头
1801,14:25:33,hit_1801_20260730_142533.csv,512,DEFECT,HIGH,0,23,111,230,500000,4898352,4428488,-4898352,404022.7,,695,-465,坏棒 总长 1002m 任意重度敲 塑料头
1802,14:25:33,hit_1802_20260730_142533.csv,512,DEFECT,HIGH,0,23,112,227,500000,4919640,4173209,-4919640,300792.6,,695,-468,坏棒 总长 1002m 任意重度敲 塑料头
1803,14:25:33,hit_1803_20260730_142533.csv,512,DEFECT,HIGH,0,78,119,614,500000,5170973,5170973,-2613260,1472772.1,,695,-81,坏棒 总长 1002m 任意重度敲 塑料头
1804,14:25:33,hit_1804_20260730_142533.csv,512,DEFECT,HIGH,0,78,118,609,500000,5279391,5279391,-2450962,1717851.5,,695,-86,坏棒 总长 1002m 任意重度敲 塑料头
1805,14:25:33,hit_1805_20260730_142533.csv,512,DEFECT,HIGH,0,79,110,686,500000,5895956,5895956,-2974459,2086266.2,,695,-9,坏棒 总长 1002m 任意重度敲 塑料头
1806,14:25:33,hit_1806_20260730_142533.csv,512,NORMAL,HIGH,0,0,119,0,500000,5797300,5797300,-2931834,2072825.0,,695,,坏棒 总长 1002m 任意重度敲 塑料头
1807,14:25:34,hit_1807_20260730_142534.csv,512,DEFECT,HIGH,0,81,111,810,500000,4393390,4393390,-3385047,768259.4,,695,115,坏棒 总长 1002m 任意重度敲 塑料头
1808,14:25:34,hit_1808_20260730_142534.csv,512,DEFECT,HIGH,0,81,112,801,500000,4851092,4331869,-4851092,349058.3,,695,106,坏棒 总长 1002m 任意重度敲 塑料头
1809,14:25:34,hit_1809_20260730_142534.csv,512,DEFECT,HIGH,0,77,110,666,500000,4918423,4918423,-3763753,1094494.9,,695,-29,坏棒 总长 1002m 任意重度敲 塑料头
1810,14:25:34,hit_1810_20260730_142534.csv,512,DEFECT,HIGH,0,81,111,810,500000,4801240,4801240,-3638897,938296.1,,695,115,坏棒 总长 1002m 任意重度敲 塑料头
1811,14:25:34,hit_1811_20260730_142534.csv,512,DEFECT,HIGH,0,78,110,676,500000,5089939,5089939,-2647769,1450597.7,,695,-19,坏棒 总长 1002m 任意重度敲 塑料头
1812,14:25:35,hit_1812_20260730_142535.csv,512,DEFECT,HIGH,0,23,113,225,500000,4962735,4072646,-4962735,296894.9,,695,-470,坏棒 总长 1002m 任意重度敲 塑料头
1813,14:25:35,hit_1813_20260730_142535.csv,512,DEFECT,HIGH,0,81,111,810,500000,4793487,4793487,-4507456,939986.3,,695,115,坏棒 总长 1002m 任意重度敲 塑料头
1814,14:25:35,hit_1814_20260730_142535.csv,512,DEFECT,HIGH,0,77,109,673,500000,5516684,5516684,-2982437,1819612.4,,695,-22,坏棒 总长 1002m 任意重度敲 塑料头
1815,14:25:35,hit_1815_20260730_142535.csv,512,DEFECT,HIGH,0,81,111,810,500000,4568856,4477772,-4568856,430941.0,,695,115,坏棒 总长 1002m 任意重度敲 塑料头
1816,14:25:35,hit_1816_20260730_142535.csv,512,DEFECT,HIGH,0,81,112,801,500000,4746560,4417968,-4746560,448084.0,,695,106,坏棒 总长 1002m 任意重度敲 塑料头
1817,14:25:36,hit_1817_20260730_142536.csv,512,DEFECT,HIGH,0,81,110,818,500000,4765832,4765832,-4655987,717293.7,,695,123,坏棒 总长 1002m 任意重度敲 塑料头
1818,14:25:36,hit_1818_20260730_142536.csv,512,DEFECT,HIGH,0,80,110,808,500000,4855388,4855388,-4524931,860703.0,,695,113,坏棒 总长 1002m 任意重度敲 塑料头
1819,14:25:36,hit_1819_20260730_142536.csv,512,NORMAL,HIGH,0,0,118,0,500000,5227635,5227635,-2578092,1749055.6,,695,,坏棒 总长 1002m 任意重度敲 塑料头
1820,14:25:36,hit_1820_20260730_142536.csv,512,DEFECT,HIGH,0,78,110,676,500000,5344470,5344470,-4019622,1577995.5,,695,-19,坏棒 总长 1002m 任意重度敲 塑料头
1821,14:25:36,hit_1821_20260730_142536.csv,512,DEFECT,HIGH,0,82,112,811,500000,4811837,4704375,-4811837,713170.7,,695,116,坏棒 总长 1002m 任意重度敲 塑料头
1822,14:25:37,hit_1822_20260730_142537.csv,512,DEFECT,HIGH,0,81,112,801,500000,4860687,4463941,-4860687,601526.6,,695,106,坏棒 总长 1002m 任意重度敲 塑料头
1823,14:25:37,hit_1823_20260730_142537.csv,512,DEFECT,HIGH,0,34,109,346,500000,4777324,4777324,-4269013,941378.8,,695,-349,坏棒 总长 1002m 任意重度敲 塑料头
1824,14:25:37,hit_1824_20260730_142537.csv,512,DEFECT,HIGH,0,79,110,797,500000,5118933,5118933,-4282144,1166913.4,,695,102,坏棒 总长 1002m 任意重度敲 塑料头
1825,14:25:37,hit_1825_20260730_142537.csv,512,DEFECT,HIGH,0,76,109,663,500000,4843644,4843644,-3967067,1200738.6,,695,-32,坏棒 总长 1002m 任意重度敲 塑料头
1826,14:25:37,hit_1826_20260730_142537.csv,512,DEFECT,HIGH,0,80,110,808,500000,4946190,4946190,-4416042,984804.5,,695,113,坏棒 总长 1002m 任意重度敲 塑料头
1827,14:25:38,hit_1827_20260730_142538.csv,512,DEFECT,HIGH,0,80,111,800,500000,4889355,4636081,-4889355,507824.5,,695,105,坏棒 总长 1002m 任意重度敲 塑料头
1828,14:25:38,hit_1828_20260730_142538.csv,512,DEFECT,HIGH,0,81,111,810,500000,5023722,5023722,-4753909,817565.1,,695,115,坏棒 总长 1002m 任意重度敲 塑料头
1829,14:25:38,hit_1829_20260730_142538.csv,512,DEFECT,HIGH,0,76,109,663,500000,5150654,5150654,-4117214,1372115.2,,695,-32,坏棒 总长 1002m 任意重度敲 塑料头
1830,14:25:38,hit_1830_20260730_142538.csv,512,DEFECT,HIGH,0,81,112,693,500000,5400189,5400189,-4162538,1770025.4,,695,-2,坏棒 总长 1002m 任意重度敲 塑料头
1831,14:25:38,hit_1831_20260730_142538.csv,512,DEFECT,HIGH,0,24,113,235,500000,5023267,4143593,-5023267,328467.4,,695,-460,坏棒 总长 1002m 任意重度敲 塑料头
1832,14:25:39,hit_1832_20260730_142539.csv,512,NORMAL,HIGH,0,0,110,0,500000,5201852,5201852,-3099168,1699307.7,,695,,坏棒 总长 1002m 任意重度敲 塑料头
1833,14:25:39,hit_1833_20260730_142539.csv,512,DEFECT,HIGH,0,82,111,820,500000,4747574,4747574,-4686589,664282.1,,695,125,坏棒 总长 1002m 任意重度敲 塑料头
1834,14:25:39,hit_1834_20260730_142539.csv,512,DEFECT,HIGH,0,81,110,818,500000,4651775,4651775,-4038470,760220.9,,695,123,坏棒 总长 1002m 任意重度敲 塑料头
1835,14:25:39,hit_1835_20260730_142539.csv,512,DEFECT,HIGH,0,82,111,820,500000,4771332,4771332,-4294718,784026.5,,695,125,坏棒 总长 1002m 任意重度敲 塑料头
1836,14:25:39,hit_1836_20260730_142539.csv,512,DEFECT,HIGH,0,23,111,230,500000,4784520,4195486,-4784520,161928.3,,695,-465,坏棒 总长 1002m 任意重度敲 塑料头
1837,14:25:40,hit_1837_20260730_142540.csv,512,DEFECT,HIGH,0,81,111,810,500000,4657556,4435645,-4657556,400734.5,,695,115,坏棒 总长 1002m 任意重度敲 塑料头
1838,14:25:40,hit_1838_20260730_142540.csv,512,DEFECT,HIGH,0,29,114,281,500000,5750511,4373964,-5750511,-102763.5,,695,-414,坏棒 总长 1002m 任意重度敲 塑料头
1839,14:25:40,hit_1839_20260730_142540.csv,512,DEFECT,HIGH,0,30,116,285,500000,5899888,4317882,-5899888,-148231.2,,695,-410,坏棒 总长 1002m 任意重度敲 塑料头
1840,14:25:40,hit_1840_20260730_142540.csv,512,DEFECT,HIGH,0,26,113,254,500000,5288413,4267873,-5288413,185510.2,,695,-441,坏棒 总长 1002m 任意重度敲 塑料头
1841,14:25:40,hit_1841_20260730_142540.csv,512,DEFECT,HIGH,0,81,113,686,500000,5451045,5451045,-4364051,1615836.2,,695,-9,坏棒 总长 1002m 任意重度敲 塑料头
1842,14:25:41,hit_1842_20260730_142541.csv,512,NORMAL,HIGH,0,0,116,0,500000,6070390,6070390,-2566707,2571676.0,,695,,坏棒 总长 1002m 任意重度敲 塑料头
1843,14:25:41,hit_1843_20260730_142541.csv,512,DEFECT,HIGH,0,28,115,269,500000,5583399,4515513,-5583399,177952.5,,695,-426,坏棒 总长 1002m 任意重度敲 塑料头
1844,14:25:41,hit_1844_20260730_142541.csv,512,DEFECT,HIGH,0,30,118,280,500000,5703890,4462782,-5703890,171912.6,,695,-415,坏棒 总长 1002m 任意重度敲 塑料头
1845,14:25:41,hit_1845_20260730_142541.csv,512,NORMAL,HIGH,0,0,111,0,500000,5581812,5581812,-3896436,1786925.1,,695,,坏棒 总长 1002m 任意重度敲 塑料头
1846,14:25:41,hit_1846_20260730_142541.csv,512,DEFECT,HIGH,0,25,114,242,500000,4956353,4715539,-4956353,656130.6,,695,-453,坏棒 总长 1002m 任意重度敲 塑料头
1847,14:25:42,hit_1847_20260730_142542.csv,512,NORMAL,HIGH,0,0,108,0,500000,5912814,5912814,-3095199,2396864.3,,695,,坏棒 总长 1002m 任意重度敲 塑料头
1848,14:25:42,hit_1848_20260730_142542.csv,512,DEFECT,HIGH,0,29,115,278,500000,5739149,4191862,-5739149,-120057.1,,695,-417,坏棒 总长 1002m 任意重度敲 塑料头
1849,14:25:42,hit_1849_20260730_142542.csv,512,DEFECT,HIGH,0,29,120,266,500000,5635487,4582514,-5635487,517283.1,,695,-429,坏棒 总长 1002m 任意重度敲 塑料头
1850,14:25:42,hit_1850_20260730_142542.csv,512,DEFECT,HIGH,0,77,110,666,500000,5134907,5134907,-3664235,1464513.3,,695,-29,坏棒 总长 1002m 任意重度敲 塑料头
1851,14:25:42,hit_1851_20260730_142542.csv,512,DEFECT,HIGH,0,81,111,810,500000,4638450,4425178,-4638450,473259.8,,695,115,坏棒 总长 1002m 任意重度敲 塑料头
1852,14:25:43,hit_1852_20260730_142543.csv,512,NORMAL,HIGH,0,0,116,0,500000,5730965,5730965,-2544823,2252332.3,,695,,坏棒 总长 1002m 任意重度敲 塑料头
1853,14:25:43,hit_1853_20260730_142543.csv,512,DEFECT,HIGH,0,77,109,673,500000,5617216,5617216,-3254831,1957625.6,,695,-22,坏棒 总长 1002m 任意重度敲 塑料头
1854,14:25:43,hit_1854_20260730_142543.csv,512,DEFECT,HIGH,0,78,110,676,500000,5139029,5139029,-3658262,1542981.6,,695,-19,坏棒 总长 1002m 任意重度敲 塑料头
1855,14:25:43,hit_1855_20260730_142543.csv,512,DEFECT,HIGH,0,77,109,673,500000,5278339,5278339,-3289989,1630582.3,,695,-22,坏棒 总长 1002m 任意重度敲 塑料头
1856,14:25:44,hit_1856_20260730_142544.csv,512,DEFECT,HIGH,0,81,111,810,500000,4806237,4806237,-4719409,749971.8,,695,115,坏棒 总长 1002m 任意重度敲 塑料头
1857,14:25:44,hit_1857_20260730_142544.csv,512,DEFECT,HIGH,0,76,110,656,500000,4778412,4778412,-3525673,984832.2,,695,-39,坏棒 总长 1002m 任意重度敲 塑料头
1858,14:25:44,hit_1858_20260730_142544.csv,512,DEFECT,HIGH,0,77,110,666,500000,4923636,4923636,-4286353,1107682.3,,695,-29,坏棒 总长 1002m 任意重度敲 塑料头
1859,14:25:44,hit_1859_20260730_142544.csv,512,DEFECT,HIGH,0,82,112,811,500000,4904572,4344223,-4904572,323738.5,,695,116,坏棒 总长 1002m 任意重度敲 塑料头
1860,14:25:44,hit_1860_20260730_142544.csv,512,DEFECT,HIGH,0,83,112,821,500000,4970783,4970783,-4187353,893706.8,,695,126,坏棒 总长 1002m 任意重度敲 塑料头
1861,14:25:44,hit_1861_20260730_142544.csv,512,DEFECT,HIGH,0,82,111,820,500000,5073715,5073715,-3851187,1064122.3,,695,125,坏棒 总长 1002m 任意重度敲 塑料头
1862,14:25:45,hit_1862_20260730_142545.csv,512,NORMAL,HIGH,0,0,110,0,500000,5785988,5785988,-3429278,2136527.8,,695,,坏棒 总长 1002m 任意重度敲 塑料头
1863,14:25:45,hit_1863_20260730_142545.csv,512,DEFECT,HIGH,0,82,112,811,500000,4802709,4768730,-4802709,728257.7,,695,116,坏棒 总长 1002m 任意重度敲 塑料头
1864,14:25:45,hit_1864_20260730_142545.csv,512,DEFECT,HIGH,0,37,113,362,500000,4032424,3804628,-4032424,601188.5,,695,-333,坏棒 总长 1002m 任意重度敲 塑料头
1865,14:25:45,hit_1865_20260730_142545.csv,512,DEFECT,HIGH,0,77,109,673,500000,5039457,5039457,-4042259,1420736.8,,695,-22,坏棒 总长 1002m 任意重度敲 塑料头
1866,14:25:45,hit_1866_20260730_142545.csv,512,DEFECT,HIGH,0,80,111,800,500000,4929848,3962443,-4929848,362739.1,,695,105,坏棒 总长 1002m 任意重度敲 塑料头
1867,14:25:55,hit_1867_20260730_142555.csv,512,DEFECT,HIGH,0,22,115,211,500000,4114568,3090219,-4114568,-180987.6,,695,-484,坏棒 总长 1002m 任意重度敲 塑料头
1868,14:25:56,hit_1868_20260730_142556.csv,512,DEFECT,HIGH,0,72,115,586,500000,3410971,2738902,-3410971,-61182.4,,695,-109,坏棒 总长 1002m 任意重度敲 塑料头
1869,14:25:56,hit_1869_20260730_142556.csv,512,DEFECT,HIGH,0,21,117,198,500000,3643204,2713650,-3643204,-163911.9,,695,-497,坏棒 总长 1002m 任意重度敲 塑料头
1870,14:25:56,hit_1870_20260730_142556.csv,512,DEFECT,HIGH,0,28,122,252,500000,5160130,3214608,-5160130,-306418.7,,695,-443,坏棒 总长 1002m 任意重度敲 塑料头
1871,14:25:57,hit_1871_20260730_142557.csv,512,DEFECT,HIGH,0,25,119,231,500000,4832765,3328080,-4832765,111238.7,,695,-464,坏棒 总长 1002m 任意重度敲 塑料头
1872,14:25:57,hit_1872_20260730_142557.csv,512,DEFECT,HIGH,0,22,115,211,500000,4434576,3353192,-4434576,149143.4,,695,-484,坏棒 总长 1002m 任意重度敲 塑料头
1873,14:25:57,hit_1873_20260730_142557.csv,512,DEFECT,HIGH,0,22,113,215,500000,4410385,3290192,-4410385,-64879.9,,695,-480,坏棒 总长 1002m 任意重度敲 塑料头
1874,14:25:58,hit_1874_20260730_142558.csv,512,DEFECT,HIGH,0,80,111,800,500000,3903164,3903164,-3722249,638565.9,,695,105,坏棒 总长 1002m 任意重度敲 塑料头
1875,14:25:58,hit_1875_20260730_142558.csv,512,DEFECT,HIGH,0,78,111,780,500000,3857512,3205820,-3857512,123451.8,,695,85,坏棒 总长 1002m 任意重度敲 塑料头
1876,14:25:58,hit_1876_20260730_142558.csv,512,DEFECT,HIGH,0,22,111,220,500000,4270823,3380022,-4270823,84525.1,,695,-475,坏棒 总长 1002m 任意重度敲 塑料头
1877,14:25:58,hit_1877_20260730_142558.csv,512,DEFECT,HIGH,0,36,110,363,500000,4112496,3472612,-4112496,220036.6,,695,-332,坏棒 总长 1002m 任意重度敲 塑料头
1878,14:25:59,hit_1878_20260730_142559.csv,512,DEFECT,HIGH,0,33,108,340,500000,3937244,3250926,-3937244,144105.4,,695,-355,坏棒 总长 1002m 任意重度敲 塑料头
1879,14:25:59,hit_1879_20260730_142559.csv,512,DEFECT,HIGH,0,76,109,775,500000,4062983,3391316,-4062983,189508.4,,695,80,坏棒 总长 1002m 任意重度敲 塑料头
1880,14:25:59,hit_1880_20260730_142559.csv,512,DEFECT,HIGH,0,75,118,663,500000,3741770,3578777,-3741770,313179.1,,695,-32,坏棒 总长 1002m 任意重度敲 塑料头
1881,14:26:00,hit_1881_20260730_142600.csv,512,DEFECT,HIGH,0,24,111,240,500000,4675118,2975611,-4675118,-310738.0,,695,-455,坏棒 总长 1002m 任意重度敲 塑料头
1882,14:26:00,hit_1882_20260730_142600.csv,512,DEFECT,HIGH,0,75,108,773,500000,4181695,3592757,-4181695,204366.2,,695,78,坏棒 总长 1002m 任意重度敲 塑料头
1883,14:26:00,hit_1883_20260730_142600.csv,512,DEFECT,HIGH,0,21,119,185,500000,4301671,3328846,-4301671,-54175.0,,695,-510,坏棒 总长 1002m 任意重度敲 塑料头
1884,14:26:00,hit_1884_20260730_142600.csv,512,DEFECT,HIGH,0,41,109,418,500000,4624621,3232725,-4624621,-206594.2,,695,-277,坏棒 总长 1002m 任意重度敲 塑料头
1885,14:26:01,hit_1885_20260730_142601.csv,512,DEFECT,HIGH,0,37,111,370,500000,4050865,3317057,-4050865,49056.5,,695,-325,坏棒 总长 1002m 任意重度敲 塑料头
1886,14:26:01,hit_1886_20260730_142601.csv,512,DEFECT,HIGH,0,37,108,381,500000,4305009,3074870,-4305009,-177213.4,,695,-314,坏棒 总长 1002m 任意重度敲 塑料头
1887,14:26:01,hit_1887_20260730_142601.csv,512,DEFECT,HIGH,0,21,108,216,500000,4104058,3125751,-4104058,-49467.9,,695,-479,坏棒 总长 1002m 任意重度敲 塑料头
1888,14:26:01,hit_1888_20260730_142601.csv,512,DEFECT,HIGH,0,21,109,214,500000,4317983,3089218,-4317983,-90676.3,,695,-481,坏棒 总长 1002m 任意重度敲 塑料头
1889,14:26:02,hit_1889_20260730_142602.csv,512,DEFECT,HIGH,0,72,110,616,500000,3750484,2671963,-3750484,-190865.7,,695,-79,坏棒 总长 1002m 任意重度敲 塑料头
1890,14:26:02,hit_1890_20260730_142602.csv,512,DEFECT,HIGH,0,49,116,466,500000,5036459,3349582,-5036459,-423853.9,,695,-229,坏棒 总长 1002m 任意重度敲 塑料头
1891,14:26:02,hit_1891_20260730_142602.csv,512,DEFECT,HIGH,0,22,111,220,500000,4424040,3166890,-4424040,-134069.7,,695,-475,坏棒 总长 1002m 任意重度敲 塑料头
1892,14:26:03,hit_1892_20260730_142603.csv,512,DEFECT,HIGH,0,22,113,215,500000,4549133,3545262,-4549133,208211.5,,695,-480,坏棒 总长 1002m 任意重度敲 塑料头
1893,14:26:03,hit_1893_20260730_142603.csv,512,DEFECT,HIGH,0,32,111,320,500000,3924770,3416945,-3924770,350886.0,,695,-375,坏棒 总长 1002m 任意重度敲 塑料头
1894,14:26:03,hit_1894_20260730_142603.csv,512,DEFECT,HIGH,0,79,110,797,500000,4000077,4000077,-3880340,657063.5,,695,102,坏棒 总长 1002m 任意重度敲 塑料头
1895,14:26:03,hit_1895_20260730_142603.csv,512,DEFECT,HIGH,0,33,112,326,500000,3855978,3310590,-3855978,325866.8,,695,-369,坏棒 总长 1002m 任意重度敲 塑料头
1896,14:26:04,hit_1896_20260730_142604.csv,512,DEFECT,HIGH,0,80,112,792,500000,4108590,3802747,-4108590,452183.9,,695,97,坏棒 总长 1002m 任意重度敲 塑料头
1897,14:26:04,hit_1897_20260730_142604.csv,512,DEFECT,HIGH,0,35,112,346,500000,4130599,3407994,-4130599,223224.2,,695,-349,坏棒 总长 1002m 任意重度敲 塑料头
1898,14:26:04,hit_1898_20260730_142604.csv,512,DEFECT,HIGH,0,21,112,207,500000,4441786,3718517,-4441786,304698.9,,695,-488,坏棒 总长 1002m 任意重度敲 塑料头
1899,14:26:05,hit_1899_20260730_142605.csv,512,DEFECT,HIGH,0,33,111,330,500000,4277937,4185913,-4277937,573067.9,,695,-365,坏棒 总长 1002m 任意重度敲 塑料头
1900,14:26:05,hit_1900_20260730_142605.csv,512,DEFECT,HIGH,0,21,112,207,500000,4201418,3517921,-4201418,269906.7,,695,-488,坏棒 总长 1002m 任意重度敲 塑料头
1901,14:26:05,hit_1901_20260730_142605.csv,512,DEFECT,HIGH,0,78,111,780,500000,4065130,3452753,-4065130,263437.2,,695,85,坏棒 总长 1002m 任意重度敲 塑料头
1902,14:26:05,hit_1902_20260730_142605.csv,512,DEFECT,HIGH,0,23,113,225,500000,4283676,3005597,-4283676,-174247.1,,695,-470,坏棒 总长 1002m 任意重度敲 塑料头
1903,14:26:06,hit_1903_20260730_142606.csv,512,DEFECT,HIGH,0,76,112,643,500000,3897872,3005537,-3897872,-12427.3,,695,-52,坏棒 总长 1002m 任意重度敲 塑料头
1904,14:26:06,hit_1904_20260730_142606.csv,512,DEFECT,HIGH,0,24,115,230,500000,4867235,3338952,-4867235,-18788.8,,695,-465,坏棒 总长 1002m 任意重度敲 塑料头
1905,14:26:06,hit_1905_20260730_142606.csv,512,DEFECT,HIGH,0,25,115,240,500000,5174106,3487482,-5174106,-35487.8,,695,-455,坏棒 总长 1002m 任意重度敲 塑料头
1906,14:26:07,hit_1906_20260730_142607.csv,512,DEFECT,HIGH,0,36,113,352,500000,4231401,3892097,-4231401,526489.5,,695,-343,坏棒 总长 1002m 任意重度敲 塑料头
1907,14:26:07,hit_1907_20260730_142607.csv,512,DEFECT,HIGH,0,34,111,340,500000,4104855,3594807,-4104855,366046.9,,695,-355,坏棒 总长 1002m 任意重度敲 塑料头
1908,14:26:07,hit_1908_20260730_142607.csv,512,DEFECT,HIGH,0,78,110,787,500000,4153184,3911286,-4153184,467667.2,,695,92,坏棒 总长 1002m 任意重度敲 塑料头
1909,14:26:07,hit_1909_20260730_142607.csv,512,DEFECT,HIGH,0,24,112,237,500000,4866358,3565027,-4866358,-22120.9,,695,-458,坏棒 总长 1002m 任意重度敲 塑料头
1910,14:26:08,hit_1910_20260730_142608.csv,512,DEFECT,HIGH,0,35,111,350,500000,4226907,3554960,-4226907,277949.4,,695,-345,坏棒 总长 1002m 任意重度敲 塑料头
1911,14:26:08,hit_1911_20260730_142608.csv,512,DEFECT,HIGH,0,30,109,306,500000,3930921,3930921,-3811976,610486.5,,695,-389,坏棒 总长 1002m 任意重度敲 塑料头
1912,14:26:08,hit_1912_20260730_142608.csv,512,DEFECT,HIGH,0,78,110,787,500000,3983950,3973060,-3983950,539629.8,,695,92,坏棒 总长 1002m 任意重度敲 塑料头
1913,14:26:09,hit_1913_20260730_142609.csv,512,DEFECT,HIGH,0,78,109,795,500000,3895881,3813659,-3895881,488620.9,,695,100,坏棒 总长 1002m 任意重度敲 塑料头
1914,14:26:09,hit_1914_20260730_142609.csv,512,DEFECT,HIGH,0,76,108,783,500000,3819008,3819008,-3510247,625603.1,,695,88,坏棒 总长 1002m 任意重度敲 塑料头
1915,14:26:09,hit_1915_20260730_142609.csv,512,DEFECT,HIGH,0,74,117,654,500000,3435623,3435623,-3401935,344613.1,,695,-41,坏棒 总长 1002m 任意重度敲 塑料头
1916,14:26:10,hit_1916_20260730_142610.csv,512,DEFECT,HIGH,0,74,117,654,500000,3682163,3637677,-3682163,337484.7,,695,-41,坏棒 总长 1002m 任意重度敲 塑料头
1917,14:26:10,hit_1917_20260730_142610.csv,512,DEFECT,HIGH,0,77,108,793,500000,3969649,3707471,-3969649,388096.6,,695,98,坏棒 总长 1002m 任意重度敲 塑料头
1918,14:26:11,hit_1918_20260730_142611.csv,512,DEFECT,HIGH,0,26,115,250,500000,3973417,2624038,-3973417,-355143.1,,695,-445,坏棒 总长 1002m 任意重度敲 塑料头
1919,14:26:11,hit_1919_20260730_142611.csv,512,DEFECT,HIGH,0,44,114,427,500000,4286496,3148127,-4286496,-382106.6,,695,-268,坏棒 总长 1002m 任意重度敲 塑料头
1920,14:26:11,hit_1920_20260730_142611.csv,512,DEFECT,HIGH,0,40,113,392,500000,2809729,2119813,-2809729,57749.8,,695,-303,坏棒 总长 1002m 任意重度敲 塑料头
1921,14:26:12,hit_1921_20260730_142612.csv,512,DEFECT,HIGH,0,21,113,205,500000,4195938,3309572,-4195938,98689.5,,695,-490,坏棒 总长 1002m 任意重度敲 塑料头
1922,14:26:13,hit_1922_20260730_142613.csv,512,DEFECT,HIGH,0,22,113,215,500000,4593329,3874998,-4593329,277602.5,,695,-480,坏棒 总长 1002m 任意重度敲 塑料头
1923,14:26:13,hit_1923_20260730_142613.csv,512,DEFECT,HIGH,0,23,113,225,500000,4518878,3744255,-4518878,168837.7,,695,-470,坏棒 总长 1002m 任意重度敲 塑料头
1924,14:26:13,hit_1924_20260730_142613.csv,512,DEFECT,HIGH,0,23,115,221,500000,4577250,3494134,-4577250,-33346.3,,695,-474,坏棒 总长 1002m 任意重度敲 塑料头
1925,14:26:14,hit_1925_20260730_142614.csv,512,DEFECT,HIGH,0,83,114,805,500000,4535151,4099782,-4535151,282866.2,,695,110,坏棒 总长 1002m 任意重度敲 塑料头
1926,14:26:14,hit_1926_20260730_142614.csv,512,DEFECT,HIGH,0,84,114,815,500000,4444249,4156015,-4444249,235399.9,,695,120,坏棒 总长 1002m 任意重度敲 塑料头
1927,14:26:14,hit_1927_20260730_142614.csv,512,DEFECT,HIGH,0,84,115,807,500000,4539513,4234109,-4539513,228291.3,,695,112,坏棒 总长 1002m 任意重度敲 塑料头
1928,14:26:15,hit_1928_20260730_142615.csv,512,DEFECT,HIGH,0,83,114,805,500000,4411606,3988511,-4411606,243295.6,,695,110,坏棒 总长 1002m 任意重度敲 塑料头
1929,14:26:15,hit_1929_20260730_142615.csv,512,DEFECT,HIGH,0,85,115,817,500000,4833182,4224297,-4833182,249806.4,,695,122,坏棒 总长 1002m 任意重度敲 塑料头
1930,14:26:15,hit_1930_20260730_142615.csv,512,DEFECT,HIGH,0,85,115,817,500000,4768872,4194969,-4768872,284846.9,,695,122,坏棒 总长 1002m 任意重度敲 塑料头
1931,14:26:16,hit_1931_20260730_142616.csv,512,DEFECT,HIGH,0,85,116,809,500000,4683764,4197506,-4683764,328321.8,,695,114,坏棒 总长 1002m 任意重度敲 塑料头
1932,14:26:16,hit_1932_20260730_142616.csv,512,DEFECT,HIGH,0,84,115,807,500000,4662450,4122717,-4662450,273024.8,,695,112,坏棒 总长 1002m 任意重度敲 塑料头
1933,14:26:16,hit_1933_20260730_142616.csv,512,DEFECT,HIGH,0,85,116,809,500000,4661024,3972538,-4661024,198838.3,,695,114,坏棒 总长 1002m 任意重度敲 塑料头
1934,14:26:17,hit_1934_20260730_142617.csv,512,DEFECT,HIGH,0,21,116,200,500000,4324397,3312725,-4324397,27511.9,,695,-495,坏棒 总长 1002m 任意重度敲 塑料头
1935,14:26:17,hit_1935_20260730_142617.csv,512,DEFECT,HIGH,0,39,116,371,500000,4311914,3468357,-4311914,132654.1,,695,-324,坏棒 总长 1002m 任意重度敲 塑料头
1936,14:26:17,hit_1936_20260730_142617.csv,512,DEFECT,HIGH,0,84,116,800,500000,4120994,3748325,-4120994,286624.1,,695,105,坏棒 总长 1002m 任意重度敲 塑料头
1937,14:26:18,hit_1937_20260730_142618.csv,512,DEFECT,HIGH,0,84,115,807,500000,4448853,4058570,-4448853,382237.1,,695,112,坏棒 总长 1002m 任意重度敲 塑料头
1938,14:26:18,hit_1938_20260730_142618.csv,512,DEFECT,HIGH,0,84,115,807,500000,4297611,4297611,-4149160,591026.7,,695,112,坏棒 总长 1002m 任意重度敲 塑料头
1939,14:26:18,hit_1939_20260730_142618.csv,512,DEFECT,HIGH,0,84,115,807,500000,4160609,4031404,-4160609,389130.0,,695,112,坏棒 总长 1002m 任意重度敲 塑料头
1940,14:26:18,hit_1940_20260730_142618.csv,512,DEFECT,HIGH,0,83,113,813,500000,4338333,4338333,-4102155,529854.8,,695,118,坏棒 总长 1002m 任意重度敲 塑料头
1941,14:26:19,hit_1941_20260730_142619.csv,512,DEFECT,HIGH,0,83,114,805,500000,4183524,4066232,-4183524,350269.3,,695,110,坏棒 总长 1002m 任意重度敲 塑料头
1942,14:26:19,hit_1942_20260730_142619.csv,512,DEFECT,HIGH,0,84,115,807,500000,4258518,4074871,-4258518,337088.7,,695,112,坏棒 总长 1002m 任意重度敲 塑料头
1943,14:26:19,hit_1943_20260730_142619.csv,512,DEFECT,HIGH,0,41,116,390,500000,4157610,3570672,-4157610,131034.0,,695,-305,坏棒 总长 1002m 任意重度敲 塑料头
1944,14:26:20,hit_1944_20260730_142620.csv,512,DEFECT,HIGH,0,40,117,377,500000,4076846,3167954,-4076846,-15551.5,,695,-318,坏棒 总长 1002m 任意重度敲 塑料头
1945,14:26:20,hit_1945_20260730_142620.csv,512,DEFECT,HIGH,0,22,114,213,500000,4228457,3182469,-4228457,76865.9,,695,-482,坏棒 总长 1002m 任意重度敲 塑料头
1946,14:26:20,hit_1946_20260730_142620.csv,512,DEFECT,HIGH,0,21,112,207,500000,4251780,3201812,-4251780,77656.0,,695,-488,坏棒 总长 1002m 任意重度敲 塑料头
1947,14:26:20,hit_1947_20260730_142620.csv,512,DEFECT,HIGH,0,22,113,215,500000,4389720,3262182,-4389720,98604.8,,695,-480,坏棒 总长 1002m 任意重度敲 塑料头
1948,14:26:21,hit_1948_20260730_142621.csv,512,DEFECT,HIGH,0,22,112,217,500000,4684095,4190938,-4684095,572398.5,,695,-478,坏棒 总长 1002m 任意重度敲 塑料头
1949,14:26:21,hit_1949_20260730_142621.csv,512,DEFECT,HIGH,0,23,111,230,500000,4871034,3180014,-4871034,-68256.2,,695,-465,坏棒 总长 1002m 任意重度敲 塑料头
1950,14:26:21,hit_1950_20260730_142621.csv,512,DEFECT,HIGH,0,23,113,225,500000,4720100,3471910,-4720100,97744.5,,695,-470,坏棒 总长 1002m 任意重度敲 塑料头
1951,14:26:21,hit_1951_20260730_142621.csv,512,DEFECT,HIGH,0,23,115,221,500000,4625985,3344182,-4625985,-52271.5,,695,-474,坏棒 总长 1002m 任意重度敲 塑料头
1952,14:26:22,hit_1952_20260730_142622.csv,512,DEFECT,HIGH,0,23,115,221,500000,4634983,3347553,-4634983,-78141.0,,695,-474,坏棒 总长 1002m 任意重度敲 塑料头
1953,14:26:22,hit_1953_20260730_142622.csv,512,DEFECT,HIGH,0,23,115,221,500000,4691514,3654533,-4691514,84834.4,,695,-474,坏棒 总长 1002m 任意重度敲 塑料头
1954,14:26:22,hit_1954_20260730_142622.csv,512,DEFECT,HIGH,0,22,113,215,500000,4621898,3711751,-4621898,158883.0,,695,-480,坏棒 总长 1002m 任意重度敲 塑料头
1955,14:26:23,hit_1955_20260730_142623.csv,512,DEFECT,HIGH,0,23,114,223,500000,4622366,3505258,-4622366,-18051.5,,695,-472,坏棒 总长 1002m 任意重度敲 塑料头
1956,14:26:23,hit_1956_20260730_142623.csv,512,DEFECT,HIGH,0,23,113,225,500000,4599707,3406945,-4599707,-1567.1,,695,-470,坏棒 总长 1002m 任意重度敲 塑料头
1957,14:26:23,hit_1957_20260730_142623.csv,512,DEFECT,HIGH,0,23,114,223,500000,4674536,3403153,-4674536,55368.0,,695,-472,坏棒 总长 1002m 任意重度敲 塑料头
1958,14:26:23,hit_1958_20260730_142623.csv,512,DEFECT,HIGH,0,24,116,228,500000,4414478,2829270,-4414478,-301201.9,,695,-467,坏棒 总长 1002m 任意重度敲 塑料头
1959,14:26:24,hit_1959_20260730_142624.csv,512,DEFECT,HIGH,0,23,114,223,500000,4655807,3172013,-4655807,-81676.8,,695,-472,坏棒 总长 1002m 任意重度敲 塑料头
1960,14:26:24,hit_1960_20260730_142624.csv,512,DEFECT,HIGH,0,25,114,242,500000,4980895,3268818,-4980895,-156359.8,,695,-453,坏棒 总长 1002m 任意重度敲 塑料头
1961,14:26:24,hit_1961_20260730_142624.csv,512,DEFECT,HIGH,0,23,115,221,500000,4540460,3476324,-4540460,87246.8,,695,-474,坏棒 总长 1002m 任意重度敲 塑料头
1962,14:26:25,hit_1962_20260730_142625.csv,512,DEFECT,HIGH,0,25,116,238,500000,5055417,3432067,-5055417,-72505.8,,695,-457,坏棒 总长 1002m 任意重度敲 塑料头
1963,14:26:25,hit_1963_20260730_142625.csv,512,DEFECT,HIGH,0,26,118,242,500000,4968219,3241132,-4968219,-183265.0,,695,-453,坏棒 总长 1002m 任意重度敲 塑料头
1964,14:26:25,hit_1964_20260730_142625.csv,512,DEFECT,HIGH,0,24,113,235,500000,4802755,3190916,-4802755,-141073.3,,695,-460,坏棒 总长 1002m 任意重度敲 塑料头
1965,14:26:25,hit_1965_20260730_142625.csv,512,DEFECT,HIGH,0,24,114,233,500000,4883921,3383617,-4883921,-43366.2,,695,-462,坏棒 总长 1002m 任意重度敲 塑料头
1966,14:26:26,hit_1966_20260730_142626.csv,512,DEFECT,HIGH,0,23,115,221,500000,4801135,3356989,-4801135,-68536.3,,695,-474,坏棒 总长 1002m 任意重度敲 塑料头
1967,14:26:26,hit_1967_20260730_142626.csv,512,DEFECT,HIGH,0,25,116,238,500000,4876273,3503199,-4876273,-104730.4,,695,-457,坏棒 总长 1002m 任意重度敲 塑料头
1968,14:26:26,hit_1968_20260730_142626.csv,512,DEFECT,HIGH,0,23,114,223,500000,4482969,3650006,-4482969,157912.9,,695,-472,坏棒 总长 1002m 任意重度敲 塑料头
1969,14:26:51,hit_1969_20260730_142651.csv,512,DEFECT,HIGH,0,23,110,232,500000,4901845,3442977,-4901845,-12395.0,,695,-463,坏棒 总长 1002m 任意重度敲 塑料头
1970,14:26:52,hit_1970_20260730_142652.csv,512,DEFECT,HIGH,0,26,112,257,500000,5220054,3466435,-5220054,-172495.1,,695,-438,坏棒 总长 1002m 任意重度敲 塑料头
1971,14:26:52,hit_1971_20260730_142652.csv,512,DEFECT,HIGH,0,24,111,240,500000,4970013,3472907,-4970013,-58574.9,,695,-455,坏棒 总长 1002m 任意重度敲 塑料头
1972,14:26:52,hit_1972_20260730_142652.csv,512,DEFECT,HIGH,0,25,112,247,500000,5016522,3342611,-5016522,-294730.3,,695,-448,坏棒 总长 1002m 任意重度敲 塑料头
1973,14:26:53,hit_1973_20260730_142653.csv,512,DEFECT,HIGH,0,22,110,222,500000,4749241,3565053,-4749241,123892.0,,695,-473,坏棒 总长 1002m 任意重度敲 塑料头
1974,14:26:53,hit_1974_20260730_142653.csv,512,DEFECT,HIGH,0,24,112,237,500000,4954629,3473206,-4954629,-57041.3,,695,-458,坏棒 总长 1002m 任意重度敲 塑料头
1975,14:26:53,hit_1975_20260730_142653.csv,512,DEFECT,HIGH,0,41,108,422,500000,4379663,4379663,-4363274,503738.3,,695,-273,坏棒 总长 1002m 任意重度敲 塑料头
1976,14:26:54,hit_1976_20260730_142654.csv,512,DEFECT,HIGH,0,21,108,216,500000,4452362,4452362,-4438673,536103.3,,695,-479,坏棒 总长 1002m 任意重度敲 塑料头
1977,14:26:54,hit_1977_20260730_142654.csv,512,DEFECT,HIGH,0,23,110,232,500000,4927476,3626078,-4927476,-17629.8,,695,-463,坏棒 总长 1002m 任意重度敲 塑料头
1978,14:26:54,hit_1978_20260730_142654.csv,512,DEFECT,HIGH,0,22,109,224,500000,5156400,5156400,-3283720,1338645.8,,695,-471,坏棒 总长 1002m 任意重度敲 塑料头
1979,14:26:55,hit_1979_20260730_142655.csv,512,DEFECT,HIGH,0,35,109,357,500000,4887898,4887898,-4240809,1037211.1,,695,-338,坏棒 总长 1002m 任意重度敲 塑料头
1980,14:26:56,hit_1980_20260730_142656.csv,512,DEFECT,HIGH,0,24,112,237,500000,5051502,4335900,-5051502,253473.6,,695,-458,坏棒 总长 1002m 任意重度敲 塑料头
1981,14:26:57,hit_1981_20260730_142657.csv,512,DEFECT,HIGH,0,75,108,773,500000,4909493,4909493,-3700735,1227859.9,,695,78,坏棒 总长 1002m 任意重度敲 塑料头
1982,14:26:57,hit_1982_20260730_142657.csv,512,DEFECT,HIGH,0,76,108,783,500000,4615702,4615702,-4331767,1062984.6,,695,88,坏棒 总长 1002m 任意重度敲 塑料头
1983,14:26:58,hit_1983_20260730_142658.csv,512,DEFECT,HIGH,0,22,109,224,500000,4434899,2856178,-4434899,-151090.9,,695,-471,坏棒 总长 1002m 任意重度敲 塑料头
1984,14:26:59,hit_1984_20260730_142659.csv,512,DEFECT,HIGH,0,76,108,783,500000,4993331,4993331,-4129646,869636.9,,695,88,坏棒 总长 1002m 任意重度敲 塑料头
1985,14:26:59,hit_1985_20260730_142659.csv,512,DEFECT,HIGH,0,23,110,232,500000,4832404,3539662,-4832404,-29703.3,,695,-463,坏棒 总长 1002m 任意重度敲 塑料头
1986,14:27:00,hit_1986_20260730_142700.csv,512,DEFECT,HIGH,0,24,110,242,500000,4994500,3600017,-4994500,-33646.8,,695,-453,坏棒 总长 1002m 任意重度敲 塑料头
1987,14:27:00,hit_1987_20260730_142700.csv,512,DEFECT,HIGH,0,40,108,412,500000,4557956,4557956,-4120983,610332.3,,695,-283,坏棒 总长 1002m 任意重度敲 塑料头
1988,14:27:00,hit_1988_20260730_142700.csv,512,DEFECT,HIGH,0,22,109,224,500000,4869638,4869638,-3686965,1028212.2,,695,-471,坏棒 总长 1002m 任意重度敲 塑料头
1989,14:27:01,hit_1989_20260730_142701.csv,512,DEFECT,HIGH,0,40,108,412,500000,4465621,4049407,-4465621,243689.1,,695,-283,坏棒 总长 1002m 任意重度敲 塑料头
1990,14:27:01,hit_1990_20260730_142701.csv,512,DEFECT,HIGH,0,38,119,336,500000,4336278,3569207,-4336278,83462.7,,695,-359,坏棒 总长 1002m 任意重度敲 塑料头
1991,14:27:02,hit_1991_20260730_142702.csv,512,DEFECT,HIGH,0,24,111,240,500000,4510990,4510990,-4082385,653121.3,,695,-455,坏棒 总长 1002m 任意重度敲 塑料头
1992,14:27:02,hit_1992_20260730_142702.csv,512,DEFECT,HIGH,0,25,111,250,500000,4193914,4193914,-4000513,378549.2,,695,-445,坏棒 总长 1002m 任意重度敲 塑料头
1993,14:27:03,hit_1993_20260730_142703.csv,512,DEFECT,HIGH,0,44,112,435,500000,4040372,3325581,-4040372,-10736.4,,695,-260,坏棒 总长 1002m 任意重度敲 塑料头
1994,14:27:03,hit_1994_20260730_142703.csv,512,DEFECT,HIGH,0,25,110,252,500000,3944595,3944595,-3860082,311279.6,,695,-443,坏棒 总长 1002m 任意重度敲 塑料头
1995,14:27:03,hit_1995_20260730_142703.csv,512,DEFECT,HIGH,0,26,111,260,500000,3991100,3876322,-3991100,244780.7,,695,-435,坏棒 总长 1002m 任意重度敲 塑料头
1996,14:27:04,hit_1996_20260730_142704.csv,512,DEFECT,HIGH,0,21,109,214,500000,3904602,3904602,-3256153,788906.9,,695,-481,坏棒 总长 1002m 任意重度敲 塑料头
1997,14:27:04,hit_1997_20260730_142704.csv,512,DEFECT,HIGH,0,75,108,773,500000,4228513,4228513,-4083798,755702.9,,695,78,坏棒 总长 1002m 任意重度敲 塑料头
1998,14:27:04,hit_1998_20260730_142704.csv,512,DEFECT,HIGH,0,29,118,256,500000,4062059,3853622,-4062059,374686.1,,695,-439,坏棒 总长 1002m 任意重度敲 塑料头
1999,14:27:04,hit_1999_20260730_142704.csv,512,DEFECT,HIGH,0,22,110,222,500000,4597141,4597141,-3702855,756274.8,,695,-473,坏棒 总长 1002m 任意重度敲 塑料头
2000,14:27:05,hit_2000_20260730_142705.csv,512,DEFECT,HIGH,0,76,108,783,500000,4640912,4640912,-4068868,802505.1,,695,88,坏棒 总长 1002m 任意重度敲 塑料头
