hit,time,file,points,state,conf,impact,defect,bottom,dist_mm,threshold,peak_abs,peak_pos,peak_neg,mean,rod_len_mm,defect_true_mm,err_mm,note
1,16:33:17,hit_001_20260730_163317.csv,512,DEFECT,HIGH,0,64,108,546,500000,5509530,5509530,-3466956,1500705.3,,307,239,坏棒 总长1002mm 任意重度 铁头 307
2,16:33:18,hit_002_20260730_163318.csv,512,DEFECT,HIGH,0,63,108,536,500000,6676145,6676145,-3036869,1981497.4,,307,229,坏棒 总长1002mm 任意重度 铁头 307
3,16:33:18,hit_003_20260730_163318.csv,512,DEFECT,HIGH,0,65,109,551,500000,5502724,5502724,-3209940,1166744.2,,307,244,坏棒 总长1002mm 任意重度 铁头 307
4,16:33:19,hit_004_20260730_163319.csv,512,DEFECT,HIGH,0,67,110,565,500000,5617682,5617682,-3355308,1163361.3,,307,258,坏棒 总长1002mm 任意重度 铁头 307
5,16:33:19,hit_005_20260730_163319.csv,512,DEFECT,HIGH,0,67,110,565,500000,5568148,5568148,-3794344,1019261.2,,307,258,坏棒 总长1002mm 任意重度 铁头 307
6,16:33:19,hit_006_20260730_163319.csv,512,DEFECT,HIGH,0,35,108,360,500000,6316426,6316426,-2892231,2122183.2,,307,53,坏棒 总长1002mm 任意重度 铁头 307
7,16:33:20,hit_007_20260730_163320.csv,512,DEFECT,HIGH,0,69,111,580,500000,4860942,4860942,-3985559,826486.9,,307,273,坏棒 总长1002mm 任意重度 铁头 307
8,16:33:20,hit_008_20260730_163320.csv,512,DEFECT,HIGH,0,64,109,540,500000,5842940,5842940,-3093360,1700936.0,,307,233,坏棒 总长1002mm 任意重度 铁头 307
9,16:33:20,hit_009_20260730_163320.csv,512,DEFECT,HIGH,0,26,114,252,500000,4998195,3861429,-4998195,-177316.7,,307,-55,坏棒 总长1002mm 任意重度 铁头 307
10,16:33:20,hit_010_20260730_163320.csv,512,DEFECT,HIGH,0,67,110,565,500000,5482419,5482419,-3381273,1422208.4,,307,258,坏棒 总长1002mm 任意重度 铁头 307
11,16:33:21,hit_011_20260730_163321.csv,512,DEFECT,HIGH,0,71,112,594,500000,4335263,3965162,-4335263,330895.6,,307,287,坏棒 总长1002mm 任意重度 铁头 307
12,16:33:21,hit_012_20260730_163321.csv,512,DEFECT,HIGH,0,66,110,555,500000,5249187,5249187,-3501638,1242979.0,,307,248,坏棒 总长1002mm 任意重度 铁头 307
13,16:33:21,hit_013_20260730_163321.csv,512,DEFECT,HIGH,0,67,110,565,500000,5441189,5441189,-3771717,1377933.6,,307,258,坏棒 总长1002mm 任意重度 铁头 307
14,16:33:22,hit_014_20260730_163322.csv,512,DEFECT,HIGH,0,66,108,567,500000,4763370,4763370,-3937500,694427.1,,307,260,坏棒 总长1002mm 任意重度 铁头 307
15,16:33:22,hit_015_20260730_163322.csv,512,DEFECT,HIGH,0,70,111,590,500000,4870445,4870445,-4136906,738305.8,,307,283,坏棒 总长1002mm 任意重度 铁头 307
16,16:33:23,hit_016_20260730_163323.csv,512,DEFECT,HIGH,0,36,109,367,500000,5948744,5948744,-3256652,1881400.1,,307,60,坏棒 总长1002mm 任意重度 铁头 307
17,16:33:23,hit_017_20260730_163323.csv,512,DEFECT,HIGH,0,66,108,567,500000,4538050,4538050,-3723606,547328.8,,307,260,坏棒 总长1002mm 任意重度 铁头 307
18,16:33:23,hit_018_20260730_163323.csv,512,DEFECT,HIGH,0,63,108,536,500000,4738746,4738746,-3658035,904527.3,,307,229,坏棒 总长1002mm 任意重度 铁头 307
19,16:33:25,hit_019_20260730_163325.csv,512,DEFECT,HIGH,0,66,108,567,500000,4336844,4336844,-3577098,377372.6,,307,260,坏棒 总长1002mm 任意重度 铁头 307
20,16:33:25,hit_020_20260730_163325.csv,512,DEFECT,HIGH,0,66,108,567,500000,5048653,5048653,-3386956,1440617.4,,307,260,坏棒 总长1002mm 任意重度 铁头 307
21,16:33:26,hit_021_20260730_163326.csv,512,DEFECT,HIGH,0,68,108,587,500000,4532135,4532135,-3963695,523706.3,,307,280,坏棒 总长1002mm 任意重度 铁头 307
22,16:33:27,hit_022_20260730_163327.csv,512,DEFECT,HIGH,0,68,109,581,500000,4672876,4672876,-3842222,879151.6,,307,274,坏棒 总长1002mm 任意重度 铁头 307
23,16:33:28,hit_023_20260730_163328.csv,512,DEFECT,HIGH,0,65,108,556,500000,4687307,4687307,-3692582,678056.1,,307,249,坏棒 总长1002mm 任意重度 铁头 307
24,16:33:28,hit_024_20260730_163328.csv,512,DEFECT,HIGH,0,61,111,500,500000,5239056,5239056,-2844106,1630072.3,,307,193,坏棒 总长1002mm 任意重度 铁头 307
25,16:33:28,hit_025_20260730_163328.csv,512,DEFECT,HIGH,0,67,108,577,500000,4823031,4823031,-3687423,1101392.3,,307,270,坏棒 总长1002mm 任意重度 铁头 307
26,16:33:29,hit_026_20260730_163329.csv,512,DEFECT,HIGH,0,67,109,571,500000,5254515,5254515,-3740254,1515861.7,,307,264,坏棒 总长1002mm 任意重度 铁头 307
27,16:33:31,hit_027_20260730_163331.csv,512,DEFECT,HIGH,0,69,110,585,500000,4801824,4801824,-4122789,853537.8,,307,278,坏棒 总长1002mm 任意重度 铁头 307
28,16:33:31,hit_028_20260730_163331.csv,512,DEFECT,HIGH,0,68,110,575,500000,4405812,4405812,-4119583,641241.7,,307,268,坏棒 总长1002mm 任意重度 铁头 307
29,16:33:32,hit_029_20260730_163332.csv,512,DEFECT,HIGH,0,69,111,580,500000,5108286,5108286,-4175179,893168.7,,307,273,坏棒 总长1002mm 任意重度 铁头 307
30,16:33:32,hit_030_20260730_163332.csv,512,DEFECT,HIGH,0,70,112,584,500000,4597804,4597804,-4055281,605623.4,,307,277,坏棒 总长1002mm 任意重度 铁头 307
31,16:33:33,hit_031_20260730_163333.csv,512,DEFECT,HIGH,0,67,109,571,500000,5078445,5078445,-3814453,724501.5,,307,264,坏棒 总长1002mm 任意重度 铁头 307
32,16:33:33,hit_032_20260730_163333.csv,512,DEFECT,HIGH,0,66,110,555,500000,5835444,5835444,-3351263,1580960.2,,307,248,坏棒 总长1002mm 任意重度 铁头 307
33,16:33:34,hit_033_20260730_163334.csv,512,DEFECT,HIGH,0,70,111,590,500000,4644169,4644169,-4262001,537553.7,,307,283,坏棒 总长1002mm 任意重度 铁头 307
34,16:33:34,hit_034_20260730_163334.csv,512,DEFECT,HIGH,0,22,112,217,500000,4572541,4496254,-4572541,315298.1,,307,-90,坏棒 总长1002mm 任意重度 铁头 307
35,16:33:34,hit_035_20260730_163334.csv,512,DEFECT,HIGH,0,71,112,594,500000,4593452,4541776,-4593452,526273.5,,307,287,坏棒 总长1002mm 任意重度 铁头 307
36,16:33:35,hit_036_20260730_163335.csv,512,DEFECT,HIGH,0,70,111,590,500000,5196365,5196365,-4163568,1096183.1,,307,283,坏棒 总长1002mm 任意重度 铁头 307
37,16:33:35,hit_037_20260730_163335.csv,512,DEFECT,HIGH,0,69,111,580,500000,5171056,5171056,-3826916,1174293.8,,307,273,坏棒 总长1002mm 任意重度 铁头 307
38,16:33:35,hit_038_20260730_163335.csv,512,DEFECT,HIGH,0,70,112,584,500000,4830893,4830893,-4095080,796721.4,,307,277,坏棒 总长1002mm 任意重度 铁头 307
39,16:33:36,hit_039_20260730_163336.csv,512,DEFECT,HIGH,0,69,111,580,500000,5540259,5540259,-3686346,1205111.6,,307,273,坏棒 总长1002mm 任意重度 铁头 307
40,16:33:36,hit_040_20260730_163336.csv,512,DEFECT,HIGH,0,69,113,568,500000,5289092,5289092,-3912947,914082.1,,307,261,坏棒 总长1002mm 任意重度 铁头 307
41,16:33:36,hit_041_20260730_163336.csv,512,DEFECT,HIGH,0,70,111,590,500000,4443786,4443786,-4148335,626534.3,,307,283,坏棒 总长1002mm 任意重度 铁头 307
42,16:33:37,hit_042_20260730_163337.csv,512,DEFECT,HIGH,0,69,111,580,500000,4386627,4386627,-3945554,540132.6,,307,273,坏棒 总长1002mm 任意重度 铁头 307
43,16:33:37,hit_043_20260730_163337.csv,512,DEFECT,HIGH,0,66,108,567,500000,4789768,4789768,-3490559,950895.7,,307,260,坏棒 总长1002mm 任意重度 铁头 307
44,16:33:37,hit_044_20260730_163337.csv,512,DEFECT,HIGH,0,69,111,580,500000,4813240,4813240,-4233628,619817.8,,307,273,坏棒 总长1002mm 任意重度 铁头 307
45,16:33:38,hit_045_20260730_163338.csv,512,DEFECT,HIGH,0,66,112,544,500000,5084424,5084424,-3448107,1104625.8,,307,237,坏棒 总长1002mm 任意重度 铁头 307
46,16:33:38,hit_046_20260730_163338.csv,512,DEFECT,HIGH,0,37,116,349,500000,6158771,6158771,-3069173,2136238.2,,307,42,坏棒 总长1002mm 任意重度 铁头 307
47,16:33:38,hit_047_20260730_163338.csv,512,DEFECT,HIGH,0,69,112,574,500000,4869211,4869211,-3888311,797060.6,,307,267,坏棒 总长1002mm 任意重度 铁头 307
48,16:33:38,hit_048_20260730_163338.csv,512,DEFECT,HIGH,0,68,112,564,500000,4811059,4811059,-3749275,859387.0,,307,257,坏棒 总长1002mm 任意重度 铁头 307
49,16:33:39,hit_049_20260730_163339.csv,512,DEFECT,HIGH,0,69,111,580,500000,5148700,5148700,-3875583,946145.4,,307,273,坏棒 总长1002mm 任意重度 铁头 307
50,16:33:39,hit_050_20260730_163339.csv,512,DEFECT,HIGH,0,67,110,565,500000,5439115,5439115,-3591207,1291586.9,,307,258,坏棒 总长1002mm 任意重度 铁头 307
51,16:33:39,hit_051_20260730_163339.csv,512,DEFECT,HIGH,0,69,111,580,500000,5092912,5092912,-3950537,943749.5,,307,273,坏棒 总长1002mm 任意重度 铁头 307
52,16:33:40,hit_052_20260730_163340.csv,512,DEFECT,HIGH,0,68,111,570,500000,5340446,5340446,-3787241,1029419.7,,307,263,坏棒 总长1002mm 任意重度 铁头 307
53,16:33:40,hit_053_20260730_163340.csv,512,DEFECT,HIGH,0,64,111,530,500000,5956071,5956071,-3347252,1669958.2,,307,223,坏棒 总长1002mm 任意重度 铁头 307
54,16:33:40,hit_054_20260730_163340.csv,512,DEFECT,HIGH,0,66,112,544,500000,5254961,5254961,-3616421,997944.5,,307,237,坏棒 总长1002mm 任意重度 铁头 307
55,16:33:41,hit_055_20260730_163341.csv,512,DEFECT,HIGH,0,69,114,563,500000,5125008,5125008,-3857484,904252.8,,307,256,坏棒 总长1002mm 任意重度 铁头 307
56,16:33:41,hit_056_20260730_163341.csv,512,DEFECT,HIGH,0,65,112,534,500000,5798568,5798568,-3282250,1687605.4,,307,227,坏棒 总长1002mm 任意重度 铁头 307
57,16:33:41,hit_057_20260730_163341.csv,512,DEFECT,HIGH,0,71,114,582,500000,4957216,4957216,-4265986,530857.8,,307,275,坏棒 总长1002mm 任意重度 铁头 307
58,16:33:41,hit_058_20260730_163341.csv,512,DEFECT,HIGH,0,68,113,558,500000,5392384,5392384,-3939111,1023624.4,,307,251,坏棒 总长1002mm 任意重度 铁头 307
59,16:33:42,hit_059_20260730_163342.csv,512,DEFECT,HIGH,0,22,113,215,500000,4900602,4900602,-4571707,296504.7,,307,-92,坏棒 总长1002mm 任意重度 铁头 307
60,16:33:42,hit_060_20260730_163342.csv,512,DEFECT,HIGH,0,68,112,564,500000,5286702,5286702,-3824617,892065.6,,307,257,坏棒 总长1002mm 任意重度 铁头 307
61,16:33:42,hit_061_20260730_163342.csv,512,DEFECT,HIGH,0,68,110,575,500000,5453753,5453753,-3400877,1100319.7,,307,268,坏棒 总长1002mm 任意重度 铁头 307
62,16:33:43,hit_062_20260730_163343.csv,512,DEFECT,HIGH,0,67,112,554,500000,5535261,5535261,-3547074,1157428.3,,307,247,坏棒 总长1002mm 任意重度 铁头 307
63,16:33:43,hit_063_20260730_163343.csv,512,DEFECT,HIGH,0,64,111,530,500000,5809468,5809468,-3202499,1412071.4,,307,223,坏棒 总长1002mm 任意重度 铁头 307
64,16:33:43,hit_064_20260730_163343.csv,512,DEFECT,HIGH,0,24,114,233,500000,4966274,4557852,-4966274,19391.5,,307,-74,坏棒 总长1002mm 任意重度 铁头 307
65,16:33:44,hit_065_20260730_163344.csv,512,DEFECT,HIGH,0,67,113,549,500000,5715598,5715598,-3503771,1300626.9,,307,242,坏棒 总长1002mm 任意重度 铁头 307
66,16:33:44,hit_066_20260730_163344.csv,512,DEFECT,HIGH,0,66,110,555,500000,5868901,5868901,-3495198,1649149.6,,307,248,坏棒 总长1002mm 任意重度 铁头 307
67,16:33:44,hit_067_20260730_163344.csv,512,DEFECT,HIGH,0,70,111,590,500000,5057247,5057247,-4023701,991871.9,,307,283,坏棒 总长1002mm 任意重度 铁头 307
68,16:33:44,hit_068_20260730_163344.csv,512,DEFECT,HIGH,0,68,110,575,500000,5036219,5036219,-3594615,1507763.9,,307,268,坏棒 总长1002mm 任意重度 铁头 307
69,16:33:45,hit_069_20260730_163345.csv,512,DEFECT,HIGH,0,66,108,567,500000,5109328,5109328,-3186855,1325387.2,,307,260,坏棒 总长1002mm 任意重度 铁头 307
70,16:33:45,hit_070_20260730_163345.csv,512,DEFECT,HIGH,0,66,110,555,500000,5930400,5930400,-3367761,1825153.0,,307,248,坏棒 总长1002mm 任意重度 铁头 307
71,16:33:57,hit_071_20260730_163357.csv,512,DEFECT,HIGH,0,68,110,575,500000,5026676,5026676,-4013072,803701.4,,307,268,坏棒 总长1002mm 任意重度 铁头 307
72,16:33:57,hit_072_20260730_163357.csv,512,DEFECT,HIGH,0,68,110,575,500000,5354897,5354897,-3965985,833165.7,,307,268,坏棒 总长1002mm 任意重度 铁头 307
73,16:33:58,hit_073_20260730_163358.csv,512,DEFECT,HIGH,0,67,109,571,500000,5608241,5608241,-3661746,1190747.6,,307,264,坏棒 总长1002mm 任意重度 铁头 307
74,16:33:59,hit_074_20260730_163359.csv,512,DEFECT,HIGH,0,67,111,560,500000,5584093,5584093,-3590192,1484172.6,,307,253,坏棒 总长1002mm 任意重度 铁头 307
75,16:33:59,hit_075_20260730_163359.csv,512,DEFECT,HIGH,0,66,110,555,500000,5911166,5911166,-3208502,1721664.3,,307,248,坏棒 总长1002mm 任意重度 铁头 307
76,16:33:59,hit_076_20260730_163359.csv,512,DEFECT,HIGH,0,65,111,540,500000,5334233,5334233,-3818177,1440324.9,,307,233,坏棒 总长1002mm 任意重度 铁头 307
77,16:34:00,hit_077_20260730_163400.csv,512,DEFECT,HIGH,0,36,114,342,500000,5833388,5833388,-2649941,2017652.5,,307,35,坏棒 总长1002mm 任意重度 铁头 307
78,16:34:01,hit_078_20260730_163401.csv,512,DEFECT,HIGH,0,64,111,530,500000,5859579,5859579,-3307999,1616727.7,,307,223,坏棒 总长1002mm 任意重度 铁头 307
79,16:34:03,hit_079_20260730_163403.csv,512,DEFECT,HIGH,0,67,109,571,500000,4901786,4901786,-3766154,899522.9,,307,264,坏棒 总长1002mm 任意重度 铁头 307
80,16:34:05,hit_080_20260730_163405.csv,512,DEFECT,HIGH,0,69,110,585,500000,4338776,4338776,-4179662,362841.9,,307,278,坏棒 总长1002mm 任意重度 铁头 307
81,16:34:05,hit_081_20260730_163405.csv,512,DEFECT,HIGH,0,23,112,227,500000,4652620,4441957,-4652620,259271.1,,307,-80,坏棒 总长1002mm 任意重度 铁头 307
82,16:34:05,hit_082_20260730_163405.csv,512,DEFECT,HIGH,0,68,110,575,500000,4831794,4831794,-3776626,987473.0,,307,268,坏棒 总长1002mm 任意重度 铁头 307
83,16:34:10,hit_083_20260730_163410.csv,512,DEFECT,HIGH,0,21,111,210,500000,4228705,3733575,-4228705,21566.8,,307,-97,坏棒 总长1002mm 任意重度 铁头 307
84,16:34:11,hit_084_20260730_163411.csv,512,DEFECT,HIGH,0,68,111,570,500000,4455275,4455275,-3736235,664560.2,,307,263,坏棒 总长1002mm 任意重度 铁头 307
85,16:34:11,hit_085_20260730_163411.csv,512,DEFECT,HIGH,0,21,114,203,500000,4380197,3915345,-4380197,290247.7,,307,-104,坏棒 总长1002mm 任意重度 铁头 307
86,16:34:11,hit_086_20260730_163411.csv,512,DEFECT,HIGH,0,69,111,580,500000,4294528,4294528,-4072339,383734.1,,307,273,坏棒 总长1002mm 任意重度 铁头 307
87,16:34:12,hit_087_20260730_163412.csv,512,DEFECT,HIGH,0,70,111,590,500000,4339908,3988082,-4339908,231550.7,,307,283,坏棒 总长1002mm 任意重度 铁头 307
88,16:34:12,hit_088_20260730_163412.csv,512,DEFECT,HIGH,0,21,112,207,500000,4294504,3397530,-4294504,-214772.0,,307,-100,坏棒 总长1002mm 任意重度 铁头 307
89,16:34:13,hit_089_20260730_163413.csv,512,DEFECT,HIGH,0,70,112,584,500000,4241224,4241224,-4147211,455084.8,,307,277,坏棒 总长1002mm 任意重度 铁头 307
90,16:34:15,hit_090_20260730_163415.csv,512,DEFECT,HIGH,0,72,112,603,500000,4854204,4854204,-4566739,448339.0,,307,296,坏棒 总长1002mm 任意重度 铁头 307
91,16:34:16,hit_091_20260730_163416.csv,512,DEFECT,HIGH,0,23,112,227,500000,4717115,4083759,-4717115,68081.4,,307,-80,坏棒 总长1002mm 任意重度 铁头 307
92,16:34:16,hit_092_20260730_163416.csv,512,DEFECT,HIGH,0,63,113,509,500000,5697331,5697331,-2862868,1648171.9,,307,202,坏棒 总长1002mm 任意重度 铁头 307
93,16:34:16,hit_093_20260730_163416.csv,512,DEFECT,HIGH,0,22,111,220,500000,4674118,4446669,-4674118,212555.1,,307,-87,坏棒 总长1002mm 任意重度 铁头 307
94,16:34:17,hit_094_20260730_163417.csv,512,DEFECT,HIGH,0,69,109,591,500000,4818889,4818889,-4087831,649172.6,,307,284,坏棒 总长1002mm 任意重度 铁头 307
95,16:34:17,hit_095_20260730_163417.csv,512,DEFECT,HIGH,0,63,108,536,500000,5568649,5568649,-3299771,1281948.5,,307,229,坏棒 总长1002mm 任意重度 铁头 307
96,16:34:18,hit_096_20260730_163418.csv,512,DEFECT,HIGH,0,70,111,590,500000,4332904,4332904,-4312827,390070.1,,307,283,坏棒 总长1002mm 任意重度 铁头 307
97,16:34:18,hit_097_20260730_163418.csv,512,DEFECT,HIGH,0,21,111,210,500000,4601252,4601252,-4429873,369160.8,,307,-97,坏棒 总长1002mm 任意重度 铁头 307
98,16:34:18,hit_098_20260730_163418.csv,512,DEFECT,HIGH,0,67,108,577,500000,5047764,5047764,-3790120,999921.4,,307,270,坏棒 总长1002mm 任意重度 铁头 307
99,16:34:19,hit_099_20260730_163419.csv,512,DEFECT,HIGH,0,22,111,220,500000,4430284,3946177,-4430284,35158.3,,307,-87,坏棒 总长1002mm 任意重度 铁头 307
100,16:34:19,hit_100_20260730_163419.csv,512,DEFECT,HIGH,0,69,110,585,500000,4667696,4667696,-4089221,568413.1,,307,278,坏棒 总长1002mm 任意重度 铁头 307
101,16:34:20,hit_101_20260730_163420.csv,512,DEFECT,HIGH,0,44,115,423,500000,4260936,3221579,-4260936,-443064.4,,307,116,坏棒 总长1002mm 任意重度 铁头 307
102,16:34:20,hit_102_20260730_163420.csv,512,DEFECT,HIGH,0,70,111,590,500000,5027388,5027388,-4416761,694422.9,,307,283,坏棒 总长1002mm 任意重度 铁头 307
103,16:34:20,hit_103_20260730_163420.csv,512,DEFECT,HIGH,0,22,111,220,500000,4549607,3917184,-4549607,48318.3,,307,-87,坏棒 总长1002mm 任意重度 铁头 307
104,16:34:21,hit_104_20260730_163421.csv,512,DEFECT,HIGH,0,68,111,570,500000,4029519,3494125,-4029519,162938.1,,307,263,坏棒 总长1002mm 任意重度 铁头 307
105,16:34:21,hit_105_20260730_163421.csv,512,DEFECT,HIGH,0,69,112,574,500000,4461197,4461197,-3926259,531529.5,,307,267,坏棒 总长1002mm 任意重度 铁头 307
106,16:34:22,hit_106_20260730_163422.csv,512,DEFECT,HIGH,0,25,115,240,500000,4738412,2995113,-4738412,-366098.0,,307,-67,坏棒 总长1002mm 任意重度 铁头 307
107,16:34:22,hit_107_20260730_163422.csv,512,DEFECT,HIGH,0,69,110,585,500000,4594492,4594492,-4147591,608041.4,,307,278,坏棒 总长1002mm 任意重度 铁头 307
108,16:34:23,hit_108_20260730_163423.csv,512,DEFECT,HIGH,0,69,112,574,500000,5049974,5049974,-3911445,994512.6,,307,267,坏棒 总长1002mm 任意重度 铁头 307
109,16:34:23,hit_109_20260730_163423.csv,512,DEFECT,HIGH,0,21,113,205,500000,4278656,3858306,-4278656,237493.1,,307,-102,坏棒 总长1002mm 任意重度 铁头 307
110,16:34:24,hit_110_20260730_163424.csv,512,DEFECT,HIGH,0,68,111,570,500000,4754716,4754716,-3807027,803437.6,,307,263,坏棒 总长1002mm 任意重度 铁头 307
111,16:34:24,hit_111_20260730_163424.csv,512,DEFECT,HIGH,0,68,110,575,500000,5264797,5264797,-3783233,1169979.8,,307,268,坏棒 总长1002mm 任意重度 铁头 307
112,16:34:25,hit_112_20260730_163425.csv,512,DEFECT,HIGH,0,69,112,574,500000,5075891,5075891,-3799635,971783.8,,307,267,坏棒 总长1002mm 任意重度 铁头 307
113,16:34:32,hit_113_20260730_163432.csv,512,DEFECT,HIGH,0,69,112,574,500000,5033495,5033495,-4172865,600991.2,,307,267,坏棒 总长1002mm 任意重度 铁头 307
114,16:34:33,hit_114_20260730_163433.csv,512,DEFECT,HIGH,0,68,114,553,500000,4988415,4988415,-3866929,735197.3,,307,246,坏棒 总长1002mm 任意重度 铁头 307
115,16:34:33,hit_115_20260730_163433.csv,512,DEFECT,HIGH,0,67,113,549,500000,5900812,5900812,-3811868,1434028.9,,307,242,坏棒 总长1002mm 任意重度 铁头 307
116,16:34:33,hit_116_20260730_163433.csv,512,DEFECT,HIGH,0,38,114,368,500000,5231836,5231836,-3710471,1083014.5,,307,61,坏棒 总长1002mm 任意重度 铁头 307
117,16:34:34,hit_117_20260730_163434.csv,512,DEFECT,HIGH,0,68,114,553,500000,4976102,4976102,-3732671,893093.9,,307,246,坏棒 总长1002mm 任意重度 铁头 307
118,16:34:34,hit_118_20260730_163434.csv,512,DEFECT,HIGH,0,64,111,530,500000,5737458,5737458,-3047442,1680769.2,,307,223,坏棒 总长1002mm 任意重度 铁头 307
119,16:34:35,hit_119_20260730_163435.csv,512,DEFECT,HIGH,0,67,113,549,500000,5510070,5510070,-3532378,1248741.4,,307,242,坏棒 总长1002mm 任意重度 铁头 307
120,16:34:35,hit_120_20260730_163435.csv,512,DEFECT,HIGH,0,68,113,558,500000,5630661,5630661,-3748974,1473590.7,,307,251,坏棒 总长1002mm 任意重度 铁头 307
121,16:34:35,hit_121_20260730_163435.csv,512,DEFECT,HIGH,0,66,113,539,500000,5700922,5700922,-3351292,1603322.3,,307,232,坏棒 总长1002mm 任意重度 铁头 307
122,16:34:36,hit_122_20260730_163436.csv,512,DEFECT,HIGH,0,24,117,226,500000,4833123,3283637,-4833123,-76289.0,,307,-81,坏棒 总长1002mm 任意重度 铁头 307
123,16:34:36,hit_123_20260730_163436.csv,512,DEFECT,HIGH,0,24,116,228,500000,4853268,3970951,-4853268,133112.2,,307,-79,坏棒 总长1002mm 任意重度 铁头 307
124,16:34:36,hit_124_20260730_163436.csv,512,DEFECT,HIGH,0,23,113,225,500000,4646438,3931362,-4646438,25274.8,,307,-82,坏棒 总长1002mm 任意重度 铁头 307
125,16:34:37,hit_125_20260730_163437.csv,512,DEFECT,HIGH,0,70,112,584,500000,4463649,4463649,-4138957,451556.5,,307,277,坏棒 总长1002mm 任意重度 铁头 307
126,16:34:37,hit_126_20260730_163437.csv,512,DEFECT,HIGH,0,66,110,555,500000,5598794,5598794,-3361568,1556247.4,,307,248,坏棒 总长1002mm 任意重度 铁头 307
127,16:34:38,hit_127_20260730_163438.csv,512,DEFECT,HIGH,0,68,110,575,500000,5927326,5927326,-3766029,1383754.3,,307,268,坏棒 总长1002mm 任意重度 铁头 307
128,16:34:38,hit_128_20260730_163438.csv,512,DEFECT,HIGH,0,66,111,550,500000,5852458,5852458,-3583742,1344066.9,,307,243,坏棒 总长1002mm 任意重度 铁头 307
129,16:36:05,hit_129_20260730_163605.csv,512,DEFECT,HIGH,0,38,109,387,500000,5953420,5953420,-3739713,1388806.2,,307,80,坏棒 总长1002mm 任意重度 铁头 307
130,16:36:05,hit_130_20260730_163605.csv,512,DEFECT,HIGH,0,70,110,595,500000,5366478,5366478,-4357403,843043.9,,307,288,坏棒 总长1002mm 任意重度 铁头 307
131,16:36:05,hit_131_20260730_163605.csv,512,DEFECT,HIGH,0,63,108,536,500000,5783014,5783014,-3445190,1306689.6,,307,229,坏棒 总长1002mm 任意重度 铁头 307
132,16:36:06,hit_132_20260730_163606.csv,512,DEFECT,HIGH,0,66,109,561,500000,5093628,5093628,-3639841,1277160.0,,307,254,坏棒 总长1002mm 任意重度 铁头 307
133,16:36:06,hit_133_20260730_163606.csv,512,DEFECT,HIGH,0,68,110,575,500000,4942417,4942417,-3841799,968504.7,,307,268,坏棒 总长1002mm 任意重度 铁头 307
134,16:36:06,hit_134_20260730_163606.csv,512,DEFECT,HIGH,0,68,111,570,500000,4661369,4661369,-3851852,851494.8,,307,263,坏棒 总长1002mm 任意重度 铁头 307
135,16:36:07,hit_135_20260730_163607.csv,512,DEFECT,HIGH,0,69,112,574,500000,5032315,5032315,-3809336,770289.2,,307,267,坏棒 总长1002mm 任意重度 铁头 307
136,16:36:07,hit_136_20260730_163607.csv,512,DEFECT,HIGH,0,68,112,564,500000,5398861,5398861,-3777190,1023234.7,,307,257,坏棒 总长1002mm 任意重度 铁头 307
137,16:36:07,hit_137_20260730_163607.csv,512,DEFECT,HIGH,0,69,112,574,500000,5953361,5953361,-3379533,1594130.9,,307,267,坏棒 总长1002mm 任意重度 铁头 307
138,16:36:08,hit_138_20260730_163608.csv,512,DEFECT,HIGH,0,67,112,554,500000,5822784,5822784,-3582834,1452581.0,,307,247,坏棒 总长1002mm 任意重度 铁头 307
139,16:36:08,hit_139_20260730_163608.csv,512,DEFECT,HIGH,0,70,112,584,500000,5398458,5398458,-4065419,819331.7,,307,277,坏棒 总长1002mm 任意重度 铁头 307
140,16:36:08,hit_140_20260730_163608.csv,512,DEFECT,HIGH,0,71,113,588,500000,5332506,5332506,-4203274,831595.3,,307,281,坏棒 总长1002mm 任意重度 铁头 307
141,16:36:09,hit_141_20260730_163609.csv,512,DEFECT,HIGH,0,70,111,590,500000,5149035,5149035,-4207551,722832.5,,307,283,坏棒 总长1002mm 任意重度 铁头 307
142,16:36:09,hit_142_20260730_163609.csv,512,DEFECT,HIGH,0,68,111,570,500000,5495191,5495191,-3532922,1274287.4,,307,263,坏棒 总长1002mm 任意重度 铁头 307
143,16:36:10,hit_143_20260730_163610.csv,512,DEFECT,HIGH,0,36,114,342,500000,6200151,6200151,-2717969,2325341.5,,307,35,坏棒 总长1002mm 任意重度 铁头 307
144,16:36:10,hit_144_20260730_163610.csv,512,DEFECT,HIGH,0,66,109,561,500000,5797179,5797179,-3398161,1328399.5,,307,254,坏棒 总长1002mm 任意重度 铁头 307
145,16:36:10,hit_145_20260730_163610.csv,512,DEFECT,HIGH,0,67,111,560,500000,5654716,5654716,-3612144,1228020.7,,307,253,坏棒 总长1002mm 任意重度 铁头 307
146,16:36:11,hit_146_20260730_163611.csv,512,DEFECT,HIGH,0,68,110,575,500000,5301870,5301870,-4005983,819779.5,,307,268,坏棒 总长1002mm 任意重度 铁头 307
147,16:36:11,hit_147_20260730_163611.csv,512,DEFECT,HIGH,0,69,110,585,500000,5120640,5120640,-4212795,812687.5,,307,278,坏棒 总长1002mm 任意重度 铁头 307
148,16:36:12,hit_148_20260730_163612.csv,512,DEFECT,HIGH,0,70,111,590,500000,4897667,4897667,-4490843,523115.1,,307,283,坏棒 总长1002mm 任意重度 铁头 307
149,16:36:12,hit_149_20260730_163612.csv,512,DEFECT,HIGH,0,41,111,410,500000,4389062,3197677,-4389062,-435095.8,,307,103,坏棒 总长1002mm 任意重度 铁头 307
150,16:36:12,hit_150_20260730_163612.csv,512,DEFECT,HIGH,0,66,108,567,500000,4456483,4456483,-3626347,654832.5,,307,260,坏棒 总长1002mm 任意重度 铁头 307
151,16:36:13,hit_151_20260730_163613.csv,512,DEFECT,HIGH,0,66,108,567,500000,5046929,5046929,-3687806,1022891.0,,307,260,坏棒 总长1002mm 任意重度 铁头 307
152,16:36:13,hit_152_20260730_163613.csv,512,DEFECT,HIGH,0,66,109,561,500000,4444441,4444441,-3675426,702311.6,,307,254,坏棒 总长1002mm 任意重度 铁头 307
153,16:36:14,hit_153_20260730_163614.csv,512,DEFECT,HIGH,0,66,108,567,500000,4873729,4873729,-3378978,1177325.4,,307,260,坏棒 总长1002mm 任意重度 铁头 307
154,16:36:14,hit_154_20260730_163614.csv,512,DEFECT,HIGH,0,65,108,556,500000,4534854,4534854,-3484668,851411.1,,307,249,坏棒 总长1002mm 任意重度 铁头 307
155,16:36:14,hit_155_20260730_163614.csv,512,DEFECT,HIGH,0,40,114,388,500000,4035277,3059130,-4035277,-366625.7,,307,81,坏棒 总长1002mm 任意重度 铁头 307
156,16:36:15,hit_156_20260730_163615.csv,512,DEFECT,HIGH,0,67,111,560,500000,5470767,5470767,-3629685,1042950.1,,307,253,坏棒 总长1002mm 任意重度 铁头 307
157,16:36:15,hit_157_20260730_163615.csv,512,DEFECT,HIGH,0,66,110,555,500000,5504151,5504151,-3533739,1082018.1,,307,248,坏棒 总长1002mm 任意重度 铁头 307
158,16:36:15,hit_158_20260730_163615.csv,512,DEFECT,HIGH,0,63,110,525,500000,5740360,5740360,-3147531,1319488.6,,307,218,坏棒 总长1002mm 任意重度 铁头 307
159,16:36:16,hit_159_20260730_163616.csv,512,DEFECT,HIGH,0,67,110,565,500000,5493656,5493656,-3205086,1101038.7,,307,258,坏棒 总长1002mm 任意重度 铁头 307
160,16:36:16,hit_160_20260730_163616.csv,512,DEFECT,HIGH,0,68,111,570,500000,5679641,5679641,-3545015,1158178.5,,307,263,坏棒 总长1002mm 任意重度 铁头 307
161,16:36:16,hit_161_20260730_163616.csv,512,DEFECT,HIGH,0,66,111,550,500000,5660233,5660233,-3513843,1174317.0,,307,243,坏棒 总长1002mm 任意重度 铁头 307
162,16:36:16,hit_162_20260730_163616.csv,512,DEFECT,HIGH,0,68,112,564,500000,5473988,5473988,-3832554,944488.1,,307,257,坏棒 总长1002mm 任意重度 铁头 307
163,16:36:17,hit_163_20260730_163617.csv,512,DEFECT,HIGH,0,66,111,550,500000,5498517,5498517,-3642233,1007333.9,,307,243,坏棒 总长1002mm 任意重度 铁头 307
164,16:36:17,hit_164_20260730_163617.csv,512,DEFECT,HIGH,0,65,109,551,500000,5451902,5451902,-3239323,1124767.0,,307,244,坏棒 总长1002mm 任意重度 铁头 307
165,16:36:17,hit_165_20260730_163617.csv,512,DEFECT,HIGH,0,63,109,530,500000,6093832,6093832,-2934302,1557416.3,,307,223,坏棒 总长1002mm 任意重度 铁头 307
166,16:36:18,hit_166_20260730_163618.csv,512,NORMAL,HIGH,0,0,110,0,500000,3773028,3773028,-3426259,490331.2,,307,,坏棒 总长1002mm 任意重度 铁头 307
167,16:36:18,hit_167_20260730_163618.csv,512,DEFECT,HIGH,0,69,111,580,500000,4275992,4275992,-4212267,253316.5,,307,273,坏棒 总长1002mm 任意重度 铁头 307
168,16:36:18,hit_168_20260730_163618.csv,512,DEFECT,HIGH,0,64,109,540,500000,5234290,5234290,-3103973,1053270.6,,307,233,坏棒 总长1002mm 任意重度 铁头 307
169,16:36:19,hit_169_20260730_163619.csv,512,DEFECT,HIGH,0,70,112,584,500000,4229649,3778561,-4229649,249174.0,,307,277,坏棒 总长1002mm 任意重度 铁头 307
170,16:36:19,hit_170_20260730_163619.csv,512,DEFECT,HIGH,0,68,110,575,500000,5293521,5293521,-3660718,1133800.7,,307,268,坏棒 总长1002mm 任意重度 铁头 307
171,16:36:19,hit_171_20260730_163619.csv,512,DEFECT,HIGH,0,67,108,577,500000,4576666,4576666,-3808483,725218.5,,307,270,坏棒 总长1002mm 任意重度 铁头 307
172,16:36:20,hit_172_20260730_163620.csv,512,DEFECT,HIGH,0,68,109,581,500000,4434431,4434431,-3883814,726770.1,,307,274,坏棒 总长1002mm 任意重度 铁头 307
173,16:36:20,hit_173_20260730_163620.csv,512,DEFECT,HIGH,0,60,108,505,500000,4820144,4820144,-3070313,1248724.0,,307,198,坏棒 总长1002mm 任意重度 铁头 307
174,16:36:20,hit_174_20260730_163620.csv,512,DEFECT,HIGH,0,68,111,570,500000,3863492,2792473,-3863492,-166270.8,,307,263,坏棒 总长1002mm 任意重度 铁头 307
175,16:36:21,hit_175_20260730_163621.csv,512,DEFECT,HIGH,0,67,108,577,500000,4607595,4607595,-3848118,763170.7,,307,270,坏棒 总长1002mm 任意重度 铁头 307
176,16:36:21,hit_176_20260730_163621.csv,512,DEFECT,HIGH,0,34,108,350,500000,4750681,4750681,-3205904,1514491.5,,307,43,坏棒 总长1002mm 任意重度 铁头 307
177,16:36:21,hit_177_20260730_163621.csv,512,DEFECT,HIGH,0,69,110,585,500000,4556380,4556380,-3964810,817121.3,,307,278,坏棒 总长1002mm 任意重度 铁头 307
178,16:36:22,hit_178_20260730_163622.csv,512,DEFECT,HIGH,0,61,108,515,500000,4734732,4734732,-3206925,1199442.8,,307,208,坏棒 总长1002mm 任意重度 铁头 307
179,16:36:22,hit_179_20260730_163622.csv,512,DEFECT,HIGH,0,66,108,567,500000,4981971,4981971,-3467284,1337163.8,,307,260,坏棒 总长1002mm 任意重度 铁头 307
180,16:36:22,hit_180_20260730_163622.csv,512,DEFECT,HIGH,0,66,108,567,500000,4401883,4401883,-3761235,446938.8,,307,260,坏棒 总长1002mm 任意重度 铁头 307
181,16:36:23,hit_181_20260730_163623.csv,512,DEFECT,HIGH,0,21,111,210,500000,4413255,4314479,-4413255,304242.4,,307,-97,坏棒 总长1002mm 任意重度 铁头 307
182,16:36:23,hit_182_20260730_163623.csv,512,DEFECT,HIGH,0,21,111,210,500000,4519952,4099294,-4519952,172772.1,,307,-97,坏棒 总长1002mm 任意重度 铁头 307
183,16:36:23,hit_183_20260730_163623.csv,512,DEFECT,HIGH,0,68,109,581,500000,4794955,4794955,-4004799,726557.7,,307,274,坏棒 总长1002mm 任意重度 铁头 307
184,16:36:23,hit_184_20260730_163623.csv,512,DEFECT,HIGH,0,64,108,546,500000,5599627,5599627,-3270015,1647869.0,,307,239,坏棒 总长1002mm 任意重度 铁头 307
185,16:36:24,hit_185_20260730_163624.csv,512,DEFECT,HIGH,0,64,108,546,500000,5836589,5836589,-3162398,1441905.1,,307,239,坏棒 总长1002mm 任意重度 铁头 307
186,16:36:24,hit_186_20260730_163624.csv,512,DEFECT,HIGH,0,66,112,544,500000,5488566,5488566,-3555888,1096928.6,,307,237,坏棒 总长1002mm 任意重度 铁头 307
187,16:36:24,hit_187_20260730_163624.csv,512,DEFECT,HIGH,0,66,111,550,500000,5711832,5711832,-3318308,1254549.4,,307,243,坏棒 总长1002mm 任意重度 铁头 307
188,16:36:25,hit_188_20260730_163625.csv,512,DEFECT,HIGH,0,36,111,360,500000,5892189,5892189,-3323036,1532145.0,,307,53,坏棒 总长1002mm 任意重度 铁头 307
189,16:36:25,hit_189_20260730_163625.csv,512,DEFECT,HIGH,0,65,111,540,500000,6066948,6066948,-3338563,1470865.5,,307,233,坏棒 总长1002mm 任意重度 铁头 307
190,16:36:25,hit_190_20260730_163625.csv,512,DEFECT,HIGH,0,66,113,539,500000,4310714,4310714,-3687018,628568.5,,307,232,坏棒 总长1002mm 任意重度 铁头 307
191,16:36:26,hit_191_20260730_163626.csv,512,DEFECT,HIGH,0,65,112,534,500000,5693951,5693951,-3376067,1289615.2,,307,227,坏棒 总长1002mm 任意重度 铁头 307
192,16:36:26,hit_192_20260730_163626.csv,512,DEFECT,HIGH,0,65,110,545,500000,5492797,5492797,-3238560,1249527.8,,307,238,坏棒 总长1002mm 任意重度 铁头 307
193,16:36:26,hit_193_20260730_163626.csv,512,DEFECT,HIGH,0,67,111,560,500000,5214004,5214004,-3622815,948816.6,,307,253,坏棒 总长1002mm 任意重度 铁头 307
194,16:36:26,hit_194_20260730_163626.csv,512,DEFECT,HIGH,0,66,113,539,500000,5317776,5317776,-3804300,1088323.5,,307,232,坏棒 总长1002mm 任意重度 铁头 307
195,16:36:27,hit_195_20260730_163627.csv,512,DEFECT,HIGH,0,71,113,588,500000,4547932,4547932,-4111113,533216.5,,307,281,坏棒 总长1002mm 任意重度 铁头 307
196,16:36:27,hit_196_20260730_163627.csv,512,DEFECT,HIGH,0,70,113,578,500000,4284786,3727909,-4284786,296841.7,,307,271,坏棒 总长1002mm 任意重度 铁头 307
197,16:36:27,hit_197_20260730_163627.csv,512,DEFECT,HIGH,0,38,112,376,500000,5259440,5259440,-3647057,1052022.1,,307,69,坏棒 总长1002mm 任意重度 铁头 307
198,16:36:27,hit_198_20260730_163627.csv,512,DEFECT,HIGH,0,68,112,564,500000,4989105,4989105,-3712729,907014.2,,307,257,坏棒 总长1002mm 任意重度 铁头 307
199,16:36:28,hit_199_20260730_163628.csv,512,DEFECT,HIGH,0,69,113,568,500000,4677462,4677462,-3775890,829868.4,,307,261,坏棒 总长1002mm 任意重度 铁头 307
200,16:36:28,hit_200_20260730_163628.csv,512,DEFECT,HIGH,0,23,115,221,500000,4475162,3044688,-4475162,-234242.8,,307,-86,坏棒 总长1002mm 任意重度 铁头 307
201,16:36:28,hit_201_20260730_163628.csv,512,DEFECT,HIGH,0,66,111,550,500000,5551113,5551113,-3372030,1340357.7,,307,243,坏棒 总长1002mm 任意重度 铁头 307
202,16:36:28,hit_202_20260730_163628.csv,512,DEFECT,HIGH,0,23,114,223,500000,4748432,3385899,-4748432,-12047.8,,307,-84,坏棒 总长1002mm 任意重度 铁头 307
203,16:36:29,hit_203_20260730_163629.csv,512,DEFECT,HIGH,0,67,111,560,500000,5016161,5016161,-3746386,777022.0,,307,253,坏棒 总长1002mm 任意重度 铁头 307
204,16:36:29,hit_204_20260730_163629.csv,512,DEFECT,HIGH,0,64,111,530,500000,5829692,5829692,-3191394,1410202.0,,307,223,坏棒 总长1002mm 任意重度 铁头 307
205,16:36:29,hit_205_20260730_163629.csv,512,DEFECT,HIGH,0,67,113,549,500000,5808644,5808644,-3696572,1263354.7,,307,242,坏棒 总长1002mm 任意重度 铁头 307
206,16:36:30,hit_206_20260730_163630.csv,512,DEFECT,HIGH,0,72,113,598,500000,5117023,5117023,-4388626,555393.2,,307,291,坏棒 总长1002mm 任意重度 铁头 307
207,16:36:30,hit_207_20260730_163630.csv,512,DEFECT,HIGH,0,67,112,554,500000,5884100,5884100,-3592099,1352414.6,,307,247,坏棒 总长1002mm 任意重度 铁头 307
208,16:36:30,hit_208_20260730_163630.csv,512,DEFECT,HIGH,0,65,111,540,500000,6127791,6127791,-3378665,1637679.6,,307,233,坏棒 总长1002mm 任意重度 铁头 307
209,16:36:31,hit_209_20260730_163631.csv,512,DEFECT,HIGH,0,69,112,574,500000,5617331,5617331,-3978995,939177.2,,307,267,坏棒 总长1002mm 任意重度 铁头 307
210,16:36:31,hit_210_20260730_163631.csv,512,DEFECT,HIGH,0,62,116,485,500000,6243754,6243754,-2886615,1862068.5,,307,178,坏棒 总长1002mm 任意重度 铁头 307
211,16:36:31,hit_211_20260730_163631.csv,512,DEFECT,HIGH,0,66,110,555,500000,5815878,5815878,-3424387,1314150.3,,307,248,坏棒 总长1002mm 任意重度 铁头 307
212,16:36:32,hit_212_20260730_163632.csv,512,DEFECT,HIGH,0,36,109,367,500000,6305381,6305381,-3108635,1805246.9,,307,60,坏棒 总长1002mm 任意重度 铁头 307
213,16:36:32,hit_213_20260730_163632.csv,512,DEFECT,HIGH,0,65,111,540,500000,5624263,5624263,-3405682,1353777.3,,307,233,坏棒 总长1002mm 任意重度 铁头 307
214,16:36:32,hit_214_20260730_163632.csv,512,DEFECT,HIGH,0,60,115,466,500000,5978665,5978665,-2645279,2171430.5,,307,159,坏棒 总长1002mm 任意重度 铁头 307
215,16:36:33,hit_215_20260730_163633.csv,512,DEFECT,HIGH,0,64,109,540,500000,6058509,6058509,-3300905,1622102.7,,307,233,坏棒 总长1002mm 任意重度 铁头 307
216,16:36:33,hit_216_20260730_163633.csv,512,DEFECT,HIGH,0,63,110,525,500000,6224799,6224799,-3057307,1795596.1,,307,218,坏棒 总长1002mm 任意重度 铁头 307
217,16:36:34,hit_217_20260730_163634.csv,512,DEFECT,HIGH,0,70,112,584,500000,4957030,4957030,-4167093,825541.3,,307,277,坏棒 总长1002mm 任意重度 铁头 307
218,16:36:34,hit_218_20260730_163634.csv,512,DEFECT,HIGH,0,67,110,565,500000,5239003,5239003,-3642838,1358760.2,,307,258,坏棒 总长1002mm 任意重度 铁头 307
219,16:36:34,hit_219_20260730_163634.csv,512,DEFECT,HIGH,0,69,111,580,500000,4230596,4230596,-3958150,471421.4,,307,273,坏棒 总长1002mm 任意重度 铁头 307
220,16:36:35,hit_220_20260730_163635.csv,512,DEFECT,HIGH,0,71,113,588,500000,4310629,3945614,-4310629,295710.2,,307,281,坏棒 总长1002mm 任意重度 铁头 307
221,16:36:35,hit_221_20260730_163635.csv,512,DEFECT,HIGH,0,67,112,554,500000,4931835,4931835,-3397255,972286.1,,307,247,坏棒 总长1002mm 任意重度 铁头 307
222,16:36:35,hit_222_20260730_163635.csv,512,DEFECT,HIGH,0,64,110,535,500000,5991026,5991026,-3115179,1538478.8,,307,228,坏棒 总长1002mm 任意重度 铁头 307
223,16:36:36,hit_223_20260730_163636.csv,512,DEFECT,HIGH,0,64,111,530,500000,5888112,5888112,-3037697,1482928.3,,307,223,坏棒 总长1002mm 任意重度 铁头 307
224,16:36:36,hit_224_20260730_163636.csv,512,DEFECT,HIGH,0,63,111,520,500000,5973900,5973900,-3066403,1774305.3,,307,213,坏棒 总长1002mm 任意重度 铁头 307
225,16:36:39,hit_225_20260730_163639.csv,512,DEFECT,HIGH,0,62,111,510,500000,5977450,5977450,-2835679,1956087.5,,307,203,坏棒 总长1002mm 任意重度 铁头 307
226,16:36:39,hit_226_20260730_163639.csv,512,DEFECT,HIGH,0,39,116,367,500000,7211785,7211785,-2733629,2668387.1,,307,60,坏棒 总长1002mm 任意重度 铁头 307
227,16:36:39,hit_227_20260730_163639.csv,512,DEFECT,HIGH,0,64,111,530,500000,5848589,5848589,-3218978,1602267.7,,307,223,坏棒 总长1002mm 任意重度 铁头 307
228,16:36:40,hit_228_20260730_163640.csv,512,DEFECT,HIGH,0,67,111,560,500000,5904049,5904049,-3659220,1298549.9,,307,253,坏棒 总长1002mm 任意重度 铁头 307
229,16:36:40,hit_229_20260730_163640.csv,512,DEFECT,HIGH,0,68,109,581,500000,4794273,4794273,-3764325,976722.2,,307,274,坏棒 总长1002mm 任意重度 铁头 307
230,16:36:40,hit_230_20260730_163640.csv,512,DEFECT,HIGH,0,66,108,567,500000,4960162,4960162,-3443565,1241902.6,,307,260,坏棒 总长1002mm 任意重度 铁头 307
231,16:36:41,hit_231_20260730_163641.csv,512,DEFECT,HIGH,0,67,110,565,500000,5697906,5697906,-3549188,1528250.4,,307,258,坏棒 总长1002mm 任意重度 铁头 307
232,16:36:41,hit_232_20260730_163641.csv,512,DEFECT,HIGH,0,62,110,515,500000,6152014,6152014,-3020818,1907788.3,,307,208,坏棒 总长1002mm 任意重度 铁头 307
233,16:36:41,hit_233_20260730_163641.csv,512,DEFECT,HIGH,0,65,112,534,500000,5778886,5778886,-3523535,1417058.8,,307,227,坏棒 总长1002mm 任意重度 铁头 307
234,16:36:42,hit_234_20260730_163642.csv,512,DEFECT,HIGH,0,64,111,530,500000,5597306,5597306,-3400431,1371625.8,,307,223,坏棒 总长1002mm 任意重度 铁头 307
235,16:36:42,hit_235_20260730_163642.csv,512,DEFECT,HIGH,0,62,110,515,500000,5759797,5759797,-2860504,1616176.0,,307,208,坏棒 总长1002mm 任意重度 铁头 307
236,16:36:42,hit_236_20260730_163642.csv,512,DEFECT,HIGH,0,62,117,476,500000,5980296,5980296,-2688149,2102883.0,,307,169,坏棒 总长1002mm 任意重度 铁头 307
237,16:36:43,hit_237_20260730_163643.csv,512,DEFECT,HIGH,0,64,111,530,500000,5790959,5790959,-3089117,1431449.2,,307,223,坏棒 总长1002mm 任意重度 铁头 307
238,16:36:43,hit_238_20260730_163643.csv,512,DEFECT,HIGH,0,64,111,530,500000,5768698,5768698,-3205906,1298434.0,,307,223,坏棒 总长1002mm 任意重度 铁头 307
239,16:36:43,hit_239_20260730_163643.csv,512,DEFECT,HIGH,0,64,108,546,500000,5754758,5754758,-3223516,1409803.8,,307,239,坏棒 总长1002mm 任意重度 铁头 307
240,16:36:44,hit_240_20260730_163644.csv,512,DEFECT,HIGH,0,68,109,581,500000,4674044,4674044,-3868272,737296.8,,307,274,坏棒 总长1002mm 任意重度 铁头 307
241,16:36:44,hit_241_20260730_163644.csv,512,DEFECT,HIGH,0,62,111,504,500000,4915245,4915245,-2610688,1317709.9,,307,197,坏棒 总长1002mm 任意重度 铁头 307
242,16:36:44,hit_242_20260730_163644.csv,512,DEFECT,HIGH,0,61,108,515,500000,4991520,4991520,-3095675,1494974.7,,307,208,坏棒 总长1002mm 任意重度 铁头 307
243,16:36:44,hit_243_20260730_163644.csv,512,DEFECT,HIGH,0,66,109,561,500000,6150417,6150417,-3453318,1459379.8,,307,254,坏棒 总长1002mm 任意重度 铁头 307
244,16:36:45,hit_244_20260730_163645.csv,512,DEFECT,HIGH,0,37,111,370,500000,5164753,5164753,-3818260,651964.0,,307,63,坏棒 总长1002mm 任意重度 铁头 307
245,16:36:45,hit_245_20260730_163645.csv,512,DEFECT,HIGH,0,39,112,386,500000,5074882,5074882,-4169861,575583.2,,307,79,坏棒 总长1002mm 任意重度 铁头 307
246,16:36:45,hit_246_20260730_163645.csv,512,DEFECT,HIGH,0,22,113,215,500000,4637252,3580887,-4637252,21806.7,,307,-92,坏棒 总长1002mm 任意重度 铁头 307
247,16:36:46,hit_247_20260730_163646.csv,512,DEFECT,HIGH,0,70,112,584,500000,4146186,4146186,-3983552,426823.7,,307,277,坏棒 总长1002mm 任意重度 铁头 307
248,16:36:46,hit_248_20260730_163646.csv,512,DEFECT,HIGH,0,68,110,575,500000,4111421,4111421,-4033058,334198.6,,307,268,坏棒 总长1002mm 任意重度 铁头 307
249,16:36:46,hit_249_20260730_163646.csv,512,DEFECT,HIGH,0,24,111,240,500000,4631054,3879342,-4631054,-191785.4,,307,-67,坏棒 总长1002mm 任意重度 铁头 307
250,16:36:46,hit_250_20260730_163646.csv,512,DEFECT,HIGH,0,68,116,504,500000,4339117,4339117,-4207565,-175925.0,,307,197,坏棒 总长1002mm 任意重度 铁头 307
251,16:36:47,hit_251_20260730_163647.csv,512,DEFECT,HIGH,0,69,109,591,500000,4737716,4737716,-3104300,527563.7,,307,284,坏棒 总长1002mm 任意重度 铁头 307
252,16:36:47,hit_252_20260730_163647.csv,512,DEFECT,HIGH,0,65,109,551,500000,5025115,5025115,-3195788,1532387.6,,307,244,坏棒 总长1002mm 任意重度 铁头 307
253,16:36:47,hit_253_20260730_163647.csv,512,DEFECT,HIGH,0,38,116,361,500000,6716281,6716281,-2763368,2532976.0,,307,54,坏棒 总长1002mm 任意重度 铁头 307
254,16:36:48,hit_254_20260730_163648.csv,512,DEFECT,HIGH,0,65,110,545,500000,5609610,5609610,-3448942,1138988.4,,307,238,坏棒 总长1002mm 任意重度 铁头 307
255,16:36:48,hit_255_20260730_163648.csv,512,DEFECT,HIGH,0,63,111,520,500000,5438161,5438161,-3162523,1243444.6,,307,213,坏棒 总长1002mm 任意重度 铁头 307
256,16:36:48,hit_256_20260730_163648.csv,512,DEFECT,HIGH,0,64,112,524,500000,5252999,5252999,-3278494,1192852.0,,307,217,坏棒 总长1002mm 任意重度 铁头 307
257,16:36:49,hit_257_20260730_163649.csv,512,DEFECT,HIGH,0,70,113,578,500000,4710300,4710300,-4227788,382707.3,,307,271,坏棒 总长1002mm 任意重度 铁头 307
258,16:36:49,hit_258_20260730_163649.csv,512,DEFECT,HIGH,0,64,113,519,500000,5521975,5521975,-3068820,1627540.9,,307,212,坏棒 总长1002mm 任意重度 铁头 307
259,16:36:49,hit_259_20260730_163649.csv,512,DEFECT,HIGH,0,65,111,540,500000,5396803,5396803,-3274148,1179966.6,,307,233,坏棒 总长1002mm 任意重度 铁头 307
260,16:36:50,hit_260_20260730_163650.csv,512,DEFECT,HIGH,0,66,110,555,500000,4608243,4608243,-3440254,1030437.6,,307,248,坏棒 总长1002mm 任意重度 铁头 307
261,16:37:13,hit_261_20260730_163713.csv,512,DEFECT,HIGH,0,64,110,535,500000,6262166,6262166,-3193801,1833444.2,,307,228,坏棒 总长1002mm 任意重度 铁头 307
262,16:37:13,hit_262_20260730_163713.csv,512,DEFECT,HIGH,0,65,109,551,500000,5767745,5767745,-3460012,1284877.5,,307,244,坏棒 总长1002mm 任意重度 铁头 307
263,16:37:13,hit_263_20260730_163713.csv,512,DEFECT,HIGH,0,66,109,561,500000,5526719,5526719,-3669950,925224.6,,307,254,坏棒 总长1002mm 任意重度 铁头 307
264,16:37:14,hit_264_20260730_163714.csv,512,DEFECT,HIGH,0,64,108,546,500000,5954172,5954172,-3490969,1380446.7,,307,239,坏棒 总长1002mm 任意重度 铁头 307
265,16:37:14,hit_265_20260730_163714.csv,512,DEFECT,HIGH,0,67,111,560,500000,5070208,5070208,-3835689,792340.4,,307,253,坏棒 总长1002mm 任意重度 铁头 307
266,16:37:14,hit_266_20260730_163714.csv,512,DEFECT,HIGH,0,21,113,205,500000,4404301,4213480,-4404301,256463.4,,307,-102,坏棒 总长1002mm 任意重度 铁头 307
267,16:37:15,hit_267_20260730_163715.csv,512,DEFECT,HIGH,0,61,114,485,500000,6048421,6048421,-2798610,1534655.7,,307,178,坏棒 总长1002mm 任意重度 铁头 307
268,16:37:15,hit_268_20260730_163715.csv,512,DEFECT,HIGH,0,64,108,546,500000,5697363,5697363,-3554104,1120930.9,,307,239,坏棒 总长1002mm 任意重度 铁头 307
269,16:37:15,hit_269_20260730_163715.csv,512,DEFECT,HIGH,0,65,108,556,500000,6028967,6028967,-3252731,1576317.3,,307,249,坏棒 总长1002mm 任意重度 铁头 307
270,16:37:16,hit_270_20260730_163716.csv,512,DEFECT,HIGH,0,63,108,536,500000,5822940,5822940,-3069895,1433188.8,,307,229,坏棒 总长1002mm 任意重度 铁头 307
271,16:37:16,hit_271_20260730_163716.csv,512,DEFECT,HIGH,0,67,111,560,500000,5520351,5520351,-3808694,1129574.5,,307,253,坏棒 总长1002mm 任意重度 铁头 307
272,16:37:16,hit_272_20260730_163716.csv,512,DEFECT,HIGH,0,68,113,558,500000,5853589,5853589,-3502965,1720220.4,,307,251,坏棒 总长1002mm 任意重度 铁头 307
273,16:37:17,hit_273_20260730_163717.csv,512,DEFECT,HIGH,0,65,112,534,500000,5959899,5959899,-3538073,1677799.7,,307,227,坏棒 总长1002mm 任意重度 铁头 307
274,16:37:17,hit_274_20260730_163717.csv,512,DEFECT,HIGH,0,62,113,495,500000,6493522,6493522,-2738179,2042370.6,,307,188,坏棒 总长1002mm 任意重度 铁头 307
275,16:37:54,hit_275_20260730_163754.csv,512,DEFECT,HIGH,0,21,108,216,500000,4335797,4319007,-4335797,4659.4,,307,-91,坏棒 总长1002mm 任意重度 铁头 307
276,16:37:54,hit_276_20260730_163754.csv,512,DEFECT,HIGH,0,62,108,525,500000,5188098,5188098,-3393925,1436547.3,,307,218,坏棒 总长1002mm 任意重度 铁头 307
277,16:37:54,hit_277_20260730_163754.csv,512,DEFECT,HIGH,0,68,108,587,500000,5031746,5031746,-2880450,1187592.5,,307,280,坏棒 总长1002mm 任意重度 铁头 307
278,16:37:55,hit_278_20260730_163755.csv,512,NORMAL,HIGH,0,0,109,0,500000,5106141,5106141,-2423658,1510734.6,,307,,坏棒 总长1002mm 任意重度 铁头 307
279,16:37:55,hit_279_20260730_163755.csv,512,DEFECT,HIGH,0,70,108,608,500000,5099454,5099454,-2933714,1110047.4,,307,301,坏棒 总长1002mm 任意重度 铁头 307
280,16:37:55,hit_280_20260730_163755.csv,512,DEFECT,HIGH,0,67,108,577,500000,5064416,5064416,-3676807,1048326.4,,307,270,坏棒 总长1002mm 任意重度 铁头 307
281,16:38:22,hit_281_20260730_163822.csv,512,DEFECT,HIGH,0,66,110,555,500000,5375839,5375839,-3519381,1132082.7,,307,248,坏棒 总长1002mm 任意重度 铁头 307
282,16:38:23,hit_282_20260730_163823.csv,512,DEFECT,HIGH,0,61,108,515,500000,5682294,5682294,-2999147,1663762.7,,307,208,坏棒 总长1002mm 任意重度 铁头 307
283,16:38:23,hit_283_20260730_163823.csv,512,DEFECT,HIGH,0,60,109,490,500000,5994342,5994342,-2568971,2120654.1,,307,183,坏棒 总长1002mm 任意重度 铁头 307
284,16:38:24,hit_284_20260730_163824.csv,512,DEFECT,HIGH,0,60,111,485,500000,5869992,5869992,-2747975,1807832.9,,307,178,坏棒 总长1002mm 任意重度 铁头 307
285,16:38:24,hit_285_20260730_163824.csv,512,DEFECT,HIGH,0,63,108,536,500000,5221324,5221324,-3359171,1021703.7,,307,229,坏棒 总长1002mm 任意重度 铁头 307
286,16:38:25,hit_286_20260730_163825.csv,512,DEFECT,HIGH,0,29,112,287,500000,5297498,3750318,-5297498,-664422.2,,307,-20,坏棒 总长1002mm 任意重度 铁头 307
287,16:38:26,hit_287_20260730_163826.csv,512,DEFECT,HIGH,0,21,110,212,500000,4429812,4167784,-4429812,240434.9,,307,-95,坏棒 总长1002mm 任意重度 铁头 307
288,16:38:26,hit_288_20260730_163826.csv,512,DEFECT,HIGH,0,70,110,595,500000,4417268,4183491,-4417268,242761.7,,307,288,坏棒 总长1002mm 任意重度 铁头 307
289,16:38:26,hit_289_20260730_163826.csv,512,DEFECT,HIGH,0,63,108,536,500000,5942711,5942711,-3131284,1565843.8,,307,229,坏棒 总长1002mm 任意重度 铁头 307
290,16:38:27,hit_290_20260730_163827.csv,512,DEFECT,HIGH,0,67,109,571,500000,5416372,5416372,-3692908,1212429.5,,307,264,坏棒 总长1002mm 任意重度 铁头 307
291,16:38:27,hit_291_20260730_163827.csv,512,DEFECT,HIGH,0,71,111,600,500000,5004952,5004952,-4436522,477419.2,,307,293,坏棒 总长1002mm 任意重度 铁头 307
292,16:38:28,hit_292_20260730_163828.csv,512,DEFECT,HIGH,0,62,115,485,500000,6464802,6464802,-2775672,2483662.0,,307,178,坏棒 总长1002mm 任意重度 铁头 307
293,16:38:28,hit_293_20260730_163828.csv,512,DEFECT,HIGH,0,64,109,540,500000,6459078,6459078,-3098906,1988324.5,,307,233,坏棒 总长1002mm 任意重度 铁头 307
294,16:38:28,hit_294_20260730_163828.csv,512,DEFECT,HIGH,0,65,109,551,500000,5753648,5753648,-3443225,1294364.0,,307,244,坏棒 总长1002mm 任意重度 铁头 307
295,16:38:29,hit_295_20260730_163829.csv,512,DEFECT,HIGH,0,66,111,550,500000,5820821,5820821,-3597729,1324830.3,,307,243,坏棒 总长1002mm 任意重度 铁头 307
296,16:38:29,hit_296_20260730_163829.csv,512,DEFECT,HIGH,0,66,111,550,500000,5882798,5882798,-3625800,1392644.8,,307,243,坏棒 总长1002mm 任意重度 铁头 307
297,16:38:30,hit_297_20260730_163830.csv,512,DEFECT,HIGH,0,35,109,357,500000,5563690,5563690,-3648752,1189335.8,,307,50,坏棒 总长1002mm 任意重度 铁头 307
298,16:38:30,hit_298_20260730_163830.csv,512,DEFECT,HIGH,0,64,108,546,500000,5500228,5500228,-3179872,1121952.3,,307,239,坏棒 总长1002mm 任意重度 铁头 307
299,16:38:30,hit_299_20260730_163830.csv,512,DEFECT,LOW,0,42,0,400,500000,3359542,3359542,-2442149,-238025.9,,307,93,坏棒 总长1002mm 任意重度 铁头 307
300,16:38:37,hit_300_20260730_163837.csv,512,DEFECT,HIGH,0,68,114,553,500000,3658433,2682083,-3658433,-227446.0,,307,246,坏棒 总长1002mm 任意重度 铁头 307
301,16:38:37,hit_301_20260730_163837.csv,512,DEFECT,HIGH,0,22,112,217,500000,4519655,3979784,-4519655,113179.9,,307,-90,坏棒 总长1002mm 任意重度 铁头 307
302,16:38:37,hit_302_20260730_163837.csv,512,DEFECT,HIGH,0,65,108,556,500000,5222406,5222406,-3702929,1024494.6,,307,249,坏棒 总长1002mm 任意重度 铁头 307
303,16:38:38,hit_303_20260730_163838.csv,512,DEFECT,HIGH,0,38,110,383,500000,5605683,5605683,-4013595,1130874.4,,307,76,坏棒 总长1002mm 任意重度 铁头 307
304,16:38:38,hit_304_20260730_163838.csv,512,DEFECT,HIGH,0,65,108,556,500000,5713423,5713423,-3502980,1556467.5,,307,249,坏棒 总长1002mm 任意重度 铁头 307
305,16:38:39,hit_305_20260730_163839.csv,512,DEFECT,HIGH,0,62,108,525,500000,5746217,5746217,-3169973,1284313.5,,307,218,坏棒 总长1002mm 任意重度 铁头 307
306,16:38:39,hit_306_20260730_163839.csv,512,DEFECT,HIGH,0,69,111,580,500000,4841737,4841737,-4150684,608164.2,,307,273,坏棒 总长1002mm 任意重度 铁头 307
307,16:38:40,hit_307_20260730_163840.csv,512,DEFECT,HIGH,0,36,110,363,500000,5388406,5388406,-3842549,819531.6,,307,56,坏棒 总长1002mm 任意重度 铁头 307
308,16:38:40,hit_308_20260730_163840.csv,512,DEFECT,HIGH,0,64,110,535,500000,5408995,5408995,-3081042,1378964.7,,307,228,坏棒 总长1002mm 任意重度 铁头 307
309,16:38:40,hit_309_20260730_163840.csv,512,DEFECT,HIGH,0,66,110,555,500000,5546694,5546694,-3330494,1451825.2,,307,248,坏棒 总长1002mm 任意重度 铁头 307
310,16:38:41,hit_310_20260730_163841.csv,512,DEFECT,HIGH,0,39,111,390,500000,5625259,5625259,-3929294,1134049.4,,307,83,坏棒 总长1002mm 任意重度 铁头 307
311,16:38:41,hit_311_20260730_163841.csv,512,DEFECT,HIGH,0,69,114,563,500000,5385598,5385598,-3974285,937333.0,,307,256,坏棒 总长1002mm 任意重度 铁头 307
312,16:38:42,hit_312_20260730_163842.csv,512,DEFECT,HIGH,0,66,110,555,500000,5934897,5934897,-3559394,1382486.8,,307,248,坏棒 总长1002mm 任意重度 铁头 307
313,16:40:05,hit_313_20260730_164005.csv,512,DEFECT,HIGH,0,21,116,185,500000,4338324,4280408,-4338324,-79637.9,,307,-122,坏棒 总长1002mm 任意重度 铁头 307
314,16:40:06,hit_314_20260730_164006.csv,512,DEFECT,HIGH,0,65,115,477,500000,4570318,4570318,-3784447,495871.7,,307,170,坏棒 总长1002mm 任意重度 铁头 307
315,16:40:06,hit_315_20260730_164006.csv,512,DEFECT,HIGH,0,71,115,628,500000,4236203,4236203,-3615384,328712.2,,307,321,坏棒 总长1002mm 任意重度 铁头 307
316,16:40:07,hit_316_20260730_164007.csv,512,DEFECT,HIGH,0,26,111,260,500000,5080108,3610151,-5080108,-392103.4,,307,-47,坏棒 总长1002mm 任意重度 铁头 307
317,16:40:07,hit_317_20260730_164007.csv,512,DEFECT,HIGH,0,67,108,577,500000,5176430,5176430,-3839156,1037523.9,,307,270,坏棒 总长1002mm 任意重度 铁头 307
318,16:40:08,hit_318_20260730_164008.csv,512,DEFECT,HIGH,0,68,108,587,500000,4799363,4799363,-4169393,609812.2,,307,280,坏棒 总长1002mm 任意重度 铁头 307
319,16:40:08,hit_319_20260730_164008.csv,512,DEFECT,HIGH,0,65,108,556,500000,5016657,5016657,-3549319,1209150.8,,307,249,坏棒 总长1002mm 任意重度 铁头 307
320,16:40:09,hit_320_20260730_164009.csv,512,DEFECT,HIGH,0,68,109,581,500000,4566398,4566398,-4154611,578702.1,,307,274,坏棒 总长1002mm 任意重度 铁头 307
321,16:40:09,hit_321_20260730_164009.csv,512,DEFECT,HIGH,0,67,108,577,500000,4866980,4866980,-3788026,825778.7,,307,270,坏棒 总长1002mm 任意重度 铁头 307
322,16:40:10,hit_322_20260730_164010.csv,512,DEFECT,HIGH,0,66,108,567,500000,5262242,5262242,-3668500,895861.7,,307,260,坏棒 总长1002mm 任意重度 铁头 307
323,16:40:13,hit_323_20260730_164013.csv,512,DEFECT,HIGH,0,21,111,210,500000,4336674,3940326,-4336674,103977.1,,307,-97,坏棒 总长1002mm 任意重度 铁头 307
324,16:40:13,hit_324_20260730_164013.csv,512,DEFECT,HIGH,0,65,108,556,500000,4962342,4962342,-3420759,1219132.1,,307,249,坏棒 总长1002mm 任意重度 铁头 307
325,16:40:14,hit_325_20260730_164014.csv,512,DEFECT,HIGH,0,72,112,603,500000,4596687,4596687,-4470794,478344.5,,307,296,坏棒 总长1002mm 任意重度 铁头 307
326,16:40:14,hit_326_20260730_164014.csv,512,DEFECT,HIGH,0,70,112,584,500000,5307365,5307365,-4025081,1173345.2,,307,277,坏棒 总长1002mm 任意重度 铁头 307
327,16:40:15,hit_327_20260730_164015.csv,512,DEFECT,HIGH,0,66,108,567,500000,4798948,4798948,-3501756,861687.6,,307,260,坏棒 总长1002mm 任意重度 铁头 307
328,16:40:15,hit_328_20260730_164015.csv,512,DEFECT,HIGH,0,21,111,210,500000,4446235,3900517,-4446235,86404.2,,307,-97,坏棒 总长1002mm 任意重度 铁头 307
329,16:40:16,hit_329_20260730_164016.csv,512,DEFECT,HIGH,0,36,109,367,500000,5262638,5262638,-3024012,1372963.4,,307,60,坏棒 总长1002mm 任意重度 铁头 307
330,16:40:16,hit_330_20260730_164016.csv,512,DEFECT,HIGH,0,21,113,205,500000,4238850,4207757,-4238850,381187.8,,307,-102,坏棒 总长1002mm 任意重度 铁头 307
331,16:40:17,hit_331_20260730_164017.csv,512,DEFECT,HIGH,0,37,110,373,500000,5532779,5532779,-3289488,1288378.1,,307,66,坏棒 总长1002mm 任意重度 铁头 307
332,16:40:18,hit_332_20260730_164018.csv,512,DEFECT,HIGH,0,64,110,535,500000,6115044,6115044,-2895273,1823977.3,,307,228,坏棒 总长1002mm 任意重度 铁头 307
333,16:40:18,hit_333_20260730_164018.csv,512,DEFECT,HIGH,0,66,110,555,500000,5596654,5596654,-3342546,1353816.3,,307,248,坏棒 总长1002mm 任意重度 铁头 307
334,16:40:19,hit_334_20260730_164019.csv,512,DEFECT,HIGH,0,38,111,380,500000,4792993,4792993,-3953769,627292.4,,307,73,坏棒 总长1002mm 任意重度 铁头 307
335,16:40:19,hit_335_20260730_164019.csv,512,DEFECT,HIGH,0,67,110,565,500000,5032074,5032074,-3842881,766021.8,,307,258,坏棒 总长1002mm 任意重度 铁头 307
336,16:40:19,hit_336_20260730_164019.csv,512,DEFECT,HIGH,0,68,111,570,500000,4588716,4588716,-4083720,455980.1,,307,263,坏棒 总长1002mm 任意重度 铁头 307
337,16:40:20,hit_337_20260730_164020.csv,512,DEFECT,HIGH,0,68,112,564,500000,5568156,5568156,-3861764,990967.9,,307,257,坏棒 总长1002mm 任意重度 铁头 307
338,16:40:20,hit_338_20260730_164020.csv,512,DEFECT,HIGH,0,23,114,223,500000,4768715,3421171,-4768715,-85721.0,,307,-84,坏棒 总长1002mm 任意重度 铁头 307
339,16:40:21,hit_339_20260730_164021.csv,512,DEFECT,HIGH,0,68,111,570,500000,5198920,5198920,-3502962,942047.7,,307,263,坏棒 总长1002mm 任意重度 铁头 307
340,16:41:03,hit_340_20260730_164103.csv,512,DEFECT,HIGH,0,32,113,283,500000,2138592,2138592,-1292475,-122324.0,,307,-24,坏棒 总长1002mm 任意重度 铁头 307
341,16:41:03,hit_341_20260730_164103.csv,512,DEFECT,HIGH,0,64,108,546,500000,5507759,5507759,-3363500,1233425.8,,307,239,坏棒 总长1002mm 任意重度 铁头 307
342,16:41:05,hit_342_20260730_164105.csv,512,DEFECT,HIGH,0,21,112,207,500000,5034718,5034718,-4328020,418635.8,,307,-100,坏棒 总长1002mm 任意重度 铁头 307
343,16:41:11,hit_343_20260730_164111.csv,512,DEFECT,HIGH,0,68,110,575,500000,5229610,5229610,-3981847,695370.6,,307,268,坏棒 总长1002mm 任意重度 铁头 307
344,16:41:11,hit_344_20260730_164111.csv,512,DEFECT,HIGH,0,69,111,580,500000,4213049,3625337,-4213049,135188.4,,307,273,坏棒 总长1002mm 任意重度 铁头 307
345,16:41:11,hit_345_20260730_164111.csv,512,DEFECT,HIGH,0,63,108,536,500000,5233664,5233664,-3340314,1059301.4,,307,229,坏棒 总长1002mm 任意重度 铁头 307
346,16:41:14,hit_346_20260730_164114.csv,512,DEFECT,HIGH,0,67,110,565,500000,5492248,5492248,-3735355,977121.6,,307,258,坏棒 总长1002mm 任意重度 铁头 307
347,16:41:15,hit_347_20260730_164115.csv,512,DEFECT,HIGH,0,21,112,207,500000,4457266,3603869,-4457266,52249.1,,307,-100,坏棒 总长1002mm 任意重度 铁头 307
348,16:41:16,hit_348_20260730_164116.csv,512,DEFECT,HIGH,0,36,109,367,500000,5241623,5241623,-3768297,778302.8,,307,60,坏棒 总长1002mm 任意重度 铁头 307
349,16:41:16,hit_349_20260730_164116.csv,512,DEFECT,HIGH,0,66,110,555,500000,5236249,5236249,-3639337,962156.1,,307,248,坏棒 总长1002mm 任意重度 铁头 307
350,16:41:16,hit_350_20260730_164116.csv,512,DEFECT,HIGH,0,70,111,590,500000,4833835,4833835,-4239980,497250.0,,307,283,坏棒 总长1002mm 任意重度 铁头 307
351,16:41:17,hit_351_20260730_164117.csv,512,DEFECT,HIGH,0,24,113,235,500000,4907771,3686951,-4907771,-69741.8,,307,-72,坏棒 总长1002mm 任意重度 铁头 307
352,16:41:17,hit_352_20260730_164117.csv,512,DEFECT,HIGH,0,67,109,571,500000,5669763,5669763,-3596803,1273322.0,,307,264,坏棒 总长1002mm 任意重度 铁头 307
353,16:41:18,hit_353_20260730_164118.csv,512,DEFECT,HIGH,0,37,109,377,500000,5288560,5288560,-3900830,784395.4,,307,70,坏棒 总长1002mm 任意重度 铁头 307
354,16:41:24,hit_354_20260730_164124.csv,512,DEFECT,HIGH,0,64,110,535,500000,5585676,5585676,-3096134,1388004.7,,307,228,坏棒 总长1002mm 任意重度 铁头 307
355,16:41:24,hit_355_20260730_164124.csv,512,DEFECT,HIGH,0,21,111,210,500000,4257272,3670703,-4257272,9729.1,,307,-97,坏棒 总长1002mm 任意重度 铁头 307
356,16:41:24,hit_356_20260730_164124.csv,512,DEFECT,HIGH,0,62,108,525,500000,4853876,4853876,-3166308,936432.0,,307,218,坏棒 总长1002mm 任意重度 铁头 307
357,16:41:25,hit_357_20260730_164125.csv,512,DEFECT,HIGH,0,69,111,580,500000,4191555,4104768,-4191555,284123.1,,307,273,坏棒 总长1002mm 任意重度 铁头 307
358,16:41:25,hit_358_20260730_164125.csv,512,DEFECT,HIGH,0,68,109,581,500000,4873958,4873958,-3951520,740602.8,,307,274,坏棒 总长1002mm 任意重度 铁头 307
359,16:41:25,hit_359_20260730_164125.csv,512,DEFECT,HIGH,0,26,116,247,500000,4989226,3093530,-4989226,-369335.8,,307,-60,坏棒 总长1002mm 任意重度 铁头 307
360,16:41:26,hit_360_20260730_164126.csv,512,DEFECT,HIGH,0,22,112,217,500000,4493627,3818978,-4493627,43268.1,,307,-90,坏棒 总长1002mm 任意重度 铁头 307
361,16:41:26,hit_361_20260730_164126.csv,512,DEFECT,HIGH,0,27,114,262,500000,5321007,3616643,-5321007,-343421.4,,307,-45,坏棒 总长1002mm 任意重度 铁头 307
362,16:41:27,hit_362_20260730_164127.csv,512,DEFECT,HIGH,0,67,109,571,500000,5528840,5528840,-3811452,1070784.6,,307,264,坏棒 总长1002mm 任意重度 铁头 307
363,16:41:27,hit_363_20260730_164127.csv,512,DEFECT,HIGH,0,71,112,594,500000,4545893,4545893,-4456545,442556.0,,307,287,坏棒 总长1002mm 任意重度 铁头 307
364,16:41:28,hit_364_20260730_164128.csv,512,DEFECT,HIGH,0,66,108,567,500000,4820987,4820987,-3754637,831001.4,,307,260,坏棒 总长1002mm 任意重度 铁头 307
365,16:41:31,hit_365_20260730_164131.csv,512,DEFECT,HIGH,0,35,110,353,500000,5255141,5255141,-3599117,842968.1,,307,46,坏棒 总长1002mm 任意重度 铁头 307
366,16:41:32,hit_366_20260730_164132.csv,512,DEFECT,HIGH,0,62,108,525,500000,5834625,5834625,-3015767,1363807.2,,307,218,坏棒 总长1002mm 任意重度 铁头 307
367,16:41:32,hit_367_20260730_164132.csv,512,DEFECT,HIGH,0,63,108,536,500000,6099942,6099942,-2991794,1570597.6,,307,229,坏棒 总长1002mm 任意重度 铁头 307
368,16:41:34,hit_368_20260730_164134.csv,512,DEFECT,HIGH,0,69,110,585,500000,5239051,5239051,-4084973,849853.7,,307,278,坏棒 总长1002mm 任意重度 铁头 307
369,16:41:35,hit_369_20260730_164135.csv,512,DEFECT,HIGH,0,41,113,401,500000,3342993,3342993,-2972269,-238126.9,,307,94,坏棒 总长1002mm 任意重度 铁头 307
370,16:41:35,hit_370_20260730_164135.csv,512,DEFECT,HIGH,0,63,108,536,500000,5884057,5884057,-3381799,1647816.7,,307,229,坏棒 总长1002mm 任意重度 铁头 307
371,16:41:35,hit_371_20260730_164135.csv,512,DEFECT,HIGH,0,69,110,585,500000,4521839,4521839,-4294312,413270.2,,307,278,坏棒 总长1002mm 任意重度 铁头 307
372,16:41:36,hit_372_20260730_164136.csv,512,DEFECT,HIGH,0,71,112,594,500000,4654654,4654654,-4506384,504640.1,,307,287,坏棒 总长1002mm 任意重度 铁头 307
373,16:41:36,hit_373_20260730_164136.csv,512,DEFECT,HIGH,0,26,114,252,500000,4998778,3371086,-4998778,-301462.0,,307,-55,坏棒 总长1002mm 任意重度 铁头 307
374,16:41:36,hit_374_20260730_164136.csv,512,DEFECT,HIGH,0,67,110,565,500000,4872261,4872261,-3710633,821926.0,,307,258,坏棒 总长1002mm 任意重度 铁头 307
375,16:41:37,hit_375_20260730_164137.csv,512,DEFECT,HIGH,0,38,111,380,500000,5709427,5709427,-4047402,1182760.1,,307,73,坏棒 总长1002mm 任意重度 铁头 307
376,16:41:37,hit_376_20260730_164137.csv,512,DEFECT,HIGH,0,23,112,227,500000,4618157,4404263,-4618157,146831.3,,307,-80,坏棒 总长1002mm 任意重度 铁头 307
377,16:41:37,hit_377_20260730_164137.csv,512,DEFECT,HIGH,0,35,108,360,500000,6117260,6117260,-3205536,1641935.4,,307,53,坏棒 总长1002mm 任意重度 铁头 307
378,16:41:38,hit_378_20260730_164138.csv,512,DEFECT,HIGH,0,22,110,222,500000,4901842,4901842,-4476113,283886.5,,307,-85,坏棒 总长1002mm 任意重度 铁头 307
379,16:41:38,hit_379_20260730_164138.csv,512,DEFECT,HIGH,0,66,109,561,500000,5164001,5164001,-3664994,872256.5,,307,254,坏棒 总长1002mm 任意重度 铁头 307
380,16:41:39,hit_380_20260730_164139.csv,512,DEFECT,HIGH,0,34,108,350,500000,5611490,5611490,-3254278,1308902.9,,307,43,坏棒 总长1002mm 任意重度 铁头 307
381,16:41:39,hit_381_20260730_164139.csv,512,DEFECT,HIGH,0,65,108,556,500000,5826115,5826115,-3521563,1270082.1,,307,249,坏棒 总长1002mm 任意重度 铁头 307
382,16:41:39,hit_382_20260730_164139.csv,512,DEFECT,HIGH,0,25,112,247,500000,4880202,3800349,-4880202,-175309.1,,307,-60,坏棒 总长1002mm 任意重度 铁头 307
383,16:41:40,hit_383_20260730_164140.csv,512,DEFECT,HIGH,0,23,112,227,500000,4715235,4402639,-4715235,178645.9,,307,-80,坏棒 总长1002mm 任意重度 铁头 307
384,16:41:40,hit_384_20260730_164140.csv,512,DEFECT,HIGH,0,67,108,577,500000,4000280,4000280,-3966318,91152.7,,307,270,坏棒 总长1002mm 任意重度 铁头 307
385,16:41:41,hit_385_20260730_164141.csv,512,DEFECT,HIGH,0,66,108,567,500000,5084089,5084089,-3535482,1136734.5,,307,260,坏棒 总长1002mm 任意重度 铁头 307
386,16:41:41,hit_386_20260730_164141.csv,512,DEFECT,HIGH,0,22,112,217,500000,4864711,4864711,-4507815,485118.5,,307,-90,坏棒 总长1002mm 任意重度 铁头 307
387,16:41:41,hit_387_20260730_164141.csv,512,DEFECT,HIGH,0,22,111,220,500000,4600534,4263867,-4600534,103562.6,,307,-87,坏棒 总长1002mm 任意重度 铁头 307
388,16:41:42,hit_388_20260730_164142.csv,512,DEFECT,HIGH,0,36,110,363,500000,5326468,5326468,-3735737,747619.3,,307,56,坏棒 总长1002mm 任意重度 铁头 307
389,16:41:42,hit_389_20260730_164142.csv,512,DEFECT,HIGH,0,62,108,525,500000,4751171,4751171,-3315859,1124066.9,,307,218,坏棒 总长1002mm 任意重度 铁头 307
390,16:41:42,hit_390_20260730_164142.csv,512,DEFECT,HIGH,0,68,108,587,500000,4527285,4527285,-4124576,331301.7,,307,280,坏棒 总长1002mm 任意重度 铁头 307
391,16:41:43,hit_391_20260730_164143.csv,512,DEFECT,HIGH,0,64,108,546,500000,4773229,4773229,-3563856,696085.2,,307,239,坏棒 总长1002mm 任意重度 铁头 307
392,16:41:43,hit_392_20260730_164143.csv,512,DEFECT,HIGH,0,62,111,500,500000,5020185,5020185,-2674341,1763750.2,,307,193,坏棒 总长1002mm 任意重度 铁头 307
393,16:41:43,hit_393_20260730_164143.csv,512,DEFECT,HIGH,0,68,108,587,500000,4825268,4825268,-4160970,544447.7,,307,280,坏棒 总长1002mm 任意重度 铁头 307
394,16:41:44,hit_394_20260730_164144.csv,512,DEFECT,HIGH,0,60,112,480,500000,5323676,5323676,-2742615,1988836.8,,307,173,坏棒 总长1002mm 任意重度 铁头 307
395,16:41:44,hit_395_20260730_164144.csv,512,NORMAL,HIGH,0,0,108,0,500000,5320797,5320797,-2404399,1605616.1,,307,,坏棒 总长1002mm 任意重度 铁头 307
396,16:41:46,hit_396_20260730_164146.csv,512,DEFECT,HIGH,0,68,111,570,500000,5880388,5880388,-3746037,1265760.5,,307,263,坏棒 总长1002mm 任意重度 铁头 307
397,16:41:46,hit_397_20260730_164146.csv,512,DEFECT,HIGH,0,67,110,565,500000,5793546,5793546,-3771336,1173927.4,,307,258,坏棒 总长1002mm 任意重度 铁头 307
398,16:41:47,hit_398_20260730_164147.csv,512,DEFECT,HIGH,0,67,110,565,500000,5715419,5715419,-3661869,1689496.5,,307,258,坏棒 总长1002mm 任意重度 铁头 307
399,16:41:47,hit_399_20260730_164147.csv,512,DEFECT,HIGH,0,63,108,536,500000,4965228,4965228,-3362002,1580715.1,,307,229,坏棒 总长1002mm 任意重度 铁头 307
400,16:41:49,hit_400_20260730_164149.csv,512,DEFECT,HIGH,0,67,108,577,500000,4885716,4885716,-3814882,773545.9,,307,270,坏棒 总长1002mm 任意重度 铁头 307
401,16:41:50,hit_401_20260730_164150.csv,512,DEFECT,HIGH,0,66,108,567,500000,4710305,4710305,-3749311,486828.9,,307,260,坏棒 总长1002mm 任意重度 铁头 307
402,16:41:50,hit_402_20260730_164150.csv,512,DEFECT,HIGH,0,67,109,571,500000,4594032,4594032,-3892167,506302.2,,307,264,坏棒 总长1002mm 任意重度 铁头 307
403,16:41:50,hit_403_20260730_164150.csv,512,DEFECT,HIGH,0,65,109,551,500000,5308891,5308891,-3493072,928544.2,,307,244,坏棒 总长1002mm 任意重度 铁头 307
404,16:41:51,hit_404_20260730_164151.csv,512,DEFECT,HIGH,0,68,111,570,500000,5615535,5615535,-3564730,1301059.1,,307,263,坏棒 总长1002mm 任意重度 铁头 307
405,16:41:55,hit_405_20260730_164155.csv,512,DEFECT,HIGH,0,64,108,546,500000,4954446,4954446,-3336566,984635.4,,307,239,坏棒 总长1002mm 任意重度 铁头 307
406,16:41:55,hit_406_20260730_164155.csv,512,DEFECT,HIGH,0,64,108,546,500000,5761134,5761134,-3494332,1278927.1,,307,239,坏棒 总长1002mm 任意重度 铁头 307
407,16:42:05,hit_407_20260730_164205.csv,512,DEFECT,HIGH,0,23,114,223,500000,4821870,3422404,-4821870,-60423.0,,307,-84,坏棒 总长1002mm 任意重度 铁头 307
408,16:42:06,hit_408_20260730_164206.csv,512,DEFECT,HIGH,0,68,111,570,500000,5239258,5239258,-3821321,780597.7,,307,263,坏棒 总长1002mm 任意重度 铁头 307
409,16:42:06,hit_409_20260730_164206.csv,512,DEFECT,HIGH,0,39,112,386,500000,5241313,5241313,-4185658,708656.6,,307,79,坏棒 总长1002mm 任意重度 铁头 307
410,16:42:06,hit_410_20260730_164206.csv,512,DEFECT,HIGH,0,67,112,554,500000,5566356,5566356,-3676688,1165267.7,,307,247,坏棒 总长1002mm 任意重度 铁头 307
411,16:42:07,hit_411_20260730_164207.csv,512,DEFECT,HIGH,0,65,112,534,500000,5970109,5970109,-3186992,1954733.8,,307,227,坏棒 总长1002mm 任意重度 铁头 307
412,16:42:07,hit_412_20260730_164207.csv,512,DEFECT,HIGH,0,21,112,207,500000,4754877,4754877,-4335140,316851.3,,307,-100,坏棒 总长1002mm 任意重度 铁头 307
413,16:42:07,hit_413_20260730_164207.csv,512,DEFECT,HIGH,0,69,112,574,500000,4456255,4456255,-3766834,538297.1,,307,267,坏棒 总长1002mm 任意重度 铁头 307
414,16:42:08,hit_414_20260730_164208.csv,512,DEFECT,HIGH,0,38,112,376,500000,5164173,5164173,-4004239,904754.0,,307,69,坏棒 总长1002mm 任意重度 铁头 307
415,16:42:08,hit_415_20260730_164208.csv,512,DEFECT,HIGH,0,37,113,362,500000,5334471,5334471,-3784379,1134236.6,,307,55,坏棒 总长1002mm 任意重度 铁头 307
416,16:42:09,hit_416_20260730_164209.csv,512,DEFECT,HIGH,0,66,109,561,500000,4693323,4693323,-3694450,618567.4,,307,254,坏棒 总长1002mm 任意重度 铁头 307
417,16:42:09,hit_417_20260730_164209.csv,512,DEFECT,HIGH,0,35,121,318,500000,5568789,3758016,-5568789,-660178.6,,307,11,坏棒 总长1002mm 任意重度 铁头 307
418,16:42:09,hit_418_20260730_164209.csv,512,DEFECT,HIGH,0,31,114,300,500000,5654500,3824722,-5654500,-702182.2,,307,-7,坏棒 总长1002mm 任意重度 铁头 307
419,16:42:10,hit_419_20260730_164210.csv,512,DEFECT,HIGH,0,35,108,360,500000,5252443,5252443,-3794689,823290.6,,307,53,坏棒 总长1002mm 任意重度 铁头 307
420,16:42:10,hit_420_20260730_164210.csv,512,DEFECT,HIGH,0,48,112,475,500000,4331048,4331048,-3753412,-357331.3,,307,168,坏棒 总长1002mm 任意重度 铁头 307
421,16:42:10,hit_421_20260730_164210.csv,512,DEFECT,HIGH,0,65,108,556,500000,5901729,5901729,-3287005,1470832.6,,307,249,坏棒 总长1002mm 任意重度 铁头 307
422,16:42:11,hit_422_20260730_164211.csv,512,DEFECT,HIGH,0,67,110,565,500000,5505989,5505989,-3791325,1301890.6,,307,258,坏棒 总长1002mm 任意重度 铁头 307
423,16:42:11,hit_423_20260730_164211.csv,512,DEFECT,HIGH,0,70,112,584,500000,4834678,4834678,-4175949,574525.5,,307,277,坏棒 总长1002mm 任意重度 铁头 307
424,16:42:11,hit_424_20260730_164211.csv,512,DEFECT,HIGH,0,67,113,549,500000,5351405,5351405,-3771030,1245537.9,,307,242,坏棒 总长1002mm 任意重度 铁头 307
425,16:42:12,hit_425_20260730_164212.csv,512,DEFECT,HIGH,0,21,113,205,500000,4820804,4820804,-4358445,570641.3,,307,-102,坏棒 总长1002mm 任意重度 铁头 307
426,16:42:12,hit_426_20260730_164212.csv,512,DEFECT,HIGH,0,26,111,260,500000,3925112,3925112,-3512593,-126581.8,,307,-47,坏棒 总长1002mm 任意重度 铁头 307
427,16:42:12,hit_427_20260730_164212.csv,512,DEFECT,HIGH,0,67,108,577,500000,4065250,4065250,-3974539,38328.4,,307,270,坏棒 总长1002mm 任意重度 铁头 307
428,16:42:12,hit_428_20260730_164212.csv,512,DEFECT,HIGH,0,68,109,581,500000,4793544,4793544,-3053496,851466.5,,307,274,坏棒 总长1002mm 任意重度 铁头 307
429,16:42:13,hit_429_20260730_164213.csv,512,DEFECT,HIGH,0,66,116,486,500000,4575291,4575291,-3997155,447302.6,,307,179,坏棒 总长1002mm 任意重度 铁头 307
430,16:42:13,hit_430_20260730_164213.csv,512,DEFECT,HIGH,0,69,111,580,500000,5547772,5547772,-3940763,985909.0,,307,273,坏棒 总长1002mm 任意重度 铁头 307
431,16:42:13,hit_431_20260730_164213.csv,512,DEFECT,HIGH,0,37,113,362,500000,4866668,4866668,-4010488,663251.5,,307,55,坏棒 总长1002mm 任意重度 铁头 307
432,16:42:14,hit_432_20260730_164214.csv,512,DEFECT,HIGH,0,67,111,560,500000,5557741,5557741,-3463730,1207898.3,,307,253,坏棒 总长1002mm 任意重度 铁头 307
433,16:42:14,hit_433_20260730_164214.csv,512,DEFECT,HIGH,0,68,113,558,500000,4117288,3331261,-4117288,137622.8,,307,251,坏棒 总长1002mm 任意重度 铁头 307
434,16:42:14,hit_434_20260730_164214.csv,512,DEFECT,HIGH,0,36,113,352,500000,4894057,4894057,-3795966,754234.9,,307,45,坏棒 总长1002mm 任意重度 铁头 307
435,16:42:14,hit_435_20260730_164214.csv,512,DEFECT,HIGH,0,65,111,540,500000,5177788,5177788,-3301319,1063173.4,,307,233,坏棒 总长1002mm 任意重度 铁头 307
436,16:42:15,hit_436_20260730_164215.csv,512,DEFECT,HIGH,0,23,115,221,500000,4770577,3184599,-4770577,-178271.1,,307,-86,坏棒 总长1002mm 任意重度 铁头 307
437,16:42:15,hit_437_20260730_164215.csv,512,DEFECT,HIGH,0,22,113,215,500000,4520674,4484707,-4520674,220746.0,,307,-92,坏棒 总长1002mm 任意重度 铁头 307
438,16:42:15,hit_438_20260730_164215.csv,512,DEFECT,HIGH,0,68,112,564,500000,5216942,5216942,-3897631,751319.7,,307,257,坏棒 总长1002mm 任意重度 铁头 307
439,16:42:16,hit_439_20260730_164216.csv,512,DEFECT,HIGH,0,68,112,564,500000,4640414,4640414,-3966292,471906.1,,307,257,坏棒 总长1002mm 任意重度 铁头 307
440,16:42:16,hit_440_20260730_164216.csv,512,DEFECT,HIGH,0,66,111,550,500000,5678169,5678169,-3497963,1297560.4,,307,243,坏棒 总长1002mm 任意重度 铁头 307
441,16:42:16,hit_441_20260730_164216.csv,512,DEFECT,HIGH,0,69,113,568,500000,5025804,5025804,-4015922,794017.7,,307,261,坏棒 总长1002mm 任意重度 铁头 307
442,16:42:17,hit_442_20260730_164217.csv,512,DEFECT,HIGH,0,65,111,540,500000,5713846,5713846,-3157583,1553205.9,,307,233,坏棒 总长1002mm 任意重度 铁头 307
443,16:42:17,hit_443_20260730_164217.csv,512,DEFECT,HIGH,0,67,112,554,500000,5284903,5284903,-3698023,1063915.3,,307,247,坏棒 总长1002mm 任意重度 铁头 307
444,16:42:17,hit_444_20260730_164217.csv,512,DEFECT,HIGH,0,22,115,211,500000,4644085,3976036,-4644085,162325.6,,307,-96,坏棒 总长1002mm 任意重度 铁头 307
445,16:42:17,hit_445_20260730_164217.csv,512,DEFECT,HIGH,0,23,116,219,500000,4556397,3120658,-4556397,-13408.1,,307,-88,坏棒 总长1002mm 任意重度 铁头 307
446,16:42:18,hit_446_20260730_164218.csv,512,DEFECT,HIGH,0,23,114,223,500000,4784955,4396110,-4784955,257506.5,,307,-84,坏棒 总长1002mm 任意重度 铁头 307
447,16:42:18,hit_447_20260730_164218.csv,512,DEFECT,HIGH,0,69,113,568,500000,4071675,3853892,-4071675,381748.6,,307,261,坏棒 总长1002mm 任意重度 铁头 307
448,16:42:18,hit_448_20260730_164218.csv,512,DEFECT,HIGH,0,66,111,550,500000,5774492,5774492,-3407262,1417185.0,,307,243,坏棒 总长1002mm 任意重度 铁头 307
449,16:42:19,hit_449_20260730_164219.csv,512,DEFECT,HIGH,0,67,111,560,500000,5623631,5623631,-3536870,1146594.6,,307,253,坏棒 总长1002mm 任意重度 铁头 307
450,16:42:19,hit_450_20260730_164219.csv,512,DEFECT,HIGH,0,67,111,560,500000,5694132,5694132,-3533496,1261533.5,,307,253,坏棒 总长1002mm 任意重度 铁头 307
451,16:42:19,hit_451_20260730_164219.csv,512,DEFECT,HIGH,0,68,113,558,500000,5563097,5563097,-3779255,1166046.4,,307,251,坏棒 总长1002mm 任意重度 铁头 307
452,16:42:19,hit_452_20260730_164219.csv,512,DEFECT,HIGH,0,68,111,570,500000,4966873,4966873,-3911853,610428.1,,307,263,坏棒 总长1002mm 任意重度 铁头 307
453,16:42:20,hit_453_20260730_164220.csv,512,DEFECT,HIGH,0,41,112,405,500000,5155570,5155570,-4202515,824991.2,,307,98,坏棒 总长1002mm 任意重度 铁头 307
454,16:42:20,hit_454_20260730_164220.csv,512,DEFECT,HIGH,0,66,110,555,500000,6316357,6316357,-3262563,1946733.2,,307,248,坏棒 总长1002mm 任意重度 铁头 307
455,16:42:20,hit_455_20260730_164220.csv,512,DEFECT,HIGH,0,65,108,556,500000,5370200,5370200,-3439567,1093413.5,,307,249,坏棒 总长1002mm 任意重度 铁头 307
456,16:42:21,hit_456_20260730_164221.csv,512,DEFECT,HIGH,0,68,110,575,500000,5656396,5656396,-3810497,1221946.4,,307,268,坏棒 总长1002mm 任意重度 铁头 307
457,16:42:21,hit_457_20260730_164221.csv,512,DEFECT,HIGH,0,21,111,210,500000,5210913,5210913,-4353354,484584.1,,307,-97,坏棒 总长1002mm 任意重度 铁头 307
458,16:42:21,hit_458_20260730_164221.csv,512,DEFECT,HIGH,0,64,108,546,500000,5862259,5862259,-3210121,1223501.4,,307,239,坏棒 总长1002mm 任意重度 铁头 307
459,16:42:22,hit_459_20260730_164222.csv,512,DEFECT,HIGH,0,66,109,561,500000,5757367,5757367,-3242442,1269801.2,,307,254,坏棒 总长1002mm 任意重度 铁头 307
460,16:42:22,hit_460_20260730_164222.csv,512,DEFECT,HIGH,0,65,109,551,500000,5682649,5682649,-3161181,1218098.3,,307,244,坏棒 总长1002mm 任意重度 铁头 307
461,16:42:22,hit_461_20260730_164222.csv,512,DEFECT,HIGH,0,66,110,555,500000,5660621,5660621,-3309161,1202530.4,,307,248,坏棒 总长1002mm 任意重度 铁头 307
462,16:42:23,hit_462_20260730_164223.csv,512,DEFECT,HIGH,0,71,113,588,500000,5095253,5095253,-4283720,526912.9,,307,281,坏棒 总长1002mm 任意重度 铁头 307
463,16:42:23,hit_463_20260730_164223.csv,512,DEFECT,HIGH,0,70,111,590,500000,5051882,5051882,-4281874,484486.7,,307,283,坏棒 总长1002mm 任意重度 铁头 307
464,16:42:23,hit_464_20260730_164223.csv,512,DEFECT,HIGH,0,35,108,360,500000,5935715,5935715,-3355734,1416773.6,,307,53,坏棒 总长1002mm 任意重度 铁头 307
465,16:42:23,hit_465_20260730_164223.csv,512,DEFECT,HIGH,0,63,108,536,500000,5148350,5148350,-3536442,1226836.4,,307,229,坏棒 总长1002mm 任意重度 铁头 307
466,16:42:24,hit_466_20260730_164224.csv,512,DEFECT,HIGH,0,66,116,486,500000,3997809,3997809,-3985821,89687.4,,307,179,坏棒 总长1002mm 任意重度 铁头 307
467,16:42:25,hit_467_20260730_164225.csv,512,DEFECT,HIGH,0,70,110,595,500000,4391448,4029516,-4391448,254287.0,,307,288,坏棒 总长1002mm 任意重度 铁头 307
468,16:42:25,hit_468_20260730_164225.csv,512,DEFECT,HIGH,0,60,113,480,500000,5258227,5258227,-2770941,1431211.3,,307,173,坏棒 总长1002mm 任意重度 铁头 307
469,16:42:32,hit_469_20260730_164232.csv,512,DEFECT,HIGH,0,51,117,481,500000,3517320,3517320,-2268072,-190967.3,,307,174,坏棒 总长1002mm 任意重度 铁头 307
470,16:42:33,hit_470_20260730_164233.csv,512,DEFECT,HIGH,0,21,111,210,500000,4249426,3510489,-4249426,-88732.4,,307,-97,坏棒 总长1002mm 任意重度 铁头 307
471,16:42:33,hit_471_20260730_164233.csv,512,DEFECT,HIGH,0,63,110,525,500000,5415399,5415399,-3661534,1440113.9,,307,218,坏棒 总长1002mm 任意重度 铁头 307
472,16:42:34,hit_472_20260730_164234.csv,512,DEFECT,HIGH,0,67,109,571,500000,4580857,4580857,-3813054,644918.8,,307,264,坏棒 总长1002mm 任意重度 铁头 307
473,16:42:34,hit_473_20260730_164234.csv,512,DEFECT,HIGH,0,68,111,570,500000,5493322,5493322,-3678163,1380544.7,,307,263,坏棒 总长1002mm 任意重度 铁头 307
474,16:42:35,hit_474_20260730_164235.csv,512,DEFECT,HIGH,0,69,111,580,500000,4678479,4678479,-3914123,628335.9,,307,273,坏棒 总长1002mm 任意重度 铁头 307
475,16:42:35,hit_475_20260730_164235.csv,512,DEFECT,HIGH,0,67,111,560,500000,5767412,5767412,-3522360,1447669.2,,307,253,坏棒 总长1002mm 任意重度 铁头 307
476,16:42:35,hit_476_20260730_164235.csv,512,DEFECT,HIGH,0,21,116,200,500000,4382435,3009758,-4382435,14610.9,,307,-107,坏棒 总长1002mm 任意重度 铁头 307
477,16:42:36,hit_477_20260730_164236.csv,512,DEFECT,HIGH,0,66,112,544,500000,5405876,5405876,-3494545,1137062.0,,307,237,坏棒 总长1002mm 任意重度 铁头 307
478,16:42:36,hit_478_20260730_164236.csv,512,DEFECT,HIGH,0,68,113,558,500000,5468646,5468646,-3666345,1139704.5,,307,251,坏棒 总长1002mm 任意重度 铁头 307
479,16:42:36,hit_479_20260730_164236.csv,512,DEFECT,HIGH,0,70,112,584,500000,4912591,4912591,-4098893,661453.9,,307,277,坏棒 总长1002mm 任意重度 铁头 307
480,16:42:37,hit_480_20260730_164237.csv,512,DEFECT,HIGH,0,68,111,570,500000,5215239,5215239,-3782195,1155472.6,,307,263,坏棒 总长1002mm 任意重度 铁头 307
481,16:42:37,hit_481_20260730_164237.csv,512,DEFECT,HIGH,0,21,113,205,500000,4657192,4657192,-4286970,491591.3,,307,-102,坏棒 总长1002mm 任意重度 铁头 307
482,16:42:37,hit_482_20260730_164237.csv,512,DEFECT,HIGH,0,23,114,223,500000,4730477,4143749,-4730477,231512.3,,307,-84,坏棒 总长1002mm 任意重度 铁头 307
483,16:42:38,hit_483_20260730_164238.csv,512,DEFECT,HIGH,0,37,112,366,500000,5011222,5011222,-3986852,630647.7,,307,59,坏棒 总长1002mm 任意重度 铁头 307
484,16:42:39,hit_484_20260730_164239.csv,512,DEFECT,HIGH,0,67,113,549,500000,4980607,4980607,-3690976,937601.4,,307,242,坏棒 总长1002mm 任意重度 铁头 307
485,16:42:39,hit_485_20260730_164239.csv,512,DEFECT,HIGH,0,69,114,563,500000,5441528,5441528,-3879850,1184418.6,,307,256,坏棒 总长1002mm 任意重度 铁头 307
486,16:42:40,hit_486_20260730_164240.csv,512,DEFECT,HIGH,0,62,116,481,500000,6053556,6053556,-2824585,2020600.9,,307,174,坏棒 总长1002mm 任意重度 铁头 307
487,16:42:40,hit_487_20260730_164240.csv,512,DEFECT,HIGH,0,64,109,540,500000,5591560,5591560,-3327797,1298870.6,,307,233,坏棒 总长1002mm 任意重度 铁头 307
488,16:42:40,hit_488_20260730_164240.csv,512,DEFECT,HIGH,0,61,116,476,500000,6012748,6012748,-2852495,1918190.6,,307,169,坏棒 总长1002mm 任意重度 铁头 307
489,16:42:41,hit_489_20260730_164241.csv,512,DEFECT,HIGH,0,63,110,525,500000,6209846,6209846,-3275434,1652357.2,,307,218,坏棒 总长1002mm 任意重度 铁头 307
490,16:42:41,hit_490_20260730_164241.csv,512,DEFECT,HIGH,0,64,109,540,500000,5854834,5854834,-3333212,1301746.0,,307,233,坏棒 总长1002mm 任意重度 铁头 307
491,16:42:41,hit_491_20260730_164241.csv,512,DEFECT,HIGH,0,36,110,363,500000,5405850,5405850,-3624591,1057916.8,,307,56,坏棒 总长1002mm 任意重度 铁头 307
492,16:42:42,hit_492_20260730_164242.csv,512,DEFECT,HIGH,0,65,112,534,500000,6041367,6041367,-3369980,1640290.2,,307,227,坏棒 总长1002mm 任意重度 铁头 307
493,16:42:42,hit_493_20260730_164242.csv,512,DEFECT,HIGH,0,65,111,540,500000,5382605,5382605,-3185051,1200275.8,,307,233,坏棒 总长1002mm 任意重度 铁头 307
494,16:42:42,hit_494_20260730_164242.csv,512,DEFECT,HIGH,0,69,112,574,500000,4703963,4703963,-3890151,701559.1,,307,267,坏棒 总长1002mm 任意重度 铁头 307
495,16:42:43,hit_495_20260730_164243.csv,512,DEFECT,HIGH,0,65,111,540,500000,6056462,6056462,-3203231,1757139.8,,307,233,坏棒 总长1002mm 任意重度 铁头 307
496,16:42:43,hit_496_20260730_164243.csv,512,DEFECT,HIGH,0,70,112,584,500000,5249601,5249601,-4008739,928532.7,,307,277,坏棒 总长1002mm 任意重度 铁头 307
497,16:42:43,hit_497_20260730_164243.csv,512,DEFECT,HIGH,0,21,113,205,500000,4332390,3937198,-4332390,318518.7,,307,-102,坏棒 总长1002mm 任意重度 铁头 307
498,16:42:44,hit_498_20260730_164244.csv,512,DEFECT,HIGH,0,64,110,535,500000,5972583,5972583,-3039468,1871607.9,,307,228,坏棒 总长1002mm 任意重度 铁头 307
499,16:42:44,hit_499_20260730_164244.csv,512,DEFECT,HIGH,0,39,111,390,500000,5613523,5613523,-3839759,1406815.6,,307,83,坏棒 总长1002mm 任意重度 铁头 307
500,16:42:45,hit_500_20260730_164245.csv,512,DEFECT,HIGH,0,69,112,574,500000,4887298,4887298,-4100868,816653.8,,307,267,坏棒 总长1002mm 任意重度 铁头 307
501,16:42:45,hit_501_20260730_164245.csv,512,DEFECT,HIGH,0,67,112,554,500000,5584956,5584956,-3698557,1379541.6,,307,247,坏棒 总长1002mm 任意重度 铁头 307
502,16:42:45,hit_502_20260730_164245.csv,512,DEFECT,HIGH,0,69,111,580,500000,5791495,5791495,-3705934,1320385.1,,307,273,坏棒 总长1002mm 任意重度 铁头 307
503,16:42:46,hit_503_20260730_164246.csv,512,DEFECT,HIGH,0,65,110,545,500000,5823696,5823696,-3351396,1539356.4,,307,238,坏棒 总长1002mm 任意重度 铁头 307
504,16:42:46,hit_504_20260730_164246.csv,512,DEFECT,HIGH,0,66,113,539,500000,5871988,5871988,-3554694,1541854.7,,307,232,坏棒 总长1002mm 任意重度 铁头 307
505,16:42:46,hit_505_20260730_164246.csv,512,DEFECT,HIGH,0,62,117,481,500000,6141025,6141025,-2896876,2088908.8,,307,174,坏棒 总长1002mm 任意重度 铁头 307
506,16:42:47,hit_506_20260730_164247.csv,512,DEFECT,HIGH,0,66,109,561,500000,6138049,6138049,-3405945,1549116.5,,307,254,坏棒 总长1002mm 任意重度 铁头 307
507,16:42:47,hit_507_20260730_164247.csv,512,DEFECT,HIGH,0,61,109,510,500000,6131622,6131622,-2901148,2093155.0,,307,203,坏棒 总长1002mm 任意重度 铁头 307
508,16:42:47,hit_508_20260730_164247.csv,512,DEFECT,HIGH,0,63,112,514,500000,5921827,5921827,-3188134,1838284.1,,307,207,坏棒 总长1002mm 任意重度 铁头 307
509,16:42:48,hit_509_20260730_164248.csv,512,DEFECT,HIGH,0,63,110,525,500000,5486983,5486983,-3150616,1352309.7,,307,218,坏棒 总长1002mm 任意重度 铁头 307
510,16:42:48,hit_510_20260730_164248.csv,512,DEFECT,HIGH,0,66,111,550,500000,5569322,5569322,-3672823,1235646.2,,307,243,坏棒 总长1002mm 任意重度 铁头 307
511,16:42:49,hit_511_20260730_164249.csv,512,DEFECT,HIGH,0,68,110,575,500000,5278091,5278091,-4049611,772681.5,,307,268,坏棒 总长1002mm 任意重度 铁头 307
512,16:42:49,hit_512_20260730_164249.csv,512,DEFECT,HIGH,0,68,110,575,500000,5495899,5495899,-3825367,978882.7,,307,268,坏棒 总长1002mm 任意重度 铁头 307
513,16:42:49,hit_513_20260730_164249.csv,512,DEFECT,HIGH,0,66,110,555,500000,5478733,5478733,-3873963,1010677.4,,307,248,坏棒 总长1002mm 任意重度 铁头 307
514,16:42:49,hit_514_20260730_164249.csv,512,DEFECT,HIGH,0,66,110,555,500000,5626392,5626392,-3616577,1356719.4,,307,248,坏棒 总长1002mm 任意重度 铁头 307
515,16:42:50,hit_515_20260730_164250.csv,512,DEFECT,HIGH,0,65,109,551,500000,4767305,4767305,-3806649,778721.0,,307,244,坏棒 总长1002mm 任意重度 铁头 307
516,16:42:50,hit_516_20260730_164250.csv,512,DEFECT,HIGH,0,39,110,393,500000,5008993,5008993,-4092809,567329.1,,307,86,坏棒 总长1002mm 任意重度 铁头 307
517,16:42:51,hit_517_20260730_164251.csv,512,DEFECT,HIGH,0,68,112,564,500000,5303244,5303244,-3954492,840440.7,,307,257,坏棒 总长1002mm 任意重度 铁头 307
518,16:42:51,hit_518_20260730_164251.csv,512,DEFECT,HIGH,0,65,114,524,500000,5525292,5525292,-3200272,1573298.1,,307,217,坏棒 总长1002mm 任意重度 铁头 307
519,16:42:51,hit_519_20260730_164251.csv,512,DEFECT,HIGH,0,69,113,568,500000,4361151,4361151,-4084969,508780.4,,307,261,坏棒 总长1002mm 任意重度 铁头 307
520,16:42:51,hit_520_20260730_164251.csv,512,DEFECT,HIGH,0,68,114,553,500000,5238670,5238670,-3723969,1022303.2,,307,246,坏棒 总长1002mm 任意重度 铁头 307
521,16:42:52,hit_521_20260730_164252.csv,512,DEFECT,HIGH,0,67,113,549,500000,5056102,5056102,-3609355,948655.7,,307,242,坏棒 总长1002mm 任意重度 铁头 307
522,16:42:52,hit_522_20260730_164252.csv,512,DEFECT,HIGH,0,66,113,539,500000,5443914,5443914,-3492450,1369589.2,,307,232,坏棒 总长1002mm 任意重度 铁头 307
523,16:42:52,hit_523_20260730_164252.csv,512,DEFECT,HIGH,0,70,114,572,500000,4855354,4855354,-4129742,655004.5,,307,265,坏棒 总长1002mm 任意重度 铁头 307
524,16:42:53,hit_524_20260730_164253.csv,512,DEFECT,HIGH,0,38,112,376,500000,5362797,5362797,-3555396,1188061.8,,307,69,坏棒 总长1002mm 任意重度 铁头 307
525,16:42:53,hit_525_20260730_164253.csv,512,DEFECT,HIGH,0,67,113,549,500000,5413059,5413059,-3470327,1239602.9,,307,242,坏棒 总长1002mm 任意重度 铁头 307
526,16:42:53,hit_526_20260730_164253.csv,512,DEFECT,HIGH,0,67,114,543,500000,5126638,5126638,-3573357,1092133.9,,307,236,坏棒 总长1002mm 任意重度 铁头 307
527,16:42:54,hit_527_20260730_164254.csv,512,DEFECT,HIGH,0,66,114,533,500000,5091342,5091342,-3338380,1079011.9,,307,226,坏棒 总长1002mm 任意重度 铁头 307
528,16:42:54,hit_528_20260730_164254.csv,512,DEFECT,HIGH,0,64,113,519,500000,5482100,5482100,-3120183,1552231.2,,307,212,坏棒 总长1002mm 任意重度 铁头 307
529,16:42:54,hit_529_20260730_164254.csv,512,DEFECT,HIGH,0,64,113,519,500000,5567659,5567659,-2968888,1725482.9,,307,212,坏棒 总长1002mm 任意重度 铁头 307
530,16:42:54,hit_530_20260730_164254.csv,512,DEFECT,HIGH,0,66,113,539,500000,5196603,5196603,-3486056,1182242.6,,307,232,坏棒 总长1002mm 任意重度 铁头 307
531,16:42:55,hit_531_20260730_164255.csv,512,DEFECT,HIGH,0,68,113,558,500000,4608338,4608338,-3850785,564556.0,,307,251,坏棒 总长1002mm 任意重度 铁头 307
532,16:42:55,hit_532_20260730_164255.csv,512,DEFECT,HIGH,0,66,114,533,500000,5324868,5324868,-3328608,1374302.3,,307,226,坏棒 总长1002mm 任意重度 铁头 307
533,16:42:55,hit_533_20260730_164255.csv,512,DEFECT,HIGH,0,65,112,534,500000,5512908,5512908,-3237626,1420136.3,,307,227,坏棒 总长1002mm 任意重度 铁头 307
534,16:42:56,hit_534_20260730_164256.csv,512,DEFECT,HIGH,0,65,113,529,500000,5483035,5483035,-3189238,1575364.4,,307,222,坏棒 总长1002mm 任意重度 铁头 307
535,16:42:56,hit_535_20260730_164256.csv,512,DEFECT,HIGH,0,69,114,563,500000,4963181,4963181,-3924111,842923.0,,307,256,坏棒 总长1002mm 任意重度 铁头 307
536,16:42:56,hit_536_20260730_164256.csv,512,DEFECT,HIGH,0,68,114,553,500000,5317923,5317923,-3743173,1212197.2,,307,246,坏棒 总长1002mm 任意重度 铁头 307
537,16:42:57,hit_537_20260730_164257.csv,512,DEFECT,HIGH,0,72,115,586,500000,4915966,4915966,-4407436,716027.9,,307,279,坏棒 总长1002mm 任意重度 铁头 307
538,16:42:57,hit_538_20260730_164257.csv,512,DEFECT,HIGH,0,66,112,544,500000,5315191,5315191,-3556148,1145260.4,,307,237,坏棒 总长1002mm 任意重度 铁头 307
539,16:42:57,hit_539_20260730_164257.csv,512,DEFECT,HIGH,0,68,111,570,500000,4751530,4751530,-3818054,836897.9,,307,263,坏棒 总长1002mm 任意重度 铁头 307
540,16:42:57,hit_540_20260730_164257.csv,512,DEFECT,HIGH,0,65,108,556,500000,6582048,6582048,-3209970,2166638.2,,307,249,坏棒 总长1002mm 任意重度 铁头 307
541,16:43:23,hit_541_20260730_164323.csv,512,DEFECT,HIGH,0,70,111,590,500000,5290976,5290976,-4173791,1002102.7,,307,283,坏棒 总长1002mm 任意重度 铁头 307
542,16:43:23,hit_542_20260730_164323.csv,512,DEFECT,HIGH,0,64,108,546,500000,5184656,5184656,-3820473,957642.2,,307,239,坏棒 总长1002mm 任意重度 铁头 307
543,16:43:24,hit_543_20260730_164324.csv,512,DEFECT,HIGH,0,68,108,587,500000,5608753,5608753,-3928797,1339909.9,,307,280,坏棒 总长1002mm 任意重度 铁头 307
544,16:43:24,hit_544_20260730_164324.csv,512,DEFECT,HIGH,0,37,110,373,500000,6339759,6339759,-3218433,2169962.3,,307,66,坏棒 总长1002mm 任意重度 铁头 307
545,16:43:24,hit_545_20260730_164324.csv,512,DEFECT,HIGH,0,69,110,585,500000,4812213,4812213,-4058882,613314.0,,307,278,坏棒 总长1002mm 任意重度 铁头 307
546,16:43:25,hit_546_20260730_164325.csv,512,DEFECT,HIGH,0,67,110,565,500000,5731463,5731463,-3469775,1440688.0,,307,258,坏棒 总长1002mm 任意重度 铁头 307
547,16:43:25,hit_547_20260730_164325.csv,512,DEFECT,HIGH,0,37,116,352,500000,6838675,6838675,-3109319,2556016.6,,307,45,坏棒 总长1002mm 任意重度 铁头 307
548,16:43:26,hit_548_20260730_164326.csv,512,DEFECT,HIGH,0,68,110,575,500000,5075659,5075659,-3784425,971258.3,,307,268,坏棒 总长1002mm 任意重度 铁头 307
549,16:43:26,hit_549_20260730_164326.csv,512,DEFECT,HIGH,0,69,112,574,500000,4498557,4498557,-4001588,548012.7,,307,267,坏棒 总长1002mm 任意重度 铁头 307
550,16:43:26,hit_550_20260730_164326.csv,512,DEFECT,HIGH,0,64,112,524,500000,5916929,5916929,-3198696,1668116.7,,307,217,坏棒 总长1002mm 任意重度 铁头 307
551,16:43:27,hit_551_20260730_164327.csv,512,DEFECT,HIGH,0,70,113,578,500000,4181346,4181346,-4134051,401344.1,,307,271,坏棒 总长1002mm 任意重度 铁头 307
552,16:43:27,hit_552_20260730_164327.csv,512,DEFECT,HIGH,0,64,112,524,500000,6034864,6034864,-3155538,1910470.2,,307,217,坏棒 总长1002mm 任意重度 铁头 307
553,16:43:27,hit_553_20260730_164327.csv,512,DEFECT,HIGH,0,70,115,567,500000,4340215,4340215,-4196566,483593.8,,307,260,坏棒 总长1002mm 任意重度 铁头 307
554,16:43:28,hit_554_20260730_164328.csv,512,DEFECT,HIGH,0,36,120,330,500000,4018141,2916608,-4018141,-271620.0,,307,23,坏棒 总长1002mm 任意重度 铁头 307
555,16:43:28,hit_555_20260730_164328.csv,512,DEFECT,HIGH,0,69,114,563,500000,4523073,4523073,-4073139,571860.0,,307,256,坏棒 总长1002mm 任意重度 铁头 307
556,16:43:28,hit_556_20260730_164328.csv,512,DEFECT,HIGH,0,66,113,539,500000,5504216,5504216,-3413562,1405013.3,,307,232,坏棒 总长1002mm 任意重度 铁头 307
557,16:43:29,hit_557_20260730_164329.csv,512,DEFECT,HIGH,0,68,114,553,500000,4435091,4435091,-3947011,582742.4,,307,246,坏棒 总长1002mm 任意重度 铁头 307
558,16:43:29,hit_558_20260730_164329.csv,512,DEFECT,HIGH,0,69,116,552,500000,5277521,5277521,-3913366,1050666.9,,307,245,坏棒 总长1002mm 任意重度 铁头 307
559,16:43:29,hit_559_20260730_164329.csv,512,DEFECT,HIGH,0,67,109,571,500000,5771228,5771228,-3478519,1312775.6,,307,264,坏棒 总长1002mm 任意重度 铁头 307
560,16:43:29,hit_560_20260730_164329.csv,512,DEFECT,HIGH,0,70,113,578,500000,5011864,5011864,-4145927,919005.0,,307,271,坏棒 总长1002mm 任意重度 铁头 307
561,16:43:37,hit_561_20260730_164337.csv,512,DEFECT,HIGH,0,68,109,581,500000,5510478,5510478,-2586981,1572567.9,,307,274,坏棒 总长1002mm 任意重度 铁头 307
562,16:43:46,hit_562_20260730_164346.csv,512,NORMAL,HIGH,0,0,108,0,500000,3796881,3796881,-3621749,334787.9,,307,,坏棒 总长1002mm 任意重度 铁头 307
563,16:43:46,hit_563_20260730_164346.csv,512,DEFECT,HIGH,0,29,109,295,500000,4264780,4241882,-4264780,-739271.6,,307,-12,坏棒 总长1002mm 任意重度 铁头 307
564,16:43:47,hit_564_20260730_164347.csv,512,DEFECT,HIGH,0,76,111,650,500000,5147642,3835108,-5147642,-404325.7,,307,343,坏棒 总长1002mm 任意重度 铁头 307
565,16:43:47,hit_565_20260730_164347.csv,512,DEFECT,HIGH,0,70,111,590,500000,5188280,5188280,-3941418,936526.6,,307,283,坏棒 总长1002mm 任意重度 铁头 307
566,16:43:47,hit_566_20260730_164347.csv,512,DEFECT,HIGH,0,62,108,525,500000,5797582,5797582,-2973619,1509098.0,,307,218,坏棒 总长1002mm 任意重度 铁头 307
567,16:43:48,hit_567_20260730_164348.csv,512,DEFECT,HIGH,0,37,122,333,500000,5102746,5102746,-3487019,813845.9,,307,26,坏棒 总长1002mm 任意重度 铁头 307
568,16:43:48,hit_568_20260730_164348.csv,512,DEFECT,HIGH,0,68,109,581,500000,4180670,4074824,-4180670,206618.4,,307,274,坏棒 总长1002mm 任意重度 铁头 307
569,16:43:49,hit_569_20260730_164349.csv,512,DEFECT,HIGH,0,36,110,363,500000,5062327,5062327,-3746388,803540.5,,307,56,坏棒 总长1002mm 任意重度 铁头 307
570,16:43:49,hit_570_20260730_164349.csv,512,DEFECT,HIGH,0,38,110,383,500000,5193128,5193128,-4143614,617938.6,,307,76,坏棒 总长1002mm 任意重度 铁头 307
571,16:43:56,hit_571_20260730_164356.csv,512,DEFECT,HIGH,0,26,114,252,500000,4868945,2900627,-4868945,-544430.2,,307,-55,坏棒 总长1002mm 任意重度 铁头 307
572,16:43:56,hit_572_20260730_164356.csv,512,DEFECT,HIGH,0,65,110,545,500000,5731337,5731337,-3354449,1316058.8,,307,238,坏棒 总长1002mm 任意重度 铁头 307
573,16:43:57,hit_573_20260730_164357.csv,512,DEFECT,HIGH,0,62,116,485,500000,6170560,6170560,-2765221,1959096.8,,307,178,坏棒 总长1002mm 任意重度 铁头 307
574,16:43:57,hit_574_20260730_164357.csv,512,DEFECT,HIGH,0,63,109,530,500000,6246486,6246486,-3007744,1673089.7,,307,223,坏棒 总长1002mm 任意重度 铁头 307
575,16:44:09,hit_575_20260730_164409.csv,512,DEFECT,HIGH,0,37,109,377,500000,5942611,5942611,-3595055,1372720.3,,307,70,坏棒 总长1002mm 任意重度 铁头 307
576,16:44:10,hit_576_20260730_164410.csv,512,DEFECT,HIGH,0,33,108,340,500000,6401070,6401070,-3078595,1779098.1,,307,33,坏棒 总长1002mm 任意重度 铁头 307
577,16:44:11,hit_577_20260730_164411.csv,512,DEFECT,HIGH,0,65,108,556,500000,4650231,4650231,-3265640,1028337.6,,307,249,坏棒 总长1002mm 任意重度 铁头 307
578,16:44:11,hit_578_20260730_164411.csv,512,DEFECT,HIGH,0,61,108,515,500000,5474807,5474807,-3209115,1494616.1,,307,208,坏棒 总长1002mm 任意重度 铁头 307
579,16:44:12,hit_579_20260730_164412.csv,512,DEFECT,HIGH,0,64,108,546,500000,5851192,5851192,-3154085,1565953.4,,307,239,坏棒 总长1002mm 任意重度 铁头 307
580,16:44:12,hit_580_20260730_164412.csv,512,DEFECT,HIGH,0,68,109,581,500000,4606028,4606028,-4011683,594601.8,,307,274,坏棒 总长1002mm 任意重度 铁头 307
581,16:44:12,hit_581_20260730_164412.csv,512,DEFECT,HIGH,0,24,112,237,500000,4896857,3948942,-4896857,-70681.8,,307,-70,坏棒 总长1002mm 任意重度 铁头 307
582,16:44:13,hit_582_20260730_164413.csv,512,DEFECT,HIGH,0,68,109,581,500000,4983855,4983855,-4050977,820863.2,,307,274,坏棒 总长1002mm 任意重度 铁头 307
583,16:44:13,hit_583_20260730_164413.csv,512,DEFECT,HIGH,0,63,114,504,500000,6433046,6433046,-2986472,1820901.6,,307,197,坏棒 总长1002mm 任意重度 铁头 307
584,16:44:13,hit_584_20260730_164413.csv,512,DEFECT,HIGH,0,69,114,563,500000,5615634,5615634,-3901771,1017850.6,,307,256,坏棒 总长1002mm 任意重度 铁头 307
585,16:44:14,hit_585_20260730_164414.csv,512,DEFECT,HIGH,0,64,109,540,500000,5844604,5844604,-3244787,1395586.1,,307,233,坏棒 总长1002mm 任意重度 铁头 307
586,16:44:14,hit_586_20260730_164414.csv,512,DEFECT,HIGH,0,37,111,370,500000,5173934,5173934,-3901938,829517.3,,307,63,坏棒 总长1002mm 任意重度 铁头 307
587,16:44:14,hit_587_20260730_164414.csv,512,DEFECT,HIGH,0,21,113,205,500000,4393112,3952110,-4393112,173163.6,,307,-102,坏棒 总长1002mm 任意重度 铁头 307
588,16:44:15,hit_588_20260730_164415.csv,512,DEFECT,HIGH,0,66,110,555,500000,5964988,5964988,-3770087,1292709.4,,307,248,坏棒 总长1002mm 任意重度 铁头 307
589,16:44:15,hit_589_20260730_164415.csv,512,DEFECT,HIGH,0,67,110,565,500000,5486562,5486562,-3775466,959335.5,,307,258,坏棒 总长1002mm 任意重度 铁头 307
590,16:44:15,hit_590_20260730_164415.csv,512,DEFECT,HIGH,0,67,110,565,500000,5487072,5487072,-3822926,862078.5,,307,258,坏棒 总长1002mm 任意重度 铁头 307
591,16:44:16,hit_591_20260730_164416.csv,512,DEFECT,HIGH,0,63,110,525,500000,5884187,5884187,-3138924,1503205.1,,307,218,坏棒 总长1002mm 任意重度 铁头 307
592,16:44:16,hit_592_20260730_164416.csv,512,DEFECT,HIGH,0,66,109,561,500000,5598893,5598893,-3584584,1021166.6,,307,254,坏棒 总长1002mm 任意重度 铁头 307
593,16:44:16,hit_593_20260730_164416.csv,512,DEFECT,HIGH,0,66,111,550,500000,5718604,5718604,-3548298,1174992.1,,307,243,坏棒 总长1002mm 任意重度 铁头 307
594,16:44:17,hit_594_20260730_164417.csv,512,DEFECT,HIGH,0,67,111,560,500000,5753206,5753206,-3731816,1215153.4,,307,253,坏棒 总长1002mm 任意重度 铁头 307
595,16:44:17,hit_595_20260730_164417.csv,512,DEFECT,HIGH,0,69,111,580,500000,5388837,5388837,-4047492,848943.8,,307,273,坏棒 总长1002mm 任意重度 铁头 307
596,16:44:17,hit_596_20260730_164417.csv,512,DEFECT,HIGH,0,65,108,556,500000,5965552,5965552,-3434725,1378564.1,,307,249,坏棒 总长1002mm 任意重度 铁头 307
597,16:44:18,hit_597_20260730_164418.csv,512,DEFECT,HIGH,0,69,111,580,500000,5626383,5626383,-3900070,1041908.1,,307,273,坏棒 总长1002mm 任意重度 铁头 307
598,16:44:18,hit_598_20260730_164418.csv,512,DEFECT,HIGH,0,66,109,561,500000,6185727,6185727,-3168589,1787764.7,,307,254,坏棒 总长1002mm 任意重度 铁头 307
599,16:44:18,hit_599_20260730_164418.csv,512,DEFECT,HIGH,0,68,111,570,500000,5200782,5200782,-3928544,791812.8,,307,263,坏棒 总长1002mm 任意重度 铁头 307
600,16:44:19,hit_600_20260730_164419.csv,512,DEFECT,HIGH,0,67,108,577,500000,5695879,5695879,-3876821,1278047.9,,307,270,坏棒 总长1002mm 任意重度 铁头 307
601,16:44:19,hit_601_20260730_164419.csv,512,DEFECT,HIGH,0,39,110,393,500000,5997118,5997118,-3885665,1420995.3,,307,86,坏棒 总长1002mm 任意重度 铁头 307
602,16:44:19,hit_602_20260730_164419.csv,512,DEFECT,HIGH,0,63,108,536,500000,6216908,6216908,-3006560,1619444.7,,307,229,坏棒 总长1002mm 任意重度 铁头 307
603,16:44:20,hit_603_20260730_164420.csv,512,DEFECT,HIGH,0,68,109,581,500000,4815982,4815982,-3943920,502096.0,,307,274,坏棒 总长1002mm 任意重度 铁头 307
604,16:44:20,hit_604_20260730_164420.csv,512,DEFECT,HIGH,0,70,111,590,500000,5736695,5736695,-4438469,636775.1,,307,283,坏棒 总长1002mm 任意重度 铁头 307
605,16:44:20,hit_605_20260730_164420.csv,512,DEFECT,HIGH,0,77,113,647,500000,5669615,5669615,-5495483,228288.4,,307,340,坏棒 总长1002mm 任意重度 铁头 307
606,16:44:21,hit_606_20260730_164421.csv,512,DEFECT,HIGH,0,35,108,360,500000,6500435,6500435,-3408793,2042625.9,,307,53,坏棒 总长1002mm 任意重度 铁头 307
607,16:44:21,hit_607_20260730_164421.csv,512,DEFECT,HIGH,0,65,108,556,500000,5827236,5827236,-3250958,1883690.5,,307,249,坏棒 总长1002mm 任意重度 铁头 307
608,16:44:21,hit_608_20260730_164421.csv,512,DEFECT,HIGH,0,67,108,577,500000,5179189,5179189,-3526656,1471134.8,,307,270,坏棒 总长1002mm 任意重度 铁头 307
609,16:44:21,hit_609_20260730_164421.csv,512,DEFECT,HIGH,0,62,108,525,500000,5186966,5186966,-3256900,1817266.7,,307,218,坏棒 总长1002mm 任意重度 铁头 307
610,16:44:22,hit_610_20260730_164422.csv,512,DEFECT,HIGH,0,67,108,577,500000,5240826,5240826,-3622211,1466649.9,,307,270,坏棒 总长1002mm 任意重度 铁头 307
611,16:44:22,hit_611_20260730_164422.csv,512,DEFECT,HIGH,0,67,109,571,500000,5826284,5826284,-3493798,1802544.8,,307,264,坏棒 总长1002mm 任意重度 铁头 307
612,16:44:22,hit_612_20260730_164422.csv,512,DEFECT,HIGH,0,68,110,575,500000,4874910,4874910,-3923556,919567.5,,307,268,坏棒 总长1002mm 任意重度 铁头 307
613,16:44:23,hit_613_20260730_164423.csv,512,DEFECT,HIGH,0,22,111,220,500000,4449966,3753036,-4449966,-121597.5,,307,-87,坏棒 总长1002mm 任意重度 铁头 307
614,16:44:23,hit_614_20260730_164423.csv,512,DEFECT,HIGH,0,38,110,383,500000,6019143,6019143,-3942124,1426451.2,,307,76,坏棒 总长1002mm 任意重度 铁头 307
615,16:44:23,hit_615_20260730_164423.csv,512,DEFECT,HIGH,0,59,114,461,500000,6825098,6825098,-2599711,2736355.6,,307,154,坏棒 总长1002mm 任意重度 铁头 307
616,16:44:24,hit_616_20260730_164424.csv,512,DEFECT,HIGH,0,68,109,581,500000,5469286,5469286,-3805512,1567268.9,,307,274,坏棒 总长1002mm 任意重度 铁头 307
617,16:44:24,hit_617_20260730_164424.csv,512,DEFECT,HIGH,0,69,110,585,500000,5763401,5763401,-4027876,1185814.2,,307,278,坏棒 总长1002mm 任意重度 铁头 307
618,16:44:24,hit_618_20260730_164424.csv,512,DEFECT,HIGH,0,35,108,360,500000,5699981,5699981,-3123161,1633265.0,,307,53,坏棒 总长1002mm 任意重度 铁头 307
619,16:44:25,hit_619_20260730_164425.csv,512,DEFECT,HIGH,0,65,108,556,500000,6143237,6143237,-3470127,1945544.2,,307,249,坏棒 总长1002mm 任意重度 铁头 307
620,16:44:25,hit_620_20260730_164425.csv,512,DEFECT,HIGH,0,38,109,387,500000,6141478,6141478,-3665138,1567284.4,,307,80,坏棒 总长1002mm 任意重度 铁头 307
621,16:44:26,hit_621_20260730_164426.csv,512,DEFECT,HIGH,0,68,109,581,500000,5560011,5560011,-3874544,1096353.4,,307,274,坏棒 总长1002mm 任意重度 铁头 307
622,16:44:26,hit_622_20260730_164426.csv,512,DEFECT,HIGH,0,66,108,567,500000,5760046,5760046,-3626256,1587902.3,,307,260,坏棒 总长1002mm 任意重度 铁头 307
623,16:44:26,hit_623_20260730_164426.csv,512,DEFECT,HIGH,0,70,110,595,500000,5034829,5034829,-4459451,508023.5,,307,288,坏棒 总长1002mm 任意重度 铁头 307
624,16:44:27,hit_624_20260730_164427.csv,512,DEFECT,HIGH,0,68,108,587,500000,5197797,5197797,-4090457,915689.7,,307,280,坏棒 总长1002mm 任意重度 铁头 307
625,16:44:27,hit_625_20260730_164427.csv,512,DEFECT,HIGH,0,67,108,577,500000,5120682,5120682,-3763902,1060796.4,,307,270,坏棒 总长1002mm 任意重度 铁头 307
626,16:44:27,hit_626_20260730_164427.csv,512,DEFECT,HIGH,0,36,108,371,500000,6214079,6214079,-3368488,2067081.9,,307,64,坏棒 总长1002mm 任意重度 铁头 307
627,16:44:28,hit_627_20260730_164428.csv,512,DEFECT,HIGH,0,68,109,581,500000,5041836,5041836,-3845387,1344233.8,,307,274,坏棒 总长1002mm 任意重度 铁头 307
628,16:44:28,hit_628_20260730_164428.csv,512,DEFECT,HIGH,0,67,108,577,500000,5255335,5255335,-3639351,1580484.9,,307,270,坏棒 总长1002mm 任意重度 铁头 307
629,16:44:29,hit_629_20260730_164429.csv,512,DEFECT,HIGH,0,66,110,555,500000,5570247,5570247,-3725385,1272904.4,,307,248,坏棒 总长1002mm 任意重度 铁头 307
630,16:44:29,hit_630_20260730_164429.csv,512,DEFECT,HIGH,0,64,108,546,500000,5595492,5595492,-3208920,1628495.7,,307,239,坏棒 总长1002mm 任意重度 铁头 307
631,16:44:29,hit_631_20260730_164429.csv,512,DEFECT,HIGH,0,60,112,485,500000,5073119,5073119,-2829289,1614815.3,,307,178,坏棒 总长1002mm 任意重度 铁头 307
632,16:44:30,hit_632_20260730_164430.csv,512,DEFECT,HIGH,0,68,108,587,500000,4937069,4937069,-4057035,812364.9,,307,280,坏棒 总长1002mm 任意重度 铁头 307
633,16:44:30,hit_633_20260730_164430.csv,512,DEFECT,HIGH,0,69,108,597,500000,5179815,5179815,-2724149,1450218.1,,307,290,坏棒 总长1002mm 任意重度 铁头 307
634,16:44:31,hit_634_20260730_164431.csv,512,DEFECT,HIGH,0,69,108,597,500000,5329957,5329957,-3073166,1168008.7,,307,290,坏棒 总长1002mm 任意重度 铁头 307
635,16:44:31,hit_635_20260730_164431.csv,512,DEFECT,HIGH,0,64,113,469,500000,5062799,5062799,-3284617,1320630.2,,307,162,坏棒 总长1002mm 任意重度 铁头 307
636,16:44:32,hit_636_20260730_164432.csv,512,DEFECT,HIGH,0,24,108,247,500000,5042222,5042222,-3307426,873880.4,,307,-60,坏棒 总长1002mm 任意重度 铁头 307
637,16:44:32,hit_637_20260730_164432.csv,512,DEFECT,HIGH,0,81,108,814,500000,4753352,4753352,-3885267,31456.1,,307,507,坏棒 总长1002mm 任意重度 铁头 307
638,16:44:33,hit_638_20260730_164433.csv,512,DEFECT,HIGH,0,25,109,255,500000,4833314,4104781,-4833314,-393622.7,,307,-52,坏棒 总长1002mm 任意重度 铁头 307
639,16:44:33,hit_639_20260730_164433.csv,512,DEFECT,HIGH,0,70,108,608,500000,4968038,4968038,-3049135,795278.7,,307,301,坏棒 总长1002mm 任意重度 铁头 307
640,16:44:33,hit_640_20260730_164433.csv,512,DEFECT,HIGH,0,69,110,585,500000,5223119,5223119,-4035921,834391.7,,307,278,坏棒 总长1002mm 任意重度 铁头 307
641,16:44:34,hit_641_20260730_164434.csv,512,DEFECT,HIGH,0,69,110,585,500000,5441258,5441258,-4225065,844385.1,,307,278,坏棒 总长1002mm 任意重度 铁头 307
642,16:44:34,hit_642_20260730_164434.csv,512,DEFECT,HIGH,0,25,109,255,500000,4893639,3817131,-4893639,-493444.2,,307,-52,坏棒 总长1002mm 任意重度 铁头 307
643,16:44:35,hit_643_20260730_164435.csv,512,DEFECT,HIGH,0,65,108,556,500000,5400284,5400284,-3250269,1305454.4,,307,249,坏棒 总长1002mm 任意重度 铁头 307
644,16:44:35,hit_644_20260730_164435.csv,512,DEFECT,HIGH,0,68,109,581,500000,4784066,4784066,-4014123,625070.6,,307,274,坏棒 总长1002mm 任意重度 铁头 307
645,16:44:36,hit_645_20260730_164436.csv,512,DEFECT,HIGH,0,67,108,577,500000,4907923,4907923,-3882703,1077883.8,,307,270,坏棒 总长1002mm 任意重度 铁头 307
646,16:44:36,hit_646_20260730_164436.csv,512,DEFECT,HIGH,0,66,108,567,500000,5315471,5315471,-2652775,1422920.2,,307,260,坏棒 总长1002mm 任意重度 铁头 307
647,16:44:37,hit_647_20260730_164437.csv,512,DEFECT,HIGH,0,60,113,433,500000,5133104,5133104,-3109827,1409469.9,,307,126,坏棒 总长1002mm 任意重度 铁头 307
648,16:44:37,hit_648_20260730_164437.csv,512,NORMAL,HIGH,0,0,108,0,500000,5219578,5219578,-2437458,1503743.6,,307,,坏棒 总长1002mm 任意重度 铁头 307
649,16:44:38,hit_649_20260730_164438.csv,512,DEFECT,HIGH,0,62,108,525,500000,4940251,4940251,-3527446,1037904.7,,307,218,坏棒 总长1002mm 任意重度 铁头 307
650,16:44:38,hit_650_20260730_164438.csv,512,DEFECT,HIGH,0,69,108,597,500000,5282818,5282818,-2692358,1461487.4,,307,290,坏棒 总长1002mm 任意重度 铁头 307
651,16:44:39,hit_651_20260730_164439.csv,512,DEFECT,HIGH,0,65,108,556,500000,4454766,4454766,-3540004,494951.8,,307,249,坏棒 总长1002mm 任意重度 铁头 307
652,16:44:39,hit_652_20260730_164439.csv,512,DEFECT,HIGH,0,29,110,292,500000,4315307,4315307,-4030607,-234840.7,,307,-15,坏棒 总长1002mm 任意重度 铁头 307
653,16:44:44,hit_653_20260730_164444.csv,512,DEFECT,HIGH,0,62,109,632,500000,4887679,4393904,-4887679,-695006.8,,307,325,坏棒 总长1002mm 任意重度 铁头 307
654,16:44:44,hit_654_20260730_164444.csv,512,DEFECT,HIGH,0,82,117,669,500000,5269696,3815888,-5269696,-266293.2,,307,362,坏棒 总长1002mm 任意重度 铁头 307
655,16:44:45,hit_655_20260730_164445.csv,512,DEFECT,HIGH,0,61,113,490,500000,6304636,6304636,-2890321,1901211.6,,307,183,坏棒 总长1002mm 任意重度 铁头 307
656,16:44:45,hit_656_20260730_164445.csv,512,DEFECT,HIGH,0,68,109,581,500000,5315223,5315223,-4122889,693404.1,,307,274,坏棒 总长1002mm 任意重度 铁头 307
657,16:44:45,hit_657_20260730_164445.csv,512,DEFECT,HIGH,0,61,113,490,500000,6337234,6337234,-2768061,1870253.0,,307,183,坏棒 总长1002mm 任意重度 铁头 307
658,16:44:56,hit_658_20260730_164456.csv,512,DEFECT,HIGH,0,26,112,257,500000,5012674,3713682,-5012674,-627557.6,,307,-50,坏棒 总长1002mm 任意重度 铁头 307
659,16:44:56,hit_659_20260730_164456.csv,512,DEFECT,HIGH,0,22,111,220,500000,4639057,4288301,-4639057,260495.8,,307,-87,坏棒 总长1002mm 任意重度 铁头 307
660,16:44:57,hit_660_20260730_164457.csv,512,DEFECT,HIGH,0,66,108,567,500000,5376944,5376944,-3543730,1014846.8,,307,260,坏棒 总长1002mm 任意重度 铁头 307
661,16:44:57,hit_661_20260730_164457.csv,512,DEFECT,HIGH,0,26,110,262,500000,5152994,3643033,-5152994,-541877.9,,307,-45,坏棒 总长1002mm 任意重度 铁头 307
662,16:44:57,hit_662_20260730_164457.csv,512,DEFECT,HIGH,0,22,111,220,500000,4528431,4383415,-4528431,174752.5,,307,-87,坏棒 总长1002mm 任意重度 铁头 307
663,16:44:58,hit_663_20260730_164458.csv,512,DEFECT,HIGH,0,68,111,570,500000,4135766,4055141,-4135766,261985.2,,307,263,坏棒 总长1002mm 任意重度 铁头 307
664,16:44:58,hit_664_20260730_164458.csv,512,DEFECT,HIGH,0,70,111,590,500000,5009516,5009516,-4460306,527230.9,,307,283,坏棒 总长1002mm 任意重度 铁头 307
665,16:44:58,hit_665_20260730_164458.csv,512,DEFECT,HIGH,0,65,108,556,500000,4628339,4628339,-3336758,969353.1,,307,249,坏棒 总长1002mm 任意重度 铁头 307
666,16:44:59,hit_666_20260730_164459.csv,512,DEFECT,HIGH,0,67,109,571,500000,3946988,3821230,-3946988,208048.8,,307,264,坏棒 总长1002mm 任意重度 铁头 307
667,16:44:59,hit_667_20260730_164459.csv,512,NORMAL,HIGH,0,0,109,0,500000,3670887,3255241,-3670887,537.9,,307,,坏棒 总长1002mm 任意重度 铁头 307
668,16:44:59,hit_668_20260730_164459.csv,512,DEFECT,HIGH,0,24,116,228,500000,4149765,2800494,-4149765,-298267.8,,307,-79,坏棒 总长1002mm 任意重度 铁头 307
669,16:45:00,hit_669_20260730_164500.csv,512,NORMAL,HIGH,0,0,111,0,500000,4235544,4235544,-3776738,575636.9,,307,,坏棒 总长1002mm 任意重度 铁头 307
670,16:45:00,hit_670_20260730_164500.csv,512,DEFECT,HIGH,0,69,111,580,500000,4216680,3204382,-4216680,-127559.3,,307,273,坏棒 总长1002mm 任意重度 铁头 307
671,16:45:00,hit_671_20260730_164500.csv,512,DEFECT,HIGH,0,24,112,237,500000,4765568,3246389,-4765568,-378715.4,,307,-70,坏棒 总长1002mm 任意重度 铁头 307
672,16:45:01,hit_672_20260730_164501.csv,512,DEFECT,HIGH,0,69,112,574,500000,4220299,3214466,-4220299,79841.5,,307,267,坏棒 总长1002mm 任意重度 铁头 307
673,16:45:01,hit_673_20260730_164501.csv,512,DEFECT,HIGH,0,69,113,568,500000,4212033,3470945,-4212033,190698.7,,307,261,坏棒 总长1002mm 任意重度 铁头 307
674,16:45:01,hit_674_20260730_164501.csv,512,DEFECT,HIGH,0,68,113,558,500000,4108313,2828529,-4108313,-70325.9,,307,251,坏棒 总长1002mm 任意重度 铁头 307
675,16:45:01,hit_675_20260730_164501.csv,512,DEFECT,HIGH,0,67,113,549,500000,3910184,3067572,-3910184,104076.0,,307,242,坏棒 总长1002mm 任意重度 铁头 307
676,16:45:02,hit_676_20260730_164502.csv,512,NORMAL,HIGH,0,0,110,0,500000,4195792,4195792,-3591136,569847.3,,307,,坏棒 总长1002mm 任意重度 铁头 307
677,16:45:02,hit_677_20260730_164502.csv,512,DEFECT,HIGH,0,65,109,551,500000,4961815,4961815,-3538487,930580.6,,307,244,坏棒 总长1002mm 任意重度 铁头 307
678,16:45:02,hit_678_20260730_164502.csv,512,DEFECT,HIGH,0,65,108,556,500000,4442528,4442528,-3505251,689853.9,,307,249,坏棒 总长1002mm 任意重度 铁头 307
679,16:45:03,hit_679_20260730_164503.csv,512,DEFECT,HIGH,0,24,111,240,500000,4251366,4251366,-3632962,152040.8,,307,-67,坏棒 总长1002mm 任意重度 铁头 307
680,16:45:03,hit_680_20260730_164503.csv,512,DEFECT,HIGH,0,70,113,619,500000,4215352,4215352,-3401871,359095.3,,307,312,坏棒 总长1002mm 任意重度 铁头 307
681,16:45:03,hit_681_20260730_164503.csv,512,DEFECT,HIGH,0,64,113,469,500000,4251501,4251501,-3578706,365530.3,,307,162,坏棒 总长1002mm 任意重度 铁头 307
682,16:46:43,hit_682_20260730_164643.csv,512,DEFECT,HIGH,0,65,109,551,500000,5757731,5757731,-3306983,1189045.2,,307,244,坏棒 总长1002mm 任意重度 铁头 307
683,16:46:44,hit_683_20260730_164644.csv,512,DEFECT,HIGH,0,37,109,377,500000,5165402,5165402,-3858551,692180.9,,307,70,坏棒 总长1002mm 任意重度 铁头 307
684,16:46:44,hit_684_20260730_164644.csv,512,DEFECT,HIGH,0,66,110,555,500000,5488776,5488776,-3565626,1192448.9,,307,248,坏棒 总长1002mm 任意重度 铁头 307
685,16:46:44,hit_685_20260730_164644.csv,512,DEFECT,HIGH,0,69,112,574,500000,4130691,4130691,-4085528,407511.6,,307,267,坏棒 总长1002mm 任意重度 铁头 307
686,16:46:45,hit_686_20260730_164645.csv,512,DEFECT,HIGH,0,68,111,570,500000,5394454,5394454,-3698035,1222271.3,,307,263,坏棒 总长1002mm 任意重度 铁头 307
687,16:46:45,hit_687_20260730_164645.csv,512,DEFECT,HIGH,0,65,109,551,500000,5399842,5399842,-3414329,1260637.4,,307,244,坏棒 总长1002mm 任意重度 铁头 307
688,16:46:46,hit_688_20260730_164646.csv,512,DEFECT,HIGH,0,68,111,570,500000,5278574,5278574,-3736408,1214654.2,,307,263,坏棒 总长1002mm 任意重度 铁头 307
689,16:46:46,hit_689_20260730_164646.csv,512,DEFECT,HIGH,0,23,110,232,500000,4602091,3731064,-4602091,-300727.0,,307,-75,坏棒 总长1002mm 任意重度 铁头 307
690,16:46:46,hit_690_20260730_164646.csv,512,DEFECT,HIGH,0,23,111,230,500000,4557343,4223937,-4557343,215372.4,,307,-77,坏棒 总长1002mm 任意重度 铁头 307
691,16:46:47,hit_691_20260730_164647.csv,512,DEFECT,HIGH,0,23,111,230,500000,4647078,4145213,-4647078,33119.7,,307,-77,坏棒 总长1002mm 任意重度 铁头 307
692,16:46:47,hit_692_20260730_164647.csv,512,DEFECT,HIGH,0,66,108,567,500000,5184080,5184080,-3676783,862636.9,,307,260,坏棒 总长1002mm 任意重度 铁头 307
693,16:46:47,hit_693_20260730_164647.csv,512,DEFECT,HIGH,0,64,108,546,500000,5158297,5158297,-3289774,906535.2,,307,239,坏棒 总长1002mm 任意重度 铁头 307
694,16:46:59,hit_694_20260730_164659.csv,512,DEFECT,HIGH,0,25,114,242,500000,5096662,3943223,-5096662,-43906.5,,307,-65,坏棒 总长1002mm 任意重度 铁头 307
695,16:47:00,hit_695_20260730_164700.csv,512,DEFECT,HIGH,0,69,111,580,500000,5593019,5593019,-4080045,910433.7,,307,273,坏棒 总长1002mm 任意重度 铁头 307
696,16:47:04,hit_696_20260730_164704.csv,512,DEFECT,HIGH,0,65,108,556,500000,6168708,6168708,-3308754,1502058.2,,307,249,坏棒 总长1002mm 任意重度 铁头 307
697,16:47:04,hit_697_20260730_164704.csv,512,DEFECT,HIGH,0,63,108,536,500000,5809153,5809153,-3184881,1494612.9,,307,229,坏棒 总长1002mm 任意重度 铁头 307
698,16:47:05,hit_698_20260730_164705.csv,512,DEFECT,HIGH,0,64,108,546,500000,5269935,5269935,-3216882,931156.8,,307,239,坏棒 总长1002mm 任意重度 铁头 307
699,16:47:05,hit_699_20260730_164705.csv,512,DEFECT,HIGH,0,25,109,255,500000,4913409,3834518,-4913409,-566211.3,,307,-52,坏棒 总长1002mm 任意重度 铁头 307
700,16:47:06,hit_700_20260730_164706.csv,512,DEFECT,HIGH,0,28,111,280,500000,5341409,3756821,-5341409,-574540.6,,307,-27,坏棒 总长1002mm 任意重度 铁头 307
701,16:47:06,hit_701_20260730_164706.csv,512,DEFECT,HIGH,0,66,108,567,500000,5539700,5539700,-3434711,1320182.7,,307,260,坏棒 总长1002mm 任意重度 铁头 307
702,16:47:06,hit_702_20260730_164706.csv,512,DEFECT,HIGH,0,29,110,292,500000,5726987,4031818,-5726987,-480577.0,,307,-15,坏棒 总长1002mm 任意重度 铁头 307
703,16:47:11,hit_703_20260730_164711.csv,512,DEFECT,HIGH,0,66,108,567,500000,5448694,5448694,-3583437,1277414.2,,307,260,坏棒 总长1002mm 任意重度 铁头 307
704,16:47:12,hit_704_20260730_164712.csv,512,DEFECT,HIGH,0,64,108,546,500000,5851256,5851256,-3051969,1443818.1,,307,239,坏棒 总长1002mm 任意重度 铁头 307
705,16:47:12,hit_705_20260730_164712.csv,512,DEFECT,HIGH,0,66,110,555,500000,5521119,5521119,-3415274,1229065.5,,307,248,坏棒 总长1002mm 任意重度 铁头 307
706,16:47:14,hit_706_20260730_164714.csv,512,DEFECT,HIGH,0,69,110,585,500000,4293701,4293701,-3963103,536939.6,,307,278,坏棒 总长1002mm 任意重度 铁头 307
707,16:47:14,hit_707_20260730_164714.csv,512,DEFECT,HIGH,0,70,111,590,500000,4343843,4343843,-4341097,356496.6,,307,283,坏棒 总长1002mm 任意重度 铁头 307
708,16:47:20,hit_708_20260730_164720.csv,512,DEFECT,HIGH,0,38,110,383,500000,5754464,5754464,-3811375,1126014.2,,307,76,坏棒 总长1002mm 任意重度 铁头 307
709,16:47:21,hit_709_20260730_164721.csv,512,DEFECT,HIGH,0,34,108,350,500000,6778258,6778258,-3052418,2252788.2,,307,43,坏棒 总长1002mm 任意重度 铁头 307
710,16:47:21,hit_710_20260730_164721.csv,512,DEFECT,HIGH,0,63,108,536,500000,6476389,6476389,-3078327,2107608.8,,307,229,坏棒 总长1002mm 任意重度 铁头 307
711,16:47:22,hit_711_20260730_164722.csv,512,DEFECT,HIGH,0,63,108,536,500000,5674265,5674265,-3204503,1644031.8,,307,229,坏棒 总长1002mm 任意重度 铁头 307
712,16:47:22,hit_712_20260730_164722.csv,512,DEFECT,HIGH,0,35,108,360,500000,5387908,5387908,-3525587,1752886.0,,307,53,坏棒 总长1002mm 任意重度 铁头 307
713,16:47:22,hit_713_20260730_164722.csv,512,DEFECT,HIGH,0,68,109,581,500000,5240739,5240739,-3925417,1527277.8,,307,274,坏棒 总长1002mm 任意重度 铁头 307
714,16:47:23,hit_714_20260730_164723.csv,512,DEFECT,HIGH,0,64,108,546,500000,5139050,5139050,-3150517,1528563.1,,307,239,坏棒 总长1002mm 任意重度 铁头 307
715,16:47:23,hit_715_20260730_164723.csv,512,DEFECT,HIGH,0,70,111,590,500000,5008468,5008468,-4096474,1161918.4,,307,283,坏棒 总长1002mm 任意重度 铁头 307
716,16:47:24,hit_716_20260730_164724.csv,512,DEFECT,HIGH,0,69,110,585,500000,4454278,4454278,-3995707,818277.6,,307,278,坏棒 总长1002mm 任意重度 铁头 307
717,16:47:24,hit_717_20260730_164724.csv,512,DEFECT,HIGH,0,68,108,587,500000,5082670,5082670,-3805474,1314447.8,,307,280,坏棒 总长1002mm 任意重度 铁头 307
718,16:47:25,hit_718_20260730_164725.csv,512,DEFECT,HIGH,0,66,108,567,500000,5198269,5198269,-3499906,1590823.0,,307,260,坏棒 总长1002mm 任意重度 铁头 307
719,16:47:25,hit_719_20260730_164725.csv,512,DEFECT,HIGH,0,59,111,470,500000,5469770,5469770,-2556761,1836615.3,,307,163,坏棒 总长1002mm 任意重度 铁头 307
720,16:47:26,hit_720_20260730_164726.csv,512,DEFECT,HIGH,0,67,108,577,500000,5135727,5135727,-3723681,1372630.0,,307,270,坏棒 总长1002mm 任意重度 铁头 307
721,16:47:26,hit_721_20260730_164726.csv,512,DEFECT,HIGH,0,37,109,377,500000,6167993,6167993,-3638612,2197872.4,,307,70,坏棒 总长1002mm 任意重度 铁头 307
722,16:47:27,hit_722_20260730_164727.csv,512,DEFECT,HIGH,0,61,111,495,500000,5324988,5324988,-2615188,1832973.1,,307,188,坏棒 总长1002mm 任意重度 铁头 307
723,16:47:27,hit_723_20260730_164727.csv,512,DEFECT,HIGH,0,69,108,597,500000,5104123,5104123,-3105567,1528394.9,,307,290,坏棒 总长1002mm 任意重度 铁头 307
724,16:47:28,hit_724_20260730_164728.csv,512,DEFECT,HIGH,0,67,117,495,500000,4497015,4497015,-4320958,290152.9,,307,188,坏棒 总长1002mm 任意重度 铁头 307
725,16:47:28,hit_725_20260730_164728.csv,512,DEFECT,HIGH,0,65,108,556,500000,5003948,5003948,-3355342,1198974.0,,307,249,坏棒 总长1002mm 任意重度 铁头 307
726,16:47:31,hit_726_20260730_164731.csv,512,DEFECT,HIGH,0,65,108,556,500000,5668020,5668020,-3536588,1449201.6,,307,249,坏棒 总长1002mm 任意重度 铁头 307
727,16:47:31,hit_727_20260730_164731.csv,512,DEFECT,HIGH,0,61,108,515,500000,5861715,5861715,-2894978,1863323.4,,307,208,坏棒 总长1002mm 任意重度 铁头 307
728,16:47:32,hit_728_20260730_164732.csv,512,DEFECT,HIGH,0,86,120,688,500000,6023380,3216184,-6023380,-780208.7,,307,381,坏棒 总长1002mm 任意重度 铁头 307
729,16:47:32,hit_729_20260730_164732.csv,512,DEFECT,HIGH,0,67,108,577,500000,5742603,5742603,-2593272,1835995.6,,307,270,坏棒 总长1002mm 任意重度 铁头 307
730,16:47:32,hit_730_20260730_164732.csv,512,DEFECT,HIGH,0,70,120,522,500000,5051232,5051232,-3539339,421819.7,,307,215,坏棒 总长1002mm 任意重度 铁头 307
731,16:47:33,hit_731_20260730_164733.csv,512,DEFECT,HIGH,0,65,113,477,500000,4879786,4879786,-3596525,1007001.0,,307,170,坏棒 总长1002mm 任意重度 铁头 307
732,16:47:33,hit_732_20260730_164733.csv,512,DEFECT,HIGH,0,62,110,504,500000,5082831,5082831,-2562914,1704070.0,,307,197,坏棒 总长1002mm 任意重度 铁头 307
733,16:47:33,hit_733_20260730_164733.csv,512,DEFECT,HIGH,0,69,108,597,500000,5035309,5035309,-2827843,1087532.5,,307,290,坏棒 总长1002mm 任意重度 铁头 307
734,16:47:34,hit_734_20260730_164734.csv,512,DEFECT,HIGH,0,65,108,556,500000,5310523,5310523,-2297561,1739689.4,,307,249,坏棒 总长1002mm 任意重度 铁头 307
735,16:47:34,hit_735_20260730_164734.csv,512,DEFECT,HIGH,0,68,108,587,500000,4988105,4988105,-2920286,1170411.4,,307,280,坏棒 总长1002mm 任意重度 铁头 307
736,16:47:35,hit_736_20260730_164735.csv,512,DEFECT,HIGH,0,70,109,602,500000,5081062,5081062,-3120417,1319532.8,,307,295,坏棒 总长1002mm 任意重度 铁头 307
737,16:47:35,hit_737_20260730_164735.csv,512,NORMAL,HIGH,0,0,108,0,500000,5275287,5275287,-2509675,1630682.5,,307,,坏棒 总长1002mm 任意重度 铁头 307
738,16:47:35,hit_738_20260730_164735.csv,512,DEFECT,HIGH,0,61,108,515,500000,5383290,5383290,-3200968,1461939.0,,307,208,坏棒 总长1002mm 任意重度 铁头 307
739,16:47:36,hit_739_20260730_164736.csv,512,DEFECT,HIGH,0,67,108,577,500000,5683610,5683610,-3708145,1245940.3,,307,270,坏棒 总长1002mm 任意重度 铁头 307
740,16:47:36,hit_740_20260730_164736.csv,512,DEFECT,HIGH,0,63,108,536,500000,5920934,5920934,-3035839,1640284.8,,307,229,坏棒 总长1002mm 任意重度 铁头 307
741,16:47:37,hit_741_20260730_164737.csv,512,DEFECT,HIGH,0,63,113,509,500000,6922408,6922408,-2845569,2476363.5,,307,202,坏棒 总长1002mm 任意重度 铁头 307
742,16:47:37,hit_742_20260730_164737.csv,512,DEFECT,HIGH,0,75,113,627,500000,5684609,5684609,-4935036,773408.8,,307,320,坏棒 总长1002mm 任意重度 铁头 307
743,16:47:37,hit_743_20260730_164737.csv,512,DEFECT,HIGH,0,64,108,546,500000,6124478,6124478,-2031400,2383766.5,,307,239,坏棒 总长1002mm 任意重度 铁头 307
744,16:47:38,hit_744_20260730_164738.csv,512,DEFECT,HIGH,0,64,108,546,500000,6294248,6294248,-2003876,2664450.6,,307,239,坏棒 总长1002mm 任意重度 铁头 307
745,16:47:38,hit_745_20260730_164738.csv,512,DEFECT,HIGH,0,64,108,546,500000,6251108,6251108,-2210561,2438965.2,,307,239,坏棒 总长1002mm 任意重度 铁头 307
746,16:47:39,hit_746_20260730_164739.csv,512,DEFECT,HIGH,0,61,108,515,500000,6132556,6132556,-3204311,1683994.4,,307,208,坏棒 总长1002mm 任意重度 铁头 307
747,16:47:39,hit_747_20260730_164739.csv,512,DEFECT,HIGH,0,70,109,602,500000,5156836,5156836,-3264969,1372907.6,,307,295,坏棒 总长1002mm 任意重度 铁头 307
748,16:47:40,hit_748_20260730_164740.csv,512,DEFECT,HIGH,0,66,108,567,500000,5235572,5235572,-1963373,1916092.2,,307,260,坏棒 总长1002mm 任意重度 铁头 307
749,16:47:40,hit_749_20260730_164740.csv,512,NORMAL,HIGH,0,0,108,0,500000,5982841,5982841,-1946261,2289765.4,,307,,坏棒 总长1002mm 任意重度 铁头 307
750,16:47:41,hit_750_20260730_164741.csv,512,DEFECT,HIGH,0,35,110,353,500000,4532357,4532357,-4270130,-213296.3,,307,46,坏棒 总长1002mm 任意重度 铁头 307
751,16:47:41,hit_751_20260730_164741.csv,512,DEFECT,HIGH,0,68,108,587,500000,5893761,5893761,-1861185,2225895.0,,307,280,坏棒 总长1002mm 任意重度 铁头 307
752,16:47:41,hit_752_20260730_164741.csv,512,DEFECT,HIGH,0,68,109,581,500000,5742187,5742187,-3766524,1494798.6,,307,274,坏棒 总长1002mm 任意重度 铁头 307
753,16:47:42,hit_753_20260730_164742.csv,512,DEFECT,HIGH,0,70,110,595,500000,4308226,4199976,-4308226,244911.6,,307,288,坏棒 总长1002mm 任意重度 铁头 307
754,16:47:42,hit_754_20260730_164742.csv,512,DEFECT,HIGH,0,68,111,570,500000,5399404,5399404,-3930179,1204619.1,,307,263,坏棒 总长1002mm 任意重度 铁头 307
755,16:47:42,hit_755_20260730_164742.csv,512,DEFECT,HIGH,0,69,111,580,500000,5621632,5621632,-3781763,1233792.2,,307,273,坏棒 总长1002mm 任意重度 铁头 307
756,16:47:43,hit_756_20260730_164743.csv,512,DEFECT,HIGH,0,67,110,565,500000,5264987,5264987,-3581657,918472.0,,307,258,坏棒 总长1002mm 任意重度 铁头 307
757,16:47:43,hit_757_20260730_164743.csv,512,DEFECT,HIGH,0,63,111,520,500000,6208731,6208731,-3055803,2351357.6,,307,213,坏棒 总长1002mm 任意重度 铁头 307
758,16:47:44,hit_758_20260730_164744.csv,512,DEFECT,HIGH,0,39,112,386,500000,7001249,7001249,-2926937,2674474.0,,307,79,坏棒 总长1002mm 任意重度 铁头 307
759,16:48:06,hit_759_20260730_164806.csv,512,DEFECT,HIGH,0,25,112,247,500000,5045183,4876140,-5045183,95370.0,,307,-60,坏棒 总长1002mm 任意重度 铁头 307
760,16:48:07,hit_760_20260730_164807.csv,512,DEFECT,HIGH,0,27,111,270,500000,5389828,4004166,-5389828,-284088.5,,307,-37,坏棒 总长1002mm 任意重度 铁头 307
761,16:48:07,hit_761_20260730_164807.csv,512,DEFECT,HIGH,0,25,110,252,500000,5189408,5189408,-5062132,299064.4,,307,-55,坏棒 总长1002mm 任意重度 铁头 307
762,16:48:07,hit_762_20260730_164807.csv,512,DEFECT,HIGH,0,68,108,587,500000,5334194,5334194,-4582541,481948.4,,307,280,坏棒 总长1002mm 任意重度 铁头 307
763,16:48:08,hit_763_20260730_164808.csv,512,DEFECT,HIGH,0,29,113,284,500000,5696775,4367972,-5696775,-182528.0,,307,-23,坏棒 总长1002mm 任意重度 铁头 307
764,16:48:08,hit_764_20260730_164808.csv,512,DEFECT,HIGH,0,23,110,232,500000,5044095,5044095,-4814986,256220.5,,307,-75,坏棒 总长1002mm 任意重度 铁头 307
765,16:48:09,hit_765_20260730_164809.csv,512,DEFECT,HIGH,0,25,111,250,500000,5209811,5209811,-4971020,302275.5,,307,-57,坏棒 总长1002mm 任意重度 铁头 307
766,16:48:09,hit_766_20260730_164809.csv,512,DEFECT,HIGH,0,27,112,267,500000,5417611,4617811,-5417611,-21955.3,,307,-40,坏棒 总长1002mm 任意重度 铁头 307
767,16:48:09,hit_767_20260730_164809.csv,512,DEFECT,HIGH,0,29,113,284,500000,5608271,3836599,-5608271,-407311.7,,307,-23,坏棒 总长1002mm 任意重度 铁头 307
768,16:48:09,hit_768_20260730_164809.csv,512,DEFECT,HIGH,0,53,115,509,500000,4529115,4311562,-4529115,-647618.9,,307,202,坏棒 总长1002mm 任意重度 铁头 307
769,16:48:10,hit_769_20260730_164810.csv,512,DEFECT,HIGH,0,52,115,500,500000,5041156,4205465,-5041156,-694726.7,,307,193,坏棒 总长1002mm 任意重度 铁头 307
770,16:48:10,hit_770_20260730_164810.csv,512,DEFECT,HIGH,0,32,112,316,500000,5204302,4317336,-5204302,-606641.9,,307,9,坏棒 总长1002mm 任意重度 铁头 307
771,16:48:11,hit_771_20260730_164811.csv,512,DEFECT,HIGH,0,71,110,606,500000,4944218,4944218,-4695006,635065.8,,307,299,坏棒 总长1002mm 任意重度 铁头 307
772,16:48:12,hit_772_20260730_164812.csv,512,DEFECT,HIGH,0,25,110,252,500000,5305000,5305000,-4933142,386334.4,,307,-55,坏棒 总长1002mm 任意重度 铁头 307
773,16:48:12,hit_773_20260730_164812.csv,512,DEFECT,HIGH,0,73,110,626,500000,5005629,4878123,-5005629,162980.0,,307,319,坏棒 总长1002mm 任意重度 铁头 307
774,16:48:12,hit_774_20260730_164812.csv,512,DEFECT,HIGH,0,69,109,591,500000,4984453,4984453,-4604815,541276.7,,307,284,坏棒 总长1002mm 任意重度 铁头 307
775,16:48:13,hit_775_20260730_164813.csv,512,DEFECT,HIGH,0,25,108,257,500000,5016612,4932077,-5016612,87867.3,,307,-50,坏棒 总长1002mm 任意重度 铁头 307
776,16:48:13,hit_776_20260730_164813.csv,512,DEFECT,HIGH,0,28,111,280,500000,5552751,4277503,-5552751,-265775.2,,307,-27,坏棒 总长1002mm 任意重度 铁头 307
777,16:48:13,hit_777_20260730_164813.csv,512,DEFECT,HIGH,0,22,108,226,500000,4929626,4929626,-4714348,338068.1,,307,-81,坏棒 总长1002mm 任意重度 铁头 307
778,16:48:14,hit_778_20260730_164814.csv,512,DEFECT,HIGH,0,72,109,622,500000,5234069,5234069,-5111522,296797.3,,307,315,坏棒 总长1002mm 任意重度 铁头 307
779,16:48:55,hit_779_20260730_164855.csv,512,DEFECT,HIGH,0,25,113,245,500000,4949119,3920574,-4949119,-78377.0,,307,-62,坏棒 总长1002mm 任意重度 铁头 307
780,16:48:55,hit_780_20260730_164855.csv,512,DEFECT,HIGH,0,62,108,525,500000,5224064,5224064,-3450022,1169612.8,,307,218,坏棒 总长1002mm 任意重度 铁头 307
781,16:48:55,hit_781_20260730_164855.csv,512,DEFECT,HIGH,0,66,108,567,500000,4942698,4942698,-3673567,922815.3,,307,260,坏棒 总长1002mm 任意重度 铁头 307
782,16:48:56,hit_782_20260730_164856.csv,512,DEFECT,HIGH,0,64,110,535,500000,5474208,5474208,-3184516,1504824.9,,307,228,坏棒 总长1002mm 任意重度 铁头 307
783,16:48:56,hit_783_20260730_164856.csv,512,DEFECT,HIGH,0,37,108,381,500000,6331410,6331410,-3593213,1671885.9,,307,74,坏棒 总长1002mm 任意重度 铁头 307
784,16:48:56,hit_784_20260730_164856.csv,512,DEFECT,HIGH,0,61,111,495,500000,6727318,6727318,-2629950,2168556.2,,307,188,坏棒 总长1002mm 任意重度 铁头 307
785,16:48:57,hit_785_20260730_164857.csv,512,DEFECT,HIGH,0,63,108,536,500000,5918396,5918396,-3255984,1401843.7,,307,229,坏棒 总长1002mm 任意重度 铁头 307
786,16:48:57,hit_786_20260730_164857.csv,512,DEFECT,HIGH,0,74,112,623,500000,4930758,4925068,-4930758,336205.3,,307,316,坏棒 总长1002mm 任意重度 铁头 307
787,16:48:57,hit_787_20260730_164857.csv,512,DEFECT,HIGH,0,26,109,265,500000,5228715,3924898,-5228715,-541302.7,,307,-42,坏棒 总长1002mm 任意重度 铁头 307
788,16:48:58,hit_788_20260730_164858.csv,512,DEFECT,HIGH,0,28,111,280,500000,5476847,3976042,-5476847,-421460.1,,307,-27,坏棒 总长1002mm 任意重度 铁头 307
789,16:48:58,hit_789_20260730_164858.csv,512,DEFECT,HIGH,0,27,108,278,500000,5286179,4417382,-5286179,-256567.5,,307,-29,坏棒 总长1002mm 任意重度 铁头 307
790,16:48:58,hit_790_20260730_164858.csv,512,DEFECT,HIGH,0,32,116,304,500000,5757973,3890504,-5757973,-772946.5,,307,-3,坏棒 总长1002mm 任意重度 铁头 307
791,16:48:59,hit_791_20260730_164859.csv,512,DEFECT,HIGH,0,32,116,304,500000,5549525,3947231,-5549525,-661025.5,,307,-3,坏棒 总长1002mm 任意重度 铁头 307
792,16:48:59,hit_792_20260730_164859.csv,512,DEFECT,HIGH,0,25,108,257,500000,4987302,4574268,-4987302,-253207.8,,307,-50,坏棒 总长1002mm 任意重度 铁头 307
793,16:49:00,hit_793_20260730_164900.csv,512,DEFECT,HIGH,0,72,112,603,500000,5204239,5204239,-4550152,729153.8,,307,296,坏棒 总长1002mm 任意重度 铁头 307
794,16:49:00,hit_794_20260730_164900.csv,512,DEFECT,HIGH,0,65,108,556,500000,4897536,4897536,-3517852,960513.1,,307,249,坏棒 总长1002mm 任意重度 铁头 307
795,16:49:00,hit_795_20260730_164900.csv,512,DEFECT,HIGH,0,68,108,587,500000,5233641,5233641,-3800804,1322450.4,,307,280,坏棒 总长1002mm 任意重度 铁头 307
796,16:49:01,hit_796_20260730_164901.csv,512,DEFECT,HIGH,0,68,109,581,500000,5230446,5230446,-3769158,1455329.1,,307,274,坏棒 总长1002mm 任意重度 铁头 307
797,16:49:01,hit_797_20260730_164901.csv,512,DEFECT,HIGH,0,68,109,581,500000,5229547,5229547,-3752302,1594315.0,,307,274,坏棒 总长1002mm 任意重度 铁头 307
798,16:49:01,hit_798_20260730_164901.csv,512,DEFECT,HIGH,0,68,108,587,500000,4592885,4592885,-4002988,600530.3,,307,280,坏棒 总长1002mm 任意重度 铁头 307
799,16:49:02,hit_799_20260730_164902.csv,512,DEFECT,HIGH,0,69,110,585,500000,4895845,4895845,-3977034,1304794.5,,307,278,坏棒 总长1002mm 任意重度 铁头 307
800,16:49:02,hit_800_20260730_164902.csv,512,DEFECT,HIGH,0,66,111,550,500000,5978168,5978168,-3398869,1678807.5,,307,243,坏棒 总长1002mm 任意重度 铁头 307
801,16:49:02,hit_801_20260730_164902.csv,512,DEFECT,HIGH,0,66,110,555,500000,5682458,5682458,-3428050,1293677.1,,307,248,坏棒 总长1002mm 任意重度 铁头 307
802,16:49:03,hit_802_20260730_164903.csv,512,DEFECT,HIGH,0,67,109,571,500000,5850834,5850834,-3757182,1400079.7,,307,264,坏棒 总长1002mm 任意重度 铁头 307
803,16:49:03,hit_803_20260730_164903.csv,512,DEFECT,HIGH,0,61,108,515,500000,5752948,5752948,-3088661,1555373.1,,307,208,坏棒 总长1002mm 任意重度 铁头 307
804,16:49:04,hit_804_20260730_164904.csv,512,DEFECT,HIGH,0,70,110,595,500000,5801912,5801912,-3204081,1539827.8,,307,288,坏棒 总长1002mm 任意重度 铁头 307
805,16:49:04,hit_805_20260730_164904.csv,512,DEFECT,HIGH,0,22,108,226,500000,4528955,3772763,-4528955,-344521.4,,307,-81,坏棒 总长1002mm 任意重度 铁头 307
806,16:49:09,hit_806_20260730_164909.csv,512,DEFECT,HIGH,0,38,111,380,500000,5826724,5826724,-3807984,1223350.2,,307,73,坏棒 总长1002mm 任意重度 铁头 307
807,16:49:09,hit_807_20260730_164909.csv,512,DEFECT,HIGH,0,69,111,580,500000,4091182,3414625,-4091182,-13850.7,,307,273,坏棒 总长1002mm 任意重度 铁头 307
808,16:49:09,hit_808_20260730_164909.csv,512,DEFECT,HIGH,0,68,110,575,500000,5734985,5734985,-3872751,1033115.9,,307,268,坏棒 总长1002mm 任意重度 铁头 307
809,16:49:10,hit_809_20260730_164910.csv,512,DEFECT,HIGH,0,64,108,546,500000,5853245,5853245,-3280879,1452346.5,,307,239,坏棒 总长1002mm 任意重度 铁头 307
810,16:49:10,hit_810_20260730_164910.csv,512,DEFECT,HIGH,0,69,111,580,500000,5314414,5314414,-4091924,989046.9,,307,273,坏棒 总长1002mm 任意重度 铁头 307
811,16:49:11,hit_811_20260730_164911.csv,512,DEFECT,HIGH,0,67,112,554,500000,5305428,5305428,-3882799,1183171.0,,307,247,坏棒 总长1002mm 任意重度 铁头 307
812,16:49:11,hit_812_20260730_164911.csv,512,DEFECT,HIGH,0,71,112,594,500000,4754603,4754603,-4423005,368480.9,,307,287,坏棒 总长1002mm 任意重度 铁头 307
813,16:49:11,hit_813_20260730_164911.csv,512,DEFECT,HIGH,0,64,110,535,500000,5943437,5943437,-3318409,1630425.8,,307,228,坏棒 总长1002mm 任意重度 铁头 307
814,16:49:12,hit_814_20260730_164912.csv,512,DEFECT,HIGH,0,36,109,367,500000,5952355,5952355,-3632952,1393940.1,,307,60,坏棒 总长1002mm 任意重度 铁头 307
815,16:49:12,hit_815_20260730_164912.csv,512,DEFECT,HIGH,0,66,109,561,500000,5712958,5712958,-3680823,1297036.7,,307,254,坏棒 总长1002mm 任意重度 铁头 307
816,16:49:12,hit_816_20260730_164912.csv,512,DEFECT,HIGH,0,72,111,610,500000,4871609,4871609,-4644033,490432.6,,307,303,坏棒 总长1002mm 任意重度 铁头 307
817,16:49:13,hit_817_20260730_164913.csv,512,DEFECT,HIGH,0,70,111,590,500000,4995699,4995699,-4330027,533506.0,,307,283,坏棒 总长1002mm 任意重度 铁头 307
818,16:49:13,hit_818_20260730_164913.csv,512,DEFECT,HIGH,0,69,111,580,500000,4710748,4710748,-4243876,617974.7,,307,273,坏棒 总长1002mm 任意重度 铁头 307
819,16:49:13,hit_819_20260730_164913.csv,512,DEFECT,HIGH,0,70,111,590,500000,4678358,4678358,-4152871,552966.8,,307,283,坏棒 总长1002mm 任意重度 铁头 307
820,16:49:14,hit_820_20260730_164914.csv,512,DEFECT,HIGH,0,70,111,590,500000,4803588,4803588,-4079759,672505.5,,307,283,坏棒 总长1002mm 任意重度 铁头 307
821,16:49:14,hit_821_20260730_164914.csv,512,DEFECT,HIGH,0,67,111,560,500000,5595118,5595118,-3595306,1542776.1,,307,253,坏棒 总长1002mm 任意重度 铁头 307
822,16:49:15,hit_822_20260730_164915.csv,512,DEFECT,HIGH,0,68,109,581,500000,5153860,5153860,-3830342,1177940.9,,307,274,坏棒 总长1002mm 任意重度 铁头 307
823,16:49:15,hit_823_20260730_164915.csv,512,DEFECT,HIGH,0,68,109,581,500000,5306892,5306892,-3971132,935740.6,,307,274,坏棒 总长1002mm 任意重度 铁头 307
824,16:49:15,hit_824_20260730_164915.csv,512,DEFECT,HIGH,0,62,113,500,500000,5235330,5235330,-2815977,1797854.9,,307,193,坏棒 总长1002mm 任意重度 铁头 307
825,16:49:16,hit_825_20260730_164916.csv,512,DEFECT,HIGH,0,67,108,577,500000,4712756,4712756,-3939013,577617.7,,307,270,坏棒 总长1002mm 任意重度 铁头 307
826,16:49:16,hit_826_20260730_164916.csv,512,DEFECT,HIGH,0,70,110,595,500000,4731127,4731127,-4367640,425919.9,,307,288,坏棒 总长1002mm 任意重度 铁头 307
827,16:49:16,hit_827_20260730_164916.csv,512,DEFECT,HIGH,0,66,108,567,500000,4592581,4592581,-3691432,832178.6,,307,260,坏棒 总长1002mm 任意重度 铁头 307
828,16:49:17,hit_828_20260730_164917.csv,512,DEFECT,HIGH,0,67,108,577,500000,4840917,4840917,-3615951,1171256.3,,307,270,坏棒 总长1002mm 任意重度 铁头 307
829,16:49:22,hit_829_20260730_164922.csv,512,DEFECT,HIGH,0,22,113,215,500000,4644858,3979547,-4644858,58193.2,,307,-92,坏棒 总长1002mm 任意重度 铁头 307
830,16:49:23,hit_830_20260730_164923.csv,512,DEFECT,HIGH,0,61,116,476,500000,5836016,5836016,-2800307,1930024.2,,307,169,坏棒 总长1002mm 任意重度 铁头 307
831,16:49:23,hit_831_20260730_164923.csv,512,DEFECT,HIGH,0,63,111,520,500000,5961465,5961465,-3043424,1857068.3,,307,213,坏棒 总长1002mm 任意重度 铁头 307
832,16:49:30,hit_832_20260730_164930.csv,512,DEFECT,HIGH,0,66,110,555,500000,6309632,6309632,-3336904,1718871.3,,307,248,坏棒 总长1002mm 任意重度 铁头 307
833,16:49:30,hit_833_20260730_164930.csv,512,DEFECT,HIGH,0,68,109,581,500000,5487887,5487887,-3947313,1367677.1,,307,274,坏棒 总长1002mm 任意重度 铁头 307
834,16:49:31,hit_834_20260730_164931.csv,512,DEFECT,HIGH,0,60,112,437,500000,5883274,5883274,-2927107,2327867.7,,307,130,坏棒 总长1002mm 任意重度 铁头 307
835,16:49:35,hit_835_20260730_164935.csv,512,DEFECT,HIGH,0,67,109,571,500000,5507398,5507398,-3884923,931186.2,,307,264,坏棒 总长1002mm 任意重度 铁头 307
836,16:49:35,hit_836_20260730_164935.csv,512,DEFECT,HIGH,0,34,108,350,500000,5518664,5518664,-3243799,1700556.4,,307,43,坏棒 总长1002mm 任意重度 铁头 307
837,16:49:36,hit_837_20260730_164936.csv,512,DEFECT,HIGH,0,65,108,556,500000,4801702,4801702,-3492684,1076186.1,,307,249,坏棒 总长1002mm 任意重度 铁头 307
838,16:49:36,hit_838_20260730_164936.csv,512,DEFECT,HIGH,0,74,110,636,500000,5111346,4158354,-5111346,8630.8,,307,329,坏棒 总长1002mm 任意重度 铁头 307
839,16:49:37,hit_839_20260730_164937.csv,512,DEFECT,HIGH,0,60,110,485,500000,5354524,5354524,-2490879,1758311.1,,307,178,坏棒 总长1002mm 任意重度 铁头 307
840,16:49:37,hit_840_20260730_164937.csv,512,DEFECT,HIGH,0,64,108,546,500000,4466740,4466740,-3350300,745114.6,,307,239,坏棒 总长1002mm 任意重度 铁头 307
841,16:49:37,hit_841_20260730_164937.csv,512,DEFECT,HIGH,0,65,108,556,500000,4710148,4710148,-3627829,870966.1,,307,249,坏棒 总长1002mm 任意重度 铁头 307
842,16:49:38,hit_842_20260730_164938.csv,512,DEFECT,HIGH,0,61,111,495,500000,5005440,5005440,-2767300,1360845.8,,307,188,坏棒 总长1002mm 任意重度 铁头 307
843,16:49:38,hit_843_20260730_164938.csv,512,DEFECT,HIGH,0,60,112,485,500000,4966366,4966366,-2972975,1325287.9,,307,178,坏棒 总长1002mm 任意重度 铁头 307
844,16:49:38,hit_844_20260730_164938.csv,512,DEFECT,HIGH,0,62,108,525,500000,4986310,4986310,-3352096,1190999.5,,307,218,坏棒 总长1002mm 任意重度 铁头 307
845,16:49:39,hit_845_20260730_164939.csv,512,DEFECT,HIGH,0,21,109,214,500000,4359765,4035482,-4359765,88427.2,,307,-93,坏棒 总长1002mm 任意重度 铁头 307
846,16:49:39,hit_846_20260730_164939.csv,512,DEFECT,HIGH,0,70,110,595,500000,4341454,4130182,-4341454,284793.1,,307,288,坏棒 总长1002mm 任意重度 铁头 307
847,16:49:39,hit_847_20260730_164939.csv,512,DEFECT,HIGH,0,67,109,571,500000,4307669,4307669,-3918322,473377.9,,307,264,坏棒 总长1002mm 任意重度 铁头 307
848,16:49:40,hit_848_20260730_164940.csv,512,NORMAL,HIGH,0,0,109,0,500000,4141913,4141913,-3702933,512054.0,,307,,坏棒 总长1002mm 任意重度 铁头 307
849,16:49:40,hit_849_20260730_164940.csv,512,DEFECT,HIGH,0,62,113,500,500000,4928547,4928547,-2899298,1214023.1,,307,193,坏棒 总长1002mm 任意重度 铁头 307
850,16:49:40,hit_850_20260730_164940.csv,512,DEFECT,HIGH,0,74,113,617,500000,4378422,4304789,-4378422,292937.2,,307,310,坏棒 总长1002mm 任意重度 铁头 307
851,16:49:41,hit_851_20260730_164941.csv,512,DEFECT,HIGH,0,63,108,536,500000,5334564,5334564,-3383235,1184926.1,,307,229,坏棒 总长1002mm 任意重度 铁头 307
852,16:49:41,hit_852_20260730_164941.csv,512,DEFECT,HIGH,0,69,111,580,500000,4646748,4646748,-4160110,604941.8,,307,273,坏棒 总长1002mm 任意重度 铁头 307
853,16:49:41,hit_853_20260730_164941.csv,512,DEFECT,HIGH,0,27,117,254,500000,5198289,4004516,-5198289,-72456.1,,307,-53,坏棒 总长1002mm 任意重度 铁头 307
854,16:49:42,hit_854_20260730_164942.csv,512,DEFECT,HIGH,0,68,110,575,500000,5074795,5074795,-3931711,716685.1,,307,268,坏棒 总长1002mm 任意重度 铁头 307
855,16:49:42,hit_855_20260730_164942.csv,512,DEFECT,HIGH,0,63,108,536,500000,5672054,5672054,-3426158,1235105.4,,307,229,坏棒 总长1002mm 任意重度 铁头 307
856,16:49:43,hit_856_20260730_164943.csv,512,DEFECT,HIGH,0,66,110,555,500000,5363670,5363670,-3884068,890073.8,,307,248,坏棒 总长1002mm 任意重度 铁头 307
857,16:49:43,hit_857_20260730_164943.csv,512,DEFECT,HIGH,0,68,110,575,500000,4621236,4621236,-3891269,597832.0,,307,268,坏棒 总长1002mm 任意重度 铁头 307
858,16:49:43,hit_858_20260730_164943.csv,512,DEFECT,HIGH,0,69,110,585,500000,4353028,4254424,-4353028,210383.5,,307,278,坏棒 总长1002mm 任意重度 铁头 307
859,16:49:48,hit_859_20260730_164948.csv,512,DEFECT,HIGH,0,21,110,212,500000,4440041,4057692,-4440041,136341.4,,307,-95,坏棒 总长1002mm 任意重度 铁头 307
860,16:49:48,hit_860_20260730_164948.csv,512,DEFECT,HIGH,0,61,108,515,500000,5187268,5187268,-3446627,1029007.1,,307,208,坏棒 总长1002mm 任意重度 铁头 307
861,16:49:58,hit_861_20260730_164958.csv,512,DEFECT,HIGH,0,61,113,490,500000,6044432,6044432,-2915260,1400543.8,,307,183,坏棒 总长1002mm 任意重度 铁头 307
862,16:49:58,hit_862_20260730_164958.csv,512,DEFECT,HIGH,0,28,118,261,500000,3796324,3144055,-3796324,-558792.0,,307,-46,坏棒 总长1002mm 任意重度 铁头 307
863,16:50:09,hit_863_20260730_165009.csv,512,DEFECT,HIGH,0,24,116,212,500000,4717345,4081090,-4717345,-790550.6,,307,-95,坏棒 总长1002mm 任意重度 铁头 307
864,16:50:10,hit_864_20260730_165010.csv,512,DEFECT,HIGH,0,65,108,556,500000,5277041,5277041,-2225937,1901016.1,,307,249,坏棒 总长1002mm 任意重度 铁头 307
865,16:50:10,hit_865_20260730_165010.csv,512,DEFECT,HIGH,0,40,111,400,500000,5478005,3816116,-5478005,-862044.1,,307,93,坏棒 总长1002mm 任意重度 铁头 307
866,16:50:13,hit_866_20260730_165013.csv,512,DEFECT,HIGH,0,60,108,505,500000,5255709,5255709,-3081968,1373098.8,,307,198,坏棒 总长1002mm 任意重度 铁头 307
867,16:50:13,hit_867_20260730_165013.csv,512,DEFECT,HIGH,0,66,108,567,500000,5824970,5824970,-2267420,2132362.3,,307,260,坏棒 总长1002mm 任意重度 铁头 307
868,16:50:14,hit_868_20260730_165014.csv,512,DEFECT,HIGH,0,63,108,536,500000,5604765,5604765,-3293738,1854293.3,,307,229,坏棒 总长1002mm 任意重度 铁头 307
869,16:50:14,hit_869_20260730_165014.csv,512,DEFECT,HIGH,0,69,109,591,500000,5534640,5534640,-4130132,1034699.6,,307,284,坏棒 总长1002mm 任意重度 铁头 307
870,16:50:15,hit_870_20260730_165015.csv,512,DEFECT,HIGH,0,63,109,530,500000,6622187,6622187,-3038974,2378610.7,,307,223,坏棒 总长1002mm 任意重度 铁头 307
871,16:50:15,hit_871_20260730_165015.csv,512,DEFECT,HIGH,0,66,113,539,500000,5984446,5984446,-3765922,1737518.5,,307,232,坏棒 总长1002mm 任意重度 铁头 307
872,16:50:15,hit_872_20260730_165015.csv,512,DEFECT,HIGH,0,67,111,560,500000,5616711,5616711,-3425633,1383186.1,,307,253,坏棒 总长1002mm 任意重度 铁头 307
873,16:50:16,hit_873_20260730_165016.csv,512,DEFECT,HIGH,0,65,110,545,500000,6258512,6258512,-3256237,1906697.1,,307,238,坏棒 总长1002mm 任意重度 铁头 307
874,16:50:16,hit_874_20260730_165016.csv,512,DEFECT,HIGH,0,64,112,524,500000,6082434,6082434,-3308131,2090797.4,,307,217,坏棒 总长1002mm 任意重度 铁头 307
875,16:50:16,hit_875_20260730_165016.csv,512,DEFECT,HIGH,0,68,112,564,500000,3991706,3798893,-3991706,188721.9,,307,257,坏棒 总长1002mm 任意重度 铁头 307
876,16:50:17,hit_876_20260730_165017.csv,512,DEFECT,HIGH,0,65,109,551,500000,5561059,5561059,-3213412,1334703.0,,307,244,坏棒 总长1002mm 任意重度 铁头 307
877,16:50:17,hit_877_20260730_165017.csv,512,DEFECT,HIGH,0,66,110,555,500000,5725129,5725129,-3345481,1336905.0,,307,248,坏棒 总长1002mm 任意重度 铁头 307
878,16:50:17,hit_878_20260730_165017.csv,512,DEFECT,HIGH,0,65,110,545,500000,4413804,4413804,-3465616,707316.7,,307,238,坏棒 总长1002mm 任意重度 铁头 307
879,16:50:18,hit_879_20260730_165018.csv,512,DEFECT,HIGH,0,65,110,545,500000,4891694,4891694,-3606446,868738.2,,307,238,坏棒 总长1002mm 任意重度 铁头 307
880,16:50:18,hit_880_20260730_165018.csv,512,DEFECT,HIGH,0,66,108,567,500000,5425058,5425058,-3671822,1208774.3,,307,260,坏棒 总长1002mm 任意重度 铁头 307
881,16:50:18,hit_881_20260730_165018.csv,512,DEFECT,HIGH,0,71,111,600,500000,4793498,4793498,-4431781,546056.0,,307,293,坏棒 总长1002mm 任意重度 铁头 307
882,16:50:19,hit_882_20260730_165019.csv,512,DEFECT,HIGH,0,67,109,571,500000,4805863,4805863,-3970026,778113.6,,307,264,坏棒 总长1002mm 任意重度 铁头 307
883,16:50:19,hit_883_20260730_165019.csv,512,DEFECT,HIGH,0,63,108,536,500000,5330799,5330799,-3174031,1478259.2,,307,229,坏棒 总长1002mm 任意重度 铁头 307
884,16:50:19,hit_884_20260730_165019.csv,512,DEFECT,HIGH,0,69,110,585,500000,4472242,4472242,-4305339,440809.1,,307,278,坏棒 总长1002mm 任意重度 铁头 307
885,16:50:20,hit_885_20260730_165020.csv,512,DEFECT,HIGH,0,65,108,556,500000,5688027,5688027,-3602021,1407074.4,,307,249,坏棒 总长1002mm 任意重度 铁头 307
886,16:50:20,hit_886_20260730_165020.csv,512,DEFECT,HIGH,0,65,108,556,500000,5763887,5763887,-3311253,1838285.4,,307,249,坏棒 总长1002mm 任意重度 铁头 307
887,16:50:20,hit_887_20260730_165020.csv,512,DEFECT,HIGH,0,61,108,515,500000,5524276,5524276,-2928162,1676437.7,,307,208,坏棒 总长1002mm 任意重度 铁头 307
888,16:50:21,hit_888_20260730_165021.csv,512,DEFECT,HIGH,0,64,108,546,500000,5327183,5327183,-3356802,1577143.1,,307,239,坏棒 总长1002mm 任意重度 铁头 307
889,16:50:21,hit_889_20260730_165021.csv,512,DEFECT,HIGH,0,34,108,350,500000,5420053,5420053,-3445729,1603729.0,,307,43,坏棒 总长1002mm 任意重度 铁头 307
890,16:50:22,hit_890_20260730_165022.csv,512,DEFECT,HIGH,0,65,108,556,500000,5603594,5603594,-3342771,1745912.5,,307,249,坏棒 总长1002mm 任意重度 铁头 307
891,16:50:22,hit_891_20260730_165022.csv,512,DEFECT,HIGH,0,63,113,509,500000,5911856,5911856,-2645148,2160778.6,,307,202,坏棒 总长1002mm 任意重度 铁头 307
892,16:50:22,hit_892_20260730_165022.csv,512,DEFECT,HIGH,0,63,108,536,500000,6052666,6052666,-3043975,2014212.3,,307,229,坏棒 总长1002mm 任意重度 铁头 307
893,16:50:23,hit_893_20260730_165023.csv,512,DEFECT,HIGH,0,63,108,536,500000,5435907,5435907,-2946204,1636696.6,,307,229,坏棒 总长1002mm 任意重度 铁头 307
894,16:50:23,hit_894_20260730_165023.csv,512,DEFECT,HIGH,0,64,108,546,500000,5351102,5351102,-3242648,1448839.1,,307,239,坏棒 总长1002mm 任意重度 铁头 307
895,16:50:23,hit_895_20260730_165023.csv,512,DEFECT,HIGH,0,68,110,575,500000,5301229,5301229,-3762265,1356633.7,,307,268,坏棒 总长1002mm 任意重度 铁头 307
896,16:50:24,hit_896_20260730_165024.csv,512,DEFECT,HIGH,0,64,108,546,500000,5209435,5209435,-3089648,1532251.7,,307,239,坏棒 总长1002mm 任意重度 铁头 307
897,16:50:24,hit_897_20260730_165024.csv,512,DEFECT,HIGH,0,64,108,546,500000,5087144,5087144,-3679354,1180940.1,,307,239,坏棒 总长1002mm 任意重度 铁头 307
898,16:50:24,hit_898_20260730_165024.csv,512,DEFECT,HIGH,0,64,108,546,500000,5318718,5318718,-3731950,1355033.6,,307,239,坏棒 总长1002mm 任意重度 铁头 307
899,16:50:25,hit_899_20260730_165025.csv,512,DEFECT,HIGH,0,67,108,577,500000,5425148,5425148,-3793795,1263123.2,,307,270,坏棒 总长1002mm 任意重度 铁头 307
900,16:50:25,hit_900_20260730_165025.csv,512,DEFECT,HIGH,0,64,108,546,500000,5327041,5327041,-3619893,1462053.5,,307,239,坏棒 总长1002mm 任意重度 铁头 307
901,16:50:26,hit_901_20260730_165026.csv,512,NORMAL,HIGH,0,0,108,0,500000,4957138,4957138,-2830820,1246007.1,,307,,坏棒 总长1002mm 任意重度 铁头 307
902,16:50:26,hit_902_20260730_165026.csv,512,DEFECT,HIGH,0,62,108,525,500000,5343404,5343404,-3573570,1299455.6,,307,218,坏棒 总长1002mm 任意重度 铁头 307
903,16:50:26,hit_903_20260730_165026.csv,512,DEFECT,HIGH,0,63,108,536,500000,5191340,5191340,-3570846,1211251.0,,307,229,坏棒 总长1002mm 任意重度 铁头 307
904,16:50:27,hit_904_20260730_165027.csv,512,DEFECT,HIGH,0,65,108,556,500000,5362699,5362699,-3151822,1846925.8,,307,249,坏棒 总长1002mm 任意重度 铁头 307
905,16:50:27,hit_905_20260730_165027.csv,512,DEFECT,HIGH,0,68,108,587,500000,4948942,4948942,-3914750,873030.2,,307,280,坏棒 总长1002mm 任意重度 铁头 307
906,16:50:27,hit_906_20260730_165027.csv,512,DEFECT,HIGH,0,69,110,585,500000,5297994,5297994,-3914854,1024716.3,,307,278,坏棒 总长1002mm 任意重度 铁头 307
907,16:50:28,hit_907_20260730_165028.csv,512,DEFECT,HIGH,0,67,110,565,500000,5411924,5411924,-3648107,1256814.2,,307,258,坏棒 总长1002mm 任意重度 铁头 307
908,16:50:28,hit_908_20260730_165028.csv,512,DEFECT,HIGH,0,65,108,556,500000,5025571,5025571,-3490571,1153592.8,,307,249,坏棒 总长1002mm 任意重度 铁头 307
909,16:50:28,hit_909_20260730_165028.csv,512,DEFECT,HIGH,0,69,108,597,500000,5095758,5095758,-2916222,1188806.1,,307,290,坏棒 总长1002mm 任意重度 铁头 307
910,16:50:29,hit_910_20260730_165029.csv,512,NORMAL,HIGH,0,0,108,0,500000,5462093,5462093,-2425988,1620922.6,,307,,坏棒 总长1002mm 任意重度 铁头 307
911,16:50:29,hit_911_20260730_165029.csv,512,DEFECT,HIGH,0,66,108,567,500000,4817731,4817731,-3527336,1246671.3,,307,260,坏棒 总长1002mm 任意重度 铁头 307
912,16:50:29,hit_912_20260730_165029.csv,512,DEFECT,HIGH,0,67,109,571,500000,5510454,5510454,-3781399,1322587.4,,307,264,坏棒 总长1002mm 任意重度 铁头 307
913,16:50:30,hit_913_20260730_165030.csv,512,DEFECT,HIGH,0,68,109,581,500000,5351064,5351064,-3918608,1047744.7,,307,274,坏棒 总长1002mm 任意重度 铁头 307
914,16:50:30,hit_914_20260730_165030.csv,512,DEFECT,HIGH,0,67,108,577,500000,5176837,5176837,-3907535,931250.1,,307,270,坏棒 总长1002mm 任意重度 铁头 307
915,16:50:31,hit_915_20260730_165031.csv,512,DEFECT,HIGH,0,63,115,500,500000,6005223,6005223,-2787252,1840993.7,,307,193,坏棒 总长1002mm 任意重度 铁头 307
916,16:50:31,hit_916_20260730_165031.csv,512,DEFECT,HIGH,0,69,110,585,500000,5225629,5225629,-4108246,865195.6,,307,278,坏棒 总长1002mm 任意重度 铁头 307
917,16:50:31,hit_917_20260730_165031.csv,512,DEFECT,HIGH,0,64,108,546,500000,5102845,5102845,-3791408,947417.1,,307,239,坏棒 总长1002mm 任意重度 铁头 307
918,16:50:31,hit_918_20260730_165031.csv,512,DEFECT,HIGH,0,67,109,571,500000,5315738,5315738,-3633439,1243531.5,,307,264,坏棒 总长1002mm 任意重度 铁头 307
919,16:50:32,hit_919_20260730_165032.csv,512,DEFECT,HIGH,0,66,108,567,500000,4885032,4885032,-3527123,1216833.0,,307,260,坏棒 总长1002mm 任意重度 铁头 307
920,16:50:32,hit_920_20260730_165032.csv,512,DEFECT,HIGH,0,66,108,567,500000,5023473,5023473,-3309268,1501529.2,,307,260,坏棒 总长1002mm 任意重度 铁头 307
921,16:50:32,hit_921_20260730_165032.csv,512,DEFECT,HIGH,0,67,108,577,500000,4896421,4896421,-3681633,1114548.9,,307,270,坏棒 总长1002mm 任意重度 铁头 307
922,16:50:33,hit_922_20260730_165033.csv,512,DEFECT,HIGH,0,70,108,608,500000,5174382,5174382,-2858330,1058073.4,,307,301,坏棒 总长1002mm 任意重度 铁头 307
923,16:50:33,hit_923_20260730_165033.csv,512,NORMAL,HIGH,0,0,117,0,500000,5506107,5506107,-1538363,1971903.9,,307,,坏棒 总长1002mm 任意重度 铁头 307
924,16:50:33,hit_924_20260730_165033.csv,512,DEFECT,HIGH,0,64,108,546,500000,6064916,6064916,-3149606,1556646.7,,307,239,坏棒 总长1002mm 任意重度 铁头 307
925,16:50:34,hit_925_20260730_165034.csv,512,DEFECT,HIGH,0,66,112,544,500000,5872623,5872623,-3636863,1372436.8,,307,237,坏棒 总长1002mm 任意重度 铁头 307
926,16:50:34,hit_926_20260730_165034.csv,512,DEFECT,HIGH,0,66,113,539,500000,5277444,5277444,-3436456,1195047.7,,307,232,坏棒 总长1002mm 任意重度 铁头 307
927,16:50:34,hit_927_20260730_165034.csv,512,DEFECT,HIGH,0,66,112,544,500000,5094736,5094736,-3424198,1080434.7,,307,237,坏棒 总长1002mm 任意重度 铁头 307
928,16:50:35,hit_928_20260730_165035.csv,512,DEFECT,HIGH,0,69,112,574,500000,4878841,4878841,-3965323,884810.1,,307,267,坏棒 总长1002mm 任意重度 铁头 307
929,16:50:35,hit_929_20260730_165035.csv,512,DEFECT,HIGH,0,68,112,564,500000,4999503,4999503,-3707569,1195694.0,,307,257,坏棒 总长1002mm 任意重度 铁头 307
930,16:50:35,hit_930_20260730_165035.csv,512,DEFECT,HIGH,0,68,110,575,500000,5175292,5175292,-3822224,1234927.3,,307,268,坏棒 总长1002mm 任意重度 铁头 307
931,16:50:36,hit_931_20260730_165036.csv,512,DEFECT,HIGH,0,65,108,556,500000,5408396,5408396,-2464303,1412077.1,,307,249,坏棒 总长1002mm 任意重度 铁头 307
932,16:50:36,hit_932_20260730_165036.csv,512,DEFECT,HIGH,0,72,109,622,500000,4621491,4621491,-3377551,294688.7,,307,315,坏棒 总长1002mm 任意重度 铁头 307
933,16:50:36,hit_933_20260730_165036.csv,512,DEFECT,HIGH,0,68,108,587,500000,5243586,5243586,-2797695,1224039.1,,307,280,坏棒 总长1002mm 任意重度 铁头 307
934,16:50:37,hit_934_20260730_165037.csv,512,DEFECT,HIGH,0,79,116,647,500000,4757767,3361983,-4757767,-394272.3,,307,340,坏棒 总长1002mm 任意重度 铁头 307
935,16:50:37,hit_935_20260730_165037.csv,512,DEFECT,HIGH,0,36,108,371,500000,5937870,5937870,-3598534,1155834.6,,307,64,坏棒 总长1002mm 任意重度 铁头 307
936,16:50:37,hit_936_20260730_165037.csv,512,DEFECT,HIGH,0,67,112,554,500000,5642433,5642433,-3774279,1077509.2,,307,247,坏棒 总长1002mm 任意重度 铁头 307
937,16:50:38,hit_937_20260730_165038.csv,512,DEFECT,HIGH,0,66,110,555,500000,5754808,5754808,-3545314,1116085.2,,307,248,坏棒 总长1002mm 任意重度 铁头 307
938,16:50:38,hit_938_20260730_165038.csv,512,DEFECT,HIGH,0,64,111,530,500000,6030170,6030170,-2999913,1839138.3,,307,223,坏棒 总长1002mm 任意重度 铁头 307
939,16:50:38,hit_939_20260730_165038.csv,512,DEFECT,HIGH,0,66,110,555,500000,5921190,5921190,-3371291,1609800.7,,307,248,坏棒 总长1002mm 任意重度 铁头 307
940,16:50:39,hit_940_20260730_165039.csv,512,DEFECT,HIGH,0,63,108,536,500000,4779198,4779198,-3375725,1324708.6,,307,229,坏棒 总长1002mm 任意重度 铁头 307
941,16:50:39,hit_941_20260730_165039.csv,512,NORMAL,HIGH,0,0,108,0,500000,5281258,5281258,-2264275,1584259.5,,307,,坏棒 总长1002mm 任意重度 铁头 307
942,16:50:39,hit_942_20260730_165039.csv,512,DEFECT,HIGH,0,71,108,618,500000,5050485,5050485,-3030362,933735.3,,307,311,坏棒 总长1002mm 任意重度 铁头 307
943,16:50:40,hit_943_20260730_165040.csv,512,DEFECT,HIGH,0,70,109,602,500000,5043481,5043481,-3444696,1153849.2,,307,295,坏棒 总长1002mm 任意重度 铁头 307
944,16:50:40,hit_944_20260730_165040.csv,512,DEFECT,HIGH,0,60,112,485,500000,5126986,5126986,-2869612,1548026.4,,307,178,坏棒 总长1002mm 任意重度 铁头 307
945,16:50:40,hit_945_20260730_165040.csv,512,DEFECT,HIGH,0,64,108,546,500000,5384655,5384655,-3592867,1246208.6,,307,239,坏棒 总长1002mm 任意重度 铁头 307
946,16:50:41,hit_946_20260730_165041.csv,512,DEFECT,HIGH,0,65,108,556,500000,4859670,4859670,-3398602,952783.0,,307,249,坏棒 总长1002mm 任意重度 铁头 307
947,16:50:41,hit_947_20260730_165041.csv,512,DEFECT,HIGH,0,62,108,525,500000,5479347,5479347,-3289916,1493285.1,,307,218,坏棒 总长1002mm 任意重度 铁头 307
948,16:50:41,hit_948_20260730_165041.csv,512,DEFECT,HIGH,0,64,109,540,500000,5238025,5238025,-3179870,1694059.0,,307,233,坏棒 总长1002mm 任意重度 铁头 307
949,16:50:42,hit_949_20260730_165042.csv,512,DEFECT,HIGH,0,66,112,544,500000,5421021,5421021,-3655866,1303914.2,,307,237,坏棒 总长1002mm 任意重度 铁头 307
950,16:50:42,hit_950_20260730_165042.csv,512,DEFECT,HIGH,0,68,111,570,500000,5443089,5443089,-3627483,1320822.0,,307,263,坏棒 总长1002mm 任意重度 铁头 307
951,16:50:42,hit_951_20260730_165042.csv,512,DEFECT,HIGH,0,63,111,520,500000,5961231,5961231,-2922155,2035177.4,,307,213,坏棒 总长1002mm 任意重度 铁头 307
952,16:50:43,hit_952_20260730_165043.csv,512,DEFECT,HIGH,0,61,116,471,500000,6170909,6170909,-2637472,2194886.4,,307,164,坏棒 总长1002mm 任意重度 铁头 307
953,16:50:43,hit_953_20260730_165043.csv,512,DEFECT,HIGH,0,66,108,567,500000,5880933,5880933,-3740343,1035773.7,,307,260,坏棒 总长1002mm 任意重度 铁头 307
954,16:50:43,hit_954_20260730_165043.csv,512,DEFECT,HIGH,0,70,109,602,500000,5306762,5306762,-2665283,1278201.8,,307,295,坏棒 总长1002mm 任意重度 铁头 307
955,16:50:44,hit_955_20260730_165044.csv,512,NORMAL,HIGH,0,0,108,0,500000,5499518,5499518,-2294722,1658452.2,,307,,坏棒 总长1002mm 任意重度 铁头 307
956,16:50:44,hit_956_20260730_165044.csv,512,DEFECT,HIGH,0,67,108,577,500000,4988290,4988290,-3565812,1402629.9,,307,270,坏棒 总长1002mm 任意重度 铁头 307
957,16:50:44,hit_957_20260730_165044.csv,512,DEFECT,HIGH,0,66,110,555,500000,5149568,5149568,-3557406,1342276.7,,307,248,坏棒 总长1002mm 任意重度 铁头 307
958,16:50:45,hit_958_20260730_165045.csv,512,DEFECT,HIGH,0,69,111,580,500000,4993124,4993124,-4016856,885625.8,,307,273,坏棒 总长1002mm 任意重度 铁头 307
959,16:50:45,hit_959_20260730_165045.csv,512,DEFECT,HIGH,0,71,113,588,500000,5050169,5050169,-4166810,789973.5,,307,281,坏棒 总长1002mm 任意重度 铁头 307
960,16:50:45,hit_960_20260730_165045.csv,512,DEFECT,HIGH,0,70,113,578,500000,5011390,5011390,-4145819,910933.3,,307,271,坏棒 总长1002mm 任意重度 铁头 307
961,16:50:46,hit_961_20260730_165046.csv,512,DEFECT,HIGH,0,66,113,539,500000,5635982,5635982,-3456658,1610134.2,,307,232,坏棒 总长1002mm 任意重度 铁头 307
962,16:50:46,hit_962_20260730_165046.csv,512,DEFECT,HIGH,0,63,109,530,500000,6196482,6196482,-3004819,1762945.0,,307,223,坏棒 总长1002mm 任意重度 铁头 307
963,16:50:46,hit_963_20260730_165046.csv,512,DEFECT,HIGH,0,72,109,622,500000,4567615,4567615,-4001241,-36430.2,,307,315,坏棒 总长1002mm 任意重度 铁头 307
964,16:50:46,hit_964_20260730_165046.csv,512,DEFECT,HIGH,0,72,110,616,500000,5178699,5178699,-3199800,800760.1,,307,309,坏棒 总长1002mm 任意重度 铁头 307
965,16:50:47,hit_965_20260730_165047.csv,512,DEFECT,HIGH,0,76,112,643,500000,4610268,4610268,-3777795,107725.5,,307,336,坏棒 总长1002mm 任意重度 铁头 307
966,16:50:47,hit_966_20260730_165047.csv,512,DEFECT,HIGH,0,61,112,490,500000,5194711,5194711,-2749054,1459157.5,,307,183,坏棒 总长1002mm 任意重度 铁头 307
967,16:50:47,hit_967_20260730_165047.csv,512,DEFECT,HIGH,0,40,109,408,500000,4535211,4535211,-3968130,341665.4,,307,101,坏棒 总长1002mm 任意重度 铁头 307
968,16:50:48,hit_968_20260730_165048.csv,512,DEFECT,HIGH,0,69,108,597,500000,4398225,4398225,-4168418,189847.6,,307,290,坏棒 总长1002mm 任意重度 铁头 307
969,16:50:48,hit_969_20260730_165048.csv,512,DEFECT,HIGH,0,66,108,567,500000,5007624,5007624,-3182312,1660134.6,,307,260,坏棒 总长1002mm 任意重度 铁头 307
970,16:50:48,hit_970_20260730_165048.csv,512,DEFECT,HIGH,0,68,109,581,500000,5141341,5141341,-3786437,990981.5,,307,274,坏棒 总长1002mm 任意重度 铁头 307
971,16:50:49,hit_971_20260730_165049.csv,512,DEFECT,HIGH,0,71,114,582,500000,5011458,5011458,-4148528,814773.0,,307,275,坏棒 总长1002mm 任意重度 铁头 307
972,16:50:49,hit_972_20260730_165049.csv,512,DEFECT,HIGH,0,67,114,543,500000,5212655,5212655,-3591495,1313961.9,,307,236,坏棒 总长1002mm 任意重度 铁头 307
973,16:50:49,hit_973_20260730_165049.csv,512,DEFECT,HIGH,0,42,116,400,500000,4885343,4885343,-4065323,1071454.8,,307,93,坏棒 总长1002mm 任意重度 铁头 307
974,16:50:49,hit_974_20260730_165049.csv,512,DEFECT,HIGH,0,64,111,530,500000,5453510,5453510,-3033060,1671274.6,,307,223,坏棒 总长1002mm 任意重度 铁头 307
975,16:50:50,hit_975_20260730_165050.csv,512,DEFECT,HIGH,0,68,114,553,500000,4950292,4950292,-3795540,856832.1,,307,246,坏棒 总长1002mm 任意重度 铁头 307
976,16:50:50,hit_976_20260730_165050.csv,512,DEFECT,HIGH,0,69,113,568,500000,5480306,5480306,-3920857,1214392.2,,307,261,坏棒 总长1002mm 任意重度 铁头 307
977,16:50:50,hit_977_20260730_165050.csv,512,DEFECT,HIGH,0,66,110,555,500000,5955006,5955006,-3348037,1657339.0,,307,248,坏棒 总长1002mm 任意重度 铁头 307
978,16:50:51,hit_978_20260730_165051.csv,512,DEFECT,HIGH,0,67,109,571,500000,5202801,5202801,-3688522,1401899.1,,307,264,坏棒 总长1002mm 任意重度 铁头 307
979,16:50:51,hit_979_20260730_165051.csv,512,DEFECT,HIGH,0,70,111,590,500000,5214559,5214559,-3996050,1266336.5,,307,283,坏棒 总长1002mm 任意重度 铁头 307
980,16:50:51,hit_980_20260730_165051.csv,512,DEFECT,HIGH,0,63,108,536,500000,4949257,4949257,-3177598,1257989.7,,307,229,坏棒 总长1002mm 任意重度 铁头 307
981,16:50:52,hit_981_20260730_165052.csv,512,DEFECT,HIGH,0,63,108,536,500000,4971492,4971492,-3174222,1301900.0,,307,229,坏棒 总长1002mm 任意重度 铁头 307
982,16:50:52,hit_982_20260730_165052.csv,512,DEFECT,HIGH,0,23,115,221,500000,4657434,4347514,-4657434,296946.1,,307,-86,坏棒 总长1002mm 任意重度 铁头 307
983,16:50:52,hit_983_20260730_165052.csv,512,DEFECT,HIGH,0,68,112,564,500000,5524869,5524869,-3677427,1348424.9,,307,257,坏棒 总长1002mm 任意重度 铁头 307
984,16:50:53,hit_984_20260730_165053.csv,512,DEFECT,HIGH,0,69,114,563,500000,5537457,5537457,-3920700,1304767.7,,307,256,坏棒 总长1002mm 任意重度 铁头 307
985,16:50:53,hit_985_20260730_165053.csv,512,DEFECT,HIGH,0,69,112,574,500000,5041250,5041250,-3936231,813870.0,,307,267,坏棒 总长1002mm 任意重度 铁头 307
986,16:50:53,hit_986_20260730_165053.csv,512,DEFECT,HIGH,0,66,111,550,500000,5924453,5924453,-3517765,1496600.2,,307,243,坏棒 总长1002mm 任意重度 铁头 307
987,16:50:54,hit_987_20260730_165054.csv,512,DEFECT,HIGH,0,65,108,556,500000,5831634,5831634,-2132244,2385395.5,,307,249,坏棒 总长1002mm 任意重度 铁头 307
988,16:51:00,hit_988_20260730_165100.csv,512,DEFECT,HIGH,0,63,111,520,500000,5885251,5885251,-3131249,1747010.7,,307,213,坏棒 总长1002mm 任意重度 铁头 307
989,16:51:00,hit_989_20260730_165100.csv,512,DEFECT,HIGH,0,64,111,530,500000,5686974,5686974,-3167283,1446769.3,,307,223,坏棒 总长1002mm 任意重度 铁头 307
990,16:51:00,hit_990_20260730_165100.csv,512,DEFECT,HIGH,0,66,111,550,500000,4812666,4812666,-3610415,753922.2,,307,243,坏棒 总长1002mm 任意重度 铁头 307
991,16:51:01,hit_991_20260730_165101.csv,512,DEFECT,HIGH,0,68,111,570,500000,4045556,3491254,-4045556,116287.6,,307,263,坏棒 总长1002mm 任意重度 铁头 307
992,16:51:01,hit_992_20260730_165101.csv,512,DEFECT,HIGH,0,65,109,551,500000,5944810,5944810,-3528096,1484890.1,,307,244,坏棒 总长1002mm 任意重度 铁头 307
993,16:51:01,hit_993_20260730_165101.csv,512,DEFECT,HIGH,0,38,111,380,500000,5523244,5523244,-3803242,1045135.4,,307,73,坏棒 总长1002mm 任意重度 铁头 307
994,16:51:02,hit_994_20260730_165102.csv,512,DEFECT,HIGH,0,67,110,565,500000,5925717,5925717,-3680634,1250685.9,,307,258,坏棒 总长1002mm 任意重度 铁头 307
995,16:51:02,hit_995_20260730_165102.csv,512,DEFECT,HIGH,0,68,110,575,500000,5401632,5401632,-3788501,1091869.7,,307,268,坏棒 总长1002mm 任意重度 铁头 307
996,16:51:02,hit_996_20260730_165102.csv,512,DEFECT,HIGH,0,63,109,530,500000,5744549,5744549,-3088542,1724646.2,,307,223,坏棒 总长1002mm 任意重度 铁头 307
997,16:51:03,hit_997_20260730_165103.csv,512,DEFECT,HIGH,0,70,112,584,500000,5000571,5000571,-4111291,831722.7,,307,277,坏棒 总长1002mm 任意重度 铁头 307
998,16:51:03,hit_998_20260730_165103.csv,512,DEFECT,HIGH,0,37,110,373,500000,5452516,5452516,-3445538,1341644.8,,307,66,坏棒 总长1002mm 任意重度 铁头 307
999,16:51:03,hit_999_20260730_165103.csv,512,DEFECT,HIGH,0,70,113,578,500000,5475532,5475532,-4045316,1206171.6,,307,271,坏棒 总长1002mm 任意重度 铁头 307
1000,16:51:04,hit_1000_20260730_165104.csv,512,DEFECT,HIGH,0,68,111,570,500000,5027356,5027356,-3917917,836289.4,,307,263,坏棒 总长1002mm 任意重度 铁头 307
1001,16:51:04,hit_1001_20260730_165104.csv,512,DEFECT,HIGH,0,66,110,555,500000,4993351,4993351,-3688647,1272273.4,,307,248,坏棒 总长1002mm 任意重度 铁头 307
1002,16:51:04,hit_1002_20260730_165104.csv,512,DEFECT,HIGH,0,70,111,590,500000,4379761,4379761,-4282953,519465.6,,307,283,坏棒 总长1002mm 任意重度 铁头 307
1003,16:51:05,hit_1003_20260730_165105.csv,512,DEFECT,HIGH,0,66,108,567,500000,4762521,4762521,-3586756,945625.1,,307,260,坏棒 总长1002mm 任意重度 铁头 307
1004,16:51:05,hit_1004_20260730_165105.csv,512,DEFECT,HIGH,0,66,108,567,500000,4747256,4747256,-3593286,887133.8,,307,260,坏棒 总长1002mm 任意重度 铁头 307
1005,16:51:05,hit_1005_20260730_165105.csv,512,DEFECT,HIGH,0,66,108,567,500000,4892491,4892491,-3603735,1058426.7,,307,260,坏棒 总长1002mm 任意重度 铁头 307
1006,16:51:05,hit_1006_20260730_165105.csv,512,DEFECT,HIGH,0,68,110,575,500000,5487866,5487866,-3765231,1186793.2,,307,268,坏棒 总长1002mm 任意重度 铁头 307
1007,16:51:06,hit_1007_20260730_165106.csv,512,DEFECT,HIGH,0,40,112,396,500000,5139063,5139063,-3911667,1014874.7,,307,89,坏棒 总长1002mm 任意重度 铁头 307
1008,16:51:06,hit_1008_20260730_165106.csv,512,DEFECT,HIGH,0,65,112,534,500000,5271094,5271094,-3317783,1223835.6,,307,227,坏棒 总长1002mm 任意重度 铁头 307
1009,16:51:06,hit_1009_20260730_165106.csv,512,DEFECT,HIGH,0,69,113,568,500000,5092032,5092032,-3918780,928499.2,,307,261,坏棒 总长1002mm 任意重度 铁头 307
1010,16:51:07,hit_1010_20260730_165107.csv,512,DEFECT,HIGH,0,64,112,524,500000,5915879,5915879,-2879716,2122713.8,,307,217,坏棒 总长1002mm 任意重度 铁头 307
1011,16:51:07,hit_1011_20260730_165107.csv,512,DEFECT,HIGH,0,62,117,481,500000,5764122,5764122,-2820976,2098051.5,,307,174,坏棒 总长1002mm 任意重度 铁头 307
1012,16:51:07,hit_1012_20260730_165107.csv,512,DEFECT,HIGH,0,65,112,534,500000,5986102,5986102,-3357113,1592700.0,,307,227,坏棒 总长1002mm 任意重度 铁头 307
1013,16:51:07,hit_1013_20260730_165107.csv,512,DEFECT,HIGH,0,68,110,575,500000,5866278,5866278,-3544189,1437049.7,,307,268,坏棒 总长1002mm 任意重度 铁头 307
1014,16:51:08,hit_1014_20260730_165108.csv,512,DEFECT,HIGH,0,64,110,535,500000,5148071,5148071,-3780406,1184374.6,,307,228,坏棒 总长1002mm 任意重度 铁头 307
1015,16:51:08,hit_1015_20260730_165108.csv,512,DEFECT,HIGH,0,64,108,546,500000,4902775,4902775,-3478630,932989.3,,307,239,坏棒 总长1002mm 任意重度 铁头 307
1016,16:51:08,hit_1016_20260730_165108.csv,512,DEFECT,HIGH,0,69,111,580,500000,5075570,5075570,-4053495,778873.2,,307,273,坏棒 总长1002mm 任意重度 铁头 307
1017,16:51:09,hit_1017_20260730_165109.csv,512,DEFECT,HIGH,0,63,115,500,500000,6285260,6285260,-2805297,2159054.4,,307,193,坏棒 总长1002mm 任意重度 铁头 307
1018,16:51:09,hit_1018_20260730_165109.csv,512,DEFECT,HIGH,0,67,112,554,500000,3951009,3951009,-3791071,465367.2,,307,247,坏棒 总长1002mm 任意重度 铁头 307
1019,16:51:09,hit_1019_20260730_165109.csv,512,DEFECT,HIGH,0,67,109,571,500000,5145295,5145295,-3770798,933452.1,,307,264,坏棒 总长1002mm 任意重度 铁头 307
1020,16:51:10,hit_1020_20260730_165110.csv,512,DEFECT,HIGH,0,64,110,535,500000,6345073,6345073,-2888502,2085342.4,,307,228,坏棒 总长1002mm 任意重度 铁头 307
1021,16:51:10,hit_1021_20260730_165110.csv,512,DEFECT,HIGH,0,67,110,565,500000,5697168,5697168,-3450794,1553681.0,,307,258,坏棒 总长1002mm 任意重度 铁头 307
1022,16:51:10,hit_1022_20260730_165110.csv,512,DEFECT,HIGH,0,66,112,544,500000,5937283,5937283,-3498906,1650233.0,,307,237,坏棒 总长1002mm 任意重度 铁头 307
1023,16:51:11,hit_1023_20260730_165111.csv,512,DEFECT,HIGH,0,68,111,570,500000,5374539,5374539,-3703281,1113591.9,,307,263,坏棒 总长1002mm 任意重度 铁头 307
1024,16:51:11,hit_1024_20260730_165111.csv,512,DEFECT,HIGH,0,68,112,564,500000,5392391,5392391,-3883064,1095667.4,,307,257,坏棒 总长1002mm 任意重度 铁头 307
1025,16:51:11,hit_1025_20260730_165111.csv,512,DEFECT,HIGH,0,69,111,580,500000,5810286,5810286,-3922012,1299233.0,,307,273,坏棒 总长1002mm 任意重度 铁头 307
1026,16:51:12,hit_1026_20260730_165112.csv,512,DEFECT,HIGH,0,66,110,555,500000,5657737,5657737,-3202489,1381212.5,,307,248,坏棒 总长1002mm 任意重度 铁头 307
1027,16:51:12,hit_1027_20260730_165112.csv,512,DEFECT,HIGH,0,69,111,580,500000,5384686,5384686,-4003470,977067.1,,307,273,坏棒 总长1002mm 任意重度 铁头 307
1028,16:51:12,hit_1028_20260730_165112.csv,512,DEFECT,HIGH,0,68,110,575,500000,5512367,5512367,-3991877,1122826.5,,307,268,坏棒 总长1002mm 任意重度 铁头 307
1029,16:51:12,hit_1029_20260730_165112.csv,512,DEFECT,HIGH,0,72,111,610,500000,4694516,4540820,-4694516,451980.4,,307,303,坏棒 总长1002mm 任意重度 铁头 307
1030,16:51:13,hit_1030_20260730_165113.csv,512,DEFECT,HIGH,0,67,108,577,500000,4765239,4765239,-4072182,430464.5,,307,270,坏棒 总长1002mm 任意重度 铁头 307
1031,16:51:13,hit_1031_20260730_165113.csv,512,DEFECT,HIGH,0,65,108,556,500000,4735559,4735559,-3584701,1084596.2,,307,249,坏棒 总长1002mm 任意重度 铁头 307
1032,16:51:13,hit_1032_20260730_165113.csv,512,DEFECT,HIGH,0,65,108,556,500000,5370793,5370793,-2466004,1663442.5,,307,249,坏棒 总长1002mm 任意重度 铁头 307
1033,16:51:14,hit_1033_20260730_165114.csv,512,DEFECT,HIGH,0,70,108,608,500000,5052555,5052555,-3054374,1048658.8,,307,301,坏棒 总长1002mm 任意重度 铁头 307
1034,16:51:14,hit_1034_20260730_165114.csv,512,DEFECT,HIGH,0,69,109,591,500000,4945352,4945352,-3094633,882388.2,,307,284,坏棒 总长1002mm 任意重度 铁头 307
1035,16:51:14,hit_1035_20260730_165114.csv,512,NORMAL,HIGH,0,0,108,0,500000,5349008,5349008,-2408908,1775888.3,,307,,坏棒 总长1002mm 任意重度 铁头 307
1036,16:51:15,hit_1036_20260730_165115.csv,512,DEFECT,HIGH,0,67,109,571,500000,6150232,6150232,-3766632,1728130.8,,307,264,坏棒 总长1002mm 任意重度 铁头 307
1037,16:51:15,hit_1037_20260730_165115.csv,512,DEFECT,HIGH,0,69,110,585,500000,5411860,5411860,-3845571,1104922.5,,307,278,坏棒 总长1002mm 任意重度 铁头 307
1038,16:51:15,hit_1038_20260730_165115.csv,512,DEFECT,HIGH,0,66,112,544,500000,5930761,5930761,-3235637,1631470.6,,307,237,坏棒 总长1002mm 任意重度 铁头 307
1039,16:51:16,hit_1039_20260730_165116.csv,512,DEFECT,HIGH,0,70,113,578,500000,5121184,5121184,-4064169,782853.4,,307,271,坏棒 总长1002mm 任意重度 铁头 307
1040,16:51:16,hit_1040_20260730_165116.csv,512,DEFECT,HIGH,0,21,115,201,500000,4408180,4408180,-4353880,401736.6,,307,-106,坏棒 总长1002mm 任意重度 铁头 307
1041,16:51:16,hit_1041_20260730_165116.csv,512,DEFECT,HIGH,0,40,115,384,500000,5038435,5038435,-4014718,1040758.8,,307,77,坏棒 总长1002mm 任意重度 铁头 307
1042,16:51:16,hit_1042_20260730_165116.csv,512,DEFECT,HIGH,0,67,111,560,500000,5414088,5414088,-3678103,1198233.5,,307,253,坏棒 总长1002mm 任意重度 铁头 307
1043,16:51:17,hit_1043_20260730_165117.csv,512,DEFECT,HIGH,0,67,111,560,500000,5926038,5926038,-3721713,1589563.3,,307,253,坏棒 总长1002mm 任意重度 铁头 307
1044,16:51:17,hit_1044_20260730_165117.csv,512,DEFECT,HIGH,0,67,111,560,500000,6034144,6034144,-3562600,1739291.5,,307,253,坏棒 总长1002mm 任意重度 铁头 307
1045,16:51:17,hit_1045_20260730_165117.csv,512,DEFECT,HIGH,0,66,110,555,500000,5853653,5853653,-3345350,1786930.5,,307,248,坏棒 总长1002mm 任意重度 铁头 307
1046,16:51:18,hit_1046_20260730_165118.csv,512,DEFECT,HIGH,0,68,110,575,500000,5851870,5851870,-3774729,1733080.0,,307,268,坏棒 总长1002mm 任意重度 铁头 307
1047,16:51:18,hit_1047_20260730_165118.csv,512,DEFECT,HIGH,0,64,109,540,500000,5294694,5294694,-3332342,1474691.8,,307,233,坏棒 总长1002mm 任意重度 铁头 307
1048,16:51:18,hit_1048_20260730_165118.csv,512,DEFECT,HIGH,0,67,108,577,500000,5151529,5151529,-3779370,1209288.0,,307,270,坏棒 总长1002mm 任意重度 铁头 307
1049,16:51:18,hit_1049_20260730_165118.csv,512,DEFECT,HIGH,0,61,108,515,500000,4941607,4941607,-3137123,1250332.5,,307,208,坏棒 总长1002mm 任意重度 铁头 307
1050,16:51:19,hit_1050_20260730_165119.csv,512,DEFECT,HIGH,0,66,112,544,500000,6147342,6147342,-3647908,1871497.3,,307,237,坏棒 总长1002mm 任意重度 铁头 307
1051,16:51:19,hit_1051_20260730_165119.csv,512,DEFECT,HIGH,0,66,110,555,500000,5909985,5909985,-3328264,1674276.3,,307,248,坏棒 总长1002mm 任意重度 铁头 307
1052,16:51:20,hit_1052_20260730_165120.csv,512,DEFECT,HIGH,0,66,108,567,500000,5708702,5708702,-3407378,1632518.1,,307,260,坏棒 总长1002mm 任意重度 铁头 307
1053,16:51:20,hit_1053_20260730_165120.csv,512,DEFECT,HIGH,0,66,109,561,500000,5442350,5442350,-3534876,1459259.8,,307,254,坏棒 总长1002mm 任意重度 铁头 307
1054,16:51:20,hit_1054_20260730_165120.csv,512,DEFECT,HIGH,0,67,108,577,500000,4264388,4264388,-3987548,2226.2,,307,270,坏棒 总长1002mm 任意重度 铁头 307
1055,16:51:20,hit_1055_20260730_165120.csv,512,DEFECT,HIGH,0,67,109,571,500000,5369170,5369170,-3641595,1478080.6,,307,264,坏棒 总长1002mm 任意重度 铁头 307
1056,16:51:21,hit_1056_20260730_165121.csv,512,DEFECT,HIGH,0,69,109,591,500000,5189740,5189740,-4071478,980630.2,,307,284,坏棒 总长1002mm 任意重度 铁头 307
1057,16:51:21,hit_1057_20260730_165121.csv,512,DEFECT,HIGH,0,68,108,587,500000,5526618,5526618,-2681582,1721531.7,,307,280,坏棒 总长1002mm 任意重度 铁头 307
1058,16:51:22,hit_1058_20260730_165122.csv,512,DEFECT,HIGH,0,71,111,600,500000,5118597,5118597,-4301904,517763.9,,307,293,坏棒 总长1002mm 任意重度 铁头 307
1059,16:51:22,hit_1059_20260730_165122.csv,512,DEFECT,HIGH,0,68,113,558,500000,5627761,5627761,-3738658,1289395.8,,307,251,坏棒 总长1002mm 任意重度 铁头 307
1060,16:51:22,hit_1060_20260730_165122.csv,512,DEFECT,HIGH,0,69,112,574,500000,5393964,5393964,-3900330,938073.1,,307,267,坏棒 总长1002mm 任意重度 铁头 307
1061,16:51:22,hit_1061_20260730_165122.csv,512,DEFECT,HIGH,0,69,112,574,500000,5487656,5487656,-3996617,949019.1,,307,267,坏棒 总长1002mm 任意重度 铁头 307
1062,16:51:23,hit_1062_20260730_165123.csv,512,DEFECT,HIGH,0,67,112,554,500000,5820501,5820501,-3413979,1681112.1,,307,247,坏棒 总长1002mm 任意重度 铁头 307
1063,16:51:23,hit_1063_20260730_165123.csv,512,DEFECT,HIGH,0,69,111,580,500000,5439365,5439365,-3884115,961079.8,,307,273,坏棒 总长1002mm 任意重度 铁头 307
1064,16:51:23,hit_1064_20260730_165123.csv,512,DEFECT,HIGH,0,65,109,551,500000,6648216,6648216,-3187783,2534064.1,,307,244,坏棒 总长1002mm 任意重度 铁头 307
1065,16:51:26,hit_1065_20260730_165126.csv,512,DEFECT,HIGH,0,66,108,567,500000,5000914,5000914,-3631615,837126.7,,307,260,坏棒 总长1002mm 任意重度 铁头 307
1066,16:51:26,hit_1066_20260730_165126.csv,512,DEFECT,HIGH,0,69,112,574,500000,3736017,2654324,-3736017,-271263.8,,307,267,坏棒 总长1002mm 任意重度 铁头 307
1067,16:51:26,hit_1067_20260730_165126.csv,512,DEFECT,HIGH,0,70,111,590,500000,4094843,3980003,-4094843,216277.7,,307,283,坏棒 总长1002mm 任意重度 铁头 307
1068,16:51:27,hit_1068_20260730_165127.csv,512,DEFECT,HIGH,0,67,108,577,500000,4287879,4287879,-3771062,504317.7,,307,270,坏棒 总长1002mm 任意重度 铁头 307
1069,16:51:27,hit_1069_20260730_165127.csv,512,DEFECT,HIGH,0,22,111,220,500000,4543070,3659021,-4543070,-127663.2,,307,-87,坏棒 总长1002mm 任意重度 铁头 307
1070,16:51:27,hit_1070_20260730_165127.csv,512,DEFECT,HIGH,0,22,113,215,500000,4518007,4068415,-4518007,204937.1,,307,-92,坏棒 总长1002mm 任意重度 铁头 307
1071,16:51:28,hit_1071_20260730_165128.csv,512,DEFECT,HIGH,0,66,110,555,500000,4797650,4797650,-3531593,857426.5,,307,248,坏棒 总长1002mm 任意重度 铁头 307
1072,16:51:28,hit_1072_20260730_165128.csv,512,DEFECT,HIGH,0,69,110,585,500000,4525447,4525447,-4049343,489486.5,,307,278,坏棒 总长1002mm 任意重度 铁头 307
1073,16:51:28,hit_1073_20260730_165128.csv,512,DEFECT,HIGH,0,70,112,584,500000,4371659,4371659,-4280239,427930.4,,307,277,坏棒 总长1002mm 任意重度 铁头 307
1074,16:51:29,hit_1074_20260730_165129.csv,512,DEFECT,HIGH,0,67,111,560,500000,5577865,5577865,-3423222,1339753.0,,307,253,坏棒 总长1002mm 任意重度 铁头 307
1075,16:51:29,hit_1075_20260730_165129.csv,512,DEFECT,HIGH,0,70,113,578,500000,4236098,3286741,-4236098,-11084.4,,307,271,坏棒 总长1002mm 任意重度 铁头 307
1076,16:51:29,hit_1076_20260730_165129.csv,512,DEFECT,HIGH,0,64,110,535,500000,4833545,4833545,-3446060,906921.8,,307,228,坏棒 总长1002mm 任意重度 铁头 307
1077,16:51:29,hit_1077_20260730_165129.csv,512,DEFECT,HIGH,0,69,113,568,500000,4773249,4773249,-4140777,746952.8,,307,261,坏棒 总长1002mm 任意重度 铁头 307
1078,16:51:30,hit_1078_20260730_165130.csv,512,DEFECT,HIGH,0,68,110,575,500000,5072907,5072907,-3825413,1011987.4,,307,268,坏棒 总长1002mm 任意重度 铁头 307
1079,16:51:30,hit_1079_20260730_165130.csv,512,DEFECT,HIGH,0,70,112,584,500000,4204517,4204517,-4078306,500507.8,,307,277,坏棒 总长1002mm 任意重度 铁头 307
1080,16:51:30,hit_1080_20260730_165130.csv,512,DEFECT,HIGH,0,68,111,570,500000,4877022,4877022,-3750152,908946.6,,307,263,坏棒 总长1002mm 任意重度 铁头 307
1081,16:51:31,hit_1081_20260730_165131.csv,512,DEFECT,HIGH,0,69,112,574,500000,4930787,4930787,-4014239,770108.1,,307,267,坏棒 总长1002mm 任意重度 铁头 307
1082,16:51:31,hit_1082_20260730_165131.csv,512,DEFECT,HIGH,0,67,111,560,500000,4898823,4898823,-3645868,923835.6,,307,253,坏棒 总长1002mm 任意重度 铁头 307
1083,16:51:31,hit_1083_20260730_165131.csv,512,NORMAL,HIGH,0,0,114,0,500000,3987796,3844374,-3987796,405660.5,,307,,坏棒 总长1002mm 任意重度 铁头 307
1084,16:51:32,hit_1084_20260730_165132.csv,512,DEFECT,HIGH,0,22,114,213,500000,4390612,3908634,-4390612,225112.6,,307,-94,坏棒 总长1002mm 任意重度 铁头 307
1085,16:51:32,hit_1085_20260730_165132.csv,512,DEFECT,HIGH,0,67,112,554,500000,5644290,5644290,-3605109,1269077.8,,307,247,坏棒 总长1002mm 任意重度 铁头 307
1086,16:51:32,hit_1086_20260730_165132.csv,512,DEFECT,HIGH,0,70,112,584,500000,4913203,4913203,-4112190,792497.8,,307,277,坏棒 总长1002mm 任意重度 铁头 307
1087,16:51:33,hit_1087_20260730_165133.csv,512,DEFECT,HIGH,0,70,112,584,500000,4055350,3788053,-4055350,284497.4,,307,277,坏棒 总长1002mm 任意重度 铁头 307
1088,16:51:33,hit_1088_20260730_165133.csv,512,DEFECT,HIGH,0,67,112,554,500000,5623810,5623810,-3572999,1225179.4,,307,247,坏棒 总长1002mm 任意重度 铁头 307
1089,16:51:33,hit_1089_20260730_165133.csv,512,DEFECT,HIGH,0,63,111,520,500000,5772733,5772733,-2842538,1637424.2,,307,213,坏棒 总长1002mm 任意重度 铁头 307
1090,16:51:34,hit_1090_20260730_165134.csv,512,DEFECT,HIGH,0,67,112,554,500000,5283898,5283898,-3647787,1132474.3,,307,247,坏棒 总长1002mm 任意重度 铁头 307
1091,16:51:34,hit_1091_20260730_165134.csv,512,DEFECT,HIGH,0,22,114,213,500000,4619876,3624558,-4619876,52279.8,,307,-94,坏棒 总长1002mm 任意重度 铁头 307
1092,16:51:34,hit_1092_20260730_165134.csv,512,DEFECT,HIGH,0,66,111,550,500000,5612854,5612854,-3531139,1388971.6,,307,243,坏棒 总长1002mm 任意重度 铁头 307
1093,16:51:35,hit_1093_20260730_165135.csv,512,DEFECT,HIGH,0,70,112,584,500000,4567328,4567328,-4062584,494280.7,,307,277,坏棒 总长1002mm 任意重度 铁头 307
1094,16:51:35,hit_1094_20260730_165135.csv,512,NORMAL,HIGH,0,0,112,0,500000,4060944,4060944,-3696049,540306.0,,307,,坏棒 总长1002mm 任意重度 铁头 307
1095,16:51:35,hit_1095_20260730_165135.csv,512,DEFECT,HIGH,0,68,112,564,500000,5554828,5554828,-3336540,1377135.5,,307,257,坏棒 总长1002mm 任意重度 铁头 307
1096,16:51:36,hit_1096_20260730_165136.csv,512,DEFECT,HIGH,0,67,111,560,500000,4582885,4582885,-3560616,795975.5,,307,253,坏棒 总长1002mm 任意重度 铁头 307
1097,16:51:36,hit_1097_20260730_165136.csv,512,DEFECT,HIGH,0,67,112,554,500000,5243072,5243072,-3553740,1133084.8,,307,247,坏棒 总长1002mm 任意重度 铁头 307
1098,16:51:36,hit_1098_20260730_165136.csv,512,DEFECT,HIGH,0,66,113,539,500000,5513201,5513201,-3371104,1377520.5,,307,232,坏棒 总长1002mm 任意重度 铁头 307
1099,16:51:37,hit_1099_20260730_165137.csv,512,DEFECT,HIGH,0,66,112,544,500000,5675078,5675078,-3445505,1497125.7,,307,237,坏棒 总长1002mm 任意重度 铁头 307
1100,16:51:37,hit_1100_20260730_165137.csv,512,DEFECT,HIGH,0,65,112,534,500000,4669555,4669555,-3279309,857282.3,,307,227,坏棒 总长1002mm 任意重度 铁头 307
1101,16:51:37,hit_1101_20260730_165137.csv,512,DEFECT,HIGH,0,66,112,544,500000,5033051,5033051,-3478561,1031771.3,,307,237,坏棒 总长1002mm 任意重度 铁头 307
1102,16:51:38,hit_1102_20260730_165138.csv,512,DEFECT,HIGH,0,69,112,574,500000,4955545,4955545,-3869726,884692.5,,307,267,坏棒 总长1002mm 任意重度 铁头 307
1103,16:51:38,hit_1103_20260730_165138.csv,512,DEFECT,HIGH,0,67,111,560,500000,5022625,5022625,-3423141,1027249.4,,307,253,坏棒 总长1002mm 任意重度 铁头 307
1104,16:51:38,hit_1104_20260730_165138.csv,512,DEFECT,HIGH,0,70,112,584,500000,4214545,3934187,-4214545,279134.3,,307,277,坏棒 总长1002mm 任意重度 铁头 307
1105,16:51:39,hit_1105_20260730_165139.csv,512,DEFECT,HIGH,0,21,112,207,500000,4322195,3661146,-4322195,107175.5,,307,-100,坏棒 总长1002mm 任意重度 铁头 307
1106,16:51:39,hit_1106_20260730_165139.csv,512,DEFECT,HIGH,0,68,110,575,500000,5105102,5105102,-3833106,933535.1,,307,268,坏棒 总长1002mm 任意重度 铁头 307
1107,16:51:39,hit_1107_20260730_165139.csv,512,DEFECT,HIGH,0,65,112,534,500000,5955440,5955440,-3399923,1815102.8,,307,227,坏棒 总长1002mm 任意重度 铁头 307
1108,16:51:40,hit_1108_20260730_165140.csv,512,DEFECT,HIGH,0,67,111,560,500000,4641072,4641072,-3828431,866263.6,,307,253,坏棒 总长1002mm 任意重度 铁头 307
1109,16:51:40,hit_1109_20260730_165140.csv,512,DEFECT,HIGH,0,68,111,570,500000,4415399,4415399,-3903775,741501.5,,307,263,坏棒 总长1002mm 任意重度 铁头 307
1110,16:51:40,hit_1110_20260730_165140.csv,512,DEFECT,HIGH,0,66,111,550,500000,5006258,5006258,-3397377,1112334.4,,307,243,坏棒 总长1002mm 任意重度 铁头 307
1111,16:51:41,hit_1111_20260730_165141.csv,512,DEFECT,HIGH,0,68,111,570,500000,4933242,4933242,-3870992,826761.8,,307,263,坏棒 总长1002mm 任意重度 铁头 307
1112,16:51:41,hit_1112_20260730_165141.csv,512,DEFECT,HIGH,0,65,110,545,500000,5571939,5571939,-3482565,1496791.3,,307,238,坏棒 总长1002mm 任意重度 铁头 307
1113,16:51:41,hit_1113_20260730_165141.csv,512,DEFECT,HIGH,0,63,109,530,500000,5947733,5947733,-3282130,1814277.3,,307,223,坏棒 总长1002mm 任意重度 铁头 307
1114,16:51:42,hit_1114_20260730_165142.csv,512,DEFECT,HIGH,0,63,110,525,500000,6035510,6035510,-2957103,1970137.3,,307,218,坏棒 总长1002mm 任意重度 铁头 307
1115,16:51:42,hit_1115_20260730_165142.csv,512,DEFECT,HIGH,0,62,109,520,500000,5483881,5483881,-3147040,1402655.9,,307,213,坏棒 总长1002mm 任意重度 铁头 307
1116,16:51:42,hit_1116_20260730_165142.csv,512,DEFECT,HIGH,0,66,110,555,500000,5304646,5304646,-3727404,1297880.2,,307,248,坏棒 总长1002mm 任意重度 铁头 307
1117,16:51:42,hit_1117_20260730_165142.csv,512,DEFECT,HIGH,0,64,110,535,500000,4641591,4641591,-3369032,890251.4,,307,228,坏棒 总长1002mm 任意重度 铁头 307
1118,16:51:43,hit_1118_20260730_165143.csv,512,DEFECT,HIGH,0,68,110,575,500000,5124269,5124269,-3941557,769548.4,,307,268,坏棒 总长1002mm 任意重度 铁头 307
1119,16:51:43,hit_1119_20260730_165143.csv,512,DEFECT,HIGH,0,68,109,581,500000,5084761,5084761,-3907085,915160.7,,307,274,坏棒 总长1002mm 任意重度 铁头 307
1120,16:51:43,hit_1120_20260730_165143.csv,512,DEFECT,HIGH,0,63,110,525,500000,5824623,5824623,-3315942,1566946.3,,307,218,坏棒 总长1002mm 任意重度 铁头 307
1121,16:51:47,hit_1121_20260730_165147.csv,512,DEFECT,HIGH,0,65,113,529,500000,5636496,5636496,-3581241,1612975.0,,307,222,坏棒 总长1002mm 任意重度 铁头 307
1122,16:51:47,hit_1122_20260730_165147.csv,512,DEFECT,HIGH,0,64,110,535,500000,5144135,5144135,-3332196,1482500.4,,307,228,坏棒 总长1002mm 任意重度 铁头 307
1123,16:51:48,hit_1123_20260730_165148.csv,512,DEFECT,HIGH,0,71,111,600,500000,4775685,4775685,-4432127,604453.5,,307,293,坏棒 总长1002mm 任意重度 铁头 307
1124,16:51:48,hit_1124_20260730_165148.csv,512,DEFECT,HIGH,0,65,110,545,500000,4960772,4960772,-3536637,1335447.1,,307,238,坏棒 总长1002mm 任意重度 铁头 307
1125,16:51:49,hit_1125_20260730_165149.csv,512,DEFECT,HIGH,0,68,109,581,500000,5243333,5243333,-3610184,1641833.0,,307,274,坏棒 总长1002mm 任意重度 铁头 307
1126,16:51:49,hit_1126_20260730_165149.csv,512,DEFECT,HIGH,0,69,110,585,500000,4701469,4701469,-3866827,986205.4,,307,278,坏棒 总长1002mm 任意重度 铁头 307
1127,16:51:50,hit_1127_20260730_165150.csv,512,DEFECT,HIGH,0,68,109,581,500000,4848118,4848118,-3762028,1243117.0,,307,274,坏棒 总长1002mm 任意重度 铁头 307
1128,16:51:50,hit_1128_20260730_165150.csv,512,DEFECT,HIGH,0,66,108,567,500000,4744300,4744300,-3637981,942652.3,,307,260,坏棒 总长1002mm 任意重度 铁头 307
1129,16:51:50,hit_1129_20260730_165150.csv,512,NORMAL,HIGH,0,0,109,0,500000,4827011,4827011,-2931819,1009488.7,,307,,坏棒 总长1002mm 任意重度 铁头 307
1130,16:51:51,hit_1130_20260730_165151.csv,512,DEFECT,HIGH,0,69,109,591,500000,4554831,4554831,-4011419,621990.4,,307,284,坏棒 总长1002mm 任意重度 铁头 307
1131,16:51:51,hit_1131_20260730_165151.csv,512,DEFECT,HIGH,0,69,112,574,500000,4194716,3647542,-4194716,80162.9,,307,267,坏棒 总长1002mm 任意重度 铁头 307
1132,16:51:51,hit_1132_20260730_165151.csv,512,DEFECT,HIGH,0,68,111,570,500000,4809633,4809633,-3582011,878608.8,,307,263,坏棒 总长1002mm 任意重度 铁头 307
1133,16:51:52,hit_1133_20260730_165152.csv,512,DEFECT,HIGH,0,22,113,215,500000,4388957,3627766,-4388957,-60267.9,,307,-92,坏棒 总长1002mm 任意重度 铁头 307
1134,16:51:52,hit_1134_20260730_165152.csv,512,DEFECT,HIGH,0,66,112,544,500000,4698288,4698288,-3652555,827726.3,,307,237,坏棒 总长1002mm 任意重度 铁头 307
1135,16:51:52,hit_1135_20260730_165152.csv,512,DEFECT,HIGH,0,65,111,540,500000,4683291,4683291,-3666651,896017.0,,307,233,坏棒 总长1002mm 任意重度 铁头 307
1136,16:51:53,hit_1136_20260730_165153.csv,512,DEFECT,HIGH,0,65,111,540,500000,4664303,4664303,-3653086,869349.2,,307,233,坏棒 总长1002mm 任意重度 铁头 307
1137,16:51:53,hit_1137_20260730_165153.csv,512,DEFECT,HIGH,0,67,112,554,500000,4711999,4711999,-3863515,851181.2,,307,247,坏棒 总长1002mm 任意重度 铁头 307
1138,16:51:53,hit_1138_20260730_165153.csv,512,DEFECT,HIGH,0,66,110,555,500000,5268397,5268397,-3193160,1344730.0,,307,248,坏棒 总长1002mm 任意重度 铁头 307
1139,16:51:54,hit_1139_20260730_165154.csv,512,DEFECT,HIGH,0,66,110,555,500000,4981935,4981935,-3516260,1074180.2,,307,248,坏棒 总长1002mm 任意重度 铁头 307
1140,16:51:54,hit_1140_20260730_165154.csv,512,DEFECT,HIGH,0,63,110,525,500000,5584396,5584396,-3131118,1556325.9,,307,218,坏棒 总长1002mm 任意重度 铁头 307
1141,16:51:55,hit_1141_20260730_165155.csv,512,DEFECT,HIGH,0,65,111,540,500000,4517467,4517467,-3436523,904018.9,,307,233,坏棒 总长1002mm 任意重度 铁头 307
1142,16:51:55,hit_1142_20260730_165155.csv,512,DEFECT,HIGH,0,33,114,320,500000,2681976,2138087,-2681976,-178241.9,,307,13,坏棒 总长1002mm 任意重度 铁头 307
1143,16:51:55,hit_1143_20260730_165155.csv,512,DEFECT,HIGH,0,21,113,205,500000,4373115,3725047,-4373115,88950.5,,307,-102,坏棒 总长1002mm 任意重度 铁头 307
1144,16:51:56,hit_1144_20260730_165156.csv,512,DEFECT,HIGH,0,69,114,563,500000,3479238,2668276,-3479238,-233821.9,,307,256,坏棒 总长1002mm 任意重度 铁头 307
1145,16:51:56,hit_1145_20260730_165156.csv,512,DEFECT,HIGH,0,70,113,578,500000,4163955,4163955,-4066288,363041.1,,307,271,坏棒 总长1002mm 任意重度 铁头 307
1146,16:51:56,hit_1146_20260730_165156.csv,512,DEFECT,HIGH,0,69,112,574,500000,5250250,5250250,-3887964,894707.0,,307,267,坏棒 总长1002mm 任意重度 铁头 307
1147,16:51:57,hit_1147_20260730_165157.csv,512,DEFECT,HIGH,0,33,115,317,500000,3407473,2174477,-3407473,-181991.5,,307,10,坏棒 总长1002mm 任意重度 铁头 307
1148,16:51:57,hit_1148_20260730_165157.csv,512,DEFECT,HIGH,0,68,113,558,500000,4822039,4822039,-4090887,749167.4,,307,251,坏棒 总长1002mm 任意重度 铁头 307
1149,16:51:58,hit_1149_20260730_165158.csv,512,DEFECT,HIGH,0,69,112,574,500000,4705151,4705151,-3952000,639180.5,,307,267,坏棒 总长1002mm 任意重度 铁头 307
1150,16:51:58,hit_1150_20260730_165158.csv,512,DEFECT,HIGH,0,69,111,580,500000,5243322,5243322,-4017173,838841.9,,307,273,坏棒 总长1002mm 任意重度 铁头 307
1151,16:51:58,hit_1151_20260730_165158.csv,512,DEFECT,HIGH,0,67,112,554,500000,5481952,5481952,-3562513,1261578.4,,307,247,坏棒 总长1002mm 任意重度 铁头 307
1152,16:51:59,hit_1152_20260730_165159.csv,512,DEFECT,HIGH,0,69,111,580,500000,4924421,4924421,-3990529,848993.8,,307,273,坏棒 总长1002mm 任意重度 铁头 307
1153,16:51:59,hit_1153_20260730_165159.csv,512,DEFECT,HIGH,0,69,110,585,500000,5012295,5012295,-4051769,803329.9,,307,278,坏棒 总长1002mm 任意重度 铁头 307
1154,16:52:00,hit_1154_20260730_165200.csv,512,DEFECT,HIGH,0,22,116,209,500000,3499763,2529921,-3499763,-309942.2,,307,-98,坏棒 总长1002mm 任意重度 铁头 307
1155,16:52:00,hit_1155_20260730_165200.csv,512,DEFECT,HIGH,0,68,109,581,500000,4659165,4659165,-3748259,890612.8,,307,274,坏棒 总长1002mm 任意重度 铁头 307
1156,16:52:00,hit_1156_20260730_165200.csv,512,DEFECT,HIGH,0,67,109,571,500000,4720209,4720209,-3737267,984626.5,,307,264,坏棒 总长1002mm 任意重度 铁头 307
1157,16:52:01,hit_1157_20260730_165201.csv,512,DEFECT,HIGH,0,65,109,551,500000,5365198,5365198,-3353063,1580825.4,,307,244,坏棒 总长1002mm 任意重度 铁头 307
1158,16:52:01,hit_1158_20260730_165201.csv,512,DEFECT,HIGH,0,67,108,577,500000,4597729,4597729,-3781338,859277.1,,307,270,坏棒 总长1002mm 任意重度 铁头 307
1159,16:52:02,hit_1159_20260730_165202.csv,512,DEFECT,HIGH,0,62,108,525,500000,4766630,4766630,-3315600,1324989.8,,307,218,坏棒 总长1002mm 任意重度 铁头 307
1160,16:52:02,hit_1160_20260730_165202.csv,512,DEFECT,HIGH,0,66,108,567,500000,4794482,4794482,-3587497,1234214.0,,307,260,坏棒 总长1002mm 任意重度 铁头 307
1161,16:52:03,hit_1161_20260730_165203.csv,512,DEFECT,HIGH,0,65,108,556,500000,4817197,4817197,-3482471,1062577.5,,307,249,坏棒 总长1002mm 任意重度 铁头 307
1162,16:52:03,hit_1162_20260730_165203.csv,512,DEFECT,HIGH,0,65,113,529,500000,5534599,5534599,-2765948,1957488.6,,307,222,坏棒 总长1002mm 任意重度 铁头 307
1163,16:52:03,hit_1163_20260730_165203.csv,512,DEFECT,HIGH,0,64,113,469,500000,4754349,4754349,-3142148,1352426.7,,307,162,坏棒 总长1002mm 任意重度 铁头 307
1164,16:52:04,hit_1164_20260730_165204.csv,512,DEFECT,HIGH,0,68,117,504,500000,4355244,4355244,-4029828,352152.7,,307,197,坏棒 总长1002mm 任意重度 铁头 307
1165,16:52:04,hit_1165_20260730_165204.csv,512,DEFECT,HIGH,0,65,115,477,500000,4817147,4817147,-3665026,997722.2,,307,170,坏棒 总长1002mm 任意重度 铁头 307
1166,16:52:05,hit_1166_20260730_165205.csv,512,NORMAL,HIGH,0,0,108,0,500000,5375703,5375703,-2383898,1730471.7,,307,,坏棒 总长1002mm 任意重度 铁头 307
1167,16:52:05,hit_1167_20260730_165205.csv,512,DEFECT,HIGH,0,70,108,608,500000,5187680,5187680,-2697532,1266114.6,,307,301,坏棒 总长1002mm 任意重度 铁头 307
1168,16:52:05,hit_1168_20260730_165205.csv,512,DEFECT,HIGH,0,60,108,505,500000,5053598,5053598,-2960626,1553876.2,,307,198,坏棒 总长1002mm 任意重度 铁头 307
1169,16:52:06,hit_1169_20260730_165206.csv,512,DEFECT,HIGH,0,67,109,571,500000,4464684,4464684,-3663277,783628.8,,307,264,坏棒 总长1002mm 任意重度 铁头 307
1170,16:52:06,hit_1170_20260730_165206.csv,512,DEFECT,HIGH,0,65,110,545,500000,5081522,5081522,-3322447,1114053.3,,307,238,坏棒 总长1002mm 任意重度 铁头 307
1171,16:52:06,hit_1171_20260730_165206.csv,512,DEFECT,HIGH,0,65,110,545,500000,5830138,5830138,-3069382,1689884.5,,307,238,坏棒 总长1002mm 任意重度 铁头 307
1172,16:52:07,hit_1172_20260730_165207.csv,512,NORMAL,HIGH,0,0,108,0,500000,3727283,3727283,-3710232,39268.3,,307,,坏棒 总长1002mm 任意重度 铁头 307
1173,16:52:07,hit_1173_20260730_165207.csv,512,DEFECT,HIGH,0,72,110,616,500000,4918236,4918236,-3643330,962869.6,,307,309,坏棒 总长1002mm 任意重度 铁头 307
1174,16:52:07,hit_1174_20260730_165207.csv,512,DEFECT,HIGH,0,68,108,587,500000,5247796,5247796,-2113147,1729951.9,,307,280,坏棒 总长1002mm 任意重度 铁头 307
1175,16:52:08,hit_1175_20260730_165208.csv,512,DEFECT,HIGH,0,64,108,546,500000,4702695,4702695,-3364321,1214649.2,,307,239,坏棒 总长1002mm 任意重度 铁头 307
1176,16:52:08,hit_1176_20260730_165208.csv,512,DEFECT,HIGH,0,66,108,567,500000,4979341,4979341,-3509406,1294869.3,,307,260,坏棒 总长1002mm 任意重度 铁头 307
1177,16:52:08,hit_1177_20260730_165208.csv,512,DEFECT,HIGH,0,67,108,577,500000,4750201,4750201,-3826378,940040.6,,307,270,坏棒 总长1002mm 任意重度 铁头 307
1178,16:52:09,hit_1178_20260730_165209.csv,512,DEFECT,HIGH,0,66,108,567,500000,4974932,4974932,-3518895,1361091.4,,307,260,坏棒 总长1002mm 任意重度 铁头 307
1179,16:52:09,hit_1179_20260730_165209.csv,512,NORMAL,HIGH,0,0,108,0,500000,4966088,4966088,-2394588,1322648.8,,307,,坏棒 总长1002mm 任意重度 铁头 307
1180,16:52:10,hit_1180_20260730_165210.csv,512,DEFECT,HIGH,0,27,108,278,500000,4979205,4979205,-3369552,848984.6,,307,-29,坏棒 总长1002mm 任意重度 铁头 307
1181,16:52:10,hit_1181_20260730_165210.csv,512,DEFECT,HIGH,0,82,97,731,500000,4333013,4333013,-3637044,-303389.0,,307,424,坏棒 总长1002mm 任意重度 铁头 307
1182,16:52:10,hit_1182_20260730_165210.csv,512,DEFECT,HIGH,0,61,108,515,500000,6795285,6795285,-1782341,2646939.3,,307,208,坏棒 总长1002mm 任意重度 铁头 307
1183,16:52:11,hit_1183_20260730_165211.csv,512,DEFECT,HIGH,0,67,108,577,500000,5075792,5075792,-1988150,1725978.0,,307,270,坏棒 总长1002mm 任意重度 铁头 307
1184,16:52:11,hit_1184_20260730_165211.csv,512,DEFECT,HIGH,0,68,109,581,500000,4778990,4778990,-3885941,766435.7,,307,274,坏棒 总长1002mm 任意重度 铁头 307
1185,16:52:11,hit_1185_20260730_165211.csv,512,DEFECT,HIGH,0,67,114,543,500000,4072276,4072276,-3751133,458679.8,,307,236,坏棒 总长1002mm 任意重度 铁头 307
1186,16:52:12,hit_1186_20260730_165212.csv,512,DEFECT,HIGH,0,61,110,505,500000,6195337,6195337,-2966977,2269706.0,,307,198,坏棒 总长1002mm 任意重度 铁头 307
1187,16:52:14,hit_1187_20260730_165214.csv,512,DEFECT,HIGH,0,29,117,273,500000,5533410,3761526,-5533410,-230078.7,,307,-34,坏棒 总长1002mm 任意重度 铁头 307
1188,16:52:15,hit_1188_20260730_165215.csv,512,DEFECT,HIGH,0,28,113,274,500000,5443083,4742460,-5443083,-158.0,,307,-33,坏棒 总长1002mm 任意重度 铁头 307
1189,16:52:15,hit_1189_20260730_165215.csv,512,DEFECT,HIGH,0,23,113,225,500000,4720475,4466772,-4720475,203271.8,,307,-82,坏棒 总长1002mm 任意重度 铁头 307
1190,16:52:15,hit_1190_20260730_165215.csv,512,DEFECT,HIGH,0,23,112,227,500000,4793126,4681421,-4793126,124246.0,,307,-80,坏棒 总长1002mm 任意重度 铁头 307
1191,16:52:16,hit_1191_20260730_165216.csv,512,DEFECT,HIGH,0,23,111,230,500000,4937781,4652335,-4937781,124073.6,,307,-77,坏棒 总长1002mm 任意重度 铁头 307
1192,16:52:16,hit_1192_20260730_165216.csv,512,DEFECT,HIGH,0,21,110,212,500000,4623803,4086539,-4623803,37034.8,,307,-95,坏棒 总长1002mm 任意重度 铁头 307
1193,16:52:16,hit_1193_20260730_165216.csv,512,DEFECT,HIGH,0,25,112,247,500000,5057568,4982280,-5057568,113117.2,,307,-60,坏棒 总长1002mm 任意重度 铁头 307
1194,16:52:16,hit_1194_20260730_165216.csv,512,DEFECT,HIGH,0,27,113,264,500000,5379228,4868246,-5379228,14859.5,,307,-43,坏棒 总长1002mm 任意重度 铁头 307
1195,16:52:17,hit_1195_20260730_165217.csv,512,DEFECT,HIGH,0,26,114,252,500000,5198359,4667005,-5198359,79579.7,,307,-55,坏棒 总长1002mm 任意重度 铁头 307
1196,16:52:17,hit_1196_20260730_165217.csv,512,DEFECT,HIGH,0,25,114,242,500000,5088851,4244971,-5088851,-10513.5,,307,-65,坏棒 总长1002mm 任意重度 铁头 307
1197,16:52:17,hit_1197_20260730_165217.csv,512,DEFECT,HIGH,0,70,111,590,500000,4967752,4967752,-4226738,515300.1,,307,283,坏棒 总长1002mm 任意重度 铁头 307
1198,16:52:18,hit_1198_20260730_165218.csv,512,DEFECT,HIGH,0,23,113,225,500000,4829387,4474805,-4829387,170591.8,,307,-82,坏棒 总长1002mm 任意重度 铁头 307
1199,16:52:18,hit_1199_20260730_165218.csv,512,DEFECT,HIGH,0,27,113,264,500000,5367071,4581170,-5367071,97390.5,,307,-43,坏棒 总长1002mm 任意重度 铁头 307
1200,16:52:18,hit_1200_20260730_165218.csv,512,DEFECT,HIGH,0,27,113,264,500000,5314529,4014890,-5314529,-25650.3,,307,-43,坏棒 总长1002mm 任意重度 铁头 307
1201,16:52:19,hit_1201_20260730_165219.csv,512,DEFECT,HIGH,0,29,114,281,500000,5570682,4869876,-5570682,114607.4,,307,-26,坏棒 总长1002mm 任意重度 铁头 307
1202,16:52:19,hit_1202_20260730_165219.csv,512,DEFECT,HIGH,0,26,114,252,500000,5083600,4648642,-5083600,48672.3,,307,-55,坏棒 总长1002mm 任意重度 铁头 307
1203,16:52:20,hit_1203_20260730_165220.csv,512,DEFECT,HIGH,0,71,111,600,500000,4852766,4809801,-4852766,313440.0,,307,293,坏棒 总长1002mm 任意重度 铁头 307
1204,16:52:20,hit_1204_20260730_165220.csv,512,DEFECT,HIGH,0,27,111,270,500000,4540823,4540823,-4358172,-98790.4,,307,-37,坏棒 总长1002mm 任意重度 铁头 307
1205,16:52:21,hit_1205_20260730_165221.csv,512,DEFECT,HIGH,0,35,109,357,500000,6286330,6286330,-3158773,2081485.4,,307,50,坏棒 总长1002mm 任意重度 铁头 307
1206,16:52:21,hit_1206_20260730_165221.csv,512,DEFECT,HIGH,0,67,110,565,500000,5880971,5880971,-3378821,1579808.8,,307,258,坏棒 总长1002mm 任意重度 铁头 307
1207,16:52:21,hit_1207_20260730_165221.csv,512,DEFECT,HIGH,0,67,113,549,500000,4996998,4996998,-3616358,908212.3,,307,242,坏棒 总长1002mm 任意重度 铁头 307
1208,16:52:22,hit_1208_20260730_165222.csv,512,DEFECT,HIGH,0,22,114,213,500000,4572154,4232313,-4572154,163544.4,,307,-94,坏棒 总长1002mm 任意重度 铁头 307
1209,16:52:22,hit_1209_20260730_165222.csv,512,DEFECT,HIGH,0,64,112,524,500000,5029751,5029751,-3205071,1253741.5,,307,217,坏棒 总长1002mm 任意重度 铁头 307
1210,16:52:22,hit_1210_20260730_165222.csv,512,DEFECT,HIGH,0,68,114,553,500000,4825475,4825475,-3952081,885290.6,,307,246,坏棒 总长1002mm 任意重度 铁头 307
1211,16:52:23,hit_1211_20260730_165223.csv,512,DEFECT,HIGH,0,69,115,557,500000,4451073,4451073,-4153177,687066.9,,307,250,坏棒 总长1002mm 任意重度 铁头 307
1212,16:52:23,hit_1212_20260730_165223.csv,512,DEFECT,HIGH,0,68,116,542,500000,4707396,4707396,-3910125,1050258.9,,307,235,坏棒 总长1002mm 任意重度 铁头 307
1213,16:52:23,hit_1213_20260730_165223.csv,512,DEFECT,HIGH,0,66,113,539,500000,4920591,4920591,-3591605,874643.6,,307,232,坏棒 总长1002mm 任意重度 铁头 307
1214,16:52:24,hit_1214_20260730_165224.csv,512,DEFECT,HIGH,0,62,117,481,500000,5920653,5920653,-2777398,1837642.9,,307,174,坏棒 总长1002mm 任意重度 铁头 307
1215,16:52:24,hit_1215_20260730_165224.csv,512,DEFECT,HIGH,0,39,112,386,500000,5194803,5194803,-3838016,1039015.6,,307,79,坏棒 总长1002mm 任意重度 铁头 307
1216,16:52:24,hit_1216_20260730_165224.csv,512,DEFECT,HIGH,0,68,110,575,500000,4688327,4688327,-3956875,695003.8,,307,268,坏棒 总长1002mm 任意重度 铁头 307
1217,16:52:25,hit_1217_20260730_165225.csv,512,DEFECT,HIGH,0,68,108,587,500000,4524000,4524000,-4083091,641419.1,,307,280,坏棒 总长1002mm 任意重度 铁头 307
1218,16:52:25,hit_1218_20260730_165225.csv,512,DEFECT,HIGH,0,68,109,581,500000,4540782,4540782,-3964057,604868.1,,307,274,坏棒 总长1002mm 任意重度 铁头 307
1219,16:52:25,hit_1219_20260730_165225.csv,512,DEFECT,HIGH,0,21,109,214,500000,4419044,4135994,-4419044,-22317.4,,307,-93,坏棒 总长1002mm 任意重度 铁头 307
1220,16:52:26,hit_1220_20260730_165226.csv,512,DEFECT,HIGH,0,67,111,560,500000,5419287,5419287,-3518781,1368857.9,,307,253,坏棒 总长1002mm 任意重度 铁头 307
1221,16:52:26,hit_1221_20260730_165226.csv,512,DEFECT,HIGH,0,66,114,533,500000,5620558,5620558,-3403868,1594293.7,,307,226,坏棒 总长1002mm 任意重度 铁头 307
1222,16:52:27,hit_1222_20260730_165227.csv,512,DEFECT,HIGH,0,39,113,382,500000,6103765,6103765,-3072375,2164868.2,,307,75,坏棒 总长1002mm 任意重度 铁头 307
1223,16:52:27,hit_1223_20260730_165227.csv,512,DEFECT,HIGH,0,70,112,584,500000,5074405,5074405,-3989245,890373.9,,307,277,坏棒 总长1002mm 任意重度 铁头 307
1224,16:52:28,hit_1224_20260730_165228.csv,512,DEFECT,HIGH,0,63,111,520,500000,6030582,6030582,-2981514,1845080.5,,307,213,坏棒 总长1002mm 任意重度 铁头 307
1225,16:52:28,hit_1225_20260730_165228.csv,512,DEFECT,HIGH,0,68,110,575,500000,5137211,5137211,-3690842,866532.0,,307,268,坏棒 总长1002mm 任意重度 铁头 307
1226,16:52:29,hit_1226_20260730_165229.csv,512,DEFECT,HIGH,0,70,114,572,500000,5274847,5274847,-3903953,1016984.2,,307,265,坏棒 总长1002mm 任意重度 铁头 307
1227,16:52:29,hit_1227_20260730_165229.csv,512,DEFECT,HIGH,0,66,111,550,500000,5701568,5701568,-3364659,1475798.7,,307,243,坏棒 总长1002mm 任意重度 铁头 307
1228,16:52:30,hit_1228_20260730_165230.csv,512,DEFECT,HIGH,0,68,110,575,500000,5140935,5140935,-3587841,1278971.9,,307,268,坏棒 总长1002mm 任意重度 铁头 307
1229,16:52:30,hit_1229_20260730_165230.csv,512,DEFECT,HIGH,0,63,111,520,500000,5827797,5827797,-2835158,1808228.6,,307,213,坏棒 总长1002mm 任意重度 铁头 307
1230,16:52:30,hit_1230_20260730_165230.csv,512,DEFECT,HIGH,0,65,111,540,500000,5839248,5839248,-3257270,1585389.9,,307,233,坏棒 总长1002mm 任意重度 铁头 307
1231,16:52:31,hit_1231_20260730_165231.csv,512,DEFECT,HIGH,0,65,112,534,500000,6002632,6002632,-3332604,1833785.4,,307,227,坏棒 总长1002mm 任意重度 铁头 307
1232,16:52:31,hit_1232_20260730_165231.csv,512,DEFECT,HIGH,0,39,115,375,500000,5001122,5001122,-3768477,1149930.0,,307,68,坏棒 总长1002mm 任意重度 铁头 307
1233,16:52:32,hit_1233_20260730_165232.csv,512,DEFECT,HIGH,0,66,113,539,500000,5312374,5312374,-3368092,1279664.5,,307,232,坏棒 总长1002mm 任意重度 铁头 307
1234,16:52:32,hit_1234_20260730_165232.csv,512,DEFECT,HIGH,0,64,111,530,500000,6204624,6204624,-2958937,2107105.4,,307,223,坏棒 总长1002mm 任意重度 铁头 307
1235,16:52:33,hit_1235_20260730_165233.csv,512,DEFECT,HIGH,0,63,108,536,500000,5281498,5281498,-3273834,1869551.0,,307,229,坏棒 总长1002mm 任意重度 铁头 307
1236,16:52:33,hit_1236_20260730_165233.csv,512,DEFECT,HIGH,0,67,108,577,500000,4630156,4630156,-3833512,817261.0,,307,270,坏棒 总长1002mm 任意重度 铁头 307
1237,16:52:33,hit_1237_20260730_165233.csv,512,DEFECT,HIGH,0,69,111,580,500000,4863605,4863605,-3875102,830591.5,,307,273,坏棒 总长1002mm 任意重度 铁头 307
1238,16:52:34,hit_1238_20260730_165234.csv,512,DEFECT,HIGH,0,23,115,221,500000,4694697,4326113,-4694697,229711.4,,307,-86,坏棒 总长1002mm 任意重度 铁头 307
1239,16:52:34,hit_1239_20260730_165234.csv,512,DEFECT,HIGH,0,66,115,528,500000,5368928,5368928,-3393597,1449413.7,,307,221,坏棒 总长1002mm 任意重度 铁头 307
1240,16:52:34,hit_1240_20260730_165234.csv,512,DEFECT,HIGH,0,66,113,539,500000,5440574,5440574,-3610314,1220152.2,,307,232,坏棒 总长1002mm 任意重度 铁头 307
1241,16:52:35,hit_1241_20260730_165235.csv,512,DEFECT,HIGH,0,70,111,590,500000,4533000,4533000,-4316535,502714.3,,307,283,坏棒 总长1002mm 任意重度 铁头 307
1242,16:52:35,hit_1242_20260730_165235.csv,512,DEFECT,HIGH,0,67,108,577,500000,4642561,4642561,-3772891,650721.0,,307,270,坏棒 总长1002mm 任意重度 铁头 307
1243,16:52:36,hit_1243_20260730_165236.csv,512,NORMAL,HIGH,0,0,108,0,500000,5071491,5071491,-2359555,1215769.6,,307,,坏棒 总长1002mm 任意重度 铁头 307
1244,16:52:36,hit_1244_20260730_165236.csv,512,DEFECT,HIGH,0,73,110,626,500000,4599671,4599671,-4048688,117993.7,,307,319,坏棒 总长1002mm 任意重度 铁头 307
1245,16:52:36,hit_1245_20260730_165236.csv,512,DEFECT,HIGH,0,70,108,608,500000,5147353,5147353,-2731801,1283395.6,,307,301,坏棒 总长1002mm 任意重度 铁头 307
1246,16:52:37,hit_1246_20260730_165237.csv,512,DEFECT,HIGH,0,66,109,561,500000,5683170,5683170,-3607107,1305619.4,,307,254,坏棒 总长1002mm 任意重度 铁头 307
1247,16:52:37,hit_1247_20260730_165237.csv,512,DEFECT,HIGH,0,67,113,549,500000,5493668,5493668,-3733314,1187929.9,,307,242,坏棒 总长1002mm 任意重度 铁头 307
1248,16:52:38,hit_1248_20260730_165238.csv,512,DEFECT,HIGH,0,67,113,549,500000,5289467,5289467,-3399495,1135003.5,,307,242,坏棒 总长1002mm 任意重度 铁头 307
1249,16:52:38,hit_1249_20260730_165238.csv,512,DEFECT,HIGH,0,67,113,549,500000,5105382,5105382,-3401775,1085076.4,,307,242,坏棒 总长1002mm 任意重度 铁头 307
1250,16:52:38,hit_1250_20260730_165238.csv,512,DEFECT,HIGH,0,21,112,207,500000,4560977,4560977,-4400288,271385.4,,307,-100,坏棒 总长1002mm 任意重度 铁头 307
1251,16:52:39,hit_1251_20260730_165239.csv,512,DEFECT,HIGH,0,69,111,580,500000,4785967,4785967,-3804337,876468.2,,307,273,坏棒 总长1002mm 任意重度 铁头 307
1252,16:52:39,hit_1252_20260730_165239.csv,512,DEFECT,HIGH,0,67,108,577,500000,4625207,4625207,-3852734,737700.4,,307,270,坏棒 总长1002mm 任意重度 铁头 307
1253,16:52:40,hit_1253_20260730_165240.csv,512,DEFECT,HIGH,0,71,112,594,500000,4741169,4741169,-4247766,618721.2,,307,287,坏棒 总长1002mm 任意重度 铁头 307
1254,16:52:40,hit_1254_20260730_165240.csv,512,DEFECT,HIGH,0,68,114,553,500000,5172897,5172897,-3938765,1160097.3,,307,246,坏棒 总长1002mm 任意重度 铁头 307
1255,16:52:40,hit_1255_20260730_165240.csv,512,DEFECT,HIGH,0,25,115,240,500000,4987060,4227829,-4987060,51863.5,,307,-67,坏棒 总长1002mm 任意重度 铁头 307
1256,16:52:41,hit_1256_20260730_165241.csv,512,DEFECT,HIGH,0,21,113,205,500000,4719551,4719551,-4236376,549359.2,,307,-102,坏棒 总长1002mm 任意重度 铁头 307
1257,16:52:41,hit_1257_20260730_165241.csv,512,DEFECT,HIGH,0,66,116,523,500000,6087269,6087269,-3441930,2029600.4,,307,216,坏棒 总长1002mm 任意重度 铁头 307
1258,16:52:41,hit_1258_20260730_165241.csv,512,DEFECT,HIGH,0,70,113,578,500000,4531578,4531578,-4226927,529216.8,,307,271,坏棒 总长1002mm 任意重度 铁头 307
1259,16:52:42,hit_1259_20260730_165242.csv,512,DEFECT,HIGH,0,64,112,524,500000,4967858,4967858,-3394028,1470883.8,,307,217,坏棒 总长1002mm 任意重度 铁头 307
1260,16:52:42,hit_1260_20260730_165242.csv,512,DEFECT,HIGH,0,63,110,525,500000,5617865,5617865,-3076606,1441102.1,,307,218,坏棒 总长1002mm 任意重度 铁头 307
1261,16:52:42,hit_1261_20260730_165242.csv,512,DEFECT,HIGH,0,63,108,536,500000,6406547,6406547,-2966918,1741211.6,,307,229,坏棒 总长1002mm 任意重度 铁头 307
1262,16:52:43,hit_1262_20260730_165243.csv,512,DEFECT,HIGH,0,66,108,567,500000,5693978,5693978,-3569354,1516877.5,,307,260,坏棒 总长1002mm 任意重度 铁头 307
1263,16:52:43,hit_1263_20260730_165243.csv,512,NORMAL,HIGH,0,0,108,0,500000,5699261,5699261,-2022464,1959407.0,,307,,坏棒 总长1002mm 任意重度 铁头 307
1264,16:52:44,hit_1264_20260730_165244.csv,512,DEFECT,HIGH,0,66,108,567,500000,5043854,5043854,-3424276,1271255.2,,307,260,坏棒 总长1002mm 任意重度 铁头 307
1265,16:52:44,hit_1265_20260730_165244.csv,512,DEFECT,HIGH,0,35,110,353,500000,5577985,5577985,-3598609,1104641.3,,307,46,坏棒 总长1002mm 任意重度 铁头 307
1266,16:52:44,hit_1266_20260730_165244.csv,512,DEFECT,HIGH,0,68,111,570,500000,5687687,5687687,-3494356,1338397.6,,307,263,坏棒 总长1002mm 任意重度 铁头 307
1267,16:52:45,hit_1267_20260730_165245.csv,512,DEFECT,HIGH,0,62,111,510,500000,5561306,5561306,-2966812,1743837.8,,307,203,坏棒 总长1002mm 任意重度 铁头 307
1268,16:52:45,hit_1268_20260730_165245.csv,512,DEFECT,HIGH,0,38,115,365,500000,5485695,5485695,-3694013,1538686.2,,307,58,坏棒 总长1002mm 任意重度 铁头 307
1269,16:52:45,hit_1269_20260730_165245.csv,512,DEFECT,HIGH,0,66,114,533,500000,5273923,5273923,-3394381,1228309.3,,307,226,坏棒 总长1002mm 任意重度 铁头 307
1270,16:52:46,hit_1270_20260730_165246.csv,512,DEFECT,HIGH,0,67,115,538,500000,5502052,5502052,-3593835,1412075.9,,307,231,坏棒 总长1002mm 任意重度 铁头 307
1271,16:52:46,hit_1271_20260730_165246.csv,512,DEFECT,HIGH,0,69,112,574,500000,5072623,5072623,-3913723,887977.6,,307,267,坏棒 总长1002mm 任意重度 铁头 307
1272,16:52:46,hit_1272_20260730_165246.csv,512,DEFECT,HIGH,0,66,112,544,500000,5607306,5607306,-3421514,1324076.2,,307,237,坏棒 总长1002mm 任意重度 铁头 307
1273,16:52:47,hit_1273_20260730_165247.csv,512,DEFECT,HIGH,0,67,111,560,500000,5366115,5366115,-3659566,1217454.7,,307,253,坏棒 总长1002mm 任意重度 铁头 307
1274,16:52:47,hit_1274_20260730_165247.csv,512,DEFECT,HIGH,0,68,109,581,500000,5220827,5220827,-3943645,1243128.7,,307,274,坏棒 总长1002mm 任意重度 铁头 307
1275,16:52:48,hit_1275_20260730_165248.csv,512,DEFECT,HIGH,0,66,108,567,500000,4658948,4658948,-3612069,1124105.6,,307,260,坏棒 总长1002mm 任意重度 铁头 307
1276,16:52:48,hit_1276_20260730_165248.csv,512,DEFECT,HIGH,0,67,110,565,500000,5727861,5727861,-3565783,1499805.3,,307,258,坏棒 总长1002mm 任意重度 铁头 307
1277,16:52:48,hit_1277_20260730_165248.csv,512,DEFECT,HIGH,0,68,113,558,500000,5214265,5214265,-3837024,958333.4,,307,251,坏棒 总长1002mm 任意重度 铁头 307
1278,16:52:49,hit_1278_20260730_165249.csv,512,DEFECT,HIGH,0,66,112,544,500000,5367659,5367659,-3649962,1149881.4,,307,237,坏棒 总长1002mm 任意重度 铁头 307
1279,16:52:49,hit_1279_20260730_165249.csv,512,DEFECT,HIGH,0,68,111,570,500000,5233878,5233878,-3909528,1367201.7,,307,263,坏棒 总长1002mm 任意重度 铁头 307
1280,16:52:50,hit_1280_20260730_165250.csv,512,DEFECT,HIGH,0,60,112,437,500000,5246554,5246554,-3022776,1597982.5,,307,130,坏棒 总长1002mm 任意重度 铁头 307
1281,16:52:50,hit_1281_20260730_165250.csv,512,DEFECT,HIGH,0,67,109,571,500000,5208092,5208092,-3668304,1420457.4,,307,264,坏棒 总长1002mm 任意重度 铁头 307
1282,16:52:50,hit_1282_20260730_165250.csv,512,DEFECT,HIGH,0,65,112,534,500000,5196358,5196358,-3647988,956362.1,,307,227,坏棒 总长1002mm 任意重度 铁头 307
1283,16:52:51,hit_1283_20260730_165251.csv,512,DEFECT,HIGH,0,67,114,543,500000,5050901,5050901,-3814407,916827.5,,307,236,坏棒 总长1002mm 任意重度 铁头 307
1284,16:52:51,hit_1284_20260730_165251.csv,512,DEFECT,HIGH,0,66,108,567,500000,5466032,5466032,-3699733,1094615.5,,307,260,坏棒 总长1002mm 任意重度 铁头 307
1285,16:52:52,hit_1285_20260730_165252.csv,512,DEFECT,HIGH,0,61,108,515,500000,5111904,5111904,-3442299,1055904.1,,307,208,坏棒 总长1002mm 任意重度 铁头 307
1286,16:52:52,hit_1286_20260730_165252.csv,512,DEFECT,HIGH,0,66,108,567,500000,4629912,4629912,-3652963,752359.2,,307,260,坏棒 总长1002mm 任意重度 铁头 307
1287,16:52:52,hit_1287_20260730_165252.csv,512,DEFECT,HIGH,0,64,112,524,500000,5536310,5536310,-3385244,1262224.3,,307,217,坏棒 总长1002mm 任意重度 铁头 307
1288,16:52:53,hit_1288_20260730_165253.csv,512,DEFECT,HIGH,0,67,111,560,500000,5817738,5817738,-3813712,1241127.2,,307,253,坏棒 总长1002mm 任意重度 铁头 307
1289,16:52:53,hit_1289_20260730_165253.csv,512,DEFECT,HIGH,0,64,110,535,500000,5383967,5383967,-3266815,1033013.5,,307,228,坏棒 总长1002mm 任意重度 铁头 307
1290,16:52:54,hit_1290_20260730_165254.csv,512,DEFECT,HIGH,0,64,108,546,500000,5662836,5662836,-3391045,1167694.7,,307,239,坏棒 总长1002mm 任意重度 铁头 307
1291,16:52:54,hit_1291_20260730_165254.csv,512,DEFECT,HIGH,0,28,113,274,500000,5232469,4014497,-5232469,-328203.6,,307,-33,坏棒 总长1002mm 任意重度 铁头 307
1292,16:52:54,hit_1292_20260730_165254.csv,512,NORMAL,HIGH,0,0,108,0,500000,4965682,4965682,-2703815,1226320.0,,307,,坏棒 总长1002mm 任意重度 铁头 307
1293,16:52:55,hit_1293_20260730_165255.csv,512,DEFECT,HIGH,0,64,113,469,500000,4238736,4238736,-3462528,138454.9,,307,162,坏棒 总长1002mm 任意重度 铁头 307
1294,16:52:55,hit_1294_20260730_165255.csv,512,DEFECT,HIGH,0,66,115,486,500000,4067816,4067816,-3826821,244022.2,,307,179,坏棒 总长1002mm 任意重度 铁头 307
1295,16:52:55,hit_1295_20260730_165255.csv,512,DEFECT,LOW,0,30,0,285,500000,2840983,1290075,-2840983,103574.4,,307,-22,坏棒 总长1002mm 任意重度 铁头 307
1296,16:52:56,hit_1296_20260730_165256.csv,512,DEFECT,HIGH,0,67,108,577,500000,5798697,5798697,-3784157,1419620.2,,307,270,坏棒 总长1002mm 任意重度 铁头 307
1297,16:52:57,hit_1297_20260730_165257.csv,512,DEFECT,HIGH,0,64,111,530,500000,5098475,5098475,-3228285,1105490.5,,307,223,坏棒 总长1002mm 任意重度 铁头 307
1298,16:52:57,hit_1298_20260730_165257.csv,512,DEFECT,HIGH,0,68,113,558,500000,4610785,4610785,-4069744,490365.0,,307,251,坏棒 总长1002mm 任意重度 铁头 307
1299,16:52:57,hit_1299_20260730_165257.csv,512,DEFECT,HIGH,0,69,113,568,500000,4551631,4551631,-4118050,576651.8,,307,261,坏棒 总长1002mm 任意重度 铁头 307
1300,16:52:58,hit_1300_20260730_165258.csv,512,DEFECT,HIGH,0,67,108,577,500000,4747616,4747616,-3637473,1038798.1,,307,270,坏棒 总长1002mm 任意重度 铁头 307
1301,16:52:58,hit_1301_20260730_165258.csv,512,DEFECT,HIGH,0,66,115,486,500000,4613885,4613885,-3797850,339857.8,,307,179,坏棒 总长1002mm 任意重度 铁头 307
1302,16:52:58,hit_1302_20260730_165258.csv,512,DEFECT,HIGH,0,74,112,623,500000,4544689,4544689,-4272834,-57088.5,,307,316,坏棒 总长1002mm 任意重度 铁头 307
1303,16:52:59,hit_1303_20260730_165259.csv,512,DEFECT,HIGH,0,62,111,510,500000,5055301,5055301,-2891321,1340232.6,,307,203,坏棒 总长1002mm 任意重度 铁头 307
1304,16:52:59,hit_1304_20260730_165259.csv,512,DEFECT,HIGH,0,60,108,505,500000,4942071,4942071,-2973485,1310608.7,,307,198,坏棒 总长1002mm 任意重度 铁头 307
1305,16:52:59,hit_1305_20260730_165259.csv,512,DEFECT,HIGH,0,66,110,555,500000,5494607,5494607,-3488369,1116487.6,,307,248,坏棒 总长1002mm 任意重度 铁头 307
1306,16:53:00,hit_1306_20260730_165300.csv,512,DEFECT,HIGH,0,66,111,550,500000,5023212,5023212,-3534047,844770.0,,307,243,坏棒 总长1002mm 任意重度 铁头 307
1307,16:53:00,hit_1307_20260730_165300.csv,512,DEFECT,HIGH,0,23,114,223,500000,4722488,3618534,-4722488,-44113.3,,307,-84,坏棒 总长1002mm 任意重度 铁头 307
1308,16:53:00,hit_1308_20260730_165300.csv,512,DEFECT,HIGH,0,65,109,551,500000,5245034,5245034,-3531235,1012510.7,,307,244,坏棒 总长1002mm 任意重度 铁头 307
1309,16:53:01,hit_1309_20260730_165301.csv,512,DEFECT,HIGH,0,61,108,515,500000,4632915,4632915,-3315687,1099036.5,,307,208,坏棒 总长1002mm 任意重度 铁头 307
1310,16:53:01,hit_1310_20260730_165301.csv,512,NORMAL,HIGH,0,0,108,0,500000,5281792,5281792,-2513190,1604230.7,,307,,坏棒 总长1002mm 任意重度 铁头 307
1311,16:53:01,hit_1311_20260730_165301.csv,512,DEFECT,HIGH,0,29,108,298,500000,4722302,4722302,-3695639,352127.6,,307,-9,坏棒 总长1002mm 任意重度 铁头 307
1312,16:53:02,hit_1312_20260730_165302.csv,512,DEFECT,HIGH,0,71,109,612,500000,5175083,5175083,-2949711,1034339.1,,307,305,坏棒 总长1002mm 任意重度 铁头 307
1313,16:53:02,hit_1313_20260730_165302.csv,512,NORMAL,HIGH,0,0,108,0,500000,5176400,5176400,-2610756,1344568.4,,307,,坏棒 总长1002mm 任意重度 铁头 307
1314,16:53:02,hit_1314_20260730_165302.csv,512,NORMAL,HIGH,0,0,108,0,500000,4964805,4964805,-2701358,1059779.2,,307,,坏棒 总长1002mm 任意重度 铁头 307
1315,16:53:03,hit_1315_20260730_165303.csv,512,DEFECT,HIGH,0,71,111,600,500000,4955900,4955900,-4286808,728803.0,,307,293,坏棒 总长1002mm 任意重度 铁头 307
1316,16:53:03,hit_1316_20260730_165303.csv,512,DEFECT,HIGH,0,63,109,530,500000,5718190,5718190,-3104262,1269882.3,,307,223,坏棒 总长1002mm 任意重度 铁头 307
1317,16:53:03,hit_1317_20260730_165303.csv,512,NORMAL,HIGH,0,0,108,0,500000,5293231,5293231,-2212594,1672711.4,,307,,坏棒 总长1002mm 任意重度 铁头 307
1318,16:53:04,hit_1318_20260730_165304.csv,512,NORMAL,HIGH,0,0,108,0,500000,5339084,5339084,-2378788,1488965.3,,307,,坏棒 总长1002mm 任意重度 铁头 307
1319,16:53:04,hit_1319_20260730_165304.csv,512,DEFECT,HIGH,0,26,108,268,500000,4901351,4901351,-3449148,463826.4,,307,-39,坏棒 总长1002mm 任意重度 铁头 307
1320,16:53:04,hit_1320_20260730_165304.csv,512,DEFECT,HIGH,0,34,112,336,500000,4710041,4121466,-4710041,-433267.2,,307,29,坏棒 总长1002mm 任意重度 铁头 307
1321,16:53:05,hit_1321_20260730_165305.csv,512,DEFECT,HIGH,0,67,108,577,500000,4810497,4810497,-3802634,851388.5,,307,270,坏棒 总长1002mm 任意重度 铁头 307
1322,16:53:05,hit_1322_20260730_165305.csv,512,DEFECT,HIGH,0,62,108,525,500000,5042902,5042902,-3341835,1013024.8,,307,218,坏棒 总长1002mm 任意重度 铁头 307
1323,16:53:05,hit_1323_20260730_165305.csv,512,DEFECT,HIGH,0,67,111,560,500000,4906331,4906331,-3865035,511754.8,,307,253,坏棒 总长1002mm 任意重度 铁头 307
1324,16:53:06,hit_1324_20260730_165306.csv,512,DEFECT,HIGH,0,69,115,557,500000,4262279,4015759,-4262279,310494.1,,307,250,坏棒 总长1002mm 任意重度 铁头 307
1325,16:53:06,hit_1325_20260730_165306.csv,512,DEFECT,HIGH,0,70,114,572,500000,4167342,3993017,-4167342,349500.6,,307,265,坏棒 总长1002mm 任意重度 铁头 307
1326,16:53:07,hit_1326_20260730_165307.csv,512,DEFECT,HIGH,0,66,114,533,500000,5283992,5283992,-3479708,1132451.6,,307,226,坏棒 总长1002mm 任意重度 铁头 307
1327,16:53:07,hit_1327_20260730_165307.csv,512,DEFECT,HIGH,0,39,113,382,500000,5707828,5707828,-2826236,2068492.3,,307,75,坏棒 总长1002mm 任意重度 铁头 307
1328,16:53:07,hit_1328_20260730_165307.csv,512,DEFECT,HIGH,0,68,112,564,500000,4613356,4613356,-3900620,586500.2,,307,257,坏棒 总长1002mm 任意重度 铁头 307
1329,16:53:08,hit_1329_20260730_165308.csv,512,DEFECT,HIGH,0,21,112,207,500000,4257135,4032326,-4257135,191740.6,,307,-100,坏棒 总长1002mm 任意重度 铁头 307
1330,16:53:08,hit_1330_20260730_165308.csv,512,DEFECT,HIGH,0,67,108,577,500000,4522623,4522623,-3916149,419869.3,,307,270,坏棒 总长1002mm 任意重度 铁头 307
1331,16:53:08,hit_1331_20260730_165308.csv,512,DEFECT,HIGH,0,66,108,567,500000,5234252,5234252,-3513798,1597093.8,,307,260,坏棒 总长1002mm 任意重度 铁头 307
1332,16:53:09,hit_1332_20260730_165309.csv,512,DEFECT,HIGH,0,68,109,581,500000,4774341,4774341,-3996707,914475.7,,307,274,坏棒 总长1002mm 任意重度 铁头 307
1333,16:53:09,hit_1333_20260730_165309.csv,512,DEFECT,HIGH,0,24,112,237,500000,4778375,4149472,-4778375,99217.7,,307,-70,坏棒 总长1002mm 任意重度 铁头 307
1334,16:53:09,hit_1334_20260730_165309.csv,512,DEFECT,HIGH,0,70,111,590,500000,4279552,4207164,-4279552,386558.0,,307,283,坏棒 总长1002mm 任意重度 铁头 307
1335,16:53:09,hit_1335_20260730_165309.csv,512,DEFECT,HIGH,0,70,113,578,500000,4076770,3884201,-4076770,327432.4,,307,271,坏棒 总长1002mm 任意重度 铁头 307
1336,16:53:10,hit_1336_20260730_165310.csv,512,DEFECT,HIGH,0,67,114,543,500000,4928090,4928090,-3770487,865288.0,,307,236,坏棒 总长1002mm 任意重度 铁头 307
1337,16:53:10,hit_1337_20260730_165310.csv,512,DEFECT,HIGH,0,68,115,548,500000,4881021,4881021,-3870724,964636.7,,307,241,坏棒 总长1002mm 任意重度 铁头 307
1338,16:53:11,hit_1338_20260730_165311.csv,512,DEFECT,HIGH,0,68,112,564,500000,5514043,5514043,-3720749,1334678.3,,307,257,坏棒 总长1002mm 任意重度 铁头 307
1339,16:53:11,hit_1339_20260730_165311.csv,512,DEFECT,HIGH,0,70,112,584,500000,4197224,4197224,-4172966,489727.1,,307,277,坏棒 总长1002mm 任意重度 铁头 307
1340,16:53:11,hit_1340_20260730_165311.csv,512,DEFECT,HIGH,0,71,113,588,500000,4476580,4476580,-4247545,633128.2,,307,281,坏棒 总长1002mm 任意重度 铁头 307
1341,16:53:11,hit_1341_20260730_165311.csv,512,DEFECT,HIGH,0,62,112,455,500000,5065402,5065402,-3064938,1273228.1,,307,148,坏棒 总长1002mm 任意重度 铁头 307
1342,16:53:12,hit_1342_20260730_165312.csv,512,DEFECT,HIGH,0,67,108,577,500000,4666797,4666797,-3737324,676084.2,,307,270,坏棒 总长1002mm 任意重度 铁头 307
1343,16:53:12,hit_1343_20260730_165312.csv,512,NORMAL,HIGH,0,0,108,0,500000,5083822,5083822,-2426313,1286917.2,,307,,坏棒 总长1002mm 任意重度 铁头 307
1344,16:53:12,hit_1344_20260730_165312.csv,512,NORMAL,HIGH,0,0,108,0,500000,5573411,5573411,-2166083,2009906.6,,307,,坏棒 总长1002mm 任意重度 铁头 307
1345,16:53:13,hit_1345_20260730_165313.csv,512,DEFECT,HIGH,0,63,108,536,500000,5562314,5562314,-3369011,1559169.2,,307,229,坏棒 总长1002mm 任意重度 铁头 307
1346,16:53:13,hit_1346_20260730_165313.csv,512,DEFECT,HIGH,0,69,109,591,500000,4282685,4172844,-4282685,194177.7,,307,284,坏棒 总长1002mm 任意重度 铁头 307
1347,16:53:13,hit_1347_20260730_165313.csv,512,DEFECT,HIGH,0,70,112,584,500000,4392735,4392735,-4067894,467974.3,,307,277,坏棒 总长1002mm 任意重度 铁头 307
1348,16:53:14,hit_1348_20260730_165314.csv,512,DEFECT,HIGH,0,70,114,572,500000,4794903,4794903,-4079475,640955.8,,307,265,坏棒 总长1002mm 任意重度 铁头 307
1349,16:53:14,hit_1349_20260730_165314.csv,512,DEFECT,HIGH,0,70,115,567,500000,4230349,3997156,-4230349,353092.7,,307,260,坏棒 总长1002mm 任意重度 铁头 307
1350,16:53:14,hit_1350_20260730_165314.csv,512,DEFECT,HIGH,0,24,115,230,500000,4816444,4280876,-4816444,184779.7,,307,-77,坏棒 总长1002mm 任意重度 铁头 307
1351,16:53:14,hit_1351_20260730_165314.csv,512,DEFECT,HIGH,0,68,116,542,500000,5578971,5578971,-3720917,1908624.4,,307,235,坏棒 总长1002mm 任意重度 铁头 307
1352,16:53:15,hit_1352_20260730_165315.csv,512,DEFECT,HIGH,0,68,115,548,500000,4258001,4258001,-3987538,474743.6,,307,241,坏棒 总长1002mm 任意重度 铁头 307
1353,16:53:15,hit_1353_20260730_165315.csv,512,DEFECT,HIGH,0,38,116,361,500000,4549570,4549570,-3750352,970547.3,,307,54,坏棒 总长1002mm 任意重度 铁头 307
1354,16:53:15,hit_1354_20260730_165315.csv,512,DEFECT,HIGH,0,71,117,566,500000,4502195,4502195,-4161499,540561.5,,307,259,坏棒 总长1002mm 任意重度 铁头 307
1355,16:53:16,hit_1355_20260730_165316.csv,512,DEFECT,HIGH,0,66,111,550,500000,5547416,5547416,-3568889,1271987.1,,307,243,坏棒 总长1002mm 任意重度 铁头 307
1356,16:53:16,hit_1356_20260730_165316.csv,512,DEFECT,HIGH,0,68,110,575,500000,5486895,5486895,-3681878,996633.0,,307,268,坏棒 总长1002mm 任意重度 铁头 307
1357,16:53:16,hit_1357_20260730_165316.csv,512,DEFECT,HIGH,0,65,110,545,500000,5789117,5789117,-3301843,1545200.1,,307,238,坏棒 总长1002mm 任意重度 铁头 307
1358,16:53:17,hit_1358_20260730_165317.csv,512,DEFECT,HIGH,0,71,112,594,500000,4543513,4523727,-4543513,369593.8,,307,287,坏棒 总长1002mm 任意重度 铁头 307
1359,16:53:17,hit_1359_20260730_165317.csv,512,DEFECT,HIGH,0,61,108,515,500000,4836001,4836001,-3124131,1443149.5,,307,208,坏棒 总长1002mm 任意重度 铁头 307
1360,16:53:17,hit_1360_20260730_165317.csv,512,DEFECT,HIGH,0,62,113,451,500000,4714282,4714282,-3110167,722835.3,,307,144,坏棒 总长1002mm 任意重度 铁头 307
1361,16:53:18,hit_1361_20260730_165318.csv,512,DEFECT,HIGH,0,69,110,585,500000,4630125,4630125,-3366274,462038.1,,307,278,坏棒 总长1002mm 任意重度 铁头 307
1362,16:53:18,hit_1362_20260730_165318.csv,512,DEFECT,HIGH,0,62,108,525,500000,5642405,5642405,-3325085,1316783.4,,307,218,坏棒 总长1002mm 任意重度 铁头 307
1363,16:53:18,hit_1363_20260730_165318.csv,512,DEFECT,HIGH,0,67,111,560,500000,5267352,5267352,-3707487,927389.4,,307,253,坏棒 总长1002mm 任意重度 铁头 307
1364,16:53:18,hit_1364_20260730_165318.csv,512,DEFECT,HIGH,0,67,112,554,500000,5410561,5410561,-3590355,1157081.3,,307,247,坏棒 总长1002mm 任意重度 铁头 307
1365,16:53:19,hit_1365_20260730_165319.csv,512,DEFECT,HIGH,0,43,117,405,500000,5427037,5427037,-4111528,1478330.2,,307,98,坏棒 总长1002mm 任意重度 铁头 307
1366,16:53:26,hit_1366_20260730_165326.csv,512,DEFECT,HIGH,0,65,111,540,500000,5929136,5929136,-3480082,1554404.0,,307,233,坏棒 总长1002mm 任意重度 铁头 307
1367,16:53:26,hit_1367_20260730_165326.csv,512,DEFECT,HIGH,0,63,110,525,500000,6091279,6091279,-3093968,1992871.7,,307,218,坏棒 总长1002mm 任意重度 铁头 307
1368,16:53:27,hit_1368_20260730_165327.csv,512,DEFECT,HIGH,0,64,110,535,500000,5665327,5665327,-3233322,1422813.3,,307,228,坏棒 总长1002mm 任意重度 铁头 307
1369,16:53:27,hit_1369_20260730_165327.csv,512,DEFECT,HIGH,0,65,111,540,500000,5243045,5243045,-3232191,1060857.6,,307,233,坏棒 总长1002mm 任意重度 铁头 307
1370,16:53:28,hit_1370_20260730_165328.csv,512,DEFECT,HIGH,0,66,110,555,500000,4974770,4974770,-3599721,723681.3,,307,248,坏棒 总长1002mm 任意重度 铁头 307
1371,16:53:30,hit_1371_20260730_165330.csv,512,DEFECT,HIGH,0,65,111,540,500000,5717767,5717767,-3266620,1487154.3,,307,233,坏棒 总长1002mm 任意重度 铁头 307
1372,16:53:31,hit_1372_20260730_165331.csv,512,DEFECT,HIGH,0,66,112,544,500000,5041822,5041822,-3743921,866741.1,,307,237,坏棒 总长1002mm 任意重度 铁头 307
1373,16:53:31,hit_1373_20260730_165331.csv,512,DEFECT,HIGH,0,63,108,536,500000,5867803,5867803,-3157990,1303689.2,,307,229,坏棒 总长1002mm 任意重度 铁头 307
1374,16:53:32,hit_1374_20260730_165332.csv,512,DEFECT,HIGH,0,21,111,210,500000,5025638,5025638,-4243701,387255.3,,307,-97,坏棒 总长1002mm 任意重度 铁头 307
1375,16:53:32,hit_1375_20260730_165332.csv,512,DEFECT,HIGH,0,34,109,346,500000,5987489,5987489,-3596193,1192620.2,,307,39,坏棒 总长1002mm 任意重度 铁头 307
1376,16:53:33,hit_1376_20260730_165333.csv,512,DEFECT,HIGH,0,26,113,254,500000,5014027,4255759,-5014027,-78699.8,,307,-53,坏棒 总长1002mm 任意重度 铁头 307
1377,16:53:33,hit_1377_20260730_165333.csv,512,DEFECT,HIGH,0,71,113,588,500000,5651791,5651791,-4421582,815894.8,,307,281,坏棒 总长1002mm 任意重度 铁头 307
1378,16:53:33,hit_1378_20260730_165333.csv,512,DEFECT,HIGH,0,67,110,565,500000,4159770,4159770,-3948824,357105.9,,307,258,坏棒 总长1002mm 任意重度 铁头 307
1379,16:53:34,hit_1379_20260730_165334.csv,512,DEFECT,HIGH,0,63,108,536,500000,6229304,6229304,-3007161,1765350.5,,307,229,坏棒 总长1002mm 任意重度 铁头 307
1380,16:53:34,hit_1380_20260730_165334.csv,512,DEFECT,HIGH,0,64,108,546,500000,6136553,6136553,-3295928,1566948.1,,307,239,坏棒 总长1002mm 任意重度 铁头 307
1381,16:53:35,hit_1381_20260730_165335.csv,512,DEFECT,HIGH,0,66,110,555,500000,6111525,6111525,-3344810,1536302.1,,307,248,坏棒 总长1002mm 任意重度 铁头 307
1382,16:53:35,hit_1382_20260730_165335.csv,512,DEFECT,HIGH,0,67,109,571,500000,5655584,5655584,-3877328,1017516.3,,307,264,坏棒 总长1002mm 任意重度 铁头 307
1383,16:53:35,hit_1383_20260730_165335.csv,512,DEFECT,HIGH,0,70,111,590,500000,4680808,4680808,-4369517,450966.0,,307,283,坏棒 总长1002mm 任意重度 铁头 307
1384,16:53:36,hit_1384_20260730_165336.csv,512,DEFECT,HIGH,0,64,108,546,500000,5164027,5164027,-3321617,1218149.4,,307,239,坏棒 总长1002mm 任意重度 铁头 307
1385,16:53:36,hit_1385_20260730_165336.csv,512,DEFECT,HIGH,0,62,108,525,500000,5290915,5290915,-3257713,1356543.9,,307,218,坏棒 总长1002mm 任意重度 铁头 307
1386,16:53:36,hit_1386_20260730_165336.csv,512,DEFECT,HIGH,0,62,112,504,500000,4867949,4867949,-2833307,1351076.2,,307,197,坏棒 总长1002mm 任意重度 铁头 307
1387,16:53:37,hit_1387_20260730_165337.csv,512,NORMAL,HIGH,0,0,111,0,500000,3997159,3997159,-3508614,536251.9,,307,,坏棒 总长1002mm 任意重度 铁头 307
1388,16:53:37,hit_1388_20260730_165337.csv,512,DEFECT,HIGH,0,63,111,520,500000,5663394,5663394,-3142116,1502281.1,,307,213,坏棒 总长1002mm 任意重度 铁头 307
1389,16:53:38,hit_1389_20260730_165338.csv,512,DEFECT,HIGH,0,65,110,545,500000,5386124,5386124,-3375554,1050458.1,,307,238,坏棒 总长1002mm 任意重度 铁头 307
1390,16:53:38,hit_1390_20260730_165338.csv,512,DEFECT,HIGH,0,21,115,201,500000,4440892,3867572,-4440892,193712.0,,307,-106,坏棒 总长1002mm 任意重度 铁头 307
1391,16:53:38,hit_1391_20260730_165338.csv,512,DEFECT,HIGH,0,40,113,392,500000,5649462,5649462,-3160115,1623894.2,,307,85,坏棒 总长1002mm 任意重度 铁头 307
1392,16:53:39,hit_1392_20260730_165339.csv,512,DEFECT,HIGH,0,69,115,557,500000,4010450,2964888,-4010450,27477.9,,307,250,坏棒 总长1002mm 任意重度 铁头 307
1393,16:53:39,hit_1393_20260730_165339.csv,512,NORMAL,HIGH,0,0,112,0,500000,4505117,4505117,-3519491,744855.4,,307,,坏棒 总长1002mm 任意重度 铁头 307
1394,16:53:39,hit_1394_20260730_165339.csv,512,DEFECT,HIGH,0,69,112,574,500000,5249455,5249455,-3725118,1002171.7,,307,267,坏棒 总长1002mm 任意重度 铁头 307
1395,16:53:40,hit_1395_20260730_165340.csv,512,DEFECT,HIGH,0,62,111,510,500000,6314072,6314072,-2842878,2367238.8,,307,203,坏棒 总长1002mm 任意重度 铁头 307
1396,16:53:40,hit_1396_20260730_165340.csv,512,DEFECT,HIGH,0,67,112,554,500000,5158124,5158124,-3693360,943467.3,,307,247,坏棒 总长1002mm 任意重度 铁头 307
1397,16:53:40,hit_1397_20260730_165340.csv,512,DEFECT,HIGH,0,68,112,564,500000,4434723,4434723,-4073086,565702.4,,307,257,坏棒 总长1002mm 任意重度 铁头 307
1398,16:53:41,hit_1398_20260730_165341.csv,512,DEFECT,HIGH,0,66,111,550,500000,4808258,4808258,-3582073,1001756.4,,307,243,坏棒 总长1002mm 任意重度 铁头 307
1399,16:53:41,hit_1399_20260730_165341.csv,512,DEFECT,HIGH,0,66,111,550,500000,4645689,4645689,-3585838,1077500.5,,307,243,坏棒 总长1002mm 任意重度 铁头 307
1400,16:53:41,hit_1400_20260730_165341.csv,512,DEFECT,HIGH,0,68,111,570,500000,5052824,5052824,-3599160,1213629.9,,307,263,坏棒 总长1002mm 任意重度 铁头 307
1401,16:53:42,hit_1401_20260730_165342.csv,512,DEFECT,HIGH,0,67,114,500,500000,5527334,5527334,-971871,2484286.0,,307,193,坏棒 总长1002mm 任意重度 铁头 307
1402,16:53:42,hit_1402_20260730_165342.csv,512,DEFECT,HIGH,0,66,116,486,500000,4858149,4858149,-3896720,767589.5,,307,179,坏棒 总长1002mm 任意重度 铁头 307
1403,16:53:42,hit_1403_20260730_165342.csv,512,DEFECT,HIGH,0,32,112,310,500000,5027161,5027161,-2414674,1180238.5,,307,3,坏棒 总长1002mm 任意重度 铁头 307
1404,16:53:43,hit_1404_20260730_165343.csv,512,DEFECT,HIGH,0,64,109,540,500000,5544647,5544647,-3069093,1223994.8,,307,233,坏棒 总长1002mm 任意重度 铁头 307
1405,16:53:43,hit_1405_20260730_165343.csv,512,DEFECT,HIGH,0,21,114,203,500000,4333030,3901902,-4333030,162497.9,,307,-104,坏棒 总长1002mm 任意重度 铁头 307
1406,16:53:43,hit_1406_20260730_165343.csv,512,DEFECT,HIGH,0,65,113,529,500000,5161114,5161114,-3315999,1059718.1,,307,222,坏棒 总长1002mm 任意重度 铁头 307
1407,16:53:44,hit_1407_20260730_165344.csv,512,DEFECT,HIGH,0,64,112,524,500000,5291680,5291680,-3055236,1191073.0,,307,217,坏棒 总长1002mm 任意重度 铁头 307
1408,16:53:44,hit_1408_20260730_165344.csv,512,DEFECT,HIGH,0,66,114,533,500000,5455862,5455862,-3370796,1429657.3,,307,226,坏棒 总长1002mm 任意重度 铁头 307
1409,16:53:44,hit_1409_20260730_165344.csv,512,DEFECT,HIGH,0,68,115,548,500000,4894265,4894265,-3695402,853567.7,,307,241,坏棒 总长1002mm 任意重度 铁头 307
1410,16:53:45,hit_1410_20260730_165345.csv,512,DEFECT,HIGH,0,69,113,568,500000,4383211,4383211,-3918765,531750.0,,307,261,坏棒 总长1002mm 任意重度 铁头 307
1411,16:53:45,hit_1411_20260730_165345.csv,512,DEFECT,HIGH,0,70,113,578,500000,4673295,4673295,-4057527,690944.6,,307,271,坏棒 总长1002mm 任意重度 铁头 307
1412,16:53:45,hit_1412_20260730_165345.csv,512,DEFECT,HIGH,0,23,115,221,500000,4665934,3870929,-4665934,166399.5,,307,-86,坏棒 总长1002mm 任意重度 铁头 307
1413,16:53:45,hit_1413_20260730_165345.csv,512,DEFECT,HIGH,0,64,112,524,500000,5463782,5463782,-3219605,1363788.5,,307,217,坏棒 总长1002mm 任意重度 铁头 307
1414,16:53:46,hit_1414_20260730_165346.csv,512,DEFECT,HIGH,0,68,112,564,500000,4800470,4800470,-3751019,870570.8,,307,257,坏棒 总长1002mm 任意重度 铁头 307
1415,16:53:46,hit_1415_20260730_165346.csv,512,DEFECT,HIGH,0,38,117,355,500000,6522353,6522353,-2622903,2459643.1,,307,48,坏棒 总长1002mm 任意重度 铁头 307
1416,16:53:46,hit_1416_20260730_165346.csv,512,DEFECT,HIGH,0,39,117,367,500000,7524041,7524041,-2811079,2860771.5,,307,60,坏棒 总长1002mm 任意重度 铁头 307
1417,16:53:47,hit_1417_20260730_165347.csv,512,DEFECT,HIGH,0,68,115,548,500000,3984153,3984153,-3962144,456662.5,,307,241,坏棒 总长1002mm 任意重度 铁头 307
1418,16:53:47,hit_1418_20260730_165347.csv,512,DEFECT,HIGH,0,63,112,514,500000,5438375,5438375,-3078157,1630931.5,,307,207,坏棒 总长1002mm 任意重度 铁头 307
1419,16:53:47,hit_1419_20260730_165347.csv,512,DEFECT,HIGH,0,66,113,539,500000,5139799,5139799,-3572686,953001.5,,307,232,坏棒 总长1002mm 任意重度 铁头 307
1420,16:53:47,hit_1420_20260730_165347.csv,512,DEFECT,HIGH,0,64,112,524,500000,5190248,5190248,-3373009,1063233.7,,307,217,坏棒 总长1002mm 任意重度 铁头 307
1421,16:53:48,hit_1421_20260730_165348.csv,512,DEFECT,HIGH,0,63,112,514,500000,5260890,5260890,-3019891,1367348.4,,307,207,坏棒 总长1002mm 任意重度 铁头 307
1422,16:53:48,hit_1422_20260730_165348.csv,512,DEFECT,HIGH,0,38,112,376,500000,5441616,5441616,-2991245,1773720.7,,307,69,坏棒 总长1002mm 任意重度 铁头 307
1423,16:53:49,hit_1423_20260730_165349.csv,512,DEFECT,HIGH,0,68,116,647,500000,5970437,5970437,-3654641,2332130.4,,307,340,坏棒 总长1002mm 任意重度 铁头 307
1424,16:53:49,hit_1424_20260730_165349.csv,512,DEFECT,HIGH,0,66,114,640,500000,5957794,5957794,-3055176,2180750.9,,307,333,坏棒 总长1002mm 任意重度 铁头 307
1425,16:53:49,hit_1425_20260730_165349.csv,512,DEFECT,HIGH,0,63,112,514,500000,5876409,5876409,-2949619,1981788.2,,307,207,坏棒 总长1002mm 任意重度 铁头 307
1426,16:53:50,hit_1426_20260730_165350.csv,512,DEFECT,HIGH,0,63,112,514,500000,5686010,5686010,-3039881,1701645.3,,307,207,坏棒 总长1002mm 任意重度 铁头 307
1427,16:53:50,hit_1427_20260730_165350.csv,512,DEFECT,HIGH,0,62,118,476,500000,5771979,5771979,-2862259,2025548.3,,307,169,坏棒 总长1002mm 任意重度 铁头 307
1428,16:53:50,hit_1428_20260730_165350.csv,512,DEFECT,HIGH,0,61,116,467,500000,6684739,6684739,-2532276,2617883.0,,307,160,坏棒 总长1002mm 任意重度 铁头 307
1429,16:53:51,hit_1429_20260730_165351.csv,512,DEFECT,HIGH,0,38,117,355,500000,6330836,6330836,-2713754,2389163.2,,307,48,坏棒 总长1002mm 任意重度 铁头 307
1430,16:53:51,hit_1430_20260730_165351.csv,512,DEFECT,HIGH,0,38,112,356,500000,5442039,5442039,-3313244,1454145.4,,307,49,坏棒 总长1002mm 任意重度 铁头 307
1431,16:53:51,hit_1431_20260730_165351.csv,512,DEFECT,HIGH,0,64,112,524,500000,5860650,5860650,-3068020,2077717.5,,307,217,坏棒 总长1002mm 任意重度 铁头 307
1432,16:53:52,hit_1432_20260730_165352.csv,512,DEFECT,HIGH,0,64,112,524,500000,5974710,5974710,-3096101,1936010.6,,307,217,坏棒 总长1002mm 任意重度 铁头 307
1433,16:53:52,hit_1433_20260730_165352.csv,512,DEFECT,HIGH,0,65,111,540,500000,5727604,5727604,-3282836,1417162.9,,307,233,坏棒 总长1002mm 任意重度 铁头 307
1434,16:53:52,hit_1434_20260730_165352.csv,512,DEFECT,HIGH,0,64,112,524,500000,5716537,5716537,-3144590,1833105.3,,307,217,坏棒 总长1002mm 任意重度 铁头 307
1435,16:53:53,hit_1435_20260730_165353.csv,512,DEFECT,HIGH,0,39,113,382,500000,5895747,5895747,-3006185,2139871.3,,307,75,坏棒 总长1002mm 任意重度 铁头 307
1436,16:53:53,hit_1436_20260730_165353.csv,512,DEFECT,HIGH,0,38,114,368,500000,5481417,5481417,-3557407,1381283.6,,307,61,坏棒 总长1002mm 任意重度 铁头 307
1437,16:53:53,hit_1437_20260730_165353.csv,512,DEFECT,HIGH,0,63,112,514,500000,5687740,5687740,-2853406,1707880.8,,307,207,坏棒 总长1002mm 任意重度 铁头 307
1438,16:53:54,hit_1438_20260730_165354.csv,512,DEFECT,HIGH,0,39,112,386,500000,6052428,6052428,-2873758,2278556.9,,307,79,坏棒 总长1002mm 任意重度 铁头 307
1439,16:53:54,hit_1439_20260730_165354.csv,512,DEFECT,HIGH,0,67,113,549,500000,5666386,5666386,-3658357,1235252.3,,307,242,坏棒 总长1002mm 任意重度 铁头 307
1440,16:53:54,hit_1440_20260730_165354.csv,512,DEFECT,HIGH,0,67,112,554,500000,5751752,5751752,-3758518,1198923.5,,307,247,坏棒 总长1002mm 任意重度 铁头 307
1441,16:53:55,hit_1441_20260730_165355.csv,512,DEFECT,HIGH,0,62,117,476,500000,5984370,5984370,-2664164,2115274.4,,307,169,坏棒 总长1002mm 任意重度 铁头 307
1442,16:53:55,hit_1442_20260730_165355.csv,512,DEFECT,HIGH,0,70,114,572,500000,4593586,4593586,-4232006,477650.3,,307,265,坏棒 总长1002mm 任意重度 铁头 307
1443,16:53:55,hit_1443_20260730_165355.csv,512,DEFECT,HIGH,0,64,113,519,500000,5717575,5717575,-3047355,1828670.6,,307,212,坏棒 总长1002mm 任意重度 铁头 307
1444,16:53:56,hit_1444_20260730_165356.csv,512,DEFECT,HIGH,0,68,114,553,500000,4732467,4732467,-3763261,809580.5,,307,246,坏棒 总长1002mm 任意重度 铁头 307
1445,16:53:56,hit_1445_20260730_165356.csv,512,DEFECT,HIGH,0,66,111,550,500000,5791376,5791376,-3212809,1617137.2,,307,243,坏棒 总长1002mm 任意重度 铁头 307
1446,16:53:56,hit_1446_20260730_165356.csv,512,DEFECT,HIGH,0,63,111,520,500000,5697101,5697101,-2965353,1708850.8,,307,213,坏棒 总长1002mm 任意重度 铁头 307
1447,16:53:58,hit_1447_20260730_165358.csv,512,DEFECT,HIGH,0,69,111,580,500000,4288522,4288522,-4053126,469682.9,,307,273,坏棒 总长1002mm 任意重度 铁头 307
1448,16:53:59,hit_1448_20260730_165359.csv,512,DEFECT,HIGH,0,68,112,564,500000,5189339,5189339,-3910442,929039.9,,307,257,坏棒 总长1002mm 任意重度 铁头 307
1449,16:53:59,hit_1449_20260730_165359.csv,512,DEFECT,HIGH,0,70,111,590,500000,4722027,4722027,-4147271,595861.1,,307,283,坏棒 总长1002mm 任意重度 铁头 307
1450,16:53:59,hit_1450_20260730_165359.csv,512,DEFECT,HIGH,0,70,110,595,500000,4770359,4770359,-4304446,542015.1,,307,288,坏棒 总长1002mm 任意重度 铁头 307
1451,16:54:00,hit_1451_20260730_165400.csv,512,DEFECT,HIGH,0,65,108,556,500000,4517669,4517669,-3505683,735522.3,,307,249,坏棒 总长1002mm 任意重度 铁头 307
1452,16:54:00,hit_1452_20260730_165400.csv,512,DEFECT,HIGH,0,67,110,565,500000,4687287,4687287,-3661488,940546.6,,307,258,坏棒 总长1002mm 任意重度 铁头 307
1453,16:54:00,hit_1453_20260730_165400.csv,512,DEFECT,HIGH,0,65,108,556,500000,4636173,4636173,-3415270,966887.8,,307,249,坏棒 总长1002mm 任意重度 铁头 307
1454,16:54:01,hit_1454_20260730_165401.csv,512,NORMAL,HIGH,0,0,109,0,500000,4135144,4135144,-3701573,393785.9,,307,,坏棒 总长1002mm 任意重度 铁头 307
1455,16:54:01,hit_1455_20260730_165401.csv,512,DEFECT,HIGH,0,21,111,210,500000,4538382,4139623,-4538382,172096.3,,307,-97,坏棒 总长1002mm 任意重度 铁头 307
1456,16:54:01,hit_1456_20260730_165401.csv,512,DEFECT,HIGH,0,63,108,536,500000,4751477,4751477,-3572320,1071952.6,,307,229,坏棒 总长1002mm 任意重度 铁头 307
1457,16:54:02,hit_1457_20260730_165402.csv,512,DEFECT,HIGH,0,66,108,567,500000,4535668,4535668,-3560614,753466.6,,307,260,坏棒 总长1002mm 任意重度 铁头 307
1458,16:54:02,hit_1458_20260730_165402.csv,512,DEFECT,HIGH,0,67,108,577,500000,4292219,4292219,-3991607,23693.9,,307,270,坏棒 总长1002mm 任意重度 铁头 307
1459,16:54:02,hit_1459_20260730_165402.csv,512,DEFECT,HIGH,0,68,109,581,500000,4355971,4355971,-3998348,495977.7,,307,274,坏棒 总长1002mm 任意重度 铁头 307
1460,16:54:03,hit_1460_20260730_165403.csv,512,DEFECT,HIGH,0,64,113,469,500000,4506675,4506675,-3510961,529908.8,,307,162,坏棒 总长1002mm 任意重度 铁头 307
1461,16:54:03,hit_1461_20260730_165403.csv,512,DEFECT,HIGH,0,65,115,477,500000,3701265,3411863,-3701265,-122563.7,,307,170,坏棒 总长1002mm 任意重度 铁头 307
1462,16:54:03,hit_1462_20260730_165403.csv,512,DEFECT,HIGH,0,68,110,575,500000,3948319,3337591,-3948319,-234529.7,,307,268,坏棒 总长1002mm 任意重度 铁头 307
1463,16:54:03,hit_1463_20260730_165403.csv,512,DEFECT,HIGH,0,69,110,585,500000,4051813,3868479,-4051813,-32840.8,,307,278,坏棒 总长1002mm 任意重度 铁头 307
1464,16:54:04,hit_1464_20260730_165404.csv,512,DEFECT,HIGH,0,61,109,510,500000,4776389,4776389,-3198157,1114307.5,,307,203,坏棒 总长1002mm 任意重度 铁头 307
1465,16:54:04,hit_1465_20260730_165404.csv,512,DEFECT,HIGH,0,63,112,514,500000,5651105,5651105,-3033072,1461897.6,,307,207,坏棒 总长1002mm 任意重度 铁头 307
1466,16:54:04,hit_1466_20260730_165404.csv,512,NORMAL,HIGH,0,0,112,0,500000,3835292,3636762,-3835292,242823.5,,307,,坏棒 总长1002mm 任意重度 铁头 307
1467,16:54:05,hit_1467_20260730_165405.csv,512,DEFECT,HIGH,0,64,111,530,500000,5189422,5189422,-3244369,929916.1,,307,223,坏棒 总长1002mm 任意重度 铁头 307
1468,16:54:05,hit_1468_20260730_165405.csv,512,DEFECT,HIGH,0,61,115,476,500000,5193172,5193172,-2720490,1055870.6,,307,169,坏棒 总长1002mm 任意重度 铁头 307
1469,16:54:05,hit_1469_20260730_165405.csv,512,DEFECT,HIGH,0,34,113,333,500000,3867862,2775154,-3867862,-40823.7,,307,26,坏棒 总长1002mm 任意重度 铁头 307
1470,16:54:06,hit_1470_20260730_165406.csv,512,NORMAL,HIGH,0,0,112,0,500000,3711939,2985644,-3711939,90307.2,,307,,坏棒 总长1002mm 任意重度 铁头 307
1471,16:54:06,hit_1471_20260730_165406.csv,512,DEFECT,HIGH,0,64,111,530,500000,3908384,3908384,-3249982,475374.1,,307,223,坏棒 总长1002mm 任意重度 铁头 307
1472,16:54:06,hit_1472_20260730_165406.csv,512,DEFECT,HIGH,0,22,112,217,500000,4327094,3053098,-4327094,-418100.8,,307,-90,坏棒 总长1002mm 任意重度 铁头 307
1473,16:54:06,hit_1473_20260730_165406.csv,512,DEFECT,HIGH,0,70,113,619,500000,4284963,4284963,-3559501,207563.5,,307,312,坏棒 总长1002mm 任意重度 铁头 307
1474,16:54:07,hit_1474_20260730_165407.csv,512,DEFECT,HIGH,0,26,109,265,500000,4739083,4739083,-2421044,582579.5,,307,-42,坏棒 总长1002mm 任意重度 铁头 307
1475,16:54:07,hit_1475_20260730_165407.csv,512,DEFECT,HIGH,0,70,109,602,500000,3814795,3814795,-3171936,-38157.8,,307,295,坏棒 总长1002mm 任意重度 铁头 307
1476,16:54:07,hit_1476_20260730_165407.csv,512,DEFECT,HIGH,0,72,109,622,500000,4311591,4311591,-3280201,81459.8,,307,315,坏棒 总长1002mm 任意重度 铁头 307
1477,16:54:08,hit_1477_20260730_165408.csv,512,DEFECT,HIGH,0,100,112,794,500000,3830195,3830195,-3130219,-75862.0,,307,487,坏棒 总长1002mm 任意重度 铁头 307
1478,16:54:08,hit_1478_20260730_165408.csv,512,DEFECT,HIGH,0,70,110,595,500000,3303481,3303481,-3183981,-132102.8,,307,288,坏棒 总长1002mm 任意重度 铁头 307
1479,16:54:08,hit_1479_20260730_165408.csv,512,DEFECT,HIGH,0,72,108,628,500000,4545697,4545697,-3576456,-22560.0,,307,321,坏棒 总长1002mm 任意重度 铁头 307
1480,16:54:08,hit_1480_20260730_165408.csv,512,DEFECT,HIGH,0,63,108,536,500000,4398684,4398684,-3144061,705853.9,,307,229,坏棒 总长1002mm 任意重度 铁头 307
1481,16:54:09,hit_1481_20260730_165409.csv,512,DEFECT,HIGH,0,22,112,217,500000,4424330,3079459,-4424330,-324853.9,,307,-90,坏棒 总长1002mm 任意重度 铁头 307
1482,16:54:09,hit_1482_20260730_165409.csv,512,DEFECT,HIGH,0,67,110,565,500000,4744367,4744367,-3717713,631462.5,,307,258,坏棒 总长1002mm 任意重度 铁头 307
1483,16:54:10,hit_1483_20260730_165410.csv,512,DEFECT,HIGH,0,37,113,362,500000,5093228,5093228,-3748074,800551.8,,307,55,坏棒 总长1002mm 任意重度 铁头 307
1484,16:54:10,hit_1484_20260730_165410.csv,512,DEFECT,HIGH,0,64,111,530,500000,5910560,5910560,-3314581,1384157.3,,307,223,坏棒 总长1002mm 任意重度 铁头 307
1485,16:54:10,hit_1485_20260730_165410.csv,512,DEFECT,HIGH,0,60,115,466,500000,5761547,5761547,-2667187,1429933.7,,307,159,坏棒 总长1002mm 任意重度 铁头 307
1486,16:54:11,hit_1486_20260730_165411.csv,512,NORMAL,HIGH,0,0,114,0,500000,3817635,3410077,-3817635,296745.8,,307,,坏棒 总长1002mm 任意重度 铁头 307
1487,16:54:11,hit_1487_20260730_165411.csv,512,DEFECT,HIGH,0,72,112,603,500000,4471118,4471118,-4260891,542849.1,,307,296,坏棒 总长1002mm 任意重度 铁头 307
1488,16:54:11,hit_1488_20260730_165411.csv,512,DEFECT,HIGH,0,73,111,620,500000,4515194,4515194,-3857753,31618.0,,307,313,坏棒 总长1002mm 任意重度 铁头 307
1489,16:54:12,hit_1489_20260730_165412.csv,512,DEFECT,HIGH,0,25,110,252,500000,4684272,4684272,-3742763,292808.1,,307,-55,坏棒 总长1002mm 任意重度 铁头 307
1490,16:54:12,hit_1490_20260730_165412.csv,512,DEFECT,HIGH,0,66,110,555,500000,4963360,4963360,-3823258,869751.4,,307,248,坏棒 总长1002mm 任意重度 铁头 307
1491,16:54:12,hit_1491_20260730_165412.csv,512,DEFECT,HIGH,0,65,112,534,500000,5753215,5753215,-3255123,1541029.3,,307,227,坏棒 总长1002mm 任意重度 铁头 307
1492,16:54:13,hit_1492_20260730_165413.csv,512,DEFECT,HIGH,0,26,118,242,500000,4666900,2772745,-4666900,-495638.9,,307,-65,坏棒 总长1002mm 任意重度 铁头 307
1493,16:54:13,hit_1493_20260730_165413.csv,512,DEFECT,HIGH,0,70,114,572,500000,4817550,4817550,-4120949,698584.1,,307,265,坏棒 总长1002mm 任意重度 铁头 307
1494,16:54:13,hit_1494_20260730_165413.csv,512,DEFECT,HIGH,0,66,112,544,500000,5371374,5371374,-3437356,1164796.2,,307,237,坏棒 总长1002mm 任意重度 铁头 307
1495,16:54:14,hit_1495_20260730_165414.csv,512,DEFECT,HIGH,0,63,111,520,500000,5824056,5824056,-2999662,1600459.9,,307,213,坏棒 总长1002mm 任意重度 铁头 307
1496,16:54:14,hit_1496_20260730_165414.csv,512,DEFECT,HIGH,0,63,112,514,500000,5852350,5852350,-3048090,1805860.3,,307,207,坏棒 总长1002mm 任意重度 铁头 307
1497,16:54:14,hit_1497_20260730_165414.csv,512,DEFECT,HIGH,0,36,114,349,500000,4631922,4631922,-3696848,652272.5,,307,42,坏棒 总长1002mm 任意重度 铁头 307
1498,16:54:15,hit_1498_20260730_165415.csv,512,DEFECT,HIGH,0,64,112,524,500000,5889649,5889649,-3017480,1558271.7,,307,217,坏棒 总长1002mm 任意重度 铁头 307
1499,16:54:15,hit_1499_20260730_165415.csv,512,DEFECT,HIGH,0,69,111,580,500000,4318582,4318582,-3986843,436536.9,,307,273,坏棒 总长1002mm 任意重度 铁头 307
1500,16:54:16,hit_1500_20260730_165416.csv,512,DEFECT,HIGH,0,66,111,550,500000,5133505,5133505,-3431670,1235462.4,,307,243,坏棒 总长1002mm 任意重度 铁头 307
1501,16:54:16,hit_1501_20260730_165416.csv,512,DEFECT,HIGH,0,66,110,555,500000,4547026,4547026,-3411389,1070808.0,,307,248,坏棒 总长1002mm 任意重度 铁头 307
1502,16:54:16,hit_1502_20260730_165416.csv,512,DEFECT,HIGH,0,64,112,524,500000,5666253,5666253,-3147152,1689646.1,,307,217,坏棒 总长1002mm 任意重度 铁头 307
1503,16:54:17,hit_1503_20260730_165417.csv,512,DEFECT,HIGH,0,68,114,553,500000,4441524,4441524,-3691275,664464.8,,307,246,坏棒 总长1002mm 任意重度 铁头 307
1504,16:54:17,hit_1504_20260730_165417.csv,512,DEFECT,HIGH,0,62,117,476,500000,5729163,5729163,-2814715,2179614.8,,307,169,坏棒 总长1002mm 任意重度 铁头 307
1505,16:54:17,hit_1505_20260730_165417.csv,512,DEFECT,HIGH,0,65,109,551,500000,5225590,5225590,-3529992,1044929.3,,307,244,坏棒 总长1002mm 任意重度 铁头 307
1506,16:54:18,hit_1506_20260730_165418.csv,512,DEFECT,HIGH,0,61,108,515,500000,4846402,4846402,-3338360,1065768.2,,307,208,坏棒 总长1002mm 任意重度 铁头 307
1507,16:54:18,hit_1507_20260730_165418.csv,512,DEFECT,HIGH,0,63,113,460,500000,4533001,4533001,-3442951,481016.9,,307,153,坏棒 总长1002mm 任意重度 铁头 307
1508,16:54:18,hit_1508_20260730_165418.csv,512,DEFECT,HIGH,0,22,109,224,500000,4495223,4186154,-4495223,-5298.7,,307,-83,坏棒 总长1002mm 任意重度 铁头 307
1509,16:54:19,hit_1509_20260730_165419.csv,512,NORMAL,HIGH,0,0,108,0,500000,3574196,3574196,-3525071,121559.0,,307,,坏棒 总长1002mm 任意重度 铁头 307
1510,16:54:19,hit_1510_20260730_165419.csv,512,DEFECT,HIGH,0,38,112,376,500000,4855040,4855040,-3299013,895309.1,,307,69,坏棒 总长1002mm 任意重度 铁头 307
1511,16:54:19,hit_1511_20260730_165419.csv,512,DEFECT,HIGH,0,37,112,366,500000,5213929,5213929,-3693602,838025.2,,307,59,坏棒 总长1002mm 任意重度 铁头 307
1512,16:54:20,hit_1512_20260730_165420.csv,512,DEFECT,HIGH,0,66,110,555,500000,5736863,5736863,-3354168,1233487.7,,307,248,坏棒 总长1002mm 任意重度 铁头 307
1513,16:54:20,hit_1513_20260730_165420.csv,512,DEFECT,HIGH,0,39,114,378,500000,4851430,4851430,-4038817,628538.7,,307,71,坏棒 总长1002mm 任意重度 铁头 307
1514,16:54:20,hit_1514_20260730_165420.csv,512,DEFECT,HIGH,0,67,114,543,500000,5122002,5122002,-3798757,984478.3,,307,236,坏棒 总长1002mm 任意重度 铁头 307
1515,16:54:21,hit_1515_20260730_165421.csv,512,DEFECT,HIGH,0,66,112,544,500000,5395541,5395541,-3439611,1212494.4,,307,237,坏棒 总长1002mm 任意重度 铁头 307
1516,16:54:21,hit_1516_20260730_165421.csv,512,DEFECT,HIGH,0,68,112,564,500000,4452502,4452502,-3894737,508784.9,,307,257,坏棒 总长1002mm 任意重度 铁头 307
1517,16:54:21,hit_1517_20260730_165421.csv,512,DEFECT,HIGH,0,70,114,572,500000,4788710,4788710,-3841255,730578.7,,307,265,坏棒 总长1002mm 任意重度 铁头 307
1518,16:54:22,hit_1518_20260730_165422.csv,512,DEFECT,HIGH,0,64,111,530,500000,5904929,5904929,-2957972,1834655.2,,307,223,坏棒 总长1002mm 任意重度 铁头 307
1519,16:54:22,hit_1519_20260730_165422.csv,512,DEFECT,HIGH,0,70,113,578,500000,4198228,3755370,-4198228,257077.9,,307,271,坏棒 总长1002mm 任意重度 铁头 307
1520,16:54:22,hit_1520_20260730_165422.csv,512,DEFECT,HIGH,0,38,117,358,500000,5663648,5663648,-2873877,1903873.7,,307,51,坏棒 总长1002mm 任意重度 铁头 307
1521,16:54:23,hit_1521_20260730_165423.csv,512,DEFECT,HIGH,0,67,111,560,500000,5593355,5593355,-3777971,911463.4,,307,253,坏棒 总长1002mm 任意重度 铁头 307
1522,16:54:23,hit_1522_20260730_165423.csv,512,DEFECT,HIGH,0,64,108,546,500000,4774742,4774742,-3512072,1049652.5,,307,239,坏棒 总长1002mm 任意重度 铁头 307
1523,16:54:23,hit_1523_20260730_165423.csv,512,DEFECT,HIGH,0,68,108,587,500000,4421270,4421270,-4240140,583078.5,,307,280,坏棒 总长1002mm 任意重度 铁头 307
1524,16:54:24,hit_1524_20260730_165424.csv,512,DEFECT,HIGH,0,65,109,551,500000,5361999,5361999,-3356933,1695777.0,,307,244,坏棒 总长1002mm 任意重度 铁头 307
1525,16:54:24,hit_1525_20260730_165424.csv,512,DEFECT,HIGH,0,24,115,230,500000,4738628,3342817,-4738628,-69546.3,,307,-77,坏棒 总长1002mm 任意重度 铁头 307
1526,16:54:25,hit_1526_20260730_165425.csv,512,DEFECT,HIGH,0,66,113,539,500000,5710140,5710140,-3431502,1588604.8,,307,232,坏棒 总长1002mm 任意重度 铁头 307
1527,16:54:25,hit_1527_20260730_165425.csv,512,DEFECT,HIGH,0,65,113,529,500000,5657093,5657093,-3214773,1750603.4,,307,222,坏棒 总长1002mm 任意重度 铁头 307
1528,16:54:25,hit_1528_20260730_165425.csv,512,DEFECT,HIGH,0,65,113,529,500000,5957805,5957805,-3045146,2175795.5,,307,222,坏棒 总长1002mm 任意重度 铁头 307
1529,16:54:26,hit_1529_20260730_165426.csv,512,DEFECT,HIGH,0,65,113,529,500000,5402141,5402141,-3232550,1284001.5,,307,222,坏棒 总长1002mm 任意重度 铁头 307
1530,16:54:26,hit_1530_20260730_165426.csv,512,DEFECT,HIGH,0,65,111,540,500000,5359940,5359940,-3321430,1112688.4,,307,233,坏棒 总长1002mm 任意重度 铁头 307
1531,16:54:26,hit_1531_20260730_165426.csv,512,DEFECT,HIGH,0,72,112,603,500000,4513887,4189220,-4513887,339999.7,,307,296,坏棒 总长1002mm 任意重度 铁头 307
1532,16:54:27,hit_1532_20260730_165427.csv,512,DEFECT,HIGH,0,66,108,567,500000,4637710,4637710,-3639386,658753.8,,307,260,坏棒 总长1002mm 任意重度 铁头 307
1533,16:54:27,hit_1533_20260730_165427.csv,512,DEFECT,HIGH,0,71,113,628,500000,4643154,4643154,-3565169,334036.1,,307,321,坏棒 总长1002mm 任意重度 铁头 307
1534,16:54:28,hit_1534_20260730_165428.csv,512,NORMAL,HIGH,0,0,108,0,500000,5323421,5323421,-2225641,1692741.8,,307,,坏棒 总长1002mm 任意重度 铁头 307
1535,16:54:28,hit_1535_20260730_165428.csv,512,DEFECT,HIGH,0,65,108,556,500000,5311013,5311013,-3051206,1482222.5,,307,249,坏棒 总长1002mm 任意重度 铁头 307
1536,16:54:28,hit_1536_20260730_165428.csv,512,DEFECT,HIGH,0,67,112,554,500000,5562591,5562591,-3592869,1063498.7,,307,247,坏棒 总长1002mm 任意重度 铁头 307
1537,16:54:29,hit_1537_20260730_165429.csv,512,DEFECT,HIGH,0,67,113,549,500000,5481041,5481041,-3624315,1243806.4,,307,242,坏棒 总长1002mm 任意重度 铁头 307
1538,16:54:29,hit_1538_20260730_165429.csv,512,DEFECT,HIGH,0,65,112,534,500000,5823227,5823227,-3239778,1845741.0,,307,227,坏棒 总长1002mm 任意重度 铁头 307
1539,16:54:29,hit_1539_20260730_165429.csv,512,DEFECT,HIGH,0,67,113,549,500000,5604406,5604406,-3515561,1283049.1,,307,242,坏棒 总长1002mm 任意重度 铁头 307
1540,16:54:32,hit_1540_20260730_165432.csv,512,DEFECT,HIGH,0,72,114,592,500000,4861084,4861084,-4424063,554812.1,,307,285,坏棒 总长1002mm 任意重度 铁头 307
1541,16:54:33,hit_1541_20260730_165433.csv,512,DEFECT,LOW,0,27,0,257,500000,1899436,1899436,-1668450,-105915.3,,307,-50,坏棒 总长1002mm 任意重度 铁头 307
1542,16:54:33,hit_1542_20260730_165433.csv,512,DEFECT,HIGH,0,68,111,570,500000,4205053,4205053,-3973169,427571.8,,307,263,坏棒 总长1002mm 任意重度 铁头 307
1543,16:54:34,hit_1543_20260730_165434.csv,512,DEFECT,HIGH,0,67,112,554,500000,4579590,4579590,-3738902,735308.6,,307,247,坏棒 总长1002mm 任意重度 铁头 307
1544,16:54:34,hit_1544_20260730_165434.csv,512,DEFECT,HIGH,0,22,115,211,500000,4465093,3282985,-4465093,-85748.5,,307,-96,坏棒 总长1002mm 任意重度 铁头 307
1545,16:54:34,hit_1545_20260730_165434.csv,512,DEFECT,HIGH,0,21,115,201,500000,4363177,4363177,-4293184,427182.7,,307,-106,坏棒 总长1002mm 任意重度 铁头 307
1546,16:54:35,hit_1546_20260730_165435.csv,512,DEFECT,HIGH,0,68,112,564,500000,5548245,5548245,-3763643,1290250.1,,307,257,坏棒 总长1002mm 任意重度 铁头 307
1547,16:54:35,hit_1547_20260730_165435.csv,512,DEFECT,HIGH,0,22,113,215,500000,4542862,3814657,-4542862,118834.8,,307,-92,坏棒 总长1002mm 任意重度 铁头 307
1548,16:54:35,hit_1548_20260730_165435.csv,512,DEFECT,HIGH,0,67,116,495,500000,4486647,4486647,-3880910,269995.8,,307,188,坏棒 总长1002mm 任意重度 铁头 307
1549,16:54:36,hit_1549_20260730_165436.csv,512,DEFECT,HIGH,0,63,113,460,500000,4825569,4825569,-3074171,941144.9,,307,153,坏棒 总长1002mm 任意重度 铁头 307
1550,16:54:36,hit_1550_20260730_165436.csv,512,DEFECT,HIGH,0,68,112,564,500000,5299570,5299570,-3720790,1024537.9,,307,257,坏棒 总长1002mm 任意重度 铁头 307
1551,16:54:36,hit_1551_20260730_165436.csv,512,DEFECT,HIGH,0,65,112,534,500000,5844798,5844798,-3174311,1813500.0,,307,227,坏棒 总长1002mm 任意重度 铁头 307
1552,16:54:37,hit_1552_20260730_165437.csv,512,DEFECT,HIGH,0,70,113,578,500000,5140966,5140966,-3945000,834530.9,,307,271,坏棒 总长1002mm 任意重度 铁头 307
1553,16:54:37,hit_1553_20260730_165437.csv,512,DEFECT,HIGH,0,67,115,538,500000,5425796,5425796,-3525690,1420985.0,,307,231,坏棒 总长1002mm 任意重度 铁头 307
1554,16:54:37,hit_1554_20260730_165437.csv,512,DEFECT,HIGH,0,65,111,540,500000,5696513,5696513,-3160567,1489270.1,,307,233,坏棒 总长1002mm 任意重度 铁头 307
1555,16:54:38,hit_1555_20260730_165438.csv,512,DEFECT,HIGH,0,69,110,585,500000,4545495,4545495,-3999112,506039.6,,307,278,坏棒 总长1002mm 任意重度 铁头 307
1556,16:54:38,hit_1556_20260730_165438.csv,512,DEFECT,HIGH,0,69,112,574,500000,5304813,5304813,-3750711,985673.7,,307,267,坏棒 总长1002mm 任意重度 铁头 307
1557,16:54:38,hit_1557_20260730_165438.csv,512,DEFECT,HIGH,0,68,113,558,500000,4368336,4368336,-3815970,620528.8,,307,251,坏棒 总长1002mm 任意重度 铁头 307
1558,16:54:39,hit_1558_20260730_165439.csv,512,DEFECT,HIGH,0,71,113,588,500000,4223139,4098067,-4223139,365241.6,,307,281,坏棒 总长1002mm 任意重度 铁头 307
1559,16:54:39,hit_1559_20260730_165439.csv,512,DEFECT,HIGH,0,22,115,211,500000,4582844,3417272,-4582844,-114594.3,,307,-96,坏棒 总长1002mm 任意重度 铁头 307
1560,16:54:39,hit_1560_20260730_165439.csv,512,DEFECT,HIGH,0,69,112,574,500000,4466667,4466667,-4062932,490561.6,,307,267,坏棒 总长1002mm 任意重度 铁头 307
1561,16:54:39,hit_1561_20260730_165439.csv,512,DEFECT,HIGH,0,65,108,556,500000,4769918,4769918,-3658016,560068.6,,307,249,坏棒 总长1002mm 任意重度 铁头 307
1562,16:54:40,hit_1562_20260730_165440.csv,512,DEFECT,HIGH,0,67,108,577,500000,5188063,5188063,-2095897,1967574.7,,307,270,坏棒 总长1002mm 任意重度 铁头 307
1563,16:54:40,hit_1563_20260730_165440.csv,512,DEFECT,HIGH,0,65,110,545,500000,5932046,5932046,-3538364,1345416.0,,307,238,坏棒 总长1002mm 任意重度 铁头 307
1564,16:54:40,hit_1564_20260730_165440.csv,512,DEFECT,HIGH,0,66,112,544,500000,5539564,5539564,-3370468,1339350.8,,307,237,坏棒 总长1002mm 任意重度 铁头 307
1565,16:54:41,hit_1565_20260730_165441.csv,512,DEFECT,HIGH,0,66,112,544,500000,5378211,5378211,-3460652,1301959.0,,307,237,坏棒 总长1002mm 任意重度 铁头 307
1566,16:54:41,hit_1566_20260730_165441.csv,512,DEFECT,HIGH,0,67,114,543,500000,5198655,5198655,-3473843,1304831.4,,307,236,坏棒 总长1002mm 任意重度 铁头 307
1567,16:54:41,hit_1567_20260730_165441.csv,512,DEFECT,HIGH,0,72,117,575,500000,4539297,4539297,-4480393,539456.6,,307,268,坏棒 总长1002mm 任意重度 铁头 307
1568,16:54:42,hit_1568_20260730_165442.csv,512,DEFECT,HIGH,0,65,112,534,500000,5010702,5010702,-3453442,990760.1,,307,227,坏棒 总长1002mm 任意重度 铁头 307
1569,16:54:42,hit_1569_20260730_165442.csv,512,DEFECT,HIGH,0,70,113,578,500000,4270890,4134347,-4270890,359451.1,,307,271,坏棒 总长1002mm 任意重度 铁头 307
1570,16:54:42,hit_1570_20260730_165442.csv,512,DEFECT,HIGH,0,22,115,211,500000,4416205,3443433,-4416205,86630.2,,307,-96,坏棒 总长1002mm 任意重度 铁头 307
1571,16:54:42,hit_1571_20260730_165442.csv,512,DEFECT,HIGH,0,68,110,575,500000,4957469,4957469,-3469799,1257543.5,,307,268,坏棒 总长1002mm 任意重度 铁头 307
1572,16:54:43,hit_1572_20260730_165443.csv,512,DEFECT,HIGH,0,66,108,567,500000,5319562,5319562,-3386042,1628151.1,,307,260,坏棒 总长1002mm 任意重度 铁头 307
1573,16:54:43,hit_1573_20260730_165443.csv,512,DEFECT,HIGH,0,68,112,564,500000,5211379,5211379,-3539912,1051191.0,,307,257,坏棒 总长1002mm 任意重度 铁头 307
1574,16:54:44,hit_1574_20260730_165444.csv,512,DEFECT,HIGH,0,67,112,554,500000,5220970,5220970,-3604352,1002045.9,,307,247,坏棒 总长1002mm 任意重度 铁头 307
1575,16:54:44,hit_1575_20260730_165444.csv,512,DEFECT,HIGH,0,66,114,533,500000,5366301,5366301,-3325632,1367431.5,,307,226,坏棒 总长1002mm 任意重度 铁头 307
1576,16:54:44,hit_1576_20260730_165444.csv,512,DEFECT,HIGH,0,66,113,539,500000,5633297,5633297,-3348765,1796564.8,,307,232,坏棒 总长1002mm 任意重度 铁头 307
1577,16:54:44,hit_1577_20260730_165444.csv,512,DEFECT,HIGH,0,36,113,352,500000,4669462,4669462,-3583415,780485.1,,307,45,坏棒 总长1002mm 任意重度 铁头 307
1578,16:54:45,hit_1578_20260730_165445.csv,512,DEFECT,HIGH,0,68,115,548,500000,5027815,5027815,-3643002,1039487.3,,307,241,坏棒 总长1002mm 任意重度 铁头 307
1579,16:54:45,hit_1579_20260730_165445.csv,512,DEFECT,HIGH,0,67,114,543,500000,5320014,5320014,-3552708,1486884.6,,307,236,坏棒 总长1002mm 任意重度 铁头 307
1580,16:54:45,hit_1580_20260730_165445.csv,512,DEFECT,HIGH,0,37,114,359,500000,5004026,5004026,-3690658,1010325.5,,307,52,坏棒 总长1002mm 任意重度 铁头 307
1581,16:54:46,hit_1581_20260730_165446.csv,512,DEFECT,HIGH,0,65,113,529,500000,5645206,5645206,-3201013,1888477.9,,307,222,坏棒 总长1002mm 任意重度 铁头 307
1582,16:54:46,hit_1582_20260730_165446.csv,512,DEFECT,HIGH,0,69,117,547,500000,5121118,5121118,-3769789,1437690.4,,307,240,坏棒 总长1002mm 任意重度 铁头 307
1583,16:54:46,hit_1583_20260730_165446.csv,512,DEFECT,HIGH,0,24,114,233,500000,4924534,4052035,-4924534,91145.6,,307,-74,坏棒 总长1002mm 任意重度 铁头 307
1584,16:54:46,hit_1584_20260730_165446.csv,512,DEFECT,HIGH,0,65,113,529,500000,5550584,5550584,-3202654,1677257.3,,307,222,坏棒 总长1002mm 任意重度 铁头 307
1585,16:54:47,hit_1585_20260730_165447.csv,512,DEFECT,HIGH,0,65,112,534,500000,5793432,5793432,-3346998,1477949.3,,307,227,坏棒 总长1002mm 任意重度 铁头 307
1586,16:54:47,hit_1586_20260730_165447.csv,512,DEFECT,HIGH,0,67,108,577,500000,4987736,4987736,-3536957,1279768.1,,307,270,坏棒 总长1002mm 任意重度 铁头 307
1587,16:54:47,hit_1587_20260730_165447.csv,512,DEFECT,HIGH,0,67,108,577,500000,4755039,4755039,-3702356,1053156.3,,307,270,坏棒 总长1002mm 任意重度 铁头 307
1588,16:54:48,hit_1588_20260730_165448.csv,512,DEFECT,HIGH,0,68,111,570,500000,5432952,5432952,-3674594,1094155.3,,307,263,坏棒 总长1002mm 任意重度 铁头 307
1589,16:54:48,hit_1589_20260730_165448.csv,512,DEFECT,HIGH,0,69,115,557,500000,4801155,4801155,-4001214,753238.7,,307,250,坏棒 总长1002mm 任意重度 铁头 307
1590,16:54:48,hit_1590_20260730_165448.csv,512,DEFECT,HIGH,0,68,115,548,500000,5312195,5312195,-3900780,1202901.5,,307,241,坏棒 总长1002mm 任意重度 铁头 307
1591,16:54:48,hit_1591_20260730_165448.csv,512,DEFECT,HIGH,0,39,112,386,500000,5011443,5011443,-3425226,963237.0,,307,79,坏棒 总长1002mm 任意重度 铁头 307
1592,16:54:49,hit_1592_20260730_165449.csv,512,DEFECT,HIGH,0,73,114,601,500000,4794254,4794254,-4477966,440891.1,,307,294,坏棒 总长1002mm 任意重度 铁头 307
1593,16:54:49,hit_1593_20260730_165449.csv,512,DEFECT,HIGH,0,66,113,539,500000,5653635,5653635,-3324646,1581894.1,,307,232,坏棒 总长1002mm 任意重度 铁头 307
1594,16:54:50,hit_1594_20260730_165450.csv,512,DEFECT,HIGH,0,68,115,548,500000,5348066,5348066,-3681103,1365565.7,,307,241,坏棒 总长1002mm 任意重度 铁头 307
1595,16:54:50,hit_1595_20260730_165450.csv,512,DEFECT,HIGH,0,72,117,575,500000,5283217,5283217,-4397655,1232304.4,,307,268,坏棒 总长1002mm 任意重度 铁头 307
1596,16:54:50,hit_1596_20260730_165450.csv,512,DEFECT,HIGH,0,67,114,543,500000,5247215,5247215,-3600960,1232614.6,,307,236,坏棒 总长1002mm 任意重度 铁头 307
1597,16:54:51,hit_1597_20260730_165451.csv,512,DEFECT,HIGH,0,69,113,568,500000,5304567,5304567,-3907243,909684.2,,307,261,坏棒 总长1002mm 任意重度 铁头 307
1598,16:54:51,hit_1598_20260730_165451.csv,512,DEFECT,HIGH,0,68,112,564,500000,5082770,5082770,-3772525,971342.5,,307,257,坏棒 总长1002mm 任意重度 铁头 307
1599,16:54:51,hit_1599_20260730_165451.csv,512,DEFECT,HIGH,0,68,113,558,500000,5320669,5320669,-3784218,985769.5,,307,251,坏棒 总长1002mm 任意重度 铁头 307
1600,16:54:52,hit_1600_20260730_165452.csv,512,DEFECT,HIGH,0,69,111,580,500000,5260069,5260069,-3776883,1080869.4,,307,273,坏棒 总长1002mm 任意重度 铁头 307
1601,16:54:52,hit_1601_20260730_165452.csv,512,DEFECT,HIGH,0,66,108,567,500000,4819158,4819158,-3650519,988442.9,,307,260,坏棒 总长1002mm 任意重度 铁头 307
1602,16:54:52,hit_1602_20260730_165452.csv,512,DEFECT,HIGH,0,64,108,546,500000,5000754,5000754,-3820654,890580.1,,307,239,坏棒 总长1002mm 任意重度 铁头 307
1603,16:54:52,hit_1603_20260730_165452.csv,512,DEFECT,HIGH,0,66,111,550,500000,5892906,5892906,-3438478,1352215.8,,307,243,坏棒 总长1002mm 任意重度 铁头 307
1604,16:54:53,hit_1604_20260730_165453.csv,512,DEFECT,HIGH,0,68,113,558,500000,5094595,5094595,-3728342,933743.9,,307,251,坏棒 总长1002mm 任意重度 铁头 307
1605,16:54:53,hit_1605_20260730_165453.csv,512,DEFECT,HIGH,0,38,112,376,500000,6012252,6012252,-3257816,2016088.7,,307,69,坏棒 总长1002mm 任意重度 铁头 307
1606,16:54:54,hit_1606_20260730_165454.csv,512,DEFECT,HIGH,0,67,110,565,500000,6000924,6000924,-3343529,1509341.3,,307,258,坏棒 总长1002mm 任意重度 铁头 307
1607,16:54:54,hit_1607_20260730_165454.csv,512,DEFECT,HIGH,0,67,113,549,500000,5828503,5828503,-3540114,1618885.3,,307,242,坏棒 总长1002mm 任意重度 铁头 307
1608,16:54:54,hit_1608_20260730_165454.csv,512,DEFECT,HIGH,0,66,112,544,500000,5428656,5428656,-3639994,1146641.9,,307,237,坏棒 总长1002mm 任意重度 铁头 307
1609,16:54:55,hit_1609_20260730_165455.csv,512,DEFECT,HIGH,0,67,113,549,500000,5475297,5475297,-3690548,1148024.7,,307,242,坏棒 总长1002mm 任意重度 铁头 307
1610,16:54:55,hit_1610_20260730_165455.csv,512,DEFECT,HIGH,0,65,111,540,500000,5897026,5897026,-3307725,1577387.9,,307,233,坏棒 总长1002mm 任意重度 铁头 307
1611,16:54:55,hit_1611_20260730_165455.csv,512,DEFECT,HIGH,0,67,112,554,500000,5331216,5331216,-3582263,1088385.2,,307,247,坏棒 总长1002mm 任意重度 铁头 307
1612,16:54:56,hit_1612_20260730_165456.csv,512,DEFECT,HIGH,0,70,113,578,500000,4310243,4310243,-4118729,396210.6,,307,271,坏棒 总长1002mm 任意重度 铁头 307
1613,16:54:56,hit_1613_20260730_165456.csv,512,DEFECT,HIGH,0,65,111,540,500000,5927263,5927263,-3276221,1579340.7,,307,233,坏棒 总长1002mm 任意重度 铁头 307
1614,16:54:56,hit_1614_20260730_165456.csv,512,DEFECT,HIGH,0,64,111,530,500000,5892401,5892401,-3150957,1699433.5,,307,223,坏棒 总长1002mm 任意重度 铁头 307
1615,16:54:57,hit_1615_20260730_165457.csv,512,DEFECT,HIGH,0,66,111,550,500000,5427743,5427743,-3541450,1339501.3,,307,243,坏棒 总长1002mm 任意重度 铁头 307
1616,16:54:57,hit_1616_20260730_165457.csv,512,DEFECT,HIGH,0,66,110,555,500000,5300858,5300858,-3520945,1409475.8,,307,248,坏棒 总长1002mm 任意重度 铁头 307
1617,16:54:57,hit_1617_20260730_165457.csv,512,DEFECT,HIGH,0,67,110,565,500000,6294958,6294958,-3470784,2052448.8,,307,258,坏棒 总长1002mm 任意重度 铁头 307
1618,16:54:58,hit_1618_20260730_165458.csv,512,DEFECT,HIGH,0,67,111,560,500000,5978438,5978438,-3639299,1868200.6,,307,253,坏棒 总长1002mm 任意重度 铁头 307
1619,16:54:58,hit_1619_20260730_165458.csv,512,DEFECT,HIGH,0,67,112,554,500000,5784615,5784615,-3716262,1568528.2,,307,247,坏棒 总长1002mm 任意重度 铁头 307
1620,16:54:59,hit_1620_20260730_165459.csv,512,DEFECT,HIGH,0,69,113,568,500000,5541056,5541056,-3935218,1307592.6,,307,261,坏棒 总长1002mm 任意重度 铁头 307
1621,16:54:59,hit_1621_20260730_165459.csv,512,DEFECT,HIGH,0,68,111,570,500000,5708414,5708414,-3766491,1430968.6,,307,263,坏棒 总长1002mm 任意重度 铁头 307
1622,16:54:59,hit_1622_20260730_165459.csv,512,DEFECT,HIGH,0,67,111,560,500000,5996770,5996770,-3393140,1760929.4,,307,253,坏棒 总长1002mm 任意重度 铁头 307
1623,16:55:00,hit_1623_20260730_165500.csv,512,DEFECT,HIGH,0,69,113,568,500000,5060751,5060751,-3801104,959974.8,,307,261,坏棒 总长1002mm 任意重度 铁头 307
1624,16:55:00,hit_1624_20260730_165500.csv,512,DEFECT,HIGH,0,71,113,588,500000,5084301,5084301,-4266200,793120.2,,307,281,坏棒 总长1002mm 任意重度 铁头 307
1625,16:55:00,hit_1625_20260730_165500.csv,512,DEFECT,HIGH,0,66,111,550,500000,5741017,5741017,-3336231,1535838.4,,307,243,坏棒 总长1002mm 任意重度 铁头 307
1626,16:55:00,hit_1626_20260730_165500.csv,512,DEFECT,HIGH,0,66,111,550,500000,6232838,6232838,-3343792,2106787.6,,307,243,坏棒 总长1002mm 任意重度 铁头 307
1627,16:55:01,hit_1627_20260730_165501.csv,512,DEFECT,HIGH,0,69,111,580,500000,5522441,5522441,-3733820,1126879.2,,307,273,坏棒 总长1002mm 任意重度 铁头 307
1628,16:55:01,hit_1628_20260730_165501.csv,512,DEFECT,HIGH,0,63,110,525,500000,6262179,6262179,-2895516,2144527.1,,307,218,坏棒 总长1002mm 任意重度 铁头 307
1629,16:55:01,hit_1629_20260730_165501.csv,512,DEFECT,HIGH,0,67,111,560,500000,5715640,5715640,-3651292,1345159.2,,307,253,坏棒 总长1002mm 任意重度 铁头 307
1630,16:55:02,hit_1630_20260730_165502.csv,512,DEFECT,HIGH,0,64,111,530,500000,6224957,6224957,-3182228,2440044.8,,307,223,坏棒 总长1002mm 任意重度 铁头 307
1631,16:55:02,hit_1631_20260730_165502.csv,512,DEFECT,HIGH,0,67,113,549,500000,5878326,5878326,-3542043,1679206.7,,307,242,坏棒 总长1002mm 任意重度 铁头 307
1632,16:55:03,hit_1632_20260730_165503.csv,512,DEFECT,HIGH,0,68,112,564,500000,5484445,5484445,-3610845,1220853.7,,307,257,坏棒 总长1002mm 任意重度 铁头 307
1633,16:55:03,hit_1633_20260730_165503.csv,512,DEFECT,HIGH,0,69,111,580,500000,5702258,5702258,-3909707,1210540.4,,307,273,坏棒 总长1002mm 任意重度 铁头 307
1634,16:55:03,hit_1634_20260730_165503.csv,512,DEFECT,HIGH,0,68,111,570,500000,5447405,5447405,-3861354,967368.5,,307,263,坏棒 总长1002mm 任意重度 铁头 307
1635,16:55:04,hit_1635_20260730_165504.csv,512,DEFECT,HIGH,0,68,113,558,500000,5716571,5716571,-3757283,1239052.2,,307,251,坏棒 总长1002mm 任意重度 铁头 307
1636,16:55:04,hit_1636_20260730_165504.csv,512,DEFECT,HIGH,0,70,114,572,500000,5328356,5328356,-4273848,808403.9,,307,265,坏棒 总长1002mm 任意重度 铁头 307
1637,16:55:04,hit_1637_20260730_165504.csv,512,DEFECT,HIGH,0,66,112,544,500000,5448274,5448274,-3568193,1168089.0,,307,237,坏棒 总长1002mm 任意重度 铁头 307
1638,16:55:04,hit_1638_20260730_165504.csv,512,DEFECT,HIGH,0,23,114,223,500000,4661922,4467199,-4661922,225233.7,,307,-84,坏棒 总长1002mm 任意重度 铁头 307
1639,16:55:05,hit_1639_20260730_165505.csv,512,DEFECT,HIGH,0,67,116,533,500000,4575968,4575968,-3616509,1085941.2,,307,226,坏棒 总长1002mm 任意重度 铁头 307
1640,16:55:05,hit_1640_20260730_165505.csv,512,DEFECT,HIGH,0,64,112,524,500000,6115704,6115704,-3272128,1785719.9,,307,217,坏棒 总长1002mm 任意重度 铁头 307
1641,16:55:05,hit_1641_20260730_165505.csv,512,NORMAL,HIGH,0,0,108,0,500000,5691455,5691455,-2111914,2050456.2,,307,,坏棒 总长1002mm 任意重度 铁头 307
1642,16:55:06,hit_1642_20260730_165506.csv,512,DEFECT,HIGH,0,26,111,260,500000,4745719,4745719,-3782487,623423.9,,307,-47,坏棒 总长1002mm 任意重度 铁头 307
1643,16:55:06,hit_1643_20260730_165506.csv,512,DEFECT,HIGH,0,68,109,581,500000,5302178,5302178,-3831535,1048822.8,,307,274,坏棒 总长1002mm 任意重度 铁头 307
1644,16:55:07,hit_1644_20260730_165507.csv,512,DEFECT,HIGH,0,62,116,485,500000,6233557,6233557,-2790404,2055621.1,,307,178,坏棒 总长1002mm 任意重度 铁头 307
1645,16:55:07,hit_1645_20260730_165507.csv,512,DEFECT,HIGH,0,65,110,545,500000,5846377,5846377,-3132272,1513424.4,,307,238,坏棒 总长1002mm 任意重度 铁头 307
1646,16:55:07,hit_1646_20260730_165507.csv,512,DEFECT,HIGH,0,70,112,584,500000,5183461,5183461,-3880436,997870.0,,307,277,坏棒 总长1002mm 任意重度 铁头 307
1647,16:55:07,hit_1647_20260730_165507.csv,512,DEFECT,HIGH,0,22,114,213,500000,4568012,3809581,-4568012,90990.5,,307,-94,坏棒 总长1002mm 任意重度 铁头 307
1648,16:55:08,hit_1648_20260730_165508.csv,512,DEFECT,HIGH,0,69,112,574,500000,4133828,3960472,-4133828,313900.7,,307,267,坏棒 总长1002mm 任意重度 铁头 307
1649,16:55:08,hit_1649_20260730_165508.csv,512,DEFECT,HIGH,0,40,113,392,500000,5132982,5132982,-4075459,950231.9,,307,85,坏棒 总长1002mm 任意重度 铁头 307
1650,16:55:08,hit_1650_20260730_165508.csv,512,DEFECT,HIGH,0,68,111,570,500000,5044263,5044263,-3957987,1011432.3,,307,263,坏棒 总长1002mm 任意重度 铁头 307
1651,16:55:09,hit_1651_20260730_165509.csv,512,DEFECT,HIGH,0,68,111,570,500000,4918586,4918586,-3845713,793631.0,,307,263,坏棒 总长1002mm 任意重度 铁头 307
1652,16:55:09,hit_1652_20260730_165509.csv,512,DEFECT,HIGH,0,67,111,560,500000,5891982,5891982,-3736960,1293520.4,,307,253,坏棒 总长1002mm 任意重度 铁头 307
1653,16:55:09,hit_1653_20260730_165509.csv,512,DEFECT,HIGH,0,67,111,560,500000,6022145,6022145,-3819433,1448239.9,,307,253,坏棒 总长1002mm 任意重度 铁头 307
1654,16:55:10,hit_1654_20260730_165510.csv,512,DEFECT,HIGH,0,66,110,555,500000,5767596,5767596,-3383090,1769325.0,,307,248,坏棒 总长1002mm 任意重度 铁头 307
1655,16:55:10,hit_1655_20260730_165510.csv,512,DEFECT,HIGH,0,64,110,535,500000,5843960,5843960,-3093366,2030207.1,,307,228,坏棒 总长1002mm 任意重度 铁头 307
1656,16:55:10,hit_1656_20260730_165510.csv,512,DEFECT,HIGH,0,23,113,225,500000,4723374,4318297,-4723374,303077.7,,307,-82,坏棒 总长1002mm 任意重度 铁头 307
1657,16:55:11,hit_1657_20260730_165511.csv,512,DEFECT,HIGH,0,64,108,546,500000,4895914,4895914,-3765713,979532.6,,307,239,坏棒 总长1002mm 任意重度 铁头 307
1658,16:55:11,hit_1658_20260730_165511.csv,512,DEFECT,HIGH,0,66,108,567,500000,5028189,5028189,-3544372,1389232.1,,307,260,坏棒 总长1002mm 任意重度 铁头 307
1659,16:55:11,hit_1659_20260730_165511.csv,512,DEFECT,HIGH,0,71,111,600,500000,4888354,4888354,-4348505,633741.5,,307,293,坏棒 总长1002mm 任意重度 铁头 307
1660,16:55:12,hit_1660_20260730_165512.csv,512,DEFECT,HIGH,0,70,112,584,500000,5149220,5149220,-4011841,830848.5,,307,277,坏棒 总长1002mm 任意重度 铁头 307
1661,16:55:12,hit_1661_20260730_165512.csv,512,DEFECT,HIGH,0,68,112,564,500000,4959471,4959471,-3751024,961130.1,,307,257,坏棒 总长1002mm 任意重度 铁头 307
1662,16:55:12,hit_1662_20260730_165512.csv,512,DEFECT,HIGH,0,66,113,539,500000,5421412,5421412,-3485047,1258542.7,,307,232,坏棒 总长1002mm 任意重度 铁头 307
1663,16:55:12,hit_1663_20260730_165512.csv,512,DEFECT,HIGH,0,40,113,392,500000,4892332,4892332,-4030352,707855.8,,307,85,坏棒 总长1002mm 任意重度 铁头 307
1664,16:55:13,hit_1664_20260730_165513.csv,512,DEFECT,HIGH,0,70,114,572,500000,5155012,5155012,-4000696,816803.8,,307,265,坏棒 总长1002mm 任意重度 铁头 307
1665,16:55:13,hit_1665_20260730_165513.csv,512,DEFECT,HIGH,0,68,113,558,500000,5563751,5563751,-3868776,1412557.6,,307,251,坏棒 总长1002mm 任意重度 铁头 307
1666,16:55:14,hit_1666_20260730_165514.csv,512,DEFECT,HIGH,0,66,112,544,500000,5937017,5937017,-3461046,1901422.8,,307,237,坏棒 总长1002mm 任意重度 铁头 307
1667,16:55:14,hit_1667_20260730_165514.csv,512,DEFECT,HIGH,0,66,111,550,500000,5746559,5746559,-3397441,1432236.8,,307,243,坏棒 总长1002mm 任意重度 铁头 307
1668,16:55:14,hit_1668_20260730_165514.csv,512,DEFECT,HIGH,0,67,112,554,500000,5778051,5778051,-3734299,1257682.6,,307,247,坏棒 总长1002mm 任意重度 铁头 307
1669,16:55:15,hit_1669_20260730_165515.csv,512,DEFECT,HIGH,0,69,111,580,500000,4980173,4980173,-4206745,615870.1,,307,273,坏棒 总长1002mm 任意重度 铁头 307
1670,16:55:15,hit_1670_20260730_165515.csv,512,DEFECT,HIGH,0,67,110,565,500000,6095371,6095371,-3490044,1826753.3,,307,258,坏棒 总长1002mm 任意重度 铁头 307
1671,16:55:15,hit_1671_20260730_165515.csv,512,DEFECT,HIGH,0,70,112,584,500000,4947869,4947869,-4189041,619719.4,,307,277,坏棒 总长1002mm 任意重度 铁头 307
1672,16:55:16,hit_1672_20260730_165516.csv,512,DEFECT,HIGH,0,69,112,574,500000,5361772,5361772,-3911570,955551.0,,307,267,坏棒 总长1002mm 任意重度 铁头 307
1673,16:55:16,hit_1673_20260730_165516.csv,512,DEFECT,HIGH,0,67,111,560,500000,5552427,5552427,-3637554,1195562.2,,307,253,坏棒 总长1002mm 任意重度 铁头 307
1674,16:55:16,hit_1674_20260730_165516.csv,512,DEFECT,HIGH,0,69,112,574,500000,4999526,4999526,-3994601,763941.1,,307,267,坏棒 总长1002mm 任意重度 铁头 307
1675,16:55:16,hit_1675_20260730_165516.csv,512,DEFECT,HIGH,0,69,112,574,500000,4794839,4794839,-3952253,665399.1,,307,267,坏棒 总长1002mm 任意重度 铁头 307
1676,16:55:17,hit_1676_20260730_165517.csv,512,DEFECT,HIGH,0,68,111,570,500000,5473750,5473750,-3672439,1239172.5,,307,263,坏棒 总长1002mm 任意重度 铁头 307
1677,16:55:17,hit_1677_20260730_165517.csv,512,DEFECT,HIGH,0,66,108,567,500000,5090413,5090413,-3474843,1546198.9,,307,260,坏棒 总长1002mm 任意重度 铁头 307
1678,16:55:17,hit_1678_20260730_165517.csv,512,DEFECT,HIGH,0,65,108,556,500000,4524307,4524307,-3417278,1098449.4,,307,249,坏棒 总长1002mm 任意重度 铁头 307
1679,16:55:18,hit_1679_20260730_165518.csv,512,DEFECT,HIGH,0,67,108,577,500000,5280278,5280278,-3636027,1195114.6,,307,270,坏棒 总长1002mm 任意重度 铁头 307
1680,16:55:18,hit_1680_20260730_165518.csv,512,DEFECT,HIGH,0,68,110,575,500000,5727121,5727121,-4000571,1035580.7,,307,268,坏棒 总长1002mm 任意重度 铁头 307
1681,16:55:19,hit_1681_20260730_165519.csv,512,DEFECT,HIGH,0,68,112,564,500000,5792350,5792350,-3711278,1278697.8,,307,257,坏棒 总长1002mm 任意重度 铁头 307
1682,16:55:19,hit_1682_20260730_165519.csv,512,DEFECT,HIGH,0,68,113,558,500000,5146008,5146008,-3806392,901065.7,,307,251,坏棒 总长1002mm 任意重度 铁头 307
1683,16:55:19,hit_1683_20260730_165519.csv,512,DEFECT,HIGH,0,62,110,515,500000,5974058,5974058,-2908897,1768740.9,,307,208,坏棒 总长1002mm 任意重度 铁头 307
1684,16:55:20,hit_1684_20260730_165520.csv,512,DEFECT,HIGH,0,64,109,540,500000,6251704,6251704,-3160857,1917516.7,,307,233,坏棒 总长1002mm 任意重度 铁头 307
1685,16:55:20,hit_1685_20260730_165520.csv,512,DEFECT,HIGH,0,66,110,555,500000,6073912,6073912,-3587666,1539572.9,,307,248,坏棒 总长1002mm 任意重度 铁头 307
1686,16:55:21,hit_1686_20260730_165521.csv,512,DEFECT,HIGH,0,67,110,565,500000,5891010,5891010,-3610582,1447642.8,,307,258,坏棒 总长1002mm 任意重度 铁头 307
1687,16:55:21,hit_1687_20260730_165521.csv,512,DEFECT,HIGH,0,65,108,556,500000,6079462,6079462,-3444605,1562435.8,,307,249,坏棒 总长1002mm 任意重度 铁头 307
1688,16:55:22,hit_1688_20260730_165522.csv,512,DEFECT,HIGH,0,68,110,575,500000,5477916,5477916,-4013288,844974.1,,307,268,坏棒 总长1002mm 任意重度 铁头 307
1689,16:55:22,hit_1689_20260730_165522.csv,512,DEFECT,HIGH,0,69,112,574,500000,5694125,5694125,-3881578,1159720.5,,307,267,坏棒 总长1002mm 任意重度 铁头 307
1690,16:55:22,hit_1690_20260730_165522.csv,512,DEFECT,HIGH,0,68,113,558,500000,5116888,5116888,-3847910,885482.9,,307,251,坏棒 总长1002mm 任意重度 铁头 307
1691,16:55:23,hit_1691_20260730_165523.csv,512,DEFECT,HIGH,0,67,113,549,500000,5150796,5150796,-3515319,1030213.4,,307,242,坏棒 总长1002mm 任意重度 铁头 307
1692,16:55:23,hit_1692_20260730_165523.csv,512,DEFECT,HIGH,0,21,116,200,500000,4102247,2336930,-4102247,-271514.5,,307,-107,坏棒 总长1002mm 任意重度 铁头 307
1693,16:55:23,hit_1693_20260730_165523.csv,512,DEFECT,HIGH,0,22,114,213,500000,4530920,3587966,-4530920,48933.4,,307,-94,坏棒 总长1002mm 任意重度 铁头 307
1694,16:55:24,hit_1694_20260730_165524.csv,512,DEFECT,HIGH,0,38,113,372,500000,4603905,4603905,-3853516,657041.8,,307,65,坏棒 总长1002mm 任意重度 铁头 307
1695,16:55:24,hit_1695_20260730_165524.csv,512,DEFECT,HIGH,0,23,116,219,500000,4722186,3189752,-4722186,-62328.2,,307,-88,坏棒 总长1002mm 任意重度 铁头 307
1696,16:55:25,hit_1696_20260730_165525.csv,512,DEFECT,HIGH,0,40,114,388,500000,5018429,5018429,-4116198,662969.2,,307,81,坏棒 总长1002mm 任意重度 铁头 307
1697,16:55:25,hit_1697_20260730_165525.csv,512,DEFECT,HIGH,0,28,118,261,500000,5367900,3450219,-5367900,-269606.0,,307,-46,坏棒 总长1002mm 任意重度 铁头 307
1698,16:55:25,hit_1698_20260730_165525.csv,512,DEFECT,HIGH,0,72,114,592,500000,4886446,4886446,-4391843,536945.2,,307,285,坏棒 总长1002mm 任意重度 铁头 307
1699,16:55:26,hit_1699_20260730_165526.csv,512,DEFECT,HIGH,0,66,113,539,500000,5357650,5357650,-3551411,1204843.0,,307,232,坏棒 总长1002mm 任意重度 铁头 307
1700,16:55:26,hit_1700_20260730_165526.csv,512,DEFECT,HIGH,0,38,115,365,500000,4615872,4615872,-3971542,629296.2,,307,58,坏棒 总长1002mm 任意重度 铁头 307
1701,16:55:27,hit_1701_20260730_165527.csv,512,DEFECT,HIGH,0,71,116,571,500000,4999777,4999777,-4308556,919375.8,,307,264,坏棒 总长1002mm 任意重度 铁头 307
1702,16:55:27,hit_1702_20260730_165527.csv,512,DEFECT,HIGH,0,38,113,372,500000,5008555,5008555,-3794924,822257.1,,307,65,坏棒 总长1002mm 任意重度 铁头 307
1703,16:55:28,hit_1703_20260730_165528.csv,512,DEFECT,HIGH,0,68,113,558,500000,5370471,5370471,-3723185,1248381.9,,307,251,坏棒 总长1002mm 任意重度 铁头 307
1704,16:55:28,hit_1704_20260730_165528.csv,512,DEFECT,HIGH,0,69,114,563,500000,5429969,5429969,-3723037,1293683.7,,307,256,坏棒 总长1002mm 任意重度 铁头 307
1705,16:55:28,hit_1705_20260730_165528.csv,512,DEFECT,HIGH,0,70,115,567,500000,4763686,4763686,-4090145,641558.9,,307,260,坏棒 总长1002mm 任意重度 铁头 307
1706,16:55:29,hit_1706_20260730_165529.csv,512,DEFECT,HIGH,0,70,113,578,500000,4623234,4623234,-4224602,477155.2,,307,271,坏棒 总长1002mm 任意重度 铁头 307
1707,16:55:29,hit_1707_20260730_165529.csv,512,DEFECT,HIGH,0,66,114,533,500000,4815973,4815973,-3452845,1193547.0,,307,226,坏棒 总长1002mm 任意重度 铁头 307
1708,16:55:29,hit_1708_20260730_165529.csv,512,DEFECT,HIGH,0,69,113,568,500000,4717724,4717724,-4039952,563673.1,,307,261,坏棒 总长1002mm 任意重度 铁头 307
1709,16:55:30,hit_1709_20260730_165530.csv,512,DEFECT,HIGH,0,63,108,536,500000,5577071,5577071,-3413455,1295601.2,,307,229,坏棒 总长1002mm 任意重度 铁头 307
1710,16:55:30,hit_1710_20260730_165530.csv,512,DEFECT,HIGH,0,63,108,536,500000,5248891,5248891,-3470976,1148666.1,,307,229,坏棒 总长1002mm 任意重度 铁头 307
1711,16:55:30,hit_1711_20260730_165530.csv,512,NORMAL,HIGH,0,0,108,0,500000,4965753,4965753,-2319676,1406372.9,,307,,坏棒 总长1002mm 任意重度 铁头 307
1712,16:55:34,hit_1712_20260730_165534.csv,512,NORMAL,HIGH,0,0,112,0,500000,4077117,4077117,-3965967,369263.0,,307,,坏棒 总长1002mm 任意重度 铁头 307
1713,16:55:34,hit_1713_20260730_165534.csv,512,DEFECT,HIGH,0,62,108,525,500000,5430110,5430110,-3116358,1226409.2,,307,218,坏棒 总长1002mm 任意重度 铁头 307
1714,16:55:34,hit_1714_20260730_165534.csv,512,DEFECT,HIGH,0,67,108,577,500000,4229300,4229300,-3902141,432569.4,,307,270,坏棒 总长1002mm 任意重度 铁头 307
1715,16:55:35,hit_1715_20260730_165535.csv,512,DEFECT,HIGH,0,21,110,212,500000,4364650,3825169,-4364650,-134105.6,,307,-95,坏棒 总长1002mm 任意重度 铁头 307
1716,16:55:35,hit_1716_20260730_165535.csv,512,DEFECT,HIGH,0,66,111,550,500000,5228790,5228790,-3403885,1109488.4,,307,243,坏棒 总长1002mm 任意重度 铁头 307
1717,16:55:35,hit_1717_20260730_165535.csv,512,DEFECT,HIGH,0,69,112,574,500000,5232558,5232558,-3894954,913683.9,,307,267,坏棒 总长1002mm 任意重度 铁头 307
1718,16:55:36,hit_1718_20260730_165536.csv,512,DEFECT,HIGH,0,70,114,572,500000,4467633,4467633,-3956701,544584.7,,307,265,坏棒 总长1002mm 任意重度 铁头 307
1719,16:55:36,hit_1719_20260730_165536.csv,512,DEFECT,HIGH,0,24,117,226,500000,4819839,3994298,-4819839,274339.7,,307,-81,坏棒 总长1002mm 任意重度 铁头 307
1720,16:55:36,hit_1720_20260730_165536.csv,512,DEFECT,HIGH,0,69,118,542,500000,4371535,4371535,-3722219,864501.6,,307,235,坏棒 总长1002mm 任意重度 铁头 307
1721,16:55:37,hit_1721_20260730_165537.csv,512,DEFECT,HIGH,0,38,115,365,500000,4345746,2898982,-4345746,-253222.5,,307,58,坏棒 总长1002mm 任意重度 铁头 307
1722,16:55:38,hit_1722_20260730_165538.csv,512,DEFECT,HIGH,0,22,113,215,500000,4481764,3742406,-4481764,59831.1,,307,-92,坏棒 总长1002mm 任意重度 铁头 307
1723,16:55:38,hit_1723_20260730_165538.csv,512,DEFECT,HIGH,0,66,110,555,500000,5979549,5979549,-3411003,1790681.8,,307,248,坏棒 总长1002mm 任意重度 铁头 307
1724,16:55:38,hit_1724_20260730_165538.csv,512,DEFECT,HIGH,0,67,108,577,500000,4559571,4559571,-3878116,464076.0,,307,270,坏棒 总长1002mm 任意重度 铁头 307
1725,16:55:39,hit_1725_20260730_165539.csv,512,DEFECT,HIGH,0,69,108,597,500000,4989778,4989778,-2676384,1166312.1,,307,290,坏棒 总长1002mm 任意重度 铁头 307
1726,16:55:39,hit_1726_20260730_165539.csv,512,DEFECT,HIGH,0,66,108,567,500000,4373860,4373860,-3719302,262026.7,,307,260,坏棒 总长1002mm 任意重度 铁头 307
1727,16:55:39,hit_1727_20260730_165539.csv,512,DEFECT,HIGH,0,65,108,556,500000,5065844,5065844,-3249438,1288451.4,,307,249,坏棒 总长1002mm 任意重度 铁头 307
1728,16:55:40,hit_1728_20260730_165540.csv,512,DEFECT,HIGH,0,67,108,577,500000,4504401,4504401,-3677204,873931.8,,307,270,坏棒 总长1002mm 任意重度 铁头 307
1729,16:55:40,hit_1729_20260730_165540.csv,512,DEFECT,HIGH,0,69,109,591,500000,4607397,4607397,-3961684,639137.1,,307,284,坏棒 总长1002mm 任意重度 铁头 307
1730,16:55:41,hit_1730_20260730_165541.csv,512,DEFECT,HIGH,0,68,108,587,500000,4974854,4974854,-2991874,1036215.0,,307,280,坏棒 总长1002mm 任意重度 铁头 307
1731,16:55:41,hit_1731_20260730_165541.csv,512,DEFECT,HIGH,0,67,108,577,500000,4545905,4545905,-3606006,558401.9,,307,270,坏棒 总长1002mm 任意重度 铁头 307
1732,16:55:42,hit_1732_20260730_165542.csv,512,DEFECT,HIGH,0,69,109,591,500000,4429226,4429226,-3999353,559410.5,,307,284,坏棒 总长1002mm 任意重度 铁头 307
1733,16:55:42,hit_1733_20260730_165542.csv,512,DEFECT,HIGH,0,67,109,571,500000,4611748,4611748,-3775826,750095.8,,307,264,坏棒 总长1002mm 任意重度 铁头 307
1734,16:55:42,hit_1734_20260730_165542.csv,512,DEFECT,HIGH,0,67,109,571,500000,5212259,5212259,-3421464,1326160.5,,307,264,坏棒 总长1002mm 任意重度 铁头 307
1735,16:55:43,hit_1735_20260730_165543.csv,512,DEFECT,HIGH,0,69,111,580,500000,4799803,4799803,-3629732,893842.6,,307,273,坏棒 总长1002mm 任意重度 铁头 307
1736,16:55:43,hit_1736_20260730_165543.csv,512,DEFECT,HIGH,0,66,108,567,500000,4402221,4402221,-3570330,328670.0,,307,260,坏棒 总长1002mm 任意重度 铁头 307
1737,16:55:43,hit_1737_20260730_165543.csv,512,NORMAL,HIGH,0,0,108,0,500000,4631284,4631284,-3368958,765294.3,,307,,坏棒 总长1002mm 任意重度 铁头 307
1738,16:55:44,hit_1738_20260730_165544.csv,512,DEFECT,HIGH,0,66,113,486,500000,4282415,4282415,-3852705,-10163.0,,307,179,坏棒 总长1002mm 任意重度 铁头 307
1739,16:55:44,hit_1739_20260730_165544.csv,512,DEFECT,HIGH,0,26,109,265,500000,4571469,4571469,-3600108,215812.4,,307,-42,坏棒 总长1002mm 任意重度 铁头 307
1740,16:55:44,hit_1740_20260730_165544.csv,512,DEFECT,HIGH,0,65,115,477,500000,4170996,4170996,-3535485,178888.4,,307,170,坏棒 总长1002mm 任意重度 铁头 307
1741,16:55:45,hit_1741_20260730_165545.csv,512,DEFECT,HIGH,0,68,108,587,500000,4762718,4762718,-3097232,676280.6,,307,280,坏棒 总长1002mm 任意重度 铁头 307
1742,16:55:45,hit_1742_20260730_165545.csv,512,DEFECT,HIGH,0,69,108,597,500000,4731455,4731455,-2771285,675666.0,,307,290,坏棒 总长1002mm 任意重度 铁头 307
1743,16:55:45,hit_1743_20260730_165545.csv,512,DEFECT,HIGH,0,73,110,626,500000,4725057,4725057,-4092165,203318.1,,307,319,坏棒 总长1002mm 任意重度 铁头 307
1744,16:55:46,hit_1744_20260730_165546.csv,512,DEFECT,HIGH,0,72,108,628,500000,4566556,4566556,-3705824,68198.7,,307,321,坏棒 总长1002mm 任意重度 铁头 307
1745,16:55:46,hit_1745_20260730_165546.csv,512,DEFECT,HIGH,0,65,113,477,500000,5085590,5085590,-3425804,1106532.7,,307,170,坏棒 总长1002mm 任意重度 铁头 307
1746,16:55:46,hit_1746_20260730_165546.csv,512,DEFECT,HIGH,0,70,108,608,500000,5134205,5134205,-2889036,1223081.1,,307,301,坏棒 总长1002mm 任意重度 铁头 307
1747,16:55:47,hit_1747_20260730_165547.csv,512,DEFECT,HIGH,0,62,108,525,500000,5358264,5358264,-3237889,1120589.2,,307,218,坏棒 总长1002mm 任意重度 铁头 307
1748,16:55:47,hit_1748_20260730_165547.csv,512,DEFECT,HIGH,0,62,108,525,500000,5628025,5628025,-3299154,1323733.3,,307,218,坏棒 总长1002mm 任意重度 铁头 307
1749,16:55:48,hit_1749_20260730_165548.csv,512,DEFECT,HIGH,0,44,113,431,500000,3277625,3243872,-3277625,-340036.3,,307,124,坏棒 总长1002mm 任意重度 铁头 307
1750,16:55:48,hit_1750_20260730_165548.csv,512,DEFECT,HIGH,0,33,111,330,500000,4445604,4351223,-4445604,-289224.3,,307,23,坏棒 总长1002mm 任意重度 铁头 307
1751,16:55:48,hit_1751_20260730_165548.csv,512,DEFECT,HIGH,0,29,112,287,500000,4416323,4416323,-4276161,-219505.4,,307,-20,坏棒 总长1002mm 任意重度 铁头 307
1752,16:55:49,hit_1752_20260730_165549.csv,512,DEFECT,HIGH,0,28,110,282,500000,4966226,4966226,-3729721,228508.4,,307,-25,坏棒 总长1002mm 任意重度 铁头 307
1753,16:55:49,hit_1753_20260730_165549.csv,512,DEFECT,HIGH,0,31,109,316,500000,4986869,4986869,-3643063,250924.9,,307,9,坏棒 总长1002mm 任意重度 铁头 307
1754,16:55:49,hit_1754_20260730_165549.csv,512,DEFECT,HIGH,0,71,109,612,500000,5032211,5032211,-3434442,748511.0,,307,305,坏棒 总长1002mm 任意重度 铁头 307
1755,16:55:49,hit_1755_20260730_165549.csv,512,DEFECT,HIGH,0,29,111,290,500000,4519169,4519169,-3368840,19434.1,,307,-17,坏棒 总长1002mm 任意重度 铁头 307
1756,16:55:50,hit_1756_20260730_165550.csv,512,DEFECT,HIGH,0,70,113,578,500000,4139449,2840145,-4139449,-202187.9,,307,271,坏棒 总长1002mm 任意重度 铁头 307
1757,16:55:50,hit_1757_20260730_165550.csv,512,NORMAL,HIGH,0,0,111,0,500000,3841638,3841638,-3825759,312361.7,,307,,坏棒 总长1002mm 任意重度 铁头 307
1758,16:55:50,hit_1758_20260730_165550.csv,512,DEFECT,HIGH,0,68,111,570,500000,5162286,5162286,-3869131,825821.0,,307,263,坏棒 总长1002mm 任意重度 铁头 307
1759,16:55:51,hit_1759_20260730_165551.csv,512,DEFECT,HIGH,0,67,109,571,500000,4190388,4190388,-3840760,526940.9,,307,264,坏棒 总长1002mm 任意重度 铁头 307
1760,16:55:51,hit_1760_20260730_165551.csv,512,DEFECT,HIGH,0,21,109,214,500000,4292819,4165407,-4292819,32226.6,,307,-93,坏棒 总长1002mm 任意重度 铁头 307
1761,16:55:52,hit_1761_20260730_165552.csv,512,NORMAL,HIGH,0,0,118,0,500000,5311542,5311542,-2386333,1393280.9,,307,,坏棒 总长1002mm 任意重度 铁头 307
1762,16:55:52,hit_1762_20260730_165552.csv,512,NORMAL,HIGH,0,0,108,0,500000,5117989,5117989,-2588532,1304756.7,,307,,坏棒 总长1002mm 任意重度 铁头 307
1763,16:55:52,hit_1763_20260730_165552.csv,512,DEFECT,HIGH,0,65,108,556,500000,5531778,5531778,-3553055,1619443.3,,307,249,坏棒 总长1002mm 任意重度 铁头 307
1764,16:55:53,hit_1764_20260730_165553.csv,512,DEFECT,HIGH,0,66,111,550,500000,6313078,6313078,-3237930,2150753.1,,307,243,坏棒 总长1002mm 任意重度 铁头 307
1765,16:55:53,hit_1765_20260730_165553.csv,512,DEFECT,HIGH,0,69,110,585,500000,5090268,5090268,-3911146,752238.1,,307,278,坏棒 总长1002mm 任意重度 铁头 307
1766,16:55:57,hit_1766_20260730_165557.csv,512,DEFECT,HIGH,0,69,110,585,500000,5328942,5328942,-4000692,1007798.9,,307,278,坏棒 总长1002mm 任意重度 铁头 307
1767,16:55:58,hit_1767_20260730_165558.csv,512,DEFECT,HIGH,0,67,109,571,500000,5012514,5012514,-3574582,852617.4,,307,264,坏棒 总长1002mm 任意重度 铁头 307
1768,16:55:58,hit_1768_20260730_165558.csv,512,DEFECT,HIGH,0,67,108,577,500000,4999177,4999177,-3810680,526447.2,,307,270,坏棒 总长1002mm 任意重度 铁头 307
1769,16:56:00,hit_1769_20260730_165600.csv,512,DEFECT,HIGH,0,68,111,570,500000,5541195,5541195,-3565052,1415560.0,,307,263,坏棒 总长1002mm 任意重度 铁头 307
1770,16:56:01,hit_1770_20260730_165601.csv,512,DEFECT,HIGH,0,65,108,556,500000,4603872,4603872,-3437226,686377.1,,307,249,坏棒 总长1002mm 任意重度 铁头 307
1771,16:56:01,hit_1771_20260730_165601.csv,512,DEFECT,HIGH,0,70,112,584,500000,4717713,4717713,-4085557,708868.9,,307,277,坏棒 总长1002mm 任意重度 铁头 307
1772,16:56:01,hit_1772_20260730_165601.csv,512,DEFECT,HIGH,0,65,111,540,500000,5915095,5915095,-3262142,1622709.1,,307,233,坏棒 总长1002mm 任意重度 铁头 307
1773,16:56:02,hit_1773_20260730_165602.csv,512,DEFECT,HIGH,0,41,112,405,500000,5488731,5488731,-4060326,991310.2,,307,98,坏棒 总长1002mm 任意重度 铁头 307
1774,16:56:02,hit_1774_20260730_165602.csv,512,DEFECT,HIGH,0,71,114,582,500000,4256487,3850542,-4256487,182593.2,,307,275,坏棒 总长1002mm 任意重度 铁头 307
1775,16:56:02,hit_1775_20260730_165602.csv,512,DEFECT,HIGH,0,69,112,574,500000,5386180,5386180,-3939976,823781.3,,307,267,坏棒 总长1002mm 任意重度 铁头 307
1776,16:56:03,hit_1776_20260730_165603.csv,512,DEFECT,HIGH,0,68,111,570,500000,5586046,5586046,-3752119,1226218.4,,307,263,坏棒 总长1002mm 任意重度 铁头 307
1777,16:56:03,hit_1777_20260730_165603.csv,512,DEFECT,HIGH,0,71,111,600,500000,4588494,4588494,-4416471,457583.7,,307,293,坏棒 总长1002mm 任意重度 铁头 307
1778,16:56:04,hit_1778_20260730_165604.csv,512,DEFECT,HIGH,0,36,109,367,500000,6306534,6306534,-3477354,2047974.7,,307,60,坏棒 总长1002mm 任意重度 铁头 307
1779,16:56:04,hit_1779_20260730_165604.csv,512,DEFECT,HIGH,0,37,109,377,500000,6027614,6027614,-3479787,1416527.2,,307,70,坏棒 总长1002mm 任意重度 铁头 307
1780,16:56:04,hit_1780_20260730_165604.csv,512,DEFECT,HIGH,0,64,108,546,500000,6007487,6007487,-2857803,1575459.4,,307,239,坏棒 总长1002mm 任意重度 铁头 307
1781,16:56:05,hit_1781_20260730_165605.csv,512,DEFECT,HIGH,0,69,108,597,500000,5112446,5112446,-3002231,1254312.7,,307,290,坏棒 总长1002mm 任意重度 铁头 307
1782,16:56:05,hit_1782_20260730_165605.csv,512,DEFECT,HIGH,0,28,111,280,500000,5030476,5030476,-2987643,669513.6,,307,-27,坏棒 总长1002mm 任意重度 铁头 307
1783,16:56:05,hit_1783_20260730_165605.csv,512,DEFECT,HIGH,0,71,110,606,500000,4700441,4700441,-3432646,440996.0,,307,299,坏棒 总长1002mm 任意重度 铁头 307
1784,16:56:06,hit_1784_20260730_165606.csv,512,DEFECT,HIGH,0,74,120,577,500000,4935171,4935171,-2870249,730883.3,,307,270,坏棒 总长1002mm 任意重度 铁头 307
1785,16:56:06,hit_1785_20260730_165606.csv,512,DEFECT,HIGH,0,68,109,581,500000,5343711,5343711,-3793211,1195914.3,,307,274,坏棒 总长1002mm 任意重度 铁头 307
1786,16:56:07,hit_1786_20260730_165607.csv,512,DEFECT,HIGH,0,64,108,546,500000,5987451,5987451,-2896113,1869280.6,,307,239,坏棒 总长1002mm 任意重度 铁头 307
1787,16:56:07,hit_1787_20260730_165607.csv,512,DEFECT,HIGH,0,65,110,545,500000,6098752,6098752,-3366484,1448269.0,,307,238,坏棒 总长1002mm 任意重度 铁头 307
1788,16:56:07,hit_1788_20260730_165607.csv,512,DEFECT,HIGH,0,67,111,560,500000,6069701,6069701,-3718710,1334950.1,,307,253,坏棒 总长1002mm 任意重度 铁头 307
1789,16:56:08,hit_1789_20260730_165608.csv,512,DEFECT,HIGH,0,65,112,534,500000,5536368,5536368,-3126928,1730316.4,,307,227,坏棒 总长1002mm 任意重度 铁头 307
1790,16:56:08,hit_1790_20260730_165608.csv,512,DEFECT,HIGH,0,69,115,557,500000,4776412,4776412,-4086526,737475.1,,307,250,坏棒 总长1002mm 任意重度 铁头 307
1791,16:56:08,hit_1791_20260730_165608.csv,512,DEFECT,HIGH,0,21,114,203,500000,4828849,4828849,-4264994,522077.3,,307,-104,坏棒 总长1002mm 任意重度 铁头 307
1792,16:56:08,hit_1792_20260730_165608.csv,512,DEFECT,HIGH,0,69,111,580,500000,5910227,5910227,-3739836,1519520.0,,307,273,坏棒 总长1002mm 任意重度 铁头 307
1793,16:56:09,hit_1793_20260730_165609.csv,512,DEFECT,HIGH,0,68,110,575,500000,5732163,5732163,-3635020,1604657.0,,307,268,坏棒 总长1002mm 任意重度 铁头 307
1794,16:56:09,hit_1794_20260730_165609.csv,512,DEFECT,HIGH,0,65,113,524,500000,5219141,5219141,-2691072,1758903.2,,307,217,坏棒 总长1002mm 任意重度 铁头 307
1795,16:56:10,hit_1795_20260730_165610.csv,512,DEFECT,HIGH,0,70,113,578,500000,4705464,4705464,-4172768,645301.5,,307,271,坏棒 总长1002mm 任意重度 铁头 307
1796,16:56:10,hit_1796_20260730_165610.csv,512,DEFECT,HIGH,0,24,115,230,500000,4894582,3266102,-4894582,-260202.4,,307,-77,坏棒 总长1002mm 任意重度 铁头 307
1797,16:56:10,hit_1797_20260730_165610.csv,512,DEFECT,HIGH,0,23,115,221,500000,4642981,3228408,-4642981,-144636.7,,307,-86,坏棒 总长1002mm 任意重度 铁头 307
1798,16:56:11,hit_1798_20260730_165611.csv,512,DEFECT,HIGH,0,70,112,584,500000,4302176,3889297,-4302176,49113.4,,307,277,坏棒 总长1002mm 任意重度 铁头 307
1799,16:56:11,hit_1799_20260730_165611.csv,512,DEFECT,HIGH,0,24,114,233,500000,4674681,3405457,-4674681,-206890.2,,307,-74,坏棒 总长1002mm 任意重度 铁头 307
1800,16:56:11,hit_1800_20260730_165611.csv,512,DEFECT,HIGH,0,70,112,584,500000,4429314,4429314,-4098959,599056.1,,307,277,坏棒 总长1002mm 任意重度 铁头 307
1801,16:56:12,hit_1801_20260730_165612.csv,512,DEFECT,HIGH,0,38,113,372,500000,4108070,2954465,-4108070,-333709.0,,307,65,坏棒 总长1002mm 任意重度 铁头 307
1802,16:56:12,hit_1802_20260730_165612.csv,512,DEFECT,HIGH,0,70,113,578,500000,4191585,3049090,-4191585,-188038.6,,307,271,坏棒 总长1002mm 任意重度 铁头 307
1803,16:56:12,hit_1803_20260730_165612.csv,512,DEFECT,HIGH,0,35,112,346,500000,3810314,2754308,-3810314,-139435.9,,307,39,坏棒 总长1002mm 任意重度 铁头 307
1804,16:56:13,hit_1804_20260730_165613.csv,512,DEFECT,HIGH,0,68,112,564,500000,3191335,2483853,-3191335,-261644.4,,307,257,坏棒 总长1002mm 任意重度 铁头 307
1805,16:56:13,hit_1805_20260730_165613.csv,512,DEFECT,HIGH,0,36,110,363,500000,2978990,2978990,-1926731,-170189.6,,307,56,坏棒 总长1002mm 任意重度 铁头 307
1806,16:56:13,hit_1806_20260730_165613.csv,512,DEFECT,HIGH,0,68,113,558,500000,2926523,2521532,-2926523,-220593.3,,307,251,坏棒 总长1002mm 任意重度 铁头 307
1807,16:56:14,hit_1807_20260730_165614.csv,512,DEFECT,HIGH,0,33,111,330,500000,3328307,2350495,-3328307,-141429.9,,307,23,坏棒 总长1002mm 任意重度 铁头 307
1808,16:56:14,hit_1808_20260730_165614.csv,512,DEFECT,HIGH,0,33,113,323,500000,2769973,2769973,-2303581,-154172.2,,307,16,坏棒 总长1002mm 任意重度 铁头 307
1809,16:56:14,hit_1809_20260730_165614.csv,512,DEFECT,HIGH,0,30,111,300,500000,2227713,2044782,-2227713,-165301.1,,307,-7,坏棒 总长1002mm 任意重度 铁头 307
1810,16:56:14,hit_1810_20260730_165614.csv,512,DEFECT,HIGH,0,32,109,326,500000,1674345,1674345,-1238870,-93191.1,,307,19,坏棒 总长1002mm 任意重度 铁头 307
1811,16:56:15,hit_1811_20260730_165615.csv,512,DEFECT,HIGH,0,33,113,323,500000,2455312,2455312,-2014067,-125271.2,,307,16,坏棒 总长1002mm 任意重度 铁头 307
1812,16:56:15,hit_1812_20260730_165615.csv,512,DEFECT,HIGH,0,68,112,564,500000,2632829,2632829,-2385396,-181746.2,,307,257,坏棒 总长1002mm 任意重度 铁头 307
1813,16:56:15,hit_1813_20260730_165615.csv,512,DEFECT,HIGH,0,35,114,339,500000,2761789,2761789,-2346746,-172103.4,,307,32,坏棒 总长1002mm 任意重度 铁头 307
1814,16:56:15,hit_1814_20260730_165615.csv,512,DEFECT,HIGH,0,41,115,394,500000,3177367,3177367,-2902271,-234684.5,,307,87,坏棒 总长1002mm 任意重度 铁头 307
1815,16:56:16,hit_1815_20260730_165616.csv,512,DEFECT,HIGH,0,39,114,378,500000,3547938,2948092,-3547938,-336186.5,,307,71,坏棒 总长1002mm 任意重度 铁头 307
1816,16:56:16,hit_1816_20260730_165616.csv,512,DEFECT,HIGH,0,37,113,362,500000,3717946,2674143,-3717946,-305826.4,,307,55,坏棒 总长1002mm 任意重度 铁头 307
1817,16:56:16,hit_1817_20260730_165616.csv,512,DEFECT,HIGH,0,69,113,568,500000,3796701,2868855,-3796701,-232290.3,,307,261,坏棒 总长1002mm 任意重度 铁头 307
1818,16:56:17,hit_1818_20260730_165617.csv,512,DEFECT,HIGH,0,39,113,382,500000,3008165,3008165,-2522288,-185370.4,,307,75,坏棒 总长1002mm 任意重度 铁头 307
1819,16:56:17,hit_1819_20260730_165617.csv,512,DEFECT,HIGH,0,35,113,343,500000,2815245,2815245,-2740691,-212567.0,,307,36,坏棒 总长1002mm 任意重度 铁头 307
1820,16:56:17,hit_1820_20260730_165617.csv,512,DEFECT,HIGH,0,35,113,343,500000,2817372,2817372,-2539470,-200884.0,,307,36,坏棒 总长1002mm 任意重度 铁头 307
1821,16:56:17,hit_1821_20260730_165617.csv,512,DEFECT,HIGH,0,68,114,553,500000,3521415,2489996,-3521415,-231700.8,,307,246,坏棒 总长1002mm 任意重度 铁头 307
1822,16:56:18,hit_1822_20260730_165618.csv,512,DEFECT,HIGH,0,37,113,362,500000,3016370,3016370,-2436113,-187322.1,,307,55,坏棒 总长1002mm 任意重度 铁头 307
1823,16:56:18,hit_1823_20260730_165618.csv,512,DEFECT,HIGH,0,39,114,378,500000,3805542,2881850,-3805542,-356289.5,,307,71,坏棒 总长1002mm 任意重度 铁头 307
1824,16:56:18,hit_1824_20260730_165618.csv,512,DEFECT,HIGH,0,38,114,368,500000,3118448,3027046,-3118448,-274855.2,,307,61,坏棒 总长1002mm 任意重度 铁头 307
1825,16:56:18,hit_1825_20260730_165618.csv,512,DEFECT,HIGH,0,67,111,560,500000,3454073,2471407,-3454073,-173559.6,,307,253,坏棒 总长1002mm 任意重度 铁头 307
1826,16:56:19,hit_1826_20260730_165619.csv,512,NORMAL,HIGH,0,0,110,0,500000,3514819,3288997,-3514819,45263.0,,307,,坏棒 总长1002mm 任意重度 铁头 307
1827,16:56:19,hit_1827_20260730_165619.csv,512,DEFECT,HIGH,0,36,112,356,500000,3391580,2891705,-3391580,-296477.4,,307,49,坏棒 总长1002mm 任意重度 铁头 307
1828,16:56:19,hit_1828_20260730_165619.csv,512,DEFECT,HIGH,0,21,112,207,500000,3870890,3121940,-3870890,-262254.8,,307,-100,坏棒 总长1002mm 任意重度 铁头 307
1829,16:56:20,hit_1829_20260730_165620.csv,512,DEFECT,HIGH,0,38,114,368,500000,3911455,2533019,-3911455,-285282.9,,307,61,坏棒 总长1002mm 任意重度 铁头 307
1830,16:56:20,hit_1830_20260730_165620.csv,512,DEFECT,HIGH,0,70,113,578,500000,4713189,4713189,-4132613,619014.3,,307,271,坏棒 总长1002mm 任意重度 铁头 307
1831,16:56:20,hit_1831_20260730_165620.csv,512,DEFECT,HIGH,0,67,111,560,500000,4554154,4554154,-3772520,807712.7,,307,253,坏棒 总长1002mm 任意重度 铁头 307
1832,16:56:20,hit_1832_20260730_165620.csv,512,DEFECT,HIGH,0,70,112,584,500000,4288719,3896874,-4288719,154500.6,,307,277,坏棒 总长1002mm 任意重度 铁头 307
1833,16:56:21,hit_1833_20260730_165621.csv,512,DEFECT,HIGH,0,22,114,213,500000,4273112,3198774,-4273112,-164935.7,,307,-94,坏棒 总长1002mm 任意重度 铁头 307
1834,16:56:21,hit_1834_20260730_165621.csv,512,DEFECT,HIGH,0,22,114,213,500000,4430252,3784982,-4430252,71266.1,,307,-94,坏棒 总长1002mm 任意重度 铁头 307
1835,16:56:21,hit_1835_20260730_165621.csv,512,DEFECT,HIGH,0,70,111,590,500000,4445269,4445269,-4282538,394995.5,,307,283,坏棒 总长1002mm 任意重度 铁头 307
1836,16:56:22,hit_1836_20260730_165622.csv,512,DEFECT,HIGH,0,22,112,217,500000,4520767,3892582,-4520767,-52716.2,,307,-90,坏棒 总长1002mm 任意重度 铁头 307
1837,16:56:22,hit_1837_20260730_165622.csv,512,DEFECT,HIGH,0,65,108,556,500000,4265017,4265017,-3605735,397979.0,,307,249,坏棒 总长1002mm 任意重度 铁头 307
1838,16:56:22,hit_1838_20260730_165622.csv,512,DEFECT,HIGH,0,22,111,220,500000,4491363,3999942,-4491363,-1725.5,,307,-87,坏棒 总长1002mm 任意重度 铁头 307
1839,16:56:22,hit_1839_20260730_165622.csv,512,DEFECT,HIGH,0,38,112,376,500000,3465032,2949721,-3465032,-319488.4,,307,69,坏棒 总长1002mm 任意重度 铁头 307
1840,16:56:23,hit_1840_20260730_165623.csv,512,DEFECT,HIGH,0,23,112,227,500000,4577218,3736011,-4577218,-307099.8,,307,-80,坏棒 总长1002mm 任意重度 铁头 307
1841,16:56:23,hit_1841_20260730_165623.csv,512,DEFECT,HIGH,0,66,110,555,500000,3700527,3055120,-3700527,-120642.5,,307,248,坏棒 总长1002mm 任意重度 铁头 307
1842,16:56:23,hit_1842_20260730_165623.csv,512,NORMAL,HIGH,0,0,110,0,500000,3887708,3685033,-3887708,99824.2,,307,,坏棒 总长1002mm 任意重度 铁头 307
1843,16:56:23,hit_1843_20260730_165623.csv,512,DEFECT,HIGH,0,21,109,214,500000,4136120,3686831,-4136120,-200939.7,,307,-93,坏棒 总长1002mm 任意重度 铁头 307
1844,16:56:23,hit_1844_20260730_165623.csv,512,DEFECT,HIGH,0,67,108,577,500000,4419127,4419127,-3713481,430616.6,,307,270,坏棒 总长1002mm 任意重度 铁头 307
1845,16:56:24,hit_1845_20260730_165624.csv,512,DEFECT,HIGH,0,22,110,222,500000,4230455,3431091,-4230455,-364470.8,,307,-85,坏棒 总长1002mm 任意重度 铁头 307
1846,16:56:24,hit_1846_20260730_165624.csv,512,DEFECT,HIGH,0,68,111,570,500000,3720432,2967699,-3720432,-297389.1,,307,263,坏棒 总长1002mm 任意重度 铁头 307
1847,16:56:24,hit_1847_20260730_165624.csv,512,DEFECT,HIGH,0,38,110,383,500000,4113535,3283691,-4113535,-327314.8,,307,76,坏棒 总长1002mm 任意重度 铁头 307
1848,16:56:24,hit_1848_20260730_165624.csv,512,DEFECT,HIGH,0,68,109,581,500000,4007222,3532825,-4007222,-289868.5,,307,274,坏棒 总长1002mm 任意重度 铁头 307
1849,16:56:24,hit_1849_20260730_165624.csv,512,DEFECT,HIGH,0,66,115,486,500000,4190552,4190552,-3680132,154931.6,,307,179,坏棒 总长1002mm 任意重度 铁头 307
1850,16:56:25,hit_1850_20260730_165625.csv,512,NORMAL,HIGH,0,0,108,0,500000,3699030,3590607,-3699030,-14564.4,,307,,坏棒 总长1002mm 任意重度 铁头 307
1851,16:56:25,hit_1851_20260730_165625.csv,512,DEFECT,HIGH,0,66,115,486,500000,4140159,4140159,-3880678,105992.7,,307,179,坏棒 总长1002mm 任意重度 铁头 307
1852,16:56:25,hit_1852_20260730_165625.csv,512,DEFECT,HIGH,0,65,113,477,500000,3731758,3731758,-3576413,-51453.8,,307,170,坏棒 总长1002mm 任意重度 铁头 307
1853,16:56:25,hit_1853_20260730_165625.csv,512,DEFECT,HIGH,0,63,113,460,500000,4124421,4124421,-3373367,41382.2,,307,153,坏棒 总长1002mm 任意重度 铁头 307
1854,16:56:25,hit_1854_20260730_165625.csv,512,DEFECT,HIGH,0,69,109,591,500000,4295605,4295605,-3423969,194916.6,,307,284,坏棒 总长1002mm 任意重度 铁头 307
1855,16:56:26,hit_1855_20260730_165626.csv,512,NORMAL,HIGH,0,0,108,0,500000,4635756,4635756,-2811077,675401.5,,307,,坏棒 总长1002mm 任意重度 铁头 307
1856,16:56:26,hit_1856_20260730_165626.csv,512,DEFECT,HIGH,0,68,110,575,500000,3767809,3164770,-3767809,-257750.0,,307,268,坏棒 总长1002mm 任意重度 铁头 307
1857,16:56:26,hit_1857_20260730_165626.csv,512,DEFECT,HIGH,0,68,108,587,500000,3765239,3486866,-3765239,-266749.8,,307,280,坏棒 总长1002mm 任意重度 铁头 307
1858,16:56:27,hit_1858_20260730_165627.csv,512,DEFECT,HIGH,0,26,111,260,500000,3788677,3788677,-3598754,-174226.1,,307,-47,坏棒 总长1002mm 任意重度 铁头 307
1859,16:56:27,hit_1859_20260730_165627.csv,512,DEFECT,HIGH,0,69,110,585,500000,4379795,4379795,-3270624,134658.5,,307,278,坏棒 总长1002mm 任意重度 铁头 307
1860,16:56:27,hit_1860_20260730_165627.csv,512,DEFECT,HIGH,0,100,113,787,500000,3477162,3477162,-3363632,-207841.4,,307,480,坏棒 总长1002mm 任意重度 铁头 307
1861,16:56:28,hit_1861_20260730_165628.csv,512,DEFECT,HIGH,0,34,110,343,500000,3051174,2866817,-3051174,-254341.8,,307,36,坏棒 总长1002mm 任意重度 铁头 307
1862,16:56:28,hit_1862_20260730_165628.csv,512,DEFECT,HIGH,0,66,109,561,500000,2805086,2785908,-2805086,-221812.6,,307,254,坏棒 总长1002mm 任意重度 铁头 307
1863,16:56:28,hit_1863_20260730_165628.csv,512,DEFECT,HIGH,0,34,110,343,500000,3052217,3052217,-2855094,-242516.6,,307,36,坏棒 总长1002mm 任意重度 铁头 307
1864,16:56:29,hit_1864_20260730_165629.csv,512,DEFECT,HIGH,0,100,113,787,500000,3729878,3729878,-3577857,-87564.6,,307,480,坏棒 总长1002mm 任意重度 铁头 307
1865,16:56:29,hit_1865_20260730_165629.csv,512,DEFECT,HIGH,0,28,112,277,500000,4010650,3666293,-4010650,-293954.4,,307,-30,坏棒 总长1002mm 任意重度 铁头 307
1866,16:56:29,hit_1866_20260730_165629.csv,512,DEFECT,HIGH,0,37,108,381,500000,3853396,3478492,-3853396,-379723.8,,307,74,坏棒 总长1002mm 任意重度 铁头 307
1867,16:56:29,hit_1867_20260730_165629.csv,512,DEFECT,HIGH,0,100,113,787,500000,4454158,4454158,-3761090,92966.6,,307,480,坏棒 总长1002mm 任意重度 铁头 307
1868,16:56:30,hit_1868_20260730_165630.csv,512,DEFECT,HIGH,0,70,109,602,500000,4681724,4681724,-3241372,266885.6,,307,295,坏棒 总长1002mm 任意重度 铁头 307
1869,16:56:30,hit_1869_20260730_165630.csv,512,DEFECT,HIGH,0,35,113,309,500000,3661745,3468915,-3661745,-254068.2,,307,2,坏棒 总长1002mm 任意重度 铁头 307
1870,16:56:30,hit_1870_20260730_165630.csv,512,DEFECT,HIGH,0,64,113,469,500000,4070491,4070491,-3571192,56323.2,,307,162,坏棒 总长1002mm 任意重度 铁头 307
1871,16:56:31,hit_1871_20260730_165631.csv,512,DEFECT,HIGH,0,63,113,460,500000,4394012,4394012,-3227045,294565.0,,307,153,坏棒 总长1002mm 任意重度 铁头 307
1872,16:56:32,hit_1872_20260730_165632.csv,512,DEFECT,HIGH,0,36,115,318,500000,3768047,3656144,-3768047,-182849.7,,307,11,坏棒 总长1002mm 任意重度 铁头 307
1873,16:56:32,hit_1873_20260730_165632.csv,512,DEFECT,HIGH,0,34,113,300,500000,3377921,3130708,-3377921,-248330.3,,307,-7,坏棒 总长1002mm 任意重度 铁头 307
1874,16:56:33,hit_1874_20260730_165633.csv,512,DEFECT,HIGH,0,33,109,336,500000,3048240,3048240,-2746620,-239985.0,,307,29,坏棒 总长1002mm 任意重度 铁头 307
1875,16:56:33,hit_1875_20260730_165633.csv,512,DEFECT,HIGH,0,36,113,318,500000,3446818,3414603,-3446818,-204375.3,,307,11,坏棒 总长1002mm 任意重度 铁头 307
1876,16:56:33,hit_1876_20260730_165633.csv,512,DEFECT,HIGH,0,35,109,357,500000,3185215,3185215,-2948537,-287500.1,,307,50,坏棒 总长1002mm 任意重度 铁头 307
1877,16:56:34,hit_1877_20260730_165634.csv,512,DEFECT,HIGH,0,98,113,769,500000,2859885,2859885,-2339364,-213685.6,,307,462,坏棒 总长1002mm 任意重度 铁头 307
1878,16:56:34,hit_1878_20260730_165634.csv,512,DEFECT,HIGH,0,29,113,256,500000,2900156,2900156,-1794370,-153888.9,,307,-51,坏棒 总长1002mm 任意重度 铁头 307
1879,16:56:34,hit_1879_20260730_165634.csv,512,DEFECT,HIGH,0,36,111,360,500000,3005006,3005006,-2990647,-268302.9,,307,53,坏棒 总长1002mm 任意重度 铁头 307
1880,16:56:34,hit_1880_20260730_165634.csv,512,DEFECT,HIGH,0,34,109,346,500000,3191753,3033402,-3191753,-283493.1,,307,39,坏棒 总长1002mm 任意重度 铁头 307
1881,16:56:35,hit_1881_20260730_165635.csv,512,DEFECT,HIGH,0,66,115,486,500000,4054895,4054895,-3747701,-41428.3,,307,179,坏棒 总长1002mm 任意重度 铁头 307
1882,16:56:35,hit_1882_20260730_165635.csv,512,DEFECT,HIGH,0,66,108,567,500000,4256890,4256890,-3648127,313727.1,,307,260,坏棒 总长1002mm 任意重度 铁头 307
1883,16:56:35,hit_1883_20260730_165635.csv,512,DEFECT,HIGH,0,68,110,575,500000,4506558,4506558,-3890616,715295.7,,307,268,坏棒 总长1002mm 任意重度 铁头 307
1884,16:56:36,hit_1884_20260730_165636.csv,512,DEFECT,HIGH,0,65,108,556,500000,4287554,4287554,-3490910,360476.8,,307,249,坏棒 总长1002mm 任意重度 铁头 307
1885,16:56:36,hit_1885_20260730_165636.csv,512,DEFECT,HIGH,0,67,111,560,500000,3405831,2845870,-3405831,-197646.8,,307,253,坏棒 总长1002mm 任意重度 铁头 307
1886,16:56:36,hit_1886_20260730_165636.csv,512,DEFECT,HIGH,0,67,108,577,500000,4523776,4523776,-3556070,584597.0,,307,270,坏棒 总长1002mm 任意重度 铁头 307
1887,16:56:37,hit_1887_20260730_165637.csv,512,DEFECT,HIGH,0,68,110,575,500000,3898323,3405168,-3898323,-242035.1,,307,268,坏棒 总长1002mm 任意重度 铁头 307
1888,16:56:37,hit_1888_20260730_165637.csv,512,DEFECT,HIGH,0,68,117,504,500000,4368765,4368765,-4053587,242277.0,,307,197,坏棒 总长1002mm 任意重度 铁头 307
1889,16:56:37,hit_1889_20260730_165637.csv,512,DEFECT,HIGH,0,66,108,567,500000,3830004,3485337,-3830004,-321737.0,,307,260,坏棒 总长1002mm 任意重度 铁头 307
1890,16:56:38,hit_1890_20260730_165638.csv,512,DEFECT,HIGH,0,69,108,597,500000,4669351,4669351,-2989473,529085.3,,307,290,坏棒 总长1002mm 任意重度 铁头 307
1891,16:56:38,hit_1891_20260730_165638.csv,512,DEFECT,HIGH,0,64,113,469,500000,4367955,4367955,-3596900,135036.5,,307,162,坏棒 总长1002mm 任意重度 铁头 307
1892,16:56:38,hit_1892_20260730_165638.csv,512,DEFECT,HIGH,0,66,115,486,500000,4264843,4264843,-3988794,-960.1,,307,179,坏棒 总长1002mm 任意重度 铁头 307
1893,16:56:39,hit_1893_20260730_165639.csv,512,DEFECT,HIGH,0,71,109,612,500000,4652447,4652447,-3446961,221692.4,,307,305,坏棒 总长1002mm 任意重度 铁头 307
1894,16:56:39,hit_1894_20260730_165639.csv,512,DEFECT,HIGH,0,37,115,327,500000,3885773,3793091,-3885773,-189027.7,,307,20,坏棒 总长1002mm 任意重度 铁头 307
1895,16:56:40,hit_1895_20260730_165640.csv,512,DEFECT,HIGH,0,36,109,367,500000,3322909,2982448,-3322909,-294976.8,,307,60,坏棒 总长1002mm 任意重度 铁头 307
1896,16:56:40,hit_1896_20260730_165640.csv,512,DEFECT,HIGH,0,70,109,602,500000,4427377,4427377,-3424106,144383.4,,307,295,坏棒 总长1002mm 任意重度 铁头 307
1897,16:56:40,hit_1897_20260730_165640.csv,512,DEFECT,HIGH,0,35,113,309,500000,3697767,3387488,-3697767,-209547.7,,307,2,坏棒 总长1002mm 任意重度 铁头 307
1898,16:56:41,hit_1898_20260730_165641.csv,512,DEFECT,HIGH,0,37,112,366,500000,3042245,3042245,-2063705,-206829.1,,307,59,坏棒 总长1002mm 任意重度 铁头 307
1899,16:56:41,hit_1899_20260730_165641.csv,512,DEFECT,HIGH,0,28,112,277,500000,4011880,3987123,-4011880,-251122.8,,307,-30,坏棒 总长1002mm 任意重度 铁头 307
1900,16:56:42,hit_1900_20260730_165642.csv,512,DEFECT,HIGH,0,34,111,340,500000,2367319,2367319,-1764504,-130978.6,,307,33,坏棒 总长1002mm 任意重度 铁头 307
1901,16:56:42,hit_1901_20260730_165642.csv,512,DEFECT,HIGH,0,35,112,346,500000,2854518,2854518,-2172658,-165837.5,,307,39,坏棒 总长1002mm 任意重度 铁头 307
1902,16:56:42,hit_1902_20260730_165642.csv,512,DEFECT,HIGH,0,39,113,382,500000,3851307,3174303,-3851307,-406930.0,,307,75,坏棒 总长1002mm 任意重度 铁头 307
1903,16:56:43,hit_1903_20260730_165643.csv,512,DEFECT,HIGH,0,65,108,556,500000,4555507,4555507,-3469728,721302.7,,307,249,坏棒 总长1002mm 任意重度 铁头 307
1904,16:56:43,hit_1904_20260730_165643.csv,512,DEFECT,HIGH,0,69,108,597,500000,4388572,4336997,-4388572,190859.0,,307,290,坏棒 总长1002mm 任意重度 铁头 307
1905,16:56:44,hit_1905_20260730_165644.csv,512,DEFECT,HIGH,0,29,110,292,500000,3959640,3959640,-3755575,-209777.3,,307,-15,坏棒 总长1002mm 任意重度 铁头 307
1906,16:56:44,hit_1906_20260730_165644.csv,512,NORMAL,HIGH,0,0,108,0,500000,4828687,4828687,-2212017,924791.8,,307,,坏棒 总长1002mm 任意重度 铁头 307
1907,16:56:44,hit_1907_20260730_165644.csv,512,DEFECT,HIGH,0,36,110,363,500000,3732679,2910925,-3732679,-335059.5,,307,56,坏棒 总长1002mm 任意重度 铁头 307
1908,16:56:45,hit_1908_20260730_165645.csv,512,NORMAL,HIGH,0,0,111,0,500000,4075489,4075489,-3721837,390299.1,,307,,坏棒 总长1002mm 任意重度 铁头 307
1909,16:56:45,hit_1909_20260730_165645.csv,512,DEFECT,HIGH,0,67,109,571,500000,4336806,4336806,-3882259,436185.3,,307,264,坏棒 总长1002mm 任意重度 铁头 307
1910,16:56:45,hit_1910_20260730_165645.csv,512,DEFECT,HIGH,0,70,110,595,500000,4212105,4029511,-4212105,80569.5,,307,288,坏棒 总长1002mm 任意重度 铁头 307
1911,16:56:48,hit_1911_20260730_165648.csv,512,DEFECT,HIGH,0,69,109,591,500000,4259556,4259556,-4060142,247672.6,,307,284,坏棒 总长1002mm 任意重度 铁头 307
1912,16:56:48,hit_1912_20260730_165648.csv,512,DEFECT,HIGH,0,69,112,574,500000,4035869,3582830,-4035869,117765.5,,307,267,坏棒 总长1002mm 任意重度 铁头 307
1913,16:56:49,hit_1913_20260730_165649.csv,512,DEFECT,HIGH,0,68,111,570,500000,4500121,4500121,-3914135,631136.8,,307,263,坏棒 总长1002mm 任意重度 铁头 307
1914,16:56:49,hit_1914_20260730_165649.csv,512,DEFECT,HIGH,0,21,113,205,500000,4442378,3837103,-4442378,155753.0,,307,-102,坏棒 总长1002mm 任意重度 铁头 307
1915,16:56:49,hit_1915_20260730_165649.csv,512,DEFECT,HIGH,0,69,112,574,500000,4342705,4342705,-4059787,509784.6,,307,267,坏棒 总长1002mm 任意重度 铁头 307
1916,16:56:50,hit_1916_20260730_165650.csv,512,DEFECT,HIGH,0,67,108,577,500000,4368707,4368707,-3935034,-67945.2,,307,270,坏棒 总长1002mm 任意重度 铁头 307
1917,16:56:50,hit_1917_20260730_165650.csv,512,DEFECT,HIGH,0,27,108,278,500000,4505923,4505923,-3401667,111198.6,,307,-29,坏棒 总长1002mm 任意重度 铁头 307
1918,16:56:50,hit_1918_20260730_165650.csv,512,DEFECT,HIGH,0,67,108,577,500000,4529525,4529525,-3901413,404516.4,,307,270,坏棒 总长1002mm 任意重度 铁头 307
1919,16:56:51,hit_1919_20260730_165651.csv,512,DEFECT,HIGH,0,69,111,580,500000,4130643,3806272,-4130643,99721.4,,307,273,坏棒 总长1002mm 任意重度 铁头 307
1920,16:56:51,hit_1920_20260730_165651.csv,512,DEFECT,HIGH,0,25,118,233,500000,4283551,2888403,-4283551,-385313.3,,307,-74,坏棒 总长1002mm 任意重度 铁头 307
1921,16:56:51,hit_1921_20260730_165651.csv,512,DEFECT,HIGH,0,68,111,570,500000,3989916,3482992,-3989916,-8147.3,,307,263,坏棒 总长1002mm 任意重度 铁头 307
1922,16:56:51,hit_1922_20260730_165651.csv,512,DEFECT,HIGH,0,65,109,551,500000,5155445,5155445,-3269042,1131114.8,,307,244,坏棒 总长1002mm 任意重度 铁头 307
1923,16:56:52,hit_1923_20260730_165652.csv,512,DEFECT,HIGH,0,21,112,207,500000,4400341,3804916,-4400341,-8886.2,,307,-100,坏棒 总长1002mm 任意重度 铁头 307
1924,16:56:52,hit_1924_20260730_165652.csv,512,DEFECT,HIGH,0,70,112,584,500000,4107807,4041358,-4107807,336570.9,,307,277,坏棒 总长1002mm 任意重度 铁头 307
1925,16:56:52,hit_1925_20260730_165652.csv,512,DEFECT,HIGH,0,69,114,563,500000,4085039,3354411,-4085039,122123.9,,307,256,坏棒 总长1002mm 任意重度 铁头 307
1926,16:56:53,hit_1926_20260730_165653.csv,512,DEFECT,HIGH,0,22,114,213,500000,4482532,3241645,-4482532,-44208.9,,307,-94,坏棒 总长1002mm 任意重度 铁头 307
1927,16:56:53,hit_1927_20260730_165653.csv,512,DEFECT,HIGH,0,21,112,207,500000,4332006,3600439,-4332006,-41504.1,,307,-100,坏棒 总长1002mm 任意重度 铁头 307
1928,16:56:53,hit_1928_20260730_165653.csv,512,DEFECT,HIGH,0,70,112,584,500000,4203157,3755767,-4203157,10980.0,,307,277,坏棒 总长1002mm 任意重度 铁头 307
1929,16:56:53,hit_1929_20260730_165653.csv,512,DEFECT,HIGH,0,22,115,211,500000,4400935,3307377,-4400935,-251379.2,,307,-96,坏棒 总长1002mm 任意重度 铁头 307
1930,16:56:54,hit_1930_20260730_165654.csv,512,DEFECT,HIGH,0,69,111,580,500000,4186969,4186969,-4024556,399049.4,,307,273,坏棒 总长1002mm 任意重度 铁头 307
1931,16:56:54,hit_1931_20260730_165654.csv,512,DEFECT,HIGH,0,70,112,584,500000,4551952,4551952,-4015698,607824.6,,307,277,坏棒 总长1002mm 任意重度 铁头 307
1932,16:56:54,hit_1932_20260730_165654.csv,512,DEFECT,HIGH,0,69,111,580,500000,4243847,4243847,-4027928,447590.0,,307,273,坏棒 总长1002mm 任意重度 铁头 307
1933,16:56:55,hit_1933_20260730_165655.csv,512,DEFECT,HIGH,0,33,111,330,500000,3901523,3901523,-3872319,-384577.9,,307,23,坏棒 总长1002mm 任意重度 铁头 307
1934,16:56:55,hit_1934_20260730_165655.csv,512,DEFECT,HIGH,0,41,110,414,500000,4705814,3754500,-4705814,-544370.4,,307,107,坏棒 总长1002mm 任意重度 铁头 307
1935,16:56:55,hit_1935_20260730_165655.csv,512,DEFECT,HIGH,0,32,112,316,500000,4572785,4437837,-4572785,-208572.4,,307,9,坏棒 总长1002mm 任意重度 铁头 307
1936,16:56:56,hit_1936_20260730_165656.csv,512,DEFECT,HIGH,0,70,110,595,500000,4310158,4192892,-4310158,287270.3,,307,288,坏棒 总长1002mm 任意重度 铁头 307
1937,16:56:58,hit_1937_20260730_165658.csv,512,DEFECT,HIGH,0,69,114,563,500000,4155824,3774406,-4155824,329402.8,,307,256,坏棒 总长1002mm 任意重度 铁头 307
1938,16:56:59,hit_1938_20260730_165659.csv,512,DEFECT,HIGH,0,37,111,370,500000,5042944,5042944,-4061885,584621.6,,307,63,坏棒 总长1002mm 任意重度 铁头 307
1939,16:56:59,hit_1939_20260730_165659.csv,512,DEFECT,HIGH,0,23,114,223,500000,4780685,3669064,-4780685,-1792.8,,307,-84,坏棒 总长1002mm 任意重度 铁头 307
1940,16:56:59,hit_1940_20260730_165659.csv,512,DEFECT,HIGH,0,67,112,554,500000,5424505,5424505,-3676192,1160647.9,,307,247,坏棒 总长1002mm 任意重度 铁头 307
1941,16:57:00,hit_1941_20260730_165700.csv,512,DEFECT,HIGH,0,70,112,584,500000,5106910,5106910,-4084751,934008.5,,307,277,坏棒 总长1002mm 任意重度 铁头 307
1942,16:57:00,hit_1942_20260730_165700.csv,512,DEFECT,HIGH,0,68,111,570,500000,5198872,5198872,-3770746,986167.9,,307,263,坏棒 总长1002mm 任意重度 铁头 307
1943,16:57:00,hit_1943_20260730_165700.csv,512,DEFECT,HIGH,0,67,110,565,500000,5377513,5377513,-3694168,1037875.5,,307,258,坏棒 总长1002mm 任意重度 铁头 307
1944,16:57:01,hit_1944_20260730_165701.csv,512,DEFECT,HIGH,0,28,116,266,500000,5253397,2989839,-5253397,-456562.2,,307,-41,坏棒 总长1002mm 任意重度 铁头 307
1945,16:57:01,hit_1945_20260730_165701.csv,512,DEFECT,HIGH,0,69,112,574,500000,5003407,5003407,-4015422,920472.4,,307,267,坏棒 总长1002mm 任意重度 铁头 307
1946,16:57:01,hit_1946_20260730_165701.csv,512,DEFECT,HIGH,0,22,112,217,500000,4435336,3895293,-4435336,128747.8,,307,-90,坏棒 总长1002mm 任意重度 铁头 307
1947,16:57:02,hit_1947_20260730_165702.csv,512,DEFECT,HIGH,0,69,109,591,500000,4446366,4446366,-4000553,768888.0,,307,284,坏棒 总长1002mm 任意重度 铁头 307
1948,16:57:02,hit_1948_20260730_165702.csv,512,DEFECT,HIGH,0,71,112,594,500000,4435765,4435765,-4197005,426996.8,,307,287,坏棒 总长1002mm 任意重度 铁头 307
1949,16:57:02,hit_1949_20260730_165702.csv,512,DEFECT,HIGH,0,71,115,576,500000,4195112,3778290,-4195112,322294.9,,307,269,坏棒 总长1002mm 任意重度 铁头 307
1950,16:57:03,hit_1950_20260730_165703.csv,512,DEFECT,HIGH,0,66,115,528,500000,5559311,5559311,-3541549,1379331.7,,307,221,坏棒 总长1002mm 任意重度 铁头 307
1951,16:57:03,hit_1951_20260730_165703.csv,512,DEFECT,HIGH,0,68,111,570,500000,5183787,5183787,-3743586,900810.5,,307,263,坏棒 总长1002mm 任意重度 铁头 307
1952,16:57:03,hit_1952_20260730_165703.csv,512,DEFECT,HIGH,0,67,112,554,500000,4887121,4887121,-3823469,879793.1,,307,247,坏棒 总长1002mm 任意重度 铁头 307
1953,16:57:04,hit_1953_20260730_165704.csv,512,DEFECT,HIGH,0,69,111,580,500000,4357904,4357904,-4039136,606744.0,,307,273,坏棒 总长1002mm 任意重度 铁头 307
1954,16:57:04,hit_1954_20260730_165704.csv,512,DEFECT,HIGH,0,65,108,556,500000,4664969,4664969,-3497511,848800.5,,307,249,坏棒 总长1002mm 任意重度 铁头 307
1955,16:57:04,hit_1955_20260730_165704.csv,512,DEFECT,HIGH,0,67,108,577,500000,4562990,4562990,-3677661,782448.5,,307,270,坏棒 总长1002mm 任意重度 铁头 307
1956,16:57:04,hit_1956_20260730_165704.csv,512,DEFECT,HIGH,0,67,110,565,500000,4344810,4344810,-3928133,442509.8,,307,258,坏棒 总长1002mm 任意重度 铁头 307
1957,16:57:05,hit_1957_20260730_165705.csv,512,DEFECT,HIGH,0,66,113,539,500000,4702949,4702949,-3447137,787242.3,,307,232,坏棒 总长1002mm 任意重度 铁头 307
1958,16:57:05,hit_1958_20260730_165705.csv,512,DEFECT,HIGH,0,40,113,392,500000,5851599,5851599,-3055173,1960080.8,,307,85,坏棒 总长1002mm 任意重度 铁头 307
1959,16:57:05,hit_1959_20260730_165705.csv,512,DEFECT,HIGH,0,66,111,550,500000,4977400,4977400,-3539898,768271.7,,307,243,坏棒 总长1002mm 任意重度 铁头 307
1960,16:57:06,hit_1960_20260730_165706.csv,512,DEFECT,HIGH,0,21,113,205,500000,4371681,3788950,-4371681,80024.6,,307,-102,坏棒 总长1002mm 任意重度 铁头 307
1961,16:57:06,hit_1961_20260730_165706.csv,512,DEFECT,HIGH,0,68,113,558,500000,5081823,5081823,-4066235,983263.6,,307,251,坏棒 总长1002mm 任意重度 铁头 307
1962,16:57:06,hit_1962_20260730_165706.csv,512,DEFECT,HIGH,0,66,111,550,500000,4670438,4670438,-3768711,844757.3,,307,243,坏棒 总长1002mm 任意重度 铁头 307
1963,16:57:07,hit_1963_20260730_165707.csv,512,DEFECT,HIGH,0,70,111,590,500000,4843187,4843187,-4096536,586679.8,,307,283,坏棒 总长1002mm 任意重度 铁头 307
1964,16:57:07,hit_1964_20260730_165707.csv,512,DEFECT,HIGH,0,64,109,540,500000,5665569,5665569,-3113891,1550942.4,,307,233,坏棒 总长1002mm 任意重度 铁头 307
1965,16:57:07,hit_1965_20260730_165707.csv,512,DEFECT,HIGH,0,63,109,530,500000,5875041,5875041,-3011360,1771570.1,,307,223,坏棒 总长1002mm 任意重度 铁头 307
1966,16:57:08,hit_1966_20260730_165708.csv,512,DEFECT,HIGH,0,64,110,535,500000,4550232,4550232,-3173221,880292.8,,307,228,坏棒 总长1002mm 任意重度 铁头 307
1967,16:57:08,hit_1967_20260730_165708.csv,512,DEFECT,HIGH,0,68,112,564,500000,5027947,5027947,-3703832,966130.7,,307,257,坏棒 总长1002mm 任意重度 铁头 307
1968,16:57:08,hit_1968_20260730_165708.csv,512,DEFECT,HIGH,0,69,112,574,500000,5027969,5027969,-4012932,771269.7,,307,267,坏棒 总长1002mm 任意重度 铁头 307
1969,16:57:08,hit_1969_20260730_165708.csv,512,DEFECT,HIGH,0,70,114,572,500000,4661830,4661830,-3913835,723776.6,,307,265,坏棒 总长1002mm 任意重度 铁头 307
1970,16:57:09,hit_1970_20260730_165709.csv,512,DEFECT,HIGH,0,69,114,563,500000,4097560,4097560,-4040786,473537.0,,307,256,坏棒 总长1002mm 任意重度 铁头 307
1971,16:57:09,hit_1971_20260730_165709.csv,512,DEFECT,HIGH,0,69,113,568,500000,4646388,4646388,-3847748,709831.5,,307,261,坏棒 总长1002mm 任意重度 铁头 307
1972,16:57:09,hit_1972_20260730_165709.csv,512,DEFECT,HIGH,0,67,112,554,500000,5780066,5780066,-3584423,1416305.0,,307,247,坏棒 总长1002mm 任意重度 铁头 307
1973,16:57:10,hit_1973_20260730_165710.csv,512,NORMAL,HIGH,0,0,114,0,500000,4037367,3348063,-4037367,270263.8,,307,,坏棒 总长1002mm 任意重度 铁头 307
1974,16:57:10,hit_1974_20260730_165710.csv,512,DEFECT,HIGH,0,71,115,576,500000,4809090,4809090,-4306691,622462.5,,307,269,坏棒 总长1002mm 任意重度 铁头 307
1975,16:57:10,hit_1975_20260730_165710.csv,512,DEFECT,HIGH,0,68,114,553,500000,5589791,5589791,-3688557,1403238.2,,307,246,坏棒 总长1002mm 任意重度 铁头 307
1976,16:57:11,hit_1976_20260730_165711.csv,512,DEFECT,HIGH,0,66,113,539,500000,5413395,5413395,-3461701,1243063.3,,307,232,坏棒 总长1002mm 任意重度 铁头 307
1977,16:57:11,hit_1977_20260730_165711.csv,512,DEFECT,HIGH,0,40,113,392,500000,5002174,5002174,-3815088,811923.2,,307,85,坏棒 总长1002mm 任意重度 铁头 307
1978,16:57:11,hit_1978_20260730_165711.csv,512,DEFECT,HIGH,0,39,112,386,500000,5370858,5370858,-4149201,639877.2,,307,79,坏棒 总长1002mm 任意重度 铁头 307
1979,16:57:12,hit_1979_20260730_165712.csv,512,DEFECT,HIGH,0,65,112,534,500000,5988027,5988027,-3185252,1801642.6,,307,227,坏棒 总长1002mm 任意重度 铁头 307
1980,16:57:12,hit_1980_20260730_165712.csv,512,DEFECT,HIGH,0,64,112,524,500000,5580162,5580162,-2972213,1406944.2,,307,217,坏棒 总长1002mm 任意重度 铁头 307
1981,16:57:12,hit_1981_20260730_165712.csv,512,DEFECT,HIGH,0,69,112,574,500000,5073550,5073550,-3460555,955186.4,,307,267,坏棒 总长1002mm 任意重度 铁头 307
1982,16:57:12,hit_1982_20260730_165712.csv,512,DEFECT,HIGH,0,23,115,221,500000,4631155,4592114,-4631155,353250.5,,307,-86,坏棒 总长1002mm 任意重度 铁头 307
1983,16:57:13,hit_1983_20260730_165713.csv,512,DEFECT,HIGH,0,70,113,578,500000,4113961,2884175,-4113961,-155100.0,,307,271,坏棒 总长1002mm 任意重度 铁头 307
1984,16:57:13,hit_1984_20260730_165713.csv,512,DEFECT,HIGH,0,69,110,585,500000,4537070,4537070,-4095392,548185.0,,307,278,坏棒 总长1002mm 任意重度 铁头 307
1985,16:57:13,hit_1985_20260730_165713.csv,512,DEFECT,HIGH,0,68,109,581,500000,5244810,5244810,-4019684,977350.2,,307,274,坏棒 总长1002mm 任意重度 铁头 307
1986,16:57:14,hit_1986_20260730_165714.csv,512,DEFECT,HIGH,0,69,115,557,500000,4543823,4543823,-4019137,641912.3,,307,250,坏棒 总长1002mm 任意重度 铁头 307
1987,16:57:14,hit_1987_20260730_165714.csv,512,DEFECT,HIGH,0,68,113,558,500000,4649302,4649302,-3856079,644865.7,,307,251,坏棒 总长1002mm 任意重度 铁头 307
1988,16:57:14,hit_1988_20260730_165714.csv,512,DEFECT,HIGH,0,24,116,228,500000,4839308,3221148,-4839308,-117146.8,,307,-79,坏棒 总长1002mm 任意重度 铁头 307
1989,16:57:15,hit_1989_20260730_165715.csv,512,DEFECT,HIGH,0,71,114,582,500000,4712296,4712296,-4181260,589108.2,,307,275,坏棒 总长1002mm 任意重度 铁头 307
1990,16:57:15,hit_1990_20260730_165715.csv,512,DEFECT,HIGH,0,68,113,558,500000,5290490,5290490,-3591420,1111262.7,,307,251,坏棒 总长1002mm 任意重度 铁头 307
1991,16:57:15,hit_1991_20260730_165715.csv,512,DEFECT,HIGH,0,70,113,578,500000,5000957,5000957,-4169167,640533.3,,307,271,坏棒 总长1002mm 任意重度 铁头 307
1992,16:57:16,hit_1992_20260730_165716.csv,512,DEFECT,HIGH,0,68,113,558,500000,5393904,5393904,-3578690,1132776.7,,307,251,坏棒 总长1002mm 任意重度 铁头 307
1993,16:57:16,hit_1993_20260730_165716.csv,512,DEFECT,HIGH,0,74,119,583,500000,4846119,4846119,-4421175,641206.9,,307,276,坏棒 总长1002mm 任意重度 铁头 307
1994,16:57:16,hit_1994_20260730_165716.csv,512,DEFECT,HIGH,0,69,114,563,500000,5041287,5041287,-3890203,851311.0,,307,256,坏棒 总长1002mm 任意重度 铁头 307
1995,16:57:17,hit_1995_20260730_165717.csv,512,DEFECT,HIGH,0,71,113,588,500000,4907858,4907858,-4238448,571674.8,,307,281,坏棒 总长1002mm 任意重度 铁头 307
1996,16:57:17,hit_1996_20260730_165717.csv,512,DEFECT,HIGH,0,70,112,584,500000,4280907,4233509,-4280907,396019.8,,307,277,坏棒 总长1002mm 任意重度 铁头 307
1997,16:57:17,hit_1997_20260730_165717.csv,512,DEFECT,HIGH,0,65,109,551,500000,4588966,4588966,-3843692,985066.2,,307,244,坏棒 总长1002mm 任意重度 铁头 307
1998,16:57:17,hit_1998_20260730_165717.csv,512,DEFECT,HIGH,0,63,108,536,500000,4734304,4734304,-3546575,1034901.2,,307,229,坏棒 总长1002mm 任意重度 铁头 307
1999,16:57:18,hit_1999_20260730_165718.csv,512,DEFECT,HIGH,0,69,111,580,500000,5383047,5383047,-3815684,1024770.0,,307,273,坏棒 总长1002mm 任意重度 铁头 307
2000,16:57:18,hit_2000_20260730_165718.csv,512,DEFECT,HIGH,0,68,112,564,500000,5752647,5752647,-3809114,1228491.1,,307,257,坏棒 总长1002mm 任意重度 铁头 307
