hit,time,file,points,state,conf,impact,defect,bottom,dist_mm,threshold,peak_abs,peak_pos,peak_neg,mean,rod_len_mm,defect_true_mm,err_mm,note
1,17:16:55,hit_001_20260730_171655.csv,512,DEFECT,HIGH,0,28,118,261,500000,5338257,4650698,-5338257,-373986.9,,800,-539,坏棒 总长1000 任意重度敲 800
2,17:16:55,hit_002_20260730_171655.csv,512,DEFECT,HIGH,0,27,117,254,500000,5205748,4384843,-5205748,-306911.2,,800,-546,坏棒 总长1000 任意重度敲 800
3,17:16:55,hit_003_20260730_171655.csv,512,DEFECT,HIGH,0,24,115,230,500000,5007263,4574705,-5007263,-155361.4,,800,-570,坏棒 总长1000 任意重度敲 800
4,17:16:56,hit_004_20260730_171656.csv,512,DEFECT,HIGH,0,23,115,221,500000,4668140,4603595,-4668140,197013.8,,800,-579,坏棒 总长1000 任意重度敲 800
5,17:16:56,hit_005_20260730_171656.csv,512,DEFECT,HIGH,0,23,117,216,500000,4705100,4705100,-4595052,117864.6,,800,-584,坏棒 总长1000 任意重度敲 800
6,17:16:56,hit_006_20260730_171656.csv,512,DEFECT,HIGH,0,24,118,224,500000,4880809,4801399,-4880809,22332.4,,800,-576,坏棒 总长1000 任意重度敲 800
7,17:16:57,hit_007_20260730_171657.csv,512,DEFECT,HIGH,0,22,118,205,500000,4611213,4529984,-4611213,-46747.5,,800,-595,坏棒 总长1000 任意重度敲 800
8,17:16:57,hit_008_20260730_171657.csv,512,DEFECT,HIGH,0,24,117,226,500000,4704408,4704408,-4703987,38836.1,,800,-574,坏棒 总长1000 任意重度敲 800
9,17:16:57,hit_009_20260730_171657.csv,512,DEFECT,HIGH,0,22,117,207,500000,4494910,4418486,-4494910,-158905.7,,800,-593,坏棒 总长1000 任意重度敲 800
10,17:16:57,hit_010_20260730_171657.csv,512,DEFECT,HIGH,0,25,118,233,500000,4452713,4116759,-4452713,-246925.9,,800,-567,坏棒 总长1000 任意重度敲 800
11,17:16:58,hit_011_20260730_171658.csv,512,NORMAL,HIGH,0,0,116,0,500000,4139830,4070402,-4139830,-172819.9,,800,,坏棒 总长1000 任意重度敲 800
12,17:16:58,hit_012_20260730_171658.csv,512,DEFECT,HIGH,0,27,118,252,500000,4547829,4315827,-4547829,-263728.7,,800,-548,坏棒 总长1000 任意重度敲 800
13,17:16:58,hit_013_20260730_171658.csv,512,DEFECT,HIGH,0,28,120,256,500000,4787874,4334679,-4787874,-334627.8,,800,-544,坏棒 总长1000 任意重度敲 800
14,17:16:59,hit_014_20260730_171659.csv,512,DEFECT,HIGH,0,22,117,207,500000,4536190,4457413,-4536190,-131632.8,,800,-593,坏棒 总长1000 任意重度敲 800
15,17:16:59,hit_015_20260730_171659.csv,512,DEFECT,HIGH,0,25,121,227,500000,4961198,4326824,-4961198,-280248.2,,800,-573,坏棒 总长1000 任意重度敲 800
16,17:16:59,hit_016_20260730_171659.csv,512,DEFECT,HIGH,0,22,118,205,500000,4488490,4488490,-4370205,-10401.7,,800,-595,坏棒 总长1000 任意重度敲 800
17,17:16:59,hit_017_20260730_171659.csv,512,DEFECT,HIGH,0,21,117,198,500000,4559573,4559573,-4351711,3111.1,,800,-602,坏棒 总长1000 任意重度敲 800
18,17:17:00,hit_018_20260730_171700.csv,512,DEFECT,HIGH,0,24,117,226,500000,4804403,4534049,-4804403,-189078.8,,800,-574,坏棒 总长1000 任意重度敲 800
19,17:17:00,hit_019_20260730_171700.csv,512,DEFECT,HIGH,0,87,117,716,500000,4844521,4844521,-4184664,185482.2,,800,-84,坏棒 总长1000 任意重度敲 800
20,17:17:00,hit_020_20260730_171700.csv,512,DEFECT,HIGH,0,24,119,222,500000,4831387,4719397,-4831387,-109531.1,,800,-578,坏棒 总长1000 任意重度敲 800
21,17:17:00,hit_021_20260730_171700.csv,512,DEFECT,HIGH,0,26,120,238,500000,5097581,4627443,-5097581,-271771.4,,800,-562,坏棒 总长1000 任意重度敲 800
22,17:17:01,hit_022_20260730_171701.csv,512,DEFECT,HIGH,0,23,117,216,500000,4957439,4957439,-4581502,73897.6,,800,-584,坏棒 总长1000 任意重度敲 800
23,17:17:01,hit_023_20260730_171701.csv,512,DEFECT,HIGH,0,24,118,224,500000,4876013,4746704,-4876013,-206855.5,,800,-576,坏棒 总长1000 任意重度敲 800
24,17:17:01,hit_024_20260730_171701.csv,512,DEFECT,HIGH,0,25,122,225,500000,4955606,4750396,-4955606,-233342.9,,800,-575,坏棒 总长1000 任意重度敲 800
25,17:17:01,hit_025_20260730_171701.csv,512,DEFECT,HIGH,0,23,120,211,500000,4903675,4903675,-4709550,46124.4,,800,-589,坏棒 总长1000 任意重度敲 800
26,17:17:02,hit_026_20260730_171702.csv,512,DEFECT,HIGH,0,24,118,224,500000,4793070,4459643,-4793070,-169713.7,,800,-576,坏棒 总长1000 任意重度敲 800
27,17:17:02,hit_027_20260730_171702.csv,512,NORMAL,HIGH,0,0,117,0,500000,4501644,4251805,-4501644,36125.3,,800,,坏棒 总长1000 任意重度敲 800
28,17:17:02,hit_028_20260730_171702.csv,512,NORMAL,HIGH,0,0,115,0,500000,4168450,4068127,-4168450,41954.9,,800,,坏棒 总长1000 任意重度敲 800
29,17:17:02,hit_029_20260730_171702.csv,512,DEFECT,HIGH,0,25,115,240,500000,4857242,4099991,-4857242,-447893.7,,800,-560,坏棒 总长1000 任意重度敲 800
30,17:17:03,hit_030_20260730_171703.csv,512,DEFECT,HIGH,0,23,115,221,500000,4755383,3874901,-4755383,-459212.4,,800,-579,坏棒 总长1000 任意重度敲 800
31,17:17:03,hit_031_20260730_171703.csv,512,DEFECT,HIGH,0,25,116,238,500000,4818013,3763633,-4818013,-536031.7,,800,-562,坏棒 总长1000 任意重度敲 800
32,17:17:03,hit_032_20260730_171703.csv,512,DEFECT,HIGH,0,23,116,219,500000,4659636,3821763,-4659636,-303816.9,,800,-581,坏棒 总长1000 任意重度敲 800
33,17:17:03,hit_033_20260730_171703.csv,512,DEFECT,HIGH,0,84,115,701,500000,4306325,4125179,-4306325,-157907.6,,800,-99,坏棒 总长1000 任意重度敲 800
34,17:17:04,hit_034_20260730_171704.csv,512,DEFECT,HIGH,0,24,117,226,500000,4725774,3990848,-4725774,-334342.0,,800,-574,坏棒 总长1000 任意重度敲 800
35,17:17:04,hit_035_20260730_171704.csv,512,DEFECT,HIGH,0,24,117,226,500000,4689922,3823982,-4689922,-398584.1,,800,-574,坏棒 总长1000 任意重度敲 800
36,17:17:04,hit_036_20260730_171704.csv,512,DEFECT,HIGH,0,22,117,207,500000,4398783,3990926,-4398783,-193668.0,,800,-593,坏棒 总长1000 任意重度敲 800
37,17:17:04,hit_037_20260730_171704.csv,512,DEFECT,HIGH,0,25,118,233,500000,4799016,3772979,-4799016,-568740.1,,800,-567,坏棒 总长1000 任意重度敲 800
38,17:17:05,hit_038_20260730_171705.csv,512,DEFECT,HIGH,0,24,118,224,500000,4688398,4155849,-4688398,-147728.7,,800,-576,坏棒 总长1000 任意重度敲 800
39,17:17:05,hit_039_20260730_171705.csv,512,DEFECT,HIGH,0,25,118,233,500000,4882093,4096133,-4882093,-234466.8,,800,-567,坏棒 总长1000 任意重度敲 800
40,17:17:05,hit_040_20260730_171705.csv,512,DEFECT,HIGH,0,23,118,214,500000,4551134,3892807,-4551134,-244925.6,,800,-586,坏棒 总长1000 任意重度敲 800
41,17:17:05,hit_041_20260730_171705.csv,512,DEFECT,HIGH,0,23,118,214,500000,4614918,4021739,-4614918,-217178.1,,800,-586,坏棒 总长1000 任意重度敲 800
42,17:17:06,hit_042_20260730_171706.csv,512,DEFECT,HIGH,0,23,116,219,500000,4777799,3865371,-4777799,-495390.5,,800,-581,坏棒 总长1000 任意重度敲 800
43,17:17:06,hit_043_20260730_171706.csv,512,DEFECT,HIGH,0,26,119,240,500000,4651429,4094719,-4651429,-276599.0,,800,-560,坏棒 总长1000 任意重度敲 800
44,17:17:06,hit_044_20260730_171706.csv,512,DEFECT,HIGH,0,25,117,235,500000,4427916,4142382,-4427916,-206139.6,,800,-565,坏棒 总长1000 任意重度敲 800
45,17:17:06,hit_045_20260730_171706.csv,512,DEFECT,HIGH,0,25,118,233,500000,4626803,4132567,-4626803,-267857.5,,800,-567,坏棒 总长1000 任意重度敲 800
46,17:17:07,hit_046_20260730_171707.csv,512,NORMAL,HIGH,0,0,117,0,500000,4359736,4359736,-4184112,14253.5,,800,,坏棒 总长1000 任意重度敲 800
47,17:17:07,hit_047_20260730_171707.csv,512,DEFECT,HIGH,0,23,119,212,500000,4594819,4229013,-4594819,-177293.7,,800,-588,坏棒 总长1000 任意重度敲 800
48,17:17:07,hit_048_20260730_171707.csv,512,DEFECT,HIGH,0,23,119,212,500000,4650160,4387151,-4650160,-269136.9,,800,-588,坏棒 总长1000 任意重度敲 800
49,17:17:08,hit_049_20260730_171708.csv,512,DEFECT,HIGH,0,22,120,201,500000,4730154,4730154,-4517405,62.4,,800,-599,坏棒 总长1000 任意重度敲 800
50,17:17:08,hit_050_20260730_171708.csv,512,DEFECT,HIGH,0,29,120,266,500000,4893955,4497847,-4893955,-244182.7,,800,-534,坏棒 总长1000 任意重度敲 800
51,17:17:08,hit_051_20260730_171708.csv,512,DEFECT,HIGH,0,23,121,209,500000,4745544,4745544,-4700140,-135716.4,,800,-591,坏棒 总长1000 任意重度敲 800
52,17:17:08,hit_052_20260730_171708.csv,512,DEFECT,HIGH,0,21,118,196,500000,4821193,4821193,-4394780,-35087.5,,800,-604,坏棒 总长1000 任意重度敲 800
53,17:17:09,hit_053_20260730_171709.csv,512,DEFECT,HIGH,0,21,118,196,500000,4649828,4649828,-4389592,-14716.2,,800,-604,坏棒 总长1000 任意重度敲 800
54,17:17:09,hit_054_20260730_171709.csv,512,DEFECT,HIGH,0,24,118,224,500000,4729686,4262595,-4729686,-142646.4,,800,-576,坏棒 总长1000 任意重度敲 800
55,17:17:09,hit_055_20260730_171709.csv,512,NORMAL,HIGH,0,0,116,0,500000,4233733,4233733,-4184370,122704.0,,800,,坏棒 总长1000 任意重度敲 800
56,17:17:09,hit_056_20260730_171709.csv,512,DEFECT,HIGH,0,85,115,711,500000,4089076,3916106,-4089076,-88713.4,,800,-89,坏棒 总长1000 任意重度敲 800
57,17:17:10,hit_057_20260730_171710.csv,512,DEFECT,HIGH,0,90,114,766,500000,4982869,4077079,-4982869,-459982.5,,800,-34,坏棒 总长1000 任意重度敲 800
58,17:17:10,hit_058_20260730_171710.csv,512,DEFECT,HIGH,0,45,117,424,500000,4841889,3674208,-4841889,-455703.7,,800,-376,坏棒 总长1000 任意重度敲 800
59,17:17:10,hit_059_20260730_171710.csv,512,DEFECT,HIGH,0,24,117,226,500000,4932950,3982070,-4932950,-315664.2,,800,-574,坏棒 总长1000 任意重度敲 800
60,17:17:10,hit_060_20260730_171710.csv,512,DEFECT,HIGH,0,24,117,226,500000,4689087,3787752,-4689087,-424993.0,,800,-574,坏棒 总长1000 任意重度敲 800
61,17:17:11,hit_061_20260730_171711.csv,512,DEFECT,HIGH,0,25,117,235,500000,4911435,4006126,-4911435,-336810.6,,800,-565,坏棒 总长1000 任意重度敲 800
62,17:17:11,hit_062_20260730_171711.csv,512,DEFECT,HIGH,0,24,116,228,500000,4806186,4021740,-4806186,-335206.8,,800,-572,坏棒 总长1000 任意重度敲 800
63,17:17:11,hit_063_20260730_171711.csv,512,DEFECT,HIGH,0,22,116,209,500000,4622380,3854798,-4622380,-466510.4,,800,-591,坏棒 总长1000 任意重度敲 800
64,17:17:11,hit_064_20260730_171711.csv,512,DEFECT,HIGH,0,25,119,231,500000,4697600,3516760,-4697600,-385159.0,,800,-569,坏棒 总长1000 任意重度敲 800
65,17:17:12,hit_065_20260730_171712.csv,512,DEFECT,HIGH,0,24,118,224,500000,4833469,3893619,-4833469,-474808.3,,800,-576,坏棒 总长1000 任意重度敲 800
66,17:17:12,hit_066_20260730_171712.csv,512,DEFECT,HIGH,0,25,118,233,500000,4742056,4169363,-4742056,-227593.6,,800,-567,坏棒 总长1000 任意重度敲 800
67,17:17:12,hit_067_20260730_171712.csv,512,DEFECT,HIGH,0,21,117,198,500000,4328646,3855144,-4328646,-219037.6,,800,-602,坏棒 总长1000 任意重度敲 800
68,17:17:12,hit_068_20260730_171712.csv,512,DEFECT,HIGH,0,23,120,211,500000,4455951,3402318,-4455951,-260325.7,,800,-589,坏棒 总长1000 任意重度敲 800
69,17:17:13,hit_069_20260730_171713.csv,512,DEFECT,HIGH,0,22,117,207,500000,4457699,3871621,-4457699,-214196.8,,800,-593,坏棒 总长1000 任意重度敲 800
70,17:17:13,hit_070_20260730_171713.csv,512,DEFECT,HIGH,0,23,119,212,500000,4411772,3694700,-4411772,-280290.1,,800,-588,坏棒 总长1000 任意重度敲 800
71,17:17:13,hit_071_20260730_171713.csv,512,DEFECT,HIGH,0,22,115,211,500000,4561900,3934819,-4561900,-394308.5,,800,-589,坏棒 总长1000 任意重度敲 800
72,17:17:13,hit_072_20260730_171713.csv,512,DEFECT,HIGH,0,32,108,329,500000,5514847,3965028,-5514847,-502884.1,,800,-471,坏棒 总长1000 任意重度敲 800
73,17:17:14,hit_073_20260730_171714.csv,512,DEFECT,HIGH,0,26,119,240,500000,4626908,4022049,-4626908,-199090.2,,800,-560,坏棒 总长1000 任意重度敲 800
74,17:17:14,hit_074_20260730_171714.csv,512,DEFECT,HIGH,0,85,117,698,500000,4098477,4032761,-4098477,-81940.0,,800,-102,坏棒 总长1000 任意重度敲 800
75,17:17:14,hit_075_20260730_171714.csv,512,DEFECT,HIGH,0,21,120,192,500000,4867108,4867108,-4271038,214599.3,,800,-608,坏棒 总长1000 任意重度敲 800
76,17:17:14,hit_076_20260730_171714.csv,512,DEFECT,HIGH,0,37,108,381,500000,4794140,3760938,-4794140,-289541.2,,800,-419,坏棒 总长1000 任意重度敲 800
77,17:17:15,hit_077_20260730_171715.csv,512,DEFECT,HIGH,0,27,120,247,500000,4614887,4043970,-4614887,-226953.5,,800,-553,坏棒 总长1000 任意重度敲 800
78,17:17:15,hit_078_20260730_171715.csv,512,DEFECT,HIGH,0,23,118,214,500000,4763395,4763395,-4598305,-130503.9,,800,-586,坏棒 总长1000 任意重度敲 800
79,17:17:15,hit_079_20260730_171715.csv,512,DEFECT,HIGH,0,22,118,205,500000,4797851,4797851,-4479109,-69641.9,,800,-595,坏棒 总长1000 任意重度敲 800
80,17:17:16,hit_080_20260730_171716.csv,512,DEFECT,HIGH,0,21,119,194,500000,5019178,5019178,-4333173,133577.9,,800,-606,坏棒 总长1000 任意重度敲 800
81,17:17:16,hit_081_20260730_171716.csv,512,DEFECT,HIGH,0,30,108,309,500000,4415552,3304506,-4415552,-304527.1,,800,-491,坏棒 总长1000 任意重度敲 800
82,17:17:16,hit_082_20260730_171716.csv,512,DEFECT,HIGH,0,23,122,207,500000,4762936,4554501,-4762936,-42407.0,,800,-593,坏棒 总长1000 任意重度敲 800
83,17:17:16,hit_083_20260730_171716.csv,512,DEFECT,HIGH,0,26,118,242,500000,4437258,4231888,-4437258,-168300.3,,800,-558,坏棒 总长1000 任意重度敲 800
84,17:17:16,hit_084_20260730_171716.csv,512,DEFECT,HIGH,0,24,118,224,500000,4457036,4457036,-4275126,35620.2,,800,-576,坏棒 总长1000 任意重度敲 800
85,17:17:17,hit_085_20260730_171717.csv,512,DEFECT,HIGH,0,22,119,203,500000,4514454,4271736,-4514454,-97226.8,,800,-597,坏棒 总长1000 任意重度敲 800
86,17:17:17,hit_086_20260730_171717.csv,512,NORMAL,HIGH,0,0,117,0,500000,4476126,4476126,-3970641,251747.0,,800,,坏棒 总长1000 任意重度敲 800
87,17:17:17,hit_087_20260730_171717.csv,512,DEFECT,HIGH,0,27,118,252,500000,4575641,4211100,-4575641,-221076.3,,800,-548,坏棒 总长1000 任意重度敲 800
88,17:17:17,hit_088_20260730_171717.csv,512,DEFECT,HIGH,0,85,116,704,500000,4258404,3807571,-4258404,-264661.8,,800,-96,坏棒 总长1000 任意重度敲 800
89,17:17:18,hit_089_20260730_171718.csv,512,DEFECT,HIGH,0,22,117,207,500000,4413571,4251213,-4413571,-156365.8,,800,-593,坏棒 总长1000 任意重度敲 800
90,17:17:18,hit_090_20260730_171718.csv,512,NORMAL,HIGH,0,0,114,0,500000,4356062,4020178,-4356062,-118443.7,,800,,坏棒 总长1000 任意重度敲 800
91,17:17:20,hit_091_20260730_171720.csv,512,DEFECT,HIGH,0,22,119,203,500000,4337865,4028464,-4337865,-120365.5,,800,-597,坏棒 总长1000 任意重度敲 800
92,17:17:20,hit_092_20260730_171720.csv,512,NORMAL,HIGH,0,0,114,0,500000,4057833,4003633,-4057833,-133410.4,,800,,坏棒 总长1000 任意重度敲 800
93,17:17:21,hit_093_20260730_171721.csv,512,DEFECT,HIGH,0,23,116,219,500000,4409994,3777246,-4409994,-206248.5,,800,-581,坏棒 总长1000 任意重度敲 800
94,17:17:21,hit_094_20260730_171721.csv,512,NORMAL,HIGH,0,0,118,0,500000,4376711,4376711,-4314246,594.1,,800,,坏棒 总长1000 任意重度敲 800
95,17:17:22,hit_095_20260730_171722.csv,512,DEFECT,HIGH,0,26,118,242,500000,4621197,4213440,-4621197,-328623.4,,800,-558,坏棒 总长1000 任意重度敲 800
96,17:17:22,hit_096_20260730_171722.csv,512,DEFECT,HIGH,0,24,119,222,500000,4783333,4168914,-4783333,-407849.0,,800,-578,坏棒 总长1000 任意重度敲 800
97,17:17:22,hit_097_20260730_171722.csv,512,DEFECT,HIGH,0,27,118,252,500000,4909925,4145874,-4909925,-468376.3,,800,-548,坏棒 总长1000 任意重度敲 800
98,17:17:22,hit_098_20260730_171722.csv,512,DEFECT,HIGH,0,25,123,223,500000,5112637,4619338,-5112637,-123939.7,,800,-577,坏棒 总长1000 任意重度敲 800
99,17:17:23,hit_099_20260730_171723.csv,512,DEFECT,HIGH,0,25,122,225,500000,5060778,4264893,-5060778,-334112.7,,800,-575,坏棒 总长1000 任意重度敲 800
100,17:17:23,hit_100_20260730_171723.csv,512,NORMAL,HIGH,0,0,119,0,500000,4941911,4941911,-4166808,403727.0,,800,,坏棒 总长1000 任意重度敲 800
101,17:17:23,hit_101_20260730_171723.csv,512,DEFECT,HIGH,0,24,119,222,500000,4886827,4680890,-4886827,-169033.1,,800,-578,坏棒 总长1000 任意重度敲 800
102,17:17:23,hit_102_20260730_171723.csv,512,DEFECT,HIGH,0,21,119,194,500000,4543077,4543077,-4411414,81763.3,,800,-606,坏棒 总长1000 任意重度敲 800
103,17:17:24,hit_103_20260730_171724.csv,512,DEFECT,HIGH,0,25,117,235,500000,5031411,4600656,-5031411,-317074.3,,800,-565,坏棒 总长1000 任意重度敲 800
104,17:17:24,hit_104_20260730_171724.csv,512,DEFECT,HIGH,0,28,119,259,500000,5203841,5203841,-4247731,138661.1,,800,-541,坏棒 总长1000 任意重度敲 800
105,17:17:24,hit_105_20260730_171724.csv,512,DEFECT,HIGH,0,27,117,254,500000,5659977,5659977,-3733019,523901.5,,800,-546,坏棒 总长1000 任意重度敲 800
106,17:17:25,hit_106_20260730_171725.csv,512,DEFECT,HIGH,0,21,118,196,500000,5054942,5054942,-4459400,114933.7,,800,-604,坏棒 总长1000 任意重度敲 800
107,17:17:25,hit_107_20260730_171725.csv,512,DEFECT,HIGH,0,24,117,226,500000,4737151,4550344,-4737151,-273502.3,,800,-574,坏棒 总长1000 任意重度敲 800
108,17:17:25,hit_108_20260730_171725.csv,512,DEFECT,HIGH,0,24,118,224,500000,4826957,4119609,-4826957,-319511.5,,800,-576,坏棒 总长1000 任意重度敲 800
109,17:17:26,hit_109_20260730_171726.csv,512,DEFECT,HIGH,0,23,117,216,500000,4279131,4101300,-4279131,-110385.9,,800,-584,坏棒 总长1000 任意重度敲 800
110,17:17:26,hit_110_20260730_171726.csv,512,DEFECT,HIGH,0,89,118,728,500000,5055437,4093061,-5055437,-251606.4,,800,-72,坏棒 总长1000 任意重度敲 800
111,17:17:26,hit_111_20260730_171726.csv,512,DEFECT,HIGH,0,26,117,245,500000,4994566,4054646,-4994566,-329224.5,,800,-555,坏棒 总长1000 任意重度敲 800
112,17:17:27,hit_112_20260730_171727.csv,512,DEFECT,HIGH,0,23,120,211,500000,4540299,4540299,-4472292,6558.0,,800,-589,坏棒 总长1000 任意重度敲 800
113,17:17:27,hit_113_20260730_171727.csv,512,DEFECT,HIGH,0,22,120,201,500000,4653507,4653507,-4537267,18380.4,,800,-599,坏棒 总长1000 任意重度敲 800
114,17:17:27,hit_114_20260730_171727.csv,512,DEFECT,HIGH,0,31,108,319,500000,5688469,4729384,-5688469,-170674.4,,800,-481,坏棒 总长1000 任意重度敲 800
115,17:17:27,hit_115_20260730_171727.csv,512,DEFECT,HIGH,0,33,114,320,500000,6104147,4634378,-6104147,-411320.9,,800,-480,坏棒 总长1000 任意重度敲 800
116,17:17:28,hit_116_20260730_171728.csv,512,DEFECT,HIGH,0,25,122,225,500000,4962762,4933259,-4962762,-61947.3,,800,-575,坏棒 总长1000 任意重度敲 800
117,17:17:28,hit_117_20260730_171728.csv,512,DEFECT,HIGH,0,29,119,268,500000,5255659,5255659,-4175259,352810.2,,800,-532,坏棒 总长1000 任意重度敲 800
118,17:17:28,hit_118_20260730_171728.csv,512,DEFECT,HIGH,0,29,118,271,500000,5478223,5478223,-4120995,393448.2,,800,-529,坏棒 总长1000 任意重度敲 800
119,17:17:28,hit_119_20260730_171728.csv,512,DEFECT,HIGH,0,23,121,209,500000,4882878,4882878,-4682023,-57503.9,,800,-591,坏棒 总长1000 任意重度敲 800
120,17:17:29,hit_120_20260730_171729.csv,512,DEFECT,HIGH,0,23,117,216,500000,4621685,4504480,-4621685,-164414.8,,800,-584,坏棒 总长1000 任意重度敲 800
121,17:17:29,hit_121_20260730_171729.csv,512,DEFECT,HIGH,0,25,122,225,500000,4848565,4518627,-4848565,-83671.1,,800,-575,坏棒 总长1000 任意重度敲 800
122,17:17:29,hit_122_20260730_171729.csv,512,DEFECT,HIGH,0,21,117,198,500000,4570217,4570217,-4391631,17825.2,,800,-602,坏棒 总长1000 任意重度敲 800
123,17:17:29,hit_123_20260730_171729.csv,512,NORMAL,HIGH,0,0,116,0,500000,4676684,4676684,-4024850,401872.2,,800,,坏棒 总长1000 任意重度敲 800
124,17:17:30,hit_124_20260730_171730.csv,512,DEFECT,HIGH,0,24,115,230,500000,4770611,3889387,-4770611,-202021.8,,800,-570,坏棒 总长1000 任意重度敲 800
125,17:17:30,hit_125_20260730_171730.csv,512,NORMAL,HIGH,0,0,115,0,500000,4486102,4194697,-4486102,191697.6,,800,,坏棒 总长1000 任意重度敲 800
126,17:17:30,hit_126_20260730_171730.csv,512,DEFECT,HIGH,0,25,114,242,500000,4902260,4231712,-4902260,-50074.5,,800,-558,坏棒 总长1000 任意重度敲 800
127,17:17:31,hit_127_20260730_171731.csv,512,NORMAL,HIGH,0,0,118,0,500000,4876031,4237979,-4876031,258215.8,,800,,坏棒 总长1000 任意重度敲 800
128,17:17:31,hit_128_20260730_171731.csv,512,DEFECT,HIGH,0,24,116,228,500000,4932498,4179642,-4932498,-170684.0,,800,-572,坏棒 总长1000 任意重度敲 800
129,17:17:31,hit_129_20260730_171731.csv,512,NORMAL,HIGH,0,0,117,0,500000,4675370,4675370,-4477614,332229.7,,800,,坏棒 总长1000 任意重度敲 800
130,17:17:31,hit_130_20260730_171731.csv,512,DEFECT,HIGH,0,26,117,245,500000,5123084,5123084,-5049273,91503.3,,800,-555,坏棒 总长1000 任意重度敲 800
131,17:17:32,hit_131_20260730_171732.csv,512,DEFECT,HIGH,0,26,116,247,500000,5077608,5077608,-3567366,437106.7,,800,-553,坏棒 总长1000 任意重度敲 800
132,17:17:32,hit_132_20260730_171732.csv,512,DEFECT,HIGH,0,27,118,252,500000,5429354,4816051,-5429354,-284322.6,,800,-548,坏棒 总长1000 任意重度敲 800
133,17:17:32,hit_133_20260730_171732.csv,512,DEFECT,HIGH,0,26,116,247,500000,5109342,4851036,-5109342,-180968.6,,800,-553,坏棒 总长1000 任意重度敲 800
134,17:17:32,hit_134_20260730_171732.csv,512,DEFECT,HIGH,0,90,116,752,500000,5181173,5181173,-4528378,182712.3,,800,-48,坏棒 总长1000 任意重度敲 800
135,17:17:33,hit_135_20260730_171733.csv,512,DEFECT,HIGH,0,25,116,238,500000,5029286,4637833,-5029286,-216994.9,,800,-562,坏棒 总长1000 任意重度敲 800
136,17:17:33,hit_136_20260730_171733.csv,512,DEFECT,HIGH,0,23,116,219,500000,4696575,4630364,-4696575,76862.8,,800,-581,坏棒 总长1000 任意重度敲 800
137,17:17:33,hit_137_20260730_171733.csv,512,DEFECT,HIGH,0,24,116,228,500000,4901551,4441510,-4901551,-99351.1,,800,-572,坏棒 总长1000 任意重度敲 800
138,17:17:34,hit_138_20260730_171734.csv,512,DEFECT,HIGH,0,24,116,228,500000,4796083,4447754,-4796083,-39722.7,,800,-572,坏棒 总长1000 任意重度敲 800
139,17:17:34,hit_139_20260730_171734.csv,512,DEFECT,HIGH,0,23,115,221,500000,4697332,4319496,-4697332,16894.5,,800,-579,坏棒 总长1000 任意重度敲 800
140,17:17:34,hit_140_20260730_171734.csv,512,DEFECT,HIGH,0,26,114,252,500000,5190154,4119259,-5190154,-419117.7,,800,-548,坏棒 总长1000 任意重度敲 800
141,17:17:34,hit_141_20260730_171734.csv,512,DEFECT,HIGH,0,25,114,242,500000,5090270,3998197,-5090270,-488525.2,,800,-558,坏棒 总长1000 任意重度敲 800
142,17:17:35,hit_142_20260730_171735.csv,512,DEFECT,HIGH,0,87,116,723,500000,4900504,4306030,-4900504,-190966.1,,800,-77,坏棒 总长1000 任意重度敲 800
143,17:17:35,hit_143_20260730_171735.csv,512,DEFECT,HIGH,0,31,122,279,500000,5549723,4292567,-5549723,-426805.0,,800,-521,坏棒 总长1000 任意重度敲 800
144,17:17:35,hit_144_20260730_171735.csv,512,DEFECT,HIGH,0,24,117,226,500000,4858271,4785665,-4858271,-99982.7,,800,-574,坏棒 总长1000 任意重度敲 800
145,17:17:35,hit_145_20260730_171735.csv,512,DEFECT,HIGH,0,89,117,735,500000,5086580,5086580,-4857321,57940.6,,800,-65,坏棒 总长1000 任意重度敲 800
146,17:17:36,hit_146_20260730_171736.csv,512,DEFECT,HIGH,0,23,116,219,500000,4713235,4622327,-4713235,18974.5,,800,-581,坏棒 总长1000 任意重度敲 800
147,17:17:36,hit_147_20260730_171736.csv,512,NORMAL,HIGH,0,0,115,0,500000,4313199,4313199,-4115811,393803.5,,800,,坏棒 总长1000 任意重度敲 800
148,17:17:36,hit_148_20260730_171736.csv,512,NORMAL,HIGH,0,0,114,0,500000,4158488,4158488,-4118220,258361.4,,800,,坏棒 总长1000 任意重度敲 800
149,17:17:36,hit_149_20260730_171736.csv,512,DEFECT,HIGH,0,24,114,233,500000,5038886,4193771,-5038886,-343307.2,,800,-567,坏棒 总长1000 任意重度敲 800
150,17:17:37,hit_150_20260730_171737.csv,512,DEFECT,HIGH,0,24,114,233,500000,5033243,4112496,-5033243,-263140.8,,800,-567,坏棒 总长1000 任意重度敲 800
151,17:17:37,hit_151_20260730_171737.csv,512,DEFECT,HIGH,0,24,113,235,500000,4981540,3900299,-4981540,-396752.4,,800,-565,坏棒 总长1000 任意重度敲 800
152,17:17:37,hit_152_20260730_171737.csv,512,DEFECT,HIGH,0,26,114,252,500000,5127191,3986599,-5127191,-461444.8,,800,-548,坏棒 总长1000 任意重度敲 800
153,17:17:37,hit_153_20260730_171737.csv,512,DEFECT,HIGH,0,25,114,242,500000,5108124,4090218,-5108124,-416773.0,,800,-558,坏棒 总长1000 任意重度敲 800
154,17:17:38,hit_154_20260730_171738.csv,512,DEFECT,HIGH,0,22,116,209,500000,4657803,3902041,-4657803,-172752.1,,800,-591,坏棒 总长1000 任意重度敲 800
155,17:17:38,hit_155_20260730_171738.csv,512,DEFECT,HIGH,0,29,119,268,500000,4918840,4456807,-4918840,-172631.7,,800,-532,坏棒 总长1000 任意重度敲 800
156,17:17:38,hit_156_20260730_171738.csv,512,DEFECT,HIGH,0,26,120,238,500000,4776724,4721869,-4776724,-71625.3,,800,-562,坏棒 总长1000 任意重度敲 800
157,17:17:38,hit_157_20260730_171738.csv,512,DEFECT,HIGH,0,25,117,235,500000,5118573,4581352,-5118573,-231918.9,,800,-565,坏棒 总长1000 任意重度敲 800
158,17:17:39,hit_158_20260730_171739.csv,512,DEFECT,HIGH,0,88,115,740,500000,4837007,4837007,-4646422,-21151.5,,800,-60,坏棒 总长1000 任意重度敲 800
159,17:17:39,hit_159_20260730_171739.csv,512,DEFECT,HIGH,0,88,116,733,500000,4912244,4418885,-4912244,-154881.4,,800,-67,坏棒 总长1000 任意重度敲 800
160,17:17:39,hit_160_20260730_171739.csv,512,DEFECT,HIGH,0,87,116,723,500000,4539938,4425621,-4539938,39756.5,,800,-77,坏棒 总长1000 任意重度敲 800
161,17:17:39,hit_161_20260730_171739.csv,512,DEFECT,HIGH,0,24,115,230,500000,4927151,4125724,-4927151,-189651.9,,800,-570,坏棒 总长1000 任意重度敲 800
162,17:17:40,hit_162_20260730_171740.csv,512,DEFECT,HIGH,0,26,116,247,500000,5222797,3903577,-5222797,-387679.5,,800,-553,坏棒 总长1000 任意重度敲 800
163,17:17:40,hit_163_20260730_171740.csv,512,DEFECT,HIGH,0,26,114,252,500000,5207216,3991398,-5207216,-434530.4,,800,-548,坏棒 总长1000 任意重度敲 800
164,17:17:40,hit_164_20260730_171740.csv,512,DEFECT,HIGH,0,25,115,240,500000,5188223,4397735,-5188223,-190415.2,,800,-560,坏棒 总长1000 任意重度敲 800
165,17:17:40,hit_165_20260730_171740.csv,512,DEFECT,HIGH,0,27,118,252,500000,5334698,4686459,-5334698,-285936.4,,800,-548,坏棒 总长1000 任意重度敲 800
166,17:17:41,hit_166_20260730_171741.csv,512,DEFECT,HIGH,0,25,119,231,500000,4675895,4419342,-4675895,-199579.6,,800,-569,坏棒 总长1000 任意重度敲 800
167,17:17:41,hit_167_20260730_171741.csv,512,DEFECT,HIGH,0,26,122,234,500000,5072379,4907702,-5072379,-123002.6,,800,-566,坏棒 总长1000 任意重度敲 800
168,17:17:41,hit_168_20260730_171741.csv,512,DEFECT,HIGH,0,23,116,219,500000,4649853,4640653,-4649853,-55895.7,,800,-581,坏棒 总长1000 任意重度敲 800
169,17:17:41,hit_169_20260730_171741.csv,512,DEFECT,HIGH,0,23,117,216,500000,4781870,4606580,-4781870,-101864.3,,800,-584,坏棒 总长1000 任意重度敲 800
170,17:17:42,hit_170_20260730_171742.csv,512,DEFECT,HIGH,0,25,115,240,500000,4993703,3706472,-4993703,-349601.3,,800,-560,坏棒 总长1000 任意重度敲 800
171,17:17:42,hit_171_20260730_171742.csv,512,DEFECT,HIGH,0,24,113,235,500000,4955332,4124952,-4955332,-286002.1,,800,-565,坏棒 总长1000 任意重度敲 800
172,17:17:42,hit_172_20260730_171742.csv,512,DEFECT,HIGH,0,21,115,201,500000,5145554,5145554,-4325239,462951.8,,800,-599,坏棒 总长1000 任意重度敲 800
173,17:17:42,hit_173_20260730_171742.csv,512,DEFECT,HIGH,0,25,114,242,500000,5101080,4018393,-5101080,-323235.1,,800,-558,坏棒 总长1000 任意重度敲 800
174,17:17:43,hit_174_20260730_171743.csv,512,DEFECT,HIGH,0,25,118,233,500000,4909732,4147906,-4909732,-147587.3,,800,-567,坏棒 总长1000 任意重度敲 800
175,17:17:43,hit_175_20260730_171743.csv,512,DEFECT,HIGH,0,85,110,747,500000,4640757,4493559,-4640757,-304487.0,,800,-53,坏棒 总长1000 任意重度敲 800
176,17:17:43,hit_176_20260730_171743.csv,512,DEFECT,HIGH,0,24,113,235,500000,4853101,4346455,-4853101,-195493.3,,800,-565,坏棒 总长1000 任意重度敲 800
177,17:17:43,hit_177_20260730_171743.csv,512,DEFECT,HIGH,0,25,113,245,500000,5154286,3795079,-5154286,-487947.0,,800,-555,坏棒 总长1000 任意重度敲 800
178,17:17:44,hit_178_20260730_171744.csv,512,DEFECT,HIGH,0,24,116,228,500000,5060451,4243185,-5060451,-127141.5,,800,-572,坏棒 总长1000 任意重度敲 800
179,17:17:44,hit_179_20260730_171744.csv,512,DEFECT,HIGH,0,24,116,228,500000,4743453,4743453,-4680463,127723.6,,800,-572,坏棒 总长1000 任意重度敲 800
180,17:17:44,hit_180_20260730_171744.csv,512,DEFECT,HIGH,0,23,115,221,500000,4741189,4739947,-4741189,30568.6,,800,-579,坏棒 总长1000 任意重度敲 800
181,17:17:44,hit_181_20260730_171744.csv,512,DEFECT,HIGH,0,21,115,201,500000,5247996,5247996,-4104917,375187.6,,800,-599,坏棒 总长1000 任意重度敲 800
182,17:17:44,hit_182_20260730_171744.csv,512,DEFECT,HIGH,0,22,115,211,500000,5119875,5119875,-3587448,556319.7,,800,-589,坏棒 总长1000 任意重度敲 800
183,17:17:45,hit_183_20260730_171745.csv,512,DEFECT,HIGH,0,27,121,245,500000,5374341,4548433,-5374341,-208203.9,,800,-555,坏棒 总长1000 任意重度敲 800
184,17:17:45,hit_184_20260730_171745.csv,512,NORMAL,HIGH,0,0,115,0,500000,4736449,4736449,-3763910,825855.5,,800,,坏棒 总长1000 任意重度敲 800
185,17:17:45,hit_185_20260730_171745.csv,512,DEFECT,HIGH,0,22,117,207,500000,4647086,4647086,-4544109,464935.4,,800,-593,坏棒 总长1000 任意重度敲 800
186,17:17:45,hit_186_20260730_171745.csv,512,DEFECT,HIGH,0,23,116,219,500000,4804959,4266199,-4804959,18134.6,,800,-581,坏棒 总长1000 任意重度敲 800
187,17:17:46,hit_187_20260730_171746.csv,512,DEFECT,HIGH,0,22,117,207,500000,4636111,4292600,-4636111,108131.9,,800,-593,坏棒 总长1000 任意重度敲 800
188,17:17:46,hit_188_20260730_171746.csv,512,DEFECT,HIGH,0,86,115,721,500000,4439084,4439084,-4401677,142395.4,,800,-79,坏棒 总长1000 任意重度敲 800
189,17:17:46,hit_189_20260730_171746.csv,512,DEFECT,HIGH,0,23,117,216,500000,4463976,4064324,-4463976,-106200.8,,800,-584,坏棒 总长1000 任意重度敲 800
190,17:17:46,hit_190_20260730_171746.csv,512,DEFECT,HIGH,0,22,117,207,500000,4084323,3910087,-4084323,-65167.8,,800,-593,坏棒 总长1000 任意重度敲 800
191,17:17:47,hit_191_20260730_171747.csv,512,DEFECT,HIGH,0,30,122,270,500000,5094020,3719193,-5094020,-264808.8,,800,-530,坏棒 总长1000 任意重度敲 800
192,17:17:47,hit_192_20260730_171747.csv,512,DEFECT,HIGH,0,27,121,245,500000,4648140,4022682,-4648140,-127442.4,,800,-555,坏棒 总长1000 任意重度敲 800
193,17:17:47,hit_193_20260730_171747.csv,512,DEFECT,HIGH,0,23,118,214,500000,4589414,4037275,-4589414,-85104.6,,800,-586,坏棒 总长1000 任意重度敲 800
194,17:17:47,hit_194_20260730_171747.csv,512,DEFECT,HIGH,0,23,117,216,500000,4490796,4334613,-4490796,-108368.9,,800,-584,坏棒 总长1000 任意重度敲 800
195,17:17:48,hit_195_20260730_171748.csv,512,DEFECT,HIGH,0,23,117,216,500000,4477967,4477967,-4235255,15135.9,,800,-584,坏棒 总长1000 任意重度敲 800
196,17:17:48,hit_196_20260730_171748.csv,512,DEFECT,HIGH,0,23,117,216,500000,4740029,3919799,-4740029,-151804.6,,800,-584,坏棒 总长1000 任意重度敲 800
197,17:17:48,hit_197_20260730_171748.csv,512,DEFECT,HIGH,0,85,115,711,500000,4347529,4144120,-4347529,116211.8,,800,-89,坏棒 总长1000 任意重度敲 800
198,17:17:48,hit_198_20260730_171748.csv,512,DEFECT,HIGH,0,85,115,711,500000,4319634,3925219,-4319634,61604.0,,800,-89,坏棒 总长1000 任意重度敲 800
199,17:17:49,hit_199_20260730_171749.csv,512,DEFECT,HIGH,0,26,115,250,500000,5145769,3933272,-5145769,-431988.1,,800,-550,坏棒 总长1000 任意重度敲 800
200,17:17:49,hit_200_20260730_171749.csv,512,DEFECT,HIGH,0,26,114,252,500000,5146861,3949933,-5146861,-475325.2,,800,-548,坏棒 总长1000 任意重度敲 800
201,17:17:49,hit_201_20260730_171749.csv,512,DEFECT,HIGH,0,24,114,233,500000,4874903,3765919,-4874903,-362784.0,,800,-567,坏棒 总长1000 任意重度敲 800
202,17:17:49,hit_202_20260730_171749.csv,512,DEFECT,HIGH,0,25,114,242,500000,5002652,3855468,-5002652,-336246.6,,800,-558,坏棒 总长1000 任意重度敲 800
203,17:17:50,hit_203_20260730_171750.csv,512,DEFECT,HIGH,0,25,115,240,500000,5023505,4463538,-5023505,-238301.0,,800,-560,坏棒 总长1000 任意重度敲 800
204,17:17:50,hit_204_20260730_171750.csv,512,DEFECT,HIGH,0,22,116,209,500000,4493776,4493776,-4458217,-24045.3,,800,-591,坏棒 总长1000 任意重度敲 800
205,17:17:51,hit_205_20260730_171751.csv,512,DEFECT,HIGH,0,24,117,226,500000,4745562,4223509,-4745562,-184891.9,,800,-574,坏棒 总长1000 任意重度敲 800
206,17:17:51,hit_206_20260730_171751.csv,512,DEFECT,HIGH,0,23,117,216,500000,4670377,4612312,-4670377,-61215.8,,800,-584,坏棒 总长1000 任意重度敲 800
207,17:17:51,hit_207_20260730_171751.csv,512,DEFECT,HIGH,0,21,118,196,500000,4518963,4518963,-4421735,87969.2,,800,-604,坏棒 总长1000 任意重度敲 800
208,17:17:51,hit_208_20260730_171751.csv,512,DEFECT,HIGH,0,36,116,342,500000,5012785,5012785,-3448052,990024.5,,800,-458,坏棒 总长1000 任意重度敲 800
209,17:17:52,hit_209_20260730_171752.csv,512,DEFECT,HIGH,0,85,118,691,500000,4391146,4391146,-4117249,481163.0,,800,-109,坏棒 总长1000 任意重度敲 800
210,17:17:52,hit_210_20260730_171752.csv,512,DEFECT,HIGH,0,84,117,688,500000,4257170,4257170,-4072272,437703.6,,800,-112,坏棒 总长1000 任意重度敲 800
211,17:17:52,hit_211_20260730_171752.csv,512,DEFECT,HIGH,0,21,118,196,500000,4392760,4289536,-4392760,322598.1,,800,-604,坏棒 总长1000 任意重度敲 800
212,17:17:52,hit_212_20260730_171752.csv,512,DEFECT,HIGH,0,85,117,698,500000,4437919,4437919,-4201610,478368.7,,800,-102,坏棒 总长1000 任意重度敲 800
213,17:17:53,hit_213_20260730_171753.csv,512,DEFECT,HIGH,0,26,120,238,500000,5076345,3761730,-5076345,-345134.3,,800,-562,坏棒 总长1000 任意重度敲 800
214,17:17:53,hit_214_20260730_171753.csv,512,DEFECT,HIGH,0,24,115,230,500000,4916779,4007038,-4916779,-247082.0,,800,-570,坏棒 总长1000 任意重度敲 800
215,17:17:53,hit_215_20260730_171753.csv,512,DEFECT,HIGH,0,86,118,700,500000,4470237,3777383,-4470237,6487.1,,800,-100,坏棒 总长1000 任意重度敲 800
216,17:17:53,hit_216_20260730_171753.csv,512,DEFECT,HIGH,0,84,115,701,500000,4570686,4570686,-4488317,230117.8,,800,-99,坏棒 总长1000 任意重度敲 800
217,17:17:54,hit_217_20260730_171754.csv,512,DEFECT,HIGH,0,85,116,704,500000,4378375,4378375,-4309668,303156.7,,800,-96,坏棒 总长1000 任意重度敲 800
218,17:17:54,hit_218_20260730_171754.csv,512,DEFECT,HIGH,0,86,117,707,500000,4426399,4426399,-4040850,277797.5,,800,-93,坏棒 总长1000 任意重度敲 800
219,17:17:54,hit_219_20260730_171754.csv,512,DEFECT,HIGH,0,28,120,256,500000,5417276,4793462,-5417276,-244351.4,,800,-544,坏棒 总长1000 任意重度敲 800
220,17:17:55,hit_220_20260730_171755.csv,512,DEFECT,HIGH,0,85,116,704,500000,5241130,5241130,-4061865,277260.0,,800,-96,坏棒 总长1000 任意重度敲 800
221,17:17:55,hit_221_20260730_171755.csv,512,DEFECT,HIGH,0,23,118,214,500000,4779091,4779091,-3759453,383154.8,,800,-586,坏棒 总长1000 任意重度敲 800
222,17:17:55,hit_222_20260730_171755.csv,512,NORMAL,HIGH,0,0,117,0,500000,5052671,5052671,-3818174,1025130.2,,800,,坏棒 总长1000 任意重度敲 800
223,17:17:56,hit_223_20260730_171756.csv,512,NORMAL,HIGH,0,0,118,0,500000,4994226,4994226,-3861083,978497.3,,800,,坏棒 总长1000 任意重度敲 800
224,17:17:56,hit_224_20260730_171756.csv,512,NORMAL,HIGH,0,0,117,0,500000,5137474,5137474,-3558511,1106864.4,,800,,坏棒 总长1000 任意重度敲 800
225,17:17:56,hit_225_20260730_171756.csv,512,NORMAL,HIGH,0,0,117,0,500000,4707558,4707558,-4019047,515142.6,,800,,坏棒 总长1000 任意重度敲 800
226,17:17:57,hit_226_20260730_171757.csv,512,DEFECT,HIGH,0,87,115,730,500000,4908210,4417546,-4908210,-125011.1,,800,-70,坏棒 总长1000 任意重度敲 800
227,17:18:02,hit_227_20260730_171802.csv,512,DEFECT,HIGH,0,26,119,240,500000,5025216,3898652,-5025216,-334558.6,,800,-560,坏棒 总长1000 任意重度敲 800
228,17:18:02,hit_228_20260730_171802.csv,512,DEFECT,HIGH,0,87,116,723,500000,4601852,4200315,-4601852,-161384.1,,800,-77,坏棒 总长1000 任意重度敲 800
229,17:18:03,hit_229_20260730_171803.csv,512,DEFECT,HIGH,0,24,115,230,500000,4776153,4148158,-4776153,-248475.0,,800,-570,坏棒 总长1000 任意重度敲 800
230,17:18:03,hit_230_20260730_171803.csv,512,DEFECT,HIGH,0,25,114,242,500000,4975793,4097182,-4975793,-412889.7,,800,-558,坏棒 总长1000 任意重度敲 800
231,17:18:03,hit_231_20260730_171803.csv,512,DEFECT,HIGH,0,25,114,242,500000,4905759,4118493,-4905759,-389580.9,,800,-558,坏棒 总长1000 任意重度敲 800
232,17:18:04,hit_232_20260730_171804.csv,512,DEFECT,HIGH,0,24,114,233,500000,4860781,4030443,-4860781,-342160.3,,800,-567,坏棒 总长1000 任意重度敲 800
233,17:18:04,hit_233_20260730_171804.csv,512,DEFECT,HIGH,0,87,114,737,500000,4697272,4116573,-4697272,-202036.9,,800,-63,坏棒 总长1000 任意重度敲 800
234,17:18:04,hit_234_20260730_171804.csv,512,DEFECT,HIGH,0,85,113,725,500000,4490698,3964894,-4490698,-198412.5,,800,-75,坏棒 总长1000 任意重度敲 800
235,17:18:05,hit_235_20260730_171805.csv,512,DEFECT,HIGH,0,26,115,250,500000,5294013,4140092,-5294013,-435029.3,,800,-550,坏棒 总长1000 任意重度敲 800
236,17:18:05,hit_236_20260730_171805.csv,512,DEFECT,HIGH,0,24,113,235,500000,4925820,4175548,-4925820,-263013.9,,800,-565,坏棒 总长1000 任意重度敲 800
237,17:18:05,hit_237_20260730_171805.csv,512,DEFECT,HIGH,0,84,115,701,500000,4463421,4095355,-4463421,-245494.2,,800,-99,坏棒 总长1000 任意重度敲 800
238,17:18:06,hit_238_20260730_171806.csv,512,DEFECT,HIGH,0,26,117,245,500000,4578758,4135850,-4578758,-260224.7,,800,-555,坏棒 总长1000 任意重度敲 800
239,17:18:06,hit_239_20260730_171806.csv,512,DEFECT,HIGH,0,24,117,226,500000,4782277,4421264,-4782277,-204788.0,,800,-574,坏棒 总长1000 任意重度敲 800
240,17:18:06,hit_240_20260730_171806.csv,512,DEFECT,HIGH,0,24,116,228,500000,4942829,4942829,-4821817,-27947.3,,800,-572,坏棒 总长1000 任意重度敲 800
241,17:18:07,hit_241_20260730_171807.csv,512,DEFECT,HIGH,0,26,120,238,500000,5057376,4961995,-5057376,-104404.8,,800,-562,坏棒 总长1000 任意重度敲 800
242,17:18:07,hit_242_20260730_171807.csv,512,DEFECT,HIGH,0,88,115,740,500000,4975837,4193319,-4975837,-273987.5,,800,-60,坏棒 总长1000 任意重度敲 800
243,17:18:07,hit_243_20260730_171807.csv,512,DEFECT,HIGH,0,27,115,259,500000,5261110,3960434,-5261110,-446825.0,,800,-541,坏棒 总长1000 任意重度敲 800
244,17:18:08,hit_244_20260730_171808.csv,512,DEFECT,HIGH,0,26,114,252,500000,5217187,4064784,-5217187,-475294.9,,800,-548,坏棒 总长1000 任意重度敲 800
245,17:18:08,hit_245_20260730_171808.csv,512,DEFECT,HIGH,0,29,116,276,500000,5519440,3982950,-5519440,-600346.6,,800,-524,坏棒 总长1000 任意重度敲 800
246,17:18:08,hit_246_20260730_171808.csv,512,DEFECT,HIGH,0,25,114,242,500000,5040440,3957846,-5040440,-358262.9,,800,-558,坏棒 总长1000 任意重度敲 800
247,17:18:09,hit_247_20260730_171809.csv,512,DEFECT,HIGH,0,23,115,221,500000,4871412,4871412,-4668877,5006.7,,800,-579,坏棒 总长1000 任意重度敲 800
248,17:18:09,hit_248_20260730_171809.csv,512,DEFECT,HIGH,0,26,116,247,500000,5071972,3868014,-5071972,-344730.0,,800,-553,坏棒 总长1000 任意重度敲 800
249,17:18:09,hit_249_20260730_171809.csv,512,DEFECT,HIGH,0,25,113,245,500000,4994656,4210629,-4994656,-402899.8,,800,-555,坏棒 总长1000 任意重度敲 800
250,17:18:10,hit_250_20260730_171810.csv,512,DEFECT,HIGH,0,24,114,233,500000,4740753,4622571,-4740753,-287946.6,,800,-567,坏棒 总长1000 任意重度敲 800
251,17:18:10,hit_251_20260730_171810.csv,512,DEFECT,HIGH,0,33,122,297,500000,5579310,4409781,-5579310,-357426.4,,800,-503,坏棒 总长1000 任意重度敲 800
252,17:18:10,hit_252_20260730_171810.csv,512,DEFECT,HIGH,0,29,119,268,500000,4996116,4313291,-4996116,-269137.4,,800,-532,坏棒 总长1000 任意重度敲 800
253,17:18:11,hit_253_20260730_171811.csv,512,DEFECT,HIGH,0,26,118,242,500000,5227027,4674282,-5227027,-245491.7,,800,-558,坏棒 总长1000 任意重度敲 800
254,17:18:11,hit_254_20260730_171811.csv,512,DEFECT,HIGH,0,24,115,230,500000,4891859,4523247,-4891859,-128643.6,,800,-570,坏棒 总长1000 任意重度敲 800
255,17:18:11,hit_255_20260730_171811.csv,512,DEFECT,HIGH,0,27,116,257,500000,5406990,3972485,-5406990,-369435.3,,800,-543,坏棒 总长1000 任意重度敲 800
256,17:18:11,hit_256_20260730_171811.csv,512,DEFECT,HIGH,0,24,117,226,500000,4694782,3915881,-4694782,-263499.4,,800,-574,坏棒 总长1000 任意重度敲 800
257,17:18:12,hit_257_20260730_171812.csv,512,DEFECT,HIGH,0,32,119,296,500000,5779784,4125302,-5779784,-535448.1,,800,-504,坏棒 总长1000 任意重度敲 800
258,17:18:12,hit_258_20260730_171812.csv,512,DEFECT,HIGH,0,31,121,281,500000,5644199,4033967,-5644199,-532793.1,,800,-519,坏棒 总长1000 任意重度敲 800
259,17:18:12,hit_259_20260730_171812.csv,512,DEFECT,HIGH,0,32,108,329,500000,4400390,3716844,-4400390,-205336.0,,800,-471,坏棒 总长1000 任意重度敲 800
260,17:18:13,hit_260_20260730_171813.csv,512,DEFECT,HIGH,0,26,121,236,500000,4513569,4088055,-4513569,-38425.9,,800,-564,坏棒 总长1000 任意重度敲 800
261,17:18:13,hit_261_20260730_171813.csv,512,DEFECT,HIGH,0,45,118,420,500000,5070109,3903329,-5070109,-488961.6,,800,-380,坏棒 总长1000 任意重度敲 800
262,17:18:13,hit_262_20260730_171813.csv,512,DEFECT,HIGH,0,27,115,259,500000,5369870,3969031,-5369870,-540031.5,,800,-541,坏棒 总长1000 任意重度敲 800
263,17:18:14,hit_263_20260730_171814.csv,512,DEFECT,HIGH,0,85,116,704,500000,5023792,5023792,-3900237,814592.5,,800,-96,坏棒 总长1000 任意重度敲 800
264,17:18:14,hit_264_20260730_171814.csv,512,DEFECT,HIGH,0,84,114,708,500000,4867892,4137184,-4867892,-302474.6,,800,-92,坏棒 总长1000 任意重度敲 800
265,17:18:14,hit_265_20260730_171814.csv,512,DEFECT,HIGH,0,25,115,240,500000,5042019,3754153,-5042019,-362247.9,,800,-560,坏棒 总长1000 任意重度敲 800
266,17:18:14,hit_266_20260730_171814.csv,512,DEFECT,HIGH,0,27,116,257,500000,5416665,4030876,-5416665,-534212.3,,800,-543,坏棒 总长1000 任意重度敲 800
267,17:18:15,hit_267_20260730_171815.csv,512,DEFECT,HIGH,0,85,113,725,500000,4766536,3813060,-4766536,-312967.7,,800,-75,坏棒 总长1000 任意重度敲 800
268,17:18:15,hit_268_20260730_171815.csv,512,NORMAL,HIGH,0,0,111,0,500000,4361076,4318935,-4361076,-99210.0,,800,,坏棒 总长1000 任意重度敲 800
269,17:18:15,hit_269_20260730_171815.csv,512,NORMAL,HIGH,0,0,112,0,500000,4707428,4707428,-4053218,232541.5,,800,,坏棒 总长1000 任意重度敲 800
270,17:18:15,hit_270_20260730_171815.csv,512,DEFECT,HIGH,0,83,111,720,500000,4711955,4711955,-4297244,-13815.9,,800,-80,坏棒 总长1000 任意重度敲 800
271,17:18:16,hit_271_20260730_171816.csv,512,DEFECT,HIGH,0,83,112,712,500000,4647286,4647286,-4574399,-68807.6,,800,-88,坏棒 总长1000 任意重度敲 800
272,17:18:16,hit_272_20260730_171816.csv,512,DEFECT,HIGH,0,25,115,240,500000,5116567,4405565,-5116567,-255584.5,,800,-560,坏棒 总长1000 任意重度敲 800
273,17:18:16,hit_273_20260730_171816.csv,512,DEFECT,HIGH,0,32,122,288,500000,5818577,4320303,-5818577,-425479.5,,800,-512,坏棒 总长1000 任意重度敲 800
274,17:18:17,hit_274_20260730_171817.csv,512,DEFECT,HIGH,0,25,118,233,500000,5025764,4240054,-5025764,-226312.1,,800,-567,坏棒 总长1000 任意重度敲 800
275,17:18:17,hit_275_20260730_171817.csv,512,DEFECT,HIGH,0,88,115,740,500000,5259530,4310187,-5259530,-229099.2,,800,-60,坏棒 总长1000 任意重度敲 800
276,17:18:17,hit_276_20260730_171817.csv,512,DEFECT,HIGH,0,24,113,235,500000,4942064,4510064,-4942064,-242098.3,,800,-565,坏棒 总长1000 任意重度敲 800
277,17:18:17,hit_277_20260730_171817.csv,512,DEFECT,HIGH,0,23,114,223,500000,4887496,4531622,-4887496,-88624.6,,800,-577,坏棒 总长1000 任意重度敲 800
278,17:18:18,hit_278_20260730_171818.csv,512,DEFECT,HIGH,0,24,113,235,500000,4969387,4419667,-4969387,-238551.3,,800,-565,坏棒 总长1000 任意重度敲 800
279,17:18:18,hit_279_20260730_171818.csv,512,DEFECT,HIGH,0,25,115,240,500000,5165207,4235209,-5165207,-272148.2,,800,-560,坏棒 总长1000 任意重度敲 800
280,17:18:18,hit_280_20260730_171818.csv,512,DEFECT,HIGH,0,25,114,242,500000,5097478,3885231,-5097478,-357537.7,,800,-558,坏棒 总长1000 任意重度敲 800
281,17:18:19,hit_281_20260730_171819.csv,512,DEFECT,HIGH,0,25,114,242,500000,5186804,4187251,-5186804,-317418.3,,800,-558,坏棒 总长1000 任意重度敲 800
282,17:18:19,hit_282_20260730_171819.csv,512,DEFECT,HIGH,0,25,114,242,500000,5179388,4124158,-5179388,-347177.1,,800,-558,坏棒 总长1000 任意重度敲 800
283,17:18:19,hit_283_20260730_171819.csv,512,DEFECT,HIGH,0,27,119,250,500000,5280339,4349450,-5280339,-376459.4,,800,-550,坏棒 总长1000 任意重度敲 800
284,17:18:19,hit_284_20260730_171819.csv,512,DEFECT,HIGH,0,25,118,233,500000,4897126,4644932,-4897126,-83770.9,,800,-567,坏棒 总长1000 任意重度敲 800
285,17:18:20,hit_285_20260730_171820.csv,512,DEFECT,HIGH,0,21,115,201,500000,5210589,5210589,-3951218,288225.6,,800,-599,坏棒 总长1000 任意重度敲 800
286,17:18:20,hit_286_20260730_171820.csv,512,NORMAL,HIGH,0,0,115,0,500000,4739815,4739815,-3820574,522920.4,,800,,坏棒 总长1000 任意重度敲 800
287,17:18:20,hit_287_20260730_171820.csv,512,DEFECT,HIGH,0,86,115,721,500000,4637700,3613143,-4637700,-173371.6,,800,-79,坏棒 总长1000 任意重度敲 800
288,17:18:21,hit_288_20260730_171821.csv,512,NORMAL,HIGH,0,0,110,0,500000,5997267,5997267,-3264288,1336401.3,,800,,坏棒 总长1000 任意重度敲 800
289,17:18:21,hit_289_20260730_171821.csv,512,DEFECT,HIGH,0,26,113,254,500000,5189140,4496575,-5189140,-424193.1,,800,-546,坏棒 总长1000 任意重度敲 800
290,17:18:21,hit_290_20260730_171821.csv,512,DEFECT,HIGH,0,28,112,277,500000,5463652,4214556,-5463652,-502509.4,,800,-523,坏棒 总长1000 任意重度敲 800
291,17:18:22,hit_291_20260730_171822.csv,512,DEFECT,HIGH,0,23,113,225,500000,4804258,4656216,-4804258,-158132.9,,800,-575,坏棒 总长1000 任意重度敲 800
292,17:18:22,hit_292_20260730_171822.csv,512,DEFECT,HIGH,0,22,112,217,500000,4578596,4311416,-4578596,-192407.1,,800,-583,坏棒 总长1000 任意重度敲 800
293,17:18:22,hit_293_20260730_171822.csv,512,DEFECT,HIGH,0,26,113,254,500000,5183622,4249657,-5183622,-353525.8,,800,-546,坏棒 总长1000 任意重度敲 800
294,17:18:22,hit_294_20260730_171822.csv,512,DEFECT,HIGH,0,23,113,225,500000,4915932,4676564,-4915932,-120894.1,,800,-575,坏棒 总长1000 任意重度敲 800
295,17:18:23,hit_295_20260730_171823.csv,512,DEFECT,HIGH,0,24,115,230,500000,4938493,4538399,-4938493,-209503.2,,800,-570,坏棒 总长1000 任意重度敲 800
296,17:18:23,hit_296_20260730_171823.csv,512,DEFECT,HIGH,0,26,122,234,500000,5127070,4831750,-5127070,-43164.8,,800,-566,坏棒 总长1000 任意重度敲 800
297,17:18:23,hit_297_20260730_171823.csv,512,DEFECT,HIGH,0,26,120,238,500000,4864683,4864683,-4789945,88392.9,,800,-562,坏棒 总长1000 任意重度敲 800
298,17:18:24,hit_298_20260730_171824.csv,512,DEFECT,HIGH,0,28,120,256,500000,4586618,4155328,-4586618,-55339.8,,800,-544,坏棒 总长1000 任意重度敲 800
299,17:18:24,hit_299_20260730_171824.csv,512,DEFECT,HIGH,0,34,108,350,500000,4120978,4120978,-4029332,-175600.7,,800,-450,坏棒 总长1000 任意重度敲 800
300,17:18:24,hit_300_20260730_171824.csv,512,DEFECT,HIGH,0,24,115,230,500000,4980809,4412493,-4980809,-143515.6,,800,-570,坏棒 总长1000 任意重度敲 800
301,17:18:25,hit_301_20260730_171825.csv,512,DEFECT,HIGH,0,87,115,730,500000,5031934,4281994,-5031934,-200367.4,,800,-70,坏棒 总长1000 任意重度敲 800
302,17:18:25,hit_302_20260730_171825.csv,512,DEFECT,HIGH,0,30,108,309,500000,5590333,4233709,-5590333,-313930.4,,800,-491,坏棒 总长1000 任意重度敲 800
303,17:18:25,hit_303_20260730_171825.csv,512,DEFECT,HIGH,0,24,116,228,500000,4826783,4473887,-4826783,-2642.1,,800,-572,坏棒 总长1000 任意重度敲 800
304,17:18:25,hit_304_20260730_171825.csv,512,DEFECT,HIGH,0,24,119,222,500000,4707244,4707244,-4658879,48110.8,,800,-578,坏棒 总长1000 任意重度敲 800
305,17:18:26,hit_305_20260730_171826.csv,512,DEFECT,HIGH,0,22,118,205,500000,4734083,4734083,-3959366,158799.3,,800,-595,坏棒 总长1000 任意重度敲 800
306,17:18:26,hit_306_20260730_171826.csv,512,DEFECT,LOW,0,28,0,266,500000,5320335,4497323,-5320335,-107223.4,,800,-534,坏棒 总长1000 任意重度敲 800
307,17:18:26,hit_307_20260730_171826.csv,512,DEFECT,HIGH,0,31,124,274,500000,5464608,4143918,-5464608,-469638.7,,800,-526,坏棒 总长1000 任意重度敲 800
308,17:18:26,hit_308_20260730_171826.csv,512,DEFECT,HIGH,0,53,120,486,500000,4335429,4227172,-4335429,-255830.4,,800,-314,坏棒 总长1000 任意重度敲 800
309,17:18:27,hit_309_20260730_171827.csv,512,DEFECT,HIGH,0,24,117,226,500000,4926214,4170557,-4926214,-292607.3,,800,-574,坏棒 总长1000 任意重度敲 800
310,17:18:27,hit_310_20260730_171827.csv,512,DEFECT,HIGH,0,26,120,238,500000,4887679,3740612,-4887679,-304601.0,,800,-562,坏棒 总长1000 任意重度敲 800
311,17:18:27,hit_311_20260730_171827.csv,512,DEFECT,HIGH,0,25,118,233,500000,5007028,4145637,-5007028,-210780.2,,800,-567,坏棒 总长1000 任意重度敲 800
312,17:18:27,hit_312_20260730_171827.csv,512,DEFECT,HIGH,0,25,119,231,500000,5187783,4276072,-5187783,-282920.8,,800,-569,坏棒 总长1000 任意重度敲 800
313,17:18:28,hit_313_20260730_171828.csv,512,DEFECT,HIGH,0,24,118,224,500000,5090816,5090816,-4726114,-3329.9,,800,-576,坏棒 总长1000 任意重度敲 800
314,17:18:28,hit_314_20260730_171828.csv,512,DEFECT,HIGH,0,26,118,242,500000,5150715,5150715,-5124106,-130358.1,,800,-558,坏棒 总长1000 任意重度敲 800
315,17:18:28,hit_315_20260730_171828.csv,512,DEFECT,HIGH,0,26,117,245,500000,5157609,4546502,-5157609,-171492.6,,800,-555,坏棒 总长1000 任意重度敲 800
316,17:18:28,hit_316_20260730_171828.csv,512,DEFECT,HIGH,0,25,115,240,500000,5033095,3842321,-5033095,-363231.6,,800,-560,坏棒 总长1000 任意重度敲 800
317,17:18:29,hit_317_20260730_171829.csv,512,DEFECT,HIGH,0,86,112,742,500000,4768532,4077209,-4768532,-191163.6,,800,-58,坏棒 总长1000 任意重度敲 800
318,17:18:29,hit_318_20260730_171829.csv,512,DEFECT,HIGH,0,23,113,225,500000,4713514,4606780,-4713514,-137774.1,,800,-575,坏棒 总长1000 任意重度敲 800
319,17:18:29,hit_319_20260730_171829.csv,512,DEFECT,HIGH,0,28,116,266,500000,5364463,4187066,-5364463,-479264.4,,800,-534,坏棒 总长1000 任意重度敲 800
320,17:18:29,hit_320_20260730_171829.csv,512,DEFECT,HIGH,0,21,112,207,500000,5186637,5186637,-4306230,163033.2,,800,-593,坏棒 总长1000 任意重度敲 800
321,17:18:30,hit_321_20260730_171830.csv,512,DEFECT,HIGH,0,24,112,237,500000,4981202,4361271,-4981202,-280277.4,,800,-563,坏棒 总长1000 任意重度敲 800
322,17:18:30,hit_322_20260730_171830.csv,512,DEFECT,HIGH,0,51,118,476,500000,4533293,4533293,-3934547,-181334.7,,800,-324,坏棒 总长1000 任意重度敲 800
323,17:18:30,hit_323_20260730_171830.csv,512,DEFECT,HIGH,0,33,121,300,500000,5872469,4084150,-5872469,-530297.6,,800,-500,坏棒 总长1000 任意重度敲 800
324,17:18:31,hit_324_20260730_171831.csv,512,DEFECT,HIGH,0,26,116,247,500000,5165023,4158220,-5165023,-196037.2,,800,-553,坏棒 总长1000 任意重度敲 800
325,17:18:31,hit_325_20260730_171831.csv,512,DEFECT,HIGH,0,24,116,228,500000,5037563,4258395,-5037563,-185109.6,,800,-572,坏棒 总长1000 任意重度敲 800
326,17:18:31,hit_326_20260730_171831.csv,512,DEFECT,HIGH,0,24,115,230,500000,4716961,4716961,-4669268,164257.0,,800,-570,坏棒 总长1000 任意重度敲 800
327,17:18:32,hit_327_20260730_171832.csv,512,DEFECT,HIGH,0,25,117,235,500000,5009024,4336599,-5009024,-128822.0,,800,-565,坏棒 总长1000 任意重度敲 800
328,17:18:46,hit_328_20260730_171846.csv,512,DEFECT,HIGH,0,22,118,205,500000,4947244,4947244,-4397059,197774.6,,800,-595,坏棒 总长1000 任意重度敲 800
329,17:18:46,hit_329_20260730_171846.csv,512,DEFECT,HIGH,0,25,118,233,500000,4883719,4016982,-4883719,-253341.0,,800,-567,坏棒 总长1000 任意重度敲 800
330,17:18:46,hit_330_20260730_171846.csv,512,DEFECT,HIGH,0,25,117,235,500000,4935467,4266788,-4935467,-214032.5,,800,-565,坏棒 总长1000 任意重度敲 800
331,17:18:47,hit_331_20260730_171847.csv,512,DEFECT,HIGH,0,23,116,219,500000,4750526,4081594,-4750526,-226289.3,,800,-581,坏棒 总长1000 任意重度敲 800
332,17:18:47,hit_332_20260730_171847.csv,512,DEFECT,HIGH,0,23,117,216,500000,4534535,4198414,-4534535,-157743.8,,800,-584,坏棒 总长1000 任意重度敲 800
333,17:18:47,hit_333_20260730_171847.csv,512,DEFECT,HIGH,0,87,116,723,500000,4860904,4187761,-4860904,-290549.7,,800,-77,坏棒 总长1000 任意重度敲 800
334,17:18:47,hit_334_20260730_171847.csv,512,DEFECT,HIGH,0,24,117,226,500000,4897544,4329530,-4897544,-221516.6,,800,-574,坏棒 总长1000 任意重度敲 800
335,17:18:48,hit_335_20260730_171848.csv,512,DEFECT,HIGH,0,26,116,247,500000,5102166,4489922,-5102166,-175260.5,,800,-553,坏棒 总长1000 任意重度敲 800
336,17:18:48,hit_336_20260730_171848.csv,512,DEFECT,HIGH,0,22,115,211,500000,4570492,4436243,-4570492,31428.8,,800,-589,坏棒 总长1000 任意重度敲 800
337,17:18:48,hit_337_20260730_171848.csv,512,DEFECT,HIGH,0,27,122,243,500000,5190264,3546976,-5190264,-313067.8,,800,-557,坏棒 总长1000 任意重度敲 800
338,17:18:49,hit_338_20260730_171849.csv,512,NORMAL,HIGH,0,0,108,0,500000,4659815,4595924,-4659815,-125176.1,,800,,坏棒 总长1000 任意重度敲 800
339,17:18:49,hit_339_20260730_171849.csv,512,DEFECT,HIGH,0,35,108,360,500000,5975722,4423766,-5975722,-332945.7,,800,-440,坏棒 总长1000 任意重度敲 800
340,17:18:49,hit_340_20260730_171849.csv,512,DEFECT,HIGH,0,30,108,309,500000,5609904,4806325,-5609904,-106860.0,,800,-491,坏棒 总长1000 任意重度敲 800
341,17:18:49,hit_341_20260730_171849.csv,512,DEFECT,HIGH,0,34,123,303,500000,5759520,4616460,-5759520,-294119.6,,800,-497,坏棒 总长1000 任意重度敲 800
342,17:18:50,hit_342_20260730_171850.csv,512,DEFECT,HIGH,0,29,120,266,500000,5152167,4419515,-5152167,-236928.2,,800,-534,坏棒 总长1000 任意重度敲 800
343,17:18:50,hit_343_20260730_171850.csv,512,DEFECT,HIGH,0,24,117,226,500000,5007791,5007791,-4877936,224054.2,,800,-574,坏棒 总长1000 任意重度敲 800
344,17:18:50,hit_344_20260730_171850.csv,512,DEFECT,HIGH,0,28,117,264,500000,5426916,4197943,-5426916,-483233.6,,800,-536,坏棒 总长1000 任意重度敲 800
345,17:18:50,hit_345_20260730_171850.csv,512,DEFECT,HIGH,0,26,116,247,500000,5171442,3779272,-5171442,-365835.1,,800,-553,坏棒 总长1000 任意重度敲 800
346,17:18:51,hit_346_20260730_171851.csv,512,DEFECT,HIGH,0,28,115,269,500000,5418630,4152372,-5418630,-286614.7,,800,-531,坏棒 总长1000 任意重度敲 800
347,17:18:51,hit_347_20260730_171851.csv,512,DEFECT,HIGH,0,57,118,532,500000,4798941,4514901,-4798941,-264461.9,,800,-268,坏棒 总长1000 任意重度敲 800
348,17:18:51,hit_348_20260730_171851.csv,512,DEFECT,HIGH,0,30,119,277,500000,5411526,4100815,-5411526,-343080.6,,800,-523,坏棒 总长1000 任意重度敲 800
349,17:18:52,hit_349_20260730_171852.csv,512,DEFECT,HIGH,0,28,115,269,500000,5381034,4185130,-5381034,-338963.0,,800,-531,坏棒 总长1000 任意重度敲 800
350,17:18:52,hit_350_20260730_171852.csv,512,DEFECT,HIGH,0,24,112,237,500000,4967775,4338245,-4967775,-309702.6,,800,-563,坏棒 总长1000 任意重度敲 800
351,17:18:52,hit_351_20260730_171852.csv,512,DEFECT,HIGH,0,23,114,223,500000,4804468,4107403,-4804468,-185737.9,,800,-577,坏棒 总长1000 任意重度敲 800
352,17:18:53,hit_352_20260730_171853.csv,512,DEFECT,HIGH,0,22,117,207,500000,4677421,4677421,-4337863,248099.4,,800,-593,坏棒 总长1000 任意重度敲 800
353,17:18:53,hit_353_20260730_171853.csv,512,DEFECT,HIGH,0,27,121,245,500000,5293431,4567659,-5293431,-210187.0,,800,-555,坏棒 总长1000 任意重度敲 800
354,17:18:53,hit_354_20260730_171853.csv,512,DEFECT,HIGH,0,22,115,211,500000,4527590,4527590,-4345072,105647.4,,800,-589,坏棒 总长1000 任意重度敲 800
355,17:18:53,hit_355_20260730_171853.csv,512,DEFECT,HIGH,0,24,118,224,500000,4615548,4507698,-4615548,47310.0,,800,-576,坏棒 总长1000 任意重度敲 800
356,17:18:53,hit_356_20260730_171853.csv,512,DEFECT,HIGH,0,25,119,231,500000,4901725,4152568,-4901725,-184763.6,,800,-569,坏棒 总长1000 任意重度敲 800
357,17:18:54,hit_357_20260730_171854.csv,512,DEFECT,HIGH,0,28,122,252,500000,5096495,3822297,-5096495,-401212.3,,800,-548,坏棒 总长1000 任意重度敲 800
358,17:18:54,hit_358_20260730_171854.csv,512,DEFECT,HIGH,0,23,114,223,500000,4801503,4012453,-4801503,-227080.5,,800,-577,坏棒 总长1000 任意重度敲 800
359,17:18:54,hit_359_20260730_171854.csv,512,DEFECT,HIGH,0,25,116,238,500000,4753796,3707090,-4753796,-458130.4,,800,-562,坏棒 总长1000 任意重度敲 800
360,17:18:55,hit_360_20260730_171855.csv,512,DEFECT,HIGH,0,25,116,238,500000,5051745,3924086,-5051745,-445487.5,,800,-562,坏棒 总长1000 任意重度敲 800
361,17:18:55,hit_361_20260730_171855.csv,512,DEFECT,HIGH,0,28,117,264,500000,5033179,4167636,-5033179,-346690.7,,800,-536,坏棒 总长1000 任意重度敲 800
362,17:18:55,hit_362_20260730_171855.csv,512,DEFECT,HIGH,0,28,119,259,500000,5057845,4057133,-5057845,-447991.6,,800,-541,坏棒 总长1000 任意重度敲 800
363,17:18:55,hit_363_20260730_171855.csv,512,DEFECT,HIGH,0,27,120,247,500000,4810551,3740390,-4810551,-442000.5,,800,-553,坏棒 总长1000 任意重度敲 800
364,17:18:56,hit_364_20260730_171856.csv,512,DEFECT,HIGH,0,21,117,198,500000,4907034,4907034,-4361909,241534.1,,800,-602,坏棒 总长1000 任意重度敲 800
365,17:18:56,hit_365_20260730_171856.csv,512,DEFECT,HIGH,0,24,116,228,500000,4872786,4364840,-4872786,-152658.3,,800,-572,坏棒 总长1000 任意重度敲 800
366,17:18:56,hit_366_20260730_171856.csv,512,DEFECT,HIGH,0,87,116,723,500000,5039665,4244441,-5039665,-207891.2,,800,-77,坏棒 总长1000 任意重度敲 800
367,17:18:56,hit_367_20260730_171856.csv,512,DEFECT,HIGH,0,23,113,225,500000,4864166,4132863,-4864166,-243295.3,,800,-575,坏棒 总长1000 任意重度敲 800
368,17:18:57,hit_368_20260730_171857.csv,512,DEFECT,HIGH,0,22,115,211,500000,4620010,3835695,-4620010,-309959.2,,800,-589,坏棒 总长1000 任意重度敲 800
369,17:18:57,hit_369_20260730_171857.csv,512,DEFECT,HIGH,0,24,114,233,500000,4940968,4305543,-4940968,-266544.9,,800,-567,坏棒 总长1000 任意重度敲 800
370,17:18:57,hit_370_20260730_171857.csv,512,DEFECT,HIGH,0,24,114,233,500000,5024857,4343703,-5024857,-203028.2,,800,-567,坏棒 总长1000 任意重度敲 800
371,17:18:58,hit_371_20260730_171858.csv,512,DEFECT,HIGH,0,42,113,411,500000,4839752,4226060,-4839752,-471815.7,,800,-389,坏棒 总长1000 任意重度敲 800
372,17:18:58,hit_372_20260730_171858.csv,512,DEFECT,HIGH,0,27,114,262,500000,5190843,4323645,-5190843,-348887.1,,800,-538,坏棒 总长1000 任意重度敲 800
373,17:18:58,hit_373_20260730_171858.csv,512,DEFECT,HIGH,0,25,112,247,500000,5017402,4120144,-5017402,-317841.3,,800,-553,坏棒 总长1000 任意重度敲 800
374,17:18:58,hit_374_20260730_171858.csv,512,DEFECT,HIGH,0,24,112,237,500000,4870405,4294225,-4870405,-349990.0,,800,-563,坏棒 总长1000 任意重度敲 800
375,17:18:59,hit_375_20260730_171859.csv,512,DEFECT,HIGH,0,24,114,233,500000,5006943,4231175,-5006943,-326647.6,,800,-567,坏棒 总长1000 任意重度敲 800
376,17:18:59,hit_376_20260730_171859.csv,512,DEFECT,HIGH,0,24,117,226,500000,4974987,4262513,-4974987,-177068.2,,800,-574,坏棒 总长1000 任意重度敲 800
377,17:18:59,hit_377_20260730_171859.csv,512,DEFECT,HIGH,0,86,114,728,500000,4801910,4443947,-4801910,7899.2,,800,-72,坏棒 总长1000 任意重度敲 800
378,17:19:00,hit_378_20260730_171900.csv,512,DEFECT,HIGH,0,29,120,266,500000,5609535,4625684,-5609535,-263839.2,,800,-534,坏棒 总长1000 任意重度敲 800
379,17:19:00,hit_379_20260730_171900.csv,512,DEFECT,HIGH,0,30,120,275,500000,5692457,4299819,-5692457,-396974.7,,800,-525,坏棒 总长1000 任意重度敲 800
380,17:19:00,hit_380_20260730_171900.csv,512,DEFECT,HIGH,0,87,114,737,500000,4938959,4290756,-4938959,-86700.8,,800,-63,坏棒 总长1000 任意重度敲 800
381,17:19:00,hit_381_20260730_171900.csv,512,DEFECT,HIGH,0,83,112,712,500000,4687254,4174733,-4687254,-150834.9,,800,-88,坏棒 总长1000 任意重度敲 800
382,17:19:01,hit_382_20260730_171901.csv,512,DEFECT,HIGH,0,23,111,230,500000,4686582,4009212,-4686582,-238201.6,,800,-570,坏棒 总长1000 任意重度敲 800
383,17:19:01,hit_383_20260730_171901.csv,512,DEFECT,HIGH,0,84,111,730,500000,4634197,4275532,-4634197,-145316.9,,800,-70,坏棒 总长1000 任意重度敲 800
384,17:19:01,hit_384_20260730_171901.csv,512,DEFECT,HIGH,0,26,113,254,500000,5069775,4239259,-5069775,-330142.5,,800,-546,坏棒 总长1000 任意重度敲 800
385,17:19:01,hit_385_20260730_171901.csv,512,DEFECT,HIGH,0,25,112,247,500000,4852204,4206859,-4852204,-333684.6,,800,-553,坏棒 总长1000 任意重度敲 800
386,17:19:02,hit_386_20260730_171902.csv,512,DEFECT,HIGH,0,25,116,238,500000,4989971,4184082,-4989971,-128887.5,,800,-562,坏棒 总长1000 任意重度敲 800
387,17:19:02,hit_387_20260730_171902.csv,512,DEFECT,HIGH,0,24,115,230,500000,4953663,4406294,-4953663,-51290.9,,800,-570,坏棒 总长1000 任意重度敲 800
388,17:19:02,hit_388_20260730_171902.csv,512,DEFECT,HIGH,0,87,114,737,500000,4766636,4622494,-4766636,73507.5,,800,-63,坏棒 总长1000 任意重度敲 800
389,17:19:03,hit_389_20260730_171903.csv,512,DEFECT,HIGH,0,25,116,238,500000,5111651,4275136,-5111651,-359746.8,,800,-562,坏棒 总长1000 任意重度敲 800
390,17:19:03,hit_390_20260730_171903.csv,512,DEFECT,HIGH,0,23,112,227,500000,4784721,4194792,-4784721,-207083.1,,800,-573,坏棒 总长1000 任意重度敲 800
391,17:19:03,hit_391_20260730_171903.csv,512,DEFECT,HIGH,0,23,112,227,500000,4717945,3913514,-4717945,-213529.0,,800,-573,坏棒 总长1000 任意重度敲 800
392,17:19:04,hit_392_20260730_171904.csv,512,DEFECT,HIGH,0,28,124,247,500000,5311174,3812921,-5311174,-361539.3,,800,-553,坏棒 总长1000 任意重度敲 800
393,17:19:04,hit_393_20260730_171904.csv,512,DEFECT,HIGH,0,23,115,221,500000,4727803,4335328,-4727803,160543.1,,800,-579,坏棒 总长1000 任意重度敲 800
394,17:19:04,hit_394_20260730_171904.csv,512,DEFECT,HIGH,0,25,115,240,500000,5017989,3991316,-5017989,-242173.3,,800,-560,坏棒 总长1000 任意重度敲 800
395,17:19:04,hit_395_20260730_171904.csv,512,DEFECT,HIGH,0,24,112,237,500000,4830714,4305311,-4830714,-297581.4,,800,-563,坏棒 总长1000 任意重度敲 800
396,17:19:05,hit_396_20260730_171905.csv,512,DEFECT,HIGH,0,29,114,281,500000,5503982,4043818,-5503982,-352415.8,,800,-519,坏棒 总长1000 任意重度敲 800
397,17:19:05,hit_397_20260730_171905.csv,512,DEFECT,HIGH,0,84,113,715,500000,4686251,4240281,-4686251,-162421.8,,800,-85,坏棒 总长1000 任意重度敲 800
398,17:19:05,hit_398_20260730_171905.csv,512,DEFECT,HIGH,0,52,115,500,500000,4535709,4066294,-4535709,-267534.5,,800,-300,坏棒 总长1000 任意重度敲 800
399,17:19:06,hit_399_20260730_171906.csv,512,DEFECT,HIGH,0,30,117,283,500000,5351526,4166602,-5351526,-202666.2,,800,-517,坏棒 总长1000 任意重度敲 800
400,17:19:06,hit_400_20260730_171906.csv,512,DEFECT,HIGH,0,23,113,225,500000,4769682,4055003,-4769682,-181618.9,,800,-575,坏棒 总长1000 任意重度敲 800
401,17:19:06,hit_401_20260730_171906.csv,512,DEFECT,HIGH,0,22,111,220,500000,4570860,4147353,-4570860,-126079.9,,800,-580,坏棒 总长1000 任意重度敲 800
402,17:19:07,hit_402_20260730_171907.csv,512,DEFECT,HIGH,0,29,115,278,500000,5531916,4243566,-5531916,-344314.1,,800,-522,坏棒 总长1000 任意重度敲 800
403,17:19:07,hit_403_20260730_171907.csv,512,DEFECT,HIGH,0,23,117,216,500000,4567711,3433168,-4567711,-152312.1,,800,-584,坏棒 总长1000 任意重度敲 800
404,17:19:07,hit_404_20260730_171907.csv,512,DEFECT,HIGH,0,23,114,223,500000,4675107,3926899,-4675107,-93829.1,,800,-577,坏棒 总长1000 任意重度敲 800
405,17:19:11,hit_405_20260730_171911.csv,512,DEFECT,HIGH,0,23,115,221,500000,4733208,4359002,-4733208,-88462.8,,800,-579,坏棒 总长1000 任意重度敲 800
406,17:19:12,hit_406_20260730_171912.csv,512,DEFECT,HIGH,0,23,115,221,500000,4790091,4413447,-4790091,-55848.6,,800,-579,坏棒 总长1000 任意重度敲 800
407,17:19:12,hit_407_20260730_171912.csv,512,DEFECT,HIGH,0,24,115,230,500000,4813086,4082267,-4813086,-287461.6,,800,-570,坏棒 总长1000 任意重度敲 800
408,17:19:13,hit_408_20260730_171913.csv,512,DEFECT,HIGH,0,85,115,711,500000,4599552,4093324,-4599552,-168360.6,,800,-89,坏棒 总长1000 任意重度敲 800
409,17:19:13,hit_409_20260730_171913.csv,512,DEFECT,HIGH,0,29,121,263,500000,5325802,4477392,-5325802,-258442.6,,800,-537,坏棒 总长1000 任意重度敲 800
410,17:19:13,hit_410_20260730_171913.csv,512,DEFECT,HIGH,0,28,120,256,500000,5462210,4644765,-5462210,-234333.1,,800,-544,坏棒 总长1000 任意重度敲 800
411,17:19:13,hit_411_20260730_171913.csv,512,DEFECT,HIGH,0,23,114,223,500000,4746317,4101261,-4746317,-250772.6,,800,-577,坏棒 总长1000 任意重度敲 800
412,17:19:14,hit_412_20260730_171914.csv,512,DEFECT,HIGH,0,86,116,714,500000,4768197,4158634,-4768197,-175282.0,,800,-86,坏棒 总长1000 任意重度敲 800
413,17:19:14,hit_413_20260730_171914.csv,512,DEFECT,HIGH,0,86,115,721,500000,4653866,3996164,-4653866,-147219.7,,800,-79,坏棒 总长1000 任意重度敲 800
414,17:19:14,hit_414_20260730_171914.csv,512,DEFECT,HIGH,0,86,115,721,500000,4523987,4040630,-4523987,-183175.9,,800,-79,坏棒 总长1000 任意重度敲 800
415,17:19:14,hit_415_20260730_171914.csv,512,DEFECT,HIGH,0,26,115,250,500000,5183617,4089003,-5183617,-311730.5,,800,-550,坏棒 总长1000 任意重度敲 800
416,17:19:15,hit_416_20260730_171915.csv,512,DEFECT,HIGH,0,84,110,737,500000,4620901,4620901,-4386261,-145692.0,,800,-63,坏棒 总长1000 任意重度敲 800
417,17:19:15,hit_417_20260730_171915.csv,512,DEFECT,HIGH,0,29,116,276,500000,5531971,4028884,-5531971,-462759.4,,800,-524,坏棒 总长1000 任意重度敲 800
418,17:19:15,hit_418_20260730_171915.csv,512,DEFECT,HIGH,0,25,114,242,500000,5031430,4128723,-5031430,-293758.5,,800,-558,坏棒 总长1000 任意重度敲 800
419,17:19:16,hit_419_20260730_171916.csv,512,DEFECT,HIGH,0,24,115,230,500000,4960866,4145794,-4960866,-292030.5,,800,-570,坏棒 总长1000 任意重度敲 800
420,17:19:16,hit_420_20260730_171916.csv,512,DEFECT,HIGH,0,25,118,233,500000,5030602,4410266,-5030602,-178298.0,,800,-567,坏棒 总长1000 任意重度敲 800
421,17:19:16,hit_421_20260730_171916.csv,512,DEFECT,HIGH,0,26,119,240,500000,5104620,4381488,-5104620,-222601.8,,800,-560,坏棒 总长1000 任意重度敲 800
422,17:19:16,hit_422_20260730_171916.csv,512,DEFECT,HIGH,0,24,118,224,500000,4865949,4253881,-4865949,-175280.4,,800,-576,坏棒 总长1000 任意重度敲 800
423,17:19:17,hit_423_20260730_171917.csv,512,DEFECT,HIGH,0,26,118,242,500000,5041178,4503976,-5041178,-121277.0,,800,-558,坏棒 总长1000 任意重度敲 800
424,17:19:17,hit_424_20260730_171917.csv,512,DEFECT,HIGH,0,24,118,224,500000,4812021,4512024,-4812021,2796.1,,800,-576,坏棒 总长1000 任意重度敲 800
425,17:19:17,hit_425_20260730_171917.csv,512,DEFECT,HIGH,0,32,122,288,500000,5456114,4258516,-5456114,-341638.8,,800,-512,坏棒 总长1000 任意重度敲 800
426,17:19:17,hit_426_20260730_171917.csv,512,DEFECT,HIGH,0,22,116,209,500000,4623653,4623653,-4512085,12310.9,,800,-591,坏棒 总长1000 任意重度敲 800
427,17:19:18,hit_427_20260730_171918.csv,512,DEFECT,HIGH,0,25,118,233,500000,4961292,4571330,-4961292,-74045.6,,800,-567,坏棒 总长1000 任意重度敲 800
428,17:19:18,hit_428_20260730_171918.csv,512,DEFECT,HIGH,0,26,117,245,500000,5073310,4152792,-5073310,-304623.9,,800,-555,坏棒 总长1000 任意重度敲 800
429,17:19:18,hit_429_20260730_171918.csv,512,NORMAL,HIGH,0,0,116,0,500000,4455481,4455481,-4157146,247420.4,,800,,坏棒 总长1000 任意重度敲 800
430,17:19:18,hit_430_20260730_171918.csv,512,DEFECT,HIGH,0,23,116,219,500000,4811267,4072520,-4811267,-197283.4,,800,-581,坏棒 总长1000 任意重度敲 800
431,17:19:19,hit_431_20260730_171919.csv,512,DEFECT,HIGH,0,84,113,715,500000,4868197,3954014,-4868197,-277803.5,,800,-85,坏棒 总长1000 任意重度敲 800
432,17:19:19,hit_432_20260730_171919.csv,512,DEFECT,HIGH,0,26,114,252,500000,5153819,4261950,-5153819,-389944.2,,800,-548,坏棒 总长1000 任意重度敲 800
433,17:19:19,hit_433_20260730_171919.csv,512,DEFECT,HIGH,0,25,117,235,500000,5116307,4286299,-5116307,-184721.0,,800,-565,坏棒 总长1000 任意重度敲 800
434,17:19:20,hit_434_20260730_171920.csv,512,DEFECT,HIGH,0,28,120,256,500000,5147212,4228589,-5147212,-204820.7,,800,-544,坏棒 总长1000 任意重度敲 800
435,17:19:20,hit_435_20260730_171920.csv,512,DEFECT,HIGH,0,24,118,224,500000,4791889,4791889,-4696123,-51869.5,,800,-576,坏棒 总长1000 任意重度敲 800
436,17:19:20,hit_436_20260730_171920.csv,512,DEFECT,HIGH,0,23,118,214,500000,4870231,4870231,-4563143,165725.3,,800,-586,坏棒 总长1000 任意重度敲 800
437,17:19:21,hit_437_20260730_171921.csv,512,DEFECT,HIGH,0,24,116,228,500000,5057201,5057201,-4744520,81940.7,,800,-572,坏棒 总长1000 任意重度敲 800
438,17:19:21,hit_438_20260730_171921.csv,512,DEFECT,HIGH,0,23,117,216,500000,5062142,5062142,-4713788,74749.3,,800,-584,坏棒 总长1000 任意重度敲 800
439,17:19:21,hit_439_20260730_171921.csv,512,DEFECT,HIGH,0,22,117,207,500000,4566222,4548954,-4566222,108633.3,,800,-593,坏棒 总长1000 任意重度敲 800
440,17:19:21,hit_440_20260730_171921.csv,512,DEFECT,HIGH,0,31,118,289,500000,5249651,4370016,-5249651,-420658.2,,800,-511,坏棒 总长1000 任意重度敲 800
441,17:19:22,hit_441_20260730_171922.csv,512,DEFECT,HIGH,0,23,115,221,500000,4758523,4552596,-4758523,74281.7,,800,-579,坏棒 总长1000 任意重度敲 800
442,17:19:22,hit_442_20260730_171922.csv,512,DEFECT,HIGH,0,24,115,230,500000,4872181,4291324,-4872181,8216.8,,800,-570,坏棒 总长1000 任意重度敲 800
443,17:19:22,hit_443_20260730_171922.csv,512,DEFECT,HIGH,0,25,114,242,500000,5143638,4295039,-5143638,-272006.5,,800,-558,坏棒 总长1000 任意重度敲 800
444,17:19:22,hit_444_20260730_171922.csv,512,DEFECT,HIGH,0,87,113,745,500000,4799530,4442348,-4799530,-158302.4,,800,-55,坏棒 总长1000 任意重度敲 800
445,17:19:23,hit_445_20260730_171923.csv,512,DEFECT,HIGH,0,85,114,718,500000,4796913,4399739,-4796913,-166727.1,,800,-82,坏棒 总长1000 任意重度敲 800
446,17:19:23,hit_446_20260730_171923.csv,512,DEFECT,HIGH,0,27,118,252,500000,5303522,4035114,-5303522,-351286.8,,800,-548,坏棒 总长1000 任意重度敲 800
447,17:19:23,hit_447_20260730_171923.csv,512,DEFECT,HIGH,0,30,122,270,500000,5408781,4183185,-5408781,-244636.0,,800,-530,坏棒 总长1000 任意重度敲 800
448,17:19:23,hit_448_20260730_171923.csv,512,DEFECT,HIGH,0,31,123,276,500000,5429971,4234367,-5429971,-215442.2,,800,-524,坏棒 总长1000 任意重度敲 800
449,17:19:24,hit_449_20260730_171924.csv,512,DEFECT,HIGH,0,32,122,288,500000,5675142,4183620,-5675142,-445831.7,,800,-512,坏棒 总长1000 任意重度敲 800
450,17:19:24,hit_450_20260730_171924.csv,512,DEFECT,HIGH,0,26,118,242,500000,5244051,4211913,-5244051,-279702.5,,800,-558,坏棒 总长1000 任意重度敲 800
451,17:19:24,hit_451_20260730_171924.csv,512,DEFECT,HIGH,0,29,122,261,500000,5559259,4386780,-5559259,-93920.4,,800,-539,坏棒 总长1000 任意重度敲 800
452,17:19:24,hit_452_20260730_171924.csv,512,DEFECT,HIGH,0,23,119,212,500000,4712917,4114743,-4712917,2226.9,,800,-588,坏棒 总长1000 任意重度敲 800
453,17:19:25,hit_453_20260730_171925.csv,512,DEFECT,HIGH,0,23,117,216,500000,4584960,4584960,-4539485,69191.0,,800,-584,坏棒 总长1000 任意重度敲 800
454,17:19:25,hit_454_20260730_171925.csv,512,DEFECT,HIGH,0,24,116,228,500000,4894016,4149623,-4894016,-223430.7,,800,-572,坏棒 总长1000 任意重度敲 800
455,17:19:25,hit_455_20260730_171925.csv,512,DEFECT,HIGH,0,23,117,216,500000,4727871,4215458,-4727871,-100848.8,,800,-584,坏棒 总长1000 任意重度敲 800
456,17:19:26,hit_456_20260730_171926.csv,512,DEFECT,HIGH,0,25,119,231,500000,4897304,4399573,-4897304,-210113.4,,800,-569,坏棒 总长1000 任意重度敲 800
457,17:19:26,hit_457_20260730_171926.csv,512,DEFECT,HIGH,0,24,119,222,500000,5112617,5112617,-4811082,19321.5,,800,-578,坏棒 总长1000 任意重度敲 800
458,17:19:26,hit_458_20260730_171926.csv,512,DEFECT,HIGH,0,91,117,754,500000,4941188,4941188,-4411680,63292.8,,800,-46,坏棒 总长1000 任意重度敲 800
459,17:19:26,hit_459_20260730_171926.csv,512,DEFECT,HIGH,0,22,120,201,500000,4701437,4701437,-4506760,84007.7,,800,-599,坏棒 总长1000 任意重度敲 800
460,17:19:27,hit_460_20260730_171927.csv,512,DEFECT,HIGH,0,21,116,200,500000,4476169,4476169,-4366983,1980.5,,800,-600,坏棒 总长1000 任意重度敲 800
461,17:19:27,hit_461_20260730_171927.csv,512,DEFECT,HIGH,0,86,115,721,500000,4599632,4083579,-4599632,-114275.6,,800,-79,坏棒 总长1000 任意重度敲 800
462,17:19:27,hit_462_20260730_171927.csv,512,DEFECT,HIGH,0,27,118,252,500000,5310236,3961457,-5310236,-459964.9,,800,-548,坏棒 总长1000 任意重度敲 800
463,17:19:27,hit_463_20260730_171927.csv,512,DEFECT,HIGH,0,25,116,238,500000,4934388,3875680,-4934388,-402572.4,,800,-562,坏棒 总长1000 任意重度敲 800
464,17:19:28,hit_464_20260730_171928.csv,512,DEFECT,HIGH,0,24,116,228,500000,4627710,3888821,-4627710,-336190.6,,800,-572,坏棒 总长1000 任意重度敲 800
465,17:19:28,hit_465_20260730_171928.csv,512,DEFECT,HIGH,0,25,119,231,500000,5040004,4687684,-5040004,-119773.2,,800,-569,坏棒 总长1000 任意重度敲 800
466,17:19:28,hit_466_20260730_171928.csv,512,DEFECT,HIGH,0,24,117,226,500000,4975322,4389438,-4975322,-228803.5,,800,-574,坏棒 总长1000 任意重度敲 800
467,17:19:28,hit_467_20260730_171928.csv,512,DEFECT,HIGH,0,26,120,238,500000,5032481,4686530,-5032481,-177167.1,,800,-562,坏棒 总长1000 任意重度敲 800
468,17:19:29,hit_468_20260730_171929.csv,512,DEFECT,HIGH,0,23,116,219,500000,5170843,5170843,-4576485,243342.2,,800,-581,坏棒 总长1000 任意重度敲 800
469,17:19:29,hit_469_20260730_171929.csv,512,DEFECT,HIGH,0,29,119,268,500000,5432054,4230865,-5432054,-495571.7,,800,-532,坏棒 总长1000 任意重度敲 800
470,17:19:29,hit_470_20260730_171929.csv,512,DEFECT,HIGH,0,27,116,257,500000,5247323,4074294,-5247323,-382369.5,,800,-543,坏棒 总长1000 任意重度敲 800
471,17:19:29,hit_471_20260730_171929.csv,512,DEFECT,HIGH,0,26,115,250,500000,5168897,3973552,-5168897,-557291.7,,800,-550,坏棒 总长1000 任意重度敲 800
472,17:19:30,hit_472_20260730_171930.csv,512,DEFECT,HIGH,0,25,114,242,500000,4979911,4066699,-4979911,-435759.0,,800,-558,坏棒 总长1000 任意重度敲 800
473,17:19:30,hit_473_20260730_171930.csv,512,DEFECT,HIGH,0,23,116,219,500000,4815922,4465136,-4815922,-93790.8,,800,-581,坏棒 总长1000 任意重度敲 800
474,17:19:30,hit_474_20260730_171930.csv,512,DEFECT,HIGH,0,24,116,228,500000,4836430,4514992,-4836430,-95989.1,,800,-572,坏棒 总长1000 任意重度敲 800
475,17:19:30,hit_475_20260730_171930.csv,512,DEFECT,HIGH,0,23,115,221,500000,4714925,4714925,-4619183,109790.4,,800,-579,坏棒 总长1000 任意重度敲 800
476,17:19:31,hit_476_20260730_171931.csv,512,DEFECT,HIGH,0,27,118,252,500000,5363120,4626617,-5363120,-159280.3,,800,-548,坏棒 总长1000 任意重度敲 800
477,17:19:31,hit_477_20260730_171931.csv,512,DEFECT,HIGH,0,25,117,235,500000,5077876,3983871,-5077876,-355157.3,,800,-565,坏棒 总长1000 任意重度敲 800
478,17:19:31,hit_478_20260730_171931.csv,512,DEFECT,HIGH,0,23,113,225,500000,4712392,4161782,-4712392,-192048.8,,800,-575,坏棒 总长1000 任意重度敲 800
479,17:19:31,hit_479_20260730_171931.csv,512,DEFECT,HIGH,0,27,116,257,500000,5178637,3824822,-5178637,-504988.3,,800,-543,坏棒 总长1000 任意重度敲 800
480,17:19:32,hit_480_20260730_171932.csv,512,DEFECT,HIGH,0,25,115,240,500000,4995235,4075125,-4995235,-286172.4,,800,-560,坏棒 总长1000 任意重度敲 800
481,17:19:32,hit_481_20260730_171932.csv,512,DEFECT,HIGH,0,24,114,233,500000,4878952,4274358,-4878952,-256122.6,,800,-567,坏棒 总长1000 任意重度敲 800
482,17:19:32,hit_482_20260730_171932.csv,512,DEFECT,HIGH,0,24,115,230,500000,4763204,4201323,-4763204,-114650.5,,800,-570,坏棒 总长1000 任意重度敲 800
483,17:19:33,hit_483_20260730_171933.csv,512,DEFECT,HIGH,0,28,118,261,500000,5509626,4289922,-5509626,-351247.0,,800,-539,坏棒 总长1000 任意重度敲 800
484,17:19:33,hit_484_20260730_171933.csv,512,DEFECT,HIGH,0,62,108,639,500000,4931615,4931615,-3855274,-102711.3,,800,-161,坏棒 总长1000 任意重度敲 800
485,17:19:33,hit_485_20260730_171933.csv,512,DEFECT,HIGH,0,36,108,371,500000,5874114,4194291,-5874114,-333740.1,,800,-429,坏棒 总长1000 任意重度敲 800
486,17:19:34,hit_486_20260730_171934.csv,512,DEFECT,HIGH,0,38,108,391,500000,6075032,4351690,-6075032,-345291.2,,800,-409,坏棒 总长1000 任意重度敲 800
487,17:19:34,hit_487_20260730_171934.csv,512,DEFECT,HIGH,0,37,108,381,500000,5877635,3784327,-5877635,-268582.5,,800,-419,坏棒 总长1000 任意重度敲 800
488,17:19:34,hit_488_20260730_171934.csv,512,DEFECT,HIGH,0,32,123,285,500000,5881291,4236450,-5881291,-468994.4,,800,-515,坏棒 总长1000 任意重度敲 800
489,17:19:34,hit_489_20260730_171934.csv,512,DEFECT,HIGH,0,59,122,531,500000,5429148,4398018,-5429148,-416511.7,,800,-269,坏棒 总长1000 任意重度敲 800
490,17:19:35,hit_490_20260730_171935.csv,512,NORMAL,HIGH,0,0,112,0,500000,5045229,5045229,-4017182,585212.5,,800,,坏棒 总长1000 任意重度敲 800
491,17:19:35,hit_491_20260730_171935.csv,512,DEFECT,HIGH,0,87,114,737,500000,4957738,4178730,-4957738,-154030.8,,800,-63,坏棒 总长1000 任意重度敲 800
492,17:19:35,hit_492_20260730_171935.csv,512,DEFECT,HIGH,0,24,114,233,500000,4999445,4119789,-4999445,-386215.9,,800,-567,坏棒 总长1000 任意重度敲 800
493,17:19:35,hit_493_20260730_171935.csv,512,DEFECT,HIGH,0,26,113,254,500000,4989232,4112907,-4989232,-508058.1,,800,-546,坏棒 总长1000 任意重度敲 800
494,17:19:36,hit_494_20260730_171936.csv,512,DEFECT,HIGH,0,26,117,245,500000,4905506,3927257,-4905506,-414028.7,,800,-555,坏棒 总长1000 任意重度敲 800
495,17:19:36,hit_495_20260730_171936.csv,512,DEFECT,HIGH,0,24,114,233,500000,4970063,4298549,-4970063,-197564.6,,800,-567,坏棒 总长1000 任意重度敲 800
496,17:19:36,hit_496_20260730_171936.csv,512,DEFECT,HIGH,0,40,113,392,500000,4980244,4068899,-4980244,-367129.4,,800,-408,坏棒 总长1000 任意重度敲 800
497,17:19:37,hit_497_20260730_171937.csv,512,DEFECT,HIGH,0,24,116,228,500000,4432571,3381923,-4432571,-247721.5,,800,-572,坏棒 总长1000 任意重度敲 800
498,17:19:37,hit_498_20260730_171937.csv,512,DEFECT,HIGH,0,22,114,213,500000,4516200,3972751,-4516200,-94086.0,,800,-587,坏棒 总长1000 任意重度敲 800
499,17:19:37,hit_499_20260730_171937.csv,512,DEFECT,HIGH,0,27,121,245,500000,5247194,4125008,-5247194,-160985.4,,800,-555,坏棒 总长1000 任意重度敲 800
500,17:19:37,hit_500_20260730_171937.csv,512,DEFECT,HIGH,0,34,108,350,500000,4963547,4014461,-4963547,-251202.1,,800,-450,坏棒 总长1000 任意重度敲 800
501,17:19:38,hit_501_20260730_171938.csv,512,DEFECT,HIGH,0,28,108,288,500000,4484498,3717687,-4484498,-207295.3,,800,-512,坏棒 总长1000 任意重度敲 800
502,17:19:38,hit_502_20260730_171938.csv,512,DEFECT,HIGH,0,32,108,329,500000,4902630,4014213,-4902630,-262369.3,,800,-471,坏棒 总长1000 任意重度敲 800
503,17:19:38,hit_503_20260730_171938.csv,512,DEFECT,HIGH,0,56,108,577,500000,5478702,4340141,-5478702,-390267.1,,800,-223,坏棒 总长1000 任意重度敲 800
504,17:19:38,hit_504_20260730_171938.csv,512,DEFECT,HIGH,0,36,115,346,500000,5949347,4131356,-5949347,-844532.9,,800,-454,坏棒 总长1000 任意重度敲 800
505,17:19:39,hit_505_20260730_171939.csv,512,DEFECT,HIGH,0,27,118,252,500000,5385627,4178472,-5385627,-400533.7,,800,-548,坏棒 总长1000 任意重度敲 800
506,17:19:39,hit_506_20260730_171939.csv,512,DEFECT,HIGH,0,27,121,245,500000,5206809,4362452,-5206809,-233806.6,,800,-555,坏棒 总长1000 任意重度敲 800
507,17:19:39,hit_507_20260730_171939.csv,512,DEFECT,HIGH,0,29,121,263,500000,5557911,4507020,-5557911,-223623.4,,800,-537,坏棒 总长1000 任意重度敲 800
508,17:19:40,hit_508_20260730_171940.csv,512,DEFECT,HIGH,0,29,121,263,500000,5622877,4618863,-5622877,-188382.0,,800,-537,坏棒 总长1000 任意重度敲 800
509,17:19:40,hit_509_20260730_171940.csv,512,DEFECT,HIGH,0,25,121,227,500000,4881017,3812066,-4881017,-214988.8,,800,-573,坏棒 总长1000 任意重度敲 800
510,17:19:40,hit_510_20260730_171940.csv,512,DEFECT,HIGH,0,25,116,238,500000,5064596,4353882,-5064596,-158641.1,,800,-562,坏棒 总长1000 任意重度敲 800
511,17:19:40,hit_511_20260730_171940.csv,512,DEFECT,HIGH,0,23,113,225,500000,4764229,4070805,-4764229,-134387.6,,800,-575,坏棒 总长1000 任意重度敲 800
512,17:19:41,hit_512_20260730_171941.csv,512,DEFECT,HIGH,0,27,115,259,500000,5340298,4035615,-5340298,-439201.1,,800,-541,坏棒 总长1000 任意重度敲 800
513,17:19:41,hit_513_20260730_171941.csv,512,DEFECT,HIGH,0,82,111,710,500000,4545431,4293790,-4545431,-224767.8,,800,-90,坏棒 总长1000 任意重度敲 800
514,17:19:41,hit_514_20260730_171941.csv,512,DEFECT,HIGH,0,27,116,257,500000,5012064,3805195,-5012064,-307876.0,,800,-543,坏棒 总长1000 任意重度敲 800
515,17:19:41,hit_515_20260730_171941.csv,512,DEFECT,HIGH,0,26,112,257,500000,5094823,4105928,-5094823,-407980.5,,800,-543,坏棒 总长1000 任意重度敲 800
516,17:19:42,hit_516_20260730_171942.csv,512,DEFECT,HIGH,0,23,111,230,500000,4714005,4482371,-4714005,-296083.2,,800,-570,坏棒 总长1000 任意重度敲 800
517,17:19:42,hit_517_20260730_171942.csv,512,DEFECT,HIGH,0,54,117,509,500000,4053153,4039491,-4053153,-276712.1,,800,-291,坏棒 总长1000 任意重度敲 800
518,17:19:42,hit_518_20260730_171942.csv,512,DEFECT,HIGH,0,24,116,228,500000,4547435,3705573,-4547435,-403464.8,,800,-572,坏棒 总长1000 任意重度敲 800
519,17:19:43,hit_519_20260730_171943.csv,512,DEFECT,HIGH,0,92,116,771,500000,4822102,4114508,-4822102,-100531.6,,800,-29,坏棒 总长1000 任意重度敲 800
520,17:19:43,hit_520_20260730_171943.csv,512,DEFECT,HIGH,0,86,114,728,500000,4727155,4154975,-4727155,-181523.5,,800,-72,坏棒 总长1000 任意重度敲 800
521,17:19:43,hit_521_20260730_171943.csv,512,DEFECT,HIGH,0,36,116,342,500000,4436898,3768008,-4436898,-315230.2,,800,-458,坏棒 总长1000 任意重度敲 800
522,17:19:43,hit_522_20260730_171943.csv,512,DEFECT,HIGH,0,25,116,238,500000,4985627,4186048,-4985627,-316505.8,,800,-562,坏棒 总长1000 任意重度敲 800
523,17:19:44,hit_523_20260730_171944.csv,512,DEFECT,HIGH,0,24,115,230,500000,4838731,4376256,-4838731,-294144.5,,800,-570,坏棒 总长1000 任意重度敲 800
524,17:19:44,hit_524_20260730_171944.csv,512,DEFECT,HIGH,0,54,108,556,500000,5442049,4372135,-5442049,-400407.8,,800,-244,坏棒 总长1000 任意重度敲 800
525,17:19:44,hit_525_20260730_171944.csv,512,DEFECT,HIGH,0,22,113,215,500000,4586793,4246587,-4586793,-281411.7,,800,-585,坏棒 总长1000 任意重度敲 800
526,17:19:44,hit_526_20260730_171944.csv,512,NORMAL,HIGH,0,0,109,0,500000,5177700,4563061,-5177700,-273746.3,,800,,坏棒 总长1000 任意重度敲 800
527,17:19:45,hit_527_20260730_171945.csv,512,NORMAL,HIGH,0,0,111,0,500000,5253798,4528457,-5253798,-223080.7,,800,,坏棒 总长1000 任意重度敲 800
528,17:19:45,hit_528_20260730_171945.csv,512,DEFECT,HIGH,0,23,114,223,500000,4809749,4294554,-4809749,-200140.5,,800,-577,坏棒 总长1000 任意重度敲 800
529,17:19:45,hit_529_20260730_171945.csv,512,DEFECT,HIGH,0,22,111,220,500000,4500716,4469334,-4500716,-287386.0,,800,-580,坏棒 总长1000 任意重度敲 800
530,17:19:45,hit_530_20260730_171945.csv,512,DEFECT,HIGH,0,22,113,215,500000,4606850,4411491,-4606850,-212299.0,,800,-585,坏棒 总长1000 任意重度敲 800
531,17:19:46,hit_531_20260730_171946.csv,512,DEFECT,HIGH,0,85,112,732,500000,4621708,4621708,-4543440,-118949.9,,800,-68,坏棒 总长1000 任意重度敲 800
532,17:19:46,hit_532_20260730_171946.csv,512,DEFECT,HIGH,0,82,111,710,500000,4522851,4280050,-4522851,-230864.6,,800,-90,坏棒 总长1000 任意重度敲 800
533,17:19:46,hit_533_20260730_171946.csv,512,DEFECT,HIGH,0,23,113,225,500000,4828256,4287382,-4828256,-214653.0,,800,-575,坏棒 总长1000 任意重度敲 800
534,17:19:47,hit_534_20260730_171947.csv,512,DEFECT,HIGH,0,26,118,242,500000,5249591,4617079,-5249591,-186100.6,,800,-558,坏棒 总长1000 任意重度敲 800
535,17:19:47,hit_535_20260730_171947.csv,512,DEFECT,HIGH,0,64,108,659,500000,4625510,4541119,-4625510,-251552.0,,800,-141,坏棒 总长1000 任意重度敲 800
536,17:19:47,hit_536_20260730_171947.csv,512,DEFECT,HIGH,0,23,115,221,500000,4751901,4674960,-4751901,-88646.5,,800,-579,坏棒 总长1000 任意重度敲 800
537,17:19:47,hit_537_20260730_171947.csv,512,DEFECT,HIGH,0,23,115,221,500000,4883127,4502470,-4883127,-44260.7,,800,-579,坏棒 总长1000 任意重度敲 800
538,17:19:48,hit_538_20260730_171948.csv,512,DEFECT,HIGH,0,25,116,238,500000,5132012,4259116,-5132012,-266708.8,,800,-562,坏棒 总长1000 任意重度敲 800
539,17:19:48,hit_539_20260730_171948.csv,512,DEFECT,HIGH,0,87,115,730,500000,4703144,4058430,-4703144,-104317.3,,800,-70,坏棒 总长1000 任意重度敲 800
540,17:19:48,hit_540_20260730_171948.csv,512,DEFECT,HIGH,0,24,117,226,500000,4974373,4062601,-4974373,-246570.9,,800,-574,坏棒 总长1000 任意重度敲 800
541,17:19:48,hit_541_20260730_171948.csv,512,DEFECT,HIGH,0,26,117,245,500000,5229380,4153055,-5229380,-276977.2,,800,-555,坏棒 总长1000 任意重度敲 800
542,17:19:49,hit_542_20260730_171949.csv,512,DEFECT,HIGH,0,87,115,730,500000,4812490,4288595,-4812490,-127834.0,,800,-70,坏棒 总长1000 任意重度敲 800
543,17:19:49,hit_543_20260730_171949.csv,512,DEFECT,HIGH,0,88,117,726,500000,5146938,4067213,-5146938,-243443.8,,800,-74,坏棒 总长1000 任意重度敲 800
544,17:19:49,hit_544_20260730_171949.csv,512,DEFECT,HIGH,0,87,116,723,500000,4935725,4444952,-4935725,-172873.7,,800,-77,坏棒 总长1000 任意重度敲 800
545,17:19:50,hit_545_20260730_171950.csv,512,DEFECT,HIGH,0,24,117,226,500000,4750934,4189699,-4750934,-304192.5,,800,-574,坏棒 总长1000 任意重度敲 800
546,17:19:50,hit_546_20260730_171950.csv,512,DEFECT,HIGH,0,24,115,230,500000,4690294,4285776,-4690294,-313104.0,,800,-570,坏棒 总长1000 任意重度敲 800
547,17:19:50,hit_547_20260730_171950.csv,512,DEFECT,HIGH,0,24,117,226,500000,4775449,3966629,-4775449,-218572.9,,800,-574,坏棒 总长1000 任意重度敲 800
548,17:19:50,hit_548_20260730_171950.csv,512,DEFECT,HIGH,0,24,119,222,500000,4279858,3775025,-4279858,-217306.0,,800,-578,坏棒 总长1000 任意重度敲 800
549,17:19:51,hit_549_20260730_171951.csv,512,DEFECT,HIGH,0,25,117,235,500000,5029724,4438821,-5029724,-93791.4,,800,-565,坏棒 总长1000 任意重度敲 800
550,17:19:51,hit_550_20260730_171951.csv,512,DEFECT,HIGH,0,84,115,701,500000,4412584,4412584,-4025343,164538.7,,800,-99,坏棒 总长1000 任意重度敲 800
551,17:19:51,hit_551_20260730_171951.csv,512,DEFECT,HIGH,0,24,119,222,500000,4744581,4437832,-4744581,-23932.4,,800,-578,坏棒 总长1000 任意重度敲 800
552,17:19:51,hit_552_20260730_171951.csv,512,DEFECT,HIGH,0,21,117,198,500000,4435998,4340192,-4435998,104066.0,,800,-602,坏棒 总长1000 任意重度敲 800
553,17:19:52,hit_553_20260730_171952.csv,512,DEFECT,HIGH,0,25,118,233,500000,4897164,4320584,-4897164,-110869.2,,800,-567,坏棒 总长1000 任意重度敲 800
554,17:19:52,hit_554_20260730_171952.csv,512,DEFECT,HIGH,0,87,115,730,500000,4792659,4472713,-4792659,-4929.3,,800,-70,坏棒 总长1000 任意重度敲 800
555,17:19:52,hit_555_20260730_171952.csv,512,DEFECT,HIGH,0,25,117,235,500000,4979882,4334426,-4979882,23610.4,,800,-565,坏棒 总长1000 任意重度敲 800
556,17:19:52,hit_556_20260730_171952.csv,512,DEFECT,HIGH,0,23,116,219,500000,4749435,4167379,-4749435,-119025.3,,800,-581,坏棒 总长1000 任意重度敲 800
557,17:19:53,hit_557_20260730_171953.csv,512,DEFECT,HIGH,0,27,118,252,500000,5316991,4410923,-5316991,-183587.4,,800,-548,坏棒 总长1000 任意重度敲 800
558,17:19:53,hit_558_20260730_171953.csv,512,DEFECT,HIGH,0,28,122,252,500000,5452615,4395184,-5452615,-233038.6,,800,-548,坏棒 总长1000 任意重度敲 800
559,17:19:53,hit_559_20260730_171953.csv,512,DEFECT,HIGH,0,24,115,230,500000,5225823,5225823,-4847563,236849.2,,800,-570,坏棒 总长1000 任意重度敲 800
560,17:19:54,hit_560_20260730_171954.csv,512,DEFECT,HIGH,0,29,119,268,500000,5577864,4649342,-5577864,-185026.7,,800,-532,坏棒 总长1000 任意重度敲 800
561,17:19:54,hit_561_20260730_171954.csv,512,DEFECT,HIGH,0,82,109,724,500000,4394959,4394959,-4335433,-244030.4,,800,-76,坏棒 总长1000 任意重度敲 800
562,17:19:56,hit_562_20260730_171956.csv,512,DEFECT,HIGH,0,32,108,329,500000,4575117,3771308,-4575117,-282564.9,,800,-471,坏棒 总长1000 任意重度敲 800
563,17:19:56,hit_563_20260730_171956.csv,512,DEFECT,HIGH,0,24,118,224,500000,4760812,4084030,-4760812,-196707.2,,800,-576,坏棒 总长1000 任意重度敲 800
564,17:19:56,hit_564_20260730_171956.csv,512,DEFECT,HIGH,0,24,117,226,500000,4673411,4033795,-4673411,-247253.5,,800,-574,坏棒 总长1000 任意重度敲 800
565,17:19:56,hit_565_20260730_171956.csv,512,DEFECT,HIGH,0,23,122,207,500000,4516445,3416218,-4516445,-95374.6,,800,-593,坏棒 总长1000 任意重度敲 800
566,17:19:57,hit_566_20260730_171957.csv,512,DEFECT,HIGH,0,22,117,207,500000,4543145,4326621,-4543145,-4382.1,,800,-593,坏棒 总长1000 任意重度敲 800
567,17:19:57,hit_567_20260730_171957.csv,512,DEFECT,HIGH,0,23,117,216,500000,4640827,4081473,-4640827,-234976.3,,800,-584,坏棒 总长1000 任意重度敲 800
568,17:19:57,hit_568_20260730_171957.csv,512,DEFECT,HIGH,0,40,117,377,500000,4048115,3563833,-4048115,-208243.6,,800,-423,坏棒 总长1000 任意重度敲 800
569,17:19:58,hit_569_20260730_171958.csv,512,DEFECT,HIGH,0,25,120,229,500000,4744516,3607117,-4744516,-354009.7,,800,-571,坏棒 总长1000 任意重度敲 800
570,17:20:02,hit_570_20260730_172002.csv,512,DEFECT,HIGH,0,29,121,263,500000,4600795,3536503,-4600795,-339596.4,,800,-537,坏棒 总长1000 任意重度敲 800
571,17:20:02,hit_571_20260730_172002.csv,512,DEFECT,HIGH,0,21,116,200,500000,4321628,4212455,-4321628,-129626.1,,800,-600,坏棒 总长1000 任意重度敲 800
572,17:20:02,hit_572_20260730_172002.csv,512,NORMAL,HIGH,0,0,116,0,500000,4309624,4194894,-4309624,-26310.8,,800,,坏棒 总长1000 任意重度敲 800
573,17:20:03,hit_573_20260730_172003.csv,512,DEFECT,HIGH,0,22,118,205,500000,4412411,4268018,-4412411,-115869.9,,800,-595,坏棒 总长1000 任意重度敲 800
574,17:20:03,hit_574_20260730_172003.csv,512,DEFECT,HIGH,0,21,117,198,500000,4425076,4308413,-4425076,-101286.3,,800,-602,坏棒 总长1000 任意重度敲 800
575,17:20:03,hit_575_20260730_172003.csv,512,DEFECT,HIGH,0,24,120,220,500000,4740477,4740477,-4723612,-27804.0,,800,-580,坏棒 总长1000 任意重度敲 800
576,17:20:03,hit_576_20260730_172003.csv,512,DEFECT,HIGH,0,24,118,224,500000,4716800,4655832,-4716800,-187046.6,,800,-576,坏棒 总长1000 任意重度敲 800
577,17:20:04,hit_577_20260730_172004.csv,512,DEFECT,HIGH,0,22,117,207,500000,4587759,4587759,-4427775,-20104.1,,800,-593,坏棒 总长1000 任意重度敲 800
578,17:20:04,hit_578_20260730_172004.csv,512,DEFECT,HIGH,0,24,121,218,500000,4690517,3827974,-4690517,-244142.1,,800,-582,坏棒 总长1000 任意重度敲 800
579,17:20:04,hit_579_20260730_172004.csv,512,DEFECT,HIGH,0,25,116,238,500000,4895821,4007808,-4895821,-434295.9,,800,-562,坏棒 总长1000 任意重度敲 800
580,17:20:05,hit_580_20260730_172005.csv,512,DEFECT,HIGH,0,85,114,718,500000,4558688,4446224,-4558688,-301289.6,,800,-82,坏棒 总长1000 任意重度敲 800
581,17:20:05,hit_581_20260730_172005.csv,512,DEFECT,HIGH,0,32,108,329,500000,5390830,4225329,-5390830,-433636.6,,800,-471,坏棒 总长1000 任意重度敲 800
582,17:20:05,hit_582_20260730_172005.csv,512,DEFECT,HIGH,0,22,114,213,500000,4541713,4541713,-4351385,-179503.5,,800,-587,坏棒 总长1000 任意重度敲 800
583,17:20:05,hit_583_20260730_172005.csv,512,INVALID,NONE,0,0,0,0,500000,766581,435928,-766581,-25041.4,,800,,坏棒 总长1000 任意重度敲 800
584,17:20:06,hit_584_20260730_172006.csv,512,DEFECT,HIGH,0,58,108,597,500000,5191030,4284579,-5191030,-320289.5,,800,-203,坏棒 总长1000 任意重度敲 800
585,17:20:06,hit_585_20260730_172006.csv,512,DEFECT,HIGH,0,25,118,233,500000,4565370,4124853,-4565370,-187377.1,,800,-567,坏棒 总长1000 任意重度敲 800
586,17:20:07,hit_586_20260730_172007.csv,512,NORMAL,HIGH,0,0,117,0,500000,4304760,3898815,-4304760,-142309.3,,800,,坏棒 总长1000 任意重度敲 800
587,17:20:07,hit_587_20260730_172007.csv,512,DEFECT,HIGH,0,86,116,714,500000,4542560,3901061,-4542560,-281351.1,,800,-86,坏棒 总长1000 任意重度敲 800
588,17:20:07,hit_588_20260730_172007.csv,512,DEFECT,HIGH,0,85,115,711,500000,4242944,4004414,-4242944,-80838.7,,800,-89,坏棒 总长1000 任意重度敲 800
589,17:20:07,hit_589_20260730_172007.csv,512,INVALID,NONE,0,0,0,0,500000,1125309,362773,-1125309,-38873.1,,800,,坏棒 总长1000 任意重度敲 800
590,17:20:14,hit_590_20260730_172014.csv,512,DEFECT,HIGH,0,29,120,266,500000,4994617,3933477,-4994617,-205626.6,,800,-534,坏棒 总长1000 任意重度敲 800
591,17:20:14,hit_591_20260730_172014.csv,512,DEFECT,HIGH,0,22,117,207,500000,4528805,4151700,-4528805,-97325.0,,800,-593,坏棒 总长1000 任意重度敲 800
592,17:20:14,hit_592_20260730_172014.csv,512,DEFECT,HIGH,0,24,117,226,500000,4383073,4226700,-4383073,-77079.1,,800,-574,坏棒 总长1000 任意重度敲 800
593,17:20:14,hit_593_20260730_172014.csv,512,DEFECT,HIGH,0,27,119,250,500000,4865043,4070759,-4865043,-335489.5,,800,-550,坏棒 总长1000 任意重度敲 800
594,17:20:15,hit_594_20260730_172015.csv,512,DEFECT,HIGH,0,26,118,242,500000,4823835,4091887,-4823835,-252819.2,,800,-558,坏棒 总长1000 任意重度敲 800
595,17:20:15,hit_595_20260730_172015.csv,512,DEFECT,HIGH,0,24,117,226,500000,4663409,4074709,-4663409,-229006.3,,800,-574,坏棒 总长1000 任意重度敲 800
596,17:20:15,hit_596_20260730_172015.csv,512,DEFECT,HIGH,0,23,117,216,500000,4670894,4236378,-4670894,-40911.0,,800,-584,坏棒 总长1000 任意重度敲 800
597,17:20:15,hit_597_20260730_172015.csv,512,DEFECT,HIGH,0,25,115,240,500000,4522590,3598283,-4522590,-545297.3,,800,-560,坏棒 总长1000 任意重度敲 800
598,17:20:16,hit_598_20260730_172016.csv,512,DEFECT,HIGH,0,23,116,219,500000,4583707,3738493,-4583707,-216303.9,,800,-581,坏棒 总长1000 任意重度敲 800
599,17:20:16,hit_599_20260730_172016.csv,512,DEFECT,HIGH,0,23,115,221,500000,4663839,4074323,-4663839,-262769.0,,800,-579,坏棒 总长1000 任意重度敲 800
600,17:20:16,hit_600_20260730_172016.csv,512,DEFECT,HIGH,0,27,118,252,500000,5161175,3976010,-5161175,-410546.3,,800,-548,坏棒 总长1000 任意重度敲 800
601,17:20:17,hit_601_20260730_172017.csv,512,DEFECT,HIGH,0,25,117,235,500000,4957876,4092186,-4957876,-204736.2,,800,-565,坏棒 总长1000 任意重度敲 800
602,17:20:17,hit_602_20260730_172017.csv,512,DEFECT,HIGH,0,85,114,718,500000,4601363,4601363,-4536144,-43381.6,,800,-82,坏棒 总长1000 任意重度敲 800
603,17:20:17,hit_603_20260730_172017.csv,512,DEFECT,HIGH,0,23,115,221,500000,4701721,4253681,-4701721,-172057.6,,800,-579,坏棒 总长1000 任意重度敲 800
604,17:20:17,hit_604_20260730_172017.csv,512,DEFECT,HIGH,0,24,113,235,500000,4696735,4065777,-4696735,-336834.6,,800,-565,坏棒 总长1000 任意重度敲 800
605,17:20:18,hit_605_20260730_172018.csv,512,DEFECT,HIGH,0,26,119,240,500000,4458384,3664350,-4458384,-272388.0,,800,-560,坏棒 总长1000 任意重度敲 800
606,17:20:18,hit_606_20260730_172018.csv,512,DEFECT,HIGH,0,26,116,247,500000,4718784,3842766,-4718784,-248709.9,,800,-553,坏棒 总长1000 任意重度敲 800
607,17:20:18,hit_607_20260730_172018.csv,512,DEFECT,HIGH,0,52,117,490,500000,4098629,4098629,-3591602,-116056.4,,800,-310,坏棒 总长1000 任意重度敲 800
608,17:20:18,hit_608_20260730_172018.csv,512,DEFECT,HIGH,0,29,118,271,500000,5602017,3948807,-5602017,-299527.0,,800,-529,坏棒 总长1000 任意重度敲 800
609,17:20:19,hit_609_20260730_172019.csv,512,DEFECT,HIGH,0,29,119,268,500000,5357504,3949525,-5357504,-289756.1,,800,-532,坏棒 总长1000 任意重度敲 800
610,17:20:19,hit_610_20260730_172019.csv,512,DEFECT,HIGH,0,54,116,514,500000,3760351,3760351,-3086215,-59453.5,,800,-286,坏棒 总长1000 任意重度敲 800
611,17:20:19,hit_611_20260730_172019.csv,512,DEFECT,HIGH,0,29,120,266,500000,5530693,3861691,-5530693,-275186.4,,800,-534,坏棒 总长1000 任意重度敲 800
612,17:20:20,hit_612_20260730_172020.csv,512,DEFECT,LOW,0,53,0,504,500000,1870792,1870792,-1225810,-42752.8,,800,-296,坏棒 总长1000 任意重度敲 800
613,17:20:20,hit_613_20260730_172020.csv,512,DEFECT,HIGH,0,23,115,221,500000,4710272,4037503,-4710272,-102015.1,,800,-579,坏棒 总长1000 任意重度敲 800
614,17:20:20,hit_614_20260730_172020.csv,512,DEFECT,HIGH,0,85,115,711,500000,4395273,3968485,-4395273,-276444.3,,800,-89,坏棒 总长1000 任意重度敲 800
615,17:20:21,hit_615_20260730_172021.csv,512,DEFECT,HIGH,0,23,118,214,500000,4743239,3853608,-4743239,-101906.8,,800,-586,坏棒 总长1000 任意重度敲 800
616,17:20:21,hit_616_20260730_172021.csv,512,DEFECT,HIGH,0,44,120,403,500000,4279323,3412995,-4279323,-384862.5,,800,-397,坏棒 总长1000 任意重度敲 800
617,17:20:21,hit_617_20260730_172021.csv,512,DEFECT,HIGH,0,40,117,377,500000,4375201,3434163,-4375201,-538451.4,,800,-423,坏棒 总长1000 任意重度敲 800
618,17:20:21,hit_618_20260730_172021.csv,512,DEFECT,HIGH,0,22,117,207,500000,4603945,4192647,-4603945,-112170.3,,800,-593,坏棒 总长1000 任意重度敲 800
619,17:20:22,hit_619_20260730_172022.csv,512,DEFECT,HIGH,0,25,118,233,500000,4678667,4014911,-4678667,-230662.4,,800,-567,坏棒 总长1000 任意重度敲 800
620,17:20:22,hit_620_20260730_172022.csv,512,DEFECT,HIGH,0,22,118,205,500000,4436516,4155934,-4436516,-50891.1,,800,-595,坏棒 总长1000 任意重度敲 800
621,17:20:22,hit_621_20260730_172022.csv,512,DEFECT,HIGH,0,24,118,224,500000,4604078,3913165,-4604078,-170314.3,,800,-576,坏棒 总长1000 任意重度敲 800
622,17:20:22,hit_622_20260730_172022.csv,512,DEFECT,HIGH,0,26,118,242,500000,4729422,4165147,-4729422,-256572.4,,800,-558,坏棒 总长1000 任意重度敲 800
623,17:20:23,hit_623_20260730_172023.csv,512,DEFECT,HIGH,0,25,117,235,500000,4631829,4186849,-4631829,-145023.9,,800,-565,坏棒 总长1000 任意重度敲 800
624,17:20:23,hit_624_20260730_172023.csv,512,DEFECT,HIGH,0,27,117,254,500000,4735409,4293502,-4735409,-224488.2,,800,-546,坏棒 总长1000 任意重度敲 800
625,17:20:23,hit_625_20260730_172023.csv,512,DEFECT,HIGH,0,22,117,207,500000,4607622,4316067,-4607622,-97134.1,,800,-593,坏棒 总长1000 任意重度敲 800
626,17:20:23,hit_626_20260730_172023.csv,512,DEFECT,HIGH,0,23,117,216,500000,4605015,4345195,-4605015,-134019.8,,800,-584,坏棒 总长1000 任意重度敲 800
627,17:20:24,hit_627_20260730_172024.csv,512,DEFECT,HIGH,0,22,117,207,500000,4676141,4360638,-4676141,-65834.5,,800,-593,坏棒 总长1000 任意重度敲 800
628,17:20:24,hit_628_20260730_172024.csv,512,DEFECT,HIGH,0,22,116,209,500000,4653432,4147424,-4653432,-127079.1,,800,-591,坏棒 总长1000 任意重度敲 800
629,17:20:24,hit_629_20260730_172024.csv,512,DEFECT,HIGH,0,22,117,207,500000,4542808,4248873,-4542808,13028.1,,800,-593,坏棒 总长1000 任意重度敲 800
630,17:20:24,hit_630_20260730_172024.csv,512,DEFECT,HIGH,0,23,117,216,500000,4645145,3814864,-4645145,-208528.6,,800,-584,坏棒 总长1000 任意重度敲 800
631,17:20:25,hit_631_20260730_172025.csv,512,DEFECT,HIGH,0,24,116,228,500000,4832832,4109019,-4832832,-166725.8,,800,-572,坏棒 总长1000 任意重度敲 800
632,17:20:25,hit_632_20260730_172025.csv,512,DEFECT,HIGH,0,29,123,258,500000,5265335,3968906,-5265335,-265245.3,,800,-542,坏棒 总长1000 任意重度敲 800
633,17:20:25,hit_633_20260730_172025.csv,512,DEFECT,HIGH,0,23,117,216,500000,4629314,4097934,-4629314,-140396.9,,800,-584,坏棒 总长1000 任意重度敲 800
634,17:20:26,hit_634_20260730_172026.csv,512,DEFECT,HIGH,0,22,117,207,500000,4564541,4294912,-4564541,-62925.2,,800,-593,坏棒 总长1000 任意重度敲 800
635,17:20:26,hit_635_20260730_172026.csv,512,DEFECT,HIGH,0,22,116,209,500000,4518127,4484522,-4518127,-29397.1,,800,-591,坏棒 总长1000 任意重度敲 800
636,17:20:26,hit_636_20260730_172026.csv,512,DEFECT,HIGH,0,24,117,226,500000,4510950,4255410,-4510950,-171214.6,,800,-574,坏棒 总长1000 任意重度敲 800
637,17:20:27,hit_637_20260730_172027.csv,512,DEFECT,HIGH,0,24,117,226,500000,4781892,4496263,-4781892,-67141.4,,800,-574,坏棒 总长1000 任意重度敲 800
638,17:20:27,hit_638_20260730_172027.csv,512,DEFECT,HIGH,0,23,118,214,500000,4467116,3507845,-4467116,-264560.1,,800,-586,坏棒 总长1000 任意重度敲 800
639,17:20:27,hit_639_20260730_172027.csv,512,DEFECT,HIGH,0,22,116,209,500000,4656401,4254446,-4656401,-86377.1,,800,-591,坏棒 总长1000 任意重度敲 800
640,17:20:28,hit_640_20260730_172028.csv,512,DEFECT,HIGH,0,22,116,209,500000,4563753,4432491,-4563753,45602.7,,800,-591,坏棒 总长1000 任意重度敲 800
641,17:20:28,hit_641_20260730_172028.csv,512,DEFECT,HIGH,0,24,119,222,500000,4447020,3590710,-4447020,-246496.8,,800,-578,坏棒 总长1000 任意重度敲 800
642,17:20:28,hit_642_20260730_172028.csv,512,DEFECT,HIGH,0,23,119,212,500000,4563419,3341400,-4563419,-232794.1,,800,-588,坏棒 总长1000 任意重度敲 800
643,17:20:29,hit_643_20260730_172029.csv,512,DEFECT,HIGH,0,26,120,238,500000,5199832,4442436,-5199832,-203320.9,,800,-562,坏棒 总长1000 任意重度敲 800
644,17:20:29,hit_644_20260730_172029.csv,512,DEFECT,HIGH,0,30,122,270,500000,5642706,4703266,-5642706,-166236.4,,800,-530,坏棒 总长1000 任意重度敲 800
645,17:20:29,hit_645_20260730_172029.csv,512,DEFECT,HIGH,0,25,117,235,500000,5042706,4435353,-5042706,-63517.2,,800,-565,坏棒 总长1000 任意重度敲 800
646,17:20:30,hit_646_20260730_172030.csv,512,DEFECT,HIGH,0,24,116,228,500000,5054258,4370117,-5054258,-152514.8,,800,-572,坏棒 总长1000 任意重度敲 800
647,17:20:30,hit_647_20260730_172030.csv,512,DEFECT,HIGH,0,25,114,242,500000,5034607,4415260,-5034607,-138151.9,,800,-558,坏棒 总长1000 任意重度敲 800
648,17:20:30,hit_648_20260730_172030.csv,512,DEFECT,HIGH,0,24,116,228,500000,4773524,4199934,-4773524,-241952.9,,800,-572,坏棒 总长1000 任意重度敲 800
649,17:20:31,hit_649_20260730_172031.csv,512,DEFECT,HIGH,0,87,118,710,500000,4790145,3892187,-4790145,-166211.7,,800,-90,坏棒 总长1000 任意重度敲 800
650,17:20:31,hit_650_20260730_172031.csv,512,DEFECT,HIGH,0,24,118,224,500000,4724647,4280376,-4724647,-239632.5,,800,-576,坏棒 总长1000 任意重度敲 800
651,17:20:31,hit_651_20260730_172031.csv,512,DEFECT,HIGH,0,37,108,381,500000,5411608,3753333,-5411608,-283064.3,,800,-419,坏棒 总长1000 任意重度敲 800
652,17:20:32,hit_652_20260730_172032.csv,512,DEFECT,HIGH,0,22,116,209,500000,4500026,4156922,-4500026,-103691.9,,800,-591,坏棒 总长1000 任意重度敲 800
653,17:20:32,hit_653_20260730_172032.csv,512,DEFECT,HIGH,0,39,118,364,500000,4202832,3658164,-4202832,-312666.0,,800,-436,坏棒 总长1000 任意重度敲 800
654,17:20:32,hit_654_20260730_172032.csv,512,DEFECT,HIGH,0,23,118,214,500000,4454572,3797083,-4454572,-138658.0,,800,-586,坏棒 总长1000 任意重度敲 800
655,17:20:33,hit_655_20260730_172033.csv,512,DEFECT,HIGH,0,85,117,698,500000,4188608,4039505,-4188608,-52040.1,,800,-102,坏棒 总长1000 任意重度敲 800
656,17:20:33,hit_656_20260730_172033.csv,512,DEFECT,HIGH,0,23,118,214,500000,4630267,3924172,-4630267,-229395.3,,800,-586,坏棒 总长1000 任意重度敲 800
657,17:20:33,hit_657_20260730_172033.csv,512,DEFECT,HIGH,0,25,120,229,500000,4869286,4240276,-4869286,-257565.4,,800,-571,坏棒 总长1000 任意重度敲 800
658,17:20:33,hit_658_20260730_172033.csv,512,DEFECT,HIGH,0,21,116,200,500000,4487145,4487145,-4273375,-125052.8,,800,-600,坏棒 总长1000 任意重度敲 800
659,17:20:34,hit_659_20260730_172034.csv,512,DEFECT,HIGH,0,24,119,222,500000,5170943,5170943,-4795401,291492.4,,800,-578,坏棒 总长1000 任意重度敲 800
660,17:20:34,hit_660_20260730_172034.csv,512,DEFECT,HIGH,0,24,118,224,500000,4604280,4021219,-4604280,-348345.8,,800,-576,坏棒 总长1000 任意重度敲 800
661,17:20:34,hit_661_20260730_172034.csv,512,DEFECT,HIGH,0,24,119,222,500000,4778784,4254011,-4778784,-317503.1,,800,-578,坏棒 总长1000 任意重度敲 800
662,17:20:35,hit_662_20260730_172035.csv,512,DEFECT,HIGH,0,22,118,205,500000,4965180,4965180,-4492994,105618.5,,800,-595,坏棒 总长1000 任意重度敲 800
663,17:20:35,hit_663_20260730_172035.csv,512,DEFECT,HIGH,0,22,117,207,500000,4516342,4516342,-4444184,6930.6,,800,-593,坏棒 总长1000 任意重度敲 800
664,17:20:35,hit_664_20260730_172035.csv,512,DEFECT,HIGH,0,24,116,228,500000,4930531,4855720,-4930531,-12968.3,,800,-572,坏棒 总长1000 任意重度敲 800
665,17:20:36,hit_665_20260730_172036.csv,512,DEFECT,HIGH,0,22,117,207,500000,4646836,4278214,-4646836,-147114.5,,800,-593,坏棒 总长1000 任意重度敲 800
666,17:20:36,hit_666_20260730_172036.csv,512,DEFECT,HIGH,0,22,115,211,500000,4540914,3969812,-4540914,-184136.6,,800,-589,坏棒 总长1000 任意重度敲 800
667,17:20:36,hit_667_20260730_172036.csv,512,DEFECT,HIGH,0,92,116,771,500000,4920421,4173550,-4920421,-177067.9,,800,-29,坏棒 总长1000 任意重度敲 800
668,17:20:36,hit_668_20260730_172036.csv,512,DEFECT,HIGH,0,23,116,219,500000,4805684,4253421,-4805684,-103152.1,,800,-581,坏棒 总长1000 任意重度敲 800
669,17:20:37,hit_669_20260730_172037.csv,512,DEFECT,HIGH,0,23,119,212,500000,4571759,4403053,-4571759,-15352.7,,800,-588,坏棒 总长1000 任意重度敲 800
670,17:20:37,hit_670_20260730_172037.csv,512,DEFECT,HIGH,0,27,120,247,500000,4782948,3871237,-4782948,-231061.8,,800,-553,坏棒 总长1000 任意重度敲 800
671,17:20:37,hit_671_20260730_172037.csv,512,DEFECT,HIGH,0,28,121,254,500000,5261948,3952044,-5261948,-423584.0,,800,-546,坏棒 总长1000 任意重度敲 800
672,17:20:38,hit_672_20260730_172038.csv,512,DEFECT,HIGH,0,23,117,216,500000,4765986,4064931,-4765986,-82198.5,,800,-584,坏棒 总长1000 任意重度敲 800
673,17:20:38,hit_673_20260730_172038.csv,512,DEFECT,HIGH,0,29,123,258,500000,5370914,3882111,-5370914,-432184.0,,800,-542,坏棒 总长1000 任意重度敲 800
674,17:20:38,hit_674_20260730_172038.csv,512,DEFECT,HIGH,0,25,117,235,500000,4869521,3945324,-4869521,-380398.8,,800,-565,坏棒 总长1000 任意重度敲 800
675,17:20:38,hit_675_20260730_172038.csv,512,DEFECT,HIGH,0,25,117,235,500000,4786402,3998582,-4786402,-268844.6,,800,-565,坏棒 总长1000 任意重度敲 800
676,17:20:39,hit_676_20260730_172039.csv,512,DEFECT,HIGH,0,24,117,226,500000,4811456,4342359,-4811456,-300963.4,,800,-574,坏棒 总长1000 任意重度敲 800
677,17:20:39,hit_677_20260730_172039.csv,512,DEFECT,HIGH,0,24,116,228,500000,4786699,3925561,-4786699,-254200.5,,800,-572,坏棒 总长1000 任意重度敲 800
678,17:20:39,hit_678_20260730_172039.csv,512,DEFECT,HIGH,0,26,121,236,500000,4780949,3653261,-4780949,-256135.1,,800,-564,坏棒 总长1000 任意重度敲 800
679,17:20:40,hit_679_20260730_172040.csv,512,DEFECT,HIGH,0,25,117,235,500000,4992436,4310113,-4992436,-249290.8,,800,-565,坏棒 总长1000 任意重度敲 800
680,17:20:40,hit_680_20260730_172040.csv,512,DEFECT,HIGH,0,22,115,211,500000,4614000,4452739,-4614000,-55104.1,,800,-589,坏棒 总长1000 任意重度敲 800
681,17:20:40,hit_681_20260730_172040.csv,512,DEFECT,HIGH,0,24,115,230,500000,4627143,3933976,-4627143,-376754.1,,800,-570,坏棒 总长1000 任意重度敲 800
682,17:20:40,hit_682_20260730_172040.csv,512,DEFECT,HIGH,0,23,116,219,500000,4536001,4011918,-4536001,-200427.2,,800,-581,坏棒 总长1000 任意重度敲 800
683,17:20:41,hit_683_20260730_172041.csv,512,DEFECT,HIGH,0,25,116,238,500000,5013138,4519727,-5013138,-83992.9,,800,-562,坏棒 总长1000 任意重度敲 800
684,17:20:41,hit_684_20260730_172041.csv,512,NORMAL,HIGH,0,0,114,0,500000,4717009,4273243,-4717009,-89810.5,,800,,坏棒 总长1000 任意重度敲 800
685,17:20:41,hit_685_20260730_172041.csv,512,DEFECT,HIGH,0,24,116,228,500000,4894157,3932248,-4894157,-394171.7,,800,-572,坏棒 总长1000 任意重度敲 800
686,17:20:42,hit_686_20260730_172042.csv,512,DEFECT,HIGH,0,26,117,245,500000,4960906,3807594,-4960906,-547633.9,,800,-555,坏棒 总长1000 任意重度敲 800
687,17:20:42,hit_687_20260730_172042.csv,512,DEFECT,HIGH,0,22,116,209,500000,4569447,4049004,-4569447,-168871.8,,800,-591,坏棒 总长1000 任意重度敲 800
688,17:20:42,hit_688_20260730_172042.csv,512,DEFECT,HIGH,0,26,118,242,500000,5060057,4176995,-5060057,-355288.9,,800,-558,坏棒 总长1000 任意重度敲 800
689,17:20:43,hit_689_20260730_172043.csv,512,DEFECT,HIGH,0,31,123,276,500000,5362776,4572332,-5362776,-341583.2,,800,-524,坏棒 总长1000 任意重度敲 800
690,17:20:43,hit_690_20260730_172043.csv,512,DEFECT,HIGH,0,21,116,200,500000,4409890,4160403,-4409890,-24533.5,,800,-600,坏棒 总长1000 任意重度敲 800
691,17:20:43,hit_691_20260730_172043.csv,512,DEFECT,HIGH,0,24,117,226,500000,4751516,4176898,-4751516,-160106.7,,800,-574,坏棒 总长1000 任意重度敲 800
692,17:20:44,hit_692_20260730_172044.csv,512,DEFECT,HIGH,0,25,117,235,500000,4806174,3792481,-4806174,-429757.9,,800,-565,坏棒 总长1000 任意重度敲 800
693,17:20:44,hit_693_20260730_172044.csv,512,DEFECT,HIGH,0,24,115,230,500000,4771633,4006305,-4771633,-327554.8,,800,-570,坏棒 总长1000 任意重度敲 800
694,17:20:47,hit_694_20260730_172047.csv,512,DEFECT,HIGH,0,45,122,405,500000,4822269,3619627,-4822269,-387804.4,,800,-395,坏棒 总长1000 任意重度敲 800
695,17:20:47,hit_695_20260730_172047.csv,512,DEFECT,HIGH,0,34,115,326,500000,3797669,3797669,-3406251,-271918.2,,800,-474,坏棒 总长1000 任意重度敲 800
696,17:20:48,hit_696_20260730_172048.csv,512,DEFECT,HIGH,0,22,115,211,500000,4368773,3629536,-4368773,-350576.4,,800,-589,坏棒 总长1000 任意重度敲 800
697,17:20:48,hit_697_20260730_172048.csv,512,DEFECT,HIGH,0,22,115,211,500000,4616436,4164368,-4616436,-252358.3,,800,-589,坏棒 总长1000 任意重度敲 800
698,17:20:48,hit_698_20260730_172048.csv,512,DEFECT,HIGH,0,22,114,213,500000,4733873,4280830,-4733873,-83078.5,,800,-587,坏棒 总长1000 任意重度敲 800
699,17:20:48,hit_699_20260730_172048.csv,512,DEFECT,HIGH,0,39,115,375,500000,4669376,4120399,-4669376,-270017.7,,800,-425,坏棒 总长1000 任意重度敲 800
700,17:20:49,hit_700_20260730_172049.csv,512,DEFECT,HIGH,0,48,113,470,500000,3879756,3879756,-2991710,-123121.2,,800,-330,坏棒 总长1000 任意重度敲 800
701,17:20:49,hit_701_20260730_172049.csv,512,DEFECT,HIGH,0,26,113,254,500000,5081411,4410290,-5081411,-312446.9,,800,-546,坏棒 总长1000 任意重度敲 800
702,17:20:49,hit_702_20260730_172049.csv,512,DEFECT,HIGH,0,23,114,223,500000,4614190,3979587,-4614190,-372992.8,,800,-577,坏棒 总长1000 任意重度敲 800
703,17:20:50,hit_703_20260730_172050.csv,512,DEFECT,HIGH,0,22,115,211,500000,4685310,4165480,-4685310,-143058.6,,800,-589,坏棒 总长1000 任意重度敲 800
704,17:20:50,hit_704_20260730_172050.csv,512,DEFECT,HIGH,0,24,115,230,500000,4805505,4213089,-4805505,-115450.1,,800,-570,坏棒 总长1000 任意重度敲 800
705,17:20:50,hit_705_20260730_172050.csv,512,NORMAL,HIGH,0,0,114,0,500000,4667931,4418934,-4667931,-69472.1,,800,,坏棒 总长1000 任意重度敲 800
706,17:20:51,hit_706_20260730_172051.csv,512,DEFECT,HIGH,0,86,115,721,500000,4758082,4215976,-4758082,-150698.8,,800,-79,坏棒 总长1000 任意重度敲 800
707,17:20:51,hit_707_20260730_172051.csv,512,DEFECT,HIGH,0,85,115,711,500000,4521087,3889872,-4521087,-243727.3,,800,-89,坏棒 总长1000 任意重度敲 800
708,17:20:51,hit_708_20260730_172051.csv,512,DEFECT,HIGH,0,26,121,236,500000,5063802,4668521,-5063802,-148542.4,,800,-564,坏棒 总长1000 任意重度敲 800
709,17:20:51,hit_709_20260730_172051.csv,512,DEFECT,HIGH,0,23,117,216,500000,4607893,4494202,-4607893,-156662.3,,800,-584,坏棒 总长1000 任意重度敲 800
710,17:20:52,hit_710_20260730_172052.csv,512,DEFECT,HIGH,0,22,116,209,500000,4622628,4622628,-4471712,61380.1,,800,-591,坏棒 总长1000 任意重度敲 800
711,17:20:52,hit_711_20260730_172052.csv,512,NORMAL,HIGH,0,0,115,0,500000,4504624,4319995,-4504624,146813.3,,800,,坏棒 总长1000 任意重度敲 800
712,17:20:52,hit_712_20260730_172052.csv,512,DEFECT,HIGH,0,41,114,398,500000,4776805,4041892,-4776805,-259122.8,,800,-402,坏棒 总长1000 任意重度敲 800
713,17:20:53,hit_713_20260730_172053.csv,512,DEFECT,HIGH,0,58,119,537,500000,5297242,4376169,-5297242,-277666.6,,800,-263,坏棒 总长1000 任意重度敲 800
714,17:20:53,hit_714_20260730_172053.csv,512,DEFECT,HIGH,0,25,111,250,500000,4830696,4429155,-4830696,-380829.9,,800,-550,坏棒 总长1000 任意重度敲 800
715,17:20:53,hit_715_20260730_172053.csv,512,DEFECT,HIGH,0,58,119,537,500000,4553500,4447685,-4553500,-103826.8,,800,-263,坏棒 总长1000 任意重度敲 800
716,17:20:54,hit_716_20260730_172054.csv,512,DEFECT,HIGH,0,31,115,298,500000,5532840,4424961,-5532840,-317693.5,,800,-502,坏棒 总长1000 任意重度敲 800
717,17:20:54,hit_717_20260730_172054.csv,512,DEFECT,HIGH,0,31,117,292,500000,5359680,4313038,-5359680,-309511.2,,800,-508,坏棒 总长1000 任意重度敲 800
718,17:20:54,hit_718_20260730_172054.csv,512,DEFECT,HIGH,0,46,115,442,500000,4789916,4095652,-4789916,-273164.2,,800,-358,坏棒 总长1000 任意重度敲 800
719,17:20:54,hit_719_20260730_172054.csv,512,DEFECT,HIGH,0,23,115,221,500000,4724220,4108794,-4724220,-143412.7,,800,-579,坏棒 总长1000 任意重度敲 800
720,17:20:55,hit_720_20260730_172055.csv,512,DEFECT,HIGH,0,22,116,209,500000,4559447,4084087,-4559447,-137116.9,,800,-591,坏棒 总长1000 任意重度敲 800
721,17:20:55,hit_721_20260730_172055.csv,512,DEFECT,HIGH,0,35,108,360,500000,6016364,4233018,-6016364,-445602.9,,800,-440,坏棒 总长1000 任意重度敲 800
722,17:20:55,hit_722_20260730_172055.csv,512,DEFECT,HIGH,0,32,122,288,500000,5561004,4003546,-5561004,-398937.5,,800,-512,坏棒 总长1000 任意重度敲 800
723,17:20:55,hit_723_20260730_172055.csv,512,DEFECT,HIGH,0,23,117,216,500000,4608140,4368214,-4608140,-59663.3,,800,-584,坏棒 总长1000 任意重度敲 800
724,17:20:56,hit_724_20260730_172056.csv,512,DEFECT,HIGH,0,83,112,712,500000,4649349,4649349,-4352333,-186390.5,,800,-88,坏棒 总长1000 任意重度敲 800
725,17:20:56,hit_725_20260730_172056.csv,512,DEFECT,HIGH,0,91,115,769,500000,4548536,4235389,-4548536,-116680.0,,800,-31,坏棒 总长1000 任意重度敲 800
726,17:20:56,hit_726_20260730_172056.csv,512,DEFECT,HIGH,0,21,114,203,500000,4585331,4568000,-4585331,-80366.8,,800,-597,坏棒 总长1000 任意重度敲 800
727,17:20:57,hit_727_20260730_172057.csv,512,DEFECT,HIGH,0,87,112,752,500000,4526111,4431794,-4526111,-278583.6,,800,-48,坏棒 总长1000 任意重度敲 800
728,17:20:57,hit_728_20260730_172057.csv,512,DEFECT,HIGH,0,84,113,715,500000,4528267,4528267,-4401000,-8525.3,,800,-85,坏棒 总长1000 任意重度敲 800
729,17:20:57,hit_729_20260730_172057.csv,512,DEFECT,HIGH,0,83,112,712,500000,4348815,4348815,-4138567,-84198.1,,800,-88,坏棒 总长1000 任意重度敲 800
730,17:20:57,hit_730_20260730_172057.csv,512,DEFECT,HIGH,0,24,115,230,500000,4897734,4150216,-4897734,-205895.3,,800,-570,坏棒 总长1000 任意重度敲 800
731,17:20:58,hit_731_20260730_172058.csv,512,DEFECT,HIGH,0,22,113,215,500000,4676232,4306418,-4676232,-202863.4,,800,-585,坏棒 总长1000 任意重度敲 800
732,17:20:58,hit_732_20260730_172058.csv,512,DEFECT,HIGH,0,85,113,725,500000,4600077,3990850,-4600077,-142734.0,,800,-75,坏棒 总长1000 任意重度敲 800
733,17:20:58,hit_733_20260730_172058.csv,512,DEFECT,HIGH,0,25,117,235,500000,5155239,3904438,-5155239,-241102.1,,800,-565,坏棒 总长1000 任意重度敲 800
734,17:20:58,hit_734_20260730_172058.csv,512,DEFECT,HIGH,0,22,113,215,500000,4680832,3995162,-4680832,-173625.3,,800,-585,坏棒 总长1000 任意重度敲 800
735,17:20:59,hit_735_20260730_172059.csv,512,DEFECT,HIGH,0,26,116,247,500000,5047361,4014318,-5047361,-442180.8,,800,-553,坏棒 总长1000 任意重度敲 800
736,17:20:59,hit_736_20260730_172059.csv,512,DEFECT,HIGH,0,21,116,200,500000,4739962,4739962,-4484561,69541.3,,800,-600,坏棒 总长1000 任意重度敲 800
737,17:20:59,hit_737_20260730_172059.csv,512,DEFECT,HIGH,0,26,119,240,500000,5083334,4909926,-5083334,-51918.6,,800,-560,坏棒 总长1000 任意重度敲 800
738,17:21:00,hit_738_20260730_172100.csv,512,DEFECT,HIGH,0,23,120,211,500000,4682879,4674417,-4682879,53286.8,,800,-589,坏棒 总长1000 任意重度敲 800
739,17:21:00,hit_739_20260730_172100.csv,512,DEFECT,HIGH,0,23,118,214,500000,4840722,4840722,-4658277,92761.1,,800,-586,坏棒 总长1000 任意重度敲 800
740,17:21:00,hit_740_20260730_172100.csv,512,DEFECT,HIGH,0,22,116,209,500000,4431449,4230407,-4431449,-121631.9,,800,-591,坏棒 总长1000 任意重度敲 800
741,17:21:00,hit_741_20260730_172100.csv,512,DEFECT,HIGH,0,27,118,252,500000,5361515,4617267,-5361515,-252771.8,,800,-548,坏棒 总长1000 任意重度敲 800
742,17:21:01,hit_742_20260730_172101.csv,512,DEFECT,HIGH,0,24,116,228,500000,4879110,4271535,-4879110,-98062.4,,800,-572,坏棒 总长1000 任意重度敲 800
743,17:21:01,hit_743_20260730_172101.csv,512,DEFECT,HIGH,0,24,114,233,500000,4834588,4317101,-4834588,-168839.0,,800,-567,坏棒 总长1000 任意重度敲 800
744,17:21:01,hit_744_20260730_172101.csv,512,DEFECT,HIGH,0,88,115,740,500000,4862708,4230165,-4862708,-152171.7,,800,-60,坏棒 总长1000 任意重度敲 800
745,17:21:01,hit_745_20260730_172101.csv,512,DEFECT,HIGH,0,91,115,769,500000,4983827,4334078,-4983827,-218054.2,,800,-31,坏棒 总长1000 任意重度敲 800
746,17:21:02,hit_746_20260730_172102.csv,512,DEFECT,HIGH,0,86,114,728,500000,4672135,4535894,-4672135,-82962.1,,800,-72,坏棒 总长1000 任意重度敲 800
747,17:21:02,hit_747_20260730_172102.csv,512,DEFECT,HIGH,0,22,117,207,500000,4410510,4006338,-4410510,-28142.1,,800,-593,坏棒 总长1000 任意重度敲 800
748,17:21:02,hit_748_20260730_172102.csv,512,NORMAL,HIGH,0,0,117,0,500000,4169977,4107069,-4169977,60468.2,,800,,坏棒 总长1000 任意重度敲 800
749,17:21:02,hit_749_20260730_172102.csv,512,DEFECT,HIGH,0,25,115,240,500000,4651645,4147973,-4651645,-298894.7,,800,-560,坏棒 总长1000 任意重度敲 800
750,17:21:03,hit_750_20260730_172103.csv,512,DEFECT,HIGH,0,85,116,704,500000,4577731,3876665,-4577731,-191485.1,,800,-96,坏棒 总长1000 任意重度敲 800
751,17:21:03,hit_751_20260730_172103.csv,512,DEFECT,HIGH,0,23,116,219,500000,4694865,4157374,-4694865,-154004.8,,800,-581,坏棒 总长1000 任意重度敲 800
752,17:21:03,hit_752_20260730_172103.csv,512,DEFECT,HIGH,0,23,116,219,500000,4742379,4127519,-4742379,-157506.8,,800,-581,坏棒 总长1000 任意重度敲 800
753,17:21:03,hit_753_20260730_172103.csv,512,DEFECT,HIGH,0,24,115,230,500000,4675807,3729721,-4675807,-494005.0,,800,-570,坏棒 总长1000 任意重度敲 800
754,17:21:04,hit_754_20260730_172104.csv,512,DEFECT,HIGH,0,26,117,245,500000,4860266,4063254,-4860266,-281941.8,,800,-555,坏棒 总长1000 任意重度敲 800
755,17:21:04,hit_755_20260730_172104.csv,512,DEFECT,HIGH,0,86,115,721,500000,4511465,4458258,-4511465,-78305.2,,800,-79,坏棒 总长1000 任意重度敲 800
756,17:21:04,hit_756_20260730_172104.csv,512,DEFECT,HIGH,0,85,116,704,500000,4563838,4288948,-4563838,-123937.6,,800,-96,坏棒 总长1000 任意重度敲 800
757,17:21:05,hit_757_20260730_172105.csv,512,DEFECT,HIGH,0,25,113,245,500000,4839791,4208632,-4839791,-403555.9,,800,-555,坏棒 总长1000 任意重度敲 800
758,17:21:05,hit_758_20260730_172105.csv,512,DEFECT,HIGH,0,24,117,226,500000,4716277,4363009,-4716277,-139675.9,,800,-574,坏棒 总长1000 任意重度敲 800
759,17:21:05,hit_759_20260730_172105.csv,512,DEFECT,HIGH,0,86,116,714,500000,4763588,4082255,-4763588,-227657.7,,800,-86,坏棒 总长1000 任意重度敲 800
760,17:21:05,hit_760_20260730_172105.csv,512,DEFECT,HIGH,0,21,113,205,500000,4353497,3931515,-4353497,-363300.9,,800,-595,坏棒 总长1000 任意重度敲 800
761,17:21:06,hit_761_20260730_172106.csv,512,DEFECT,HIGH,0,26,117,245,500000,4789274,4009119,-4789274,-226313.4,,800,-555,坏棒 总长1000 任意重度敲 800
762,17:21:06,hit_762_20260730_172106.csv,512,DEFECT,HIGH,0,23,116,219,500000,4799886,4081578,-4799886,-234220.1,,800,-581,坏棒 总长1000 任意重度敲 800
763,17:21:06,hit_763_20260730_172106.csv,512,DEFECT,HIGH,0,22,116,209,500000,4478869,3917550,-4478869,-200355.3,,800,-591,坏棒 总长1000 任意重度敲 800
764,17:21:06,hit_764_20260730_172106.csv,512,DEFECT,HIGH,0,22,117,207,500000,4467507,3917800,-4467507,-125775.8,,800,-593,坏棒 总长1000 任意重度敲 800
765,17:21:07,hit_765_20260730_172107.csv,512,DEFECT,HIGH,0,23,117,216,500000,4658233,4078024,-4658233,-237800.0,,800,-584,坏棒 总长1000 任意重度敲 800
766,17:21:07,hit_766_20260730_172107.csv,512,DEFECT,HIGH,0,23,116,219,500000,4761401,4186076,-4761401,-112372.1,,800,-581,坏棒 总长1000 任意重度敲 800
767,17:21:07,hit_767_20260730_172107.csv,512,DEFECT,HIGH,0,21,117,198,500000,4425327,4425327,-4385000,147079.5,,800,-602,坏棒 总长1000 任意重度敲 800
768,17:21:08,hit_768_20260730_172108.csv,512,DEFECT,HIGH,0,87,116,723,500000,4964784,4108785,-4964784,-255799.6,,800,-77,坏棒 总长1000 任意重度敲 800
769,17:21:08,hit_769_20260730_172108.csv,512,DEFECT,HIGH,0,24,115,230,500000,4947373,4113830,-4947373,-320348.5,,800,-570,坏棒 总长1000 任意重度敲 800
770,17:21:08,hit_770_20260730_172108.csv,512,DEFECT,HIGH,0,84,111,730,500000,4532088,4532088,-4403137,-113468.3,,800,-70,坏棒 总长1000 任意重度敲 800
771,17:21:09,hit_771_20260730_172109.csv,512,NORMAL,HIGH,0,0,111,0,500000,4640921,4525661,-4640921,-146417.0,,800,,坏棒 总长1000 任意重度敲 800
772,17:21:09,hit_772_20260730_172109.csv,512,DEFECT,HIGH,0,28,117,264,500000,5426533,3956068,-5426533,-389379.7,,800,-536,坏棒 总长1000 任意重度敲 800
773,17:21:09,hit_773_20260730_172109.csv,512,DEFECT,HIGH,0,86,112,742,500000,4869115,4309573,-4869115,-142841.8,,800,-58,坏棒 总长1000 任意重度敲 800
774,17:21:10,hit_774_20260730_172110.csv,512,DEFECT,HIGH,0,26,115,250,500000,5025615,4355975,-5025615,-396061.7,,800,-550,坏棒 总长1000 任意重度敲 800
775,17:21:10,hit_775_20260730_172110.csv,512,DEFECT,HIGH,0,26,116,247,500000,5269973,4528074,-5269973,-182878.2,,800,-553,坏棒 总长1000 任意重度敲 800
776,17:21:10,hit_776_20260730_172110.csv,512,DEFECT,HIGH,0,23,120,211,500000,5031498,5031498,-4776843,96654.3,,800,-589,坏棒 总长1000 任意重度敲 800
777,17:21:10,hit_777_20260730_172110.csv,512,DEFECT,HIGH,0,23,117,216,500000,4750464,4734082,-4750464,-47243.5,,800,-584,坏棒 总长1000 任意重度敲 800
778,17:21:11,hit_778_20260730_172111.csv,512,DEFECT,HIGH,0,87,115,730,500000,4717502,4717502,-4257328,210911.2,,800,-70,坏棒 总长1000 任意重度敲 800
779,17:21:11,hit_779_20260730_172111.csv,512,DEFECT,HIGH,0,87,116,723,500000,4603922,4119148,-4603922,-55571.4,,800,-77,坏棒 总长1000 任意重度敲 800
780,17:21:11,hit_780_20260730_172111.csv,512,DEFECT,HIGH,0,26,115,250,500000,5237934,4038144,-5237934,-312974.5,,800,-550,坏棒 总长1000 任意重度敲 800
781,17:21:12,hit_781_20260730_172112.csv,512,DEFECT,HIGH,0,24,115,230,500000,4901060,4151603,-4901060,-196535.2,,800,-570,坏棒 总长1000 任意重度敲 800
782,17:21:12,hit_782_20260730_172112.csv,512,DEFECT,HIGH,0,22,112,217,500000,4553902,4489515,-4553902,-241342.8,,800,-583,坏棒 总长1000 任意重度敲 800
783,17:21:12,hit_783_20260730_172112.csv,512,DEFECT,HIGH,0,24,112,237,500000,4650269,4355429,-4650269,-323392.9,,800,-563,坏棒 总长1000 任意重度敲 800
784,17:21:13,hit_784_20260730_172113.csv,512,DEFECT,HIGH,0,87,114,737,500000,4721721,4413177,-4721721,-154159.2,,800,-63,坏棒 总长1000 任意重度敲 800
785,17:21:13,hit_785_20260730_172113.csv,512,DEFECT,HIGH,0,26,116,247,500000,5101674,4070189,-5101674,-287108.4,,800,-553,坏棒 总长1000 任意重度敲 800
786,17:21:13,hit_786_20260730_172113.csv,512,DEFECT,HIGH,0,86,115,721,500000,4971800,4210663,-4971800,-241070.7,,800,-79,坏棒 总长1000 任意重度敲 800
787,17:21:13,hit_787_20260730_172113.csv,512,DEFECT,HIGH,0,22,112,217,500000,4591018,4574280,-4591018,-91362.3,,800,-583,坏棒 总长1000 任意重度敲 800
788,17:21:14,hit_788_20260730_172114.csv,512,DEFECT,HIGH,0,22,113,215,500000,4565460,4332662,-4565460,-200685.8,,800,-585,坏棒 总长1000 任意重度敲 800
789,17:21:14,hit_789_20260730_172114.csv,512,DEFECT,HIGH,0,24,117,226,500000,4722987,4159157,-4722987,-232845.1,,800,-574,坏棒 总长1000 任意重度敲 800
790,17:21:22,hit_790_20260730_172122.csv,512,DEFECT,HIGH,0,48,114,466,500000,3402850,3402850,-2381911,-88074.2,,800,-334,坏棒 总长1000 任意重度敲 800
791,17:21:22,hit_791_20260730_172122.csv,512,DEFECT,HIGH,0,85,114,718,500000,4582778,4281068,-4582778,-21836.9,,800,-82,坏棒 总长1000 任意重度敲 800
792,17:21:22,hit_792_20260730_172122.csv,512,DEFECT,HIGH,0,24,116,228,500000,4917205,3896194,-4917205,-361580.4,,800,-572,坏棒 总长1000 任意重度敲 800
793,17:21:22,hit_793_20260730_172122.csv,512,DEFECT,HIGH,0,22,117,207,500000,4515995,3742942,-4515995,-231847.1,,800,-593,坏棒 总长1000 任意重度敲 800
794,17:21:23,hit_794_20260730_172123.csv,512,DEFECT,HIGH,0,23,117,216,500000,4667173,3841713,-4667173,-259601.2,,800,-584,坏棒 总长1000 任意重度敲 800
795,17:21:23,hit_795_20260730_172123.csv,512,DEFECT,HIGH,0,22,115,211,500000,4487702,3921571,-4487702,-204771.0,,800,-589,坏棒 总长1000 任意重度敲 800
796,17:21:23,hit_796_20260730_172123.csv,512,DEFECT,HIGH,0,22,116,209,500000,4514872,4085032,-4514872,-167994.0,,800,-591,坏棒 总长1000 任意重度敲 800
797,17:21:23,hit_797_20260730_172123.csv,512,DEFECT,HIGH,0,86,115,721,500000,4546273,4105797,-4546273,-129662.2,,800,-79,坏棒 总长1000 任意重度敲 800
798,17:21:24,hit_798_20260730_172124.csv,512,NORMAL,HIGH,0,0,114,0,500000,4542863,4258573,-4542863,-50935.2,,800,,坏棒 总长1000 任意重度敲 800
799,17:21:24,hit_799_20260730_172124.csv,512,DEFECT,HIGH,0,29,117,273,500000,5253030,4242060,-5253030,-248883.5,,800,-527,坏棒 总长1000 任意重度敲 800
800,17:21:24,hit_800_20260730_172124.csv,512,NORMAL,HIGH,0,0,116,0,500000,4419436,4195560,-4419436,80503.7,,800,,坏棒 总长1000 任意重度敲 800
801,17:21:25,hit_801_20260730_172125.csv,512,DEFECT,HIGH,0,34,122,306,500000,5921934,4501092,-5921934,-292344.7,,800,-494,坏棒 总长1000 任意重度敲 800
802,17:21:25,hit_802_20260730_172125.csv,512,DEFECT,HIGH,0,30,115,288,500000,5149612,4303036,-5149612,-227817.5,,800,-512,坏棒 总长1000 任意重度敲 800
803,17:21:25,hit_803_20260730_172125.csv,512,DEFECT,HIGH,0,23,114,223,500000,4607395,3782648,-4607395,-330956.6,,800,-577,坏棒 总长1000 任意重度敲 800
804,17:21:25,hit_804_20260730_172125.csv,512,DEFECT,HIGH,0,22,115,211,500000,4264527,3965554,-4264527,-195939.8,,800,-589,坏棒 总长1000 任意重度敲 800
805,17:21:26,hit_805_20260730_172126.csv,512,NORMAL,HIGH,0,0,114,0,500000,4435555,4435555,-4257471,128139.6,,800,,坏棒 总长1000 任意重度敲 800
806,17:21:26,hit_806_20260730_172126.csv,512,DEFECT,HIGH,0,81,115,673,500000,4068326,3482782,-4068326,-141929.7,,800,-127,坏棒 总长1000 任意重度敲 800
807,17:21:26,hit_807_20260730_172126.csv,512,DEFECT,HIGH,0,25,116,238,500000,4838171,3793624,-4838171,-390824.4,,800,-562,坏棒 总长1000 任意重度敲 800
808,17:21:26,hit_808_20260730_172126.csv,512,DEFECT,HIGH,0,86,114,728,500000,4498062,4392828,-4498062,-98474.5,,800,-72,坏棒 总长1000 任意重度敲 800
809,17:21:27,hit_809_20260730_172127.csv,512,DEFECT,HIGH,0,87,111,760,500000,4595359,4595359,-4375989,-238150.6,,800,-40,坏棒 总长1000 任意重度敲 800
810,17:21:27,hit_810_20260730_172127.csv,512,DEFECT,HIGH,0,84,113,715,500000,4463238,4042946,-4463238,-240415.6,,800,-85,坏棒 总长1000 任意重度敲 800
811,17:21:27,hit_811_20260730_172127.csv,512,DEFECT,HIGH,0,27,111,270,500000,5096940,4182869,-5096940,-323637.2,,800,-530,坏棒 总长1000 任意重度敲 800
812,17:21:28,hit_812_20260730_172128.csv,512,DEFECT,HIGH,0,32,119,296,500000,5569494,4652219,-5569494,-149898.7,,800,-504,坏棒 总长1000 任意重度敲 800
813,17:21:28,hit_813_20260730_172128.csv,512,DEFECT,HIGH,0,35,108,360,500000,5901130,4355506,-5901130,-457662.8,,800,-440,坏棒 总长1000 任意重度敲 800
814,17:21:28,hit_814_20260730_172128.csv,512,DEFECT,HIGH,0,24,119,222,500000,4820033,4375332,-4820033,110830.8,,800,-578,坏棒 总长1000 任意重度敲 800
815,17:21:28,hit_815_20260730_172128.csv,512,NORMAL,HIGH,0,0,115,0,500000,4725820,4633552,-4725820,257157.8,,800,,坏棒 总长1000 任意重度敲 800
816,17:21:29,hit_816_20260730_172129.csv,512,DEFECT,HIGH,0,23,114,223,500000,4707428,4074046,-4707428,-110874.0,,800,-577,坏棒 总长1000 任意重度敲 800
817,17:21:29,hit_817_20260730_172129.csv,512,NORMAL,HIGH,0,0,109,0,500000,4781043,4781043,-3982883,-43106.6,,800,,坏棒 总长1000 任意重度敲 800
818,17:21:29,hit_818_20260730_172129.csv,512,DEFECT,HIGH,0,22,112,217,500000,4476814,4122586,-4476814,-252503.3,,800,-583,坏棒 总长1000 任意重度敲 800
819,17:21:30,hit_819_20260730_172130.csv,512,DEFECT,HIGH,0,31,114,300,500000,5365520,4477674,-5365520,-292481.1,,800,-500,坏棒 总长1000 任意重度敲 800
820,17:21:30,hit_820_20260730_172130.csv,512,DEFECT,HIGH,0,23,114,223,500000,4574769,4455387,-4574769,-132913.0,,800,-577,坏棒 总长1000 任意重度敲 800
821,17:21:30,hit_821_20260730_172130.csv,512,DEFECT,HIGH,0,24,114,233,500000,4757145,4589135,-4757145,-242426.1,,800,-567,坏棒 总长1000 任意重度敲 800
822,17:21:31,hit_822_20260730_172131.csv,512,NORMAL,HIGH,0,0,110,0,500000,4580898,4580898,-4373661,-146271.3,,800,,坏棒 总长1000 任意重度敲 800
823,17:21:31,hit_823_20260730_172131.csv,512,DEFECT,HIGH,0,32,116,304,500000,5615663,4372360,-5615663,-219991.9,,800,-496,坏棒 总长1000 任意重度敲 800
824,17:21:31,hit_824_20260730_172131.csv,512,DEFECT,HIGH,0,24,113,235,500000,4754756,4142699,-4754756,-39703.1,,800,-565,坏棒 总长1000 任意重度敲 800
825,17:21:31,hit_825_20260730_172131.csv,512,DEFECT,HIGH,0,32,115,307,500000,5293149,4293895,-5293149,-133204.5,,800,-493,坏棒 总长1000 任意重度敲 800
826,17:21:32,hit_826_20260730_172132.csv,512,DEFECT,HIGH,0,75,108,659,500000,2125069,886046,-2125069,-15324.1,,800,-141,坏棒 总长1000 任意重度敲 800
827,17:21:32,hit_827_20260730_172132.csv,512,NORMAL,HIGH,0,0,115,0,500000,4400910,4333932,-4400910,218057.5,,800,,坏棒 总长1000 任意重度敲 800
828,17:21:33,hit_828_20260730_172133.csv,512,DEFECT,HIGH,0,25,117,235,500000,4711284,3658227,-4711284,-402922.8,,800,-565,坏棒 总长1000 任意重度敲 800
829,17:21:33,hit_829_20260730_172133.csv,512,DEFECT,HIGH,0,23,118,214,500000,4573407,4388326,-4573407,-98043.5,,800,-586,坏棒 总长1000 任意重度敲 800
830,17:21:33,hit_830_20260730_172133.csv,512,DEFECT,HIGH,0,23,115,221,500000,4693111,3897497,-4693111,-397798.3,,800,-579,坏棒 总长1000 任意重度敲 800
831,17:21:34,hit_831_20260730_172134.csv,512,DEFECT,HIGH,0,23,117,216,500000,4844633,4288087,-4844633,-147158.8,,800,-584,坏棒 总长1000 任意重度敲 800
832,17:21:34,hit_832_20260730_172134.csv,512,DEFECT,HIGH,0,23,117,216,500000,4793357,4547723,-4793357,-58326.8,,800,-584,坏棒 总长1000 任意重度敲 800
833,17:21:34,hit_833_20260730_172134.csv,512,NORMAL,HIGH,0,0,115,0,500000,4634173,4634173,-4354233,234446.7,,800,,坏棒 总长1000 任意重度敲 800
834,17:21:34,hit_834_20260730_172134.csv,512,NORMAL,HIGH,0,0,119,0,500000,4775450,4526821,-4775450,75489.2,,800,,坏棒 总长1000 任意重度敲 800
835,17:21:35,hit_835_20260730_172135.csv,512,DEFECT,HIGH,0,25,118,233,500000,4734084,4098457,-4734084,-177191.1,,800,-567,坏棒 总长1000 任意重度敲 800
836,17:21:35,hit_836_20260730_172135.csv,512,DEFECT,HIGH,0,27,114,262,500000,5164305,3963877,-5164305,-423679.5,,800,-538,坏棒 总长1000 任意重度敲 800
837,17:21:35,hit_837_20260730_172135.csv,512,DEFECT,HIGH,0,24,111,240,500000,4703513,4304528,-4703513,-374011.7,,800,-560,坏棒 总长1000 任意重度敲 800
838,17:21:36,hit_838_20260730_172136.csv,512,DEFECT,HIGH,0,85,114,718,500000,4533734,4533091,-4533734,-94265.7,,800,-82,坏棒 总长1000 任意重度敲 800
839,17:21:36,hit_839_20260730_172136.csv,512,DEFECT,HIGH,0,31,118,289,500000,5199193,4141546,-5199193,-249832.0,,800,-511,坏棒 总长1000 任意重度敲 800
840,17:21:36,hit_840_20260730_172136.csv,512,DEFECT,HIGH,0,31,122,279,500000,5283981,4037124,-5283981,-504523.8,,800,-521,坏棒 总长1000 任意重度敲 800
841,17:21:36,hit_841_20260730_172136.csv,512,NORMAL,HIGH,0,0,116,0,500000,4520832,4147938,-4520832,-119129.7,,800,,坏棒 总长1000 任意重度敲 800
842,17:21:37,hit_842_20260730_172137.csv,512,DEFECT,HIGH,0,26,120,238,500000,4903773,4903773,-4729650,118698.6,,800,-562,坏棒 总长1000 任意重度敲 800
843,17:21:37,hit_843_20260730_172137.csv,512,DEFECT,HIGH,0,24,114,233,500000,4810548,4061696,-4810548,-474757.5,,800,-567,坏棒 总长1000 任意重度敲 800
844,17:21:37,hit_844_20260730_172137.csv,512,DEFECT,HIGH,0,33,121,300,500000,5686858,4329930,-5686858,-564600.4,,800,-500,坏棒 总长1000 任意重度敲 800
845,17:21:38,hit_845_20260730_172138.csv,512,DEFECT,HIGH,0,30,119,277,500000,5535451,4556056,-5535451,-448902.6,,800,-523,坏棒 总长1000 任意重度敲 800
846,17:21:38,hit_846_20260730_172138.csv,512,NORMAL,HIGH,0,0,112,0,500000,4836262,4836262,-4596317,-28673.2,,800,,坏棒 总长1000 任意重度敲 800
847,17:21:38,hit_847_20260730_172138.csv,512,DEFECT,HIGH,0,23,115,221,500000,4850355,4850355,-4774745,-21814.9,,800,-579,坏棒 总长1000 任意重度敲 800
848,17:21:38,hit_848_20260730_172138.csv,512,DEFECT,HIGH,0,28,111,280,500000,5004870,4542264,-5004870,-297607.3,,800,-520,坏棒 总长1000 任意重度敲 800
849,17:21:39,hit_849_20260730_172139.csv,512,NORMAL,HIGH,0,0,110,0,500000,4610025,4610025,-4522856,-157610.3,,800,,坏棒 总长1000 任意重度敲 800
850,17:21:39,hit_850_20260730_172139.csv,512,DEFECT,HIGH,0,24,111,240,500000,4782054,4324309,-4782054,-288533.3,,800,-560,坏棒 总长1000 任意重度敲 800
851,17:21:40,hit_851_20260730_172140.csv,512,DEFECT,HIGH,0,90,114,766,500000,4856262,4345580,-4856262,-166193.9,,800,-34,坏棒 总长1000 任意重度敲 800
852,17:21:41,hit_852_20260730_172141.csv,512,DEFECT,HIGH,0,23,115,221,500000,4701363,4075750,-4701363,-191410.2,,800,-579,坏棒 总长1000 任意重度敲 800
853,17:21:41,hit_853_20260730_172141.csv,512,DEFECT,HIGH,0,26,111,260,500000,5070194,4096125,-5070194,-397039.3,,800,-540,坏棒 总长1000 任意重度敲 800
854,17:21:41,hit_854_20260730_172141.csv,512,DEFECT,HIGH,0,24,111,240,500000,4708905,3875047,-4708905,-372090.3,,800,-560,坏棒 总长1000 任意重度敲 800
855,17:21:42,hit_855_20260730_172142.csv,512,DEFECT,HIGH,0,22,112,217,500000,4558260,4053552,-4558260,-120697.0,,800,-583,坏棒 总长1000 任意重度敲 800
856,17:21:42,hit_856_20260730_172142.csv,512,DEFECT,HIGH,0,26,116,247,500000,5181473,4115492,-5181473,-225997.3,,800,-553,坏棒 总长1000 任意重度敲 800
857,17:21:42,hit_857_20260730_172142.csv,512,DEFECT,HIGH,0,28,116,266,500000,5176893,3861065,-5176893,-294755.1,,800,-534,坏棒 总长1000 任意重度敲 800
858,17:21:42,hit_858_20260730_172142.csv,512,DEFECT,HIGH,0,25,113,245,500000,4882081,4048234,-4882081,-220162.5,,800,-555,坏棒 总长1000 任意重度敲 800
859,17:21:43,hit_859_20260730_172143.csv,512,DEFECT,HIGH,0,34,123,303,500000,5779285,4243794,-5779285,-354281.6,,800,-497,坏棒 总长1000 任意重度敲 800
860,17:21:43,hit_860_20260730_172143.csv,512,DEFECT,HIGH,0,26,118,242,500000,5159425,4840447,-5159425,39028.7,,800,-558,坏棒 总长1000 任意重度敲 800
861,17:21:43,hit_861_20260730_172143.csv,512,DEFECT,HIGH,0,22,117,207,500000,4540533,4525684,-4540533,-90886.2,,800,-593,坏棒 总长1000 任意重度敲 800
862,17:21:43,hit_862_20260730_172143.csv,512,NORMAL,HIGH,0,0,114,0,500000,4353904,4353904,-4344307,236633.0,,800,,坏棒 总长1000 任意重度敲 800
863,17:21:44,hit_863_20260730_172144.csv,512,DEFECT,HIGH,0,23,116,219,500000,4790580,4082174,-4790580,-166670.1,,800,-581,坏棒 总长1000 任意重度敲 800
864,17:21:44,hit_864_20260730_172144.csv,512,DEFECT,HIGH,0,26,116,247,500000,5192688,3951255,-5192688,-382613.3,,800,-553,坏棒 总长1000 任意重度敲 800
865,17:21:44,hit_865_20260730_172144.csv,512,DEFECT,HIGH,0,23,114,223,500000,4670856,4173565,-4670856,-376225.0,,800,-577,坏棒 总长1000 任意重度敲 800
866,17:21:44,hit_866_20260730_172144.csv,512,DEFECT,HIGH,0,59,108,608,500000,5451400,4555689,-5451400,-336826.6,,800,-192,坏棒 总长1000 任意重度敲 800
867,17:21:45,hit_867_20260730_172145.csv,512,DEFECT,HIGH,0,51,119,472,500000,4627744,4627744,-4385860,-254345.1,,800,-328,坏棒 总长1000 任意重度敲 800
868,17:21:45,hit_868_20260730_172145.csv,512,DEFECT,HIGH,0,23,121,209,500000,4699661,4376916,-4699661,1152.9,,800,-591,坏棒 总长1000 任意重度敲 800
869,17:21:45,hit_869_20260730_172145.csv,512,DEFECT,HIGH,0,35,122,315,500000,5387670,4021344,-5387670,-277551.6,,800,-485,坏棒 总长1000 任意重度敲 800
870,17:21:46,hit_870_20260730_172146.csv,512,DEFECT,HIGH,0,23,117,216,500000,4625965,4586644,-4625965,137057.8,,800,-584,坏棒 总长1000 任意重度敲 800
871,17:21:46,hit_871_20260730_172146.csv,512,DEFECT,HIGH,0,24,118,224,500000,4806408,4277188,-4806408,-13231.5,,800,-576,坏棒 总长1000 任意重度敲 800
872,17:21:46,hit_872_20260730_172146.csv,512,DEFECT,HIGH,0,25,120,229,500000,4468204,3508397,-4468204,-315192.9,,800,-571,坏棒 总长1000 任意重度敲 800
873,17:21:46,hit_873_20260730_172146.csv,512,DEFECT,HIGH,0,24,118,224,500000,4563288,3576105,-4563288,-263187.3,,800,-576,坏棒 总长1000 任意重度敲 800
874,17:21:47,hit_874_20260730_172147.csv,512,DEFECT,HIGH,0,24,115,230,500000,4815832,3844092,-4815832,-436101.6,,800,-570,坏棒 总长1000 任意重度敲 800
875,17:21:47,hit_875_20260730_172147.csv,512,DEFECT,HIGH,0,89,114,757,500000,4859777,4117011,-4859777,-204514.3,,800,-43,坏棒 总长1000 任意重度敲 800
876,17:21:47,hit_876_20260730_172147.csv,512,DEFECT,HIGH,0,26,116,247,500000,5084748,4128233,-5084748,-254262.1,,800,-553,坏棒 总长1000 任意重度敲 800
877,17:21:47,hit_877_20260730_172147.csv,512,DEFECT,HIGH,0,87,116,723,500000,4798631,4084342,-4798631,-152352.8,,800,-77,坏棒 总长1000 任意重度敲 800
878,17:21:48,hit_878_20260730_172148.csv,512,DEFECT,HIGH,0,23,116,219,500000,4757640,4193650,-4757640,-116962.8,,800,-581,坏棒 总长1000 任意重度敲 800
879,17:21:48,hit_879_20260730_172148.csv,512,DEFECT,HIGH,0,23,118,214,500000,4573421,4455578,-4573421,-171179.2,,800,-586,坏棒 总长1000 任意重度敲 800
880,17:21:48,hit_880_20260730_172148.csv,512,DEFECT,HIGH,0,88,116,733,500000,5090202,5090202,-4408352,143367.7,,800,-67,坏棒 总长1000 任意重度敲 800
881,17:21:48,hit_881_20260730_172148.csv,512,DEFECT,HIGH,0,24,115,230,500000,4938828,4693847,-4938828,-74902.3,,800,-570,坏棒 总长1000 任意重度敲 800
882,17:21:49,hit_882_20260730_172149.csv,512,DEFECT,HIGH,0,87,116,723,500000,4934687,4043256,-4934687,-176276.1,,800,-77,坏棒 总长1000 任意重度敲 800
883,17:21:49,hit_883_20260730_172149.csv,512,DEFECT,HIGH,0,26,116,247,500000,4927787,3727061,-4927787,-461317.4,,800,-553,坏棒 总长1000 任意重度敲 800
884,17:21:49,hit_884_20260730_172149.csv,512,DEFECT,HIGH,0,22,114,213,500000,4727543,4354629,-4727543,-146640.8,,800,-587,坏棒 总长1000 任意重度敲 800
885,17:21:50,hit_885_20260730_172150.csv,512,DEFECT,HIGH,0,84,115,701,500000,4585919,4585919,-4561990,20152.2,,800,-99,坏棒 总长1000 任意重度敲 800
886,17:21:50,hit_886_20260730_172150.csv,512,DEFECT,HIGH,0,27,120,247,500000,4952260,4469994,-4952260,-167813.7,,800,-553,坏棒 总长1000 任意重度敲 800
887,17:21:50,hit_887_20260730_172150.csv,512,DEFECT,HIGH,0,33,119,305,500000,5445351,4345888,-5445351,-323608.3,,800,-495,坏棒 总长1000 任意重度敲 800
888,17:21:50,hit_888_20260730_172150.csv,512,DEFECT,HIGH,0,25,118,233,500000,4923516,4213259,-4923516,-275319.9,,800,-567,坏棒 总长1000 任意重度敲 800
889,17:21:51,hit_889_20260730_172151.csv,512,DEFECT,HIGH,0,23,117,216,500000,4868393,4188268,-4868393,-175963.7,,800,-584,坏棒 总长1000 任意重度敲 800
890,17:21:51,hit_890_20260730_172151.csv,512,DEFECT,HIGH,0,23,117,216,500000,4654362,4265747,-4654362,48732.9,,800,-584,坏棒 总长1000 任意重度敲 800
891,17:21:51,hit_891_20260730_172151.csv,512,NORMAL,HIGH,0,0,116,0,500000,4569444,4302602,-4569444,94997.6,,800,,坏棒 总长1000 任意重度敲 800
892,17:21:51,hit_892_20260730_172151.csv,512,DEFECT,HIGH,0,23,116,219,500000,4789163,4339926,-4789163,-63505.9,,800,-581,坏棒 总长1000 任意重度敲 800
893,17:21:52,hit_893_20260730_172152.csv,512,DEFECT,HIGH,0,24,115,230,500000,4970096,4142359,-4970096,-135370.9,,800,-570,坏棒 总长1000 任意重度敲 800
894,17:21:52,hit_894_20260730_172152.csv,512,DEFECT,HIGH,0,25,115,240,500000,5178685,4326140,-5178685,-175608.3,,800,-560,坏棒 总长1000 任意重度敲 800
895,17:21:52,hit_895_20260730_172152.csv,512,DEFECT,HIGH,0,25,117,235,500000,4797079,3846486,-4797079,-510329.6,,800,-565,坏棒 总长1000 任意重度敲 800
896,17:21:53,hit_896_20260730_172153.csv,512,DEFECT,HIGH,0,33,121,300,500000,4997204,4427471,-4997204,-307287.1,,800,-500,坏棒 总长1000 任意重度敲 800
897,17:21:53,hit_897_20260730_172153.csv,512,DEFECT,HIGH,0,32,108,329,500000,5436332,3778477,-5436332,-405733.2,,800,-471,坏棒 总长1000 任意重度敲 800
898,17:21:53,hit_898_20260730_172153.csv,512,DEFECT,HIGH,0,23,115,221,500000,4796906,4014445,-4796906,-125595.2,,800,-579,坏棒 总长1000 任意重度敲 800
899,17:21:58,hit_899_20260730_172158.csv,512,DEFECT,HIGH,0,29,124,256,500000,4680112,3116540,-4680112,-268253.0,,800,-544,坏棒 总长1000 任意重度敲 800
900,17:21:58,hit_900_20260730_172158.csv,512,DEFECT,HIGH,0,29,121,263,500000,4951377,4348724,-4951377,-231628.2,,800,-537,坏棒 总长1000 任意重度敲 800
901,17:21:59,hit_901_20260730_172159.csv,512,DEFECT,HIGH,0,22,118,205,500000,5054726,5054726,-4452331,116861.3,,800,-595,坏棒 总长1000 任意重度敲 800
902,17:21:59,hit_902_20260730_172159.csv,512,DEFECT,HIGH,0,22,119,203,500000,4947495,4947495,-4436809,97562.7,,800,-597,坏棒 总长1000 任意重度敲 800
903,17:21:59,hit_903_20260730_172159.csv,512,DEFECT,HIGH,0,21,118,196,500000,4802926,4802926,-4392431,155538.8,,800,-604,坏棒 总长1000 任意重度敲 800
904,17:22:00,hit_904_20260730_172200.csv,512,DEFECT,HIGH,0,26,119,240,500000,4671321,4203784,-4671321,-243829.3,,800,-560,坏棒 总长1000 任意重度敲 800
905,17:22:00,hit_905_20260730_172200.csv,512,DEFECT,HIGH,0,24,118,224,500000,5163183,5163183,-4894919,143710.2,,800,-576,坏棒 总长1000 任意重度敲 800
906,17:22:00,hit_906_20260730_172200.csv,512,DEFECT,HIGH,0,23,119,212,500000,4798883,4325156,-4798883,-57038.0,,800,-588,坏棒 总长1000 任意重度敲 800
907,17:22:00,hit_907_20260730_172200.csv,512,DEFECT,HIGH,0,24,119,222,500000,4791199,4489969,-4791199,-155326.8,,800,-578,坏棒 总长1000 任意重度敲 800
908,17:22:01,hit_908_20260730_172201.csv,512,DEFECT,HIGH,0,29,108,298,500000,4733672,3172687,-4733672,-240838.6,,800,-502,坏棒 总长1000 任意重度敲 800
909,17:22:01,hit_909_20260730_172201.csv,512,DEFECT,HIGH,0,24,117,226,500000,4893276,4893276,-4847234,31146.5,,800,-574,坏棒 总长1000 任意重度敲 800
910,17:22:01,hit_910_20260730_172201.csv,512,DEFECT,HIGH,0,25,118,233,500000,4941877,4694874,-4941877,-58575.0,,800,-567,坏棒 总长1000 任意重度敲 800
911,17:22:02,hit_911_20260730_172202.csv,512,DEFECT,HIGH,0,23,114,223,500000,4831707,4109022,-4831707,-181259.9,,800,-577,坏棒 总长1000 任意重度敲 800
912,17:22:02,hit_912_20260730_172202.csv,512,DEFECT,HIGH,0,23,112,227,500000,4753856,4213780,-4753856,-282622.5,,800,-573,坏棒 总长1000 任意重度敲 800
913,17:22:02,hit_913_20260730_172202.csv,512,DEFECT,HIGH,0,24,114,233,500000,4832994,4145601,-4832994,-216817.8,,800,-567,坏棒 总长1000 任意重度敲 800
914,17:22:02,hit_914_20260730_172202.csv,512,DEFECT,HIGH,0,23,115,221,500000,4492944,4046396,-4492944,-147825.1,,800,-579,坏棒 总长1000 任意重度敲 800
915,17:22:03,hit_915_20260730_172203.csv,512,DEFECT,HIGH,0,22,116,209,500000,4459369,3952300,-4459369,-122739.8,,800,-591,坏棒 总长1000 任意重度敲 800
916,17:22:03,hit_916_20260730_172203.csv,512,NORMAL,HIGH,0,0,117,0,500000,4312315,4040063,-4312315,60350.0,,800,,坏棒 总长1000 任意重度敲 800
917,17:22:03,hit_917_20260730_172203.csv,512,DEFECT,HIGH,0,23,116,219,500000,4631996,3844803,-4631996,-261816.6,,800,-581,坏棒 总长1000 任意重度敲 800
918,17:22:04,hit_918_20260730_172204.csv,512,DEFECT,HIGH,0,90,116,752,500000,4644086,4023332,-4644086,-240525.4,,800,-48,坏棒 总长1000 任意重度敲 800
919,17:22:04,hit_919_20260730_172204.csv,512,DEFECT,HIGH,0,22,116,209,500000,4550060,4119280,-4550060,-108129.5,,800,-591,坏棒 总长1000 任意重度敲 800
920,17:22:04,hit_920_20260730_172204.csv,512,DEFECT,HIGH,0,24,115,230,500000,4865784,3936299,-4865784,-445274.3,,800,-570,坏棒 总长1000 任意重度敲 800
921,17:22:04,hit_921_20260730_172204.csv,512,DEFECT,HIGH,0,22,116,209,500000,4598375,4227431,-4598375,-41338.0,,800,-591,坏棒 总长1000 任意重度敲 800
922,17:22:05,hit_922_20260730_172205.csv,512,DEFECT,HIGH,0,22,115,211,500000,4704035,4368166,-4704035,-82479.2,,800,-589,坏棒 总长1000 任意重度敲 800
923,17:22:05,hit_923_20260730_172205.csv,512,DEFECT,HIGH,0,25,117,235,500000,4855241,3698342,-4855241,-552476.7,,800,-565,坏棒 总长1000 任意重度敲 800
924,17:22:05,hit_924_20260730_172205.csv,512,DEFECT,HIGH,0,22,115,211,500000,4623352,4172600,-4623352,-56973.0,,800,-589,坏棒 总长1000 任意重度敲 800
925,17:22:06,hit_925_20260730_172206.csv,512,DEFECT,HIGH,0,24,117,226,500000,4853942,4289362,-4853942,-152108.8,,800,-574,坏棒 总长1000 任意重度敲 800
926,17:22:06,hit_926_20260730_172206.csv,512,DEFECT,HIGH,0,44,120,403,500000,3932232,3621808,-3932232,-247386.0,,800,-397,坏棒 总长1000 任意重度敲 800
927,17:22:06,hit_927_20260730_172206.csv,512,DEFECT,HIGH,0,23,116,219,500000,4726003,4706081,-4726003,-91872.5,,800,-581,坏棒 总长1000 任意重度敲 800
928,17:22:06,hit_928_20260730_172206.csv,512,DEFECT,HIGH,0,22,118,205,500000,5119175,5119175,-4598074,146130.9,,800,-595,坏棒 总长1000 任意重度敲 800
929,17:22:07,hit_929_20260730_172207.csv,512,DEFECT,HIGH,0,88,116,733,500000,4895949,4895949,-4213822,160277.1,,800,-67,坏棒 总长1000 任意重度敲 800
930,17:22:07,hit_930_20260730_172207.csv,512,DEFECT,HIGH,0,22,116,209,500000,4377361,4138121,-4377361,-101998.4,,800,-591,坏棒 总长1000 任意重度敲 800
931,17:22:07,hit_931_20260730_172207.csv,512,DEFECT,HIGH,0,86,113,735,500000,4747487,4244750,-4747487,-202601.3,,800,-65,坏棒 总长1000 任意重度敲 800
932,17:22:07,hit_932_20260730_172207.csv,512,DEFECT,HIGH,0,24,114,233,500000,4830227,4041295,-4830227,-338904.5,,800,-567,坏棒 总长1000 任意重度敲 800
933,17:22:08,hit_933_20260730_172208.csv,512,DEFECT,HIGH,0,26,115,250,500000,4994416,3707375,-4994416,-541244.7,,800,-550,坏棒 总长1000 任意重度敲 800
934,17:22:08,hit_934_20260730_172208.csv,512,NORMAL,HIGH,0,0,114,0,500000,4660154,4520057,-4660154,-116035.2,,800,,坏棒 总长1000 任意重度敲 800
935,17:22:08,hit_935_20260730_172208.csv,512,DEFECT,HIGH,0,23,116,219,500000,4746124,4113434,-4746124,-141857.7,,800,-581,坏棒 总长1000 任意重度敲 800
936,17:22:09,hit_936_20260730_172209.csv,512,DEFECT,HIGH,0,29,121,263,500000,5350696,4088248,-5350696,-339555.8,,800,-537,坏棒 总长1000 任意重度敲 800
937,17:22:09,hit_937_20260730_172209.csv,512,DEFECT,HIGH,0,23,116,219,500000,4682755,3862817,-4682755,-233255.8,,800,-581,坏棒 总长1000 任意重度敲 800
938,17:22:09,hit_938_20260730_172209.csv,512,DEFECT,HIGH,0,24,118,224,500000,4931060,4458353,-4931060,-78601.5,,800,-576,坏棒 总长1000 任意重度敲 800
939,17:22:09,hit_939_20260730_172209.csv,512,DEFECT,HIGH,0,29,122,261,500000,5464503,4293458,-5464503,-326312.1,,800,-539,坏棒 总长1000 任意重度敲 800
940,17:22:10,hit_940_20260730_172210.csv,512,DEFECT,HIGH,0,23,117,216,500000,4742074,4115179,-4742074,-107238.5,,800,-584,坏棒 总长1000 任意重度敲 800
941,17:22:10,hit_941_20260730_172210.csv,512,DEFECT,HIGH,0,87,115,730,500000,4902648,4398594,-4902648,-168415.3,,800,-70,坏棒 总长1000 任意重度敲 800
942,17:22:10,hit_942_20260730_172210.csv,512,DEFECT,HIGH,0,28,117,264,500000,5272508,4619742,-5272508,-357085.9,,800,-536,坏棒 总长1000 任意重度敲 800
943,17:22:11,hit_943_20260730_172211.csv,512,DEFECT,HIGH,0,24,114,233,500000,4663942,4433310,-4663942,-281205.5,,800,-567,坏棒 总长1000 任意重度敲 800
944,17:22:11,hit_944_20260730_172211.csv,512,DEFECT,HIGH,0,33,122,297,500000,5634174,4385855,-5634174,-456857.6,,800,-503,坏棒 总长1000 任意重度敲 800
945,17:22:11,hit_945_20260730_172211.csv,512,DEFECT,HIGH,0,24,117,226,500000,4874957,4476149,-4874957,-68275.0,,800,-574,坏棒 总长1000 任意重度敲 800
946,17:22:11,hit_946_20260730_172211.csv,512,DEFECT,HIGH,0,25,117,235,500000,5051104,4203216,-5051104,-185717.2,,800,-565,坏棒 总长1000 任意重度敲 800
947,17:22:12,hit_947_20260730_172212.csv,512,DEFECT,HIGH,0,25,118,233,500000,5072410,4180938,-5072410,-181771.5,,800,-567,坏棒 总长1000 任意重度敲 800
948,17:22:12,hit_948_20260730_172212.csv,512,DEFECT,HIGH,0,22,115,211,500000,4472367,3831897,-4472367,-312823.0,,800,-589,坏棒 总长1000 任意重度敲 800
949,17:22:12,hit_949_20260730_172212.csv,512,DEFECT,HIGH,0,26,119,240,500000,5197996,4260536,-5197996,-273480.3,,800,-560,坏棒 总长1000 任意重度敲 800
950,17:22:12,hit_950_20260730_172212.csv,512,DEFECT,HIGH,0,23,115,221,500000,4559972,3839965,-4559972,-384661.2,,800,-579,坏棒 总长1000 任意重度敲 800
951,17:22:13,hit_951_20260730_172213.csv,512,DEFECT,HIGH,0,23,117,216,500000,4612675,4195847,-4612675,-128292.4,,800,-584,坏棒 总长1000 任意重度敲 800
952,17:22:13,hit_952_20260730_172213.csv,512,DEFECT,HIGH,0,22,115,211,500000,4543228,3983688,-4543228,-230061.0,,800,-589,坏棒 总长1000 任意重度敲 800
953,17:22:13,hit_953_20260730_172213.csv,512,DEFECT,HIGH,0,24,117,226,500000,4895365,4379765,-4895365,-274227.6,,800,-574,坏棒 总长1000 任意重度敲 800
954,17:22:14,hit_954_20260730_172214.csv,512,DEFECT,HIGH,0,88,116,733,500000,5087735,5087735,-4097737,329077.6,,800,-67,坏棒 总长1000 任意重度敲 800
955,17:22:14,hit_955_20260730_172214.csv,512,DEFECT,HIGH,0,24,117,226,500000,4916836,4428162,-4916836,-54922.1,,800,-574,坏棒 总长1000 任意重度敲 800
956,17:22:14,hit_956_20260730_172214.csv,512,DEFECT,HIGH,0,22,118,205,500000,4990310,4990310,-4546315,70105.2,,800,-595,坏棒 总长1000 任意重度敲 800
957,17:22:14,hit_957_20260730_172214.csv,512,DEFECT,HIGH,0,29,116,276,500000,5627497,5627497,-3956131,633158.3,,800,-524,坏棒 总长1000 任意重度敲 800
958,17:22:15,hit_958_20260730_172215.csv,512,DEFECT,HIGH,0,24,120,220,500000,4846200,4846200,-4843732,-86866.6,,800,-580,坏棒 总长1000 任意重度敲 800
959,17:22:15,hit_959_20260730_172215.csv,512,DEFECT,HIGH,0,26,116,247,500000,5213388,4080038,-5213388,-406317.8,,800,-553,坏棒 总长1000 任意重度敲 800
960,17:22:15,hit_960_20260730_172215.csv,512,DEFECT,HIGH,0,26,113,254,500000,5237126,4032689,-5237126,-478373.7,,800,-546,坏棒 总长1000 任意重度敲 800
961,17:22:15,hit_961_20260730_172215.csv,512,DEFECT,HIGH,0,22,111,220,500000,4556047,4475954,-4556047,-214044.6,,800,-580,坏棒 总长1000 任意重度敲 800
962,17:22:16,hit_962_20260730_172216.csv,512,DEFECT,HIGH,0,23,111,230,500000,4630609,4076425,-4630609,-457126.8,,800,-570,坏棒 总长1000 任意重度敲 800
963,17:22:16,hit_963_20260730_172216.csv,512,DEFECT,HIGH,0,26,115,250,500000,5192340,4363361,-5192340,-320733.0,,800,-550,坏棒 总长1000 任意重度敲 800
964,17:22:16,hit_964_20260730_172216.csv,512,DEFECT,HIGH,0,24,116,228,500000,4848292,4345371,-4848292,-185803.7,,800,-572,坏棒 总长1000 任意重度敲 800
965,17:22:17,hit_965_20260730_172217.csv,512,DEFECT,HIGH,0,26,120,238,500000,5187549,4220959,-5187549,-158425.0,,800,-562,坏棒 总长1000 任意重度敲 800
966,17:22:17,hit_966_20260730_172217.csv,512,DEFECT,HIGH,0,24,118,224,500000,4753752,4262657,-4753752,9915.0,,800,-576,坏棒 总长1000 任意重度敲 800
967,17:22:17,hit_967_20260730_172217.csv,512,DEFECT,HIGH,0,23,119,212,500000,4894578,4894578,-4538030,157752.7,,800,-588,坏棒 总长1000 任意重度敲 800
968,17:22:17,hit_968_20260730_172217.csv,512,DEFECT,HIGH,0,24,118,224,500000,4850903,4620495,-4850903,-65936.6,,800,-576,坏棒 总长1000 任意重度敲 800
969,17:22:18,hit_969_20260730_172218.csv,512,DEFECT,HIGH,0,25,119,231,500000,4902977,4598608,-4902977,96932.1,,800,-569,坏棒 总长1000 任意重度敲 800
970,17:22:18,hit_970_20260730_172218.csv,512,NORMAL,HIGH,0,0,116,0,500000,4363148,4030345,-4363148,44393.5,,800,,坏棒 总长1000 任意重度敲 800
971,17:22:18,hit_971_20260730_172218.csv,512,DEFECT,HIGH,0,26,119,240,500000,5116255,3950618,-5116255,-339244.6,,800,-560,坏棒 总长1000 任意重度敲 800
972,17:22:18,hit_972_20260730_172218.csv,512,DEFECT,HIGH,0,29,118,271,500000,5112327,4052474,-5112327,-465785.7,,800,-529,坏棒 总长1000 任意重度敲 800
973,17:22:19,hit_973_20260730_172219.csv,512,DEFECT,HIGH,0,24,115,230,500000,4878534,4382905,-4878534,-145044.3,,800,-570,坏棒 总长1000 任意重度敲 800
974,17:22:19,hit_974_20260730_172219.csv,512,DEFECT,HIGH,0,24,116,228,500000,4855282,4268686,-4855282,-131804.6,,800,-572,坏棒 总长1000 任意重度敲 800
975,17:22:19,hit_975_20260730_172219.csv,512,DEFECT,HIGH,0,27,119,250,500000,5140320,4014114,-5140320,-328178.8,,800,-550,坏棒 总长1000 任意重度敲 800
976,17:22:19,hit_976_20260730_172219.csv,512,DEFECT,HIGH,0,27,120,247,500000,5340608,4066123,-5340608,-298504.8,,800,-553,坏棒 总长1000 任意重度敲 800
977,17:22:20,hit_977_20260730_172220.csv,512,DEFECT,HIGH,0,23,116,219,500000,4868485,4118065,-4868485,-58025.0,,800,-581,坏棒 总长1000 任意重度敲 800
978,17:22:20,hit_978_20260730_172220.csv,512,DEFECT,HIGH,0,21,116,200,500000,4583994,4165061,-4583994,-18725.6,,800,-600,坏棒 总长1000 任意重度敲 800
979,17:22:20,hit_979_20260730_172220.csv,512,DEFECT,HIGH,0,22,117,207,500000,4566569,4227185,-4566569,-1318.6,,800,-593,坏棒 总长1000 任意重度敲 800
980,17:22:20,hit_980_20260730_172220.csv,512,DEFECT,HIGH,0,23,115,221,500000,4664240,3745953,-4664240,-482639.0,,800,-579,坏棒 总长1000 任意重度敲 800
981,17:22:21,hit_981_20260730_172221.csv,512,DEFECT,HIGH,0,27,119,250,500000,5044011,4092930,-5044011,-307477.9,,800,-550,坏棒 总长1000 任意重度敲 800
982,17:22:21,hit_982_20260730_172221.csv,512,DEFECT,HIGH,0,23,115,221,500000,4833396,4388617,-4833396,-176430.0,,800,-579,坏棒 总长1000 任意重度敲 800
983,17:22:21,hit_983_20260730_172221.csv,512,DEFECT,HIGH,0,24,116,228,500000,4846749,4249147,-4846749,-198067.5,,800,-572,坏棒 总长1000 任意重度敲 800
984,17:22:22,hit_984_20260730_172222.csv,512,DEFECT,HIGH,0,24,115,230,500000,4905431,4197250,-4905431,-227074.1,,800,-570,坏棒 总长1000 任意重度敲 800
985,17:22:22,hit_985_20260730_172222.csv,512,DEFECT,HIGH,0,23,115,221,500000,4612327,4493570,-4612327,-41936.6,,800,-579,坏棒 总长1000 任意重度敲 800
986,17:22:22,hit_986_20260730_172222.csv,512,DEFECT,HIGH,0,23,115,221,500000,4752261,4196842,-4752261,-94835.1,,800,-579,坏棒 总长1000 任意重度敲 800
987,17:22:22,hit_987_20260730_172222.csv,512,DEFECT,HIGH,0,28,123,250,500000,5475009,4539879,-5475009,-270750.9,,800,-550,坏棒 总长1000 任意重度敲 800
988,17:22:23,hit_988_20260730_172223.csv,512,DEFECT,HIGH,0,25,116,238,500000,5073412,4338178,-5073412,-187134.1,,800,-562,坏棒 总长1000 任意重度敲 800
989,17:22:23,hit_989_20260730_172223.csv,512,DEFECT,HIGH,0,23,117,216,500000,4826868,4369251,-4826868,-119700.0,,800,-584,坏棒 总长1000 任意重度敲 800
990,17:22:23,hit_990_20260730_172223.csv,512,DEFECT,HIGH,0,25,117,235,500000,5053715,4047390,-5053715,-299981.8,,800,-565,坏棒 总长1000 任意重度敲 800
991,17:22:23,hit_991_20260730_172223.csv,512,DEFECT,HIGH,0,24,113,235,500000,4988965,4306787,-4988965,-185803.9,,800,-565,坏棒 总长1000 任意重度敲 800
992,17:22:24,hit_992_20260730_172224.csv,512,DEFECT,HIGH,0,86,115,721,500000,4756798,4513261,-4756798,-15313.5,,800,-79,坏棒 总长1000 任意重度敲 800
993,17:22:24,hit_993_20260730_172224.csv,512,DEFECT,HIGH,0,24,115,230,500000,4549605,3640603,-4549605,-486642.7,,800,-570,坏棒 总长1000 任意重度敲 800
994,17:22:24,hit_994_20260730_172224.csv,512,DEFECT,HIGH,0,23,116,219,500000,4702727,4339676,-4702727,-29040.3,,800,-581,坏棒 总长1000 任意重度敲 800
995,17:22:24,hit_995_20260730_172224.csv,512,DEFECT,HIGH,0,26,120,238,500000,5032829,4297650,-5032829,-56892.9,,800,-562,坏棒 总长1000 任意重度敲 800
996,17:22:25,hit_996_20260730_172225.csv,512,DEFECT,HIGH,0,33,122,297,500000,5486321,4278554,-5486321,-363397.8,,800,-503,坏棒 总长1000 任意重度敲 800
997,17:22:25,hit_997_20260730_172225.csv,512,DEFECT,HIGH,0,27,118,252,500000,5194496,4497767,-5194496,-319257.5,,800,-548,坏棒 总长1000 任意重度敲 800
998,17:22:26,hit_998_20260730_172226.csv,512,DEFECT,HIGH,0,27,118,252,500000,5167298,4739376,-5167298,-250337.8,,800,-548,坏棒 总长1000 任意重度敲 800
999,17:22:26,hit_999_20260730_172226.csv,512,DEFECT,HIGH,0,24,116,228,500000,4951426,4951426,-4684626,52890.7,,800,-572,坏棒 总长1000 任意重度敲 800
1000,17:22:26,hit_1000_20260730_172226.csv,512,DEFECT,HIGH,0,23,116,219,500000,4831078,4250382,-4831078,-172471.0,,800,-581,坏棒 总长1000 任意重度敲 800
1001,17:22:27,hit_1001_20260730_172227.csv,512,DEFECT,HIGH,0,25,117,235,500000,5014122,4249294,-5014122,-263842.7,,800,-565,坏棒 总长1000 任意重度敲 800
1002,17:22:27,hit_1002_20260730_172227.csv,512,DEFECT,HIGH,0,22,117,207,500000,4453538,4453538,-4405568,96951.2,,800,-593,坏棒 总长1000 任意重度敲 800
1003,17:22:27,hit_1003_20260730_172227.csv,512,DEFECT,HIGH,0,22,115,211,500000,4716568,4186698,-4716568,-42417.9,,800,-589,坏棒 总长1000 任意重度敲 800
1004,17:22:27,hit_1004_20260730_172227.csv,512,DEFECT,HIGH,0,26,117,245,500000,5037494,4233408,-5037494,-252543.9,,800,-555,坏棒 总长1000 任意重度敲 800
1005,17:22:28,hit_1005_20260730_172228.csv,512,DEFECT,HIGH,0,87,114,737,500000,4799016,4224065,-4799016,-117747.6,,800,-63,坏棒 总长1000 任意重度敲 800
1006,17:22:28,hit_1006_20260730_172228.csv,512,DEFECT,HIGH,0,27,116,257,500000,4926630,4067556,-4926630,-506452.7,,800,-543,坏棒 总长1000 任意重度敲 800
1007,17:22:28,hit_1007_20260730_172228.csv,512,DEFECT,HIGH,0,24,119,222,500000,4735661,4735661,-4733941,-15336.3,,800,-578,坏棒 总长1000 任意重度敲 800
1008,17:22:28,hit_1008_20260730_172228.csv,512,DEFECT,HIGH,0,24,117,226,500000,4823302,4695079,-4823302,-197968.6,,800,-574,坏棒 总长1000 任意重度敲 800
1009,17:22:29,hit_1009_20260730_172229.csv,512,DEFECT,HIGH,0,25,119,231,500000,5019758,5019758,-4978253,44798.5,,800,-569,坏棒 总长1000 任意重度敲 800
1010,17:22:29,hit_1010_20260730_172229.csv,512,DEFECT,HIGH,0,87,117,716,500000,5180706,5180706,-4211089,212079.5,,800,-84,坏棒 总长1000 任意重度敲 800
1011,17:22:29,hit_1011_20260730_172229.csv,512,DEFECT,HIGH,0,90,119,731,500000,5065673,5065673,-4370777,161097.1,,800,-69,坏棒 总长1000 任意重度敲 800
1012,17:22:29,hit_1012_20260730_172229.csv,512,DEFECT,HIGH,0,23,118,214,500000,4978713,4978713,-4677202,-518.9,,800,-586,坏棒 总长1000 任意重度敲 800
1013,17:22:30,hit_1013_20260730_172230.csv,512,DEFECT,HIGH,0,25,118,233,500000,5108834,4552321,-5108834,-127503.1,,800,-567,坏棒 总长1000 任意重度敲 800
1014,17:22:30,hit_1014_20260730_172230.csv,512,DEFECT,HIGH,0,87,113,745,500000,4913056,4041718,-4913056,-309068.8,,800,-55,坏棒 总长1000 任意重度敲 800
1015,17:22:30,hit_1015_20260730_172230.csv,512,DEFECT,HIGH,0,25,116,238,500000,4909619,3961641,-4909619,-211658.2,,800,-562,坏棒 总长1000 任意重度敲 800
1016,17:22:30,hit_1016_20260730_172230.csv,512,DEFECT,HIGH,0,25,119,231,500000,4963169,4389292,-4963169,-266207.0,,800,-569,坏棒 总长1000 任意重度敲 800
1017,17:22:31,hit_1017_20260730_172231.csv,512,DEFECT,HIGH,0,29,123,258,500000,5333450,4492588,-5333450,-214123.2,,800,-542,坏棒 总长1000 任意重度敲 800
1018,17:22:31,hit_1018_20260730_172231.csv,512,DEFECT,HIGH,0,26,121,236,500000,4979585,4293918,-4979585,-260050.8,,800,-564,坏棒 总长1000 任意重度敲 800
1019,17:22:31,hit_1019_20260730_172231.csv,512,DEFECT,HIGH,0,24,117,226,500000,4820529,4216516,-4820529,-175940.6,,800,-574,坏棒 总长1000 任意重度敲 800
1020,17:22:31,hit_1020_20260730_172231.csv,512,DEFECT,HIGH,0,24,118,224,500000,4986457,4296274,-4986457,-276739.3,,800,-576,坏棒 总长1000 任意重度敲 800
1021,17:22:32,hit_1021_20260730_172232.csv,512,DEFECT,HIGH,0,23,118,214,500000,4869251,4869251,-4588850,99244.4,,800,-586,坏棒 总长1000 任意重度敲 800
1022,17:22:32,hit_1022_20260730_172232.csv,512,DEFECT,HIGH,0,26,115,250,500000,5083097,4802551,-5083097,-78636.4,,800,-550,坏棒 总长1000 任意重度敲 800
1023,17:22:32,hit_1023_20260730_172232.csv,512,DEFECT,HIGH,0,23,115,221,500000,4855085,4772619,-4855085,-40042.4,,800,-579,坏棒 总长1000 任意重度敲 800
1024,17:22:33,hit_1024_20260730_172233.csv,512,DEFECT,HIGH,0,27,118,252,500000,5287310,4735313,-5287310,-237183.4,,800,-548,坏棒 总长1000 任意重度敲 800
1025,17:22:33,hit_1025_20260730_172233.csv,512,DEFECT,HIGH,0,88,116,733,500000,5216033,5216033,-4468035,259183.8,,800,-67,坏棒 总长1000 任意重度敲 800
1026,17:22:33,hit_1026_20260730_172233.csv,512,DEFECT,HIGH,0,88,117,726,500000,4882540,4882540,-4262886,174024.8,,800,-74,坏棒 总长1000 任意重度敲 800
1027,17:22:33,hit_1027_20260730_172233.csv,512,DEFECT,HIGH,0,26,118,242,500000,5192642,4544580,-5192642,-132864.3,,800,-558,坏棒 总长1000 任意重度敲 800
1028,17:22:34,hit_1028_20260730_172234.csv,512,DEFECT,HIGH,0,23,113,225,500000,4835238,4154853,-4835238,-184440.3,,800,-575,坏棒 总长1000 任意重度敲 800
1029,17:22:34,hit_1029_20260730_172234.csv,512,DEFECT,HIGH,0,25,114,242,500000,5086615,4216715,-5086615,-358187.3,,800,-558,坏棒 总长1000 任意重度敲 800
1030,17:22:34,hit_1030_20260730_172234.csv,512,DEFECT,HIGH,0,27,115,259,500000,5279504,3939589,-5279504,-393473.7,,800,-541,坏棒 总长1000 任意重度敲 800
1031,17:22:34,hit_1031_20260730_172234.csv,512,DEFECT,HIGH,0,24,113,235,500000,4903086,4271216,-4903086,-25776.0,,800,-565,坏棒 总长1000 任意重度敲 800
1032,17:22:35,hit_1032_20260730_172235.csv,512,DEFECT,HIGH,0,23,115,221,500000,4861784,4264699,-4861784,-264321.0,,800,-579,坏棒 总长1000 任意重度敲 800
1033,17:22:35,hit_1033_20260730_172235.csv,512,DEFECT,HIGH,0,23,113,225,500000,4909247,4010266,-4909247,-349518.5,,800,-575,坏棒 总长1000 任意重度敲 800
1034,17:22:35,hit_1034_20260730_172235.csv,512,DEFECT,HIGH,0,23,113,225,500000,4777533,4203690,-4777533,-247277.4,,800,-575,坏棒 总长1000 任意重度敲 800
1035,17:22:36,hit_1035_20260730_172236.csv,512,DEFECT,HIGH,0,24,115,230,500000,4947502,4020292,-4947502,-307252.8,,800,-570,坏棒 总长1000 任意重度敲 800
1036,17:22:36,hit_1036_20260730_172236.csv,512,DEFECT,HIGH,0,24,116,228,500000,5021319,4085676,-5021319,-217097.4,,800,-572,坏棒 总长1000 任意重度敲 800
1037,17:22:36,hit_1037_20260730_172236.csv,512,DEFECT,HIGH,0,24,117,226,500000,5136160,4377691,-5136160,-111227.3,,800,-574,坏棒 总长1000 任意重度敲 800
1038,17:22:36,hit_1038_20260730_172236.csv,512,DEFECT,HIGH,0,24,115,230,500000,4801179,4164183,-4801179,-38210.0,,800,-570,坏棒 总长1000 任意重度敲 800
1039,17:22:37,hit_1039_20260730_172237.csv,512,DEFECT,HIGH,0,23,114,223,500000,4849591,4360347,-4849591,-18470.6,,800,-577,坏棒 总长1000 任意重度敲 800
1040,17:22:41,hit_1040_20260730_172241.csv,512,DEFECT,HIGH,0,25,117,235,500000,5038302,5038302,-4942122,-9947.5,,800,-565,坏棒 总长1000 任意重度敲 800
1041,17:22:41,hit_1041_20260730_172241.csv,512,DEFECT,HIGH,0,23,117,216,500000,4625948,4201962,-4625948,-148256.0,,800,-584,坏棒 总长1000 任意重度敲 800
1042,17:22:42,hit_1042_20260730_172242.csv,512,DEFECT,HIGH,0,25,117,235,500000,4938839,4168074,-4938839,-344601.3,,800,-565,坏棒 总长1000 任意重度敲 800
1043,17:22:42,hit_1043_20260730_172242.csv,512,DEFECT,HIGH,0,24,116,228,500000,4887833,4317249,-4887833,-138438.4,,800,-572,坏棒 总长1000 任意重度敲 800
1044,17:22:42,hit_1044_20260730_172242.csv,512,DEFECT,HIGH,0,25,117,235,500000,4803446,4803446,-4030691,288045.6,,800,-565,坏棒 总长1000 任意重度敲 800
1045,17:22:42,hit_1045_20260730_172242.csv,512,DEFECT,HIGH,0,23,116,219,500000,4586372,4586372,-4487795,25362.7,,800,-581,坏棒 总长1000 任意重度敲 800
1046,17:22:43,hit_1046_20260730_172243.csv,512,DEFECT,HIGH,0,23,115,221,500000,4619896,4564059,-4619896,32949.0,,800,-579,坏棒 总长1000 任意重度敲 800
1047,17:22:43,hit_1047_20260730_172243.csv,512,DEFECT,HIGH,0,87,114,737,500000,5325785,5325785,-4580988,241563.2,,800,-63,坏棒 总长1000 任意重度敲 800
1048,17:22:43,hit_1048_20260730_172243.csv,512,DEFECT,HIGH,0,26,120,238,500000,5094012,4932695,-5094012,-170743.2,,800,-562,坏棒 总长1000 任意重度敲 800
1049,17:22:43,hit_1049_20260730_172243.csv,512,DEFECT,HIGH,0,25,120,229,500000,5044752,4561134,-5044752,-176604.9,,800,-571,坏棒 总长1000 任意重度敲 800
1050,17:22:44,hit_1050_20260730_172244.csv,512,DEFECT,HIGH,0,25,117,235,500000,5000105,4321325,-5000105,-202491.9,,800,-565,坏棒 总长1000 任意重度敲 800
1051,17:22:44,hit_1051_20260730_172244.csv,512,DEFECT,HIGH,0,24,115,230,500000,4825301,4145019,-4825301,-190986.6,,800,-570,坏棒 总长1000 任意重度敲 800
1052,17:22:44,hit_1052_20260730_172244.csv,512,DEFECT,HIGH,0,24,116,228,500000,4793794,4346372,-4793794,-92491.3,,800,-572,坏棒 总长1000 任意重度敲 800
1053,17:22:44,hit_1053_20260730_172244.csv,512,NORMAL,HIGH,0,0,115,0,500000,4090268,4090268,-3907501,291808.0,,800,,坏棒 总长1000 任意重度敲 800
1054,17:22:45,hit_1054_20260730_172245.csv,512,NORMAL,HIGH,0,0,116,0,500000,4557699,4557699,-3852262,478915.4,,800,,坏棒 总长1000 任意重度敲 800
1055,17:22:45,hit_1055_20260730_172245.csv,512,DEFECT,HIGH,0,23,118,214,500000,4667522,4352964,-4667522,-141516.2,,800,-586,坏棒 总长1000 任意重度敲 800
1056,17:22:45,hit_1056_20260730_172245.csv,512,DEFECT,HIGH,0,26,119,240,500000,4620710,4105509,-4620710,-194074.2,,800,-560,坏棒 总长1000 任意重度敲 800
1057,17:22:45,hit_1057_20260730_172245.csv,512,DEFECT,HIGH,0,23,119,212,500000,4759463,4211714,-4759463,-213409.2,,800,-588,坏棒 总长1000 任意重度敲 800
1058,17:22:46,hit_1058_20260730_172246.csv,512,DEFECT,HIGH,0,22,117,207,500000,4466641,4324817,-4466641,-79969.8,,800,-593,坏棒 总长1000 任意重度敲 800
1059,17:22:46,hit_1059_20260730_172246.csv,512,DEFECT,HIGH,0,22,117,207,500000,4617819,4617819,-4476094,60345.0,,800,-593,坏棒 总长1000 任意重度敲 800
1060,17:22:46,hit_1060_20260730_172246.csv,512,NORMAL,HIGH,0,0,116,0,500000,4567877,4466643,-4567877,63865.3,,800,,坏棒 总长1000 任意重度敲 800
1061,17:22:46,hit_1061_20260730_172246.csv,512,NORMAL,HIGH,0,0,117,0,500000,4373312,4373312,-4169513,139008.4,,800,,坏棒 总长1000 任意重度敲 800
1062,17:22:47,hit_1062_20260730_172247.csv,512,NORMAL,HIGH,0,0,116,0,500000,4378652,4378652,-3942036,420284.6,,800,,坏棒 总长1000 任意重度敲 800
1063,17:22:47,hit_1063_20260730_172247.csv,512,NORMAL,HIGH,0,0,116,0,500000,4281341,4227222,-4281341,125558.9,,800,,坏棒 总长1000 任意重度敲 800
1064,17:22:47,hit_1064_20260730_172247.csv,512,NORMAL,HIGH,0,0,115,0,500000,4294778,4294778,-4134532,182287.2,,800,,坏棒 总长1000 任意重度敲 800
1065,17:22:47,hit_1065_20260730_172247.csv,512,NORMAL,HIGH,0,0,116,0,500000,4689545,4689545,-4075035,456008.5,,800,,坏棒 总长1000 任意重度敲 800
1066,17:22:48,hit_1066_20260730_172248.csv,512,NORMAL,HIGH,0,0,116,0,500000,4458064,4326102,-4458064,60084.9,,800,,坏棒 总长1000 任意重度敲 800
1067,17:22:48,hit_1067_20260730_172248.csv,512,DEFECT,HIGH,0,25,117,235,500000,4561502,4002506,-4561502,-228738.0,,800,-565,坏棒 总长1000 任意重度敲 800
1068,17:22:48,hit_1068_20260730_172248.csv,512,DEFECT,HIGH,0,23,116,219,500000,4558532,4486688,-4558532,27854.4,,800,-581,坏棒 总长1000 任意重度敲 800
1069,17:22:48,hit_1069_20260730_172248.csv,512,NORMAL,HIGH,0,0,116,0,500000,4654401,4654401,-4258348,381156.5,,800,,坏棒 总长1000 任意重度敲 800
1070,17:22:49,hit_1070_20260730_172249.csv,512,NORMAL,HIGH,0,0,116,0,500000,4201752,4201752,-4031402,170270.1,,800,,坏棒 总长1000 任意重度敲 800
1071,17:22:49,hit_1071_20260730_172249.csv,512,NORMAL,HIGH,0,0,116,0,500000,4088396,3992488,-4088396,55055.5,,800,,坏棒 总长1000 任意重度敲 800
1072,17:22:49,hit_1072_20260730_172249.csv,512,DEFECT,HIGH,0,88,117,726,500000,4642928,4642928,-4128666,217628.9,,800,-74,坏棒 总长1000 任意重度敲 800
1073,17:22:49,hit_1073_20260730_172249.csv,512,DEFECT,HIGH,0,22,116,209,500000,4581783,4567576,-4581783,31853.5,,800,-591,坏棒 总长1000 任意重度敲 800
1074,17:22:50,hit_1074_20260730_172250.csv,512,NORMAL,HIGH,0,0,116,0,500000,4277437,4277437,-4228436,64997.4,,800,,坏棒 总长1000 任意重度敲 800
1075,17:22:50,hit_1075_20260730_172250.csv,512,DEFECT,HIGH,0,22,116,209,500000,4940961,4940961,-4536792,248171.7,,800,-591,坏棒 总长1000 任意重度敲 800
1076,17:22:50,hit_1076_20260730_172250.csv,512,NORMAL,HIGH,0,0,116,0,500000,4513952,4513952,-4180656,222718.0,,800,,坏棒 总长1000 任意重度敲 800
1077,17:22:51,hit_1077_20260730_172251.csv,512,NORMAL,HIGH,0,0,115,0,500000,4471590,4471590,-4094753,543468.1,,800,,坏棒 总长1000 任意重度敲 800
1078,17:22:51,hit_1078_20260730_172251.csv,512,NORMAL,HIGH,0,0,116,0,500000,4422781,4322527,-4422781,288589.2,,800,,坏棒 总长1000 任意重度敲 800
1079,17:22:51,hit_1079_20260730_172251.csv,512,NORMAL,HIGH,0,0,115,0,500000,4506779,4075481,-4506779,-82525.0,,800,,坏棒 总长1000 任意重度敲 800
1080,17:22:51,hit_1080_20260730_172251.csv,512,DEFECT,HIGH,0,87,115,730,500000,4664356,4493689,-4664356,-57994.2,,800,-70,坏棒 总长1000 任意重度敲 800
1081,17:22:52,hit_1081_20260730_172252.csv,512,DEFECT,HIGH,0,87,114,737,500000,4827239,4376313,-4827239,-2216.9,,800,-63,坏棒 总长1000 任意重度敲 800
1082,17:22:52,hit_1082_20260730_172252.csv,512,DEFECT,HIGH,0,23,115,221,500000,4829716,4350457,-4829716,-16480.6,,800,-579,坏棒 总长1000 任意重度敲 800
1083,17:22:52,hit_1083_20260730_172252.csv,512,DEFECT,HIGH,0,24,116,228,500000,4894126,4047203,-4894126,-258307.8,,800,-572,坏棒 总长1000 任意重度敲 800
1084,17:22:52,hit_1084_20260730_172252.csv,512,DEFECT,HIGH,0,24,115,230,500000,4946016,4010859,-4946016,-204899.4,,800,-570,坏棒 总长1000 任意重度敲 800
1085,17:23:12,hit_1085_20260730_172312.csv,512,DEFECT,HIGH,0,25,116,238,500000,4998020,4566341,-4998020,-81350.7,,800,-562,坏棒 总长1000 任意重度敲 800
1086,17:23:13,hit_1086_20260730_172313.csv,512,NORMAL,HIGH,0,0,115,0,500000,4349803,4349803,-4002862,448187.4,,800,,坏棒 总长1000 任意重度敲 800
1087,17:23:13,hit_1087_20260730_172313.csv,512,DEFECT,HIGH,0,26,117,245,500000,4675894,4178780,-4675894,-160445.0,,800,-555,坏棒 总长1000 任意重度敲 800
1088,17:23:13,hit_1088_20260730_172313.csv,512,NORMAL,HIGH,0,0,117,0,500000,4487734,4399400,-4487734,5285.8,,800,,坏棒 总长1000 任意重度敲 800
1089,17:23:14,hit_1089_20260730_172314.csv,512,DEFECT,HIGH,0,24,116,228,500000,4742353,4140143,-4742353,-169233.9,,800,-572,坏棒 总长1000 任意重度敲 800
1090,17:23:14,hit_1090_20260730_172314.csv,512,DEFECT,HIGH,0,24,117,226,500000,4795999,3906862,-4795999,-359847.1,,800,-574,坏棒 总长1000 任意重度敲 800
1091,17:23:14,hit_1091_20260730_172314.csv,512,NORMAL,HIGH,0,0,116,0,500000,4381166,4295122,-4381166,409492.2,,800,,坏棒 总长1000 任意重度敲 800
1092,17:23:14,hit_1092_20260730_172314.csv,512,NORMAL,HIGH,0,0,115,0,500000,4290574,4290574,-4082609,345616.9,,800,,坏棒 总长1000 任意重度敲 800
1093,17:23:15,hit_1093_20260730_172315.csv,512,DEFECT,HIGH,0,84,113,715,500000,4384000,4216692,-4384000,-231074.9,,800,-85,坏棒 总长1000 任意重度敲 800
1094,17:23:15,hit_1094_20260730_172315.csv,512,DEFECT,HIGH,0,23,118,214,500000,4751223,4751223,-4681787,114297.4,,800,-586,坏棒 总长1000 任意重度敲 800
1095,17:23:15,hit_1095_20260730_172315.csv,512,DEFECT,LOW,0,56,0,533,500000,3266143,3266143,-1989007,48566.6,,800,-267,坏棒 总长1000 任意重度敲 800
1096,17:23:16,hit_1096_20260730_172316.csv,512,DEFECT,HIGH,0,36,122,324,500000,5745565,4817383,-5745565,-210403.7,,800,-476,坏棒 总长1000 任意重度敲 800
1097,17:23:16,hit_1097_20260730_172316.csv,512,DEFECT,HIGH,0,31,108,319,500000,5558595,4352645,-5558595,-239715.8,,800,-481,坏棒 总长1000 任意重度敲 800
1098,17:23:16,hit_1098_20260730_172316.csv,512,NORMAL,HIGH,0,0,114,0,500000,4693217,4275731,-4693217,25657.0,,800,,坏棒 总长1000 任意重度敲 800
1099,17:23:16,hit_1099_20260730_172316.csv,512,NORMAL,HIGH,0,0,113,0,500000,4435444,4274725,-4435444,10195.2,,800,,坏棒 总长1000 任意重度敲 800
1100,17:23:17,hit_1100_20260730_172317.csv,512,DEFECT,HIGH,0,22,114,213,500000,4723525,4093645,-4723525,-114022.8,,800,-587,坏棒 总长1000 任意重度敲 800
1101,17:23:17,hit_1101_20260730_172317.csv,512,NORMAL,HIGH,0,0,112,0,500000,4479134,4479134,-4393308,-111596.1,,800,,坏棒 总长1000 任意重度敲 800
1102,17:23:17,hit_1102_20260730_172317.csv,512,NORMAL,HIGH,0,0,116,0,500000,4521502,4372935,-4521502,235047.0,,800,,坏棒 总长1000 任意重度敲 800
1103,17:23:17,hit_1103_20260730_172317.csv,512,DEFECT,HIGH,0,25,123,223,500000,5098651,4485916,-5098651,-141137.5,,800,-577,坏棒 总长1000 任意重度敲 800
1104,17:23:18,hit_1104_20260730_172318.csv,512,NORMAL,HIGH,0,0,117,0,500000,4581562,4581562,-4406587,224263.8,,800,,坏棒 总长1000 任意重度敲 800
1105,17:23:18,hit_1105_20260730_172318.csv,512,DEFECT,HIGH,0,23,117,216,500000,4658159,4104097,-4658159,-141255.2,,800,-584,坏棒 总长1000 任意重度敲 800
1106,17:23:18,hit_1106_20260730_172318.csv,512,DEFECT,HIGH,0,22,118,205,500000,4616276,4393945,-4616276,-40017.6,,800,-595,坏棒 总长1000 任意重度敲 800
1107,17:23:18,hit_1107_20260730_172318.csv,512,DEFECT,HIGH,0,22,115,211,500000,4573615,4573615,-4482928,152311.4,,800,-589,坏棒 总长1000 任意重度敲 800
1108,17:23:19,hit_1108_20260730_172319.csv,512,DEFECT,HIGH,0,22,116,209,500000,4639596,4507741,-4639596,58803.4,,800,-591,坏棒 总长1000 任意重度敲 800
1109,17:23:19,hit_1109_20260730_172319.csv,512,DEFECT,HIGH,0,25,119,231,500000,4932089,4509141,-4932089,-80058.6,,800,-569,坏棒 总长1000 任意重度敲 800
1110,17:23:19,hit_1110_20260730_172319.csv,512,NORMAL,HIGH,0,0,117,0,500000,4505112,4039238,-4505112,43434.2,,800,,坏棒 总长1000 任意重度敲 800
1111,17:23:19,hit_1111_20260730_172319.csv,512,NORMAL,HIGH,0,0,117,0,500000,4672372,4254106,-4672372,95518.7,,800,,坏棒 总长1000 任意重度敲 800
1112,17:23:20,hit_1112_20260730_172320.csv,512,NORMAL,HIGH,0,0,116,0,500000,4521445,4521445,-4383756,264174.9,,800,,坏棒 总长1000 任意重度敲 800
1113,17:23:20,hit_1113_20260730_172320.csv,512,DEFECT,HIGH,0,23,114,223,500000,4746413,4509554,-4746413,64262.5,,800,-577,坏棒 总长1000 任意重度敲 800
1114,17:23:20,hit_1114_20260730_172320.csv,512,NORMAL,HIGH,0,0,114,0,500000,4318787,4155894,-4318787,181264.4,,800,,坏棒 总长1000 任意重度敲 800
1115,17:23:21,hit_1115_20260730_172321.csv,512,NORMAL,HIGH,0,0,114,0,500000,4369653,4291325,-4369653,210076.0,,800,,坏棒 总长1000 任意重度敲 800
1116,17:23:21,hit_1116_20260730_172321.csv,512,NORMAL,HIGH,0,0,116,0,500000,4792452,4792452,-3994150,557008.3,,800,,坏棒 总长1000 任意重度敲 800
1117,17:23:21,hit_1117_20260730_172321.csv,512,DEFECT,HIGH,0,24,118,224,500000,4929656,4929656,-4685445,184640.5,,800,-576,坏棒 总长1000 任意重度敲 800
1118,17:23:21,hit_1118_20260730_172321.csv,512,NORMAL,HIGH,0,0,115,0,500000,4738528,4738528,-4316140,247087.5,,800,,坏棒 总长1000 任意重度敲 800
1119,17:23:22,hit_1119_20260730_172322.csv,512,DEFECT,HIGH,0,28,115,269,500000,5147965,5147965,-3983841,376162.8,,800,-531,坏棒 总长1000 任意重度敲 800
1120,17:23:22,hit_1120_20260730_172322.csv,512,DEFECT,HIGH,0,23,117,216,500000,4951699,4951699,-4685501,-56096.2,,800,-584,坏棒 总长1000 任意重度敲 800
1121,17:23:22,hit_1121_20260730_172322.csv,512,DEFECT,HIGH,0,25,115,240,500000,4979139,4967012,-4979139,105956.8,,800,-560,坏棒 总长1000 任意重度敲 800
1122,17:23:22,hit_1122_20260730_172322.csv,512,DEFECT,HIGH,0,22,116,209,500000,4702120,4702120,-4445663,43502.1,,800,-591,坏棒 总长1000 任意重度敲 800
1123,17:23:23,hit_1123_20260730_172323.csv,512,NORMAL,HIGH,0,0,115,0,500000,4628623,4003753,-4628623,-19148.7,,800,,坏棒 总长1000 任意重度敲 800
1124,17:23:23,hit_1124_20260730_172323.csv,512,NORMAL,HIGH,0,0,115,0,500000,4426055,4319868,-4426055,107245.1,,800,,坏棒 总长1000 任意重度敲 800
1125,17:23:23,hit_1125_20260730_172323.csv,512,NORMAL,HIGH,0,0,116,0,500000,5132359,5132359,-4110986,499174.2,,800,,坏棒 总长1000 任意重度敲 800
1126,17:23:23,hit_1126_20260730_172323.csv,512,DEFECT,HIGH,0,23,116,219,500000,4764826,4088270,-4764826,-396932.9,,800,-581,坏棒 总长1000 任意重度敲 800
1127,17:23:24,hit_1127_20260730_172324.csv,512,DEFECT,HIGH,0,25,119,231,500000,5006740,4785232,-5006740,-134960.2,,800,-569,坏棒 总长1000 任意重度敲 800
1128,17:23:24,hit_1128_20260730_172324.csv,512,DEFECT,HIGH,0,21,118,196,500000,5061014,5061014,-4309008,251446.4,,800,-604,坏棒 总长1000 任意重度敲 800
1129,17:23:24,hit_1129_20260730_172324.csv,512,DEFECT,HIGH,0,25,118,233,500000,5018425,4558200,-5018425,-276246.7,,800,-567,坏棒 总长1000 任意重度敲 800
1130,17:23:24,hit_1130_20260730_172324.csv,512,DEFECT,HIGH,0,23,118,214,500000,4775294,4775294,-4557153,201185.8,,800,-586,坏棒 总长1000 任意重度敲 800
1131,17:23:25,hit_1131_20260730_172325.csv,512,DEFECT,HIGH,0,23,119,212,500000,4936379,4936379,-4639293,164760.9,,800,-588,坏棒 总长1000 任意重度敲 800
1132,17:23:25,hit_1132_20260730_172325.csv,512,DEFECT,HIGH,0,27,116,257,500000,4923789,4923789,-3956696,453643.2,,800,-543,坏棒 总长1000 任意重度敲 800
1133,17:23:25,hit_1133_20260730_172325.csv,512,DEFECT,HIGH,0,26,120,238,500000,5100712,4516629,-5100712,-219427.9,,800,-562,坏棒 总长1000 任意重度敲 800
1134,17:23:25,hit_1134_20260730_172325.csv,512,DEFECT,HIGH,0,22,119,203,500000,4659247,4420139,-4659247,-108676.9,,800,-597,坏棒 总长1000 任意重度敲 800
1135,17:23:26,hit_1135_20260730_172326.csv,512,DEFECT,HIGH,0,22,117,207,500000,4702700,4702700,-4377378,184525.1,,800,-593,坏棒 总长1000 任意重度敲 800
1136,17:23:26,hit_1136_20260730_172326.csv,512,DEFECT,HIGH,0,28,105,274,500000,5028985,4781810,-5028985,216040.2,,800,-526,坏棒 总长1000 任意重度敲 800
1137,17:23:26,hit_1137_20260730_172326.csv,512,DEFECT,HIGH,0,24,118,224,500000,4691822,4250568,-4691822,-98735.4,,800,-576,坏棒 总长1000 任意重度敲 800
1138,17:23:26,hit_1138_20260730_172326.csv,512,NORMAL,HIGH,0,0,117,0,500000,4373272,4300090,-4373272,279835.1,,800,,坏棒 总长1000 任意重度敲 800
1139,17:23:27,hit_1139_20260730_172327.csv,512,DEFECT,HIGH,0,25,117,235,500000,5049973,4062017,-5049973,-302100.9,,800,-565,坏棒 总长1000 任意重度敲 800
1140,17:23:27,hit_1140_20260730_172327.csv,512,NORMAL,HIGH,0,0,115,0,500000,5322899,5322899,-4451385,548940.6,,800,,坏棒 总长1000 任意重度敲 800
1141,17:23:27,hit_1141_20260730_172327.csv,512,NORMAL,HIGH,0,0,115,0,500000,5610468,5610468,-4032894,917993.9,,800,,坏棒 总长1000 任意重度敲 800
1142,17:23:27,hit_1142_20260730_172327.csv,512,NORMAL,HIGH,0,0,114,0,500000,4813139,4813139,-4204213,513097.5,,800,,坏棒 总长1000 任意重度敲 800
1143,17:23:34,hit_1143_20260730_172334.csv,512,DEFECT,HIGH,0,45,112,445,500000,2510961,2510961,-1322555,-57871.1,,800,-355,坏棒 总长1000 任意重度敲 800
1144,17:23:35,hit_1144_20260730_172335.csv,512,DEFECT,HIGH,0,23,116,219,500000,4836828,3954042,-4836828,-204583.7,,800,-581,坏棒 总长1000 任意重度敲 800
1145,17:23:35,hit_1145_20260730_172335.csv,512,DEFECT,HIGH,0,87,116,723,500000,5031670,4285432,-5031670,-188562.4,,800,-77,坏棒 总长1000 任意重度敲 800
1146,17:23:35,hit_1146_20260730_172335.csv,512,DEFECT,HIGH,0,25,113,245,500000,4950425,4260440,-4950425,-73979.4,,800,-555,坏棒 总长1000 任意重度敲 800
1147,17:23:35,hit_1147_20260730_172335.csv,512,DEFECT,HIGH,0,24,115,230,500000,4938172,4286663,-4938172,-105436.4,,800,-570,坏棒 总长1000 任意重度敲 800
1148,17:23:36,hit_1148_20260730_172336.csv,512,DEFECT,HIGH,0,25,115,240,500000,4962625,4284180,-4962625,-50052.3,,800,-560,坏棒 总长1000 任意重度敲 800
1149,17:23:36,hit_1149_20260730_172336.csv,512,DEFECT,HIGH,0,25,114,242,500000,5164311,4003196,-5164311,-407947.0,,800,-558,坏棒 总长1000 任意重度敲 800
1150,17:23:36,hit_1150_20260730_172336.csv,512,DEFECT,HIGH,0,24,115,230,500000,4939491,4326373,-4939491,27242.1,,800,-570,坏棒 总长1000 任意重度敲 800
1151,17:23:36,hit_1151_20260730_172336.csv,512,DEFECT,HIGH,0,24,114,233,500000,4948945,4352443,-4948945,-37192.8,,800,-567,坏棒 总长1000 任意重度敲 800
1152,17:23:37,hit_1152_20260730_172337.csv,512,DEFECT,HIGH,0,25,116,238,500000,4954734,4509517,-4954734,-14550.0,,800,-562,坏棒 总长1000 任意重度敲 800
1153,17:23:37,hit_1153_20260730_172337.csv,512,DEFECT,HIGH,0,87,115,730,500000,4815889,4263276,-4815889,44478.0,,800,-70,坏棒 总长1000 任意重度敲 800
1154,17:23:37,hit_1154_20260730_172337.csv,512,DEFECT,HIGH,0,87,113,745,500000,5044666,4088010,-5044666,-205603.6,,800,-55,坏棒 总长1000 任意重度敲 800
1155,17:23:37,hit_1155_20260730_172337.csv,512,NORMAL,HIGH,0,0,113,0,500000,4470665,4470665,-4373433,321863.4,,800,,坏棒 总长1000 任意重度敲 800
1156,17:23:38,hit_1156_20260730_172338.csv,512,DEFECT,HIGH,0,28,118,261,500000,5465239,4709853,-5465239,-108822.4,,800,-539,坏棒 总长1000 任意重度敲 800
1157,17:23:38,hit_1157_20260730_172338.csv,512,DEFECT,HIGH,0,87,113,745,500000,4867945,4148737,-4867945,-107703.9,,800,-55,坏棒 总长1000 任意重度敲 800
1158,17:23:38,hit_1158_20260730_172338.csv,512,DEFECT,HIGH,0,86,113,735,500000,4753385,4248052,-4753385,-62330.4,,800,-65,坏棒 总长1000 任意重度敲 800
1159,17:23:38,hit_1159_20260730_172338.csv,512,DEFECT,HIGH,0,23,115,221,500000,4694015,4202338,-4694015,59692.0,,800,-579,坏棒 总长1000 任意重度敲 800
1160,17:23:39,hit_1160_20260730_172339.csv,512,DEFECT,HIGH,0,24,114,233,500000,5005207,3940116,-5005207,-393717.1,,800,-567,坏棒 总长1000 任意重度敲 800
1161,17:23:39,hit_1161_20260730_172339.csv,512,DEFECT,HIGH,0,92,115,778,500000,5114102,4247153,-5114102,-304348.3,,800,-22,坏棒 总长1000 任意重度敲 800
1162,17:23:39,hit_1162_20260730_172339.csv,512,DEFECT,HIGH,0,23,115,221,500000,4787646,4054309,-4787646,-359996.2,,800,-579,坏棒 总长1000 任意重度敲 800
1163,17:23:40,hit_1163_20260730_172340.csv,512,DEFECT,HIGH,0,86,114,728,500000,4897765,4258151,-4897765,-337101.0,,800,-72,坏棒 总长1000 任意重度敲 800
1164,17:23:40,hit_1164_20260730_172340.csv,512,DEFECT,HIGH,0,24,115,230,500000,4757190,3664723,-4757190,-504379.1,,800,-570,坏棒 总长1000 任意重度敲 800
1165,17:23:40,hit_1165_20260730_172340.csv,512,DEFECT,HIGH,0,22,114,213,500000,4484481,3934099,-4484481,-373359.3,,800,-587,坏棒 总长1000 任意重度敲 800
1166,17:23:40,hit_1166_20260730_172340.csv,512,DEFECT,HIGH,0,27,117,254,500000,5282992,4276427,-5282992,-442568.7,,800,-546,坏棒 总长1000 任意重度敲 800
1167,17:23:41,hit_1167_20260730_172341.csv,512,DEFECT,HIGH,0,21,114,203,500000,4345323,4058394,-4345323,-282596.0,,800,-597,坏棒 总长1000 任意重度敲 800
1168,17:23:41,hit_1168_20260730_172341.csv,512,DEFECT,HIGH,0,87,115,730,500000,5043306,4087452,-5043306,-322862.6,,800,-70,坏棒 总长1000 任意重度敲 800
1169,17:23:41,hit_1169_20260730_172341.csv,512,DEFECT,HIGH,0,87,114,737,500000,4910472,3950447,-4910472,-383320.2,,800,-63,坏棒 总长1000 任意重度敲 800
1170,17:23:41,hit_1170_20260730_172341.csv,512,DEFECT,HIGH,0,87,115,730,500000,4941458,4200504,-4941458,-216943.4,,800,-70,坏棒 总长1000 任意重度敲 800
1171,17:23:42,hit_1171_20260730_172342.csv,512,DEFECT,HIGH,0,23,114,223,500000,4781609,3984285,-4781609,-209754.5,,800,-577,坏棒 总长1000 任意重度敲 800
1172,17:23:42,hit_1172_20260730_172342.csv,512,DEFECT,HIGH,0,24,115,230,500000,4851064,4333898,-4851064,-171428.2,,800,-570,坏棒 总长1000 任意重度敲 800
1173,17:23:42,hit_1173_20260730_172342.csv,512,DEFECT,HIGH,0,24,115,230,500000,4915998,4281344,-4915998,-127900.5,,800,-570,坏棒 总长1000 任意重度敲 800
1174,17:23:42,hit_1174_20260730_172342.csv,512,DEFECT,HIGH,0,24,116,228,500000,4974901,4432675,-4974901,-20827.9,,800,-572,坏棒 总长1000 任意重度敲 800
1175,17:23:43,hit_1175_20260730_172343.csv,512,DEFECT,HIGH,0,87,115,730,500000,4938299,4141898,-4938299,-172594.9,,800,-70,坏棒 总长1000 任意重度敲 800
1176,17:23:43,hit_1176_20260730_172343.csv,512,DEFECT,HIGH,0,87,114,737,500000,4779146,4215600,-4779146,-109627.6,,800,-63,坏棒 总长1000 任意重度敲 800
1177,17:23:43,hit_1177_20260730_172343.csv,512,DEFECT,HIGH,0,23,113,225,500000,4841405,4422455,-4841405,-196149.8,,800,-575,坏棒 总长1000 任意重度敲 800
1178,17:23:43,hit_1178_20260730_172343.csv,512,DEFECT,HIGH,0,87,113,745,500000,4875903,4417846,-4875903,-160937.3,,800,-55,坏棒 总长1000 任意重度敲 800
1179,17:23:44,hit_1179_20260730_172344.csv,512,DEFECT,HIGH,0,23,110,232,500000,4784864,4450670,-4784864,-378726.6,,800,-568,坏棒 总长1000 任意重度敲 800
1180,17:23:44,hit_1180_20260730_172344.csv,512,DEFECT,HIGH,0,87,113,745,500000,4773976,4773976,-4757612,-31514.9,,800,-55,坏棒 总长1000 任意重度敲 800
1181,17:23:44,hit_1181_20260730_172344.csv,512,NORMAL,HIGH,0,0,112,0,500000,4750113,4750113,-4622054,-116723.8,,800,,坏棒 总长1000 任意重度敲 800
1182,17:23:44,hit_1182_20260730_172344.csv,512,DEFECT,HIGH,0,24,115,230,500000,4839018,4488698,-4839018,-270383.1,,800,-570,坏棒 总长1000 任意重度敲 800
1183,17:23:45,hit_1183_20260730_172345.csv,512,NORMAL,HIGH,0,0,115,0,500000,4769716,4727039,-4769716,-125371.2,,800,,坏棒 总长1000 任意重度敲 800
1184,17:23:45,hit_1184_20260730_172345.csv,512,DEFECT,HIGH,0,86,114,728,500000,4840727,4840727,-4822867,-39210.9,,800,-72,坏棒 总长1000 任意重度敲 800
1185,17:23:45,hit_1185_20260730_172345.csv,512,NORMAL,HIGH,0,0,113,0,500000,4706625,4608509,-4706625,-90504.2,,800,,坏棒 总长1000 任意重度敲 800
1186,17:23:45,hit_1186_20260730_172345.csv,512,NORMAL,HIGH,0,0,114,0,500000,4781852,4678646,-4781852,42424.7,,800,,坏棒 总长1000 任意重度敲 800
1187,17:23:46,hit_1187_20260730_172346.csv,512,NORMAL,HIGH,0,0,110,0,500000,4631809,4631809,-4311515,-115920.1,,800,,坏棒 总长1000 任意重度敲 800
1188,17:23:46,hit_1188_20260730_172346.csv,512,DEFECT,HIGH,0,87,114,737,500000,4801296,4521520,-4801296,-68385.4,,800,-63,坏棒 总长1000 任意重度敲 800
1189,17:23:46,hit_1189_20260730_172346.csv,512,NORMAL,HIGH,0,0,110,0,500000,4648086,4648086,-4321526,-142586.1,,800,,坏棒 总长1000 任意重度敲 800
1190,17:23:47,hit_1190_20260730_172347.csv,512,NORMAL,HIGH,0,0,115,0,500000,4563167,4563167,-4537351,34591.0,,800,,坏棒 总长1000 任意重度敲 800
1191,17:23:52,hit_1191_20260730_172352.csv,512,DEFECT,HIGH,0,23,116,219,500000,4819382,4433617,-4819382,19676.5,,800,-581,坏棒 总长1000 任意重度敲 800
1192,17:23:52,hit_1192_20260730_172352.csv,512,DEFECT,HIGH,0,24,117,226,500000,4814076,3895142,-4814076,-333061.8,,800,-574,坏棒 总长1000 任意重度敲 800
1193,17:23:52,hit_1193_20260730_172352.csv,512,DEFECT,HIGH,0,26,117,245,500000,5244585,4044932,-5244585,-355239.7,,800,-555,坏棒 总长1000 任意重度敲 800
1194,17:23:53,hit_1194_20260730_172353.csv,512,DEFECT,HIGH,0,25,116,238,500000,5024868,4244899,-5024868,-211736.0,,800,-562,坏棒 总长1000 任意重度敲 800
1195,17:23:53,hit_1195_20260730_172353.csv,512,DEFECT,HIGH,0,86,114,728,500000,4592190,4590328,-4592190,-1000.1,,800,-72,坏棒 总长1000 任意重度敲 800
1196,17:23:53,hit_1196_20260730_172353.csv,512,DEFECT,HIGH,0,25,115,240,500000,5086815,4008553,-5086815,-341636.6,,800,-560,坏棒 总长1000 任意重度敲 800
1197,17:23:53,hit_1197_20260730_172353.csv,512,DEFECT,HIGH,0,24,114,233,500000,4900955,4102307,-4900955,-301264.9,,800,-567,坏棒 总长1000 任意重度敲 800
1198,17:23:54,hit_1198_20260730_172354.csv,512,NORMAL,HIGH,0,0,114,0,500000,4742676,4658691,-4742676,4518.6,,800,,坏棒 总长1000 任意重度敲 800
1199,17:23:54,hit_1199_20260730_172354.csv,512,NORMAL,HIGH,0,0,114,0,500000,4523447,4150172,-4523447,-52988.4,,800,,坏棒 总长1000 任意重度敲 800
1200,17:23:54,hit_1200_20260730_172354.csv,512,NORMAL,HIGH,0,0,115,0,500000,4468859,4468859,-4352447,60004.0,,800,,坏棒 总长1000 任意重度敲 800
1201,17:23:54,hit_1201_20260730_172354.csv,512,DEFECT,HIGH,0,23,116,219,500000,4617552,4230295,-4617552,-124328.6,,800,-581,坏棒 总长1000 任意重度敲 800
1202,17:23:55,hit_1202_20260730_172355.csv,512,NORMAL,HIGH,0,0,115,0,500000,4442479,4434180,-4442479,79725.5,,800,,坏棒 总长1000 任意重度敲 800
1203,17:23:55,hit_1203_20260730_172355.csv,512,NORMAL,HIGH,0,0,116,0,500000,4254386,4202654,-4254386,208101.0,,800,,坏棒 总长1000 任意重度敲 800
1204,17:23:55,hit_1204_20260730_172355.csv,512,NORMAL,HIGH,0,0,114,0,500000,4549422,4549422,-4472507,85407.3,,800,,坏棒 总长1000 任意重度敲 800
1205,17:23:56,hit_1205_20260730_172356.csv,512,NORMAL,HIGH,0,0,114,0,500000,4613327,4450691,-4613327,-51777.0,,800,,坏棒 总长1000 任意重度敲 800
1206,17:23:56,hit_1206_20260730_172356.csv,512,NORMAL,HIGH,0,0,111,0,500000,4613834,4613834,-4558252,-116702.5,,800,,坏棒 总长1000 任意重度敲 800
1207,17:23:56,hit_1207_20260730_172356.csv,512,DEFECT,HIGH,0,34,116,323,500000,5766362,4340183,-5766362,-334233.5,,800,-477,坏棒 总长1000 任意重度敲 800
1208,17:23:56,hit_1208_20260730_172356.csv,512,DEFECT,HIGH,0,24,112,237,500000,4667258,4328887,-4667258,-328526.1,,800,-563,坏棒 总长1000 任意重度敲 800
1209,17:23:57,hit_1209_20260730_172357.csv,512,DEFECT,HIGH,0,28,112,277,500000,5067123,4413843,-5067123,-273469.2,,800,-523,坏棒 总长1000 任意重度敲 800
1210,17:23:57,hit_1210_20260730_172357.csv,512,DEFECT,HIGH,0,33,116,314,500000,5715316,4350499,-5715316,-293476.4,,800,-486,坏棒 总长1000 任意重度敲 800
1211,17:23:57,hit_1211_20260730_172357.csv,512,DEFECT,HIGH,0,33,115,317,500000,5662349,4408872,-5662349,-321646.7,,800,-483,坏棒 总长1000 任意重度敲 800
1212,17:23:57,hit_1212_20260730_172357.csv,512,DEFECT,HIGH,0,33,114,320,500000,5638927,4414317,-5638927,-232946.0,,800,-480,坏棒 总长1000 任意重度敲 800
1213,17:23:58,hit_1213_20260730_172358.csv,512,DEFECT,HIGH,0,30,115,288,500000,5633159,4510077,-5633159,-153490.0,,800,-512,坏棒 总长1000 任意重度敲 800
1214,17:23:58,hit_1214_20260730_172358.csv,512,NORMAL,HIGH,0,0,113,0,500000,4795699,4795699,-4337142,229291.0,,800,,坏棒 总长1000 任意重度敲 800
1215,17:23:58,hit_1215_20260730_172358.csv,512,NORMAL,HIGH,0,0,116,0,500000,4394132,4394132,-4287407,227942.3,,800,,坏棒 总长1000 任意重度敲 800
1216,17:23:58,hit_1216_20260730_172358.csv,512,DEFECT,HIGH,0,23,116,219,500000,4601881,4155881,-4601881,-168966.5,,800,-581,坏棒 总长1000 任意重度敲 800
1217,17:23:59,hit_1217_20260730_172359.csv,512,DEFECT,HIGH,0,24,116,228,500000,4907534,4907534,-4674725,-11972.2,,800,-572,坏棒 总长1000 任意重度敲 800
1218,17:23:59,hit_1218_20260730_172359.csv,512,DEFECT,HIGH,0,22,115,211,500000,5320337,5320337,-4429763,398850.3,,800,-589,坏棒 总长1000 任意重度敲 800
1219,17:23:59,hit_1219_20260730_172359.csv,512,DEFECT,HIGH,0,23,116,219,500000,5045538,5045538,-4684333,-17562.9,,800,-581,坏棒 总长1000 任意重度敲 800
1220,17:23:59,hit_1220_20260730_172359.csv,512,DEFECT,HIGH,0,24,120,220,500000,5353007,5353007,-4594358,450824.7,,800,-580,坏棒 总长1000 任意重度敲 800
1221,17:24:00,hit_1221_20260730_172400.csv,512,DEFECT,HIGH,0,28,118,261,500000,5405225,4645285,-5405225,-341361.6,,800,-539,坏棒 总长1000 任意重度敲 800
1222,17:24:00,hit_1222_20260730_172400.csv,512,DEFECT,HIGH,0,22,119,203,500000,5521717,5521717,-4466612,507226.3,,800,-597,坏棒 总长1000 任意重度敲 800
1223,17:24:00,hit_1223_20260730_172400.csv,512,DEFECT,HIGH,0,25,121,227,500000,5444340,5444340,-4759391,274285.1,,800,-573,坏棒 总长1000 任意重度敲 800
1224,17:24:01,hit_1224_20260730_172401.csv,512,DEFECT,HIGH,0,28,108,288,500000,5282137,5188359,-5282137,80734.0,,800,-512,坏棒 总长1000 任意重度敲 800
1225,17:24:01,hit_1225_20260730_172401.csv,512,NORMAL,HIGH,0,0,123,0,500000,5614785,5087215,-5614785,43885.4,,800,,坏棒 总长1000 任意重度敲 800
1226,17:24:01,hit_1226_20260730_172401.csv,512,DEFECT,HIGH,0,48,123,428,705168,6455733,4345334,-6455733,-449805.2,,800,-372,坏棒 总长1000 任意重度敲 800
1227,17:24:01,hit_1227_20260730_172401.csv,512,DEFECT,HIGH,0,27,122,243,500000,5409308,5409308,-5122869,231438.8,,800,-557,坏棒 总长1000 任意重度敲 800
1228,17:24:02,hit_1228_20260730_172402.csv,512,NORMAL,HIGH,0,0,119,0,500000,4949561,4949561,-4672471,384381.9,,800,,坏棒 总长1000 任意重度敲 800
1229,17:24:02,hit_1229_20260730_172402.csv,512,DEFECT,HIGH,0,29,117,273,500000,5584744,4174416,-5584744,-560521.1,,800,-527,坏棒 总长1000 任意重度敲 800
1230,17:24:02,hit_1230_20260730_172402.csv,512,DEFECT,HIGH,0,22,113,215,500000,4959844,4959844,-4636741,77275.0,,800,-585,坏棒 总长1000 任意重度敲 800
1231,17:24:02,hit_1231_20260730_172402.csv,512,DEFECT,HIGH,0,25,116,238,500000,5054082,4342646,-5054082,-118084.4,,800,-562,坏棒 总长1000 任意重度敲 800
1232,17:24:03,hit_1232_20260730_172403.csv,512,DEFECT,HIGH,0,24,116,228,500000,4861699,4207173,-4861699,54815.8,,800,-572,坏棒 总长1000 任意重度敲 800
1233,17:24:03,hit_1233_20260730_172403.csv,512,DEFECT,HIGH,0,26,115,250,500000,5138054,4157447,-5138054,-222619.2,,800,-550,坏棒 总长1000 任意重度敲 800
1234,17:24:03,hit_1234_20260730_172403.csv,512,DEFECT,HIGH,0,23,114,223,500000,4705753,4626836,-4705753,214807.9,,800,-577,坏棒 总长1000 任意重度敲 800
1235,17:24:03,hit_1235_20260730_172403.csv,512,DEFECT,HIGH,0,26,117,245,500000,5186579,4579394,-5186579,-110902.6,,800,-555,坏棒 总长1000 任意重度敲 800
1236,17:24:04,hit_1236_20260730_172404.csv,512,DEFECT,HIGH,0,23,116,219,500000,5224954,5224954,-4651165,392587.3,,800,-581,坏棒 总长1000 任意重度敲 800
1237,17:24:04,hit_1237_20260730_172404.csv,512,DEFECT,HIGH,0,26,117,245,500000,5298648,5298648,-5200358,279212.5,,800,-555,坏棒 总长1000 任意重度敲 800
1238,17:24:04,hit_1238_20260730_172404.csv,512,DEFECT,HIGH,0,26,116,247,500000,5160141,5140572,-5160141,-59788.9,,800,-553,坏棒 总长1000 任意重度敲 800
1239,17:24:04,hit_1239_20260730_172404.csv,512,DEFECT,HIGH,0,24,115,230,500000,4866115,4866115,-4777725,29394.2,,800,-570,坏棒 总长1000 任意重度敲 800
1240,17:24:04,hit_1240_20260730_172404.csv,512,DEFECT,HIGH,0,23,115,221,500000,4841073,4841073,-4711430,142590.8,,800,-579,坏棒 总长1000 任意重度敲 800
1241,17:24:05,hit_1241_20260730_172405.csv,512,DEFECT,HIGH,0,22,114,213,500000,4701278,4701278,-4677302,65541.0,,800,-587,坏棒 总长1000 任意重度敲 800
1242,17:24:05,hit_1242_20260730_172405.csv,512,DEFECT,HIGH,0,23,115,221,500000,4856880,4856880,-4646677,167348.5,,800,-579,坏棒 总长1000 任意重度敲 800
1243,17:24:05,hit_1243_20260730_172405.csv,512,DEFECT,HIGH,0,27,117,254,500000,5273841,4642533,-5273841,-134400.9,,800,-546,坏棒 总长1000 任意重度敲 800
1244,17:24:05,hit_1244_20260730_172405.csv,512,DEFECT,HIGH,0,23,116,219,500000,4824186,4051718,-4824186,-95639.5,,800,-581,坏棒 总长1000 任意重度敲 800
1245,17:24:06,hit_1245_20260730_172406.csv,512,DEFECT,HIGH,0,24,116,228,500000,4876507,3918162,-4876507,-280219.7,,800,-572,坏棒 总长1000 任意重度敲 800
1246,17:24:06,hit_1246_20260730_172406.csv,512,DEFECT,HIGH,0,88,115,740,500000,4947739,4329645,-4947739,-137553.5,,800,-60,坏棒 总长1000 任意重度敲 800
1247,17:24:06,hit_1247_20260730_172406.csv,512,DEFECT,HIGH,0,25,114,242,500000,4989101,4181741,-4989101,-209009.8,,800,-558,坏棒 总长1000 任意重度敲 800
1248,17:24:07,hit_1248_20260730_172407.csv,512,DEFECT,HIGH,0,25,115,240,500000,5142746,4418529,-5142746,-171831.3,,800,-560,坏棒 总长1000 任意重度敲 800
1249,17:24:07,hit_1249_20260730_172407.csv,512,DEFECT,HIGH,0,87,116,723,500000,4731387,4659887,-4731387,17349.4,,800,-77,坏棒 总长1000 任意重度敲 800
1250,17:24:07,hit_1250_20260730_172407.csv,512,DEFECT,HIGH,0,30,118,280,500000,5747128,4248403,-5747128,-387250.3,,800,-520,坏棒 总长1000 任意重度敲 800
1251,17:24:07,hit_1251_20260730_172407.csv,512,DEFECT,HIGH,0,30,119,277,500000,5760833,4645877,-5760833,-206390.7,,800,-523,坏棒 总长1000 任意重度敲 800
1252,17:24:08,hit_1252_20260730_172408.csv,512,NORMAL,HIGH,0,0,114,0,500000,4553223,4515416,-4553223,295058.7,,800,,坏棒 总长1000 任意重度敲 800
1253,17:24:08,hit_1253_20260730_172408.csv,512,DEFECT,HIGH,0,32,118,299,500000,5684869,5375041,-5684869,85125.7,,800,-501,坏棒 总长1000 任意重度敲 800
1254,17:24:17,hit_1254_20260730_172417.csv,512,DEFECT,HIGH,0,24,118,224,500000,4882771,4212655,-4882771,-181242.1,,800,-576,坏棒 总长1000 任意重度敲 800
1255,17:24:17,hit_1255_20260730_172417.csv,512,DEFECT,HIGH,0,26,117,245,500000,5205848,4722680,-5205848,-176077.7,,800,-555,坏棒 总长1000 任意重度敲 800
1256,17:24:17,hit_1256_20260730_172417.csv,512,NORMAL,HIGH,0,0,117,0,500000,4833227,4833227,-4710990,251495.3,,800,,坏棒 总长1000 任意重度敲 800
1257,17:24:18,hit_1257_20260730_172418.csv,512,DEFECT,HIGH,0,25,115,240,500000,5050514,4513714,-5050514,-80698.5,,800,-560,坏棒 总长1000 任意重度敲 800
1258,17:24:18,hit_1258_20260730_172418.csv,512,DEFECT,HIGH,0,27,119,250,500000,5257372,4848556,-5257372,-115659.2,,800,-550,坏棒 总长1000 任意重度敲 800
1259,17:24:18,hit_1259_20260730_172418.csv,512,DEFECT,HIGH,0,26,117,245,500000,5005154,4838420,-5005154,129147.2,,800,-555,坏棒 总长1000 任意重度敲 800
1260,17:24:18,hit_1260_20260730_172418.csv,512,DEFECT,HIGH,0,24,114,233,500000,4855165,4593415,-4855165,-23888.9,,800,-567,坏棒 总长1000 任意重度敲 800
1261,17:24:19,hit_1261_20260730_172419.csv,512,DEFECT,HIGH,0,23,116,219,500000,4634307,3858548,-4634307,-227152.3,,800,-581,坏棒 总长1000 任意重度敲 800
1262,17:24:19,hit_1262_20260730_172419.csv,512,DEFECT,HIGH,0,25,114,242,500000,4944344,4534556,-4944344,-106909.9,,800,-558,坏棒 总长1000 任意重度敲 800
1263,17:24:19,hit_1263_20260730_172419.csv,512,DEFECT,HIGH,0,24,114,233,500000,4813357,4281492,-4813357,-260452.3,,800,-567,坏棒 总长1000 任意重度敲 800
1264,17:24:19,hit_1264_20260730_172419.csv,512,DEFECT,HIGH,0,88,116,733,500000,5187291,4148800,-5187291,-371314.1,,800,-67,坏棒 总长1000 任意重度敲 800
1265,17:24:20,hit_1265_20260730_172420.csv,512,NORMAL,HIGH,0,0,113,0,500000,4918116,4559697,-4918116,-122018.0,,800,,坏棒 总长1000 任意重度敲 800
1266,17:24:20,hit_1266_20260730_172420.csv,512,NORMAL,HIGH,0,0,116,0,500000,4330616,4100287,-4330616,92683.8,,800,,坏棒 总长1000 任意重度敲 800
1267,17:24:20,hit_1267_20260730_172420.csv,512,DEFECT,HIGH,0,25,117,235,500000,5033371,5033371,-5001787,43591.4,,800,-565,坏棒 总长1000 任意重度敲 800
1268,17:24:20,hit_1268_20260730_172420.csv,512,DEFECT,HIGH,0,22,114,213,500000,5417165,5417165,-4505687,272822.9,,800,-587,坏棒 总长1000 任意重度敲 800
1269,17:24:20,hit_1269_20260730_172420.csv,512,DEFECT,HIGH,0,22,114,213,500000,5462759,5462759,-4533510,474372.4,,800,-587,坏棒 总长1000 任意重度敲 800
1270,17:24:21,hit_1270_20260730_172421.csv,512,NORMAL,HIGH,0,0,113,0,500000,4819778,4819778,-4534700,477577.9,,800,,坏棒 总长1000 任意重度敲 800
1271,17:24:21,hit_1271_20260730_172421.csv,512,NORMAL,HIGH,0,0,115,0,500000,4588886,4429870,-4588886,251306.4,,800,,坏棒 总长1000 任意重度敲 800
1272,17:24:21,hit_1272_20260730_172421.csv,512,NORMAL,HIGH,0,0,116,0,500000,4597490,4597490,-4473151,347162.6,,800,,坏棒 总长1000 任意重度敲 800
1273,17:24:21,hit_1273_20260730_172421.csv,512,DEFECT,HIGH,0,29,121,263,500000,5441625,4310479,-5441625,-116716.1,,800,-537,坏棒 总长1000 任意重度敲 800
1274,17:24:22,hit_1274_20260730_172422.csv,512,NORMAL,HIGH,0,0,116,0,500000,4606406,4606406,-4109325,527438.1,,800,,坏棒 总长1000 任意重度敲 800
1275,17:24:22,hit_1275_20260730_172422.csv,512,NORMAL,HIGH,0,0,119,0,500000,4748120,4672823,-4748120,178889.0,,800,,坏棒 总长1000 任意重度敲 800
1276,17:24:22,hit_1276_20260730_172422.csv,512,NORMAL,HIGH,0,0,115,0,500000,4219118,4219118,-4213932,79278.0,,800,,坏棒 总长1000 任意重度敲 800
1277,17:24:22,hit_1277_20260730_172422.csv,512,NORMAL,HIGH,0,0,116,0,500000,4770744,4249060,-4770744,-78017.3,,800,,坏棒 总长1000 任意重度敲 800
1278,17:24:23,hit_1278_20260730_172423.csv,512,NORMAL,HIGH,0,0,115,0,500000,4332757,4285427,-4332757,283572.9,,800,,坏棒 总长1000 任意重度敲 800
1279,17:24:23,hit_1279_20260730_172423.csv,512,NORMAL,HIGH,0,0,115,0,500000,4522535,4522535,-4153486,496514.2,,800,,坏棒 总长1000 任意重度敲 800
1280,17:24:23,hit_1280_20260730_172423.csv,512,DEFECT,HIGH,0,24,116,228,500000,4985445,4901543,-4985445,148386.2,,800,-572,坏棒 总长1000 任意重度敲 800
1281,17:24:23,hit_1281_20260730_172423.csv,512,DEFECT,HIGH,0,27,118,252,500000,5229395,4346422,-5229395,61815.2,,800,-548,坏棒 总长1000 任意重度敲 800
1282,17:24:24,hit_1282_20260730_172424.csv,512,DEFECT,HIGH,0,30,114,291,500000,5133147,4072279,-5133147,-115207.5,,800,-509,坏棒 总长1000 任意重度敲 800
1283,17:24:24,hit_1283_20260730_172424.csv,512,DEFECT,HIGH,0,34,108,350,500000,5823806,4424894,-5823806,-267212.7,,800,-450,坏棒 总长1000 任意重度敲 800
1284,17:24:24,hit_1284_20260730_172424.csv,512,DEFECT,HIGH,0,27,117,254,500000,5287359,4793225,-5287359,57016.4,,800,-546,坏棒 总长1000 任意重度敲 800
1285,17:24:24,hit_1285_20260730_172424.csv,512,NORMAL,HIGH,0,0,114,0,500000,4325465,4314550,-4325465,482293.9,,800,,坏棒 总长1000 任意重度敲 800
1286,17:24:24,hit_1286_20260730_172424.csv,512,DEFECT,HIGH,0,26,115,250,500000,4977941,4140029,-4977941,-74476.4,,800,-550,坏棒 总长1000 任意重度敲 800
1287,17:24:25,hit_1287_20260730_172425.csv,512,DEFECT,HIGH,0,29,115,278,500000,5448769,4348524,-5448769,-115266.9,,800,-522,坏棒 总长1000 任意重度敲 800
1288,17:24:25,hit_1288_20260730_172425.csv,512,NORMAL,HIGH,0,0,112,0,500000,5038376,5038376,-4293348,357771.1,,800,,坏棒 总长1000 任意重度敲 800
1289,17:24:26,hit_1289_20260730_172426.csv,512,NORMAL,HIGH,0,0,116,0,500000,4377841,3746572,-4377841,-20500.5,,800,,坏棒 总长1000 任意重度敲 800
1290,17:24:26,hit_1290_20260730_172426.csv,512,NORMAL,HIGH,0,0,115,0,500000,4539371,4120026,-4539371,-146358.1,,800,,坏棒 总长1000 任意重度敲 800
1291,17:24:26,hit_1291_20260730_172426.csv,512,NORMAL,HIGH,0,0,117,0,500000,4566771,4216990,-4566771,161196.9,,800,,坏棒 总长1000 任意重度敲 800
1292,17:24:26,hit_1292_20260730_172426.csv,512,NORMAL,HIGH,0,0,115,0,500000,4405754,4341894,-4405754,224482.6,,800,,坏棒 总长1000 任意重度敲 800
1293,17:24:26,hit_1293_20260730_172426.csv,512,DEFECT,HIGH,0,27,121,245,500000,5296259,4411323,-5296259,-316424.0,,800,-555,坏棒 总长1000 任意重度敲 800
1294,17:24:27,hit_1294_20260730_172427.csv,512,DEFECT,HIGH,0,29,119,268,500000,5427984,4559524,-5427984,-207661.8,,800,-532,坏棒 总长1000 任意重度敲 800
1295,17:24:27,hit_1295_20260730_172427.csv,512,DEFECT,HIGH,0,30,108,309,500000,5385386,5310780,-5385386,341314.0,,800,-491,坏棒 总长1000 任意重度敲 800
1296,17:24:27,hit_1296_20260730_172427.csv,512,DEFECT,HIGH,0,38,122,342,500000,6099412,4874859,-6099412,-311452.5,,800,-458,坏棒 总长1000 任意重度敲 800
1297,17:24:27,hit_1297_20260730_172427.csv,512,NORMAL,HIGH,0,0,116,0,500000,5067370,5017756,-5067370,333697.9,,800,,坏棒 总长1000 任意重度敲 800
1298,17:24:28,hit_1298_20260730_172428.csv,512,NORMAL,HIGH,0,0,114,0,500000,4548810,4548810,-4233000,554362.5,,800,,坏棒 总长1000 任意重度敲 800
1299,17:24:28,hit_1299_20260730_172428.csv,512,NORMAL,HIGH,0,0,116,0,500000,4685849,4505341,-4685849,192047.0,,800,,坏棒 总长1000 任意重度敲 800
1300,17:24:28,hit_1300_20260730_172428.csv,512,NORMAL,HIGH,0,0,117,0,500000,4703917,4703917,-4341277,377767.8,,800,,坏棒 总长1000 任意重度敲 800
1301,17:24:28,hit_1301_20260730_172428.csv,512,NORMAL,HIGH,0,0,116,0,500000,4515786,4515786,-4006975,578910.6,,800,,坏棒 总长1000 任意重度敲 800
1302,17:24:28,hit_1302_20260730_172428.csv,512,NORMAL,HIGH,0,0,118,0,500000,4868372,4868372,-4290580,656290.6,,800,,坏棒 总长1000 任意重度敲 800
1303,17:24:29,hit_1303_20260730_172429.csv,512,NORMAL,HIGH,0,0,118,0,500000,5013438,5013438,-4158423,824844.7,,800,,坏棒 总长1000 任意重度敲 800
1304,17:24:29,hit_1304_20260730_172429.csv,512,NORMAL,HIGH,0,0,115,0,500000,4543848,4543848,-4343001,380942.1,,800,,坏棒 总长1000 任意重度敲 800
1305,17:24:29,hit_1305_20260730_172429.csv,512,NORMAL,HIGH,0,0,115,0,500000,4477898,4424681,-4477898,408317.0,,800,,坏棒 总长1000 任意重度敲 800
1306,17:24:29,hit_1306_20260730_172429.csv,512,NORMAL,HIGH,0,0,115,0,500000,5014987,4733523,-5014987,219933.0,,800,,坏棒 总长1000 任意重度敲 800
1307,17:24:29,hit_1307_20260730_172429.csv,512,DEFECT,HIGH,0,38,123,339,500000,6288963,4526674,-6288963,-679498.7,,800,-461,坏棒 总长1000 任意重度敲 800
1308,17:24:30,hit_1308_20260730_172430.csv,512,DEFECT,HIGH,0,35,119,324,500000,6344982,4905532,-6344982,-452581.9,,800,-476,坏棒 总长1000 任意重度敲 800
1309,17:24:30,hit_1309_20260730_172430.csv,512,DEFECT,HIGH,0,31,117,292,500000,5835144,4508116,-5835144,-597354.9,,800,-508,坏棒 总长1000 任意重度敲 800
1310,17:24:30,hit_1310_20260730_172430.csv,512,NORMAL,HIGH,0,0,116,0,500000,4985166,4421921,-4985166,100034.9,,800,,坏棒 总长1000 任意重度敲 800
1311,17:24:30,hit_1311_20260730_172430.csv,512,NORMAL,HIGH,0,0,115,0,500000,4669307,4202277,-4669307,239693.2,,800,,坏棒 总长1000 任意重度敲 800
1312,17:24:31,hit_1312_20260730_172431.csv,512,NORMAL,HIGH,0,0,114,0,500000,4430548,4430548,-4322143,388631.9,,800,,坏棒 总长1000 任意重度敲 800
1313,17:24:31,hit_1313_20260730_172431.csv,512,NORMAL,HIGH,0,0,115,0,500000,4299136,4299136,-4258777,396436.2,,800,,坏棒 总长1000 任意重度敲 800
1314,17:24:31,hit_1314_20260730_172431.csv,512,NORMAL,HIGH,0,0,114,0,500000,4355377,4355377,-4331172,383249.8,,800,,坏棒 总长1000 任意重度敲 800
1315,17:24:31,hit_1315_20260730_172431.csv,512,NORMAL,HIGH,0,0,114,0,500000,4652952,4611060,-4652952,200796.1,,800,,坏棒 总长1000 任意重度敲 800
1316,17:24:32,hit_1316_20260730_172432.csv,512,NORMAL,HIGH,0,0,113,0,500000,4792018,4792018,-4667877,124875.2,,800,,坏棒 总长1000 任意重度敲 800
1317,17:24:32,hit_1317_20260730_172432.csv,512,NORMAL,HIGH,0,0,112,0,500000,5257982,5257982,-4048184,451869.2,,800,,坏棒 总长1000 任意重度敲 800
1318,17:24:32,hit_1318_20260730_172432.csv,512,NORMAL,HIGH,0,0,114,0,500000,4606071,4606071,-4341871,247092.4,,800,,坏棒 总长1000 任意重度敲 800
1319,17:24:32,hit_1319_20260730_172432.csv,512,NORMAL,HIGH,0,0,112,0,500000,4737097,4737097,-4438349,246477.5,,800,,坏棒 总长1000 任意重度敲 800
1320,17:24:33,hit_1320_20260730_172433.csv,512,NORMAL,HIGH,0,0,114,0,500000,4586069,4322648,-4586069,186662.7,,800,,坏棒 总长1000 任意重度敲 800
1321,17:24:33,hit_1321_20260730_172433.csv,512,DEFECT,HIGH,0,25,113,245,500000,5007102,4049643,-5007102,-271221.8,,800,-555,坏棒 总长1000 任意重度敲 800
1322,17:24:33,hit_1322_20260730_172433.csv,512,DEFECT,HIGH,0,34,118,317,500000,6068193,4518934,-6068193,-446743.0,,800,-483,坏棒 总长1000 任意重度敲 800
1323,17:24:34,hit_1323_20260730_172434.csv,512,DEFECT,HIGH,0,26,116,247,500000,5196472,4391837,-5196472,-188057.5,,800,-553,坏棒 总长1000 任意重度敲 800
1324,17:24:34,hit_1324_20260730_172434.csv,512,NORMAL,HIGH,0,0,116,0,500000,5033810,4501059,-5033810,161975.9,,800,,坏棒 总长1000 任意重度敲 800
1325,17:24:34,hit_1325_20260730_172434.csv,512,DEFECT,HIGH,0,29,114,281,500000,5655313,4248221,-5655313,-296547.7,,800,-519,坏棒 总长1000 任意重度敲 800
1326,17:24:34,hit_1326_20260730_172434.csv,512,NORMAL,HIGH,0,0,113,0,500000,4836932,4229737,-4836932,56568.3,,800,,坏棒 总长1000 任意重度敲 800
1327,17:24:35,hit_1327_20260730_172435.csv,512,NORMAL,HIGH,0,0,115,0,500000,4540971,4540971,-4532062,395533.3,,800,,坏棒 总长1000 任意重度敲 800
1328,17:24:35,hit_1328_20260730_172435.csv,512,NORMAL,HIGH,0,0,115,0,500000,4516570,4516570,-4169531,514152.0,,800,,坏棒 总长1000 任意重度敲 800
1329,17:24:35,hit_1329_20260730_172435.csv,512,NORMAL,HIGH,0,0,116,0,500000,4425803,4162596,-4425803,-74910.1,,800,,坏棒 总长1000 任意重度敲 800
1330,17:24:35,hit_1330_20260730_172435.csv,512,DEFECT,HIGH,0,23,117,216,500000,4716764,4383472,-4716764,-39640.6,,800,-584,坏棒 总长1000 任意重度敲 800
1331,17:24:36,hit_1331_20260730_172436.csv,512,DEFECT,HIGH,0,84,113,715,500000,4776415,4776415,-4609599,-54029.2,,800,-85,坏棒 总长1000 任意重度敲 800
1332,17:24:36,hit_1332_20260730_172436.csv,512,DEFECT,HIGH,0,25,111,250,500000,5015285,4429597,-5015285,-311750.8,,800,-550,坏棒 总长1000 任意重度敲 800
1333,17:24:37,hit_1333_20260730_172437.csv,512,DEFECT,HIGH,0,86,112,742,500000,4688688,4551787,-4688688,-94348.6,,800,-58,坏棒 总长1000 任意重度敲 800
1334,17:24:37,hit_1334_20260730_172437.csv,512,DEFECT,HIGH,0,23,113,225,500000,4795763,4564523,-4795763,-75524.7,,800,-575,坏棒 总长1000 任意重度敲 800
1335,17:24:37,hit_1335_20260730_172437.csv,512,NORMAL,HIGH,0,0,113,0,500000,4882430,4704742,-4882430,26236.8,,800,,坏棒 总长1000 任意重度敲 800
1336,17:24:37,hit_1336_20260730_172437.csv,512,DEFECT,HIGH,0,23,115,221,500000,4686854,4303798,-4686854,48354.1,,800,-579,坏棒 总长1000 任意重度敲 800
1337,17:24:38,hit_1337_20260730_172438.csv,512,NORMAL,HIGH,0,0,117,0,500000,4772907,4772907,-4233583,395248.2,,800,,坏棒 总长1000 任意重度敲 800
1338,17:24:38,hit_1338_20260730_172438.csv,512,DEFECT,HIGH,0,28,115,269,500000,5508199,5508199,-4182210,597257.4,,800,-531,坏棒 总长1000 任意重度敲 800
1339,17:24:38,hit_1339_20260730_172438.csv,512,DEFECT,HIGH,0,28,115,269,500000,5427860,5427860,-4118685,634634.9,,800,-531,坏棒 总长1000 任意重度敲 800
1340,17:24:39,hit_1340_20260730_172439.csv,512,DEFECT,HIGH,0,25,119,231,500000,4955717,4468409,-4955717,-178039.2,,800,-569,坏棒 总长1000 任意重度敲 800
1341,17:24:39,hit_1341_20260730_172439.csv,512,NORMAL,HIGH,0,0,115,0,500000,4432301,4432301,-4128026,324694.1,,800,,坏棒 总长1000 任意重度敲 800
1342,17:24:39,hit_1342_20260730_172439.csv,512,NORMAL,HIGH,0,0,117,0,500000,4569327,4569327,-4370700,253999.1,,800,,坏棒 总长1000 任意重度敲 800
1343,17:24:39,hit_1343_20260730_172439.csv,512,DEFECT,HIGH,0,25,121,227,500000,4921783,4895009,-4921783,172906.0,,800,-573,坏棒 总长1000 任意重度敲 800
1344,17:24:40,hit_1344_20260730_172440.csv,512,DEFECT,HIGH,0,27,118,252,500000,5174500,4654094,-5174500,-170866.9,,800,-548,坏棒 总长1000 任意重度敲 800
1345,17:24:40,hit_1345_20260730_172440.csv,512,DEFECT,HIGH,0,31,108,319,500000,5621571,4394977,-5621571,-329647.5,,800,-481,坏棒 总长1000 任意重度敲 800
1346,17:24:40,hit_1346_20260730_172440.csv,512,NORMAL,HIGH,0,0,117,0,500000,4525753,4274807,-4525753,73402.8,,800,,坏棒 总长1000 任意重度敲 800
1347,17:24:40,hit_1347_20260730_172440.csv,512,DEFECT,HIGH,0,24,116,228,500000,4843361,4080176,-4843361,-196551.7,,800,-572,坏棒 总长1000 任意重度敲 800
1348,17:24:41,hit_1348_20260730_172441.csv,512,NORMAL,HIGH,0,0,115,0,500000,4596804,4104792,-4596804,88677.4,,800,,坏棒 总长1000 任意重度敲 800
1349,17:24:41,hit_1349_20260730_172441.csv,512,DEFECT,HIGH,0,24,118,224,500000,4826770,4708250,-4826770,67698.7,,800,-576,坏棒 总长1000 任意重度敲 800
1350,17:24:41,hit_1350_20260730_172441.csv,512,DEFECT,HIGH,0,22,114,213,500000,5468458,5468458,-4451825,485500.9,,800,-587,坏棒 总长1000 任意重度敲 800
1351,17:24:41,hit_1351_20260730_172441.csv,512,DEFECT,HIGH,0,25,115,240,500000,5143980,5143980,-5008164,55356.2,,800,-560,坏棒 总长1000 任意重度敲 800
1352,17:24:42,hit_1352_20260730_172442.csv,512,DEFECT,HIGH,0,40,120,366,500000,6027877,4782693,-6027877,-523269.6,,800,-434,坏棒 总长1000 任意重度敲 800
1353,17:24:42,hit_1353_20260730_172442.csv,512,NORMAL,HIGH,0,0,115,0,500000,4929322,4929322,-4384475,323051.1,,800,,坏棒 总长1000 任意重度敲 800
1354,17:24:42,hit_1354_20260730_172442.csv,512,DEFECT,HIGH,0,24,116,228,500000,4965391,4546883,-4965391,21922.3,,800,-572,坏棒 总长1000 任意重度敲 800
1355,17:24:42,hit_1355_20260730_172442.csv,512,NORMAL,HIGH,0,0,115,0,500000,4635498,4450019,-4635498,341729.0,,800,,坏棒 总长1000 任意重度敲 800
1356,17:24:43,hit_1356_20260730_172443.csv,512,NORMAL,HIGH,0,0,114,0,500000,4457603,4457603,-4264725,515039.8,,800,,坏棒 总长1000 任意重度敲 800
1357,17:24:43,hit_1357_20260730_172443.csv,512,NORMAL,HIGH,0,0,115,0,500000,4640223,4247070,-4640223,157251.1,,800,,坏棒 总长1000 任意重度敲 800
1358,17:24:43,hit_1358_20260730_172443.csv,512,NORMAL,HIGH,0,0,116,0,500000,4675108,4137658,-4675108,76637.8,,800,,坏棒 总长1000 任意重度敲 800
1359,17:24:43,hit_1359_20260730_172443.csv,512,NORMAL,HIGH,0,0,117,0,500000,4324528,4324528,-4045467,353163.7,,800,,坏棒 总长1000 任意重度敲 800
1360,17:24:44,hit_1360_20260730_172444.csv,512,NORMAL,HIGH,0,0,117,0,500000,4373194,4373194,-4062930,328319.6,,800,,坏棒 总长1000 任意重度敲 800
1361,17:24:44,hit_1361_20260730_172444.csv,512,DEFECT,HIGH,0,23,118,214,500000,4791876,4348204,-4791876,-21622.2,,800,-586,坏棒 总长1000 任意重度敲 800
1362,17:24:44,hit_1362_20260730_172444.csv,512,NORMAL,HIGH,0,0,115,0,500000,4621492,4621492,-3976415,487814.3,,800,,坏棒 总长1000 任意重度敲 800
1363,17:24:44,hit_1363_20260730_172444.csv,512,NORMAL,HIGH,0,0,117,0,500000,4373627,4250313,-4373627,231232.2,,800,,坏棒 总长1000 任意重度敲 800
1364,17:24:45,hit_1364_20260730_172445.csv,512,NORMAL,HIGH,0,0,116,0,500000,4392923,4367222,-4392923,151670.2,,800,,坏棒 总长1000 任意重度敲 800
1365,17:24:45,hit_1365_20260730_172445.csv,512,NORMAL,HIGH,0,0,115,0,500000,4688287,4511404,-4688287,-103378.8,,800,,坏棒 总长1000 任意重度敲 800
1366,17:24:45,hit_1366_20260730_172445.csv,512,DEFECT,HIGH,0,23,115,221,500000,4858394,4190939,-4858394,-123777.8,,800,-579,坏棒 总长1000 任意重度敲 800
1367,17:24:45,hit_1367_20260730_172445.csv,512,NORMAL,HIGH,0,0,115,0,500000,4788464,4788464,-4342026,292184.2,,800,,坏棒 总长1000 任意重度敲 800
1368,17:24:46,hit_1368_20260730_172446.csv,512,DEFECT,HIGH,0,25,113,245,500000,4982841,4378154,-4982841,-193212.4,,800,-555,坏棒 总长1000 任意重度敲 800
1369,17:24:46,hit_1369_20260730_172446.csv,512,NORMAL,HIGH,0,0,114,0,500000,4694635,4199780,-4694635,-80306.4,,800,,坏棒 总长1000 任意重度敲 800
1370,17:24:46,hit_1370_20260730_172446.csv,512,DEFECT,HIGH,0,26,113,254,500000,4938146,3886222,-4938146,-427123.6,,800,-546,坏棒 总长1000 任意重度敲 800
1371,17:24:47,hit_1371_20260730_172447.csv,512,DEFECT,HIGH,0,29,117,273,500000,5550695,4544489,-5550695,-230487.9,,800,-527,坏棒 总长1000 任意重度敲 800
1372,17:24:47,hit_1372_20260730_172447.csv,512,DEFECT,HIGH,0,38,108,391,500000,6005785,5257990,-6005785,286166.2,,800,-409,坏棒 总长1000 任意重度敲 800
1373,17:24:47,hit_1373_20260730_172447.csv,512,DEFECT,HIGH,0,40,122,360,500000,6337168,4988494,-6337168,-185187.3,,800,-440,坏棒 总长1000 任意重度敲 800
1374,17:24:47,hit_1374_20260730_172447.csv,512,DEFECT,HIGH,0,29,120,266,500000,5604017,5115914,-5604017,241380.7,,800,-534,坏棒 总长1000 任意重度敲 800
1375,17:24:48,hit_1375_20260730_172448.csv,512,NORMAL,HIGH,0,0,116,0,500000,5228631,5228631,-4648020,753434.2,,800,,坏棒 总长1000 任意重度敲 800
1376,17:24:48,hit_1376_20260730_172448.csv,512,DEFECT,HIGH,0,24,114,233,500000,5024665,4457204,-5024665,70042.7,,800,-567,坏棒 总长1000 任意重度敲 800
1377,17:24:48,hit_1377_20260730_172448.csv,512,NORMAL,HIGH,0,0,116,0,500000,4543490,4543490,-4242896,533670.7,,800,,坏棒 总长1000 任意重度敲 800
1378,17:24:48,hit_1378_20260730_172448.csv,512,NORMAL,HIGH,0,0,114,0,500000,4523912,4523912,-4215515,501178.8,,800,,坏棒 总长1000 任意重度敲 800
1379,17:24:48,hit_1379_20260730_172448.csv,512,NORMAL,HIGH,0,0,114,0,500000,4428951,4428951,-4242412,272336.4,,800,,坏棒 总长1000 任意重度敲 800
1380,17:24:49,hit_1380_20260730_172449.csv,512,NORMAL,HIGH,0,0,114,0,500000,4692093,4247958,-4692093,-153081.2,,800,,坏棒 总长1000 任意重度敲 800
1381,17:24:49,hit_1381_20260730_172449.csv,512,NORMAL,HIGH,0,0,115,0,500000,4660704,4267738,-4660704,-65375.7,,800,,坏棒 总长1000 任意重度敲 800
1382,17:24:49,hit_1382_20260730_172449.csv,512,NORMAL,HIGH,0,0,116,0,500000,4649448,3852580,-4649448,-124116.7,,800,,坏棒 总长1000 任意重度敲 800
1383,17:24:50,hit_1383_20260730_172450.csv,512,DEFECT,HIGH,0,22,119,203,500000,4828431,4828431,-4459219,244998.5,,800,-597,坏棒 总长1000 任意重度敲 800
1384,17:24:50,hit_1384_20260730_172450.csv,512,NORMAL,HIGH,0,0,122,0,500000,5083474,4295143,-5083474,63247.8,,800,,坏棒 总长1000 任意重度敲 800
1385,17:24:50,hit_1385_20260730_172450.csv,512,NORMAL,HIGH,0,0,116,0,500000,4726843,4220903,-4726843,20711.9,,800,,坏棒 总长1000 任意重度敲 800
1386,17:24:50,hit_1386_20260730_172450.csv,512,DEFECT,HIGH,0,24,115,230,500000,4862003,4683534,-4862003,-53389.8,,800,-570,坏棒 总长1000 任意重度敲 800
1387,17:24:51,hit_1387_20260730_172451.csv,512,DEFECT,HIGH,0,24,114,233,500000,4896771,4413950,-4896771,-129452.4,,800,-567,坏棒 总长1000 任意重度敲 800
1388,17:24:51,hit_1388_20260730_172451.csv,512,DEFECT,HIGH,0,25,112,247,500000,4870651,4230984,-4870651,-351330.7,,800,-553,坏棒 总长1000 任意重度敲 800
1389,17:24:51,hit_1389_20260730_172451.csv,512,DEFECT,HIGH,0,34,115,326,500000,5623152,4565007,-5623152,-395085.6,,800,-474,坏棒 总长1000 任意重度敲 800
1390,17:24:51,hit_1390_20260730_172451.csv,512,DEFECT,HIGH,0,34,114,330,500000,5848250,4362357,-5848250,-475544.6,,800,-470,坏棒 总长1000 任意重度敲 800
1391,17:24:52,hit_1391_20260730_172452.csv,512,NORMAL,HIGH,0,0,113,0,500000,5060784,5060784,-4732598,82411.2,,800,,坏棒 总长1000 任意重度敲 800
1392,17:24:52,hit_1392_20260730_172452.csv,512,NORMAL,HIGH,0,0,111,0,500000,4668167,4668167,-4532190,-51558.9,,800,,坏棒 总长1000 任意重度敲 800
1393,17:24:52,hit_1393_20260730_172452.csv,512,DEFECT,HIGH,0,26,114,252,500000,5240721,4252891,-5240721,-503123.0,,800,-548,坏棒 总长1000 任意重度敲 800
1394,17:24:53,hit_1394_20260730_172453.csv,512,NORMAL,HIGH,0,0,113,0,500000,5373861,5373861,-4383447,381278.9,,800,,坏棒 总长1000 任意重度敲 800
1395,17:24:53,hit_1395_20260730_172453.csv,512,NORMAL,HIGH,0,0,114,0,500000,4502649,4502649,-4369644,25136.4,,800,,坏棒 总长1000 任意重度敲 800
1396,17:24:53,hit_1396_20260730_172453.csv,512,NORMAL,HIGH,0,0,115,0,500000,4623510,4341385,-4623510,60705.1,,800,,坏棒 总长1000 任意重度敲 800
1397,17:24:54,hit_1397_20260730_172454.csv,512,DEFECT,HIGH,0,23,116,219,500000,5281776,5281776,-4591914,251372.8,,800,-581,坏棒 总长1000 任意重度敲 800
1398,17:24:55,hit_1398_20260730_172455.csv,512,DEFECT,HIGH,0,26,119,240,500000,5186374,4621774,-5186374,-136306.7,,800,-560,坏棒 总长1000 任意重度敲 800
1399,17:24:55,hit_1399_20260730_172455.csv,512,NORMAL,HIGH,0,0,114,0,500000,4696219,4501073,-4696219,315249.3,,800,,坏棒 总长1000 任意重度敲 800
1400,17:24:55,hit_1400_20260730_172455.csv,512,NORMAL,HIGH,0,0,114,0,500000,4713854,4713854,-4592324,228393.6,,800,,坏棒 总长1000 任意重度敲 800
1401,17:24:56,hit_1401_20260730_172456.csv,512,NORMAL,HIGH,0,0,116,0,500000,4562049,4562049,-4379254,439039.1,,800,,坏棒 总长1000 任意重度敲 800
1402,17:24:56,hit_1402_20260730_172456.csv,512,NORMAL,HIGH,0,0,117,0,500000,4435073,4135786,-4435073,185278.6,,800,,坏棒 总长1000 任意重度敲 800
1403,17:24:56,hit_1403_20260730_172456.csv,512,NORMAL,HIGH,0,0,117,0,500000,4429703,4429703,-4413630,254407.5,,800,,坏棒 总长1000 任意重度敲 800
1404,17:24:57,hit_1404_20260730_172457.csv,512,DEFECT,HIGH,0,24,115,230,500000,4852877,4536683,-4852877,80484.0,,800,-570,坏棒 总长1000 任意重度敲 800
1405,17:24:57,hit_1405_20260730_172457.csv,512,DEFECT,HIGH,0,22,114,213,500000,5569338,5569338,-4503814,411513.2,,800,-587,坏棒 总长1000 任意重度敲 800
1406,17:24:57,hit_1406_20260730_172457.csv,512,DEFECT,HIGH,0,35,120,321,500000,5761767,4628600,-5761767,-367912.5,,800,-479,坏棒 总长1000 任意重度敲 800
1407,17:24:58,hit_1407_20260730_172458.csv,512,NORMAL,HIGH,0,0,115,0,500000,4672929,4430488,-4672929,41923.3,,800,,坏棒 总长1000 任意重度敲 800
1408,17:24:58,hit_1408_20260730_172458.csv,512,NORMAL,HIGH,0,0,116,0,500000,4585802,4585802,-4205207,363871.2,,800,,坏棒 总长1000 任意重度敲 800
1409,17:24:58,hit_1409_20260730_172458.csv,512,NORMAL,HIGH,0,0,115,0,500000,4928558,4928558,-4062395,462604.4,,800,,坏棒 总长1000 任意重度敲 800
1410,17:24:59,hit_1410_20260730_172459.csv,512,DEFECT,HIGH,0,25,119,231,500000,5047810,4914516,-5047810,84527.9,,800,-569,坏棒 总长1000 任意重度敲 800
1411,17:24:59,hit_1411_20260730_172459.csv,512,DEFECT,HIGH,0,23,116,219,500000,4787977,4241403,-4787977,-57742.1,,800,-581,坏棒 总长1000 任意重度敲 800
1412,17:24:59,hit_1412_20260730_172459.csv,512,NORMAL,HIGH,0,0,114,0,500000,4820528,4346568,-4820528,152792.4,,800,,坏棒 总长1000 任意重度敲 800
1413,17:25:00,hit_1413_20260730_172500.csv,512,DEFECT,HIGH,0,22,115,211,500000,4929154,4929154,-4579256,232180.8,,800,-589,坏棒 总长1000 任意重度敲 800
1414,17:25:00,hit_1414_20260730_172500.csv,512,DEFECT,HIGH,0,38,123,339,500000,5709781,4895654,-5709781,-469046.7,,800,-461,坏棒 总长1000 任意重度敲 800
1415,17:25:01,hit_1415_20260730_172501.csv,512,DEFECT,HIGH,0,27,117,254,500000,5364427,5069298,-5364427,-79606.9,,800,-546,坏棒 总长1000 任意重度敲 800
1416,17:25:01,hit_1416_20260730_172501.csv,512,DEFECT,HIGH,0,22,113,215,500000,5539245,5539245,-4625886,491896.8,,800,-585,坏棒 总长1000 任意重度敲 800
1417,17:25:01,hit_1417_20260730_172501.csv,512,NORMAL,HIGH,0,0,114,0,500000,4597087,4597087,-4545309,329946.0,,800,,坏棒 总长1000 任意重度敲 800
1418,17:25:02,hit_1418_20260730_172502.csv,512,NORMAL,HIGH,0,0,114,0,500000,4828937,4380502,-4828937,80039.9,,800,,坏棒 总长1000 任意重度敲 800
1419,17:25:02,hit_1419_20260730_172502.csv,512,NORMAL,HIGH,0,0,117,0,500000,4602388,4355247,-4602388,128283.0,,800,,坏棒 总长1000 任意重度敲 800
1420,17:25:02,hit_1420_20260730_172502.csv,512,NORMAL,HIGH,0,0,116,0,500000,5428659,5428659,-4123056,650784.0,,800,,坏棒 总长1000 任意重度敲 800
1421,17:25:03,hit_1421_20260730_172503.csv,512,NORMAL,HIGH,0,0,115,0,500000,4837182,4837182,-3691631,692878.8,,800,,坏棒 总长1000 任意重度敲 800
1422,17:25:03,hit_1422_20260730_172503.csv,512,DEFECT,HIGH,0,88,115,740,500000,4844795,4844795,-4104634,382173.3,,800,-60,坏棒 总长1000 任意重度敲 800
1423,17:25:05,hit_1423_20260730_172505.csv,512,DEFECT,HIGH,0,30,119,277,500000,5676717,5670484,-5676717,131366.3,,800,-523,坏棒 总长1000 任意重度敲 800
1424,17:25:07,hit_1424_20260730_172507.csv,512,DEFECT,HIGH,0,26,118,242,500000,5209820,4767294,-5209820,-201833.3,,800,-558,坏棒 总长1000 任意重度敲 800
1425,17:25:07,hit_1425_20260730_172507.csv,512,DEFECT,HIGH,0,25,114,242,500000,5043278,4322535,-5043278,-180995.8,,800,-558,坏棒 总长1000 任意重度敲 800
1426,17:25:07,hit_1426_20260730_172507.csv,512,DEFECT,HIGH,0,23,115,221,500000,4746573,4363071,-4746573,122568.0,,800,-579,坏棒 总长1000 任意重度敲 800
1427,17:25:08,hit_1427_20260730_172508.csv,512,NORMAL,HIGH,0,0,115,0,500000,4397875,4397875,-4261392,235185.6,,800,,坏棒 总长1000 任意重度敲 800
1428,17:25:08,hit_1428_20260730_172508.csv,512,NORMAL,HIGH,0,0,117,0,500000,4545665,4344446,-4545665,221845.9,,800,,坏棒 总长1000 任意重度敲 800
1429,17:25:08,hit_1429_20260730_172508.csv,512,NORMAL,HIGH,0,0,119,0,500000,4954340,4954340,-4402183,501613.5,,800,,坏棒 总长1000 任意重度敲 800
1430,17:25:09,hit_1430_20260730_172509.csv,512,DEFECT,HIGH,0,25,115,240,500000,5002174,4278056,-5002174,-130349.1,,800,-560,坏棒 总长1000 任意重度敲 800
1431,17:25:09,hit_1431_20260730_172509.csv,512,NORMAL,HIGH,0,0,116,0,500000,4814494,4814494,-4500772,288156.6,,800,,坏棒 总长1000 任意重度敲 800
1432,17:25:10,hit_1432_20260730_172510.csv,512,NORMAL,HIGH,0,0,114,0,500000,4713269,4713269,-4066692,619061.4,,800,,坏棒 总长1000 任意重度敲 800
1433,17:25:10,hit_1433_20260730_172510.csv,512,DEFECT,HIGH,0,23,115,221,500000,4762260,4215007,-4762260,-55444.9,,800,-579,坏棒 总长1000 任意重度敲 800
1434,17:25:10,hit_1434_20260730_172510.csv,512,NORMAL,HIGH,0,0,116,0,500000,4482924,4424786,-4482924,186383.0,,800,,坏棒 总长1000 任意重度敲 800
1435,17:25:11,hit_1435_20260730_172511.csv,512,DEFECT,HIGH,0,25,121,227,500000,4864870,4864870,-4815845,33454.7,,800,-573,坏棒 总长1000 任意重度敲 800
1436,17:25:11,hit_1436_20260730_172511.csv,512,DEFECT,HIGH,0,25,114,242,500000,5058371,4530440,-5058371,-184072.9,,800,-558,坏棒 总长1000 任意重度敲 800
1437,17:25:11,hit_1437_20260730_172511.csv,512,NORMAL,HIGH,0,0,115,0,500000,4997753,4997753,-3586902,811737.3,,800,,坏棒 总长1000 任意重度敲 800
1438,17:25:11,hit_1438_20260730_172511.csv,512,DEFECT,HIGH,0,26,118,242,500000,5195560,4571047,-5195560,-312720.6,,800,-558,坏棒 总长1000 任意重度敲 800
1439,17:25:12,hit_1439_20260730_172512.csv,512,NORMAL,HIGH,0,0,117,0,500000,5217603,5217603,-3814100,887156.3,,800,,坏棒 总长1000 任意重度敲 800
1440,17:25:12,hit_1440_20260730_172512.csv,512,DEFECT,HIGH,0,25,117,235,500000,5054757,5054757,-4912151,168539.1,,800,-565,坏棒 总长1000 任意重度敲 800
1441,17:25:13,hit_1441_20260730_172513.csv,512,DEFECT,HIGH,0,23,114,223,500000,5480911,5480911,-4596174,637044.2,,800,-577,坏棒 总长1000 任意重度敲 800
1442,17:25:13,hit_1442_20260730_172513.csv,512,DEFECT,HIGH,0,25,117,235,500000,5405937,5405937,-4955502,485779.6,,800,-565,坏棒 总长1000 任意重度敲 800
1443,17:25:13,hit_1443_20260730_172513.csv,512,DEFECT,HIGH,0,25,117,235,500000,5184610,4509332,-5184610,-195233.6,,800,-565,坏棒 总长1000 任意重度敲 800
1444,17:25:13,hit_1444_20260730_172513.csv,512,DEFECT,HIGH,0,25,118,233,500000,5109718,4631184,-5109718,-300515.9,,800,-567,坏棒 总长1000 任意重度敲 800
1445,17:25:14,hit_1445_20260730_172514.csv,512,DEFECT,HIGH,0,29,122,261,500000,5377027,4356643,-5377027,-58932.6,,800,-539,坏棒 总长1000 任意重度敲 800
1446,17:25:14,hit_1446_20260730_172514.csv,512,DEFECT,HIGH,0,24,121,218,500000,5166993,5166993,-4872633,154743.6,,800,-582,坏棒 总长1000 任意重度敲 800
1447,17:25:15,hit_1447_20260730_172515.csv,512,NORMAL,HIGH,0,0,117,0,500000,4980330,4980330,-4138054,592100.9,,800,,坏棒 总长1000 任意重度敲 800
1448,17:25:15,hit_1448_20260730_172515.csv,512,DEFECT,HIGH,0,27,117,254,500000,5024308,4183886,-5024308,-361887.5,,800,-546,坏棒 总长1000 任意重度敲 800
1449,17:25:16,hit_1449_20260730_172516.csv,512,NORMAL,HIGH,0,0,117,0,500000,4752965,4686284,-4752965,327565.3,,800,,坏棒 总长1000 任意重度敲 800
1450,17:25:16,hit_1450_20260730_172516.csv,512,DEFECT,HIGH,0,88,113,754,500000,5885496,5885496,-3428131,1015977.5,,800,-46,坏棒 总长1000 任意重度敲 800
1451,17:25:16,hit_1451_20260730_172516.csv,512,DEFECT,HIGH,0,23,117,216,500000,4792712,4380838,-4792712,-223926.4,,800,-584,坏棒 总长1000 任意重度敲 800
1452,17:25:17,hit_1452_20260730_172517.csv,512,NORMAL,HIGH,0,0,116,0,500000,4674969,4574729,-4674969,137999.9,,800,,坏棒 总长1000 任意重度敲 800
1453,17:25:17,hit_1453_20260730_172517.csv,512,NORMAL,HIGH,0,0,118,0,500000,4738541,4738541,-4327583,592862.8,,800,,坏棒 总长1000 任意重度敲 800
1454,17:25:17,hit_1454_20260730_172517.csv,512,NORMAL,HIGH,0,0,116,0,500000,4781941,4781941,-4249213,453345.5,,800,,坏棒 总长1000 任意重度敲 800
1455,17:25:18,hit_1455_20260730_172518.csv,512,DEFECT,HIGH,0,24,116,228,500000,4748755,4635076,-4748755,151013.8,,800,-572,坏棒 总长1000 任意重度敲 800
1456,17:25:18,hit_1456_20260730_172518.csv,512,DEFECT,HIGH,0,27,118,252,500000,5223682,4065525,-5223682,-393658.9,,800,-548,坏棒 总长1000 任意重度敲 800
1457,17:25:18,hit_1457_20260730_172518.csv,512,NORMAL,HIGH,0,0,115,0,500000,4763542,4316681,-4763542,220069.4,,800,,坏棒 总长1000 任意重度敲 800
1458,17:25:19,hit_1458_20260730_172519.csv,512,DEFECT,HIGH,0,24,115,230,500000,4801126,4433600,-4801126,-147384.8,,800,-570,坏棒 总长1000 任意重度敲 800
1459,17:25:19,hit_1459_20260730_172519.csv,512,DEFECT,HIGH,0,32,120,293,500000,5847495,5170837,-5847495,-272296.9,,800,-507,坏棒 总长1000 任意重度敲 800
1460,17:25:19,hit_1460_20260730_172519.csv,512,DEFECT,HIGH,0,34,119,314,500000,6135551,5048153,-6135551,-484153.0,,800,-486,坏棒 总长1000 任意重度敲 800
1461,17:25:20,hit_1461_20260730_172520.csv,512,NORMAL,HIGH,0,0,114,0,500000,4682364,4598985,-4682364,397017.4,,800,,坏棒 总长1000 任意重度敲 800
1462,17:25:20,hit_1462_20260730_172520.csv,512,NORMAL,HIGH,0,0,115,0,500000,4621035,4363728,-4621035,270505.0,,800,,坏棒 总长1000 任意重度敲 800
1463,17:25:20,hit_1463_20260730_172520.csv,512,DEFECT,HIGH,0,31,119,287,500000,5764116,4104592,-5764116,-700683.0,,800,-513,坏棒 总长1000 任意重度敲 800
1464,17:25:21,hit_1464_20260730_172521.csv,512,NORMAL,HIGH,0,0,122,0,500000,5096010,5096010,-4568725,610861.6,,800,,坏棒 总长1000 任意重度敲 800
1465,17:25:21,hit_1465_20260730_172521.csv,512,NORMAL,HIGH,0,0,109,0,500000,6982311,4514326,-6982311,-485924.7,,800,,坏棒 总长1000 任意重度敲 800
1466,17:25:21,hit_1466_20260730_172521.csv,512,DEFECT,HIGH,0,26,119,240,500000,5245069,4133625,-5245069,-420183.1,,800,-560,坏棒 总长1000 任意重度敲 800
1467,17:25:22,hit_1467_20260730_172522.csv,512,DEFECT,HIGH,0,24,114,233,500000,4978895,4509902,-4978895,-7324.2,,800,-567,坏棒 总长1000 任意重度敲 800
1468,17:25:22,hit_1468_20260730_172522.csv,512,NORMAL,HIGH,0,0,113,0,500000,4589037,4461686,-4589037,229874.9,,800,,坏棒 总长1000 任意重度敲 800
1469,17:25:22,hit_1469_20260730_172522.csv,512,NORMAL,HIGH,0,0,112,0,500000,5016028,5016028,-3799601,525011.7,,800,,坏棒 总长1000 任意重度敲 800
1470,17:25:23,hit_1470_20260730_172523.csv,512,DEFECT,HIGH,0,22,114,213,500000,4708335,4500326,-4708335,-120451.9,,800,-587,坏棒 总长1000 任意重度敲 800
1471,17:25:23,hit_1471_20260730_172523.csv,512,DEFECT,HIGH,0,85,110,747,500000,4870908,4488665,-4870908,-279948.6,,800,-53,坏棒 总长1000 任意重度敲 800
1472,17:25:25,hit_1472_20260730_172525.csv,512,NORMAL,HIGH,0,0,116,0,500000,4654881,4185760,-4654881,2523.2,,800,,坏棒 总长1000 任意重度敲 800
1473,17:25:25,hit_1473_20260730_172525.csv,512,DEFECT,HIGH,0,23,115,221,500000,4777653,4541447,-4777653,-80091.9,,800,-579,坏棒 总长1000 任意重度敲 800
1474,17:25:26,hit_1474_20260730_172526.csv,512,DEFECT,HIGH,0,89,116,742,500000,4881269,4881269,-4368906,168248.3,,800,-58,坏棒 总长1000 任意重度敲 800
1475,17:25:26,hit_1475_20260730_172526.csv,512,DEFECT,HIGH,0,22,116,209,500000,4630716,4171724,-4630716,-84370.2,,800,-591,坏棒 总长1000 任意重度敲 800
1476,17:25:26,hit_1476_20260730_172526.csv,512,NORMAL,HIGH,0,0,117,0,500000,4701656,4326186,-4701656,118518.0,,800,,坏棒 总长1000 任意重度敲 800
1477,17:25:27,hit_1477_20260730_172527.csv,512,DEFECT,HIGH,0,23,119,212,500000,4929631,4929631,-4773604,297216.1,,800,-588,坏棒 总长1000 任意重度敲 800
1478,17:25:27,hit_1478_20260730_172527.csv,512,DEFECT,HIGH,0,24,116,228,500000,4896711,4219514,-4896711,-119289.4,,800,-572,坏棒 总长1000 任意重度敲 800
1479,17:25:27,hit_1479_20260730_172527.csv,512,DEFECT,HIGH,0,23,115,221,500000,4717440,4268936,-4717440,-34142.7,,800,-579,坏棒 总长1000 任意重度敲 800
1480,17:25:28,hit_1480_20260730_172528.csv,512,DEFECT,HIGH,0,23,115,221,500000,4751283,4426692,-4751283,-80058.8,,800,-579,坏棒 总长1000 任意重度敲 800
1481,17:25:28,hit_1481_20260730_172528.csv,512,DEFECT,HIGH,0,35,124,309,500000,6028158,4538272,-6028158,-705644.9,,800,-491,坏棒 总长1000 任意重度敲 800
1482,17:25:28,hit_1482_20260730_172528.csv,512,NORMAL,HIGH,0,0,117,0,500000,5052811,5052811,-4286275,529524.7,,800,,坏棒 总长1000 任意重度敲 800
1483,17:25:29,hit_1483_20260730_172529.csv,512,NORMAL,HIGH,0,0,115,0,500000,4719813,4508330,-4719813,252185.2,,800,,坏棒 总长1000 任意重度敲 800
1484,17:25:29,hit_1484_20260730_172529.csv,512,NORMAL,HIGH,0,0,113,0,500000,4758654,4447904,-4758654,195230.2,,800,,坏棒 总长1000 任意重度敲 800
1485,17:25:29,hit_1485_20260730_172529.csv,512,DEFECT,HIGH,0,22,116,209,500000,4551924,4363432,-4551924,-66109.2,,800,-591,坏棒 总长1000 任意重度敲 800
1486,17:25:30,hit_1486_20260730_172530.csv,512,NORMAL,HIGH,0,0,116,0,500000,4435956,4311748,-4435956,201203.7,,800,,坏棒 总长1000 任意重度敲 800
1487,17:25:30,hit_1487_20260730_172530.csv,512,DEFECT,HIGH,0,24,118,224,500000,4690633,4660656,-4690633,107333.2,,800,-576,坏棒 总长1000 任意重度敲 800
1488,17:25:30,hit_1488_20260730_172530.csv,512,DEFECT,HIGH,0,21,119,194,500000,5419253,5419253,-4181595,533395.8,,800,-606,坏棒 总长1000 任意重度敲 800
1489,17:25:31,hit_1489_20260730_172531.csv,512,NORMAL,HIGH,0,0,117,0,500000,4986391,4986391,-3859501,953941.8,,800,,坏棒 总长1000 任意重度敲 800
1490,17:25:31,hit_1490_20260730_172531.csv,512,DEFECT,HIGH,0,26,117,245,500000,4934789,4934789,-4008628,363178.6,,800,-555,坏棒 总长1000 任意重度敲 800
1491,17:25:31,hit_1491_20260730_172531.csv,512,DEFECT,HIGH,0,26,120,238,500000,5054241,4905820,-5054241,155622.8,,800,-562,坏棒 总长1000 任意重度敲 800
1492,17:25:32,hit_1492_20260730_172532.csv,512,DEFECT,HIGH,0,23,116,219,500000,4935713,4935713,-4466150,270248.7,,800,-581,坏棒 总长1000 任意重度敲 800
1493,17:25:32,hit_1493_20260730_172532.csv,512,NORMAL,HIGH,0,0,115,0,500000,4351467,4211248,-4351467,10909.2,,800,,坏棒 总长1000 任意重度敲 800
1494,17:25:32,hit_1494_20260730_172532.csv,512,DEFECT,HIGH,0,33,121,300,500000,6088150,4742234,-6088150,-473559.3,,800,-500,坏棒 总长1000 任意重度敲 800
1495,17:25:33,hit_1495_20260730_172533.csv,512,NORMAL,HIGH,0,0,113,0,500000,4676519,4544996,-4676519,213584.9,,800,,坏棒 总长1000 任意重度敲 800
1496,17:25:33,hit_1496_20260730_172533.csv,512,NORMAL,HIGH,0,0,114,0,500000,4788231,4624635,-4788231,311497.8,,800,,坏棒 总长1000 任意重度敲 800
1497,17:25:34,hit_1497_20260730_172534.csv,512,NORMAL,HIGH,0,0,116,0,500000,4514758,4105184,-4514758,-56498.2,,800,,坏棒 总长1000 任意重度敲 800
1498,17:25:34,hit_1498_20260730_172534.csv,512,NORMAL,HIGH,0,0,116,0,500000,4512086,4278933,-4512086,269968.4,,800,,坏棒 总长1000 任意重度敲 800
1499,17:25:34,hit_1499_20260730_172534.csv,512,NORMAL,HIGH,0,0,116,0,500000,4744796,4744796,-4216264,640951.0,,800,,坏棒 总长1000 任意重度敲 800
1500,17:25:35,hit_1500_20260730_172535.csv,512,DEFECT,HIGH,0,23,116,219,500000,4705108,4312315,-4705108,-13322.9,,800,-581,坏棒 总长1000 任意重度敲 800
1501,17:25:35,hit_1501_20260730_172535.csv,512,NORMAL,HIGH,0,0,116,0,500000,4661589,4661589,-4464878,296997.1,,800,,坏棒 总长1000 任意重度敲 800
1502,17:25:36,hit_1502_20260730_172536.csv,512,DEFECT,HIGH,0,22,119,203,500000,4705294,4705294,-4538864,168997.1,,800,-597,坏棒 总长1000 任意重度敲 800
1503,17:25:36,hit_1503_20260730_172536.csv,512,DEFECT,HIGH,0,23,116,219,500000,4668538,4284931,-4668538,6738.4,,800,-581,坏棒 总长1000 任意重度敲 800
1504,17:25:36,hit_1504_20260730_172536.csv,512,DEFECT,HIGH,0,22,116,209,500000,5267896,5267896,-4424315,274237.7,,800,-591,坏棒 总长1000 任意重度敲 800
1505,17:25:37,hit_1505_20260730_172537.csv,512,NORMAL,HIGH,0,0,117,0,500000,4497780,4250714,-4497780,188666.1,,800,,坏棒 总长1000 任意重度敲 800
1506,17:25:37,hit_1506_20260730_172537.csv,512,DEFECT,HIGH,0,28,105,288,500000,5450946,4586618,-5450946,-56003.2,,800,-512,坏棒 总长1000 任意重度敲 800
1507,17:25:38,hit_1507_20260730_172538.csv,512,DEFECT,HIGH,0,23,117,216,500000,4695865,4475287,-4695865,64443.4,,800,-584,坏棒 总长1000 任意重度敲 800
1508,17:25:38,hit_1508_20260730_172538.csv,512,NORMAL,HIGH,0,0,115,0,500000,4583809,4583809,-4419294,396582.4,,800,,坏棒 总长1000 任意重度敲 800
1509,17:25:38,hit_1509_20260730_172538.csv,512,NORMAL,HIGH,0,0,118,0,500000,4587381,4587381,-4300067,678221.0,,800,,坏棒 总长1000 任意重度敲 800
1510,17:25:39,hit_1510_20260730_172539.csv,512,NORMAL,HIGH,0,0,116,0,500000,5108299,5108299,-3975458,579032.5,,800,,坏棒 总长1000 任意重度敲 800
1511,17:25:39,hit_1511_20260730_172539.csv,512,DEFECT,HIGH,0,26,118,242,500000,4987181,4928698,-4987181,135249.3,,800,-558,坏棒 总长1000 任意重度敲 800
1512,17:25:39,hit_1512_20260730_172539.csv,512,NORMAL,HIGH,0,0,115,0,500000,4584537,4485848,-4584537,315151.1,,800,,坏棒 总长1000 任意重度敲 800
1513,17:25:40,hit_1513_20260730_172540.csv,512,DEFECT,HIGH,0,25,116,238,500000,4907465,4907465,-4862141,36120.7,,800,-562,坏棒 总长1000 任意重度敲 800
1514,17:25:40,hit_1514_20260730_172540.csv,512,DEFECT,HIGH,0,26,119,240,500000,5128497,4563316,-5128497,-279080.5,,800,-560,坏棒 总长1000 任意重度敲 800
1515,17:25:40,hit_1515_20260730_172540.csv,512,NORMAL,HIGH,0,0,117,0,500000,5021136,5021136,-4118744,535678.1,,800,,坏棒 总长1000 任意重度敲 800
1516,17:25:41,hit_1516_20260730_172541.csv,512,NORMAL,HIGH,0,0,117,0,500000,4801020,4801020,-4230022,573176.8,,800,,坏棒 总长1000 任意重度敲 800
1517,17:25:41,hit_1517_20260730_172541.csv,512,DEFECT,HIGH,0,23,118,214,500000,4652124,4652124,-4633347,63856.4,,800,-586,坏棒 总长1000 任意重度敲 800
1518,17:25:42,hit_1518_20260730_172542.csv,512,DEFECT,HIGH,0,27,118,252,500000,5139556,4925648,-5139556,154169.7,,800,-548,坏棒 总长1000 任意重度敲 800
1519,17:25:42,hit_1519_20260730_172542.csv,512,NORMAL,HIGH,0,0,116,0,500000,4673747,4340627,-4673747,160654.7,,800,,坏棒 总长1000 任意重度敲 800
1520,17:25:42,hit_1520_20260730_172542.csv,512,DEFECT,HIGH,0,26,116,247,500000,5182552,4467487,-5182552,-286188.2,,800,-553,坏棒 总长1000 任意重度敲 800
1521,17:25:43,hit_1521_20260730_172543.csv,512,DEFECT,HIGH,0,26,116,247,500000,5144736,4373539,-5144736,-261285.1,,800,-553,坏棒 总长1000 任意重度敲 800
1522,17:25:43,hit_1522_20260730_172543.csv,512,DEFECT,HIGH,0,24,117,226,500000,5034594,5034594,-4798815,178658.6,,800,-574,坏棒 总长1000 任意重度敲 800
1523,17:25:43,hit_1523_20260730_172543.csv,512,DEFECT,HIGH,0,25,116,238,500000,5207282,5207282,-4961986,-26904.9,,800,-562,坏棒 总长1000 任意重度敲 800
1524,17:25:44,hit_1524_20260730_172544.csv,512,NORMAL,HIGH,0,0,117,0,500000,4948553,4948553,-4016150,599968.0,,800,,坏棒 总长1000 任意重度敲 800
1525,17:25:44,hit_1525_20260730_172544.csv,512,NORMAL,HIGH,0,0,121,0,500000,4733023,4584819,-4733023,132484.6,,800,,坏棒 总长1000 任意重度敲 800
1526,17:25:45,hit_1526_20260730_172545.csv,512,NORMAL,HIGH,0,0,118,0,500000,5124278,5124278,-4244032,788287.2,,800,,坏棒 总长1000 任意重度敲 800
1527,17:25:45,hit_1527_20260730_172545.csv,512,DEFECT,HIGH,0,23,120,211,500000,5182172,5182172,-4568182,425495.0,,800,-589,坏棒 总长1000 任意重度敲 800
1528,17:25:45,hit_1528_20260730_172545.csv,512,DEFECT,HIGH,0,21,119,194,500000,5085950,5085950,-4424761,387012.9,,800,-606,坏棒 总长1000 任意重度敲 800
1529,17:25:46,hit_1529_20260730_172546.csv,512,DEFECT,HIGH,0,26,122,234,500000,5090558,4787481,-5090558,-13297.0,,800,-566,坏棒 总长1000 任意重度敲 800
1530,17:25:46,hit_1530_20260730_172546.csv,512,DEFECT,HIGH,0,24,118,224,500000,4819012,4382243,-4819012,119696.1,,800,-576,坏棒 总长1000 任意重度敲 800
1531,17:25:46,hit_1531_20260730_172546.csv,512,DEFECT,HIGH,0,25,114,242,500000,4944922,4219977,-4944922,-329989.8,,800,-558,坏棒 总长1000 任意重度敲 800
1532,17:25:47,hit_1532_20260730_172547.csv,512,DEFECT,HIGH,0,87,114,737,500000,4808588,4716133,-4808588,-10453.2,,800,-63,坏棒 总长1000 任意重度敲 800
1533,17:25:47,hit_1533_20260730_172547.csv,512,NORMAL,HIGH,0,0,114,0,500000,4681900,4681900,-4598445,461941.4,,800,,坏棒 总长1000 任意重度敲 800
1534,17:25:47,hit_1534_20260730_172547.csv,512,DEFECT,HIGH,0,31,123,276,500000,5461849,4508212,-5461849,-172903.8,,800,-524,坏棒 总长1000 任意重度敲 800
1535,17:25:48,hit_1535_20260730_172548.csv,512,DEFECT,HIGH,0,29,121,263,500000,5191119,4953868,-5191119,-68126.2,,800,-537,坏棒 总长1000 任意重度敲 800
1536,17:25:48,hit_1536_20260730_172548.csv,512,DEFECT,HIGH,0,25,119,231,500000,5634184,5634184,-4898327,290988.1,,800,-569,坏棒 总长1000 任意重度敲 800
1537,17:25:48,hit_1537_20260730_172548.csv,512,DEFECT,HIGH,0,22,115,211,500000,5209951,5209951,-4465746,202533.6,,800,-589,坏棒 总长1000 任意重度敲 800
1538,17:25:49,hit_1538_20260730_172549.csv,512,NORMAL,HIGH,0,0,115,0,500000,4882288,4498944,-4882288,158325.4,,800,,坏棒 总长1000 任意重度敲 800
1539,17:25:49,hit_1539_20260730_172549.csv,512,NORMAL,HIGH,0,0,114,0,500000,5004023,4585644,-5004023,-73016.0,,800,,坏棒 总长1000 任意重度敲 800
1540,17:25:49,hit_1540_20260730_172549.csv,512,DEFECT,HIGH,0,87,115,730,500000,4826479,4826479,-4753825,-157500.3,,800,-70,坏棒 总长1000 任意重度敲 800
1541,17:25:50,hit_1541_20260730_172550.csv,512,DEFECT,HIGH,0,23,116,219,500000,4710135,4339171,-4710135,-63281.2,,800,-581,坏棒 总长1000 任意重度敲 800
1542,17:25:50,hit_1542_20260730_172550.csv,512,DEFECT,HIGH,0,24,116,228,500000,4794504,4409183,-4794504,-27290.4,,800,-572,坏棒 总长1000 任意重度敲 800
1543,17:25:50,hit_1543_20260730_172550.csv,512,DEFECT,HIGH,0,22,115,211,500000,4702193,4350453,-4702193,-125091.9,,800,-589,坏棒 总长1000 任意重度敲 800
1544,17:25:51,hit_1544_20260730_172551.csv,512,DEFECT,HIGH,0,24,115,230,500000,4783068,4199856,-4783068,-289745.6,,800,-570,坏棒 总长1000 任意重度敲 800
1545,17:25:51,hit_1545_20260730_172551.csv,512,DEFECT,HIGH,0,22,113,215,500000,4771821,4323245,-4771821,-117542.1,,800,-585,坏棒 总长1000 任意重度敲 800
1546,17:25:51,hit_1546_20260730_172551.csv,512,DEFECT,HIGH,0,24,114,233,500000,4973434,4210385,-4973434,-215878.2,,800,-567,坏棒 总长1000 任意重度敲 800
1547,17:25:52,hit_1547_20260730_172552.csv,512,DEFECT,HIGH,0,27,115,259,500000,5331224,4375819,-5331224,-391382.0,,800,-541,坏棒 总长1000 任意重度敲 800
1548,17:25:52,hit_1548_20260730_172552.csv,512,DEFECT,HIGH,0,33,118,308,500000,6031069,4883806,-6031069,-405841.7,,800,-492,坏棒 总长1000 任意重度敲 800
1549,17:25:53,hit_1549_20260730_172553.csv,512,DEFECT,HIGH,0,25,115,240,500000,5304368,5304368,-5103179,-24228.8,,800,-560,坏棒 总长1000 任意重度敲 800
1550,17:25:53,hit_1550_20260730_172553.csv,512,DEFECT,HIGH,0,24,117,226,500000,5018351,5018351,-4856454,117909.4,,800,-574,坏棒 总长1000 任意重度敲 800
1551,17:25:53,hit_1551_20260730_172553.csv,512,DEFECT,HIGH,0,25,116,238,500000,4849351,4817740,-4849351,78169.6,,800,-562,坏棒 总长1000 任意重度敲 800
1552,17:25:54,hit_1552_20260730_172554.csv,512,DEFECT,HIGH,0,24,117,226,500000,4822161,4377985,-4822161,-17769.9,,800,-574,坏棒 总长1000 任意重度敲 800
1553,17:25:54,hit_1553_20260730_172554.csv,512,DEFECT,HIGH,0,26,119,240,500000,5031579,4024509,-5031579,-263968.5,,800,-560,坏棒 总长1000 任意重度敲 800
1554,17:25:54,hit_1554_20260730_172554.csv,512,DEFECT,HIGH,0,26,120,238,500000,5210931,4414232,-5210931,-174397.4,,800,-562,坏棒 总长1000 任意重度敲 800
1555,17:25:55,hit_1555_20260730_172555.csv,512,NORMAL,HIGH,0,0,116,0,500000,4831633,4831633,-4793093,278004.1,,800,,坏棒 总长1000 任意重度敲 800
1556,17:25:55,hit_1556_20260730_172555.csv,512,DEFECT,HIGH,0,26,119,240,500000,5174336,4643660,-5174336,-94434.4,,800,-560,坏棒 总长1000 任意重度敲 800
1557,17:25:55,hit_1557_20260730_172555.csv,512,DEFECT,HIGH,0,24,119,222,500000,4902974,4861453,-4902974,-135313.3,,800,-578,坏棒 总长1000 任意重度敲 800
1558,17:25:56,hit_1558_20260730_172556.csv,512,DEFECT,HIGH,0,26,119,240,500000,5204902,4946609,-5204902,-182496.3,,800,-560,坏棒 总长1000 任意重度敲 800
1559,17:25:56,hit_1559_20260730_172556.csv,512,DEFECT,HIGH,0,30,118,280,500000,5631883,4891977,-5631883,-266817.2,,800,-520,坏棒 总长1000 任意重度敲 800
1560,17:25:56,hit_1560_20260730_172556.csv,512,NORMAL,HIGH,0,0,114,0,500000,4701847,4538646,-4701847,114828.0,,800,,坏棒 总长1000 任意重度敲 800
1561,17:25:56,hit_1561_20260730_172556.csv,512,NORMAL,HIGH,0,0,116,0,500000,4596172,4300710,-4596172,34265.7,,800,,坏棒 总长1000 任意重度敲 800
1562,17:25:57,hit_1562_20260730_172557.csv,512,DEFECT,HIGH,0,24,117,226,500000,4898001,4170718,-4898001,-248381.8,,800,-574,坏棒 总长1000 任意重度敲 800
1563,17:25:57,hit_1563_20260730_172557.csv,512,DEFECT,HIGH,0,26,119,240,500000,5147487,4598183,-5147487,-253034.1,,800,-560,坏棒 总长1000 任意重度敲 800
1564,17:25:57,hit_1564_20260730_172557.csv,512,DEFECT,HIGH,0,24,118,224,500000,4717619,4555877,-4717619,-118885.5,,800,-576,坏棒 总长1000 任意重度敲 800
1565,17:25:58,hit_1565_20260730_172558.csv,512,NORMAL,HIGH,0,0,116,0,500000,4719285,4181205,-4719285,-19514.4,,800,,坏棒 总长1000 任意重度敲 800
1566,17:25:58,hit_1566_20260730_172558.csv,512,NORMAL,HIGH,0,0,116,0,500000,4632338,4303996,-4632338,104335.4,,800,,坏棒 总长1000 任意重度敲 800
1567,17:25:58,hit_1567_20260730_172558.csv,512,NORMAL,HIGH,0,0,115,0,500000,4531269,4311076,-4531269,220768.0,,800,,坏棒 总长1000 任意重度敲 800
1568,17:25:59,hit_1568_20260730_172559.csv,512,NORMAL,HIGH,0,0,117,0,500000,4403467,4384721,-4403467,367353.1,,800,,坏棒 总长1000 任意重度敲 800
1569,17:25:59,hit_1569_20260730_172559.csv,512,DEFECT,HIGH,0,23,118,214,500000,4691715,4691715,-4555043,218829.1,,800,-586,坏棒 总长1000 任意重度敲 800
1570,17:25:59,hit_1570_20260730_172559.csv,512,DEFECT,HIGH,0,22,115,211,500000,4949586,4949586,-4513298,149273.2,,800,-589,坏棒 总长1000 任意重度敲 800
1571,17:26:00,hit_1571_20260730_172600.csv,512,DEFECT,HIGH,0,31,118,289,500000,5490793,4495385,-5490793,-328654.8,,800,-511,坏棒 总长1000 任意重度敲 800
1572,17:26:00,hit_1572_20260730_172600.csv,512,DEFECT,HIGH,0,29,121,263,500000,5506700,5097960,-5506700,-42769.8,,800,-537,坏棒 总长1000 任意重度敲 800
1573,17:26:00,hit_1573_20260730_172600.csv,512,DEFECT,HIGH,0,24,114,233,500000,4896046,4017859,-4896046,-189167.2,,800,-567,坏棒 总长1000 任意重度敲 800
1574,17:26:01,hit_1574_20260730_172601.csv,512,NORMAL,HIGH,0,0,116,0,500000,4530376,4268542,-4530376,-27073.8,,800,,坏棒 总长1000 任意重度敲 800
1575,17:26:01,hit_1575_20260730_172601.csv,512,DEFECT,HIGH,0,24,115,230,500000,4751987,3781400,-4751987,-507153.0,,800,-570,坏棒 总长1000 任意重度敲 800
1576,17:26:01,hit_1576_20260730_172601.csv,512,NORMAL,HIGH,0,0,115,0,500000,4628943,4542470,-4628943,107176.7,,800,,坏棒 总长1000 任意重度敲 800
1577,17:26:02,hit_1577_20260730_172602.csv,512,DEFECT,HIGH,0,85,114,718,500000,4905723,4093543,-4905723,-281032.8,,800,-82,坏棒 总长1000 任意重度敲 800
1578,17:26:02,hit_1578_20260730_172602.csv,512,DEFECT,HIGH,0,25,115,240,500000,5028948,4466375,-5028948,-84529.7,,800,-560,坏棒 总长1000 任意重度敲 800
1579,17:26:02,hit_1579_20260730_172602.csv,512,DEFECT,HIGH,0,87,114,737,500000,4906657,4433126,-4906657,-69955.1,,800,-63,坏棒 总长1000 任意重度敲 800
1580,17:26:11,hit_1580_20260730_172611.csv,512,DEFECT,HIGH,0,23,116,219,500000,4861144,4050247,-4861144,-152390.2,,800,-581,坏棒 总长1000 任意重度敲 800
1581,17:26:11,hit_1581_20260730_172611.csv,512,DEFECT,HIGH,0,40,117,377,500000,4293055,3689152,-4293055,-412758.6,,800,-423,坏棒 总长1000 任意重度敲 800
1582,17:26:11,hit_1582_20260730_172611.csv,512,DEFECT,HIGH,0,22,115,211,500000,4644296,4185573,-4644296,-74632.9,,800,-589,坏棒 总长1000 任意重度敲 800
1583,17:26:11,hit_1583_20260730_172611.csv,512,NORMAL,HIGH,0,0,119,0,500000,4971304,4971304,-4716298,440300.6,,800,,坏棒 总长1000 任意重度敲 800
1584,17:26:12,hit_1584_20260730_172612.csv,512,NORMAL,HIGH,0,0,117,0,500000,4480463,4480463,-4469466,188590.6,,800,,坏棒 总长1000 任意重度敲 800
1585,17:26:12,hit_1585_20260730_172612.csv,512,DEFECT,HIGH,0,24,117,226,500000,4798193,4365719,-4798193,-326604.5,,800,-574,坏棒 总长1000 任意重度敲 800
1586,17:26:12,hit_1586_20260730_172612.csv,512,DEFECT,HIGH,0,22,117,207,500000,4590849,4481982,-4590849,-85509.6,,800,-593,坏棒 总长1000 任意重度敲 800
1587,17:26:13,hit_1587_20260730_172613.csv,512,DEFECT,HIGH,0,22,116,209,500000,4553472,4438379,-4553472,-61173.2,,800,-591,坏棒 总长1000 任意重度敲 800
1588,17:26:13,hit_1588_20260730_172613.csv,512,DEFECT,HIGH,0,25,117,235,500000,4963875,4498003,-4963875,-342584.9,,800,-565,坏棒 总长1000 任意重度敲 800
1589,17:26:13,hit_1589_20260730_172613.csv,512,NORMAL,HIGH,0,0,115,0,500000,4420479,4420479,-4394722,246272.2,,800,,坏棒 总长1000 任意重度敲 800
1590,17:26:13,hit_1590_20260730_172613.csv,512,DEFECT,HIGH,0,24,116,228,500000,4801449,4435054,-4801449,-111173.9,,800,-572,坏棒 总长1000 任意重度敲 800
1591,17:26:14,hit_1591_20260730_172614.csv,512,DEFECT,HIGH,0,24,117,226,500000,4807722,4669283,-4807722,9274.6,,800,-574,坏棒 总长1000 任意重度敲 800
1592,17:26:14,hit_1592_20260730_172614.csv,512,DEFECT,HIGH,0,25,116,238,500000,5039954,4323716,-5039954,-185595.3,,800,-562,坏棒 总长1000 任意重度敲 800
1593,17:26:14,hit_1593_20260730_172614.csv,512,DEFECT,HIGH,0,25,114,242,500000,5031444,4304327,-5031444,-301758.5,,800,-558,坏棒 总长1000 任意重度敲 800
1594,17:26:15,hit_1594_20260730_172615.csv,512,NORMAL,HIGH,0,0,114,0,500000,4578145,4485724,-4578145,-4081.9,,800,,坏棒 总长1000 任意重度敲 800
1595,17:26:15,hit_1595_20260730_172615.csv,512,DEFECT,HIGH,0,23,110,232,500000,4609547,4300860,-4609547,-304697.3,,800,-568,坏棒 总长1000 任意重度敲 800
1596,17:26:15,hit_1596_20260730_172615.csv,512,NORMAL,HIGH,0,0,111,0,500000,4426695,3995593,-4426695,-92673.9,,800,,坏棒 总长1000 任意重度敲 800
1597,17:26:16,hit_1597_20260730_172616.csv,512,NORMAL,HIGH,0,0,112,0,500000,4341191,4252427,-4341191,3135.0,,800,,坏棒 总长1000 任意重度敲 800
1598,17:26:16,hit_1598_20260730_172616.csv,512,DEFECT,HIGH,0,23,115,221,500000,4741128,4032267,-4741128,-168168.6,,800,-579,坏棒 总长1000 任意重度敲 800
1599,17:26:16,hit_1599_20260730_172616.csv,512,DEFECT,HIGH,0,29,120,266,500000,5263147,4372508,-5263147,-92465.2,,800,-534,坏棒 总长1000 任意重度敲 800
1600,17:26:16,hit_1600_20260730_172616.csv,512,DEFECT,HIGH,0,25,114,242,500000,4931002,4895813,-4931002,174723.0,,800,-558,坏棒 总长1000 任意重度敲 800
1601,17:26:17,hit_1601_20260730_172617.csv,512,NORMAL,HIGH,0,0,114,0,500000,5069426,5069426,-4503925,576190.7,,800,,坏棒 总长1000 任意重度敲 800
1602,17:26:17,hit_1602_20260730_172617.csv,512,DEFECT,HIGH,0,27,116,257,500000,5288304,4705179,-5288304,-82918.3,,800,-543,坏棒 总长1000 任意重度敲 800
1603,17:26:17,hit_1603_20260730_172617.csv,512,NORMAL,HIGH,0,0,114,0,500000,4742549,4742549,-4523824,221260.3,,800,,坏棒 总长1000 任意重度敲 800
1604,17:26:18,hit_1604_20260730_172618.csv,512,DEFECT,HIGH,0,23,115,221,500000,4719834,4526613,-4719834,63923.4,,800,-579,坏棒 总长1000 任意重度敲 800
1605,17:26:18,hit_1605_20260730_172618.csv,512,DEFECT,HIGH,0,23,115,221,500000,4646938,4225827,-4646938,85867.5,,800,-579,坏棒 总长1000 任意重度敲 800
1606,17:26:18,hit_1606_20260730_172618.csv,512,DEFECT,HIGH,0,24,114,233,500000,4794515,4352983,-4794515,24804.5,,800,-567,坏棒 总长1000 任意重度敲 800
1607,17:26:18,hit_1607_20260730_172618.csv,512,DEFECT,HIGH,0,22,117,207,500000,4543341,4149751,-4543341,-44367.1,,800,-593,坏棒 总长1000 任意重度敲 800
1608,17:26:19,hit_1608_20260730_172619.csv,512,DEFECT,HIGH,0,86,113,735,500000,4724105,4260216,-4724105,-13402.1,,800,-65,坏棒 总长1000 任意重度敲 800
1609,17:26:19,hit_1609_20260730_172619.csv,512,NORMAL,HIGH,0,0,116,0,500000,4565834,4132138,-4565834,5575.9,,800,,坏棒 总长1000 任意重度敲 800
1610,17:26:19,hit_1610_20260730_172619.csv,512,DEFECT,HIGH,0,26,122,234,500000,5030358,4783193,-5030358,148018.3,,800,-566,坏棒 总长1000 任意重度敲 800
1611,17:26:20,hit_1611_20260730_172620.csv,512,DEFECT,HIGH,0,23,116,219,500000,4678983,4068402,-4678983,-12520.7,,800,-581,坏棒 总长1000 任意重度敲 800
1612,17:26:20,hit_1612_20260730_172620.csv,512,NORMAL,HIGH,0,0,115,0,500000,4679146,4679146,-4584076,142381.3,,800,,坏棒 总长1000 任意重度敲 800
1613,17:26:20,hit_1613_20260730_172620.csv,512,DEFECT,HIGH,0,22,115,211,500000,4605276,3890544,-4605276,-269747.0,,800,-589,坏棒 总长1000 任意重度敲 800
1614,17:26:21,hit_1614_20260730_172621.csv,512,DEFECT,HIGH,0,23,117,216,500000,4803130,4005314,-4803130,-100990.4,,800,-584,坏棒 总长1000 任意重度敲 800
1615,17:26:21,hit_1615_20260730_172621.csv,512,DEFECT,HIGH,0,23,115,221,500000,4800855,4409398,-4800855,-104785.4,,800,-579,坏棒 总长1000 任意重度敲 800
1616,17:26:21,hit_1616_20260730_172621.csv,512,NORMAL,HIGH,0,0,116,0,500000,4392968,4392968,-4295653,257849.0,,800,,坏棒 总长1000 任意重度敲 800
1617,17:26:21,hit_1617_20260730_172621.csv,512,NORMAL,HIGH,0,0,115,0,500000,4774858,4526740,-4774858,61506.1,,800,,坏棒 总长1000 任意重度敲 800
1618,17:26:22,hit_1618_20260730_172622.csv,512,NORMAL,HIGH,0,0,114,0,500000,4558758,4558758,-4364179,411805.4,,800,,坏棒 总长1000 任意重度敲 800
1619,17:26:22,hit_1619_20260730_172622.csv,512,DEFECT,HIGH,0,24,116,228,500000,4867609,4455378,-4867609,23342.1,,800,-572,坏棒 总长1000 任意重度敲 800
1620,17:26:22,hit_1620_20260730_172622.csv,512,NORMAL,HIGH,0,0,115,0,500000,4767181,4494896,-4767181,73348.4,,800,,坏棒 总长1000 任意重度敲 800
1621,17:26:23,hit_1621_20260730_172623.csv,512,DEFECT,HIGH,0,24,117,226,500000,4813955,4355662,-4813955,-205460.9,,800,-574,坏棒 总长1000 任意重度敲 800
1622,17:26:23,hit_1622_20260730_172623.csv,512,DEFECT,HIGH,0,25,117,235,500000,5190078,5071992,-5190078,51807.2,,800,-565,坏棒 总长1000 任意重度敲 800
1623,17:26:23,hit_1623_20260730_172623.csv,512,DEFECT,HIGH,0,34,119,314,500000,5966246,4943451,-5966246,-343301.8,,800,-486,坏棒 总长1000 任意重度敲 800
1624,17:26:24,hit_1624_20260730_172624.csv,512,DEFECT,HIGH,0,37,108,381,500000,5687672,4544173,-5687672,-587024.6,,800,-419,坏棒 总长1000 任意重度敲 800
1625,17:26:24,hit_1625_20260730_172624.csv,512,NORMAL,HIGH,0,0,114,0,500000,4737357,4349211,-4737357,186071.7,,800,,坏棒 总长1000 任意重度敲 800
1626,17:26:24,hit_1626_20260730_172624.csv,512,DEFECT,HIGH,0,25,115,240,500000,4951698,4356827,-4951698,119962.8,,800,-560,坏棒 总长1000 任意重度敲 800
1627,17:26:24,hit_1627_20260730_172624.csv,512,DEFECT,HIGH,0,24,116,228,500000,4923953,4360377,-4923953,-45368.4,,800,-572,坏棒 总长1000 任意重度敲 800
1628,17:26:25,hit_1628_20260730_172625.csv,512,DEFECT,HIGH,0,24,115,230,500000,4898522,4128692,-4898522,-125449.2,,800,-570,坏棒 总长1000 任意重度敲 800
1629,17:26:25,hit_1629_20260730_172625.csv,512,DEFECT,HIGH,0,25,116,238,500000,4936258,4297396,-4936258,-84009.8,,800,-562,坏棒 总长1000 任意重度敲 800
1630,17:26:25,hit_1630_20260730_172625.csv,512,DEFECT,HIGH,0,24,120,220,500000,4860926,4224528,-4860926,-184986.2,,800,-580,坏棒 总长1000 任意重度敲 800
1631,17:26:27,hit_1631_20260730_172627.csv,512,DEFECT,HIGH,0,28,108,288,500000,5233644,4773687,-5233644,-44215.6,,800,-512,坏棒 总长1000 任意重度敲 800
1632,17:26:27,hit_1632_20260730_172627.csv,512,DEFECT,HIGH,0,23,121,209,500000,4973030,4973030,-4559129,500671.7,,800,-591,坏棒 总长1000 任意重度敲 800
1633,17:26:27,hit_1633_20260730_172627.csv,512,DEFECT,HIGH,0,23,117,216,500000,4729332,4514285,-4729332,-45951.9,,800,-584,坏棒 总长1000 任意重度敲 800
1634,17:26:27,hit_1634_20260730_172627.csv,512,DEFECT,HIGH,0,25,117,235,500000,5007903,4594807,-5007903,-92843.9,,800,-565,坏棒 总长1000 任意重度敲 800
1635,17:26:28,hit_1635_20260730_172628.csv,512,DEFECT,HIGH,0,24,115,230,500000,4960719,4613399,-4960719,38157.5,,800,-570,坏棒 总长1000 任意重度敲 800
1636,17:26:28,hit_1636_20260730_172628.csv,512,DEFECT,HIGH,0,21,114,203,500000,5068139,5068139,-4287112,167254.3,,800,-597,坏棒 总长1000 任意重度敲 800
1637,17:26:28,hit_1637_20260730_172628.csv,512,DEFECT,HIGH,0,23,113,225,500000,4523258,4195327,-4523258,-356505.9,,800,-575,坏棒 总长1000 任意重度敲 800
1638,17:26:29,hit_1638_20260730_172629.csv,512,DEFECT,HIGH,0,24,114,233,500000,4860468,4477829,-4860468,-208312.5,,800,-567,坏棒 总长1000 任意重度敲 800
1639,17:26:29,hit_1639_20260730_172629.csv,512,NORMAL,HIGH,0,0,112,0,500000,4716473,4716473,-4467553,-77472.8,,800,,坏棒 总长1000 任意重度敲 800
1640,17:26:29,hit_1640_20260730_172629.csv,512,NORMAL,HIGH,0,0,118,0,500000,4942424,4942424,-4303446,541258.0,,800,,坏棒 总长1000 任意重度敲 800
1641,17:26:29,hit_1641_20260730_172629.csv,512,DEFECT,HIGH,0,21,119,194,500000,5136606,5136606,-4362544,403096.8,,800,-606,坏棒 总长1000 任意重度敲 800
1642,17:26:30,hit_1642_20260730_172630.csv,512,NORMAL,HIGH,0,0,118,0,500000,5664350,5664350,-3941652,916595.3,,800,,坏棒 总长1000 任意重度敲 800
1643,17:26:31,hit_1643_20260730_172631.csv,512,DEFECT,HIGH,0,22,117,207,500000,4989222,4989222,-4336292,145801.9,,800,-593,坏棒 总长1000 任意重度敲 800
1644,17:26:31,hit_1644_20260730_172631.csv,512,DEFECT,HIGH,0,31,123,276,500000,5655419,4662430,-5655419,-661893.6,,800,-524,坏棒 总长1000 任意重度敲 800
1645,17:26:32,hit_1645_20260730_172632.csv,512,DEFECT,HIGH,0,25,117,235,500000,5175503,5175503,-4868599,421805.5,,800,-565,坏棒 总长1000 任意重度敲 800
1646,17:26:32,hit_1646_20260730_172632.csv,512,NORMAL,HIGH,0,0,116,0,500000,5131459,5131459,-3966796,769097.0,,800,,坏棒 总长1000 任意重度敲 800
1647,17:26:32,hit_1647_20260730_172632.csv,512,NORMAL,HIGH,0,0,115,0,500000,4714943,4714943,-4352618,487469.9,,800,,坏棒 总长1000 任意重度敲 800
1648,17:26:33,hit_1648_20260730_172633.csv,512,DEFECT,HIGH,0,24,117,226,500000,4738329,4738329,-4714963,163349.8,,800,-574,坏棒 总长1000 任意重度敲 800
1649,17:26:33,hit_1649_20260730_172633.csv,512,DEFECT,HIGH,0,24,118,224,500000,4939358,4077972,-4939358,-351613.7,,800,-576,坏棒 总长1000 任意重度敲 800
1650,17:26:33,hit_1650_20260730_172633.csv,512,NORMAL,HIGH,0,0,119,0,500000,5136423,4690403,-5136423,172048.6,,800,,坏棒 总长1000 任意重度敲 800
1651,17:26:34,hit_1651_20260730_172634.csv,512,DEFECT,HIGH,0,24,117,226,500000,4840462,4179003,-4840462,-191222.8,,800,-574,坏棒 总长1000 任意重度敲 800
1652,17:26:34,hit_1652_20260730_172634.csv,512,NORMAL,HIGH,0,0,115,0,500000,4616499,4585051,-4616499,366123.9,,800,,坏棒 总长1000 任意重度敲 800
1653,17:26:34,hit_1653_20260730_172634.csv,512,NORMAL,HIGH,0,0,114,0,500000,4816481,4816481,-4613739,428149.2,,800,,坏棒 总长1000 任意重度敲 800
1654,17:26:34,hit_1654_20260730_172634.csv,512,DEFECT,LOW,0,26,0,247,500000,5090638,5021627,-5090638,251124.9,,800,-553,坏棒 总长1000 任意重度敲 800
1655,17:26:35,hit_1655_20260730_172635.csv,512,DEFECT,HIGH,0,25,119,231,500000,5057389,4540739,-5057389,-236849.6,,800,-569,坏棒 总长1000 任意重度敲 800
1656,17:26:35,hit_1656_20260730_172635.csv,512,NORMAL,HIGH,0,0,116,0,500000,5267813,5267813,-4496460,783720.7,,800,,坏棒 总长1000 任意重度敲 800
1657,17:26:42,hit_1657_20260730_172642.csv,512,NORMAL,HIGH,0,0,116,0,500000,4966038,4966038,-4311838,537585.1,,800,,坏棒 总长1000 任意重度敲 800
1658,17:26:42,hit_1658_20260730_172642.csv,512,NORMAL,HIGH,0,0,118,0,500000,4695318,4695318,-4450958,430057.9,,800,,坏棒 总长1000 任意重度敲 800
1659,17:26:42,hit_1659_20260730_172642.csv,512,NORMAL,HIGH,0,0,116,0,500000,4391933,4112161,-4391933,-189608.8,,800,,坏棒 总长1000 任意重度敲 800
1660,17:26:42,hit_1660_20260730_172642.csv,512,NORMAL,HIGH,0,0,115,0,500000,4528990,4511901,-4528990,111363.8,,800,,坏棒 总长1000 任意重度敲 800
1661,17:26:43,hit_1661_20260730_172643.csv,512,DEFECT,HIGH,0,24,115,230,500000,4319605,4020250,-4319605,-326294.5,,800,-570,坏棒 总长1000 任意重度敲 800
1662,17:26:43,hit_1662_20260730_172643.csv,512,DEFECT,HIGH,0,25,116,238,500000,4976297,4118851,-4976297,-262779.8,,800,-562,坏棒 总长1000 任意重度敲 800
1663,17:26:43,hit_1663_20260730_172643.csv,512,NORMAL,HIGH,0,0,115,0,500000,4399006,4254942,-4399006,-92316.5,,800,,坏棒 总长1000 任意重度敲 800
1664,17:26:44,hit_1664_20260730_172644.csv,512,NORMAL,HIGH,0,0,114,0,500000,4713638,4301412,-4713638,-131416.0,,800,,坏棒 总长1000 任意重度敲 800
1665,17:26:44,hit_1665_20260730_172644.csv,512,DEFECT,HIGH,0,24,113,235,500000,4810738,4462174,-4810738,-326719.8,,800,-565,坏棒 总长1000 任意重度敲 800
1666,17:26:44,hit_1666_20260730_172644.csv,512,DEFECT,HIGH,0,28,116,266,500000,5242765,4077922,-5242765,-422084.1,,800,-534,坏棒 总长1000 任意重度敲 800
1667,17:26:45,hit_1667_20260730_172645.csv,512,NORMAL,HIGH,0,0,109,0,500000,5026890,5026890,-4116025,150758.8,,800,,坏棒 总长1000 任意重度敲 800
1668,17:26:45,hit_1668_20260730_172645.csv,512,NORMAL,HIGH,0,0,114,0,500000,4631550,4478008,-4631550,71971.2,,800,,坏棒 总长1000 任意重度敲 800
1669,17:26:45,hit_1669_20260730_172645.csv,512,NORMAL,HIGH,0,0,115,0,500000,4567922,4206470,-4567922,-34290.1,,800,,坏棒 总长1000 任意重度敲 800
1670,17:26:45,hit_1670_20260730_172645.csv,512,NORMAL,HIGH,0,0,116,0,500000,4550741,4533924,-4550741,34153.1,,800,,坏棒 总长1000 任意重度敲 800
1671,17:26:46,hit_1671_20260730_172646.csv,512,NORMAL,HIGH,0,0,115,0,500000,4574435,4522548,-4574435,273085.0,,800,,坏棒 总长1000 任意重度敲 800
1672,17:26:46,hit_1672_20260730_172646.csv,512,NORMAL,HIGH,0,0,113,0,500000,4766567,4766567,-4433087,232255.7,,800,,坏棒 总长1000 任意重度敲 800
1673,17:26:46,hit_1673_20260730_172646.csv,512,DEFECT,HIGH,0,86,113,735,500000,4850334,4218181,-4850334,-98302.1,,800,-65,坏棒 总长1000 任意重度敲 800
1674,17:26:47,hit_1674_20260730_172647.csv,512,DEFECT,HIGH,0,86,113,735,500000,4609215,4447969,-4609215,14086.5,,800,-65,坏棒 总长1000 任意重度敲 800
1675,17:26:47,hit_1675_20260730_172647.csv,512,NORMAL,HIGH,0,0,115,0,500000,4464203,4464203,-4426927,192867.6,,800,,坏棒 总长1000 任意重度敲 800
1676,17:26:47,hit_1676_20260730_172647.csv,512,NORMAL,HIGH,0,0,112,0,500000,4514935,4514935,-4444097,26228.0,,800,,坏棒 总长1000 任意重度敲 800
1677,17:26:48,hit_1677_20260730_172648.csv,512,NORMAL,HIGH,0,0,109,0,500000,4800849,4800849,-3939568,73192.2,,800,,坏棒 总长1000 任意重度敲 800
1678,17:26:48,hit_1678_20260730_172648.csv,512,NORMAL,HIGH,0,0,108,0,500000,4955847,4955847,-3898949,181597.0,,800,,坏棒 总长1000 任意重度敲 800
1679,17:26:48,hit_1679_20260730_172648.csv,512,NORMAL,HIGH,0,0,109,0,500000,4683436,4683436,-4442466,47115.9,,800,,坏棒 总长1000 任意重度敲 800
1680,17:26:49,hit_1680_20260730_172649.csv,512,NORMAL,HIGH,0,0,111,0,500000,5164506,5164506,-4076021,549049.4,,800,,坏棒 总长1000 任意重度敲 800
1681,17:26:49,hit_1681_20260730_172649.csv,512,DEFECT,HIGH,0,23,115,221,500000,4564134,4451014,-4564134,40704.1,,800,-579,坏棒 总长1000 任意重度敲 800
1682,17:26:50,hit_1682_20260730_172650.csv,512,DEFECT,HIGH,0,22,117,207,500000,4497881,4034028,-4497881,-137328.0,,800,-593,坏棒 总长1000 任意重度敲 800
1683,17:26:50,hit_1683_20260730_172650.csv,512,NORMAL,HIGH,0,0,116,0,500000,4696044,4261506,-4696044,281714.9,,800,,坏棒 总长1000 任意重度敲 800
1684,17:26:51,hit_1684_20260730_172651.csv,512,NORMAL,HIGH,0,0,115,0,500000,4704939,4372273,-4704939,308906.1,,800,,坏棒 总长1000 任意重度敲 800
1685,17:26:51,hit_1685_20260730_172651.csv,512,NORMAL,HIGH,0,0,114,0,500000,4601860,4590286,-4601860,391060.1,,800,,坏棒 总长1000 任意重度敲 800
1686,17:26:51,hit_1686_20260730_172651.csv,512,NORMAL,HIGH,0,0,114,0,500000,4738572,4738572,-4305442,507075.0,,800,,坏棒 总长1000 任意重度敲 800
1687,17:26:52,hit_1687_20260730_172652.csv,512,NORMAL,HIGH,0,0,115,0,500000,4644826,4408978,-4644826,224924.9,,800,,坏棒 总长1000 任意重度敲 800
1688,17:26:52,hit_1688_20260730_172652.csv,512,NORMAL,HIGH,0,0,114,0,500000,4620114,4393471,-4620114,337948.3,,800,,坏棒 总长1000 任意重度敲 800
1689,17:26:52,hit_1689_20260730_172652.csv,512,NORMAL,HIGH,0,0,115,0,500000,4753399,4483066,-4753399,291717.1,,800,,坏棒 总长1000 任意重度敲 800
1690,17:26:53,hit_1690_20260730_172653.csv,512,NORMAL,HIGH,0,0,115,0,500000,4637357,4376038,-4637357,322510.9,,800,,坏棒 总长1000 任意重度敲 800
1691,17:26:53,hit_1691_20260730_172653.csv,512,NORMAL,HIGH,0,0,115,0,500000,4424433,4424433,-4418943,496505.0,,800,,坏棒 总长1000 任意重度敲 800
1692,17:26:54,hit_1692_20260730_172654.csv,512,NORMAL,HIGH,0,0,116,0,500000,5392913,5392913,-3864645,1098609.3,,800,,坏棒 总长1000 任意重度敲 800
1693,17:26:54,hit_1693_20260730_172654.csv,512,NORMAL,HIGH,0,0,116,0,500000,4636612,4636612,-4501171,508953.6,,800,,坏棒 总长1000 任意重度敲 800
1694,17:26:55,hit_1694_20260730_172655.csv,512,NORMAL,HIGH,0,0,116,0,500000,5229602,5229602,-3583704,1090257.6,,800,,坏棒 总长1000 任意重度敲 800
1695,17:26:55,hit_1695_20260730_172655.csv,512,NORMAL,HIGH,0,0,117,0,500000,4611185,4111026,-4611185,-110473.6,,800,,坏棒 总长1000 任意重度敲 800
1696,17:26:55,hit_1696_20260730_172655.csv,512,NORMAL,HIGH,0,0,117,0,500000,4541788,4208790,-4541788,3676.4,,800,,坏棒 总长1000 任意重度敲 800
1697,17:26:56,hit_1697_20260730_172656.csv,512,NORMAL,HIGH,0,0,115,0,500000,4680598,4350772,-4680598,278482.5,,800,,坏棒 总长1000 任意重度敲 800
1698,17:26:57,hit_1698_20260730_172657.csv,512,NORMAL,HIGH,0,0,118,0,500000,5141326,5141326,-4856212,294895.1,,800,,坏棒 总长1000 任意重度敲 800
1699,17:26:59,hit_1699_20260730_172659.csv,512,DEFECT,HIGH,0,21,117,198,500000,5073712,5073712,-4361171,417978.1,,800,-602,坏棒 总长1000 任意重度敲 800
1700,17:26:59,hit_1700_20260730_172659.csv,512,DEFECT,HIGH,0,23,116,219,500000,4673404,4531066,-4673404,128005.3,,800,-581,坏棒 总长1000 任意重度敲 800
1701,17:27:00,hit_1701_20260730_172700.csv,512,DEFECT,HIGH,0,23,116,219,500000,4622885,4343617,-4622885,-128770.6,,800,-581,坏棒 总长1000 任意重度敲 800
1702,17:27:00,hit_1702_20260730_172700.csv,512,NORMAL,HIGH,0,0,115,0,500000,4611911,4611911,-4557616,212711.6,,800,,坏棒 总长1000 任意重度敲 800
1703,17:27:00,hit_1703_20260730_172700.csv,512,NORMAL,HIGH,0,0,116,0,500000,4526913,4526913,-4134164,471779.6,,800,,坏棒 总长1000 任意重度敲 800
1704,17:27:01,hit_1704_20260730_172701.csv,512,NORMAL,HIGH,0,0,115,0,500000,4502580,4502580,-4429268,246937.0,,800,,坏棒 总长1000 任意重度敲 800
1705,17:27:01,hit_1705_20260730_172701.csv,512,DEFECT,HIGH,0,23,116,219,500000,4727470,4463073,-4727470,10564.5,,800,-581,坏棒 总长1000 任意重度敲 800
1706,17:27:02,hit_1706_20260730_172702.csv,512,NORMAL,HIGH,0,0,115,0,500000,4514244,4514244,-4061638,712215.3,,800,,坏棒 总长1000 任意重度敲 800
1707,17:27:02,hit_1707_20260730_172702.csv,512,NORMAL,HIGH,0,0,114,0,500000,4594069,4339354,-4594069,-96564.1,,800,,坏棒 总长1000 任意重度敲 800
1708,17:27:02,hit_1708_20260730_172702.csv,512,NORMAL,HIGH,0,0,115,0,500000,4513573,4513573,-4209708,393201.8,,800,,坏棒 总长1000 任意重度敲 800
1709,17:27:03,hit_1709_20260730_172703.csv,512,NORMAL,HIGH,0,0,116,0,500000,4563561,4563561,-4535577,249662.6,,800,,坏棒 总长1000 任意重度敲 800
1710,17:27:03,hit_1710_20260730_172703.csv,512,NORMAL,HIGH,0,0,111,0,500000,4649915,4618111,-4649915,-69682.6,,800,,坏棒 总长1000 任意重度敲 800
1711,17:27:03,hit_1711_20260730_172703.csv,512,NORMAL,HIGH,0,0,111,0,500000,4640277,4640277,-4418455,92574.4,,800,,坏棒 总长1000 任意重度敲 800
1712,17:27:04,hit_1712_20260730_172704.csv,512,NORMAL,HIGH,0,0,110,0,500000,4690753,4690753,-4473211,62796.3,,800,,坏棒 总长1000 任意重度敲 800
1713,17:27:04,hit_1713_20260730_172704.csv,512,NORMAL,HIGH,0,0,119,0,500000,4583493,4583493,-4469728,214443.3,,800,,坏棒 总长1000 任意重度敲 800
1714,17:27:05,hit_1714_20260730_172705.csv,512,NORMAL,HIGH,0,0,116,0,500000,4644714,4644714,-4218882,502737.1,,800,,坏棒 总长1000 任意重度敲 800
1715,17:27:05,hit_1715_20260730_172705.csv,512,NORMAL,HIGH,0,0,116,0,500000,4450340,4450340,-4205852,417037.8,,800,,坏棒 总长1000 任意重度敲 800
1716,17:27:05,hit_1716_20260730_172705.csv,512,DEFECT,HIGH,0,24,114,233,500000,4883852,4406437,-4883852,-155514.9,,800,-567,坏棒 总长1000 任意重度敲 800
1717,17:27:06,hit_1717_20260730_172706.csv,512,DEFECT,HIGH,0,25,117,235,500000,4962405,4297958,-4962405,-422059.9,,800,-565,坏棒 总长1000 任意重度敲 800
1718,17:27:06,hit_1718_20260730_172706.csv,512,NORMAL,HIGH,0,0,116,0,500000,4548082,4358802,-4548082,217280.3,,800,,坏棒 总长1000 任意重度敲 800
1719,17:27:06,hit_1719_20260730_172706.csv,512,DEFECT,HIGH,0,26,117,245,500000,5176658,4766884,-5176658,-193404.1,,800,-555,坏棒 总长1000 任意重度敲 800
1720,17:27:07,hit_1720_20260730_172707.csv,512,NORMAL,HIGH,0,0,116,0,500000,4487759,4265877,-4487759,61495.7,,800,,坏棒 总长1000 任意重度敲 800
1721,17:27:07,hit_1721_20260730_172707.csv,512,NORMAL,HIGH,0,0,114,0,500000,4675406,4422129,-4675406,74454.0,,800,,坏棒 总长1000 任意重度敲 800
1722,17:27:07,hit_1722_20260730_172707.csv,512,DEFECT,HIGH,0,21,116,200,500000,5325783,5325783,-4252566,299535.3,,800,-600,坏棒 总长1000 任意重度敲 800
1723,17:27:08,hit_1723_20260730_172708.csv,512,NORMAL,HIGH,0,0,116,0,500000,4810470,4810470,-4524563,409903.9,,800,,坏棒 总长1000 任意重度敲 800
1724,17:27:08,hit_1724_20260730_172708.csv,512,NORMAL,HIGH,0,0,114,0,500000,4470096,4470096,-4363372,94080.2,,800,,坏棒 总长1000 任意重度敲 800
1725,17:27:08,hit_1725_20260730_172708.csv,512,NORMAL,HIGH,0,0,114,0,500000,4341544,4341544,-4253386,249000.6,,800,,坏棒 总长1000 任意重度敲 800
1726,17:27:10,hit_1726_20260730_172710.csv,512,DEFECT,HIGH,0,25,120,229,500000,4343800,3308714,-4343800,-275707.9,,800,-571,坏棒 总长1000 任意重度敲 800
1727,17:27:10,hit_1727_20260730_172710.csv,512,NORMAL,HIGH,0,0,116,0,500000,4700846,4370111,-4700846,50646.2,,800,,坏棒 总长1000 任意重度敲 800
1728,17:27:10,hit_1728_20260730_172710.csv,512,NORMAL,HIGH,0,0,117,0,500000,4555723,4555723,-4479143,131787.0,,800,,坏棒 总长1000 任意重度敲 800
1729,17:27:11,hit_1729_20260730_172711.csv,512,DEFECT,HIGH,0,23,117,216,500000,4612375,4289655,-4612375,-171676.8,,800,-584,坏棒 总长1000 任意重度敲 800
1730,17:27:11,hit_1730_20260730_172711.csv,512,NORMAL,HIGH,0,0,116,0,500000,4460880,4460880,-4185950,386426.4,,800,,坏棒 总长1000 任意重度敲 800
1731,17:27:11,hit_1731_20260730_172711.csv,512,DEFECT,HIGH,0,25,115,240,500000,4753305,4172425,-4753305,-332351.6,,800,-560,坏棒 总长1000 任意重度敲 800
1732,17:27:12,hit_1732_20260730_172712.csv,512,NORMAL,HIGH,0,0,114,0,500000,4714176,4714176,-4428882,134313.4,,800,,坏棒 总长1000 任意重度敲 800
1733,17:27:12,hit_1733_20260730_172712.csv,512,NORMAL,HIGH,0,0,116,0,500000,4416984,4116420,-4416984,-37053.9,,800,,坏棒 总长1000 任意重度敲 800
1734,17:27:12,hit_1734_20260730_172712.csv,512,NORMAL,HIGH,0,0,114,0,500000,4520046,4423290,-4520046,-105905.5,,800,,坏棒 总长1000 任意重度敲 800
1735,17:27:13,hit_1735_20260730_172713.csv,512,NORMAL,HIGH,0,0,114,0,500000,4693820,4693820,-4494545,142937.6,,800,,坏棒 总长1000 任意重度敲 800
1736,17:27:13,hit_1736_20260730_172713.csv,512,NORMAL,HIGH,0,0,114,0,500000,4859558,4366043,-4859558,-121380.3,,800,,坏棒 总长1000 任意重度敲 800
1737,17:27:14,hit_1737_20260730_172714.csv,512,NORMAL,HIGH,0,0,114,0,500000,4611459,4380563,-4611459,-105958.2,,800,,坏棒 总长1000 任意重度敲 800
1738,17:27:14,hit_1738_20260730_172714.csv,512,DEFECT,HIGH,0,25,117,235,500000,4949098,4311303,-4949098,-165682.0,,800,-565,坏棒 总长1000 任意重度敲 800
1739,17:27:14,hit_1739_20260730_172714.csv,512,DEFECT,HIGH,0,22,115,211,500000,4668622,4148199,-4668622,-159112.2,,800,-589,坏棒 总长1000 任意重度敲 800
1740,17:27:15,hit_1740_20260730_172715.csv,512,NORMAL,HIGH,0,0,115,0,500000,4312300,4297612,-4312300,69969.8,,800,,坏棒 总长1000 任意重度敲 800
1741,17:27:15,hit_1741_20260730_172715.csv,512,NORMAL,HIGH,0,0,117,0,500000,4904438,4904438,-4260525,591326.8,,800,,坏棒 总长1000 任意重度敲 800
1742,17:27:15,hit_1742_20260730_172715.csv,512,DEFECT,HIGH,0,24,118,224,500000,4819892,4771772,-4819892,2116.4,,800,-576,坏棒 总长1000 任意重度敲 800
1743,17:27:16,hit_1743_20260730_172716.csv,512,DEFECT,HIGH,0,23,117,216,500000,4847016,4847016,-4628372,124387.8,,800,-584,坏棒 总长1000 任意重度敲 800
1744,17:27:16,hit_1744_20260730_172716.csv,512,NORMAL,HIGH,0,0,116,0,500000,4675770,4675770,-4125872,419746.1,,800,,坏棒 总长1000 任意重度敲 800
1745,17:27:16,hit_1745_20260730_172716.csv,512,NORMAL,HIGH,0,0,115,0,500000,4653005,4653005,-4057246,646955.1,,800,,坏棒 总长1000 任意重度敲 800
1746,17:27:16,hit_1746_20260730_172716.csv,512,DEFECT,HIGH,0,24,117,226,500000,4842958,4324432,-4842958,-235998.8,,800,-574,坏棒 总长1000 任意重度敲 800
1747,17:27:17,hit_1747_20260730_172717.csv,512,DEFECT,HIGH,0,22,115,211,500000,4696181,4341240,-4696181,-171278.5,,800,-589,坏棒 总长1000 任意重度敲 800
1748,17:27:17,hit_1748_20260730_172717.csv,512,DEFECT,HIGH,0,24,115,230,500000,4831825,4511099,-4831825,-72410.7,,800,-570,坏棒 总长1000 任意重度敲 800
1749,17:27:17,hit_1749_20260730_172717.csv,512,DEFECT,HIGH,0,21,117,198,500000,5414861,5414861,-4248707,358915.9,,800,-602,坏棒 总长1000 任意重度敲 800
1750,17:27:18,hit_1750_20260730_172718.csv,512,DEFECT,HIGH,0,25,118,233,500000,5062246,5062246,-4932727,192951.6,,800,-567,坏棒 总长1000 任意重度敲 800
1751,17:27:18,hit_1751_20260730_172718.csv,512,NORMAL,HIGH,0,0,115,0,500000,4820141,4277552,-4820141,20687.1,,800,,坏棒 总长1000 任意重度敲 800
1752,17:27:18,hit_1752_20260730_172718.csv,512,NORMAL,HIGH,0,0,114,0,500000,4444505,3732965,-4444505,-202412.7,,800,,坏棒 总长1000 任意重度敲 800
1753,17:27:19,hit_1753_20260730_172719.csv,512,DEFECT,HIGH,0,85,115,711,500000,4792232,3753301,-4792232,-511314.3,,800,-89,坏棒 总长1000 任意重度敲 800
1754,17:27:19,hit_1754_20260730_172719.csv,512,DEFECT,HIGH,0,86,114,728,500000,4593083,4593083,-4460713,-58434.1,,800,-72,坏棒 总长1000 任意重度敲 800
1755,17:27:19,hit_1755_20260730_172719.csv,512,NORMAL,HIGH,0,0,116,0,500000,4331702,4287039,-4331702,201934.4,,800,,坏棒 总长1000 任意重度敲 800
1756,17:27:19,hit_1756_20260730_172719.csv,512,NORMAL,HIGH,0,0,116,0,500000,5083726,5083726,-4064691,528125.7,,800,,坏棒 总长1000 任意重度敲 800
1757,17:27:20,hit_1757_20260730_172720.csv,512,DEFECT,HIGH,0,26,122,234,500000,5231064,4890289,-5231064,-274328.3,,800,-566,坏棒 总长1000 任意重度敲 800
1758,17:27:20,hit_1758_20260730_172720.csv,512,DEFECT,HIGH,0,23,117,216,500000,5086720,5086720,-4612690,226080.2,,800,-584,坏棒 总长1000 任意重度敲 800
1759,17:27:20,hit_1759_20260730_172720.csv,512,NORMAL,HIGH,0,0,116,0,500000,5277877,5277877,-4059009,787433.0,,800,,坏棒 总长1000 任意重度敲 800
1760,17:27:21,hit_1760_20260730_172721.csv,512,DEFECT,HIGH,0,23,120,211,500000,4802865,4802865,-4496943,227833.6,,800,-589,坏棒 总长1000 任意重度敲 800
1761,17:27:21,hit_1761_20260730_172721.csv,512,NORMAL,HIGH,0,0,114,0,500000,4620144,4620144,-4133217,580122.7,,800,,坏棒 总长1000 任意重度敲 800
1762,17:27:21,hit_1762_20260730_172721.csv,512,NORMAL,HIGH,0,0,115,0,500000,4533406,4533406,-4209524,444775.8,,800,,坏棒 总长1000 任意重度敲 800
1763,17:27:22,hit_1763_20260730_172722.csv,512,DEFECT,HIGH,0,23,115,221,500000,4907032,4907032,-4797127,193653.7,,800,-579,坏棒 总长1000 任意重度敲 800
1764,17:27:22,hit_1764_20260730_172722.csv,512,NORMAL,HIGH,0,0,116,0,500000,4506879,4506879,-4374475,181777.2,,800,,坏棒 总长1000 任意重度敲 800
1765,17:27:22,hit_1765_20260730_172722.csv,512,NORMAL,HIGH,0,0,117,0,500000,4926977,4926977,-4256327,588026.8,,800,,坏棒 总长1000 任意重度敲 800
1766,17:27:23,hit_1766_20260730_172723.csv,512,DEFECT,HIGH,0,25,115,240,500000,4588475,4249669,-4588475,-165442.8,,800,-560,坏棒 总长1000 任意重度敲 800
1767,17:27:23,hit_1767_20260730_172723.csv,512,NORMAL,HIGH,0,0,116,0,500000,4549460,4549460,-4248730,431715.8,,800,,坏棒 总长1000 任意重度敲 800
1768,17:27:23,hit_1768_20260730_172723.csv,512,NORMAL,HIGH,0,0,117,0,500000,4958308,4958308,-4526256,442407.8,,800,,坏棒 总长1000 任意重度敲 800
1769,17:27:23,hit_1769_20260730_172723.csv,512,DEFECT,HIGH,0,24,116,228,500000,4757347,4757347,-4742656,-54897.8,,800,-572,坏棒 总长1000 任意重度敲 800
1770,17:27:24,hit_1770_20260730_172724.csv,512,DEFECT,HIGH,0,25,115,240,500000,5047784,4532305,-5047784,-290824.3,,800,-560,坏棒 总长1000 任意重度敲 800
1771,17:27:24,hit_1771_20260730_172724.csv,512,NORMAL,HIGH,0,0,115,0,500000,4321369,4162409,-4321369,82668.9,,800,,坏棒 总长1000 任意重度敲 800
1772,17:27:24,hit_1772_20260730_172724.csv,512,NORMAL,HIGH,0,0,113,0,500000,4629125,4629125,-4503263,42424.9,,800,,坏棒 总长1000 任意重度敲 800
1773,17:27:25,hit_1773_20260730_172725.csv,512,NORMAL,HIGH,0,0,113,0,500000,4392191,4379554,-4392191,-26985.7,,800,,坏棒 总长1000 任意重度敲 800
1774,17:27:25,hit_1774_20260730_172725.csv,512,DEFECT,HIGH,0,30,116,285,500000,5304689,4318468,-5304689,-295461.5,,800,-515,坏棒 总长1000 任意重度敲 800
1775,17:27:25,hit_1775_20260730_172725.csv,512,DEFECT,HIGH,0,24,112,237,500000,4612077,4362887,-4612077,-401800.4,,800,-563,坏棒 总长1000 任意重度敲 800
1776,17:27:25,hit_1776_20260730_172725.csv,512,DEFECT,HIGH,0,60,121,545,500000,2966331,2966331,-2245119,-42955.8,,800,-255,坏棒 总长1000 任意重度敲 800
1777,17:27:26,hit_1777_20260730_172726.csv,512,DEFECT,HIGH,0,64,123,571,500000,4683744,4683744,-4377325,-88272.7,,800,-229,坏棒 总长1000 任意重度敲 800
1778,17:27:26,hit_1778_20260730_172726.csv,512,DEFECT,HIGH,0,21,117,198,500000,4403042,3860722,-4403042,-83954.1,,800,-602,坏棒 总长1000 任意重度敲 800
1779,17:27:26,hit_1779_20260730_172726.csv,512,DEFECT,HIGH,0,24,116,228,500000,4834959,3990243,-4834959,-352720.4,,800,-572,坏棒 总长1000 任意重度敲 800
1780,17:27:27,hit_1780_20260730_172727.csv,512,DEFECT,HIGH,0,23,116,219,500000,4705495,4137476,-4705495,-170752.4,,800,-581,坏棒 总长1000 任意重度敲 800
1781,17:27:27,hit_1781_20260730_172727.csv,512,DEFECT,HIGH,0,23,117,216,500000,4714663,4047095,-4714663,-210957.9,,800,-584,坏棒 总长1000 任意重度敲 800
1782,17:27:27,hit_1782_20260730_172727.csv,512,DEFECT,HIGH,0,22,118,205,500000,4487395,4191650,-4487395,-115660.6,,800,-595,坏棒 总长1000 任意重度敲 800
1783,17:27:27,hit_1783_20260730_172727.csv,512,DEFECT,HIGH,0,22,118,205,500000,4447121,4211486,-4447121,-18527.4,,800,-595,坏棒 总长1000 任意重度敲 800
1784,17:27:28,hit_1784_20260730_172728.csv,512,NORMAL,HIGH,0,0,117,0,500000,5049278,5049278,-4189729,469107.8,,800,,坏棒 总长1000 任意重度敲 800
1785,17:27:28,hit_1785_20260730_172728.csv,512,DEFECT,HIGH,0,23,117,216,500000,4958185,4958185,-4614935,83883.8,,800,-584,坏棒 总长1000 任意重度敲 800
1786,17:27:28,hit_1786_20260730_172728.csv,512,DEFECT,HIGH,0,24,119,222,500000,5121621,5121621,-4687307,171731.3,,800,-578,坏棒 总长1000 任意重度敲 800
1787,17:27:29,hit_1787_20260730_172729.csv,512,DEFECT,HIGH,0,25,118,233,500000,4942587,4752999,-4942587,-157186.9,,800,-567,坏棒 总长1000 任意重度敲 800
1788,17:27:29,hit_1788_20260730_172729.csv,512,NORMAL,HIGH,0,0,115,0,500000,4448565,4448565,-4242391,72274.8,,800,,坏棒 总长1000 任意重度敲 800
1789,17:27:29,hit_1789_20260730_172729.csv,512,DEFECT,HIGH,0,39,108,402,500000,5499591,4870247,-5499591,-392763.7,,800,-398,坏棒 总长1000 任意重度敲 800
1790,17:27:30,hit_1790_20260730_172730.csv,512,DEFECT,HIGH,0,38,108,391,500000,6091902,4496152,-6091902,-480230.8,,800,-409,坏棒 总长1000 任意重度敲 800
1791,17:27:30,hit_1791_20260730_172730.csv,512,NORMAL,HIGH,0,0,117,0,500000,5054926,5054926,-4456588,359411.7,,800,,坏棒 总长1000 任意重度敲 800
1792,17:27:30,hit_1792_20260730_172730.csv,512,NORMAL,HIGH,0,0,114,0,500000,4571441,4211063,-4571441,-80589.4,,800,,坏棒 总长1000 任意重度敲 800
1793,17:27:30,hit_1793_20260730_172730.csv,512,NORMAL,HIGH,0,0,114,0,500000,4499467,4148625,-4499467,-128121.7,,800,,坏棒 总长1000 任意重度敲 800
1794,17:27:31,hit_1794_20260730_172731.csv,512,DEFECT,HIGH,0,23,117,216,500000,4565497,4172601,-4565497,-39809.5,,800,-584,坏棒 总长1000 任意重度敲 800
1795,17:27:31,hit_1795_20260730_172731.csv,512,DEFECT,HIGH,0,25,117,235,500000,4630753,4090528,-4630753,-287250.3,,800,-565,坏棒 总长1000 任意重度敲 800
1796,17:27:31,hit_1796_20260730_172731.csv,512,DEFECT,HIGH,0,21,116,200,500000,4331020,4201261,-4331020,-98222.3,,800,-600,坏棒 总长1000 任意重度敲 800
1797,17:27:32,hit_1797_20260730_172732.csv,512,DEFECT,HIGH,0,24,117,226,500000,4785168,4159920,-4785168,-203322.3,,800,-574,坏棒 总长1000 任意重度敲 800
1798,17:27:32,hit_1798_20260730_172732.csv,512,NORMAL,HIGH,0,0,116,0,500000,4427883,4318965,-4427883,55569.2,,800,,坏棒 总长1000 任意重度敲 800
1799,17:27:32,hit_1799_20260730_172732.csv,512,NORMAL,HIGH,0,0,117,0,500000,4559635,4228840,-4559635,-49944.2,,800,,坏棒 总长1000 任意重度敲 800
1800,17:27:32,hit_1800_20260730_172732.csv,512,NORMAL,HIGH,0,0,115,0,500000,4270913,4270913,-4201623,60777.4,,800,,坏棒 总长1000 任意重度敲 800
1801,17:27:33,hit_1801_20260730_172733.csv,512,DEFECT,HIGH,0,24,117,226,500000,4688783,3958899,-4688783,-210257.8,,800,-574,坏棒 总长1000 任意重度敲 800
1802,17:27:33,hit_1802_20260730_172733.csv,512,NORMAL,HIGH,0,0,117,0,500000,4420789,4382645,-4420789,8794.4,,800,,坏棒 总长1000 任意重度敲 800
1803,17:27:33,hit_1803_20260730_172733.csv,512,NORMAL,HIGH,0,0,116,0,500000,4594711,4408718,-4594711,68226.0,,800,,坏棒 总长1000 任意重度敲 800
1804,17:27:34,hit_1804_20260730_172734.csv,512,NORMAL,HIGH,0,0,112,0,500000,4550195,4550195,-4142904,138273.5,,800,,坏棒 总长1000 任意重度敲 800
1805,17:27:34,hit_1805_20260730_172734.csv,512,NORMAL,HIGH,0,0,112,0,500000,4578907,4578907,-4201553,157473.6,,800,,坏棒 总长1000 任意重度敲 800
1806,17:27:34,hit_1806_20260730_172734.csv,512,NORMAL,HIGH,0,0,114,0,500000,4337898,4225819,-4337898,-57510.5,,800,,坏棒 总长1000 任意重度敲 800
1807,17:27:35,hit_1807_20260730_172735.csv,512,NORMAL,HIGH,0,0,116,0,500000,4601235,4007387,-4601235,-163357.1,,800,,坏棒 总长1000 任意重度敲 800
1808,17:27:35,hit_1808_20260730_172735.csv,512,DEFECT,HIGH,0,28,119,259,500000,5346244,4518525,-5346244,-431418.1,,800,-541,坏棒 总长1000 任意重度敲 800
1809,17:27:35,hit_1809_20260730_172735.csv,512,DEFECT,HIGH,0,28,117,264,500000,5178840,5178840,-3992906,528168.8,,800,-536,坏棒 总长1000 任意重度敲 800
1810,17:27:35,hit_1810_20260730_172735.csv,512,DEFECT,HIGH,0,27,115,259,500000,5371163,5345114,-5371163,14091.4,,800,-541,坏棒 总长1000 任意重度敲 800
1811,17:27:36,hit_1811_20260730_172736.csv,512,NORMAL,HIGH,0,0,117,0,500000,4519421,4472169,-4519421,248843.7,,800,,坏棒 总长1000 任意重度敲 800
1812,17:27:36,hit_1812_20260730_172736.csv,512,DEFECT,HIGH,0,23,116,219,500000,4697996,3662876,-4697996,-305785.0,,800,-581,坏棒 总长1000 任意重度敲 800
1813,17:27:36,hit_1813_20260730_172736.csv,512,DEFECT,HIGH,0,22,119,203,500000,4465425,4020862,-4465425,-162867.3,,800,-597,坏棒 总长1000 任意重度敲 800
1814,17:27:36,hit_1814_20260730_172736.csv,512,DEFECT,HIGH,0,23,117,216,500000,4814792,4814792,-4680222,-47614.6,,800,-584,坏棒 总长1000 任意重度敲 800
1815,17:27:37,hit_1815_20260730_172737.csv,512,DEFECT,HIGH,0,26,120,238,500000,5244605,4717012,-5244605,-292229.8,,800,-562,坏棒 总长1000 任意重度敲 800
1816,17:27:37,hit_1816_20260730_172737.csv,512,NORMAL,HIGH,0,0,119,0,500000,5133932,5133932,-4334517,590361.4,,800,,坏棒 总长1000 任意重度敲 800
1817,17:27:37,hit_1817_20260730_172737.csv,512,NORMAL,HIGH,0,0,117,0,500000,4790073,4790073,-4254434,230465.7,,800,,坏棒 总长1000 任意重度敲 800
1818,17:27:38,hit_1818_20260730_172738.csv,512,DEFECT,HIGH,0,30,118,280,500000,5626685,5626685,-3926629,714741.7,,800,-520,坏棒 总长1000 任意重度敲 800
1819,17:27:38,hit_1819_20260730_172738.csv,512,DEFECT,HIGH,0,22,117,207,500000,4526427,4526427,-4449548,-28060.4,,800,-593,坏棒 总长1000 任意重度敲 800
1820,17:27:38,hit_1820_20260730_172738.csv,512,NORMAL,HIGH,0,0,116,0,500000,4462248,4462248,-4373468,204256.4,,800,,坏棒 总长1000 任意重度敲 800
1821,17:27:39,hit_1821_20260730_172739.csv,512,DEFECT,HIGH,0,23,118,214,500000,4549678,4352314,-4549678,-201867.3,,800,-586,坏棒 总长1000 任意重度敲 800
1822,17:27:39,hit_1822_20260730_172739.csv,512,DEFECT,HIGH,0,22,118,205,500000,4811571,4811571,-4473318,234329.6,,800,-595,坏棒 总长1000 任意重度敲 800
1823,17:27:39,hit_1823_20260730_172739.csv,512,DEFECT,HIGH,0,25,116,238,500000,4363675,3964106,-4363675,-264932.5,,800,-562,坏棒 总长1000 任意重度敲 800
1824,17:27:40,hit_1824_20260730_172740.csv,512,NORMAL,HIGH,0,0,117,0,500000,4751312,4751312,-4475185,247562.3,,800,,坏棒 总长1000 任意重度敲 800
1825,17:27:40,hit_1825_20260730_172740.csv,512,DEFECT,HIGH,0,25,119,231,500000,4978098,4809381,-4978098,-24060.9,,800,-569,坏棒 总长1000 任意重度敲 800
1826,17:27:40,hit_1826_20260730_172740.csv,512,DEFECT,HIGH,0,39,108,402,500000,6260399,4881399,-6260399,-512014.2,,800,-398,坏棒 总长1000 任意重度敲 800
1827,17:27:40,hit_1827_20260730_172740.csv,512,DEFECT,HIGH,0,28,119,259,500000,5398081,4955506,-5398081,-126075.8,,800,-541,坏棒 总长1000 任意重度敲 800
1828,17:27:41,hit_1828_20260730_172741.csv,512,DEFECT,HIGH,0,21,116,200,500000,5361424,5361424,-4435363,378031.4,,800,-600,坏棒 总长1000 任意重度敲 800
1829,17:27:41,hit_1829_20260730_172741.csv,512,DEFECT,HIGH,0,23,117,216,500000,5012226,5012226,-4745127,153594.7,,800,-584,坏棒 总长1000 任意重度敲 800
1830,17:27:42,hit_1830_20260730_172742.csv,512,DEFECT,HIGH,0,22,117,207,500000,4618369,4264742,-4618369,-209100.1,,800,-593,坏棒 总长1000 任意重度敲 800
1831,17:27:42,hit_1831_20260730_172742.csv,512,DEFECT,HIGH,0,25,119,231,500000,5029074,4951845,-5029074,71910.3,,800,-569,坏棒 总长1000 任意重度敲 800
1832,17:27:42,hit_1832_20260730_172742.csv,512,NORMAL,HIGH,0,0,115,0,500000,4616109,4532608,-4616109,60346.0,,800,,坏棒 总长1000 任意重度敲 800
1833,17:27:43,hit_1833_20260730_172743.csv,512,NORMAL,HIGH,0,0,116,0,500000,4304248,4304248,-4259988,199537.0,,800,,坏棒 总长1000 任意重度敲 800
1834,17:27:43,hit_1834_20260730_172743.csv,512,NORMAL,HIGH,0,0,117,0,500000,4652161,4652161,-4193308,156676.2,,800,,坏棒 总长1000 任意重度敲 800
1835,17:27:43,hit_1835_20260730_172743.csv,512,NORMAL,HIGH,0,0,118,0,500000,4869698,4869698,-4480849,364895.2,,800,,坏棒 总长1000 任意重度敲 800
1836,17:27:43,hit_1836_20260730_172743.csv,512,DEFECT,HIGH,0,26,121,236,500000,5022151,4985696,-5022151,38773.7,,800,-564,坏棒 总长1000 任意重度敲 800
1837,17:27:44,hit_1837_20260730_172744.csv,512,DEFECT,HIGH,0,25,120,229,500000,5003777,4648036,-5003777,-127930.4,,800,-571,坏棒 总长1000 任意重度敲 800
1838,17:27:44,hit_1838_20260730_172744.csv,512,DEFECT,HIGH,0,27,104,278,500000,5173702,5042360,-5173702,90851.5,,800,-522,坏棒 总长1000 任意重度敲 800
1839,17:27:45,hit_1839_20260730_172745.csv,512,DEFECT,HIGH,0,21,118,196,500000,4975655,4975655,-4346807,447629.3,,800,-604,坏棒 总长1000 任意重度敲 800
1840,17:27:45,hit_1840_20260730_172745.csv,512,DEFECT,HIGH,0,24,119,222,500000,4843606,4311120,-4843606,-145428.3,,800,-578,坏棒 总长1000 任意重度敲 800
1841,17:27:45,hit_1841_20260730_172745.csv,512,DEFECT,HIGH,0,26,120,238,500000,5114992,4735890,-5114992,190817.4,,800,-562,坏棒 总长1000 任意重度敲 800
1842,17:27:46,hit_1842_20260730_172746.csv,512,NORMAL,HIGH,0,0,117,0,500000,4628323,4628323,-4494180,194670.8,,800,,坏棒 总长1000 任意重度敲 800
1843,17:27:46,hit_1843_20260730_172746.csv,512,NORMAL,HIGH,0,0,116,0,500000,4735180,4735180,-4414634,453486.5,,800,,坏棒 总长1000 任意重度敲 800
1844,17:27:46,hit_1844_20260730_172746.csv,512,NORMAL,HIGH,0,0,115,0,500000,4957356,4957356,-4242234,817987.0,,800,,坏棒 总长1000 任意重度敲 800
1845,17:27:46,hit_1845_20260730_172746.csv,512,DEFECT,HIGH,0,24,118,224,500000,4918197,4711889,-4918197,-111305.0,,800,-576,坏棒 总长1000 任意重度敲 800
1846,17:27:47,hit_1846_20260730_172747.csv,512,DEFECT,HIGH,0,86,116,714,500000,5080238,5080238,-4274127,70251.1,,800,-86,坏棒 总长1000 任意重度敲 800
1847,17:27:47,hit_1847_20260730_172747.csv,512,DEFECT,HIGH,0,23,115,221,500000,5511196,5511196,-4531781,406563.7,,800,-579,坏棒 总长1000 任意重度敲 800
1848,17:27:48,hit_1848_20260730_172748.csv,512,NORMAL,HIGH,0,0,114,0,500000,4640546,4538874,-4640546,213534.0,,800,,坏棒 总长1000 任意重度敲 800
1849,17:27:48,hit_1849_20260730_172748.csv,512,NORMAL,HIGH,0,0,114,0,500000,4717280,4335904,-4717280,206497.0,,800,,坏棒 总长1000 任意重度敲 800
1850,17:27:48,hit_1850_20260730_172748.csv,512,NORMAL,HIGH,0,0,115,0,500000,4621265,4380762,-4621265,106803.4,,800,,坏棒 总长1000 任意重度敲 800
1851,17:27:49,hit_1851_20260730_172749.csv,512,DEFECT,HIGH,0,23,114,223,500000,4754718,4125874,-4754718,-163466.3,,800,-577,坏棒 总长1000 任意重度敲 800
1852,17:27:49,hit_1852_20260730_172749.csv,512,NORMAL,HIGH,0,0,113,0,500000,4654493,4593212,-4654493,39812.2,,800,,坏棒 总长1000 任意重度敲 800
1853,17:27:49,hit_1853_20260730_172749.csv,512,DEFECT,HIGH,0,22,115,211,500000,4605587,4360863,-4605587,-91503.1,,800,-589,坏棒 总长1000 任意重度敲 800
1854,17:27:49,hit_1854_20260730_172749.csv,512,DEFECT,HIGH,0,22,116,209,500000,4643926,4643926,-4616033,113446.4,,800,-591,坏棒 总长1000 任意重度敲 800
1855,17:27:50,hit_1855_20260730_172750.csv,512,DEFECT,HIGH,0,23,115,221,500000,4814084,4814084,-4631945,234143.6,,800,-579,坏棒 总长1000 任意重度敲 800
1856,17:27:50,hit_1856_20260730_172750.csv,512,DEFECT,HIGH,0,22,115,211,500000,4813868,4813868,-4614946,260981.3,,800,-589,坏棒 总长1000 任意重度敲 800
1857,17:27:51,hit_1857_20260730_172751.csv,512,DEFECT,HIGH,0,21,116,200,500000,4524946,4524946,-4402751,182906.1,,800,-600,坏棒 总长1000 任意重度敲 800
1858,17:27:51,hit_1858_20260730_172751.csv,512,DEFECT,HIGH,0,87,115,730,500000,4924011,4194719,-4924011,-229782.0,,800,-70,坏棒 总长1000 任意重度敲 800
1859,17:27:51,hit_1859_20260730_172751.csv,512,NORMAL,HIGH,0,0,114,0,500000,4885877,4267026,-4885877,-45841.5,,800,,坏棒 总长1000 任意重度敲 800
1860,17:27:52,hit_1860_20260730_172752.csv,512,NORMAL,HIGH,0,0,112,0,500000,4733531,4280721,-4733531,122153.4,,800,,坏棒 总长1000 任意重度敲 800
1861,17:27:52,hit_1861_20260730_172752.csv,512,NORMAL,HIGH,0,0,113,0,500000,4724702,4447636,-4724702,218253.1,,800,,坏棒 总长1000 任意重度敲 800
1862,17:27:52,hit_1862_20260730_172752.csv,512,NORMAL,HIGH,0,0,113,0,500000,4681201,4430353,-4681201,361957.8,,800,,坏棒 总长1000 任意重度敲 800
1863,17:27:53,hit_1863_20260730_172753.csv,512,DEFECT,HIGH,0,25,118,233,500000,4968985,4030429,-4968985,-223883.8,,800,-567,坏棒 总长1000 任意重度敲 800
1864,17:27:53,hit_1864_20260730_172753.csv,512,DEFECT,HIGH,0,26,115,250,500000,5243768,4796465,-5243768,-28991.9,,800,-550,坏棒 总长1000 任意重度敲 800
1865,17:27:53,hit_1865_20260730_172753.csv,512,DEFECT,HIGH,0,24,117,226,500000,4726995,4614258,-4726995,221859.5,,800,-574,坏棒 总长1000 任意重度敲 800
1866,17:27:54,hit_1866_20260730_172754.csv,512,NORMAL,HIGH,0,0,115,0,500000,4997888,4584856,-4997888,282059.8,,800,,坏棒 总长1000 任意重度敲 800
1867,17:27:54,hit_1867_20260730_172754.csv,512,DEFECT,HIGH,0,25,117,235,500000,4858098,4272102,-4858098,37486.9,,800,-565,坏棒 总长1000 任意重度敲 800
1868,17:27:54,hit_1868_20260730_172754.csv,512,NORMAL,HIGH,0,0,114,0,500000,4673088,4450898,-4673088,296859.0,,800,,坏棒 总长1000 任意重度敲 800
1869,17:27:54,hit_1869_20260730_172754.csv,512,NORMAL,HIGH,0,0,114,0,500000,4796040,4245389,-4796040,145054.9,,800,,坏棒 总长1000 任意重度敲 800
1870,17:27:55,hit_1870_20260730_172755.csv,512,NORMAL,HIGH,0,0,116,0,500000,5117462,5117462,-4185006,727345.0,,800,,坏棒 总长1000 任意重度敲 800
1871,17:27:55,hit_1871_20260730_172755.csv,512,NORMAL,HIGH,0,0,116,0,500000,5190846,5190846,-4164527,659980.3,,800,,坏棒 总长1000 任意重度敲 800
1872,17:27:56,hit_1872_20260730_172756.csv,512,DEFECT,HIGH,0,21,117,198,500000,4457779,4401902,-4457779,47472.1,,800,-602,坏棒 总长1000 任意重度敲 800
1873,17:27:56,hit_1873_20260730_172756.csv,512,DEFECT,HIGH,0,23,119,212,500000,4957357,4957357,-4568374,413577.2,,800,-588,坏棒 总长1000 任意重度敲 800
1874,17:27:56,hit_1874_20260730_172756.csv,512,NORMAL,HIGH,0,0,116,0,500000,4852939,4463222,-4852939,41164.4,,800,,坏棒 总长1000 任意重度敲 800
1875,17:27:56,hit_1875_20260730_172756.csv,512,NORMAL,HIGH,0,0,116,0,500000,4353810,4281209,-4353810,376138.5,,800,,坏棒 总长1000 任意重度敲 800
1876,17:27:57,hit_1876_20260730_172757.csv,512,NORMAL,HIGH,0,0,115,0,500000,4355562,4355562,-4316790,507460.5,,800,,坏棒 总长1000 任意重度敲 800
1877,17:27:57,hit_1877_20260730_172757.csv,512,NORMAL,HIGH,0,0,115,0,500000,4809332,4360291,-4809332,206346.5,,800,,坏棒 总长1000 任意重度敲 800
1878,17:27:57,hit_1878_20260730_172757.csv,512,NORMAL,HIGH,0,0,117,0,500000,4661013,4378584,-4661013,286347.3,,800,,坏棒 总长1000 任意重度敲 800
1879,17:27:58,hit_1879_20260730_172758.csv,512,NORMAL,HIGH,0,0,116,0,500000,4437416,4219668,-4437416,12588.4,,800,,坏棒 总长1000 任意重度敲 800
1880,17:27:58,hit_1880_20260730_172758.csv,512,NORMAL,HIGH,0,0,115,0,500000,4203785,4090603,-4203785,-39667.6,,800,,坏棒 总长1000 任意重度敲 800
1881,17:27:58,hit_1881_20260730_172758.csv,512,NORMAL,HIGH,0,0,116,0,500000,4296563,4296563,-4103033,77732.5,,800,,坏棒 总长1000 任意重度敲 800
1882,17:27:59,hit_1882_20260730_172759.csv,512,NORMAL,HIGH,0,0,117,0,500000,4343932,4293898,-4343932,228815.3,,800,,坏棒 总长1000 任意重度敲 800
1883,17:27:59,hit_1883_20260730_172759.csv,512,NORMAL,HIGH,0,0,118,0,500000,4511503,4172953,-4511503,93320.8,,800,,坏棒 总长1000 任意重度敲 800
1884,17:27:59,hit_1884_20260730_172759.csv,512,DEFECT,HIGH,0,26,116,247,500000,4636394,4107544,-4636394,-361378.1,,800,-553,坏棒 总长1000 任意重度敲 800
1885,17:27:59,hit_1885_20260730_172759.csv,512,NORMAL,HIGH,0,0,116,0,500000,5024162,5024162,-4041991,1044753.4,,800,,坏棒 总长1000 任意重度敲 800
1886,17:28:00,hit_1886_20260730_172800.csv,512,NORMAL,HIGH,0,0,122,0,500000,5318732,5318732,-4729001,616134.4,,800,,坏棒 总长1000 任意重度敲 800
1887,17:28:00,hit_1887_20260730_172800.csv,512,DEFECT,HIGH,0,25,120,229,500000,4932240,4705220,-4932240,151859.4,,800,-571,坏棒 总长1000 任意重度敲 800
1888,17:28:01,hit_1888_20260730_172801.csv,512,NORMAL,HIGH,0,0,116,0,500000,4716841,4381953,-4716841,178302.8,,800,,坏棒 总长1000 任意重度敲 800
1889,17:28:01,hit_1889_20260730_172801.csv,512,NORMAL,HIGH,0,0,117,0,500000,5079159,5079159,-4657195,303678.8,,800,,坏棒 总长1000 任意重度敲 800
1890,17:28:01,hit_1890_20260730_172801.csv,512,NORMAL,HIGH,0,0,115,0,500000,4676916,4676916,-4079094,706452.7,,800,,坏棒 总长1000 任意重度敲 800
1891,17:28:01,hit_1891_20260730_172801.csv,512,NORMAL,HIGH,0,0,116,0,500000,4532582,3932685,-4532582,-151044.0,,800,,坏棒 总长1000 任意重度敲 800
1892,17:28:02,hit_1892_20260730_172802.csv,512,NORMAL,HIGH,0,0,117,0,500000,4499385,4171164,-4499385,-37621.3,,800,,坏棒 总长1000 任意重度敲 800
1893,17:28:02,hit_1893_20260730_172802.csv,512,NORMAL,HIGH,0,0,119,0,500000,4913227,4913227,-4389538,382988.4,,800,,坏棒 总长1000 任意重度敲 800
1894,17:28:02,hit_1894_20260730_172802.csv,512,NORMAL,HIGH,0,0,118,0,500000,5061889,5061889,-4430997,379482.9,,800,,坏棒 总长1000 任意重度敲 800
1895,17:28:03,hit_1895_20260730_172803.csv,512,NORMAL,HIGH,0,0,117,0,500000,5580915,5580915,-4124351,808351.1,,800,,坏棒 总长1000 任意重度敲 800
1896,17:28:03,hit_1896_20260730_172803.csv,512,NORMAL,HIGH,0,0,117,0,500000,4438112,4438112,-4354706,194671.1,,800,,坏棒 总长1000 任意重度敲 800
1897,17:28:03,hit_1897_20260730_172803.csv,512,NORMAL,HIGH,0,0,117,0,500000,4643940,4617014,-4643940,76421.4,,800,,坏棒 总长1000 任意重度敲 800
1898,17:28:03,hit_1898_20260730_172803.csv,512,DEFECT,HIGH,0,22,118,205,500000,5206368,5206368,-4351903,446297.9,,800,-595,坏棒 总长1000 任意重度敲 800
1899,17:28:04,hit_1899_20260730_172804.csv,512,NORMAL,HIGH,0,0,117,0,500000,5074673,5074673,-3958561,1145743.0,,800,,坏棒 总长1000 任意重度敲 800
1900,17:28:04,hit_1900_20260730_172804.csv,512,DEFECT,HIGH,0,23,116,219,500000,4962085,4962085,-4738212,63917.3,,800,-581,坏棒 总长1000 任意重度敲 800
1901,17:28:05,hit_1901_20260730_172805.csv,512,NORMAL,HIGH,0,0,117,0,500000,4956153,4956153,-4482742,482185.0,,800,,坏棒 总长1000 任意重度敲 800
1902,17:28:05,hit_1902_20260730_172805.csv,512,NORMAL,HIGH,0,0,116,0,500000,5314574,5314574,-4668840,571201.0,,800,,坏棒 总长1000 任意重度敲 800
1903,17:28:05,hit_1903_20260730_172805.csv,512,DEFECT,HIGH,0,24,116,228,500000,5370490,5370490,-4754402,381174.5,,800,-572,坏棒 总长1000 任意重度敲 800
1904,17:28:06,hit_1904_20260730_172806.csv,512,DEFECT,HIGH,0,29,119,268,500000,5571441,4724415,-5571441,-97942.7,,800,-532,坏棒 总长1000 任意重度敲 800
1905,17:28:06,hit_1905_20260730_172806.csv,512,NORMAL,HIGH,0,0,115,0,500000,4631030,4631030,-4545804,399846.9,,800,,坏棒 总长1000 任意重度敲 800
1906,17:28:06,hit_1906_20260730_172806.csv,512,NORMAL,HIGH,0,0,116,0,500000,4386432,4337688,-4386432,387599.5,,800,,坏棒 总长1000 任意重度敲 800
1907,17:28:06,hit_1907_20260730_172806.csv,512,DEFECT,HIGH,0,25,118,233,500000,4835955,4742134,-4835955,138411.8,,800,-567,坏棒 总长1000 任意重度敲 800
1908,17:28:07,hit_1908_20260730_172807.csv,512,NORMAL,HIGH,0,0,116,0,500000,4495039,4495039,-4006195,496009.1,,800,,坏棒 总长1000 任意重度敲 800
1909,17:28:08,hit_1909_20260730_172808.csv,512,DEFECT,HIGH,0,28,116,266,500000,4847418,4007874,-4847418,-492341.3,,800,-534,坏棒 总长1000 任意重度敲 800
1910,17:28:08,hit_1910_20260730_172808.csv,512,DEFECT,HIGH,0,24,114,233,500000,4944052,4365034,-4944052,-119244.5,,800,-567,坏棒 总长1000 任意重度敲 800
1911,17:28:09,hit_1911_20260730_172809.csv,512,DEFECT,HIGH,0,23,118,214,500000,4731579,4630515,-4731579,-38667.5,,800,-586,坏棒 总长1000 任意重度敲 800
1912,17:28:10,hit_1912_20260730_172810.csv,512,DEFECT,HIGH,0,23,116,219,500000,4822221,4160318,-4822221,-253479.9,,800,-581,坏棒 总长1000 任意重度敲 800
1913,17:28:10,hit_1913_20260730_172810.csv,512,DEFECT,HIGH,0,86,116,714,500000,4771310,4320309,-4771310,-134966.2,,800,-86,坏棒 总长1000 任意重度敲 800
1914,17:28:10,hit_1914_20260730_172810.csv,512,DEFECT,HIGH,0,24,114,233,500000,4890234,4218369,-4890234,-197563.3,,800,-567,坏棒 总长1000 任意重度敲 800
1915,17:28:10,hit_1915_20260730_172810.csv,512,DEFECT,HIGH,0,25,116,238,500000,5037841,4169807,-5037841,-215226.5,,800,-562,坏棒 总长1000 任意重度敲 800
1916,17:28:11,hit_1916_20260730_172811.csv,512,DEFECT,HIGH,0,23,116,219,500000,4729592,3824474,-4729592,-217464.2,,800,-581,坏棒 总长1000 任意重度敲 800
1917,17:28:11,hit_1917_20260730_172811.csv,512,DEFECT,HIGH,0,28,119,259,500000,4849477,4577138,-4849477,-173931.9,,800,-541,坏棒 总长1000 任意重度敲 800
1918,17:28:11,hit_1918_20260730_172811.csv,512,DEFECT,HIGH,0,25,119,231,500000,4596428,4172991,-4596428,-152699.7,,800,-569,坏棒 总长1000 任意重度敲 800
1919,17:28:12,hit_1919_20260730_172812.csv,512,DEFECT,HIGH,0,23,116,219,500000,4618931,4618931,-4616971,-29207.5,,800,-581,坏棒 总长1000 任意重度敲 800
1920,17:28:12,hit_1920_20260730_172812.csv,512,DEFECT,HIGH,0,24,118,224,500000,4683089,3870593,-4683089,-258431.2,,800,-576,坏棒 总长1000 任意重度敲 800
1921,17:28:12,hit_1921_20260730_172812.csv,512,DEFECT,HIGH,0,25,119,231,500000,4677852,3464934,-4677852,-219508.1,,800,-569,坏棒 总长1000 任意重度敲 800
1922,17:28:12,hit_1922_20260730_172812.csv,512,DEFECT,HIGH,0,87,116,723,500000,4668395,4391612,-4668395,37330.6,,800,-77,坏棒 总长1000 任意重度敲 800
1923,17:28:13,hit_1923_20260730_172813.csv,512,DEFECT,HIGH,0,22,116,209,500000,4587539,4451611,-4587539,100248.5,,800,-591,坏棒 总长1000 任意重度敲 800
1924,17:28:13,hit_1924_20260730_172813.csv,512,NORMAL,HIGH,0,0,116,0,500000,4738044,4738044,-4504166,274246.8,,800,,坏棒 总长1000 任意重度敲 800
1925,17:28:13,hit_1925_20260730_172813.csv,512,DEFECT,HIGH,0,23,116,219,500000,4737984,4737984,-4633845,141471.0,,800,-581,坏棒 总长1000 任意重度敲 800
1926,17:28:14,hit_1926_20260730_172814.csv,512,DEFECT,HIGH,0,86,116,714,500000,4626837,4373128,-4626837,-15861.5,,800,-86,坏棒 总长1000 任意重度敲 800
1927,17:28:14,hit_1927_20260730_172814.csv,512,DEFECT,HIGH,0,25,116,238,500000,4854403,4195275,-4854403,-379624.1,,800,-562,坏棒 总长1000 任意重度敲 800
1928,17:28:14,hit_1928_20260730_172814.csv,512,DEFECT,HIGH,0,22,114,213,500000,4759892,4072089,-4759892,-164133.7,,800,-587,坏棒 总长1000 任意重度敲 800
1929,17:28:14,hit_1929_20260730_172814.csv,512,DEFECT,HIGH,0,23,114,223,500000,4790372,4049611,-4790372,-169828.8,,800,-577,坏棒 总长1000 任意重度敲 800
1930,17:28:15,hit_1930_20260730_172815.csv,512,DEFECT,HIGH,0,83,112,712,500000,4366846,4366846,-4241615,-15873.7,,800,-88,坏棒 总长1000 任意重度敲 800
1931,17:28:15,hit_1931_20260730_172815.csv,512,DEFECT,HIGH,0,87,115,730,500000,4924908,4241008,-4924908,-169761.2,,800,-70,坏棒 总长1000 任意重度敲 800
1932,17:28:15,hit_1932_20260730_172815.csv,512,DEFECT,HIGH,0,82,112,702,500000,4447832,4447832,-4236315,-2590.4,,800,-98,坏棒 总长1000 任意重度敲 800
1933,17:28:16,hit_1933_20260730_172816.csv,512,DEFECT,HIGH,0,24,116,228,500000,4958086,4759888,-4958086,-31876.5,,800,-572,坏棒 总长1000 任意重度敲 800
1934,17:28:16,hit_1934_20260730_172816.csv,512,DEFECT,HIGH,0,31,119,287,500000,4967914,4631499,-4967914,-297275.2,,800,-513,坏棒 总长1000 任意重度敲 800
1935,17:28:16,hit_1935_20260730_172816.csv,512,DEFECT,HIGH,0,21,117,198,500000,5193787,5193787,-4372746,209289.8,,800,-602,坏棒 总长1000 任意重度敲 800
1936,17:28:16,hit_1936_20260730_172816.csv,512,DEFECT,HIGH,0,88,118,719,500000,5421785,5421785,-4255115,293072.4,,800,-81,坏棒 总长1000 任意重度敲 800
1937,17:28:17,hit_1937_20260730_172817.csv,512,DEFECT,HIGH,0,22,119,203,500000,5528904,5528904,-4403695,321112.6,,800,-597,坏棒 总长1000 任意重度敲 800
1938,17:28:17,hit_1938_20260730_172817.csv,512,DEFECT,HIGH,0,63,108,649,500000,5149539,4249078,-5149539,-273812.8,,800,-151,坏棒 总长1000 任意重度敲 800
1939,17:28:17,hit_1939_20260730_172817.csv,512,DEFECT,HIGH,0,29,116,276,500000,5197759,4610826,-5197759,-197745.0,,800,-524,坏棒 总长1000 任意重度敲 800
1940,17:28:18,hit_1940_20260730_172818.csv,512,DEFECT,HIGH,0,33,120,302,500000,5459000,4471195,-5459000,-317524.1,,800,-498,坏棒 总长1000 任意重度敲 800
1941,17:28:18,hit_1941_20260730_172818.csv,512,DEFECT,HIGH,0,55,108,567,500000,5658335,4378155,-5658335,-444637.0,,800,-233,坏棒 总长1000 任意重度敲 800
1942,17:28:18,hit_1942_20260730_172818.csv,512,DEFECT,HIGH,0,27,116,257,500000,5126477,4295356,-5126477,-72242.5,,800,-543,坏棒 总长1000 任意重度敲 800
1943,17:28:19,hit_1943_20260730_172819.csv,512,DEFECT,HIGH,0,25,115,240,500000,5038129,3729359,-5038129,-475848.7,,800,-560,坏棒 总长1000 任意重度敲 800
1944,17:28:19,hit_1944_20260730_172819.csv,512,DEFECT,HIGH,0,86,113,735,500000,4709622,4135911,-4709622,-171235.9,,800,-65,坏棒 总长1000 任意重度敲 800
1945,17:28:19,hit_1945_20260730_172819.csv,512,DEFECT,HIGH,0,87,115,730,500000,4624986,4085436,-4624986,-125752.6,,800,-70,坏棒 总长1000 任意重度敲 800
1946,17:28:20,hit_1946_20260730_172820.csv,512,NORMAL,HIGH,0,0,113,0,500000,4462925,4415570,-4462925,6656.5,,800,,坏棒 总长1000 任意重度敲 800
1947,17:28:20,hit_1947_20260730_172820.csv,512,DEFECT,HIGH,0,86,114,728,500000,4577537,4048182,-4577537,-176353.8,,800,-72,坏棒 总长1000 任意重度敲 800
1948,17:28:20,hit_1948_20260730_172820.csv,512,DEFECT,HIGH,0,86,114,728,500000,4701171,4047756,-4701171,-181285.2,,800,-72,坏棒 总长1000 任意重度敲 800
1949,17:28:20,hit_1949_20260730_172820.csv,512,DEFECT,HIGH,0,86,115,721,500000,4581574,4159778,-4581574,-124412.3,,800,-79,坏棒 总长1000 任意重度敲 800
1950,17:28:21,hit_1950_20260730_172821.csv,512,DEFECT,HIGH,0,25,116,238,500000,5019469,4027911,-5019469,-389549.0,,800,-562,坏棒 总长1000 任意重度敲 800
1951,17:28:21,hit_1951_20260730_172821.csv,512,DEFECT,HIGH,0,23,115,221,500000,4737500,4012811,-4737500,-323033.2,,800,-579,坏棒 总长1000 任意重度敲 800
1952,17:28:21,hit_1952_20260730_172821.csv,512,DEFECT,HIGH,0,23,116,219,500000,4840206,4116748,-4840206,-233926.3,,800,-581,坏棒 总长1000 任意重度敲 800
1953,17:28:22,hit_1953_20260730_172822.csv,512,DEFECT,HIGH,0,22,116,209,500000,4717971,4293413,-4717971,-40968.6,,800,-591,坏棒 总长1000 任意重度敲 800
1954,17:28:22,hit_1954_20260730_172822.csv,512,DEFECT,HIGH,0,23,116,219,500000,4756829,4453224,-4756829,29949.6,,800,-581,坏棒 总长1000 任意重度敲 800
1955,17:28:22,hit_1955_20260730_172822.csv,512,DEFECT,HIGH,0,86,116,714,500000,4501610,4113800,-4501610,-22769.9,,800,-86,坏棒 总长1000 任意重度敲 800
1956,17:28:22,hit_1956_20260730_172822.csv,512,DEFECT,HIGH,0,22,115,211,500000,4616666,4273406,-4616666,27381.3,,800,-589,坏棒 总长1000 任意重度敲 800
1957,17:28:23,hit_1957_20260730_172823.csv,512,DEFECT,HIGH,0,23,115,221,500000,4796367,4264778,-4796367,-103053.5,,800,-579,坏棒 总长1000 任意重度敲 800
1958,17:28:23,hit_1958_20260730_172823.csv,512,DEFECT,HIGH,0,22,115,211,500000,4563974,3971939,-4563974,-258959.0,,800,-589,坏棒 总长1000 任意重度敲 800
1959,17:28:23,hit_1959_20260730_172823.csv,512,DEFECT,HIGH,0,86,115,721,500000,4632852,4042837,-4632852,-117979.6,,800,-79,坏棒 总长1000 任意重度敲 800
1960,17:28:24,hit_1960_20260730_172824.csv,512,DEFECT,HIGH,0,24,121,218,500000,4868650,4547738,-4868650,-52684.9,,800,-582,坏棒 总长1000 任意重度敲 800
1961,17:28:24,hit_1961_20260730_172824.csv,512,DEFECT,HIGH,0,27,118,252,500000,4890695,4208513,-4890695,-294070.2,,800,-548,坏棒 总长1000 任意重度敲 800
1962,17:28:24,hit_1962_20260730_172824.csv,512,DEFECT,HIGH,0,23,116,219,500000,4639055,4341349,-4639055,-302467.7,,800,-581,坏棒 总长1000 任意重度敲 800
1963,17:28:24,hit_1963_20260730_172824.csv,512,DEFECT,HIGH,0,22,116,209,500000,4528519,4302773,-4528519,-101799.8,,800,-591,坏棒 总长1000 任意重度敲 800
1964,17:28:25,hit_1964_20260730_172825.csv,512,NORMAL,HIGH,0,0,116,0,500000,4682350,4199758,-4682350,-62159.6,,800,,坏棒 总长1000 任意重度敲 800
1965,17:28:25,hit_1965_20260730_172825.csv,512,DEFECT,HIGH,0,24,118,224,500000,4816086,4292961,-4816086,-215094.6,,800,-576,坏棒 总长1000 任意重度敲 800
1966,17:28:25,hit_1966_20260730_172825.csv,512,DEFECT,HIGH,0,87,117,716,500000,4676390,4308558,-4676390,-30889.3,,800,-84,坏棒 总长1000 任意重度敲 800
1967,17:28:26,hit_1967_20260730_172826.csv,512,DEFECT,HIGH,0,24,115,230,500000,4802456,4001939,-4802456,-308878.3,,800,-570,坏棒 总长1000 任意重度敲 800
1968,17:28:26,hit_1968_20260730_172826.csv,512,DEFECT,HIGH,0,23,115,221,500000,4734542,4104157,-4734542,-251270.2,,800,-579,坏棒 总长1000 任意重度敲 800
1969,17:28:26,hit_1969_20260730_172826.csv,512,DEFECT,HIGH,0,22,115,211,500000,4668532,4229388,-4668532,-202249.6,,800,-589,坏棒 总长1000 任意重度敲 800
1970,17:28:26,hit_1970_20260730_172826.csv,512,DEFECT,HIGH,0,23,116,219,500000,4704944,4410725,-4704944,-56077.4,,800,-581,坏棒 总长1000 任意重度敲 800
1971,17:28:27,hit_1971_20260730_172827.csv,512,DEFECT,HIGH,0,23,116,219,500000,4674094,4579871,-4674094,52263.8,,800,-581,坏棒 总长1000 任意重度敲 800
1972,17:28:27,hit_1972_20260730_172827.csv,512,DEFECT,HIGH,0,25,118,233,500000,5078739,4664501,-5078739,-68487.9,,800,-567,坏棒 总长1000 任意重度敲 800
1973,17:28:27,hit_1973_20260730_172827.csv,512,DEFECT,HIGH,0,22,114,213,500000,4660215,4642729,-4660215,92333.0,,800,-587,坏棒 总长1000 任意重度敲 800
1974,17:28:28,hit_1974_20260730_172828.csv,512,DEFECT,HIGH,0,22,115,211,500000,4821827,4821827,-4700977,192259.5,,800,-589,坏棒 总长1000 任意重度敲 800
1975,17:28:28,hit_1975_20260730_172828.csv,512,DEFECT,HIGH,0,64,108,659,500000,4735746,4311270,-4735746,-271904.0,,800,-141,坏棒 总长1000 任意重度敲 800
1976,17:28:28,hit_1976_20260730_172828.csv,512,DEFECT,HIGH,0,24,118,224,500000,5112702,5112702,-4651780,62039.2,,800,-576,坏棒 总长1000 任意重度敲 800
1977,17:28:28,hit_1977_20260730_172828.csv,512,DEFECT,HIGH,0,22,115,211,500000,4810068,4810068,-4469289,45978.6,,800,-589,坏棒 总长1000 任意重度敲 800
1978,17:28:29,hit_1978_20260730_172829.csv,512,DEFECT,HIGH,0,26,115,250,500000,5039336,4060196,-5039336,-483887.2,,800,-550,坏棒 总长1000 任意重度敲 800
1979,17:28:29,hit_1979_20260730_172829.csv,512,DEFECT,HIGH,0,26,112,257,500000,5104051,4158507,-5104051,-304285.9,,800,-543,坏棒 总长1000 任意重度敲 800
1980,17:28:29,hit_1980_20260730_172829.csv,512,DEFECT,HIGH,0,23,111,230,500000,4743907,4159009,-4743907,-245036.7,,800,-570,坏棒 总长1000 任意重度敲 800
1981,17:28:30,hit_1981_20260730_172830.csv,512,DEFECT,HIGH,0,23,114,223,500000,4705286,3955028,-4705286,-249270.3,,800,-577,坏棒 总长1000 任意重度敲 800
1982,17:28:30,hit_1982_20260730_172830.csv,512,DEFECT,HIGH,0,25,115,240,500000,4993609,3607978,-4993609,-529800.3,,800,-560,坏棒 总长1000 任意重度敲 800
1983,17:28:30,hit_1983_20260730_172830.csv,512,DEFECT,HIGH,0,24,114,233,500000,4965010,3912270,-4965010,-318557.7,,800,-567,坏棒 总长1000 任意重度敲 800
1984,17:28:30,hit_1984_20260730_172830.csv,512,DEFECT,HIGH,0,24,115,230,500000,4739639,3826786,-4739639,-359664.8,,800,-570,坏棒 总长1000 任意重度敲 800
1985,17:28:31,hit_1985_20260730_172831.csv,512,DEFECT,HIGH,0,23,117,216,500000,4604296,4068174,-4604296,-103903.0,,800,-584,坏棒 总长1000 任意重度敲 800
1986,17:28:31,hit_1986_20260730_172831.csv,512,DEFECT,HIGH,0,91,116,761,500000,4999779,4203855,-4999779,-224726.4,,800,-39,坏棒 总长1000 任意重度敲 800
1987,17:28:31,hit_1987_20260730_172831.csv,512,DEFECT,HIGH,0,24,116,228,500000,4887994,4266882,-4887994,-158177.9,,800,-572,坏棒 总长1000 任意重度敲 800
1988,17:28:32,hit_1988_20260730_172832.csv,512,DEFECT,HIGH,0,23,115,221,500000,4614436,3978718,-4614436,-245881.8,,800,-579,坏棒 总长1000 任意重度敲 800
1989,17:28:32,hit_1989_20260730_172832.csv,512,DEFECT,HIGH,0,24,115,230,500000,4828089,4041159,-4828089,-316889.3,,800,-570,坏棒 总长1000 任意重度敲 800
1990,17:28:32,hit_1990_20260730_172832.csv,512,DEFECT,HIGH,0,86,114,728,500000,4869386,4262324,-4869386,-106253.2,,800,-72,坏棒 总长1000 任意重度敲 800
1991,17:28:32,hit_1991_20260730_172832.csv,512,DEFECT,HIGH,0,25,115,240,500000,5135674,4125048,-5135674,-290705.7,,800,-560,坏棒 总长1000 任意重度敲 800
1992,17:28:33,hit_1992_20260730_172833.csv,512,DEFECT,HIGH,0,24,114,233,500000,4820675,4491271,-4820675,96292.2,,800,-567,坏棒 总长1000 任意重度敲 800
1993,17:28:33,hit_1993_20260730_172833.csv,512,DEFECT,HIGH,0,24,118,224,500000,4856521,3990222,-4856521,-165592.5,,800,-576,坏棒 总长1000 任意重度敲 800
1994,17:28:33,hit_1994_20260730_172833.csv,512,NORMAL,HIGH,0,0,114,0,500000,4467957,4179472,-4467957,182816.5,,800,,坏棒 总长1000 任意重度敲 800
1995,17:28:34,hit_1995_20260730_172834.csv,512,DEFECT,HIGH,0,26,118,242,500000,5038339,4521169,-5038339,15628.1,,800,-558,坏棒 总长1000 任意重度敲 800
1996,17:28:34,hit_1996_20260730_172834.csv,512,DEFECT,HIGH,0,23,114,223,500000,4784972,4424693,-4784972,79952.7,,800,-577,坏棒 总长1000 任意重度敲 800
1997,17:28:34,hit_1997_20260730_172834.csv,512,DEFECT,HIGH,0,24,117,226,500000,4924664,4369580,-4924664,-46424.7,,800,-574,坏棒 总长1000 任意重度敲 800
1998,17:28:34,hit_1998_20260730_172834.csv,512,DEFECT,HIGH,0,23,114,223,500000,4916484,4345096,-4916484,-32519.6,,800,-577,坏棒 总长1000 任意重度敲 800
1999,17:28:35,hit_1999_20260730_172835.csv,512,DEFECT,HIGH,0,25,119,231,500000,4973313,4387800,-4973313,-146575.4,,800,-569,坏棒 总长1000 任意重度敲 800
2000,17:28:35,hit_2000_20260730_172835.csv,512,DEFECT,HIGH,0,24,118,224,500000,4820475,4475598,-4820475,-97748.0,,800,-576,坏棒 总长1000 任意重度敲 800
