hit,time,file,points,state,conf,impact,defect,bottom,dist_mm,threshold,peak_abs,peak_pos,peak_neg,mean,rod_len_mm,defect_true_mm,err_mm,note
1,13:19:57,hit_001_20260730_131957.csv,512,DEFECT,HIGH,0,21,112,207,500000,3305743,2096873,-3305743,-253164.2,,,,好棒_总长1000mm_任意重度敲_铁头
2,13:19:57,hit_002_20260730_131957.csv,512,DEFECT,HIGH,0,96,112,841,500000,3659723,2303998,-3659723,-135510.6,,,,好棒_总长1000mm_任意重度敲_铁头
3,13:19:58,hit_003_20260730_131958.csv,512,DEFECT,HIGH,0,23,111,230,500000,3530106,2609422,-3530106,231868.8,,,,好棒_总长1000mm_任意重度敲_铁头
4,13:19:58,hit_004_20260730_131958.csv,512,DEFECT,HIGH,0,21,113,185,500000,3491305,2703346,-3491305,75990.7,,,,好棒_总长1000mm_任意重度敲_铁头
5,13:19:58,hit_005_20260730_131958.csv,512,NORMAL,HIGH,0,0,109,0,500000,3055902,3055902,-2994010,498264.1,,,,好棒_总长1000mm_任意重度敲_铁头
6,13:19:59,hit_006_20260730_131959.csv,512,NORMAL,HIGH,0,0,109,0,500000,3763881,3763881,-3036913,683360.4,,,,好棒_总长1000mm_任意重度敲_铁头
7,13:19:59,hit_007_20260730_131959.csv,512,DEFECT,HIGH,0,29,112,287,693900,4192653,3474150,-4192653,-558185.2,,,,好棒_总长1000mm_任意重度敲_铁头
8,13:20:00,hit_008_20260730_132000.csv,512,DEFECT,HIGH,0,22,113,194,500000,3658354,2489615,-3658354,-509001.8,,,,好棒_总长1000mm_任意重度敲_铁头
9,13:20:00,hit_009_20260730_132000.csv,512,DEFECT,HIGH,0,94,110,838,500000,3341932,2410899,-3341932,108118.6,,,,好棒_总长1000mm_任意重度敲_铁头
10,13:20:00,hit_010_20260730_132000.csv,512,DEFECT,HIGH,0,24,111,240,500000,3810695,2256256,-3810695,-287521.4,,,,好棒_总长1000mm_任意重度敲_铁头
11,13:20:01,hit_011_20260730_132001.csv,512,DEFECT,HIGH,0,67,111,670,500000,3164747,2852628,-3164747,268832.4,,,,好棒_总长1000mm_任意重度敲_铁头
12,13:20:01,hit_012_20260730_132001.csv,512,DEFECT,HIGH,0,24,111,240,500000,3371425,3028084,-3371425,211871.8,,,,好棒_总长1000mm_任意重度敲_铁头
13,13:20:02,hit_013_20260730_132002.csv,512,DEFECT,HIGH,0,98,111,870,500000,3625213,2971246,-3625213,24823.9,,,,好棒_总长1000mm_任意重度敲_铁头
14,13:20:02,hit_014_20260730_132002.csv,512,DEFECT,HIGH,0,27,112,267,500000,3746760,2582497,-3746760,-263371.4,,,,好棒_总长1000mm_任意重度敲_铁头
15,13:20:02,hit_015_20260730_132002.csv,512,DEFECT,HIGH,0,24,118,224,500000,3479988,2835872,-3479988,-298521.0,,,,好棒_总长1000mm_任意重度敲_铁头
16,13:20:03,hit_016_20260730_132003.csv,512,DEFECT,HIGH,0,32,108,329,500000,4156260,2819507,-4156260,-331990.2,,,,好棒_总长1000mm_任意重度敲_铁头
17,13:20:03,hit_017_20260730_132003.csv,512,DEFECT,HIGH,0,27,113,264,591702,2875026,2875026,-2640303,-222466.2,,,,好棒_总长1000mm_任意重度敲_铁头
18,13:20:04,hit_018_20260730_132004.csv,512,DEFECT,HIGH,0,39,120,357,500000,3530212,3265357,-3530212,-308236.9,,,,好棒_总长1000mm_任意重度敲_铁头
19,13:20:04,hit_019_20260730_132004.csv,512,DEFECT,HIGH,0,42,123,375,500000,3192401,3192401,-2876466,-220460.5,,,,好棒_总长1000mm_任意重度敲_铁头
20,13:20:04,hit_020_20260730_132004.csv,512,DEFECT,HIGH,0,29,123,258,500000,4357582,2787997,-4357582,-387750.4,,,,好棒_总长1000mm_任意重度敲_铁头
21,13:20:04,hit_021_20260730_132004.csv,512,DEFECT,HIGH,0,25,120,229,500000,4554605,2664693,-4554605,-403281.0,,,,好棒_总长1000mm_任意重度敲_铁头
22,13:20:05,hit_022_20260730_132005.csv,512,DEFECT,HIGH,0,38,108,391,515310,3097592,3089620,-3097592,-253637.6,,,,好棒_总长1000mm_任意重度敲_铁头
23,13:20:05,hit_023_20260730_132005.csv,512,DEFECT,HIGH,0,34,108,350,851622,2474100,2474100,-1956246,-211986.9,,,,好棒_总长1000mm_任意重度敲_铁头
24,13:20:05,hit_024_20260730_132005.csv,512,DEFECT,HIGH,0,39,118,364,500000,3293082,3293082,-2738579,-239192.7,,,,好棒_总长1000mm_任意重度敲_铁头
25,13:20:06,hit_025_20260730_132006.csv,512,DEFECT,HIGH,0,55,116,523,500000,3673836,3673836,-3405271,-250992.5,,,,好棒_总长1000mm_任意重度敲_铁头
26,13:20:06,hit_026_20260730_132006.csv,512,DEFECT,HIGH,0,46,122,414,500000,3047624,3047624,-2510031,-200894.3,,,,好棒_总长1000mm_任意重度敲_铁头
27,13:20:06,hit_027_20260730_132006.csv,512,DEFECT,HIGH,0,51,115,490,500000,3608552,3608552,-3064229,-217685.0,,,,好棒_总长1000mm_任意重度敲_铁头
28,13:20:07,hit_028_20260730_132007.csv,512,DEFECT,HIGH,0,54,108,556,500000,3192148,3192148,-2560777,-176402.9,,,,好棒_总长1000mm_任意重度敲_铁头
29,13:20:07,hit_029_20260730_132007.csv,512,DEFECT,HIGH,0,51,108,525,500000,3016161,3016161,-2403635,-183095.0,,,,好棒_总长1000mm_任意重度敲_铁头
30,13:20:07,hit_030_20260730_132007.csv,512,DEFECT,HIGH,0,49,108,505,500000,2985786,2985786,-2357871,-184006.1,,,,好棒_总长1000mm_任意重度敲_铁头
31,13:20:08,hit_031_20260730_132008.csv,512,DEFECT,HIGH,0,50,117,471,500000,3631317,3631317,-2931171,-212248.3,,,,好棒_总长1000mm_任意重度敲_铁头
32,13:20:08,hit_032_20260730_132008.csv,512,DEFECT,HIGH,0,53,108,546,500000,3880815,3880815,-3792415,-262606.1,,,,好棒_总长1000mm_任意重度敲_铁头
33,13:20:08,hit_033_20260730_132008.csv,512,DEFECT,HIGH,0,48,118,448,500000,4600072,3629071,-4600072,-414558.6,,,,好棒_总长1000mm_任意重度敲_铁头
34,13:20:09,hit_034_20260730_132009.csv,512,DEFECT,HIGH,0,48,121,436,500000,3780305,3780305,-3764535,-302323.3,,,,好棒_总长1000mm_任意重度敲_铁头
35,13:20:09,hit_035_20260730_132009.csv,512,DEFECT,HIGH,0,53,108,546,500000,3784674,3784674,-3658981,-265012.2,,,,好棒_总长1000mm_任意重度敲_铁头
36,13:20:09,hit_036_20260730_132009.csv,512,DEFECT,HIGH,0,29,121,263,500000,5152011,3001287,-5152011,-479981.7,,,,好棒_总长1000mm_任意重度敲_铁头
37,13:20:10,hit_037_20260730_132010.csv,512,DEFECT,HIGH,0,40,118,373,500000,3084086,3084086,-2477153,-216510.3,,,,好棒_总长1000mm_任意重度敲_铁头
38,13:20:10,hit_038_20260730_132010.csv,512,DEFECT,HIGH,0,51,120,467,500000,3850007,3850007,-3597827,-264046.9,,,,好棒_总长1000mm_任意重度敲_铁头
39,13:20:10,hit_039_20260730_132010.csv,512,NORMAL,HIGH,0,0,121,0,500000,3724049,3724049,-3118973,-135689.3,,,,好棒_总长1000mm_任意重度敲_铁头
40,13:20:10,hit_040_20260730_132010.csv,512,DEFECT,HIGH,0,41,118,383,500000,3502199,3473996,-3502199,-305090.3,,,,好棒_总长1000mm_任意重度敲_铁头
41,13:20:11,hit_041_20260730_132011.csv,512,DEFECT,HIGH,0,48,122,432,500000,2465474,2465474,-2040297,-172575.3,,,,好棒_总长1000mm_任意重度敲_铁头
42,13:20:11,hit_042_20260730_132011.csv,512,DEFECT,HIGH,0,22,118,205,500000,4489912,2630594,-4489912,-365609.0,,,,好棒_总长1000mm_任意重度敲_铁头
43,13:20:11,hit_043_20260730_132011.csv,512,DEFECT,HIGH,0,23,118,214,500000,4411407,2715945,-4411407,-354561.9,,,,好棒_总长1000mm_任意重度敲_铁头
44,13:20:12,hit_044_20260730_132012.csv,512,DEFECT,HIGH,0,22,119,203,500000,4206522,2568716,-4206522,-326001.3,,,,好棒_总长1000mm_任意重度敲_铁头
45,13:20:12,hit_045_20260730_132012.csv,512,DEFECT,HIGH,0,22,118,205,500000,3815245,2544386,-3815245,-312241.3,,,,好棒_总长1000mm_任意重度敲_铁头
46,13:20:12,hit_046_20260730_132012.csv,512,DEFECT,HIGH,0,23,117,216,500000,4292318,2892592,-4292318,-371063.8,,,,好棒_总长1000mm_任意重度敲_铁头
47,13:20:13,hit_047_20260730_132013.csv,512,DEFECT,HIGH,0,21,118,196,500000,4176369,2469916,-4176369,-317356.2,,,,好棒_总长1000mm_任意重度敲_铁头
48,13:20:13,hit_048_20260730_132013.csv,512,DEFECT,HIGH,0,23,119,212,500000,4508004,2699588,-4508004,-375705.9,,,,好棒_总长1000mm_任意重度敲_铁头
49,13:20:13,hit_049_20260730_132013.csv,512,DEFECT,HIGH,0,89,117,735,500000,4174530,2683140,-4174530,-283304.4,,,,好棒_总长1000mm_任意重度敲_铁头
50,13:20:13,hit_050_20260730_132013.csv,512,DEFECT,HIGH,0,21,117,198,500000,4201308,2644903,-4201308,-314736.9,,,,好棒_总长1000mm_任意重度敲_铁头
51,13:20:14,hit_051_20260730_132014.csv,512,DEFECT,HIGH,0,24,119,222,500000,4251705,2597025,-4251705,-387856.9,,,,好棒_总长1000mm_任意重度敲_铁头
52,13:20:14,hit_052_20260730_132014.csv,512,DEFECT,HIGH,0,23,120,211,500000,4444389,2546311,-4444389,-396428.4,,,,好棒_总长1000mm_任意重度敲_铁头
53,13:20:14,hit_053_20260730_132014.csv,512,DEFECT,HIGH,0,21,118,196,500000,4187369,2469337,-4187369,-335807.0,,,,好棒_总长1000mm_任意重度敲_铁头
54,13:20:15,hit_054_20260730_132015.csv,512,DEFECT,HIGH,0,37,117,349,500000,4057308,3032294,-4057308,-369333.6,,,,好棒_总长1000mm_任意重度敲_铁头
55,13:20:15,hit_055_20260730_132015.csv,512,DEFECT,HIGH,0,36,117,339,500000,2981172,2981172,-2743586,-209484.2,,,,好棒_总长1000mm_任意重度敲_铁头
56,13:20:15,hit_056_20260730_132015.csv,512,DEFECT,HIGH,0,21,117,198,500000,4121465,2405631,-4121465,-348523.3,,,,好棒_总长1000mm_任意重度敲_铁头
57,13:20:15,hit_057_20260730_132015.csv,512,DEFECT,HIGH,0,24,118,224,500000,4186522,2782983,-4186522,-379060.5,,,,好棒_总长1000mm_任意重度敲_铁头
58,13:20:16,hit_058_20260730_132016.csv,512,DEFECT,HIGH,0,21,116,200,500000,4230686,2595255,-4230686,-362058.7,,,,好棒_总长1000mm_任意重度敲_铁头
59,13:20:16,hit_059_20260730_132016.csv,512,DEFECT,HIGH,0,87,116,723,500000,4177455,2562996,-4177455,-358435.2,,,,好棒_总长1000mm_任意重度敲_铁头
60,13:20:16,hit_060_20260730_132016.csv,512,DEFECT,HIGH,0,42,118,392,500000,3495568,3495568,-3478981,-289533.8,,,,好棒_总长1000mm_任意重度敲_铁头
61,13:20:16,hit_061_20260730_132016.csv,512,DEFECT,HIGH,0,61,109,622,500000,3498950,3498950,-2853750,-160223.0,,,,好棒_总长1000mm_任意重度敲_铁头
62,13:20:17,hit_062_20260730_132017.csv,512,DEFECT,HIGH,0,46,118,429,500000,2877637,2877637,-2252989,-193885.0,,,,好棒_总长1000mm_任意重度敲_铁头
63,13:20:17,hit_063_20260730_132017.csv,512,DEFECT,HIGH,0,53,120,486,500000,3781956,3781956,-3028680,-216578.1,,,,好棒_总长1000mm_任意重度敲_铁头
64,13:20:17,hit_064_20260730_132017.csv,512,DEFECT,HIGH,0,22,117,207,500000,4323818,2742697,-4323818,-358359.1,,,,好棒_总长1000mm_任意重度敲_铁头
65,13:20:18,hit_065_20260730_132018.csv,512,DEFECT,HIGH,0,24,119,222,500000,4504696,2655604,-4504696,-426634.0,,,,好棒_总长1000mm_任意重度敲_铁头
66,13:20:18,hit_066_20260730_132018.csv,512,DEFECT,HIGH,0,38,118,355,500000,4314492,2737982,-4314492,-412816.3,,,,好棒_总长1000mm_任意重度敲_铁头
67,13:20:18,hit_067_20260730_132018.csv,512,DEFECT,HIGH,0,52,121,472,500000,3902700,3902700,-3058934,-227787.2,,,,好棒_总长1000mm_任意重度敲_铁头
68,13:20:18,hit_068_20260730_132018.csv,512,DEFECT,HIGH,0,49,108,505,500000,3088969,3088969,-2395969,-182511.6,,,,好棒_总长1000mm_任意重度敲_铁头
69,13:20:19,hit_069_20260730_132019.csv,512,DEFECT,HIGH,0,54,123,482,500000,3488665,3488665,-2888169,-199612.6,,,,好棒_总长1000mm_任意重度敲_铁头
70,13:20:19,hit_070_20260730_132019.csv,512,DEFECT,HIGH,0,50,108,515,500000,4265334,3326501,-4265334,-367819.5,,,,好棒_总长1000mm_任意重度敲_铁头
71,13:20:19,hit_071_20260730_132019.csv,512,DEFECT,HIGH,0,23,117,216,500000,4674590,2765977,-4674590,-464802.8,,,,好棒_总长1000mm_任意重度敲_铁头
72,13:20:19,hit_072_20260730_132019.csv,512,DEFECT,HIGH,0,21,116,200,500000,4359604,2896290,-4359604,-330797.3,,,,好棒_总长1000mm_任意重度敲_铁头
73,13:20:20,hit_073_20260730_132020.csv,512,DEFECT,HIGH,0,22,116,209,500000,4592544,2954739,-4592544,-424133.8,,,,好棒_总长1000mm_任意重度敲_铁头
74,13:20:20,hit_074_20260730_132020.csv,512,DEFECT,HIGH,0,22,117,207,500000,4396368,2843893,-4396368,-366268.7,,,,好棒_总长1000mm_任意重度敲_铁头
75,13:20:20,hit_075_20260730_132020.csv,512,DEFECT,HIGH,0,21,116,200,500000,4429894,2874477,-4429894,-364261.3,,,,好棒_总长1000mm_任意重度敲_铁头
76,13:20:20,hit_076_20260730_132020.csv,512,DEFECT,HIGH,0,22,117,207,500000,4492523,2638959,-4492523,-441773.7,,,,好棒_总长1000mm_任意重度敲_铁头
77,13:20:21,hit_077_20260730_132021.csv,512,DEFECT,HIGH,0,41,117,386,500000,4445577,3103660,-4445577,-441372.1,,,,好棒_总长1000mm_任意重度敲_铁头
78,13:20:21,hit_078_20260730_132021.csv,512,DEFECT,HIGH,0,59,108,608,500000,3357828,3357828,-2735673,-154210.1,,,,好棒_总长1000mm_任意重度敲_铁头
79,13:20:21,hit_079_20260730_132021.csv,512,DEFECT,HIGH,0,50,99,505,500000,3056199,3056199,-2405165,-180402.4,,,,好棒_总长1000mm_任意重度敲_铁头
80,13:20:21,hit_080_20260730_132021.csv,512,DEFECT,HIGH,0,31,121,281,500000,3687238,3190857,-3687238,-325700.0,,,,好棒_总长1000mm_任意重度敲_铁头
81,13:20:22,hit_081_20260730_132022.csv,512,DEFECT,HIGH,0,40,117,377,500000,4155985,3218904,-4155985,-395886.3,,,,好棒_总长1000mm_任意重度敲_铁头
82,13:20:22,hit_082_20260730_132022.csv,512,NORMAL,HIGH,0,0,108,0,500000,4498009,3401152,-4498009,-360109.8,,,,好棒_总长1000mm_任意重度敲_铁头
83,13:20:22,hit_083_20260730_132022.csv,512,DEFECT,HIGH,0,55,122,495,500000,4245900,4245900,-3509658,-254323.0,,,,好棒_总长1000mm_任意重度敲_铁头
84,13:20:22,hit_084_20260730_132022.csv,512,DEFECT,HIGH,0,22,116,209,500000,4634852,2980019,-4634852,-354502.2,,,,好棒_总长1000mm_任意重度敲_铁头
85,13:20:23,hit_085_20260730_132023.csv,512,DEFECT,HIGH,0,21,116,200,500000,4318919,2817847,-4318919,-381694.4,,,,好棒_总长1000mm_任意重度敲_铁头
86,13:20:23,hit_086_20260730_132023.csv,512,DEFECT,HIGH,0,27,122,243,500000,4973777,3352797,-4973777,-266168.6,,,,好棒_总长1000mm_任意重度敲_铁头
87,13:20:23,hit_087_20260730_132023.csv,512,DEFECT,HIGH,0,22,118,205,500000,4613736,3132472,-4613736,-309872.6,,,,好棒_总长1000mm_任意重度敲_铁头
88,13:20:24,hit_088_20260730_132024.csv,512,DEFECT,HIGH,0,29,114,281,500000,3705122,3625407,-3705122,376901.8,,,,好棒_总长1000mm_任意重度敲_铁头
89,13:20:24,hit_089_20260730_132024.csv,512,DEFECT,HIGH,0,23,119,212,500000,4816885,3269474,-4816885,-211661.5,,,,好棒_总长1000mm_任意重度敲_铁头
90,13:20:24,hit_090_20260730_132024.csv,512,DEFECT,HIGH,0,24,119,222,500000,4933715,3088418,-4933715,-368981.1,,,,好棒_总长1000mm_任意重度敲_铁头
91,13:20:24,hit_091_20260730_132024.csv,512,DEFECT,HIGH,0,70,117,660,500000,4178808,3148201,-4178808,-93314.8,,,,好棒_总长1000mm_任意重度敲_铁头
92,13:20:25,hit_092_20260730_132025.csv,512,DEFECT,HIGH,0,21,118,196,500000,4385818,2910666,-4385818,-222665.5,,,,好棒_总长1000mm_任意重度敲_铁头
93,13:20:25,hit_093_20260730_132025.csv,512,DEFECT,HIGH,0,24,120,220,500000,4689640,2890029,-4689640,-335653.9,,,,好棒_总长1000mm_任意重度敲_铁头
94,13:20:25,hit_094_20260730_132025.csv,512,DEFECT,HIGH,0,48,120,440,500000,3682802,3682802,-3224277,-231518.6,,,,好棒_总长1000mm_任意重度敲_铁头
95,13:20:25,hit_095_20260730_132025.csv,512,DEFECT,HIGH,0,44,118,411,500000,3630030,3630030,-3479191,-278565.1,,,,好棒_总长1000mm_任意重度敲_铁头
96,13:20:26,hit_096_20260730_132026.csv,512,DEFECT,HIGH,0,30,121,272,500000,4777736,3227015,-4777736,-451399.4,,,,好棒_总长1000mm_任意重度敲_铁头
97,13:20:26,hit_097_20260730_132026.csv,512,DEFECT,HIGH,0,25,121,227,500000,4772922,3358898,-4772922,-186244.9,,,,好棒_总长1000mm_任意重度敲_铁头
98,13:20:26,hit_098_20260730_132026.csv,512,DEFECT,HIGH,0,70,115,673,500000,3949989,3142444,-3949989,29168.5,,,,好棒_总长1000mm_任意重度敲_铁头
99,13:20:26,hit_099_20260730_132026.csv,512,DEFECT,HIGH,0,28,114,271,500000,3696581,3519941,-3696581,271109.5,,,,好棒_总长1000mm_任意重度敲_铁头
100,13:20:27,hit_100_20260730_132027.csv,512,DEFECT,HIGH,0,22,117,207,500000,4550715,3382338,-4550715,-193434.9,,,,好棒_总长1000mm_任意重度敲_铁头
101,13:20:27,hit_101_20260730_132027.csv,512,DEFECT,HIGH,0,26,122,234,500000,5067508,3114316,-5067508,-413528.4,,,,好棒_总长1000mm_任意重度敲_铁头
102,13:20:35,hit_102_20260730_132035.csv,512,DEFECT,HIGH,0,30,113,294,500000,4260709,2845828,-4260709,-236317.9,,,,好棒_总长1000mm_任意重度敲_铁头
103,13:20:35,hit_103_20260730_132035.csv,512,DEFECT,HIGH,0,94,111,830,500000,3891711,2466556,-3891711,-271460.1,,,,好棒_总长1000mm_任意重度敲_铁头
104,13:20:35,hit_104_20260730_132035.csv,512,DEFECT,HIGH,0,26,109,265,500000,3601018,2266251,-3601018,-595230.3,,,,好棒_总长1000mm_任意重度敲_铁头
105,13:20:36,hit_105_20260730_132036.csv,512,DEFECT,HIGH,0,28,108,288,500000,2992199,2595826,-2992199,-484353.7,,,,好棒_总长1000mm_任意重度敲_铁头
106,13:20:36,hit_106_20260730_132036.csv,512,DEFECT,HIGH,0,25,115,240,500000,4861633,2485360,-4861633,-583493.5,,,,好棒_总长1000mm_任意重度敲_铁头
107,13:20:36,hit_107_20260730_132036.csv,512,DEFECT,HIGH,0,28,111,280,500000,4172755,2839438,-4172755,-179208.3,,,,好棒_总长1000mm_任意重度敲_铁头
108,13:20:36,hit_108_20260730_132036.csv,512,DEFECT,HIGH,0,96,111,850,500000,4117381,2614270,-4117381,-173815.1,,,,好棒_总长1000mm_任意重度敲_铁头
109,13:20:37,hit_109_20260730_132037.csv,512,NORMAL,HIGH,0,0,110,0,500000,3974242,3164125,-3974242,34539.0,,,,好棒_总长1000mm_任意重度敲_铁头
110,13:20:37,hit_110_20260730_132037.csv,512,DEFECT,HIGH,0,21,113,205,500000,4339380,3438905,-4339380,-51631.7,,,,好棒_总长1000mm_任意重度敲_铁头
111,13:20:37,hit_111_20260730_132037.csv,512,DEFECT,HIGH,0,75,114,728,500000,4225800,2944868,-4225800,-55481.2,,,,好棒_总长1000mm_任意重度敲_铁头
112,13:20:38,hit_112_20260730_132038.csv,512,DEFECT,HIGH,0,33,114,320,500000,4172954,2736249,-4172954,-335747.7,,,,好棒_总长1000mm_任意重度敲_铁头
113,13:20:38,hit_113_20260730_132038.csv,512,DEFECT,HIGH,0,34,114,330,500000,3924152,2518241,-3924152,-438259.1,,,,好棒_总长1000mm_任意重度敲_铁头
114,13:20:38,hit_114_20260730_132038.csv,512,DEFECT,HIGH,0,29,115,278,500000,4001246,2471747,-4001246,-181278.7,,,,好棒_总长1000mm_任意重度敲_铁头
115,13:20:39,hit_115_20260730_132039.csv,512,DEFECT,HIGH,0,71,111,710,500000,3476678,2965725,-3476678,225226.1,,,,好棒_总长1000mm_任意重度敲_铁头
116,13:20:39,hit_116_20260730_132039.csv,512,DEFECT,HIGH,0,27,112,267,500000,3667303,2858860,-3667303,-17562.8,,,,好棒_总长1000mm_任意重度敲_铁头
117,13:20:39,hit_117_20260730_132039.csv,512,DEFECT,HIGH,0,70,111,700,500000,3552521,3011160,-3552521,151825.4,,,,好棒_总长1000mm_任意重度敲_铁头
118,13:20:40,hit_118_20260730_132040.csv,512,DEFECT,HIGH,0,85,115,711,500000,3992767,2461887,-3992767,-280986.4,,,,好棒_总长1000mm_任意重度敲_铁头
119,13:20:40,hit_119_20260730_132040.csv,512,DEFECT,HIGH,0,87,115,730,500000,4117885,2432669,-4117885,-238598.4,,,,好棒_总长1000mm_任意重度敲_铁头
120,13:20:40,hit_120_20260730_132040.csv,512,DEFECT,HIGH,0,27,113,264,500000,3187519,2418030,-3187519,-212138.4,,,,好棒_总长1000mm_任意重度敲_铁头
121,13:20:40,hit_121_20260730_132040.csv,512,DEFECT,LOW,0,29,0,276,500000,927646,927646,-721798,-63058.6,,,,好棒_总长1000mm_任意重度敲_铁头
122,13:20:41,hit_122_20260730_132041.csv,512,DEFECT,HIGH,0,28,114,271,500000,3461155,2392615,-3461155,-250771.8,,,,好棒_总长1000mm_任意重度敲_铁头
123,13:20:41,hit_123_20260730_132041.csv,512,DEFECT,HIGH,0,27,114,262,500000,3657029,2546712,-3657029,-257717.5,,,,好棒_总长1000mm_任意重度敲_铁头
124,13:20:41,hit_124_20260730_132041.csv,512,DEFECT,HIGH,0,35,115,336,500000,2963480,2963480,-2156343,-206612.2,,,,好棒_总长1000mm_任意重度敲_铁头
125,13:20:41,hit_125_20260730_132041.csv,512,DEFECT,HIGH,0,36,115,346,500000,3275938,3055084,-3275938,-261459.4,,,,好棒_总长1000mm_任意重度敲_铁头
126,13:20:42,hit_126_20260730_132042.csv,512,DEFECT,HIGH,0,40,116,380,500000,4338147,3198184,-4338147,-369837.9,,,,好棒_总长1000mm_任意重度敲_铁头
127,13:20:42,hit_127_20260730_132042.csv,512,DEFECT,HIGH,0,21,116,200,500000,4321655,2570991,-4321655,-272641.0,,,,好棒_总长1000mm_任意重度敲_铁头
128,13:20:42,hit_128_20260730_132042.csv,512,DEFECT,HIGH,0,37,115,355,500000,4062337,3029894,-4062337,-372957.3,,,,好棒_总长1000mm_任意重度敲_铁头
129,13:20:43,hit_129_20260730_132043.csv,512,DEFECT,HIGH,0,39,114,378,500000,3184982,3184982,-3005814,-244373.1,,,,好棒_总长1000mm_任意重度敲_铁头
130,13:20:43,hit_130_20260730_132043.csv,512,DEFECT,HIGH,0,39,115,375,500000,3704701,3295948,-3704701,-377851.0,,,,好棒_总长1000mm_任意重度敲_铁头
131,13:20:43,hit_131_20260730_132043.csv,512,DEFECT,HIGH,0,37,115,355,500000,3185112,3185112,-2531475,-214957.5,,,,好棒_总长1000mm_任意重度敲_铁头
132,13:20:43,hit_132_20260730_132043.csv,512,DEFECT,HIGH,0,37,115,355,500000,3263844,3263844,-2967197,-244578.9,,,,好棒_总长1000mm_任意重度敲_铁头
133,13:20:44,hit_133_20260730_132044.csv,512,DEFECT,HIGH,0,22,116,209,500000,4303210,2547154,-4303210,-318689.1,,,,好棒_总长1000mm_任意重度敲_铁头
134,13:20:44,hit_134_20260730_132044.csv,512,DEFECT,HIGH,0,85,114,718,500000,4253868,2588291,-4253868,-250964.7,,,,好棒_总长1000mm_任意重度敲_铁头
135,13:20:44,hit_135_20260730_132044.csv,512,DEFECT,HIGH,0,68,112,673,500000,3864050,2872776,-3864050,-80659.6,,,,好棒_总长1000mm_任意重度敲_铁头
136,13:20:45,hit_136_20260730_132045.csv,512,DEFECT,HIGH,0,85,113,725,500000,3977592,2732989,-3977592,-260717.5,,,,好棒_总长1000mm_任意重度敲_铁头
137,13:20:45,hit_137_20260730_132045.csv,512,DEFECT,HIGH,0,96,113,833,500000,4096423,2676419,-4096423,-195486.2,,,,好棒_总长1000mm_任意重度敲_铁头
138,13:20:45,hit_138_20260730_132045.csv,512,DEFECT,HIGH,0,22,115,211,500000,4477866,2720877,-4477866,-280148.1,,,,好棒_总长1000mm_任意重度敲_铁头
139,13:20:45,hit_139_20260730_132045.csv,512,DEFECT,HIGH,0,32,114,310,500000,4063079,2707427,-4063079,-327304.4,,,,好棒_总长1000mm_任意重度敲_铁头
140,13:20:46,hit_140_20260730_132046.csv,512,DEFECT,HIGH,0,21,115,201,500000,4440453,2893958,-4440453,-227166.6,,,,好棒_总长1000mm_任意重度敲_铁头
141,13:20:46,hit_141_20260730_132046.csv,512,DEFECT,HIGH,0,30,114,291,500000,4159831,2581319,-4159831,-167355.0,,,,好棒_总长1000mm_任意重度敲_铁头
142,13:20:46,hit_142_20260730_132046.csv,512,DEFECT,HIGH,0,31,113,303,500000,4163905,2918020,-4163905,-179813.2,,,,好棒_总长1000mm_任意重度敲_铁头
143,13:20:46,hit_143_20260730_132046.csv,512,DEFECT,HIGH,0,30,114,291,500000,4001902,2591347,-4001902,-204268.7,,,,好棒_总长1000mm_任意重度敲_铁头
144,13:20:47,hit_144_20260730_132047.csv,512,DEFECT,HIGH,0,30,113,294,500000,4029792,2882974,-4029792,-126389.6,,,,好棒_总长1000mm_任意重度敲_铁头
145,13:20:47,hit_145_20260730_132047.csv,512,DEFECT,HIGH,0,21,115,201,500000,4348852,2499291,-4348852,-341695.2,,,,好棒_总长1000mm_任意重度敲_铁头
146,13:20:47,hit_146_20260730_132047.csv,512,DEFECT,HIGH,0,31,114,300,500000,4112298,2596586,-4112298,-315274.2,,,,好棒_总长1000mm_任意重度敲_铁头
147,13:20:48,hit_147_20260730_132048.csv,512,DEFECT,HIGH,0,28,113,274,500000,3873607,2573092,-3873607,-170033.2,,,,好棒_总长1000mm_任意重度敲_铁头
148,13:20:48,hit_148_20260730_132048.csv,512,DEFECT,HIGH,0,23,118,214,500000,4329647,2643447,-4329647,-262115.6,,,,好棒_总长1000mm_任意重度敲_铁头
149,13:20:48,hit_149_20260730_132048.csv,512,DEFECT,HIGH,0,22,115,211,500000,4541404,2766044,-4541404,-299493.8,,,,好棒_总长1000mm_任意重度敲_铁头
150,13:20:48,hit_150_20260730_132048.csv,512,DEFECT,HIGH,0,25,118,233,500000,4478858,2485957,-4478858,-381528.2,,,,好棒_总长1000mm_任意重度敲_铁头
151,13:20:49,hit_151_20260730_132049.csv,512,DEFECT,HIGH,0,25,121,227,500000,4570705,2745661,-4570705,-267925.0,,,,好棒_总长1000mm_任意重度敲_铁头
152,13:20:49,hit_152_20260730_132049.csv,512,DEFECT,HIGH,0,22,116,209,500000,4439202,2518945,-4439202,-392846.1,,,,好棒_总长1000mm_任意重度敲_铁头
153,13:20:49,hit_153_20260730_132049.csv,512,DEFECT,HIGH,0,22,115,211,500000,4285130,2504965,-4285130,-396610.6,,,,好棒_总长1000mm_任意重度敲_铁头
154,13:20:49,hit_154_20260730_132049.csv,512,DEFECT,HIGH,0,87,112,752,500000,3971007,2476949,-3971007,-274914.8,,,,好棒_总长1000mm_任意重度敲_铁头
155,13:20:50,hit_155_20260730_132050.csv,512,DEFECT,HIGH,0,26,112,257,500000,3756017,2545579,-3756017,-350736.0,,,,好棒_总长1000mm_任意重度敲_铁头
156,13:20:50,hit_156_20260730_132050.csv,512,DEFECT,HIGH,0,27,110,272,500000,3939234,2724856,-3939234,-131140.5,,,,好棒_总长1000mm_任意重度敲_铁头
157,13:20:50,hit_157_20260730_132050.csv,512,DEFECT,HIGH,0,94,112,821,500000,3953301,2328159,-3953301,-291353.0,,,,好棒_总长1000mm_任意重度敲_铁头
158,13:20:51,hit_158_20260730_132051.csv,512,DEFECT,HIGH,0,27,113,264,500000,3385619,2451996,-3385619,-356433.9,,,,好棒_总长1000mm_任意重度敲_铁头
159,13:20:51,hit_159_20260730_132051.csv,512,DEFECT,HIGH,0,89,111,780,500000,3817437,2472975,-3817437,-222509.9,,,,好棒_总长1000mm_任意重度敲_铁头
160,13:20:51,hit_160_20260730_132051.csv,512,DEFECT,HIGH,0,85,110,747,500000,3414063,2327487,-3414063,-342083.8,,,,好棒_总长1000mm_任意重度敲_铁头
161,13:20:52,hit_161_20260730_132052.csv,512,DEFECT,HIGH,0,27,111,270,500000,3994071,2346888,-3994071,-388672.0,,,,好棒_总长1000mm_任意重度敲_铁头
162,13:20:52,hit_162_20260730_132052.csv,512,DEFECT,HIGH,0,85,112,732,500000,3683649,2079598,-3683649,-373898.0,,,,好棒_总长1000mm_任意重度敲_铁头
163,13:20:52,hit_163_20260730_132052.csv,512,DEFECT,HIGH,0,30,113,294,500000,4240894,2368498,-4240894,-447774.3,,,,好棒_总长1000mm_任意重度敲_铁头
164,13:20:52,hit_164_20260730_132052.csv,512,DEFECT,HIGH,0,86,111,750,500000,3778470,2523718,-3778470,-368775.1,,,,好棒_总长1000mm_任意重度敲_铁头
165,13:20:53,hit_165_20260730_132053.csv,512,DEFECT,HIGH,0,32,116,283,500000,2101355,2101355,-1388729,-153127.7,,,,好棒_总长1000mm_任意重度敲_铁头
166,13:20:53,hit_166_20260730_132053.csv,512,DEFECT,HIGH,0,30,111,300,500000,3680223,2547004,-3680223,-478795.2,,,,好棒_总长1000mm_任意重度敲_铁头
167,13:20:53,hit_167_20260730_132053.csv,512,DEFECT,HIGH,0,87,111,760,500000,4001109,2539727,-4001109,-453720.6,,,,好棒_总长1000mm_任意重度敲_铁头
168,13:20:54,hit_168_20260730_132054.csv,512,DEFECT,HIGH,0,87,112,752,500000,4124741,2549045,-4124741,-427391.7,,,,好棒_总长1000mm_任意重度敲_铁头
169,13:20:54,hit_169_20260730_132054.csv,512,DEFECT,HIGH,0,33,113,323,500000,3360909,3086540,-3360909,-359558.8,,,,好棒_总长1000mm_任意重度敲_铁头
170,13:20:54,hit_170_20260730_132054.csv,512,DEFECT,HIGH,0,21,113,205,500000,4301523,2343216,-4301523,-455550.1,,,,好棒_总长1000mm_任意重度敲_铁头
171,13:20:55,hit_171_20260730_132055.csv,512,DEFECT,HIGH,0,31,114,300,500000,4207153,2321626,-4207153,-470215.5,,,,好棒_总长1000mm_任意重度敲_铁头
172,13:20:55,hit_172_20260730_132055.csv,512,DEFECT,HIGH,0,86,112,742,500000,3964911,2415712,-3964911,-350425.4,,,,好棒_总长1000mm_任意重度敲_铁头
173,13:20:55,hit_173_20260730_132055.csv,512,DEFECT,HIGH,0,85,110,747,500000,3779141,2390476,-3779141,-365123.3,,,,好棒_总长1000mm_任意重度敲_铁头
174,13:20:55,hit_174_20260730_132055.csv,512,DEFECT,HIGH,0,86,111,750,500000,3840550,2159598,-3840550,-433879.9,,,,好棒_总长1000mm_任意重度敲_铁头
175,13:20:56,hit_175_20260730_132056.csv,512,DEFECT,HIGH,0,89,110,787,500000,3877904,2529454,-3877904,-293248.5,,,,好棒_总长1000mm_任意重度敲_铁头
176,13:20:56,hit_176_20260730_132056.csv,512,DEFECT,HIGH,0,31,113,303,500000,4058063,2603609,-4058063,-404892.9,,,,好棒_总长1000mm_任意重度敲_铁头
177,13:20:56,hit_177_20260730_132056.csv,512,DEFECT,HIGH,0,29,112,287,500000,4069758,2496971,-4069758,-454578.6,,,,好棒_总长1000mm_任意重度敲_铁头
178,13:20:57,hit_178_20260730_132057.csv,512,DEFECT,HIGH,0,30,113,294,500000,3306428,2823382,-3306428,-305088.7,,,,好棒_总长1000mm_任意重度敲_铁头
179,13:20:57,hit_179_20260730_132057.csv,512,DEFECT,HIGH,0,87,114,737,500000,3973474,2349634,-3973474,-375355.8,,,,好棒_总长1000mm_任意重度敲_铁头
180,13:20:57,hit_180_20260730_132057.csv,512,DEFECT,HIGH,0,28,112,277,500000,3551507,2604737,-3551507,-329643.5,,,,好棒_总长1000mm_任意重度敲_铁头
181,13:20:57,hit_181_20260730_132057.csv,512,DEFECT,HIGH,0,28,112,277,500000,3910364,2632972,-3910364,-363554.4,,,,好棒_总长1000mm_任意重度敲_铁头
182,13:20:58,hit_182_20260730_132058.csv,512,DEFECT,HIGH,0,29,113,284,500000,4012503,2427344,-4012503,-442598.3,,,,好棒_总长1000mm_任意重度敲_铁头
183,13:20:58,hit_183_20260730_132058.csv,512,DEFECT,HIGH,0,33,112,326,500000,3156177,2957114,-3156177,-346187.5,,,,好棒_总长1000mm_任意重度敲_铁头
184,13:20:58,hit_184_20260730_132058.csv,512,DEFECT,HIGH,0,29,112,287,500000,3670798,2514360,-3670798,-369016.6,,,,好棒_总长1000mm_任意重度敲_铁头
185,13:20:59,hit_185_20260730_132059.csv,512,DEFECT,HIGH,0,26,111,260,500000,4000693,2442653,-4000693,-324576.9,,,,好棒_总长1000mm_任意重度敲_铁头
186,13:20:59,hit_186_20260730_132059.csv,512,DEFECT,HIGH,0,85,112,732,500000,3798112,2309702,-3798112,-309936.6,,,,好棒_总长1000mm_任意重度敲_铁头
187,13:20:59,hit_187_20260730_132059.csv,512,DEFECT,HIGH,0,86,112,742,500000,3947184,2269461,-3947184,-378598.0,,,,好棒_总长1000mm_任意重度敲_铁头
188,13:20:59,hit_188_20260730_132059.csv,512,DEFECT,HIGH,0,83,110,727,500000,3562073,2280300,-3562073,-305221.7,,,,好棒_总长1000mm_任意重度敲_铁头
189,13:21:00,hit_189_20260730_132100.csv,512,DEFECT,HIGH,0,87,108,783,500000,3804760,2640929,-3804760,-232110.8,,,,好棒_总长1000mm_任意重度敲_铁头
190,13:21:00,hit_190_20260730_132100.csv,512,DEFECT,HIGH,0,34,108,350,500000,3995411,3114197,-3995411,-547937.6,,,,好棒_总长1000mm_任意重度敲_铁头
191,13:21:00,hit_191_20260730_132100.csv,512,DEFECT,HIGH,0,88,108,793,500000,3762124,2520458,-3762124,-252097.5,,,,好棒_总长1000mm_任意重度敲_铁头
192,13:21:01,hit_192_20260730_132101.csv,512,DEFECT,HIGH,0,34,111,340,500000,4128976,3371320,-4128976,-264284.0,,,,好棒_总长1000mm_任意重度敲_铁头
193,13:21:01,hit_193_20260730_132101.csv,512,DEFECT,HIGH,0,25,108,257,500000,3874589,2584183,-3874589,-424313.6,,,,好棒_总长1000mm_任意重度敲_铁头
194,13:21:08,hit_194_20260730_132108.csv,512,NORMAL,HIGH,0,0,111,0,500000,3822825,3267069,-3822825,187627.1,,,,好棒_总长1000mm_任意重度敲_铁头
195,13:21:08,hit_195_20260730_132108.csv,512,DEFECT,HIGH,0,34,116,323,500000,3711099,2615057,-3711099,-356177.3,,,,好棒_总长1000mm_任意重度敲_铁头
196,13:21:09,hit_196_20260730_132109.csv,512,DEFECT,HIGH,0,71,112,702,500000,3600956,2656453,-3600956,-938.6,,,,好棒_总长1000mm_任意重度敲_铁头
197,13:21:09,hit_197_20260730_132109.csv,512,DEFECT,HIGH,0,98,112,861,500000,3567175,2619125,-3567175,19651.5,,,,好棒_总长1000mm_任意重度敲_铁头
198,13:21:09,hit_198_20260730_132109.csv,512,DEFECT,HIGH,0,97,114,834,500000,4185717,2740131,-4185717,-147211.8,,,,好棒_总长1000mm_任意重度敲_铁头
199,13:21:10,hit_199_20260730_132110.csv,512,DEFECT,HIGH,0,32,108,329,500000,4164473,2422632,-4164473,-400040.9,,,,好棒_总长1000mm_任意重度敲_铁头
200,13:21:10,hit_200_20260730_132110.csv,512,DEFECT,HIGH,0,30,115,288,500000,4125996,2323267,-4125996,-339320.2,,,,好棒_总长1000mm_任意重度敲_铁头
201,13:21:10,hit_201_20260730_132110.csv,512,DEFECT,HIGH,0,29,115,278,500000,3983332,2280650,-3983332,-314050.9,,,,好棒_总长1000mm_任意重度敲_铁头
202,13:21:10,hit_202_20260730_132110.csv,512,DEFECT,HIGH,0,89,113,764,500000,3769985,2410236,-3769985,-217913.2,,,,好棒_总长1000mm_任意重度敲_铁头
203,13:21:11,hit_203_20260730_132111.csv,512,DEFECT,HIGH,0,43,111,430,500000,2708129,2708129,-2153196,-178015.2,,,,好棒_总长1000mm_任意重度敲_铁头
204,13:21:29,hit_204_20260730_132129.csv,512,DEFECT,HIGH,0,31,115,298,500000,3018971,2693117,-3018971,-212360.3,,,,好棒_总长1000mm_任意重度敲_铁头
205,13:21:29,hit_205_20260730_132129.csv,512,DEFECT,HIGH,0,37,116,352,500000,4155051,2802353,-4155051,-336334.3,,,,好棒_总长1000mm_任意重度敲_铁头
206,13:21:29,hit_206_20260730_132129.csv,512,DEFECT,HIGH,0,24,121,218,500000,4368185,2322763,-4368185,-295004.2,,,,好棒_总长1000mm_任意重度敲_铁头
207,13:21:29,hit_207_20260730_132129.csv,512,DEFECT,HIGH,0,84,115,701,500000,3431228,2562203,-3431228,-247067.2,,,,好棒_总长1000mm_任意重度敲_铁头
208,13:21:30,hit_208_20260730_132130.csv,512,DEFECT,HIGH,0,30,114,291,500000,3982628,2849988,-3982628,-208502.5,,,,好棒_总长1000mm_任意重度敲_铁头
209,13:21:30,hit_209_20260730_132130.csv,512,DEFECT,HIGH,0,85,115,711,500000,3799765,2276537,-3799765,-264892.6,,,,好棒_总长1000mm_任意重度敲_铁头
210,13:21:30,hit_210_20260730_132130.csv,512,DEFECT,HIGH,0,44,114,427,500000,3401965,3401965,-2907305,-213180.7,,,,好棒_总长1000mm_任意重度敲_铁头
211,13:21:30,hit_211_20260730_132130.csv,512,DEFECT,HIGH,0,29,115,278,500000,3901211,3434594,-3901211,188234.5,,,,好棒_总长1000mm_任意重度敲_铁头
212,13:21:31,hit_212_20260730_132131.csv,512,DEFECT,HIGH,0,39,119,361,500000,4128960,3014605,-4128960,-357224.6,,,,好棒_总长1000mm_任意重度敲_铁头
213,13:21:31,hit_213_20260730_132131.csv,512,DEFECT,HIGH,0,70,116,666,500000,4271850,2984230,-4271850,-75322.5,,,,好棒_总长1000mm_任意重度敲_铁头
214,13:21:31,hit_214_20260730_132131.csv,512,DEFECT,HIGH,0,22,117,207,500000,4252601,2481096,-4252601,-316957.2,,,,好棒_总长1000mm_任意重度敲_铁头
215,13:21:32,hit_215_20260730_132132.csv,512,DEFECT,HIGH,0,21,116,200,500000,4474431,3582877,-4474431,43423.0,,,,好棒_总长1000mm_任意重度敲_铁头
216,13:21:32,hit_216_20260730_132132.csv,512,DEFECT,HIGH,0,39,122,351,500000,3988075,2712372,-3988075,-365169.4,,,,好棒_总长1000mm_任意重度敲_铁头
217,13:21:32,hit_217_20260730_132132.csv,512,DEFECT,HIGH,0,22,117,207,500000,4607168,2829583,-4607168,-403750.2,,,,好棒_总长1000mm_任意重度敲_铁头
218,13:21:33,hit_218_20260730_132133.csv,512,DEFECT,HIGH,0,25,120,229,500000,4918960,2943082,-4918960,-397526.4,,,,好棒_总长1000mm_任意重度敲_铁头
219,13:21:33,hit_219_20260730_132133.csv,512,DEFECT,HIGH,0,69,114,669,500000,4030942,3118907,-4030942,-49329.1,,,,好棒_总长1000mm_任意重度敲_铁头
220,13:21:33,hit_220_20260730_132133.csv,512,DEFECT,HIGH,0,28,121,254,500000,5143860,3063019,-5143860,-429173.8,,,,好棒_总长1000mm_任意重度敲_铁头
221,13:21:34,hit_221_20260730_132134.csv,512,DEFECT,HIGH,0,22,116,209,500000,4703340,3422256,-4703340,-110349.5,,,,好棒_总长1000mm_任意重度敲_铁头
222,13:21:34,hit_222_20260730_132134.csv,512,DEFECT,HIGH,0,28,108,288,500000,4249177,3221349,-4249177,43481.7,,,,好棒_总长1000mm_任意重度敲_铁头
223,13:21:34,hit_223_20260730_132134.csv,512,DEFECT,HIGH,0,72,114,699,500000,4206059,3011758,-4206059,-138391.0,,,,好棒_总长1000mm_任意重度敲_铁头
224,13:21:34,hit_224_20260730_132134.csv,512,DEFECT,HIGH,0,31,115,298,500000,4075508,3633787,-4075508,304152.0,,,,好棒_总长1000mm_任意重度敲_铁头
225,13:21:35,hit_225_20260730_132135.csv,512,DEFECT,HIGH,0,94,116,790,500000,4199230,2941815,-4199230,-209621.8,,,,好棒_总长1000mm_任意重度敲_铁头
226,13:21:35,hit_226_20260730_132135.csv,512,DEFECT,HIGH,0,29,117,273,500000,3336955,2565664,-3336955,-261220.0,,,,好棒_总长1000mm_任意重度敲_铁头
227,13:21:35,hit_227_20260730_132135.csv,512,DEFECT,HIGH,0,37,113,362,500000,2214759,2214759,-1601101,-155323.6,,,,好棒_总长1000mm_任意重度敲_铁头
228,13:21:36,hit_228_20260730_132136.csv,512,DEFECT,HIGH,0,31,117,292,500000,2844066,2797897,-2844066,-216917.2,,,,好棒_总长1000mm_任意重度敲_铁头
229,13:21:36,hit_229_20260730_132136.csv,512,DEFECT,HIGH,0,36,117,339,500000,2833693,2833693,-2640570,-197008.7,,,,好棒_总长1000mm_任意重度敲_铁头
230,13:21:36,hit_230_20260730_132136.csv,512,DEFECT,HIGH,0,26,121,236,500000,2969130,2590935,-2969130,-204743.6,,,,好棒_总长1000mm_任意重度敲_铁头
231,13:21:37,hit_231_20260730_132137.csv,512,DEFECT,HIGH,0,31,117,292,500000,3902015,2242798,-3902015,-266001.7,,,,好棒_总长1000mm_任意重度敲_铁头
232,13:21:37,hit_232_20260730_132137.csv,512,DEFECT,HIGH,0,25,120,229,500000,3540321,2749611,-3540321,-253947.7,,,,好棒_总长1000mm_任意重度敲_铁头
233,13:21:37,hit_233_20260730_132137.csv,512,DEFECT,HIGH,0,34,118,317,500000,3376544,2723770,-3376544,-249696.2,,,,好棒_总长1000mm_任意重度敲_铁头
234,13:21:37,hit_234_20260730_132137.csv,512,DEFECT,HIGH,0,21,118,196,500000,4140756,2472082,-4140756,-284195.5,,,,好棒_总长1000mm_任意重度敲_铁头
235,13:21:38,hit_235_20260730_132138.csv,512,DEFECT,HIGH,0,82,116,676,500000,3502473,2589928,-3502473,-238645.7,,,,好棒_总长1000mm_任意重度敲_铁头
236,13:21:38,hit_236_20260730_132138.csv,512,DEFECT,HIGH,0,41,119,379,500000,2737679,2737679,-2474915,-184399.0,,,,好棒_总长1000mm_任意重度敲_铁头
237,13:21:38,hit_237_20260730_132138.csv,512,DEFECT,HIGH,0,39,118,364,500000,3213060,3085520,-3213060,-223323.6,,,,好棒_总长1000mm_任意重度敲_铁头
238,13:21:38,hit_238_20260730_132138.csv,512,DEFECT,HIGH,0,32,123,285,500000,3485111,3082246,-3485111,-248616.8,,,,好棒_总长1000mm_任意重度敲_铁头
239,13:21:39,hit_239_20260730_132139.csv,512,DEFECT,HIGH,0,30,119,277,500000,4037930,2265443,-4037930,-254934.3,,,,好棒_总长1000mm_任意重度敲_铁头
240,13:21:39,hit_240_20260730_132139.csv,512,DEFECT,HIGH,0,31,108,319,500000,3949376,2808017,-3949376,-298260.7,,,,好棒_总长1000mm_任意重度敲_铁头
241,13:21:39,hit_241_20260730_132139.csv,512,DEFECT,HIGH,0,39,108,402,500000,3303041,2779137,-3303041,-226088.7,,,,好棒_总长1000mm_任意重度敲_铁头
242,13:21:39,hit_242_20260730_132139.csv,512,DEFECT,HIGH,0,23,119,212,500000,4040974,2663870,-4040974,-299819.8,,,,好棒_总长1000mm_任意重度敲_铁头
243,13:21:40,hit_243_20260730_132140.csv,512,DEFECT,HIGH,0,21,117,198,500000,4328828,2445904,-4328828,-317742.6,,,,好棒_总长1000mm_任意重度敲_铁头
244,13:21:40,hit_244_20260730_132140.csv,512,DEFECT,HIGH,0,24,119,222,500000,4170496,2621803,-4170496,-315056.7,,,,好棒_总长1000mm_任意重度敲_铁头
245,13:21:40,hit_245_20260730_132140.csv,512,DEFECT,HIGH,0,25,121,227,500000,4003590,2465379,-4003590,-290654.2,,,,好棒_总长1000mm_任意重度敲_铁头
246,13:21:40,hit_246_20260730_132140.csv,512,DEFECT,HIGH,0,31,117,292,500000,3791158,2543298,-3791158,-270515.1,,,,好棒_总长1000mm_任意重度敲_铁头
247,13:21:41,hit_247_20260730_132141.csv,512,DEFECT,HIGH,0,30,118,280,500000,4015718,2542733,-4015718,-142787.5,,,,好棒_总长1000mm_任意重度敲_铁头
248,13:21:41,hit_248_20260730_132141.csv,512,DEFECT,HIGH,0,37,120,339,500000,2681608,2681608,-2511617,-184848.2,,,,好棒_总长1000mm_任意重度敲_铁头
249,13:21:41,hit_249_20260730_132141.csv,512,DEFECT,HIGH,0,83,116,685,500000,3898742,2543295,-3898742,-280771.9,,,,好棒_总长1000mm_任意重度敲_铁头
250,13:21:41,hit_250_20260730_132141.csv,512,DEFECT,HIGH,0,30,117,283,500000,4010392,2489967,-4010392,-170995.8,,,,好棒_总长1000mm_任意重度敲_铁头
251,13:21:42,hit_251_20260730_132142.csv,512,DEFECT,HIGH,0,27,116,257,500000,3722050,2152029,-3722050,-158630.6,,,,好棒_总长1000mm_任意重度敲_铁头
252,13:21:42,hit_252_20260730_132142.csv,512,DEFECT,HIGH,0,21,117,198,500000,3445170,2516336,-3445170,-231974.7,,,,好棒_总长1000mm_任意重度敲_铁头
253,13:21:42,hit_253_20260730_132142.csv,512,DEFECT,HIGH,0,31,117,292,500000,4205369,2317355,-4205369,-211058.0,,,,好棒_总长1000mm_任意重度敲_铁头
254,13:21:43,hit_254_20260730_132143.csv,512,DEFECT,HIGH,0,30,117,283,500000,3926408,2445061,-3926408,-170127.7,,,,好棒_总长1000mm_任意重度敲_铁头
255,13:21:43,hit_255_20260730_132143.csv,512,DEFECT,HIGH,0,34,116,323,500000,2229458,2229458,-2142736,-146788.5,,,,好棒_总长1000mm_任意重度敲_铁头
256,13:21:43,hit_256_20260730_132143.csv,512,DEFECT,HIGH,0,30,116,285,500000,4127455,2584566,-4127455,-180924.7,,,,好棒_总长1000mm_任意重度敲_铁头
257,13:21:44,hit_257_20260730_132144.csv,512,DEFECT,HIGH,0,25,121,227,500000,4096337,2581979,-4096337,-301915.8,,,,好棒_总长1000mm_任意重度敲_铁头
258,13:21:44,hit_258_20260730_132144.csv,512,DEFECT,HIGH,0,29,117,273,500000,3951481,2343060,-3951481,-235312.0,,,,好棒_总长1000mm_任意重度敲_铁头
259,13:21:44,hit_259_20260730_132144.csv,512,DEFECT,HIGH,0,25,119,231,500000,3664662,2844758,-3664662,-257187.2,,,,好棒_总长1000mm_任意重度敲_铁头
260,13:21:45,hit_260_20260730_132145.csv,512,DEFECT,HIGH,0,31,118,289,500000,4112410,2471950,-4112410,-212167.5,,,,好棒_总长1000mm_任意重度敲_铁头
261,13:21:45,hit_261_20260730_132145.csv,512,DEFECT,HIGH,0,34,117,320,500000,2361768,2290899,-2361768,-150398.9,,,,好棒_总长1000mm_任意重度敲_铁头
262,13:21:45,hit_262_20260730_132145.csv,512,DEFECT,HIGH,0,23,119,212,500000,4464615,2586922,-4464615,-313725.0,,,,好棒_总长1000mm_任意重度敲_铁头
263,13:21:46,hit_263_20260730_132146.csv,512,DEFECT,HIGH,0,28,117,264,515214,3671648,2389541,-3671648,-226418.8,,,,好棒_总长1000mm_任意重度敲_铁头
264,13:21:46,hit_264_20260730_132146.csv,512,DEFECT,HIGH,0,21,119,194,500000,4043525,2280484,-4043525,-243949.5,,,,好棒_总长1000mm_任意重度敲_铁头
265,13:21:46,hit_265_20260730_132146.csv,512,DEFECT,HIGH,0,21,118,196,500000,4115465,2520652,-4115465,-281878.2,,,,好棒_总长1000mm_任意重度敲_铁头
266,13:21:47,hit_266_20260730_132147.csv,512,DEFECT,HIGH,0,36,119,333,500000,3398684,2652785,-3398684,-216672.3,,,,好棒_总长1000mm_任意重度敲_铁头
267,13:21:47,hit_267_20260730_132147.csv,512,DEFECT,HIGH,0,23,119,212,500000,4537586,2622264,-4537586,-301211.9,,,,好棒_总长1000mm_任意重度敲_铁头
268,13:21:47,hit_268_20260730_132147.csv,512,DEFECT,HIGH,0,31,116,295,500000,4105630,2944113,-4105630,-141819.6,,,,好棒_总长1000mm_任意重度敲_铁头
269,13:21:48,hit_269_20260730_132148.csv,512,DEFECT,HIGH,0,35,118,327,500000,3827097,2722561,-3827097,-260328.9,,,,好棒_总长1000mm_任意重度敲_铁头
270,13:21:48,hit_270_20260730_132148.csv,512,DEFECT,HIGH,0,30,116,285,500000,3982386,2807060,-3982386,-117498.5,,,,好棒_总长1000mm_任意重度敲_铁头
271,13:21:48,hit_271_20260730_132148.csv,512,DEFECT,HIGH,0,24,120,220,500000,4521657,2526454,-4521657,-323766.5,,,,好棒_总长1000mm_任意重度敲_铁头
272,13:21:49,hit_272_20260730_132149.csv,512,DEFECT,HIGH,0,31,118,289,500000,4110403,2248495,-4110403,-234693.3,,,,好棒_总长1000mm_任意重度敲_铁头
273,13:21:49,hit_273_20260730_132149.csv,512,DEFECT,HIGH,0,46,108,474,500000,3207128,3207128,-2904174,-219435.5,,,,好棒_总长1000mm_任意重度敲_铁头
274,13:21:49,hit_274_20260730_132149.csv,512,DEFECT,HIGH,0,31,108,319,500000,3488048,3088544,-3488048,-254847.0,,,,好棒_总长1000mm_任意重度敲_铁头
275,13:21:50,hit_275_20260730_132150.csv,512,DEFECT,HIGH,0,30,117,283,500000,3916444,2855428,-3916444,-96425.9,,,,好棒_总长1000mm_任意重度敲_铁头
276,13:21:50,hit_276_20260730_132150.csv,512,DEFECT,HIGH,0,30,116,285,500000,3999488,2903838,-3999488,-97708.0,,,,好棒_总长1000mm_任意重度敲_铁头
277,13:21:50,hit_277_20260730_132150.csv,512,DEFECT,HIGH,0,84,117,688,500000,3382369,2605847,-3382369,-245037.5,,,,好棒_总长1000mm_任意重度敲_铁头
278,13:21:51,hit_278_20260730_132151.csv,512,DEFECT,HIGH,0,21,118,196,500000,4310272,2433040,-4310272,-262768.1,,,,好棒_总长1000mm_任意重度敲_铁头
279,13:21:51,hit_279_20260730_132151.csv,512,DEFECT,HIGH,0,30,117,283,500000,4040185,2246887,-4040185,-249503.7,,,,好棒_总长1000mm_任意重度敲_铁头
280,13:21:51,hit_280_20260730_132151.csv,512,DEFECT,HIGH,0,22,118,205,500000,4526361,2499825,-4526361,-318157.5,,,,好棒_总长1000mm_任意重度敲_铁头
281,13:21:51,hit_281_20260730_132151.csv,512,DEFECT,HIGH,0,21,118,196,500000,3957535,2383944,-3957535,-266997.2,,,,好棒_总长1000mm_任意重度敲_铁头
282,13:21:52,hit_282_20260730_132152.csv,512,DEFECT,HIGH,0,23,119,212,500000,4461580,2647636,-4461580,-319186.1,,,,好棒_总长1000mm_任意重度敲_铁头
283,13:21:52,hit_283_20260730_132152.csv,512,DEFECT,HIGH,0,27,123,241,500000,4621289,2551584,-4621289,-331608.2,,,,好棒_总长1000mm_任意重度敲_铁头
284,13:21:52,hit_284_20260730_132152.csv,512,DEFECT,HIGH,0,31,117,292,500000,4019188,2421852,-4019188,-238624.4,,,,好棒_总长1000mm_任意重度敲_铁头
285,13:21:53,hit_285_20260730_132153.csv,512,DEFECT,HIGH,0,65,115,625,500000,3656801,3005333,-3656801,71513.7,,,,好棒_总长1000mm_任意重度敲_铁头
286,13:21:53,hit_286_20260730_132153.csv,512,DEFECT,HIGH,0,30,117,283,500000,3953555,2277822,-3953555,-199094.4,,,,好棒_总长1000mm_任意重度敲_铁头
287,13:21:53,hit_287_20260730_132153.csv,512,DEFECT,HIGH,0,41,112,405,500000,2171858,2171858,-1688900,-151115.6,,,,好棒_总长1000mm_任意重度敲_铁头
288,13:21:54,hit_288_20260730_132154.csv,512,DEFECT,HIGH,0,23,119,212,500000,4454350,2697655,-4454350,-270726.8,,,,好棒_总长1000mm_任意重度敲_铁头
289,13:21:54,hit_289_20260730_132154.csv,512,DEFECT,HIGH,0,27,123,241,500000,3597998,2597936,-3597998,-241237.5,,,,好棒_总长1000mm_任意重度敲_铁头
290,13:21:54,hit_290_20260730_132154.csv,512,DEFECT,HIGH,0,24,119,222,500000,4583244,2377463,-4583244,-369753.8,,,,好棒_总长1000mm_任意重度敲_铁头
291,13:21:55,hit_291_20260730_132155.csv,512,DEFECT,HIGH,0,82,117,669,500000,3992030,2403603,-3992030,-234441.0,,,,好棒_总长1000mm_任意重度敲_铁头
292,13:21:55,hit_292_20260730_132155.csv,512,DEFECT,HIGH,0,21,120,192,500000,4283015,2761963,-4283015,-181057.1,,,,好棒_总长1000mm_任意重度敲_铁头
293,13:21:55,hit_293_20260730_132155.csv,512,DEFECT,HIGH,0,46,108,474,500000,2065899,2065899,-1659775,-140735.7,,,,好棒_总长1000mm_任意重度敲_铁头
294,13:21:56,hit_294_20260730_132156.csv,512,DEFECT,HIGH,0,48,120,440,500000,3109083,3109083,-2395676,-189034.6,,,,好棒_总长1000mm_任意重度敲_铁头
295,13:21:56,hit_295_20260730_132156.csv,512,DEFECT,HIGH,0,44,116,419,500000,3397269,3397269,-3381343,-296777.6,,,,好棒_总长1000mm_任意重度敲_铁头
296,13:21:57,hit_296_20260730_132157.csv,512,DEFECT,HIGH,0,23,118,214,500000,4556050,3013741,-4556050,-284274.5,,,,好棒_总长1000mm_任意重度敲_铁头
297,13:21:57,hit_297_20260730_132157.csv,512,DEFECT,HIGH,0,24,118,224,500000,4334776,2629692,-4334776,-397872.7,,,,好棒_总长1000mm_任意重度敲_铁头
298,13:21:58,hit_298_20260730_132158.csv,512,DEFECT,HIGH,0,50,111,500,500000,3687228,3138282,-3687228,-275498.0,,,,好棒_总长1000mm_任意重度敲_铁头
299,13:21:58,hit_299_20260730_132158.csv,512,DEFECT,HIGH,0,31,108,319,500000,4655022,2630395,-4655022,-401193.2,,,,好棒_总长1000mm_任意重度敲_铁头
300,13:21:59,hit_300_20260730_132159.csv,512,DEFECT,HIGH,0,45,120,412,500000,3205381,3205381,-2901225,-223356.6,,,,好棒_总长1000mm_任意重度敲_铁头
301,13:22:00,hit_301_20260730_132200.csv,512,DEFECT,HIGH,0,45,118,420,500000,4059697,3366848,-4059697,-391919.3,,,,好棒_总长1000mm_任意重度敲_铁头
302,13:22:00,hit_302_20260730_132200.csv,512,DEFECT,HIGH,0,43,121,390,500000,3198037,3198037,-3163185,-261118.0,,,,好棒_总长1000mm_任意重度敲_铁头
303,13:22:01,hit_303_20260730_132201.csv,512,DEFECT,HIGH,0,39,117,367,500000,3458719,3078222,-3458719,-294154.6,,,,好棒_总长1000mm_任意重度敲_铁头
304,13:22:01,hit_304_20260730_132201.csv,512,DEFECT,HIGH,0,39,119,361,500000,3070693,2985614,-3070693,-236417.4,,,,好棒_总长1000mm_任意重度敲_铁头
305,13:22:02,hit_305_20260730_132202.csv,512,DEFECT,HIGH,0,23,118,214,500000,4334716,2745698,-4334716,-397318.0,,,,好棒_总长1000mm_任意重度敲_铁头
306,13:22:02,hit_306_20260730_132202.csv,512,DEFECT,HIGH,0,32,108,329,500000,4686861,2663703,-4686861,-392650.6,,,,好棒_总长1000mm_任意重度敲_铁头
307,13:22:02,hit_307_20260730_132202.csv,512,DEFECT,HIGH,0,47,108,484,500000,4077288,2975541,-4077288,-307986.1,,,,好棒_总长1000mm_任意重度敲_铁头
308,13:22:03,hit_308_20260730_132203.csv,512,DEFECT,HIGH,0,52,116,495,500000,3352769,3352769,-2776443,-181744.7,,,,好棒_总长1000mm_任意重度敲_铁头
309,13:22:03,hit_309_20260730_132203.csv,512,DEFECT,HIGH,0,28,122,252,500000,4212823,2968985,-4212823,-298319.9,,,,好棒_总长1000mm_任意重度敲_铁头
310,13:22:04,hit_310_20260730_132204.csv,512,DEFECT,HIGH,0,28,120,256,500000,4212801,2977511,-4212801,-341874.3,,,,好棒_总长1000mm_任意重度敲_铁头
311,13:22:04,hit_311_20260730_132204.csv,512,DEFECT,HIGH,0,25,121,227,500000,4505620,2384422,-4505620,-347473.0,,,,好棒_总长1000mm_任意重度敲_铁头
312,13:22:04,hit_312_20260730_132204.csv,512,DEFECT,HIGH,0,25,119,231,500000,4350607,2798658,-4350607,-363677.9,,,,好棒_总长1000mm_任意重度敲_铁头
313,13:22:05,hit_313_20260730_132205.csv,512,DEFECT,HIGH,0,51,116,485,500000,3256064,3256064,-2757463,-170540.8,,,,好棒_总长1000mm_任意重度敲_铁头
314,13:22:05,hit_314_20260730_132205.csv,512,DEFECT,HIGH,0,49,108,505,500000,3757871,3274425,-3757871,-274721.3,,,,好棒_总长1000mm_任意重度敲_铁头
315,13:22:05,hit_315_20260730_132205.csv,512,DEFECT,HIGH,0,36,117,339,500000,2946761,2946761,-2402198,-210251.4,,,,好棒_总长1000mm_任意重度敲_铁头
316,13:22:06,hit_316_20260730_132206.csv,512,DEFECT,HIGH,0,32,116,304,500000,2556416,2556416,-1997110,-191853.2,,,,好棒_总长1000mm_任意重度敲_铁头
317,13:22:06,hit_317_20260730_132206.csv,512,DEFECT,LOW,0,31,0,295,500000,3949263,2829175,-3949263,-343893.6,,,,好棒_总长1000mm_任意重度敲_铁头
318,13:22:06,hit_318_20260730_132206.csv,512,DEFECT,HIGH,0,26,123,232,500000,3981153,2371433,-3981153,-221848.9,,,,好棒_总长1000mm_任意重度敲_铁头
319,13:22:07,hit_319_20260730_132207.csv,512,DEFECT,HIGH,0,32,108,329,500000,4251653,2960399,-4251653,-366551.7,,,,好棒_总长1000mm_任意重度敲_铁头
320,13:22:07,hit_320_20260730_132207.csv,512,DEFECT,HIGH,0,38,118,355,500000,2880160,2880160,-2479246,-190212.7,,,,好棒_总长1000mm_任意重度敲_铁头
321,13:22:07,hit_321_20260730_132207.csv,512,DEFECT,HIGH,0,45,122,405,500000,4289205,3151441,-4289205,-424581.2,,,,好棒_总长1000mm_任意重度敲_铁头
322,13:22:08,hit_322_20260730_132208.csv,512,DEFECT,HIGH,0,58,116,552,500000,2707013,2707013,-2363203,-143772.4,,,,好棒_总长1000mm_任意重度敲_铁头
323,13:22:08,hit_323_20260730_132208.csv,512,DEFECT,HIGH,0,27,108,278,500000,5108174,2851584,-5108174,-317526.4,,,,好棒_总长1000mm_任意重度敲_铁头
324,13:22:08,hit_324_20260730_132208.csv,512,DEFECT,HIGH,0,46,118,429,500000,3891108,3464182,-3891108,-270715.9,,,,好棒_总长1000mm_任意重度敲_铁头
325,13:22:09,hit_325_20260730_132209.csv,512,DEFECT,HIGH,0,24,122,216,500000,4576620,2715264,-4576620,-212749.8,,,,好棒_总长1000mm_任意重度敲_铁头
326,13:22:09,hit_326_20260730_132209.csv,512,DEFECT,HIGH,0,30,115,288,500000,3925989,2998022,-3925989,-33136.9,,,,好棒_总长1000mm_任意重度敲_铁头
327,13:22:10,hit_327_20260730_132210.csv,512,DEFECT,HIGH,0,30,117,283,500000,4004048,2834292,-4004048,-78495.3,,,,好棒_总长1000mm_任意重度敲_铁头
328,13:22:10,hit_328_20260730_132210.csv,512,DEFECT,HIGH,0,97,116,819,500000,3874514,3115694,-3874514,21928.3,,,,好棒_总长1000mm_任意重度敲_铁头
329,13:22:10,hit_329_20260730_132210.csv,512,DEFECT,HIGH,0,28,116,266,500000,3646901,2657135,-3646901,-15108.6,,,,好棒_总长1000mm_任意重度敲_铁头
330,13:22:11,hit_330_20260730_132211.csv,512,DEFECT,HIGH,0,42,119,388,500000,3624809,3131810,-3624809,-216963.1,,,,好棒_总长1000mm_任意重度敲_铁头
331,13:22:11,hit_331_20260730_132211.csv,512,DEFECT,HIGH,0,44,114,427,500000,2364958,2364958,-2014194,-150051.6,,,,好棒_总长1000mm_任意重度敲_铁头
332,13:22:11,hit_332_20260730_132211.csv,512,DEFECT,HIGH,0,38,117,358,500000,3439813,2764317,-3439813,-226668.7,,,,好棒_总长1000mm_任意重度敲_铁头
333,13:22:12,hit_333_20260730_132212.csv,512,DEFECT,HIGH,0,27,115,259,500000,3639634,2233800,-3639634,-135959.2,,,,好棒_总长1000mm_任意重度敲_铁头
334,13:22:12,hit_334_20260730_132212.csv,512,DEFECT,HIGH,0,29,116,276,500000,3810996,2806910,-3810996,-56895.2,,,,好棒_总长1000mm_任意重度敲_铁头
335,13:22:12,hit_335_20260730_132212.csv,512,DEFECT,HIGH,0,31,118,289,500000,3928227,2347040,-3928227,-160810.6,,,,好棒_总长1000mm_任意重度敲_铁头
336,13:22:13,hit_336_20260730_132213.csv,512,DEFECT,HIGH,0,23,120,211,500000,4506218,2682075,-4506218,-285613.6,,,,好棒_总长1000mm_任意重度敲_铁头
337,13:22:13,hit_337_20260730_132213.csv,512,DEFECT,HIGH,0,54,114,524,500000,2379484,2379484,-2033090,-139588.5,,,,好棒_总长1000mm_任意重度敲_铁头
338,13:22:14,hit_338_20260730_132214.csv,512,DEFECT,HIGH,0,69,113,676,500000,3844436,3197443,-3844436,73775.6,,,,好棒_总长1000mm_任意重度敲_铁头
339,13:22:14,hit_339_20260730_132214.csv,512,DEFECT,HIGH,0,33,119,305,500000,3049306,3049306,-2542541,-230209.2,,,,好棒_总长1000mm_任意重度敲_铁头
340,13:22:15,hit_340_20260730_132215.csv,512,DEFECT,HIGH,0,28,114,271,581520,2982119,2960694,-2982119,-253790.0,,,,好棒_总长1000mm_任意重度敲_铁头
341,13:22:15,hit_341_20260730_132215.csv,512,DEFECT,HIGH,0,26,112,257,500000,2350514,2350514,-1874893,-170129.4,,,,好棒_总长1000mm_任意重度敲_铁头
342,13:22:15,hit_342_20260730_132215.csv,512,DEFECT,HIGH,0,33,114,320,500000,3241872,2992957,-3241872,-287905.3,,,,好棒_总长1000mm_任意重度敲_铁头
343,13:22:15,hit_343_20260730_132215.csv,512,DEFECT,HIGH,0,26,117,245,500000,3670848,2896305,-3670848,-347755.0,,,,好棒_总长1000mm_任意重度敲_铁头
344,13:22:16,hit_344_20260730_132216.csv,512,DEFECT,HIGH,0,35,117,330,500000,4026498,2643467,-4026498,-428107.9,,,,好棒_总长1000mm_任意重度敲_铁头
345,13:22:16,hit_345_20260730_132216.csv,512,DEFECT,HIGH,0,21,116,200,500000,3726009,2504465,-3726009,-345598.0,,,,好棒_总长1000mm_任意重度敲_铁头
346,13:22:16,hit_346_20260730_132216.csv,512,DEFECT,HIGH,0,36,115,346,500000,3961668,3001710,-3961668,-412832.9,,,,好棒_总长1000mm_任意重度敲_铁头
347,13:22:17,hit_347_20260730_132217.csv,512,DEFECT,HIGH,0,22,117,207,500000,4123165,2299105,-4123165,-364035.6,,,,好棒_总长1000mm_任意重度敲_铁头
348,13:22:17,hit_348_20260730_132217.csv,512,DEFECT,HIGH,0,21,115,201,500000,4343660,2452511,-4343660,-424444.5,,,,好棒_总长1000mm_任意重度敲_铁头
349,13:22:17,hit_349_20260730_132217.csv,512,DEFECT,HIGH,0,72,113,705,500000,3925832,2792063,-3925832,-7432.4,,,,好棒_总长1000mm_任意重度敲_铁头
350,13:22:18,hit_350_20260730_132218.csv,512,DEFECT,HIGH,0,22,116,209,500000,4375517,2475088,-4375517,-380629.9,,,,好棒_总长1000mm_任意重度敲_铁头
351,13:22:18,hit_351_20260730_132218.csv,512,DEFECT,HIGH,0,28,114,271,500000,3841919,2218245,-3841919,-316123.4,,,,好棒_总长1000mm_任意重度敲_铁头
352,13:22:19,hit_352_20260730_132219.csv,512,DEFECT,HIGH,0,34,114,330,500000,2951254,2951254,-2252856,-209248.4,,,,好棒_总长1000mm_任意重度敲_铁头
353,13:22:19,hit_353_20260730_132219.csv,512,DEFECT,HIGH,0,29,114,281,500000,3353044,2709774,-3353044,-292125.8,,,,好棒_总长1000mm_任意重度敲_铁头
354,13:22:19,hit_354_20260730_132219.csv,512,DEFECT,HIGH,0,30,108,309,500000,4657771,2589940,-4657771,-441967.1,,,,好棒_总长1000mm_任意重度敲_铁头
355,13:22:20,hit_355_20260730_132220.csv,512,DEFECT,HIGH,0,73,113,715,500000,3975901,2799666,-3975901,-72186.9,,,,好棒_总长1000mm_任意重度敲_铁头
356,13:22:20,hit_356_20260730_132220.csv,512,DEFECT,HIGH,0,27,114,262,759156,3882154,2605522,-3882154,-393149.1,,,,好棒_总长1000mm_任意重度敲_铁头
357,13:22:21,hit_357_20260730_132221.csv,512,DEFECT,HIGH,0,21,117,198,500000,4007990,2807184,-4007990,-40520.7,,,,好棒_总长1000mm_任意重度敲_铁头
358,13:22:21,hit_358_20260730_132221.csv,512,DEFECT,HIGH,0,96,113,833,500000,3826169,2737943,-3826169,-64576.8,,,,好棒_总长1000mm_任意重度敲_铁头
359,13:22:21,hit_359_20260730_132221.csv,512,DEFECT,HIGH,0,92,113,794,500000,3870351,2647858,-3870351,-66654.5,,,,好棒_总长1000mm_任意重度敲_铁头
360,13:22:22,hit_360_20260730_132222.csv,512,DEFECT,HIGH,0,96,116,809,500000,4092282,2485524,-4092282,-249009.0,,,,好棒_总长1000mm_任意重度敲_铁头
361,13:22:22,hit_361_20260730_132222.csv,512,DEFECT,HIGH,0,88,114,747,500000,4223069,2525269,-4223069,-316726.0,,,,好棒_总长1000mm_任意重度敲_铁头
362,13:22:24,hit_362_20260730_132224.csv,512,DEFECT,HIGH,0,22,115,211,500000,4437997,2621665,-4437997,-457039.6,,,,好棒_总长1000mm_任意重度敲_铁头
363,13:22:24,hit_363_20260730_132224.csv,512,DEFECT,HIGH,0,94,115,798,500000,4023990,2748814,-4023990,-99711.6,,,,好棒_总长1000mm_任意重度敲_铁头
364,13:22:25,hit_364_20260730_132225.csv,512,DEFECT,HIGH,0,22,116,209,500000,4333782,2579041,-4333782,-454390.4,,,,好棒_总长1000mm_任意重度敲_铁头
365,13:22:25,hit_365_20260730_132225.csv,512,NORMAL,HIGH,0,0,110,0,500000,3698956,3698956,-3589456,509407.3,,,,好棒_总长1000mm_任意重度敲_铁头
366,13:22:30,hit_366_20260730_132230.csv,512,DEFECT,HIGH,0,24,109,244,500000,3809440,2390238,-3809440,-255514.6,,,,好棒_总长1000mm_任意重度敲_铁头
367,13:22:30,hit_367_20260730_132230.csv,512,DEFECT,HIGH,0,26,110,262,500000,3721789,2267656,-3721789,-531329.8,,,,好棒_总长1000mm_任意重度敲_铁头
368,13:22:31,hit_368_20260730_132231.csv,512,DEFECT,HIGH,0,30,115,265,500000,2727493,2727493,-1811089,-193490.4,,,,好棒_总长1000mm_任意重度敲_铁头
369,13:22:31,hit_369_20260730_132231.csv,512,DEFECT,HIGH,0,24,110,242,500000,3770301,2047525,-3770301,-364026.3,,,,好棒_总长1000mm_任意重度敲_铁头
370,13:22:31,hit_370_20260730_132231.csv,512,DEFECT,HIGH,0,26,109,265,500000,3021021,2337030,-3021021,-469103.2,,,,好棒_总长1000mm_任意重度敲_铁头
371,13:22:32,hit_371_20260730_132232.csv,512,DEFECT,HIGH,0,28,110,282,500000,2474221,2474221,-1669986,-169657.3,,,,好棒_总长1000mm_任意重度敲_铁头
372,13:22:32,hit_372_20260730_132232.csv,512,DEFECT,HIGH,0,30,114,291,500000,3331587,2530985,-3331587,-362830.0,,,,好棒_总长1000mm_任意重度敲_铁头
373,13:22:33,hit_373_20260730_132233.csv,512,DEFECT,LOW,0,34,0,323,500000,2575902,2575902,-1808487,-197280.1,,,,好棒_总长1000mm_任意重度敲_铁头
374,13:22:33,hit_374_20260730_132233.csv,512,DEFECT,HIGH,0,27,112,267,500000,3553511,2477155,-3553511,-457073.1,,,,好棒_总长1000mm_任意重度敲_铁头
375,13:22:33,hit_375_20260730_132233.csv,512,DEFECT,HIGH,0,30,114,291,500000,2819123,2819123,-2472154,-210753.7,,,,好棒_总长1000mm_任意重度敲_铁头
376,13:22:34,hit_376_20260730_132234.csv,512,DEFECT,LOW,0,33,0,314,725802,2263152,2263152,-1818732,-222073.0,,,,好棒_总长1000mm_任意重度敲_铁头
377,13:22:34,hit_377_20260730_132234.csv,512,DEFECT,HIGH,0,23,114,223,502548,3621566,2164325,-3621566,-372449.8,,,,好棒_总长1000mm_任意重度敲_铁头
378,13:22:34,hit_378_20260730_132234.csv,512,DEFECT,HIGH,0,28,115,269,500000,3933801,2341950,-3933801,-431601.0,,,,好棒_总长1000mm_任意重度敲_铁头
379,13:22:35,hit_379_20260730_132235.csv,512,DEFECT,HIGH,0,87,114,737,500000,3632713,2504672,-3632713,-199437.1,,,,好棒_总长1000mm_任意重度敲_铁头
380,13:22:35,hit_380_20260730_132235.csv,512,DEFECT,HIGH,0,84,113,715,500000,3396187,2130887,-3396187,-236903.3,,,,好棒_总长1000mm_任意重度敲_铁头
381,13:22:35,hit_381_20260730_132235.csv,512,DEFECT,HIGH,0,28,116,266,500000,3816399,2254300,-3816399,-326051.8,,,,好棒_总长1000mm_任意重度敲_铁头
382,13:22:36,hit_382_20260730_132236.csv,512,DEFECT,HIGH,0,86,114,728,500000,3483411,2359363,-3483411,-286232.4,,,,好棒_总长1000mm_任意重度敲_铁头
383,13:22:36,hit_383_20260730_132236.csv,512,DEFECT,HIGH,0,30,116,285,500000,4063497,2353786,-4063497,-401910.3,,,,好棒_总长1000mm_任意重度敲_铁头
384,13:22:36,hit_384_20260730_132236.csv,512,NORMAL,HIGH,0,0,111,0,500000,3430673,3207184,-3430673,212397.2,,,,好棒_总长1000mm_任意重度敲_铁头
385,13:22:37,hit_385_20260730_132237.csv,512,NORMAL,HIGH,0,0,112,0,500000,3697585,3697585,-3531561,420003.6,,,,好棒_总长1000mm_任意重度敲_铁头
386,13:22:37,hit_386_20260730_132237.csv,512,DEFECT,HIGH,0,98,114,844,500000,3997180,2890348,-3997180,-83417.9,,,,好棒_总长1000mm_任意重度敲_铁头
387,13:22:37,hit_387_20260730_132237.csv,512,NORMAL,HIGH,0,0,111,0,500000,5003499,5003499,-3404753,838167.2,,,,好棒_总长1000mm_任意重度敲_铁头
388,13:22:38,hit_388_20260730_132238.csv,512,DEFECT,HIGH,0,24,116,228,500000,4985131,2674342,-4985131,-619697.6,,,,好棒_总长1000mm_任意重度敲_铁头
389,13:22:38,hit_389_20260730_132238.csv,512,DEFECT,HIGH,0,21,115,201,500000,4223481,3291619,-4223481,33987.3,,,,好棒_总长1000mm_任意重度敲_铁头
390,13:22:38,hit_390_20260730_132238.csv,512,DEFECT,HIGH,0,21,112,207,500000,4600330,3297754,-4600330,-169675.2,,,,好棒_总长1000mm_任意重度敲_铁头
391,13:22:39,hit_391_20260730_132239.csv,512,DEFECT,HIGH,0,22,115,211,500000,4630558,2886676,-4630558,-339206.4,,,,好棒_总长1000mm_任意重度敲_铁头
392,13:22:39,hit_392_20260730_132239.csv,512,DEFECT,HIGH,0,26,115,250,500000,5148957,2658489,-5148957,-668905.9,,,,好棒_总长1000mm_任意重度敲_铁头
393,13:22:39,hit_393_20260730_132239.csv,512,NORMAL,HIGH,0,0,110,0,500000,3677683,3677683,-3588845,334078.0,,,,好棒_总长1000mm_任意重度敲_铁头
394,13:22:40,hit_394_20260730_132240.csv,512,NORMAL,HIGH,0,0,110,0,500000,3934427,3934427,-3176082,576210.2,,,,好棒_总长1000mm_任意重度敲_铁头
395,13:22:40,hit_395_20260730_132240.csv,512,DEFECT,HIGH,0,38,117,358,500000,3658365,3293051,-3658365,-603798.9,,,,好棒_总长1000mm_任意重度敲_铁头
396,13:22:40,hit_396_20260730_132240.csv,512,DEFECT,HIGH,0,28,111,280,500000,4220623,2632353,-4220623,-375530.6,,,,好棒_总长1000mm_任意重度敲_铁头
397,13:22:41,hit_397_20260730_132241.csv,512,DEFECT,HIGH,0,25,109,255,500000,4009621,3084495,-4009621,11440.0,,,,好棒_总长1000mm_任意重度敲_铁头
398,13:22:41,hit_398_20260730_132241.csv,512,DEFECT,HIGH,0,34,117,320,500000,3949894,2768605,-3949894,-522025.7,,,,好棒_总长1000mm_任意重度敲_铁头
399,13:22:41,hit_399_20260730_132241.csv,512,DEFECT,HIGH,0,27,110,272,500000,4051174,2561268,-4051174,-354175.8,,,,好棒_总长1000mm_任意重度敲_铁头
400,13:22:42,hit_400_20260730_132242.csv,512,DEFECT,HIGH,0,22,114,213,500000,4527852,2591676,-4527852,-543654.3,,,,好棒_总长1000mm_任意重度敲_铁头
401,13:22:42,hit_401_20260730_132242.csv,512,DEFECT,HIGH,0,28,119,259,500000,4775454,2587234,-4775454,-534229.0,,,,好棒_总长1000mm_任意重度敲_铁头
402,13:22:42,hit_402_20260730_132242.csv,512,DEFECT,HIGH,0,24,112,237,500000,5028873,2920384,-5028873,-625775.1,,,,好棒_总长1000mm_任意重度敲_铁头
403,13:22:43,hit_403_20260730_132243.csv,512,NORMAL,HIGH,0,0,112,0,500000,4132350,4132350,-3956423,369462.8,,,,好棒_总长1000mm_任意重度敲_铁头
404,13:22:43,hit_404_20260730_132243.csv,512,NORMAL,HIGH,0,0,111,0,500000,4269576,4269576,-4070831,440553.3,,,,好棒_总长1000mm_任意重度敲_铁头
405,13:22:43,hit_405_20260730_132243.csv,512,NORMAL,HIGH,0,0,116,0,500000,4117975,3863231,-4117975,286439.3,,,,好棒_总长1000mm_任意重度敲_铁头
406,13:22:44,hit_406_20260730_132244.csv,512,NORMAL,HIGH,0,0,110,0,500000,4196999,4196999,-3183071,821785.7,,,,好棒_总长1000mm_任意重度敲_铁头
407,13:22:44,hit_407_20260730_132244.csv,512,NORMAL,HIGH,0,0,113,0,500000,4437987,4437987,-2923716,1180456.4,,,,好棒_总长1000mm_任意重度敲_铁头
408,13:22:44,hit_408_20260730_132244.csv,512,NORMAL,HIGH,0,0,109,0,500000,3915727,3915727,-3388861,629853.3,,,,好棒_总长1000mm_任意重度敲_铁头
409,13:22:45,hit_409_20260730_132245.csv,512,NORMAL,HIGH,0,0,109,0,500000,3796604,3796604,-3616106,524108.3,,,,好棒_总长1000mm_任意重度敲_铁头
410,13:22:45,hit_410_20260730_132245.csv,512,NORMAL,HIGH,0,0,108,0,500000,4299352,4299352,-3113910,1060670.0,,,,好棒_总长1000mm_任意重度敲_铁头
411,13:22:45,hit_411_20260730_132245.csv,512,NORMAL,HIGH,0,0,109,0,500000,4415171,4415171,-3218048,1030562.4,,,,好棒_总长1000mm_任意重度敲_铁头
412,13:22:46,hit_412_20260730_132246.csv,512,NORMAL,HIGH,0,0,108,0,500000,3934108,3934108,-3577202,490470.9,,,,好棒_总长1000mm_任意重度敲_铁头
413,13:22:46,hit_413_20260730_132246.csv,512,NORMAL,HIGH,0,0,108,0,500000,4001073,4001073,-3348752,775419.2,,,,好棒_总长1000mm_任意重度敲_铁头
414,13:22:46,hit_414_20260730_132246.csv,512,NORMAL,HIGH,0,0,112,0,500000,4398976,4398976,-2762346,1236353.0,,,,好棒_总长1000mm_任意重度敲_铁头
415,13:22:46,hit_415_20260730_132246.csv,512,NORMAL,HIGH,0,0,108,0,500000,3963890,3963890,-3069019,843984.2,,,,好棒_总长1000mm_任意重度敲_铁头
416,13:22:47,hit_416_20260730_132247.csv,512,NORMAL,HIGH,0,0,108,0,500000,3875505,3875505,-2988785,841949.1,,,,好棒_总长1000mm_任意重度敲_铁头
417,13:22:47,hit_417_20260730_132247.csv,512,DEFECT,HIGH,0,25,108,257,500000,4051529,3347886,-4051529,88677.2,,,,好棒_总长1000mm_任意重度敲_铁头
418,13:22:47,hit_418_20260730_132247.csv,512,NORMAL,HIGH,0,0,108,0,500000,3775477,3775477,-3774023,444749.2,,,,好棒_总长1000mm_任意重度敲_铁头
419,13:22:48,hit_419_20260730_132248.csv,512,NORMAL,HIGH,0,0,111,0,500000,4304704,4304704,-2618482,1175016.1,,,,好棒_总长1000mm_任意重度敲_铁头
420,13:22:48,hit_420_20260730_132248.csv,512,NORMAL,HIGH,0,0,108,0,500000,3683572,3683572,-3347532,619420.2,,,,好棒_总长1000mm_任意重度敲_铁头
421,13:22:48,hit_421_20260730_132248.csv,512,NORMAL,HIGH,0,0,108,0,500000,3877380,3603581,-3877380,343777.4,,,,好棒_总长1000mm_任意重度敲_铁头
422,13:22:49,hit_422_20260730_132249.csv,512,NORMAL,HIGH,0,0,108,0,500000,3712469,3712469,-3443911,545859.5,,,,好棒_总长1000mm_任意重度敲_铁头
423,13:22:49,hit_423_20260730_132249.csv,512,NORMAL,HIGH,0,0,108,0,500000,4808839,4808839,-3071942,1281034.7,,,,好棒_总长1000mm_任意重度敲_铁头
424,13:22:49,hit_424_20260730_132249.csv,512,NORMAL,HIGH,0,0,108,0,500000,3676438,3216295,-3676438,174170.8,,,,好棒_总长1000mm_任意重度敲_铁头
425,13:22:50,hit_425_20260730_132250.csv,512,NORMAL,HIGH,0,0,108,0,500000,4158053,4158053,-3637064,661540.8,,,,好棒_总长1000mm_任意重度敲_铁头
426,13:22:50,hit_426_20260730_132250.csv,512,NORMAL,HIGH,0,0,108,0,500000,4101996,4101996,-3746990,616924.0,,,,好棒_总长1000mm_任意重度敲_铁头
427,13:22:50,hit_427_20260730_132250.csv,512,NORMAL,HIGH,0,0,109,0,500000,4907297,4907297,-3058492,1478847.5,,,,好棒_总长1000mm_任意重度敲_铁头
428,13:22:50,hit_428_20260730_132250.csv,512,NORMAL,HIGH,0,0,108,0,500000,4925316,4925316,-3189391,1153827.8,,,,好棒_总长1000mm_任意重度敲_铁头
429,13:22:51,hit_429_20260730_132251.csv,512,NORMAL,HIGH,0,0,108,0,500000,5952615,5952615,-2872606,1883447.6,,,,好棒_总长1000mm_任意重度敲_铁头
430,13:22:51,hit_430_20260730_132251.csv,512,NORMAL,HIGH,0,0,109,0,500000,4878809,4878809,-3054213,1219427.1,,,,好棒_总长1000mm_任意重度敲_铁头
431,13:22:51,hit_431_20260730_132251.csv,512,NORMAL,HIGH,0,0,113,0,500000,5026787,5026787,-2796018,1329785.0,,,,好棒_总长1000mm_任意重度敲_铁头
432,13:22:52,hit_432_20260730_132252.csv,512,DEFECT,HIGH,0,76,112,752,500000,4331338,3049835,-4331338,-85282.4,,,,好棒_总长1000mm_任意重度敲_铁头
433,13:22:52,hit_433_20260730_132252.csv,512,NORMAL,HIGH,0,0,112,0,500000,4086808,4086808,-3757874,737397.0,,,,好棒_总长1000mm_任意重度敲_铁头
434,13:22:52,hit_434_20260730_132252.csv,512,NORMAL,HIGH,0,0,111,0,500000,5791680,5791680,-3069496,1874211.2,,,,好棒_总长1000mm_任意重度敲_铁头
435,13:22:53,hit_435_20260730_132253.csv,512,NORMAL,HIGH,0,0,112,0,500000,4335457,4335457,-3772005,896203.7,,,,好棒_总长1000mm_任意重度敲_铁头
436,13:22:53,hit_436_20260730_132253.csv,512,NORMAL,HIGH,0,0,110,0,500000,3735867,3517206,-3735867,356538.2,,,,好棒_总长1000mm_任意重度敲_铁头
437,13:22:53,hit_437_20260730_132253.csv,512,NORMAL,HIGH,0,0,114,0,500000,5388853,5388853,-2959903,1681045.9,,,,好棒_总长1000mm_任意重度敲_铁头
438,13:22:53,hit_438_20260730_132253.csv,512,NORMAL,HIGH,0,0,110,0,500000,3964541,3438451,-3964541,225684.2,,,,好棒_总长1000mm_任意重度敲_铁头
439,13:22:54,hit_439_20260730_132254.csv,512,NORMAL,HIGH,0,0,113,0,500000,5280151,5280151,-2779796,1561988.9,,,,好棒_总长1000mm_任意重度敲_铁头
440,13:22:54,hit_440_20260730_132254.csv,512,NORMAL,HIGH,0,0,110,0,500000,4671329,4671329,-3544403,1035736.6,,,,好棒_总长1000mm_任意重度敲_铁头
441,13:22:54,hit_441_20260730_132254.csv,512,NORMAL,HIGH,0,0,112,0,500000,5805212,5805212,-2699857,1990564.6,,,,好棒_总长1000mm_任意重度敲_铁头
442,13:22:55,hit_442_20260730_132255.csv,512,NORMAL,HIGH,0,0,112,0,500000,4695258,4695258,-2638301,1440492.2,,,,好棒_总长1000mm_任意重度敲_铁头
443,13:22:55,hit_443_20260730_132255.csv,512,NORMAL,HIGH,0,0,112,0,500000,5222484,5222484,-2833653,1749945.6,,,,好棒_总长1000mm_任意重度敲_铁头
444,13:22:55,hit_444_20260730_132255.csv,512,NORMAL,HIGH,0,0,108,0,500000,4806094,4806094,-3218979,1150827.9,,,,好棒_总长1000mm_任意重度敲_铁头
445,13:22:56,hit_445_20260730_132256.csv,512,NORMAL,HIGH,0,0,112,0,500000,5003848,5003848,-3019433,1412477.5,,,,好棒_总长1000mm_任意重度敲_铁头
446,13:22:56,hit_446_20260730_132256.csv,512,NORMAL,HIGH,0,0,108,0,500000,4275215,4275215,-4010635,649000.6,,,,好棒_总长1000mm_任意重度敲_铁头
447,13:22:56,hit_447_20260730_132256.csv,512,NORMAL,HIGH,0,0,108,0,500000,5016983,5016983,-3444082,1137535.5,,,,好棒_总长1000mm_任意重度敲_铁头
448,13:22:57,hit_448_20260730_132257.csv,512,NORMAL,HIGH,0,0,110,0,500000,4171421,3707675,-4171421,182185.6,,,,好棒_总长1000mm_任意重度敲_铁头
449,13:22:57,hit_449_20260730_132257.csv,512,NORMAL,HIGH,0,0,108,0,500000,4413219,4413219,-4394343,455161.9,,,,好棒_总长1000mm_任意重度敲_铁头
450,13:22:57,hit_450_20260730_132257.csv,512,NORMAL,HIGH,0,0,109,0,500000,5351837,5351837,-3828618,1134636.2,,,,好棒_总长1000mm_任意重度敲_铁头
451,13:22:58,hit_451_20260730_132258.csv,512,NORMAL,HIGH,0,0,113,0,500000,4097297,4097297,-3915005,744033.3,,,,好棒_总长1000mm_任意重度敲_铁头
452,13:22:58,hit_452_20260730_132258.csv,512,NORMAL,HIGH,0,0,109,0,500000,4585228,4585228,-3694733,809323.8,,,,好棒_总长1000mm_任意重度敲_铁头
453,13:22:58,hit_453_20260730_132258.csv,512,NORMAL,HIGH,0,0,108,0,500000,4932417,4932417,-3203192,1172880.2,,,,好棒_总长1000mm_任意重度敲_铁头
454,13:22:59,hit_454_20260730_132259.csv,512,NORMAL,HIGH,0,0,113,0,500000,6074102,6074102,-2834533,1874988.0,,,,好棒_总长1000mm_任意重度敲_铁头
455,13:22:59,hit_455_20260730_132259.csv,512,NORMAL,HIGH,0,0,108,0,500000,3909057,3909057,-3608297,529090.2,,,,好棒_总长1000mm_任意重度敲_铁头
456,13:22:59,hit_456_20260730_132259.csv,512,NORMAL,HIGH,0,0,108,0,500000,4947764,4947764,-3151589,1342671.0,,,,好棒_总长1000mm_任意重度敲_铁头
457,13:23:00,hit_457_20260730_132300.csv,512,NORMAL,HIGH,0,0,108,0,500000,3880013,3880013,-3523635,636684.6,,,,好棒_总长1000mm_任意重度敲_铁头
458,13:23:00,hit_458_20260730_132300.csv,512,NORMAL,HIGH,0,0,109,0,500000,4569337,3631019,-4569337,76060.5,,,,好棒_总长1000mm_任意重度敲_铁头
459,13:23:00,hit_459_20260730_132300.csv,512,NORMAL,HIGH,0,0,108,0,500000,4400019,4213646,-4400019,403284.5,,,,好棒_总长1000mm_任意重度敲_铁头
460,13:23:01,hit_460_20260730_132301.csv,512,NORMAL,HIGH,0,0,108,0,500000,4442073,4442073,-4199078,482298.1,,,,好棒_总长1000mm_任意重度敲_铁头
461,13:23:01,hit_461_20260730_132301.csv,512,DEFECT,HIGH,0,24,111,240,500000,4951781,3455560,-4951781,-321414.3,,,,好棒_总长1000mm_任意重度敲_铁头
462,13:23:01,hit_462_20260730_132301.csv,512,NORMAL,HIGH,0,0,111,0,500000,5131157,5131157,-3670014,1070447.1,,,,好棒_总长1000mm_任意重度敲_铁头
463,13:23:02,hit_463_20260730_132302.csv,512,NORMAL,HIGH,0,0,108,0,500000,4972944,4332208,-4972944,314291.5,,,,好棒_总长1000mm_任意重度敲_铁头
464,13:23:02,hit_464_20260730_132302.csv,512,NORMAL,HIGH,0,0,108,0,500000,5351894,5351894,-4214192,898400.0,,,,好棒_总长1000mm_任意重度敲_铁头
465,13:23:02,hit_465_20260730_132302.csv,512,DEFECT,LOW,0,30,0,285,500000,2344112,744280,-2344112,-32956.3,,,,好棒_总长1000mm_任意重度敲_铁头
466,13:23:02,hit_466_20260730_132302.csv,512,DEFECT,HIGH,0,25,111,250,500000,5117369,3098420,-5117369,-506302.7,,,,好棒_总长1000mm_任意重度敲_铁头
467,13:23:03,hit_467_20260730_132303.csv,512,NORMAL,HIGH,0,0,108,0,500000,4859013,4859013,-3506963,1183022.9,,,,好棒_总长1000mm_任意重度敲_铁头
468,13:23:03,hit_468_20260730_132303.csv,512,NORMAL,HIGH,0,0,110,0,500000,4426001,4426001,-3953212,628286.3,,,,好棒_总长1000mm_任意重度敲_铁头
469,13:23:03,hit_469_20260730_132303.csv,512,NORMAL,HIGH,0,0,110,0,500000,5367899,5367899,-3234437,1383455.4,,,,好棒_总长1000mm_任意重度敲_铁头
470,13:23:04,hit_470_20260730_132304.csv,512,NORMAL,HIGH,0,0,111,0,500000,4965848,4965848,-3571021,974744.5,,,,好棒_总长1000mm_任意重度敲_铁头
471,13:23:04,hit_471_20260730_132304.csv,512,DEFECT,HIGH,0,21,118,196,500000,4295106,4295106,-4062434,764632.5,,,,好棒_总长1000mm_任意重度敲_铁头
472,13:23:04,hit_472_20260730_132304.csv,512,DEFECT,HIGH,0,62,114,601,500000,3886446,3886446,-3344005,628001.5,,,,好棒_总长1000mm_任意重度敲_铁头
473,13:23:04,hit_473_20260730_132304.csv,512,NORMAL,HIGH,0,0,110,0,500000,6227180,6227180,-2910542,2032320.3,,,,好棒_总长1000mm_任意重度敲_铁头
474,13:23:05,hit_474_20260730_132305.csv,512,NORMAL,HIGH,0,0,111,0,500000,4319783,4319783,-3588666,566338.7,,,,好棒_总长1000mm_任意重度敲_铁头
475,13:23:05,hit_475_20260730_132305.csv,512,DEFECT,HIGH,0,28,120,256,500000,4718690,3892736,-4718690,202945.7,,,,好棒_总长1000mm_任意重度敲_铁头
476,13:23:05,hit_476_20260730_132305.csv,512,NORMAL,HIGH,0,0,109,0,500000,5148593,5148593,-3584276,1126974.5,,,,好棒_总长1000mm_任意重度敲_铁头
477,13:23:06,hit_477_20260730_132306.csv,512,NORMAL,HIGH,0,0,108,0,500000,4381714,4381714,-3558228,714786.4,,,,好棒_总长1000mm_任意重度敲_铁头
478,13:23:06,hit_478_20260730_132306.csv,512,NORMAL,HIGH,0,0,108,0,500000,4442021,3880487,-4442021,275820.0,,,,好棒_总长1000mm_任意重度敲_铁头
479,13:23:06,hit_479_20260730_132306.csv,512,NORMAL,HIGH,0,0,108,0,500000,4111804,3913600,-4111804,394263.2,,,,好棒_总长1000mm_任意重度敲_铁头
480,13:23:06,hit_480_20260730_132306.csv,512,NORMAL,HIGH,0,0,108,0,500000,4941244,3785057,-4941244,97612.3,,,,好棒_总长1000mm_任意重度敲_铁头
481,13:23:07,hit_481_20260730_132307.csv,512,NORMAL,HIGH,0,0,108,0,500000,4361249,4361249,-3666338,666605.7,,,,好棒_总长1000mm_任意重度敲_铁头
482,13:23:07,hit_482_20260730_132307.csv,512,NORMAL,HIGH,0,0,108,0,500000,5706010,5706010,-3444532,1535413.7,,,,好棒_总长1000mm_任意重度敲_铁头
483,13:23:07,hit_483_20260730_132307.csv,512,NORMAL,HIGH,0,0,109,0,500000,4387482,3372639,-4387482,-11123.4,,,,好棒_总长1000mm_任意重度敲_铁头
484,13:23:08,hit_484_20260730_132308.csv,512,DEFECT,HIGH,0,28,111,280,500000,4193206,2832254,-4193206,-223022.7,,,,好棒_总长1000mm_任意重度敲_铁头
485,13:23:08,hit_485_20260730_132308.csv,512,NORMAL,HIGH,0,0,108,0,500000,4445664,4363904,-4445664,441529.1,,,,好棒_总长1000mm_任意重度敲_铁头
486,13:23:08,hit_486_20260730_132308.csv,512,DEFECT,HIGH,0,21,110,212,500000,4701882,3310870,-4701882,-221716.7,,,,好棒_总长1000mm_任意重度敲_铁头
487,13:23:08,hit_487_20260730_132308.csv,512,NORMAL,HIGH,0,0,109,0,500000,4320249,4320249,-3971427,486340.8,,,,好棒_总长1000mm_任意重度敲_铁头
488,13:23:09,hit_488_20260730_132309.csv,512,NORMAL,HIGH,0,0,108,0,500000,4614920,4614920,-3721090,709421.7,,,,好棒_总长1000mm_任意重度敲_铁头
489,13:23:09,hit_489_20260730_132309.csv,512,NORMAL,HIGH,0,0,114,0,500000,4712985,4712985,-4285532,632083.3,,,,好棒_总长1000mm_任意重度敲_铁头
490,13:23:09,hit_490_20260730_132309.csv,512,NORMAL,HIGH,0,0,109,0,500000,6038257,6038257,-3189829,1429352.1,,,,好棒_总长1000mm_任意重度敲_铁头
491,13:23:09,hit_491_20260730_132309.csv,512,NORMAL,HIGH,0,0,109,0,500000,6229368,6229368,-2957194,1737396.7,,,,好棒_总长1000mm_任意重度敲_铁头
492,13:23:10,hit_492_20260730_132310.csv,512,NORMAL,HIGH,0,0,111,0,500000,5618167,5618167,-3583625,1093069.8,,,,好棒_总长1000mm_任意重度敲_铁头
493,13:23:10,hit_493_20260730_132310.csv,512,NORMAL,HIGH,0,0,109,0,500000,5682582,5682582,-3227910,1195701.1,,,,好棒_总长1000mm_任意重度敲_铁头
494,13:23:10,hit_494_20260730_132310.csv,512,NORMAL,HIGH,0,0,108,0,500000,5873962,5873962,-3207970,1266887.5,,,,好棒_总长1000mm_任意重度敲_铁头
495,13:23:11,hit_495_20260730_132311.csv,512,NORMAL,HIGH,0,0,109,0,500000,4926828,4926828,-3728869,745471.2,,,,好棒_总长1000mm_任意重度敲_铁头
496,13:23:11,hit_496_20260730_132311.csv,512,NORMAL,HIGH,0,0,108,0,500000,4302607,3986983,-4302607,217765.5,,,,好棒_总长1000mm_任意重度敲_铁头
497,13:23:11,hit_497_20260730_132311.csv,512,NORMAL,HIGH,0,0,109,0,500000,4258112,4258112,-4257547,454852.6,,,,好棒_总长1000mm_任意重度敲_铁头
498,13:23:11,hit_498_20260730_132311.csv,512,NORMAL,HIGH,0,0,108,0,500000,4606712,4606712,-4041040,757109.7,,,,好棒_总长1000mm_任意重度敲_铁头
499,13:23:12,hit_499_20260730_132312.csv,512,NORMAL,HIGH,0,0,109,0,500000,4370960,4163912,-4370960,451991.0,,,,好棒_总长1000mm_任意重度敲_铁头
500,13:23:12,hit_500_20260730_132312.csv,512,DEFECT,HIGH,0,21,112,207,500000,4421253,3445517,-4421253,-108985.5,,,,好棒_总长1000mm_任意重度敲_铁头
501,13:23:12,hit_501_20260730_132312.csv,512,DEFECT,HIGH,0,76,111,760,500000,4779564,3616788,-4779564,-40124.0,,,,好棒_总长1000mm_任意重度敲_铁头
502,13:23:12,hit_502_20260730_132312.csv,512,DEFECT,HIGH,0,29,118,271,500000,5475893,3156966,-5475893,-693371.7,,,,好棒_总长1000mm_任意重度敲_铁头
503,13:23:13,hit_503_20260730_132313.csv,512,NORMAL,HIGH,0,0,114,0,500000,4533878,4533878,-4127435,624573.7,,,,好棒_总长1000mm_任意重度敲_铁头
504,13:23:13,hit_504_20260730_132313.csv,512,NORMAL,HIGH,0,0,111,0,500000,4189179,4189179,-3298930,675117.0,,,,好棒_总长1000mm_任意重度敲_铁头
505,13:23:13,hit_505_20260730_132313.csv,512,NORMAL,HIGH,0,0,110,0,500000,4899172,4899172,-2875333,1149854.9,,,,好棒_总长1000mm_任意重度敲_铁头
506,13:23:14,hit_506_20260730_132314.csv,512,DEFECT,HIGH,0,34,114,330,500000,4217289,4217289,-4006214,447669.4,,,,好棒_总长1000mm_任意重度敲_铁头
507,13:23:14,hit_507_20260730_132314.csv,512,DEFECT,HIGH,0,21,113,205,500000,4596045,3323721,-4596045,-227074.1,,,,好棒_总长1000mm_任意重度敲_铁头
508,13:23:14,hit_508_20260730_132314.csv,512,NORMAL,HIGH,0,0,111,0,500000,4092936,3498915,-4092936,124708.1,,,,好棒_总长1000mm_任意重度敲_铁头
509,13:23:14,hit_509_20260730_132314.csv,512,NORMAL,HIGH,0,0,108,0,500000,4297935,4297935,-3296386,838428.5,,,,好棒_总长1000mm_任意重度敲_铁头
510,13:23:15,hit_510_20260730_132315.csv,512,NORMAL,HIGH,0,0,108,0,500000,4256606,4256606,-3763983,716330.9,,,,好棒_总长1000mm_任意重度敲_铁头
511,13:23:15,hit_511_20260730_132315.csv,512,NORMAL,HIGH,0,0,108,0,500000,4646542,4646542,-3881016,899551.0,,,,好棒_总长1000mm_任意重度敲_铁头
512,13:23:15,hit_512_20260730_132315.csv,512,NORMAL,HIGH,0,0,108,0,500000,3931961,3787673,-3931961,250549.9,,,,好棒_总长1000mm_任意重度敲_铁头
513,13:23:15,hit_513_20260730_132315.csv,512,NORMAL,HIGH,0,0,111,0,500000,3904880,3904880,-3704498,398735.2,,,,好棒_总长1000mm_任意重度敲_铁头
514,13:23:16,hit_514_20260730_132316.csv,512,DEFECT,HIGH,0,27,108,278,500000,4754301,3425275,-4754301,-191251.5,,,,好棒_总长1000mm_任意重度敲_铁头
515,13:23:16,hit_515_20260730_132316.csv,512,NORMAL,HIGH,0,0,108,0,500000,4346582,3437117,-4346582,48934.6,,,,好棒_总长1000mm_任意重度敲_铁头
516,13:23:16,hit_516_20260730_132316.csv,512,DEFECT,HIGH,0,42,114,407,500000,5085733,3232051,-5085733,-881298.1,,,,好棒_总长1000mm_任意重度敲_铁头
517,13:23:17,hit_517_20260730_132317.csv,512,NORMAL,HIGH,0,0,108,0,500000,5377975,5377975,-3064395,1010593.2,,,,好棒_总长1000mm_任意重度敲_铁头
518,13:23:17,hit_518_20260730_132317.csv,512,NORMAL,HIGH,0,0,109,0,500000,5592749,5592749,-3039738,1116998.9,,,,好棒_总长1000mm_任意重度敲_铁头
519,13:23:17,hit_519_20260730_132317.csv,512,NORMAL,HIGH,0,0,108,0,500000,4671617,4671617,-3049238,733953.4,,,,好棒_总长1000mm_任意重度敲_铁头
520,13:23:17,hit_520_20260730_132317.csv,512,NORMAL,HIGH,0,0,108,0,500000,5431188,5431188,-3022230,1295174.1,,,,好棒_总长1000mm_任意重度敲_铁头
521,13:23:18,hit_521_20260730_132318.csv,512,NORMAL,HIGH,0,0,109,0,500000,5134211,5134211,-4011517,999882.3,,,,好棒_总长1000mm_任意重度敲_铁头
522,13:23:18,hit_522_20260730_132318.csv,512,NORMAL,HIGH,0,0,111,0,500000,5812209,5812209,-3249509,1538380.8,,,,好棒_总长1000mm_任意重度敲_铁头
523,13:23:19,hit_523_20260730_132319.csv,512,NORMAL,HIGH,0,0,111,0,500000,5875703,5875703,-3376397,1487206.9,,,,好棒_总长1000mm_任意重度敲_铁头
524,13:23:19,hit_524_20260730_132319.csv,512,NORMAL,HIGH,0,0,109,0,500000,5279764,5279764,-3542177,1204197.1,,,,好棒_总长1000mm_任意重度敲_铁头
525,13:23:19,hit_525_20260730_132319.csv,512,NORMAL,HIGH,0,0,116,0,500000,7583486,7583486,-2772698,2700576.5,,,,好棒_总长1000mm_任意重度敲_铁头
526,13:23:20,hit_526_20260730_132320.csv,512,NORMAL,HIGH,0,0,109,0,500000,4271545,4271545,-4043605,531829.5,,,,好棒_总长1000mm_任意重度敲_铁头
527,13:23:20,hit_527_20260730_132320.csv,512,NORMAL,HIGH,0,0,108,0,500000,4539658,4470853,-4539658,669435.2,,,,好棒_总长1000mm_任意重度敲_铁头
528,13:23:20,hit_528_20260730_132320.csv,512,NORMAL,HIGH,0,0,108,0,500000,4546496,4546496,-4146157,620781.0,,,,好棒_总长1000mm_任意重度敲_铁头
529,13:23:21,hit_529_20260730_132321.csv,512,NORMAL,HIGH,0,0,108,0,500000,5084563,5084563,-3433668,1136635.3,,,,好棒_总长1000mm_任意重度敲_铁头
530,13:23:21,hit_530_20260730_132321.csv,512,NORMAL,HIGH,0,0,109,0,500000,4093148,4036964,-4093148,283338.3,,,,好棒_总长1000mm_任意重度敲_铁头
531,13:23:21,hit_531_20260730_132321.csv,512,NORMAL,HIGH,0,0,115,0,500000,5995450,5995450,-2680684,1552698.5,,,,好棒_总长1000mm_任意重度敲_铁头
532,13:23:22,hit_532_20260730_132322.csv,512,NORMAL,HIGH,0,0,109,0,500000,5311324,5311324,-2982211,1114080.9,,,,好棒_总长1000mm_任意重度敲_铁头
533,13:23:22,hit_533_20260730_132322.csv,512,NORMAL,HIGH,0,0,113,0,500000,5454295,5454295,-2653826,1261274.1,,,,好棒_总长1000mm_任意重度敲_铁头
534,13:23:22,hit_534_20260730_132322.csv,512,NORMAL,HIGH,0,0,109,0,500000,6264815,6264815,-3030949,1995832.0,,,,好棒_总长1000mm_任意重度敲_铁头
535,13:23:23,hit_535_20260730_132323.csv,512,NORMAL,HIGH,0,0,108,0,500000,4960567,4960567,-3912861,957488.7,,,,好棒_总长1000mm_任意重度敲_铁头
536,13:23:23,hit_536_20260730_132323.csv,512,NORMAL,HIGH,0,0,110,0,500000,7027905,7027905,-2886912,2283486.9,,,,好棒_总长1000mm_任意重度敲_铁头
537,13:23:23,hit_537_20260730_132323.csv,512,NORMAL,HIGH,0,0,115,0,500000,6833321,6833321,-2730976,2038577.6,,,,好棒_总长1000mm_任意重度敲_铁头
538,13:23:23,hit_538_20260730_132323.csv,512,NORMAL,HIGH,0,0,109,0,500000,3637086,3637086,-3371441,352782.8,,,,好棒_总长1000mm_任意重度敲_铁头
539,13:23:24,hit_539_20260730_132324.csv,512,NORMAL,HIGH,0,0,108,0,500000,4537615,4537615,-4200998,756201.5,,,,好棒_总长1000mm_任意重度敲_铁头
540,13:23:24,hit_540_20260730_132324.csv,512,NORMAL,HIGH,0,0,108,0,500000,4606749,4606749,-4260659,729980.6,,,,好棒_总长1000mm_任意重度敲_铁头
541,13:23:24,hit_541_20260730_132324.csv,512,NORMAL,HIGH,0,0,110,0,500000,4914546,4914546,-3740197,784415.4,,,,好棒_总长1000mm_任意重度敲_铁头
542,13:23:25,hit_542_20260730_132325.csv,512,NORMAL,HIGH,0,0,109,0,500000,5981091,5981091,-2971317,1572763.9,,,,好棒_总长1000mm_任意重度敲_铁头
543,13:23:25,hit_543_20260730_132325.csv,512,NORMAL,HIGH,0,0,108,0,500000,4516280,4238146,-4516280,440679.8,,,,好棒_总长1000mm_任意重度敲_铁头
544,13:23:25,hit_544_20260730_132325.csv,512,NORMAL,HIGH,0,0,110,0,500000,6070986,6070986,-3641506,1486870.9,,,,好棒_总长1000mm_任意重度敲_铁头
545,13:23:26,hit_545_20260730_132326.csv,512,NORMAL,HIGH,0,0,111,0,500000,4050996,4050996,-3712477,506976.9,,,,好棒_总长1000mm_任意重度敲_铁头
546,13:23:26,hit_546_20260730_132326.csv,512,NORMAL,HIGH,0,0,109,0,500000,4990783,4990783,-3291929,1158991.8,,,,好棒_总长1000mm_任意重度敲_铁头
547,13:23:26,hit_547_20260730_132326.csv,512,NORMAL,HIGH,0,0,110,0,500000,4626380,4626380,-3463711,847477.5,,,,好棒_总长1000mm_任意重度敲_铁头
548,13:23:26,hit_548_20260730_132326.csv,512,NORMAL,HIGH,0,0,112,0,500000,4605371,4605371,-4017314,837403.0,,,,好棒_总长1000mm_任意重度敲_铁头
549,13:23:27,hit_549_20260730_132327.csv,512,NORMAL,HIGH,0,0,113,0,500000,6441320,6441320,-2862834,2027000.4,,,,好棒_总长1000mm_任意重度敲_铁头
550,13:23:27,hit_550_20260730_132327.csv,512,NORMAL,HIGH,0,0,109,0,500000,4456161,4456161,-4196883,622398.7,,,,好棒_总长1000mm_任意重度敲_铁头
551,13:23:28,hit_551_20260730_132328.csv,512,NORMAL,HIGH,0,0,110,0,500000,5597980,5597980,-4120030,1094554.8,,,,好棒_总长1000mm_任意重度敲_铁头
552,13:23:28,hit_552_20260730_132328.csv,512,NORMAL,HIGH,0,0,112,0,500000,7562938,7562938,-3589890,2594166.1,,,,好棒_总长1000mm_任意重度敲_铁头
553,13:23:28,hit_553_20260730_132328.csv,512,NORMAL,HIGH,0,0,112,0,500000,6823426,6823426,-3722965,1978171.7,,,,好棒_总长1000mm_任意重度敲_铁头
554,13:23:29,hit_554_20260730_132329.csv,512,DEFECT,HIGH,0,22,115,211,500000,4549430,3829067,-4549430,102395.7,,,,好棒_总长1000mm_任意重度敲_铁头
555,13:23:29,hit_555_20260730_132329.csv,512,NORMAL,HIGH,0,0,113,0,500000,4417183,4417183,-4084214,563987.6,,,,好棒_总长1000mm_任意重度敲_铁头
556,13:23:30,hit_556_20260730_132330.csv,512,NORMAL,HIGH,0,0,109,0,500000,4843500,4843500,-4416597,741765.7,,,,好棒_总长1000mm_任意重度敲_铁头
557,13:23:30,hit_557_20260730_132330.csv,512,NORMAL,HIGH,0,0,115,0,500000,6255069,6255069,-4190897,1351277.2,,,,好棒_总长1000mm_任意重度敲_铁头
558,13:23:31,hit_558_20260730_132331.csv,512,NORMAL,HIGH,0,0,111,0,500000,6066100,6066100,-3655142,1355849.8,,,,好棒_总长1000mm_任意重度敲_铁头
559,13:23:31,hit_559_20260730_132331.csv,512,NORMAL,HIGH,0,0,110,0,500000,5808226,5808226,-3608522,1466502.2,,,,好棒_总长1000mm_任意重度敲_铁头
560,13:23:32,hit_560_20260730_132332.csv,512,NORMAL,HIGH,0,0,109,0,500000,6150628,6150628,-3127322,1664731.9,,,,好棒_总长1000mm_任意重度敲_铁头
561,13:23:32,hit_561_20260730_132332.csv,512,NORMAL,HIGH,0,0,114,0,500000,6548148,6548148,-2661544,1914430.0,,,,好棒_总长1000mm_任意重度敲_铁头
562,13:23:32,hit_562_20260730_132332.csv,512,NORMAL,HIGH,0,0,111,0,500000,5277402,5277402,-3126922,1494384.3,,,,好棒_总长1000mm_任意重度敲_铁头
563,13:23:33,hit_563_20260730_132333.csv,512,NORMAL,HIGH,0,0,113,0,500000,6169078,6169078,-2693363,1951372.8,,,,好棒_总长1000mm_任意重度敲_铁头
564,13:23:33,hit_564_20260730_132333.csv,512,NORMAL,HIGH,0,0,115,0,500000,5887645,5887645,-3188269,1583156.8,,,,好棒_总长1000mm_任意重度敲_铁头
565,13:23:34,hit_565_20260730_132334.csv,512,NORMAL,HIGH,0,0,112,0,500000,5570770,5570770,-3662133,1129534.5,,,,好棒_总长1000mm_任意重度敲_铁头
566,13:23:34,hit_566_20260730_132334.csv,512,DEFECT,HIGH,0,32,110,323,500000,5609037,3821685,-5609037,-426635.3,,,,好棒_总长1000mm_任意重度敲_铁头
567,13:23:35,hit_567_20260730_132335.csv,512,NORMAL,HIGH,0,0,114,0,500000,6209957,6209957,-2385814,1710600.0,,,,好棒_总长1000mm_任意重度敲_铁头
568,13:23:35,hit_568_20260730_132335.csv,512,NORMAL,HIGH,0,0,116,0,500000,5839742,5839742,-2763110,1413944.5,,,,好棒_总长1000mm_任意重度敲_铁头
569,13:23:35,hit_569_20260730_132335.csv,512,NORMAL,HIGH,0,0,110,0,500000,5670059,5670059,-3152170,1415731.5,,,,好棒_总长1000mm_任意重度敲_铁头
570,13:23:36,hit_570_20260730_132336.csv,512,NORMAL,HIGH,0,0,108,0,500000,5544579,5544579,-3106121,1450671.9,,,,好棒_总长1000mm_任意重度敲_铁头
571,13:23:36,hit_571_20260730_132336.csv,512,NORMAL,HIGH,0,0,110,0,500000,4069933,4069933,-4013086,248290.9,,,,好棒_总长1000mm_任意重度敲_铁头
572,13:23:37,hit_572_20260730_132337.csv,512,NORMAL,HIGH,0,0,108,0,500000,6547225,6547225,-3122663,1961613.3,,,,好棒_总长1000mm_任意重度敲_铁头
573,13:23:37,hit_573_20260730_132337.csv,512,NORMAL,HIGH,0,0,108,0,500000,4641359,4641359,-3743873,1005847.2,,,,好棒_总长1000mm_任意重度敲_铁头
574,13:23:37,hit_574_20260730_132337.csv,512,NORMAL,HIGH,0,0,108,0,500000,5251732,5251732,-4043062,1216495.4,,,,好棒_总长1000mm_任意重度敲_铁头
575,13:23:38,hit_575_20260730_132338.csv,512,NORMAL,HIGH,0,0,110,0,500000,4886225,4886225,-3822867,879469.3,,,,好棒_总长1000mm_任意重度敲_铁头
576,13:23:38,hit_576_20260730_132338.csv,512,NORMAL,HIGH,0,0,108,0,500000,5445522,5445522,-3760307,1259060.9,,,,好棒_总长1000mm_任意重度敲_铁头
577,13:23:39,hit_577_20260730_132339.csv,512,NORMAL,HIGH,0,0,109,0,500000,5546306,5546306,-4140785,1227303.0,,,,好棒_总长1000mm_任意重度敲_铁头
578,13:23:39,hit_578_20260730_132339.csv,512,NORMAL,HIGH,0,0,108,0,500000,4900214,4900214,-4843753,673657.3,,,,好棒_总长1000mm_任意重度敲_铁头
579,13:23:40,hit_579_20260730_132340.csv,512,NORMAL,HIGH,0,0,114,0,500000,7078284,7078284,-2772172,2336617.2,,,,好棒_总长1000mm_任意重度敲_铁头
580,13:23:40,hit_580_20260730_132340.csv,512,NORMAL,HIGH,0,0,111,0,500000,6076234,6076234,-3752663,1303262.7,,,,好棒_总长1000mm_任意重度敲_铁头
581,13:23:41,hit_581_20260730_132341.csv,512,NORMAL,HIGH,0,0,109,0,500000,4806059,4579595,-4806059,639262.4,,,,好棒_总长1000mm_任意重度敲_铁头
582,13:23:41,hit_582_20260730_132341.csv,512,NORMAL,HIGH,0,0,110,0,500000,5592356,5592356,-3527429,1362334.8,,,,好棒_总长1000mm_任意重度敲_铁头
583,13:23:41,hit_583_20260730_132341.csv,512,NORMAL,HIGH,0,0,109,0,500000,5894436,5894436,-3585718,1384791.9,,,,好棒_总长1000mm_任意重度敲_铁头
584,13:23:42,hit_584_20260730_132342.csv,512,NORMAL,HIGH,0,0,112,0,500000,4299950,4299950,-3881399,615375.9,,,,好棒_总长1000mm_任意重度敲_铁头
585,13:23:42,hit_585_20260730_132342.csv,512,NORMAL,HIGH,0,0,114,0,500000,6615424,6615424,-3827500,2096135.1,,,,好棒_总长1000mm_任意重度敲_铁头
586,13:23:43,hit_586_20260730_132343.csv,512,NORMAL,HIGH,0,0,116,0,500000,6947253,6947253,-3997689,2195057.8,,,,好棒_总长1000mm_任意重度敲_铁头
587,13:23:43,hit_587_20260730_132343.csv,512,NORMAL,HIGH,0,0,108,0,500000,5521979,5521979,-3313481,1459490.7,,,,好棒_总长1000mm_任意重度敲_铁头
588,13:23:44,hit_588_20260730_132344.csv,512,NORMAL,HIGH,0,0,110,0,500000,6554384,6554384,-3069538,2139071.1,,,,好棒_总长1000mm_任意重度敲_铁头
589,13:23:44,hit_589_20260730_132344.csv,512,NORMAL,HIGH,0,0,112,0,500000,4478516,4478516,-3525113,1069197.7,,,,好棒_总长1000mm_任意重度敲_铁头
590,13:23:45,hit_590_20260730_132345.csv,512,NORMAL,HIGH,0,0,112,0,500000,5592810,5592810,-3518818,1481092.7,,,,好棒_总长1000mm_任意重度敲_铁头
591,13:23:45,hit_591_20260730_132345.csv,512,DEFECT,HIGH,0,23,118,214,500000,4589676,2797990,-4589676,-301116.8,,,,好棒_总长1000mm_任意重度敲_铁头
592,13:23:46,hit_592_20260730_132346.csv,512,NORMAL,HIGH,0,0,115,0,500000,7005064,7005064,-2771289,2319604.0,,,,好棒_总长1000mm_任意重度敲_铁头
593,13:23:46,hit_593_20260730_132346.csv,512,NORMAL,HIGH,0,0,112,0,500000,3772583,3772583,-3725180,352768.5,,,,好棒_总长1000mm_任意重度敲_铁头
594,13:23:47,hit_594_20260730_132347.csv,512,NORMAL,HIGH,0,0,111,0,500000,4038055,4038055,-3479053,554637.3,,,,好棒_总长1000mm_任意重度敲_铁头
595,13:23:47,hit_595_20260730_132347.csv,512,DEFECT,HIGH,0,22,112,217,500000,4994247,3348467,-4994247,-220150.9,,,,好棒_总长1000mm_任意重度敲_铁头
596,13:23:48,hit_596_20260730_132348.csv,512,NORMAL,HIGH,0,0,111,0,500000,4966455,4966455,-4759611,693814.1,,,,好棒_总长1000mm_任意重度敲_铁头
597,13:23:48,hit_597_20260730_132348.csv,512,NORMAL,HIGH,0,0,109,0,500000,5511733,5511733,-4066024,1163844.0,,,,好棒_总长1000mm_任意重度敲_铁头
598,13:23:49,hit_598_20260730_132349.csv,512,NORMAL,HIGH,0,0,114,0,500000,6079286,6079286,-2836489,1718881.8,,,,好棒_总长1000mm_任意重度敲_铁头
599,13:23:49,hit_599_20260730_132349.csv,512,NORMAL,HIGH,0,0,109,0,500000,4176729,4176729,-4053434,577987.1,,,,好棒_总长1000mm_任意重度敲_铁头
600,13:23:50,hit_600_20260730_132350.csv,512,NORMAL,HIGH,0,0,111,0,500000,5358521,5358521,-3651627,1183007.4,,,,好棒_总长1000mm_任意重度敲_铁头
601,13:23:50,hit_601_20260730_132350.csv,512,NORMAL,HIGH,0,0,111,0,500000,5521522,5521522,-3470837,1312147.0,,,,好棒_总长1000mm_任意重度敲_铁头
602,13:23:51,hit_602_20260730_132351.csv,512,NORMAL,HIGH,0,0,111,0,500000,6589745,6589745,-3082167,2129370.4,,,,好棒_总长1000mm_任意重度敲_铁头
603,13:23:51,hit_603_20260730_132351.csv,512,NORMAL,HIGH,0,0,112,0,500000,6062724,6062724,-3246393,1948045.1,,,,好棒_总长1000mm_任意重度敲_铁头
604,13:23:52,hit_604_20260730_132352.csv,512,NORMAL,HIGH,0,0,111,0,500000,7267478,7267478,-2928994,2525023.4,,,,好棒_总长1000mm_任意重度敲_铁头
605,13:23:52,hit_605_20260730_132352.csv,512,NORMAL,HIGH,0,0,110,0,500000,5899614,5899614,-3650155,1385171.8,,,,好棒_总长1000mm_任意重度敲_铁头
606,13:23:52,hit_606_20260730_132352.csv,512,NORMAL,HIGH,0,0,110,0,500000,5043988,5043988,-4279340,853619.0,,,,好棒_总长1000mm_任意重度敲_铁头
607,13:23:53,hit_607_20260730_132353.csv,512,NORMAL,HIGH,0,0,112,0,500000,4258520,3779239,-4258520,196279.6,,,,好棒_总长1000mm_任意重度敲_铁头
608,13:23:53,hit_608_20260730_132353.csv,512,NORMAL,HIGH,0,0,111,0,500000,5176179,5176179,-3646490,1096787.2,,,,好棒_总长1000mm_任意重度敲_铁头
609,13:23:54,hit_609_20260730_132354.csv,512,NORMAL,HIGH,0,0,110,0,500000,4566986,4566986,-4218457,637894.7,,,,好棒_总长1000mm_任意重度敲_铁头
610,13:23:54,hit_610_20260730_132354.csv,512,NORMAL,HIGH,0,0,114,0,500000,5239354,5239354,-4038677,871310.3,,,,好棒_总长1000mm_任意重度敲_铁头
611,13:23:55,hit_611_20260730_132355.csv,512,NORMAL,HIGH,0,0,113,0,500000,6093618,6093618,-3620798,1738928.3,,,,好棒_总长1000mm_任意重度敲_铁头
612,13:23:55,hit_612_20260730_132355.csv,512,NORMAL,HIGH,0,0,113,0,500000,4991403,4991403,-3934038,873636.2,,,,好棒_总长1000mm_任意重度敲_铁头
613,13:23:56,hit_613_20260730_132356.csv,512,NORMAL,HIGH,0,0,112,0,500000,6234306,6234306,-3758563,1840284.7,,,,好棒_总长1000mm_任意重度敲_铁头
614,13:23:56,hit_614_20260730_132356.csv,512,NORMAL,HIGH,0,0,114,0,500000,5705683,5705683,-2792589,1739494.3,,,,好棒_总长1000mm_任意重度敲_铁头
615,13:23:57,hit_615_20260730_132357.csv,512,NORMAL,HIGH,0,0,112,0,500000,5768672,5768672,-3997125,1528630.6,,,,好棒_总长1000mm_任意重度敲_铁头
616,13:23:57,hit_616_20260730_132357.csv,512,NORMAL,HIGH,0,0,108,0,500000,4554079,4554079,-3798358,860351.8,,,,好棒_总长1000mm_任意重度敲_铁头
617,13:23:58,hit_617_20260730_132358.csv,512,NORMAL,HIGH,0,0,108,0,500000,4542516,4480875,-4542516,560156.1,,,,好棒_总长1000mm_任意重度敲_铁头
618,13:23:58,hit_618_20260730_132358.csv,512,NORMAL,HIGH,0,0,108,0,500000,5157483,5157483,-3763074,1155644.6,,,,好棒_总长1000mm_任意重度敲_铁头
619,13:23:58,hit_619_20260730_132358.csv,512,NORMAL,HIGH,0,0,111,0,500000,5925024,5925024,-3196588,1749098.3,,,,好棒_总长1000mm_任意重度敲_铁头
620,13:23:59,hit_620_20260730_132359.csv,512,NORMAL,HIGH,0,0,108,0,500000,4211930,3847815,-4211930,303684.2,,,,好棒_总长1000mm_任意重度敲_铁头
621,13:23:59,hit_621_20260730_132359.csv,512,NORMAL,HIGH,0,0,108,0,500000,5117443,5117443,-3459795,1373217.5,,,,好棒_总长1000mm_任意重度敲_铁头
622,13:24:00,hit_622_20260730_132400.csv,512,NORMAL,HIGH,0,0,113,0,500000,6460659,6460659,-2369364,2355702.2,,,,好棒_总长1000mm_任意重度敲_铁头
623,13:24:00,hit_623_20260730_132400.csv,512,NORMAL,HIGH,0,0,113,0,500000,7051879,7051879,-2231732,2706978.1,,,,好棒_总长1000mm_任意重度敲_铁头
624,13:24:01,hit_624_20260730_132401.csv,512,NORMAL,HIGH,0,0,112,0,500000,4154624,3949344,-4154624,357920.1,,,,好棒_总长1000mm_任意重度敲_铁头
625,13:24:01,hit_625_20260730_132401.csv,512,NORMAL,HIGH,0,0,110,0,500000,6680254,6680254,-3596431,1883748.1,,,,好棒_总长1000mm_任意重度敲_铁头
626,13:24:02,hit_626_20260730_132402.csv,512,NORMAL,HIGH,0,0,109,0,500000,7015670,7015670,-3307526,2187627.6,,,,好棒_总长1000mm_任意重度敲_铁头
627,13:24:02,hit_627_20260730_132402.csv,512,NORMAL,HIGH,0,0,110,0,500000,7019121,7019121,-3117666,2296519.9,,,,好棒_总长1000mm_任意重度敲_铁头
628,13:24:03,hit_628_20260730_132403.csv,512,NORMAL,HIGH,0,0,111,0,500000,7146068,7146068,-3232127,2225543.8,,,,好棒_总长1000mm_任意重度敲_铁头
629,13:24:03,hit_629_20260730_132403.csv,512,NORMAL,HIGH,0,0,111,0,500000,6351555,6351555,-3412345,1890776.6,,,,好棒_总长1000mm_任意重度敲_铁头
630,13:24:04,hit_630_20260730_132404.csv,512,NORMAL,HIGH,0,0,109,0,500000,4858455,4858455,-4134584,807470.2,,,,好棒_总长1000mm_任意重度敲_铁头
631,13:24:04,hit_631_20260730_132404.csv,512,NORMAL,HIGH,0,0,108,0,500000,5662714,5662714,-4219744,1294123.3,,,,好棒_总长1000mm_任意重度敲_铁头
632,13:24:04,hit_632_20260730_132404.csv,512,NORMAL,HIGH,0,0,109,0,500000,5858735,5858735,-3846720,1585049.2,,,,好棒_总长1000mm_任意重度敲_铁头
633,13:24:05,hit_633_20260730_132405.csv,512,NORMAL,HIGH,0,0,115,0,500000,6356489,6356489,-3134768,2036182.2,,,,好棒_总长1000mm_任意重度敲_铁头
634,13:24:05,hit_634_20260730_132405.csv,512,NORMAL,HIGH,0,0,111,0,500000,6084674,6084674,-3740244,1415238.2,,,,好棒_总长1000mm_任意重度敲_铁头
635,13:24:06,hit_635_20260730_132406.csv,512,NORMAL,HIGH,0,0,111,0,500000,7513978,7513978,-3098830,2531966.4,,,,好棒_总长1000mm_任意重度敲_铁头
636,13:24:06,hit_636_20260730_132406.csv,512,NORMAL,HIGH,0,0,110,0,500000,7180787,7180787,-3006498,2358964.9,,,,好棒_总长1000mm_任意重度敲_铁头
637,13:24:06,hit_637_20260730_132406.csv,512,NORMAL,HIGH,0,0,109,0,500000,4963997,4963997,-4043269,979782.4,,,,好棒_总长1000mm_任意重度敲_铁头
638,13:24:07,hit_638_20260730_132407.csv,512,NORMAL,HIGH,0,0,109,0,500000,5728395,5728395,-3945656,1309530.8,,,,好棒_总长1000mm_任意重度敲_铁头
639,13:24:07,hit_639_20260730_132407.csv,512,NORMAL,HIGH,0,0,109,0,500000,5333816,5333816,-3761024,1243800.0,,,,好棒_总长1000mm_任意重度敲_铁头
640,13:24:08,hit_640_20260730_132408.csv,512,NORMAL,HIGH,0,0,110,0,500000,5707655,5707655,-3930713,1290948.5,,,,好棒_总长1000mm_任意重度敲_铁头
641,13:24:08,hit_641_20260730_132408.csv,512,NORMAL,HIGH,0,0,111,0,500000,6551829,6551829,-3507377,1763368.6,,,,好棒_总长1000mm_任意重度敲_铁头
642,13:24:09,hit_642_20260730_132409.csv,512,NORMAL,HIGH,0,0,112,0,500000,6926580,6926580,-3250924,2114058.5,,,,好棒_总长1000mm_任意重度敲_铁头
643,13:24:09,hit_643_20260730_132409.csv,512,NORMAL,HIGH,0,0,115,0,500000,7604500,7604500,-2640965,2670418.5,,,,好棒_总长1000mm_任意重度敲_铁头
644,13:24:09,hit_644_20260730_132409.csv,512,NORMAL,HIGH,0,0,110,0,500000,6636130,6636130,-3391653,1919918.3,,,,好棒_总长1000mm_任意重度敲_铁头
645,13:24:10,hit_645_20260730_132410.csv,512,NORMAL,HIGH,0,0,114,0,500000,6241736,6241736,-3474562,1919737.3,,,,好棒_总长1000mm_任意重度敲_铁头
646,13:24:10,hit_646_20260730_132410.csv,512,NORMAL,HIGH,0,0,109,0,500000,5737895,5737895,-3699136,1430293.6,,,,好棒_总长1000mm_任意重度敲_铁头
647,13:24:11,hit_647_20260730_132411.csv,512,NORMAL,HIGH,0,0,110,0,500000,5613062,5613062,-3384940,1297288.6,,,,好棒_总长1000mm_任意重度敲_铁头
648,13:24:11,hit_648_20260730_132411.csv,512,NORMAL,HIGH,0,0,116,0,500000,7178506,7178506,-2667330,2354948.6,,,,好棒_总长1000mm_任意重度敲_铁头
649,13:24:11,hit_649_20260730_132411.csv,512,NORMAL,HIGH,0,0,116,0,500000,7009892,7009892,-2732599,2194164.9,,,,好棒_总长1000mm_任意重度敲_铁头
650,13:24:12,hit_650_20260730_132412.csv,512,NORMAL,HIGH,0,0,115,0,500000,5844030,5844030,-2633661,1882980.3,,,,好棒_总长1000mm_任意重度敲_铁头
651,13:24:12,hit_651_20260730_132412.csv,512,NORMAL,HIGH,0,0,109,0,500000,4574354,4574354,-3849322,932261.6,,,,好棒_总长1000mm_任意重度敲_铁头
652,13:24:13,hit_652_20260730_132413.csv,512,DEFECT,HIGH,0,30,114,291,500000,2979757,2545645,-2979757,-319522.8,,,,好棒_总长1000mm_任意重度敲_铁头
653,13:24:13,hit_653_20260730_132413.csv,512,NORMAL,HIGH,0,0,110,0,500000,6316504,6316504,-2951798,2187981.0,,,,好棒_总长1000mm_任意重度敲_铁头
654,13:24:14,hit_654_20260730_132414.csv,512,NORMAL,HIGH,0,0,109,0,500000,5399999,5399999,-3644664,1245273.8,,,,好棒_总长1000mm_任意重度敲_铁头
655,13:24:14,hit_655_20260730_132414.csv,512,NORMAL,HIGH,0,0,108,0,500000,4880254,4880254,-4512057,923973.9,,,,好棒_总长1000mm_任意重度敲_铁头
656,13:24:14,hit_656_20260730_132414.csv,512,NORMAL,HIGH,0,0,108,0,500000,4473594,4473594,-4207589,712418.3,,,,好棒_总长1000mm_任意重度敲_铁头
657,13:24:15,hit_657_20260730_132415.csv,512,NORMAL,HIGH,0,0,108,0,500000,4460209,4460209,-3982062,746040.0,,,,好棒_总长1000mm_任意重度敲_铁头
658,13:24:15,hit_658_20260730_132415.csv,512,NORMAL,HIGH,0,0,113,0,500000,4709701,4709701,-3847664,895402.6,,,,好棒_总长1000mm_任意重度敲_铁头
659,13:24:16,hit_659_20260730_132416.csv,512,NORMAL,HIGH,0,0,109,0,500000,5898104,5898104,-3310322,1592428.3,,,,好棒_总长1000mm_任意重度敲_铁头
660,13:24:16,hit_660_20260730_132416.csv,512,NORMAL,HIGH,0,0,113,0,500000,7555663,7555663,-3155945,3122000.3,,,,好棒_总长1000mm_任意重度敲_铁头
661,13:24:16,hit_661_20260730_132416.csv,512,NORMAL,HIGH,0,0,110,0,500000,4770681,4770681,-4446626,585008.8,,,,好棒_总长1000mm_任意重度敲_铁头
662,13:24:17,hit_662_20260730_132417.csv,512,DEFECT,HIGH,0,26,108,268,500000,4534573,3504820,-4534573,80715.4,,,,好棒_总长1000mm_任意重度敲_铁头
663,13:24:17,hit_663_20260730_132417.csv,512,NORMAL,HIGH,0,0,108,0,500000,4713097,4713097,-4446301,869994.0,,,,好棒_总长1000mm_任意重度敲_铁头
664,13:24:17,hit_664_20260730_132417.csv,512,NORMAL,HIGH,0,0,111,0,500000,5818462,5818462,-3710832,1385982.1,,,,好棒_总长1000mm_任意重度敲_铁头
665,13:24:18,hit_665_20260730_132418.csv,512,NORMAL,HIGH,0,0,109,0,500000,5426991,5426991,-3163466,1457576.2,,,,好棒_总长1000mm_任意重度敲_铁头
666,13:24:18,hit_666_20260730_132418.csv,512,NORMAL,HIGH,0,0,108,0,500000,4657329,4657329,-3363406,1093739.5,,,,好棒_总长1000mm_任意重度敲_铁头
667,13:24:19,hit_667_20260730_132419.csv,512,NORMAL,HIGH,0,0,108,0,500000,4778947,4778947,-3583737,975888.3,,,,好棒_总长1000mm_任意重度敲_铁头
668,13:24:19,hit_668_20260730_132419.csv,512,NORMAL,HIGH,0,0,108,0,500000,6026052,6026052,-3465155,1518945.3,,,,好棒_总长1000mm_任意重度敲_铁头
669,13:24:19,hit_669_20260730_132419.csv,512,NORMAL,HIGH,0,0,113,0,500000,5316399,5316399,-4017083,970145.2,,,,好棒_总长1000mm_任意重度敲_铁头
670,13:24:20,hit_670_20260730_132420.csv,512,NORMAL,HIGH,0,0,115,0,500000,7020433,7020433,-2763455,2383336.0,,,,好棒_总长1000mm_任意重度敲_铁头
671,13:24:20,hit_671_20260730_132420.csv,512,NORMAL,HIGH,0,0,114,0,500000,6820439,6820439,-2543595,2132841.2,,,,好棒_总长1000mm_任意重度敲_铁头
672,13:24:21,hit_672_20260730_132421.csv,512,NORMAL,HIGH,0,0,115,0,500000,6212447,6212447,-2582772,1609609.0,,,,好棒_总长1000mm_任意重度敲_铁头
673,13:24:21,hit_673_20260730_132421.csv,512,DEFECT,HIGH,0,23,115,221,500000,4729404,3620963,-4729404,-21144.6,,,,好棒_总长1000mm_任意重度敲_铁头
674,13:24:21,hit_674_20260730_132421.csv,512,NORMAL,HIGH,0,0,110,0,500000,7406528,7406528,-2965688,2630898.1,,,,好棒_总长1000mm_任意重度敲_铁头
675,13:24:22,hit_675_20260730_132422.csv,512,NORMAL,HIGH,0,0,112,0,500000,6493081,6493081,-3550046,2180861.3,,,,好棒_总长1000mm_任意重度敲_铁头
676,13:24:22,hit_676_20260730_132422.csv,512,DEFECT,HIGH,0,52,113,509,500000,5113349,5113349,-3688406,902543.5,,,,好棒_总长1000mm_任意重度敲_铁头
677,13:24:23,hit_677_20260730_132423.csv,512,NORMAL,HIGH,0,0,112,0,500000,5246374,5246374,-3355690,1291201.2,,,,好棒_总长1000mm_任意重度敲_铁头
678,13:24:23,hit_678_20260730_132423.csv,512,NORMAL,HIGH,0,0,110,0,500000,6465241,6465241,-2893720,1970808.4,,,,好棒_总长1000mm_任意重度敲_铁头
679,13:24:23,hit_679_20260730_132423.csv,512,NORMAL,HIGH,0,0,116,0,500000,6019300,6019300,-2909836,1710436.8,,,,好棒_总长1000mm_任意重度敲_铁头
680,13:24:24,hit_680_20260730_132424.csv,512,NORMAL,HIGH,0,0,115,0,500000,5675334,5675334,-2612104,1548974.4,,,,好棒_总长1000mm_任意重度敲_铁头
681,13:24:24,hit_681_20260730_132424.csv,512,NORMAL,HIGH,0,0,109,0,500000,3759149,3759149,-3405624,559661.8,,,,好棒_总长1000mm_任意重度敲_铁头
682,13:24:24,hit_682_20260730_132424.csv,512,NORMAL,HIGH,0,0,110,0,500000,4234973,4234973,-3885585,531368.8,,,,好棒_总长1000mm_任意重度敲_铁头
683,13:24:25,hit_683_20260730_132425.csv,512,NORMAL,HIGH,0,0,114,0,500000,5883453,5883453,-2861618,1818159.8,,,,好棒_总长1000mm_任意重度敲_铁头
684,13:24:25,hit_684_20260730_132425.csv,512,NORMAL,HIGH,0,0,108,0,500000,4921588,4921588,-3846012,1089481.9,,,,好棒_总长1000mm_任意重度敲_铁头
685,13:24:26,hit_685_20260730_132426.csv,512,NORMAL,HIGH,0,0,108,0,500000,5225643,5225643,-4144283,1009334.4,,,,好棒_总长1000mm_任意重度敲_铁头
686,13:24:26,hit_686_20260730_132426.csv,512,NORMAL,HIGH,0,0,113,0,500000,5973926,5973926,-4155248,1149428.5,,,,好棒_总长1000mm_任意重度敲_铁头
687,13:24:26,hit_687_20260730_132426.csv,512,NORMAL,HIGH,0,0,109,0,500000,4443800,4321060,-4443800,441967.7,,,,好棒_总长1000mm_任意重度敲_铁头
688,13:24:27,hit_688_20260730_132427.csv,512,NORMAL,HIGH,0,0,114,0,500000,6230696,6230696,-3900718,1326435.0,,,,好棒_总长1000mm_任意重度敲_铁头
689,13:24:27,hit_689_20260730_132427.csv,512,DEFECT,HIGH,0,36,112,356,500000,6255160,3548473,-6255160,-870319.1,,,,好棒_总长1000mm_任意重度敲_铁头
690,13:24:27,hit_690_20260730_132427.csv,512,NORMAL,HIGH,0,0,117,0,500000,8121626,8121626,-2397574,4071463.0,,,,好棒_总长1000mm_任意重度敲_铁头
691,13:24:28,hit_691_20260730_132428.csv,512,NORMAL,HIGH,0,0,112,0,500000,5748454,5748454,-3268684,1502248.3,,,,好棒_总长1000mm_任意重度敲_铁头
692,13:24:28,hit_692_20260730_132428.csv,512,NORMAL,HIGH,0,0,115,0,500000,6572033,6572033,-2804638,2073400.2,,,,好棒_总长1000mm_任意重度敲_铁头
693,13:24:28,hit_693_20260730_132428.csv,512,NORMAL,HIGH,0,0,115,0,500000,6572138,6572138,-2668108,2048650.9,,,,好棒_总长1000mm_任意重度敲_铁头
694,13:24:29,hit_694_20260730_132429.csv,512,NORMAL,HIGH,0,0,115,0,500000,6790404,6790404,-2713943,2093380.5,,,,好棒_总长1000mm_任意重度敲_铁头
695,13:24:29,hit_695_20260730_132429.csv,512,NORMAL,HIGH,0,0,114,0,500000,6889910,6889910,-2646182,2202867.4,,,,好棒_总长1000mm_任意重度敲_铁头
696,13:24:30,hit_696_20260730_132430.csv,512,NORMAL,HIGH,0,0,108,0,500000,6022251,6022251,-2985290,1466158.7,,,,好棒_总长1000mm_任意重度敲_铁头
697,13:24:30,hit_697_20260730_132430.csv,512,DEFECT,HIGH,0,27,108,278,500000,5067896,3496857,-5067896,-154987.2,,,,好棒_总长1000mm_任意重度敲_铁头
698,13:24:30,hit_698_20260730_132430.csv,512,NORMAL,HIGH,0,0,114,0,500000,5717857,5717857,-3285989,1669132.2,,,,好棒_总长1000mm_任意重度敲_铁头
699,13:24:31,hit_699_20260730_132431.csv,512,NORMAL,HIGH,0,0,110,0,500000,5912026,5912026,-3299057,1528957.5,,,,好棒_总长1000mm_任意重度敲_铁头
700,13:24:31,hit_700_20260730_132431.csv,512,INVALID,NONE,0,0,0,0,500000,8388607,8388607,-2304978,3906830.6,,,,好棒_总长1000mm_任意重度敲_铁头
701,13:24:31,hit_701_20260730_132431.csv,512,NORMAL,HIGH,0,0,111,0,500000,6904422,6904422,-2858016,2412984.4,,,,好棒_总长1000mm_任意重度敲_铁头
702,13:24:32,hit_702_20260730_132432.csv,512,NORMAL,HIGH,0,0,112,0,500000,5488635,5488635,-3352680,1283063.8,,,,好棒_总长1000mm_任意重度敲_铁头
703,13:24:32,hit_703_20260730_132432.csv,512,NORMAL,HIGH,0,0,113,0,500000,5871453,5871453,-3456106,1824382.0,,,,好棒_总长1000mm_任意重度敲_铁头
704,13:24:32,hit_704_20260730_132432.csv,512,NORMAL,HIGH,0,0,110,0,500000,4348079,4348079,-3338951,597102.8,,,,好棒_总长1000mm_任意重度敲_铁头
705,13:24:33,hit_705_20260730_132433.csv,512,NORMAL,HIGH,0,0,122,0,500000,4511023,4432469,-4511023,869240.7,,,,好棒_总长1000mm_任意重度敲_铁头
706,13:24:33,hit_706_20260730_132433.csv,512,DEFECT,HIGH,0,22,114,213,500000,4639331,3397001,-4639331,-113353.8,,,,好棒_总长1000mm_任意重度敲_铁头
707,13:24:33,hit_707_20260730_132433.csv,512,NORMAL,HIGH,0,0,110,0,500000,5224548,5224548,-3313877,1198342.3,,,,好棒_总长1000mm_任意重度敲_铁头
708,13:24:34,hit_708_20260730_132434.csv,512,NORMAL,HIGH,0,0,110,0,500000,5457959,5457959,-3038785,1615945.8,,,,好棒_总长1000mm_任意重度敲_铁头
709,13:24:34,hit_709_20260730_132434.csv,512,NORMAL,HIGH,0,0,108,0,500000,4246451,4246451,-3346888,885861.8,,,,好棒_总长1000mm_任意重度敲_铁头
710,13:24:34,hit_710_20260730_132434.csv,512,NORMAL,HIGH,0,0,108,0,500000,4151514,3895926,-4151514,459540.6,,,,好棒_总长1000mm_任意重度敲_铁头
711,13:24:35,hit_711_20260730_132435.csv,512,NORMAL,HIGH,0,0,112,0,500000,6795634,6795634,-2248711,2439529.3,,,,好棒_总长1000mm_任意重度敲_铁头
712,13:24:35,hit_712_20260730_132435.csv,512,NORMAL,HIGH,0,0,113,0,500000,6331509,6331509,-3458753,1929683.2,,,,好棒_总长1000mm_任意重度敲_铁头
713,13:24:35,hit_713_20260730_132435.csv,512,NORMAL,HIGH,0,0,110,0,500000,4801774,4801774,-3108719,881213.2,,,,好棒_总长1000mm_任意重度敲_铁头
714,13:24:36,hit_714_20260730_132436.csv,512,NORMAL,HIGH,0,0,111,0,500000,6086177,6086177,-2980379,1625512.4,,,,好棒_总长1000mm_任意重度敲_铁头
715,13:24:36,hit_715_20260730_132436.csv,512,NORMAL,HIGH,0,0,117,0,500000,5329988,5329988,-2762719,1436595.2,,,,好棒_总长1000mm_任意重度敲_铁头
716,13:24:36,hit_716_20260730_132436.csv,512,NORMAL,HIGH,0,0,111,0,500000,4551194,4551194,-3310317,701400.3,,,,好棒_总长1000mm_任意重度敲_铁头
717,13:24:37,hit_717_20260730_132437.csv,512,NORMAL,HIGH,0,0,111,0,500000,7416104,7416104,-1779580,3322352.5,,,,好棒_总长1000mm_任意重度敲_铁头
718,13:24:37,hit_718_20260730_132437.csv,512,NORMAL,HIGH,0,0,109,0,500000,5150326,5150326,-3379839,1167584.7,,,,好棒_总长1000mm_任意重度敲_铁头
719,13:24:37,hit_719_20260730_132437.csv,512,NORMAL,HIGH,0,0,112,0,500000,7082912,7082912,-3087153,2333477.8,,,,好棒_总长1000mm_任意重度敲_铁头
720,13:24:37,hit_720_20260730_132437.csv,512,NORMAL,HIGH,0,0,117,0,500000,6562729,6562729,-2897518,2197574.8,,,,好棒_总长1000mm_任意重度敲_铁头
721,13:24:38,hit_721_20260730_132438.csv,512,NORMAL,HIGH,0,0,114,0,500000,5331852,5331852,-3599065,1351907.5,,,,好棒_总长1000mm_任意重度敲_铁头
722,13:24:38,hit_722_20260730_132438.csv,512,DEFECT,HIGH,0,73,113,715,500000,4251522,4251522,-3840972,193199.8,,,,好棒_总长1000mm_任意重度敲_铁头
723,13:24:38,hit_723_20260730_132438.csv,512,NORMAL,HIGH,0,0,113,0,500000,4482097,4482097,-3817583,744897.3,,,,好棒_总长1000mm_任意重度敲_铁头
724,13:24:39,hit_724_20260730_132439.csv,512,DEFECT,HIGH,0,21,116,200,500000,4421818,3935075,-4421818,401404.1,,,,好棒_总长1000mm_任意重度敲_铁头
725,13:24:39,hit_725_20260730_132439.csv,512,NORMAL,HIGH,0,0,111,0,500000,4328602,4328602,-3406861,881273.1,,,,好棒_总长1000mm_任意重度敲_铁头
726,13:24:39,hit_726_20260730_132439.csv,512,NORMAL,HIGH,0,0,114,0,500000,4766641,4766641,-3808935,1139700.5,,,,好棒_总长1000mm_任意重度敲_铁头
727,13:24:40,hit_727_20260730_132440.csv,512,NORMAL,HIGH,0,0,115,0,500000,4119114,4119114,-3916294,438780.1,,,,好棒_总长1000mm_任意重度敲_铁头
728,13:24:40,hit_728_20260730_132440.csv,512,DEFECT,HIGH,0,52,108,536,500000,4944730,3658650,-4944730,-530253.8,,,,好棒_总长1000mm_任意重度敲_铁头
729,13:24:40,hit_729_20260730_132440.csv,512,NORMAL,HIGH,0,0,112,0,500000,5754017,5754017,-3461253,1287312.2,,,,好棒_总长1000mm_任意重度敲_铁头
730,13:24:41,hit_730_20260730_132441.csv,512,NORMAL,HIGH,0,0,116,0,500000,5741955,5741955,-2691659,1366734.5,,,,好棒_总长1000mm_任意重度敲_铁头
731,13:24:41,hit_731_20260730_132441.csv,512,NORMAL,HIGH,0,0,112,0,500000,5688535,5688535,-3515509,1166144.7,,,,好棒_总长1000mm_任意重度敲_铁头
732,13:24:41,hit_732_20260730_132441.csv,512,NORMAL,HIGH,0,0,108,0,500000,4270248,4270248,-4078952,697806.8,,,,好棒_总长1000mm_任意重度敲_铁头
733,13:24:41,hit_733_20260730_132441.csv,512,NORMAL,HIGH,0,0,111,0,500000,4268664,4240767,-4268664,343629.3,,,,好棒_总长1000mm_任意重度敲_铁头
734,13:24:42,hit_734_20260730_132442.csv,512,NORMAL,HIGH,0,0,110,0,500000,5201502,5201502,-3504119,1224356.8,,,,好棒_总长1000mm_任意重度敲_铁头
735,13:24:42,hit_735_20260730_132442.csv,512,NORMAL,HIGH,0,0,115,0,500000,6471823,6471823,-2858846,1953036.6,,,,好棒_总长1000mm_任意重度敲_铁头
736,13:24:42,hit_736_20260730_132442.csv,512,DEFECT,HIGH,0,74,112,732,500000,4085366,4085366,-3872733,138930.8,,,,好棒_总长1000mm_任意重度敲_铁头
737,13:24:43,hit_737_20260730_132443.csv,512,NORMAL,HIGH,0,0,110,0,500000,4290294,4290294,-3363221,555369.0,,,,好棒_总长1000mm_任意重度敲_铁头
738,13:24:43,hit_738_20260730_132443.csv,512,NORMAL,HIGH,0,0,112,0,500000,4113539,3696686,-4113539,229612.7,,,,好棒_总长1000mm_任意重度敲_铁头
739,13:24:43,hit_739_20260730_132443.csv,512,NORMAL,HIGH,0,0,118,0,500000,4556684,4556684,-4270732,861409.2,,,,好棒_总长1000mm_任意重度敲_铁头
740,13:24:44,hit_740_20260730_132444.csv,512,DEFECT,HIGH,0,74,116,704,500000,4471510,4471510,-4268075,493545.7,,,,好棒_总长1000mm_任意重度敲_铁头
741,13:24:44,hit_741_20260730_132444.csv,512,NORMAL,HIGH,0,0,113,0,500000,4705841,4705841,-3454740,850010.8,,,,好棒_总长1000mm_任意重度敲_铁头
742,13:24:44,hit_742_20260730_132444.csv,512,NORMAL,HIGH,0,0,110,0,500000,5115220,5115220,-3079019,1122132.1,,,,好棒_总长1000mm_任意重度敲_铁头
743,13:24:45,hit_743_20260730_132445.csv,512,NORMAL,HIGH,0,0,112,0,500000,5510333,5510333,-3588912,1073946.4,,,,好棒_总长1000mm_任意重度敲_铁头
744,13:24:45,hit_744_20260730_132445.csv,512,DEFECT,HIGH,0,23,113,225,500000,4837561,3231838,-4837561,-309276.4,,,,好棒_总长1000mm_任意重度敲_铁头
745,13:24:45,hit_745_20260730_132445.csv,512,NORMAL,HIGH,0,0,109,0,500000,5874218,5874218,-3154052,1518051.3,,,,好棒_总长1000mm_任意重度敲_铁头
746,13:24:45,hit_746_20260730_132445.csv,512,NORMAL,HIGH,0,0,109,0,500000,5808380,5808380,-3147791,1388193.9,,,,好棒_总长1000mm_任意重度敲_铁头
747,13:24:46,hit_747_20260730_132446.csv,512,NORMAL,HIGH,0,0,113,0,500000,6332868,6332868,-3436632,1733749.9,,,,好棒_总长1000mm_任意重度敲_铁头
748,13:24:46,hit_748_20260730_132446.csv,512,DEFECT,HIGH,0,75,112,742,500000,5038489,5038489,-3633262,768242.7,,,,好棒_总长1000mm_任意重度敲_铁头
749,13:24:47,hit_749_20260730_132447.csv,512,NORMAL,HIGH,0,0,111,0,500000,4528602,4528602,-3335407,1079243.5,,,,好棒_总长1000mm_任意重度敲_铁头
750,13:24:47,hit_750_20260730_132447.csv,512,NORMAL,HIGH,0,0,111,0,500000,4047469,4047469,-3963401,420003.1,,,,好棒_总长1000mm_任意重度敲_铁头
751,13:24:48,hit_751_20260730_132448.csv,512,NORMAL,HIGH,0,0,111,0,500000,5291991,5291991,-3282975,1168801.5,,,,好棒_总长1000mm_任意重度敲_铁头
752,13:24:48,hit_752_20260730_132448.csv,512,NORMAL,HIGH,0,0,110,0,500000,4215918,4215918,-3320574,551316.6,,,,好棒_总长1000mm_任意重度敲_铁头
753,13:24:48,hit_753_20260730_132448.csv,512,NORMAL,HIGH,0,0,109,0,500000,4452640,4452640,-3414523,651616.1,,,,好棒_总长1000mm_任意重度敲_铁头
754,13:24:49,hit_754_20260730_132449.csv,512,NORMAL,HIGH,0,0,108,0,500000,5200481,5200481,-3058088,1169048.3,,,,好棒_总长1000mm_任意重度敲_铁头
755,13:24:49,hit_755_20260730_132449.csv,512,DEFECT,HIGH,0,23,112,227,500000,4988282,3463414,-4988282,-252811.5,,,,好棒_总长1000mm_任意重度敲_铁头
756,13:24:49,hit_756_20260730_132449.csv,512,NORMAL,HIGH,0,0,110,0,500000,4521468,4521468,-3995603,595731.7,,,,好棒_总长1000mm_任意重度敲_铁头
757,13:24:50,hit_757_20260730_132450.csv,512,NORMAL,HIGH,0,0,114,0,500000,6033218,6033218,-3954008,1274626.6,,,,好棒_总长1000mm_任意重度敲_铁头
758,13:24:50,hit_758_20260730_132450.csv,512,NORMAL,HIGH,0,0,109,0,500000,5966485,5966485,-3036806,1566055.6,,,,好棒_总长1000mm_任意重度敲_铁头
759,13:24:51,hit_759_20260730_132451.csv,512,NORMAL,HIGH,0,0,111,0,500000,4061612,4061612,-4045285,335823.0,,,,好棒_总长1000mm_任意重度敲_铁头
760,13:24:57,hit_760_20260730_132457.csv,512,DEFECT,HIGH,0,23,118,214,500000,4094746,2468184,-4094746,-290944.9,,,,好棒_总长1000mm_任意重度敲_铁头
761,13:24:57,hit_761_20260730_132457.csv,512,NORMAL,HIGH,0,0,108,0,500000,4563863,4563863,-3238494,964855.9,,,,好棒_总长1000mm_任意重度敲_铁头
762,13:24:58,hit_762_20260730_132458.csv,512,NORMAL,HIGH,0,0,110,0,500000,3851984,3492240,-3851984,269156.8,,,,好棒_总长1000mm_任意重度敲_铁头
763,13:24:58,hit_763_20260730_132458.csv,512,NORMAL,HIGH,0,0,108,0,500000,3783138,3783138,-3270362,576753.4,,,,好棒_总长1000mm_任意重度敲_铁头
764,13:24:58,hit_764_20260730_132458.csv,512,NORMAL,HIGH,0,0,110,0,500000,3940630,3940630,-3882996,417165.6,,,,好棒_总长1000mm_任意重度敲_铁头
765,13:24:59,hit_765_20260730_132459.csv,512,DEFECT,HIGH,0,25,111,250,500000,5118137,2709267,-5118137,-662025.9,,,,好棒_总长1000mm_任意重度敲_铁头
766,13:24:59,hit_766_20260730_132459.csv,512,DEFECT,HIGH,0,22,110,222,500000,4694071,3079223,-4694071,-403283.9,,,,好棒_总长1000mm_任意重度敲_铁头
767,13:25:00,hit_767_20260730_132500.csv,512,NORMAL,HIGH,0,0,109,0,500000,4068281,3906411,-4068281,272610.5,,,,好棒_总长1000mm_任意重度敲_铁头
768,13:25:00,hit_768_20260730_132500.csv,512,NORMAL,HIGH,0,0,109,0,500000,3907959,3817786,-3907959,324602.6,,,,好棒_总长1000mm_任意重度敲_铁头
769,13:25:00,hit_769_20260730_132500.csv,512,NORMAL,HIGH,0,0,108,0,500000,3804819,3804819,-3738519,335285.9,,,,好棒_总长1000mm_任意重度敲_铁头
770,13:25:01,hit_770_20260730_132501.csv,512,DEFECT,HIGH,0,73,110,737,500000,4287208,3194996,-4287208,-66779.9,,,,好棒_总长1000mm_任意重度敲_铁头
771,13:25:01,hit_771_20260730_132501.csv,512,NORMAL,HIGH,0,0,109,0,500000,3818848,3691579,-3818848,241924.3,,,,好棒_总长1000mm_任意重度敲_铁头
772,13:25:01,hit_772_20260730_132501.csv,512,DEFECT,HIGH,0,72,110,727,500000,3958235,3071573,-3958235,18451.5,,,,好棒_总长1000mm_任意重度敲_铁头
773,13:25:02,hit_773_20260730_132502.csv,512,NORMAL,HIGH,0,0,109,0,500000,3868969,3319654,-3868969,244864.0,,,,好棒_总长1000mm_任意重度敲_铁头
774,13:25:02,hit_774_20260730_132502.csv,512,DEFECT,HIGH,0,72,109,734,500000,4149759,3396716,-4149759,-6622.2,,,,好棒_总长1000mm_任意重度敲_铁头
775,13:25:02,hit_775_20260730_132502.csv,512,DEFECT,HIGH,0,75,111,750,500000,4372017,2988977,-4372017,-93377.0,,,,好棒_总长1000mm_任意重度敲_铁头
776,13:25:03,hit_776_20260730_132503.csv,512,NORMAL,HIGH,0,0,109,0,500000,3794671,3794671,-3720535,519618.3,,,,好棒_总长1000mm_任意重度敲_铁头
777,13:25:03,hit_777_20260730_132503.csv,512,NORMAL,HIGH,0,0,109,0,500000,3823957,3593221,-3823957,251308.5,,,,好棒_总长1000mm_任意重度敲_铁头
778,13:25:03,hit_778_20260730_132503.csv,512,DEFECT,HIGH,0,21,112,207,500000,4360772,2808399,-4360772,-284652.0,,,,好棒_总长1000mm_任意重度敲_铁头
779,13:25:04,hit_779_20260730_132504.csv,512,NORMAL,HIGH,0,0,110,0,500000,3844793,3645304,-3844793,368481.0,,,,好棒_总长1000mm_任意重度敲_铁头
780,13:25:04,hit_780_20260730_132504.csv,512,NORMAL,HIGH,0,0,109,0,500000,3734037,3734037,-3569900,469527.0,,,,好棒_总长1000mm_任意重度敲_铁头
781,13:25:04,hit_781_20260730_132504.csv,512,DEFECT,HIGH,0,74,111,740,500000,4189972,3158412,-4189972,22483.5,,,,好棒_总长1000mm_任意重度敲_铁头
782,13:25:05,hit_782_20260730_132505.csv,512,DEFECT,HIGH,0,22,111,220,500000,4635723,2733578,-4635723,-428720.8,,,,好棒_总长1000mm_任意重度敲_铁头
783,13:25:05,hit_783_20260730_132505.csv,512,DEFECT,HIGH,0,73,110,737,500000,4238420,2990874,-4238420,-222876.1,,,,好棒_总长1000mm_任意重度敲_铁头
784,13:25:05,hit_784_20260730_132505.csv,512,DEFECT,HIGH,0,29,111,290,500000,4179003,2802991,-4179003,-231185.8,,,,好棒_总长1000mm_任意重度敲_铁头
785,13:25:06,hit_785_20260730_132506.csv,512,DEFECT,HIGH,0,27,109,275,500000,3992069,3131519,-3992069,10612.5,,,,好棒_总长1000mm_任意重度敲_铁头
786,13:25:06,hit_786_20260730_132506.csv,512,DEFECT,HIGH,0,30,110,303,500000,4330011,3474298,-4330011,33735.4,,,,好棒_总长1000mm_任意重度敲_铁头
787,13:25:06,hit_787_20260730_132506.csv,512,DEFECT,HIGH,0,30,111,300,500000,4098602,3164224,-4098602,-12684.8,,,,好棒_总长1000mm_任意重度敲_铁头
788,13:25:07,hit_788_20260730_132507.csv,512,DEFECT,HIGH,0,23,112,227,500000,4873876,2510934,-4873876,-614373.0,,,,好棒_总长1000mm_任意重度敲_铁头
789,13:25:07,hit_789_20260730_132507.csv,512,DEFECT,HIGH,0,29,112,287,500000,4161833,2879947,-4161833,-12007.4,,,,好棒_总长1000mm_任意重度敲_铁头
790,13:25:07,hit_790_20260730_132507.csv,512,DEFECT,HIGH,0,29,112,287,500000,4088235,3121270,-4088235,182445.6,,,,好棒_总长1000mm_任意重度敲_铁头
791,13:25:07,hit_791_20260730_132507.csv,512,NORMAL,HIGH,0,0,109,0,500000,3796662,3734329,-3796662,399456.2,,,,好棒_总长1000mm_任意重度敲_铁头
792,13:25:08,hit_792_20260730_132508.csv,512,DEFECT,HIGH,0,30,111,300,500000,4342045,3032285,-4342045,-212046.6,,,,好棒_总长1000mm_任意重度敲_铁头
793,13:25:08,hit_793_20260730_132508.csv,512,DEFECT,HIGH,0,27,109,275,500000,4428651,3183319,-4428651,-138309.6,,,,好棒_总长1000mm_任意重度敲_铁头
794,13:25:08,hit_794_20260730_132508.csv,512,DEFECT,HIGH,0,27,109,275,500000,4159298,2902953,-4159298,-173832.3,,,,好棒_总长1000mm_任意重度敲_铁头
795,13:25:09,hit_795_20260730_132509.csv,512,NORMAL,HIGH,0,0,110,0,500000,3736772,3304701,-3736772,179314.3,,,,好棒_总长1000mm_任意重度敲_铁头
796,13:25:09,hit_796_20260730_132509.csv,512,NORMAL,HIGH,0,0,110,0,500000,3978886,3978886,-3248444,691171.9,,,,好棒_总长1000mm_任意重度敲_铁头
797,13:25:09,hit_797_20260730_132509.csv,512,DEFECT,HIGH,0,72,113,705,500000,3467040,3037764,-3467040,262067.1,,,,好棒_总长1000mm_任意重度敲_铁头
798,13:25:10,hit_798_20260730_132510.csv,512,NORMAL,HIGH,0,0,110,0,500000,4038931,4038931,-3115852,691405.8,,,,好棒_总长1000mm_任意重度敲_铁头
799,13:25:10,hit_799_20260730_132510.csv,512,NORMAL,HIGH,0,0,109,0,500000,4973557,4973557,-3016366,938545.4,,,,好棒_总长1000mm_任意重度敲_铁头
800,13:25:10,hit_800_20260730_132510.csv,512,DEFECT,HIGH,0,33,120,302,500000,5083294,3240020,-5083294,-649969.1,,,,好棒_总长1000mm_任意重度敲_铁头
801,13:25:11,hit_801_20260730_132511.csv,512,DEFECT,HIGH,0,26,119,240,500000,5287984,3326236,-5287984,-441783.7,,,,好棒_总长1000mm_任意重度敲_铁头
802,13:25:11,hit_802_20260730_132511.csv,512,DEFECT,HIGH,0,31,112,306,500000,4073314,4073314,-3624160,557404.1,,,,好棒_总长1000mm_任意重度敲_铁头
803,13:25:11,hit_803_20260730_132511.csv,512,DEFECT,HIGH,0,31,111,310,500000,4161492,4161492,-3470809,563020.7,,,,好棒_总长1000mm_任意重度敲_铁头
804,13:25:11,hit_804_20260730_132511.csv,512,DEFECT,HIGH,0,33,113,323,500000,4031223,3751116,-4031223,149296.6,,,,好棒_总长1000mm_任意重度敲_铁头
805,13:25:12,hit_805_20260730_132512.csv,512,DEFECT,HIGH,0,23,115,221,500000,4767898,3224416,-4767898,-263058.5,,,,好棒_总长1000mm_任意重度敲_铁头
806,13:25:12,hit_806_20260730_132512.csv,512,NORMAL,HIGH,0,0,112,0,500000,3825904,3825904,-3772599,628022.5,,,,好棒_总长1000mm_任意重度敲_铁头
807,13:25:12,hit_807_20260730_132512.csv,512,DEFECT,HIGH,0,73,111,730,500000,4252696,3258614,-4252696,-141311.9,,,,好棒_总长1000mm_任意重度敲_铁头
808,13:25:13,hit_808_20260730_132513.csv,512,DEFECT,HIGH,0,73,111,730,500000,4063394,3193140,-4063394,-62819.7,,,,好棒_总长1000mm_任意重度敲_铁头
809,13:25:13,hit_809_20260730_132513.csv,512,DEFECT,HIGH,0,34,108,350,500000,5372302,2964369,-5372302,-674847.5,,,,好棒_总长1000mm_任意重度敲_铁头
810,13:25:14,hit_810_20260730_132514.csv,512,DEFECT,HIGH,0,97,112,851,500000,3895441,2571050,-3895441,-113570.0,,,,好棒_总长1000mm_任意重度敲_铁头
811,13:25:15,hit_811_20260730_132515.csv,512,DEFECT,HIGH,0,31,111,310,500000,3877376,2552141,-3877376,-633243.5,,,,好棒_总长1000mm_任意重度敲_铁头
812,13:25:15,hit_812_20260730_132515.csv,512,DEFECT,HIGH,0,25,109,255,500000,3814688,2892593,-3814688,-95038.7,,,,好棒_总长1000mm_任意重度敲_铁头
813,13:25:16,hit_813_20260730_132516.csv,512,DEFECT,HIGH,0,27,108,278,500000,4515019,2623917,-4515019,-458643.2,,,,好棒_总长1000mm_任意重度敲_铁头
814,13:25:16,hit_814_20260730_132516.csv,512,DEFECT,HIGH,0,87,112,752,500000,4089042,2554572,-4089042,-382061.7,,,,好棒_总长1000mm_任意重度敲_铁头
815,13:25:17,hit_815_20260730_132517.csv,512,DEFECT,HIGH,0,96,112,841,500000,3914154,2344117,-3914154,-247392.4,,,,好棒_总长1000mm_任意重度敲_铁头
816,13:25:17,hit_816_20260730_132517.csv,512,DEFECT,HIGH,0,23,112,227,500000,3573873,2113245,-3573873,-279011.2,,,,好棒_总长1000mm_任意重度敲_铁头
817,13:25:17,hit_817_20260730_132517.csv,512,DEFECT,HIGH,0,31,113,303,500000,2940492,2847656,-2940492,-240067.8,,,,好棒_总长1000mm_任意重度敲_铁头
818,13:25:18,hit_818_20260730_132518.csv,512,DEFECT,HIGH,0,28,112,277,500000,2536602,2490242,-2536602,-167213.8,,,,好棒_总长1000mm_任意重度敲_铁头
819,13:25:18,hit_819_20260730_132518.csv,512,DEFECT,HIGH,0,30,112,297,500000,2632824,2632824,-2580203,-176067.5,,,,好棒_总长1000mm_任意重度敲_铁头
820,13:25:18,hit_820_20260730_132518.csv,512,DEFECT,HIGH,0,26,114,252,500000,3476584,2218616,-3476584,-288484.5,,,,好棒_总长1000mm_任意重度敲_铁头
821,13:25:18,hit_821_20260730_132518.csv,512,DEFECT,HIGH,0,27,113,264,500000,3893736,2267911,-3893736,-296731.2,,,,好棒_总长1000mm_任意重度敲_铁头
822,13:25:19,hit_822_20260730_132519.csv,512,DEFECT,HIGH,0,24,112,237,500000,3382648,2211465,-3382648,-295530.2,,,,好棒_总长1000mm_任意重度敲_铁头
823,13:25:19,hit_823_20260730_132519.csv,512,DEFECT,HIGH,0,25,113,245,500000,3706598,2168216,-3706598,-247299.8,,,,好棒_总长1000mm_任意重度敲_铁头
824,13:25:19,hit_824_20260730_132519.csv,512,DEFECT,HIGH,0,24,112,237,500000,3470641,2108332,-3470641,-280690.5,,,,好棒_总长1000mm_任意重度敲_铁头
825,13:25:20,hit_825_20260730_132520.csv,512,DEFECT,HIGH,0,29,118,271,500000,2668424,2668424,-2622444,-243659.7,,,,好棒_总长1000mm_任意重度敲_铁头
826,13:25:20,hit_826_20260730_132520.csv,512,DEFECT,HIGH,0,26,112,257,500000,2763084,2763084,-2622533,-252998.8,,,,好棒_总长1000mm_任意重度敲_铁头
827,13:25:20,hit_827_20260730_132520.csv,512,DEFECT,HIGH,0,39,109,397,500000,2507964,2507964,-1873705,-185425.8,,,,好棒_总长1000mm_任意重度敲_铁头
828,13:25:21,hit_828_20260730_132521.csv,512,DEFECT,HIGH,0,35,115,336,500000,3229249,3229249,-2929007,-276889.5,,,,好棒_总长1000mm_任意重度敲_铁头
829,13:25:21,hit_829_20260730_132521.csv,512,DEFECT,HIGH,0,30,112,297,500000,3755260,2591310,-3755260,-421006.0,,,,好棒_总长1000mm_任意重度敲_铁头
830,13:25:22,hit_830_20260730_132522.csv,512,DEFECT,HIGH,0,33,117,311,500000,3826437,2601182,-3826437,-420391.6,,,,好棒_总长1000mm_任意重度敲_铁头
831,13:25:23,hit_831_20260730_132523.csv,512,DEFECT,HIGH,0,24,116,228,500000,4470327,2487511,-4470327,-525698.0,,,,好棒_总长1000mm_任意重度敲_铁头
832,13:25:23,hit_832_20260730_132523.csv,512,DEFECT,HIGH,0,22,112,217,500000,4558979,2745436,-4558979,-465327.6,,,,好棒_总长1000mm_任意重度敲_铁头
833,13:25:24,hit_833_20260730_132524.csv,512,DEFECT,HIGH,0,22,112,217,500000,4516128,2632469,-4516128,-498838.6,,,,好棒_总长1000mm_任意重度敲_铁头
834,13:25:24,hit_834_20260730_132524.csv,512,DEFECT,HIGH,0,90,111,790,500000,4316899,2731668,-4316899,-362420.2,,,,好棒_总长1000mm_任意重度敲_铁头
835,13:25:25,hit_835_20260730_132525.csv,512,DEFECT,HIGH,0,28,122,252,500000,4445189,2474556,-4445189,-548561.8,,,,好棒_总长1000mm_任意重度敲_铁头
836,13:25:25,hit_836_20260730_132525.csv,512,DEFECT,HIGH,0,25,117,235,500000,4665163,2587172,-4665163,-498571.9,,,,好棒_总长1000mm_任意重度敲_铁头
837,13:25:26,hit_837_20260730_132526.csv,512,DEFECT,HIGH,0,73,111,730,500000,4175650,2910795,-4175650,-154294.5,,,,好棒_总长1000mm_任意重度敲_铁头
838,13:25:27,hit_838_20260730_132527.csv,512,DEFECT,HIGH,0,90,112,782,500000,3838504,2603122,-3838504,-131120.8,,,,好棒_总长1000mm_任意重度敲_铁头
839,13:25:27,hit_839_20260730_132527.csv,512,DEFECT,HIGH,0,25,111,250,500000,3776795,2506515,-3776795,-62079.0,,,,好棒_总长1000mm_任意重度敲_铁头
840,13:25:27,hit_840_20260730_132527.csv,512,DEFECT,HIGH,0,26,112,257,500000,3633307,2270778,-3633307,-445020.8,,,,好棒_总长1000mm_任意重度敲_铁头
841,13:25:28,hit_841_20260730_132528.csv,512,DEFECT,HIGH,0,84,111,730,500000,3478533,2048978,-3478533,-337627.4,,,,好棒_总长1000mm_任意重度敲_铁头
842,13:25:28,hit_842_20260730_132528.csv,512,DEFECT,HIGH,0,26,111,260,500000,3131976,2393418,-3131976,-366594.0,,,,好棒_总长1000mm_任意重度敲_铁头
843,13:25:29,hit_843_20260730_132529.csv,512,DEFECT,HIGH,0,83,110,727,500000,3868174,2311378,-3868174,-374086.3,,,,好棒_总长1000mm_任意重度敲_铁头
844,13:25:29,hit_844_20260730_132529.csv,512,DEFECT,HIGH,0,25,110,252,500000,3796546,2441362,-3796546,-311016.4,,,,好棒_总长1000mm_任意重度敲_铁头
845,13:25:29,hit_845_20260730_132529.csv,512,DEFECT,HIGH,0,24,111,240,500000,3424600,2141293,-3424600,-508679.4,,,,好棒_总长1000mm_任意重度敲_铁头
846,13:25:30,hit_846_20260730_132530.csv,512,DEFECT,HIGH,0,87,110,767,500000,3791640,2313096,-3791640,-481925.4,,,,好棒_总长1000mm_任意重度敲_铁头
847,13:25:30,hit_847_20260730_132530.csv,512,DEFECT,HIGH,0,26,110,262,500000,2817677,2505627,-2817677,-316810.9,,,,好棒_总长1000mm_任意重度敲_铁头
848,13:25:31,hit_848_20260730_132531.csv,512,DEFECT,HIGH,0,26,110,262,500000,3355498,2409712,-3355498,-393026.5,,,,好棒_总长1000mm_任意重度敲_铁头
849,13:25:32,hit_849_20260730_132532.csv,512,DEFECT,HIGH,0,34,110,343,500000,3058124,3058124,-2763043,-300016.2,,,,好棒_总长1000mm_任意重度敲_铁头
850,13:25:33,hit_850_20260730_132533.csv,512,DEFECT,HIGH,0,30,111,300,500000,3173931,2784202,-3173931,-340479.5,,,,好棒_总长1000mm_任意重度敲_铁头
851,13:25:34,hit_851_20260730_132534.csv,512,DEFECT,HIGH,0,87,110,767,500000,3600064,2586444,-3600064,-413454.8,,,,好棒_总长1000mm_任意重度敲_铁头
852,13:25:35,hit_852_20260730_132535.csv,512,DEFECT,HIGH,0,31,116,274,500000,2257035,2257035,-1518991,-161114.1,,,,好棒_总长1000mm_任意重度敲_铁头
853,13:25:35,hit_853_20260730_132535.csv,512,DEFECT,HIGH,0,27,110,272,500000,3029789,2646752,-3029789,-314540.9,,,,好棒_总长1000mm_任意重度敲_铁头
854,13:25:36,hit_854_20260730_132536.csv,512,DEFECT,HIGH,0,24,110,242,500000,2899598,2459956,-2899598,-283256.8,,,,好棒_总长1000mm_任意重度敲_铁头
855,13:25:37,hit_855_20260730_132537.csv,512,DEFECT,HIGH,0,85,111,740,500000,3797648,2172097,-3797648,-402956.3,,,,好棒_总长1000mm_任意重度敲_铁头
856,13:25:38,hit_856_20260730_132538.csv,512,DEFECT,HIGH,0,23,110,232,500000,3449382,2148627,-3449382,-371078.9,,,,好棒_总长1000mm_任意重度敲_铁头
857,13:25:39,hit_857_20260730_132539.csv,512,DEFECT,HIGH,0,83,109,734,500000,2468856,2468856,-2193550,-185848.6,,,,好棒_总长1000mm_任意重度敲_铁头
858,13:25:39,hit_858_20260730_132539.csv,512,DEFECT,HIGH,0,25,109,255,500000,2637843,2559931,-2637843,-269509.4,,,,好棒_总长1000mm_任意重度敲_铁头
859,13:25:40,hit_859_20260730_132540.csv,512,DEFECT,HIGH,0,24,109,244,500000,3207026,2358401,-3207026,-327185.5,,,,好棒_总长1000mm_任意重度敲_铁头
860,13:25:41,hit_860_20260730_132541.csv,512,DEFECT,HIGH,0,25,108,257,500000,2605012,2605012,-2301110,-203417.7,,,,好棒_总长1000mm_任意重度敲_铁头
861,13:25:41,hit_861_20260730_132541.csv,512,DEFECT,HIGH,0,22,109,224,500000,3252380,2261307,-3252380,-356269.8,,,,好棒_总长1000mm_任意重度敲_铁头
862,13:25:42,hit_862_20260730_132542.csv,512,DEFECT,HIGH,0,86,110,757,500000,3120510,2458153,-3120510,-363899.6,,,,好棒_总长1000mm_任意重度敲_铁头
863,13:25:43,hit_863_20260730_132543.csv,512,DEFECT,HIGH,0,86,108,773,500000,2713161,2713161,-2194590,-209478.3,,,,好棒_总长1000mm_任意重度敲_铁头
864,13:25:43,hit_864_20260730_132543.csv,512,DEFECT,HIGH,0,23,108,237,500000,2295315,2295315,-1694624,-145279.3,,,,好棒_总长1000mm_任意重度敲_铁头
865,13:25:44,hit_865_20260730_132544.csv,512,DEFECT,HIGH,0,26,113,230,500000,2620581,2620581,-1895028,-177107.3,,,,好棒_总长1000mm_任意重度敲_铁头
866,13:25:44,hit_866_20260730_132544.csv,512,DEFECT,HIGH,0,24,109,244,500000,2873173,2418920,-2873173,-311506.9,,,,好棒_总长1000mm_任意重度敲_铁头
867,13:25:45,hit_867_20260730_132545.csv,512,DEFECT,HIGH,0,25,110,252,500000,2626295,2516000,-2626295,-265470.5,,,,好棒_总长1000mm_任意重度敲_铁头
868,13:25:45,hit_868_20260730_132545.csv,512,DEFECT,HIGH,0,25,109,255,500000,2610080,2493504,-2610080,-274081.2,,,,好棒_总长1000mm_任意重度敲_铁头
869,13:25:46,hit_869_20260730_132546.csv,512,DEFECT,HIGH,0,84,109,744,500000,3276501,2280870,-3276501,-356267.3,,,,好棒_总长1000mm_任意重度敲_铁头
870,13:25:47,hit_870_20260730_132547.csv,512,DEFECT,HIGH,0,24,110,242,500000,3234749,2231820,-3234749,-332487.9,,,,好棒_总长1000mm_任意重度敲_铁头
871,13:25:48,hit_871_20260730_132548.csv,512,DEFECT,LOW,0,21,0,200,500000,1194147,1194147,-832746,-75804.5,,,,好棒_总长1000mm_任意重度敲_铁头
872,13:25:49,hit_872_20260730_132549.csv,512,DEFECT,HIGH,0,85,110,747,500000,3349371,2262498,-3349371,-362768.1,,,,好棒_总长1000mm_任意重度敲_铁头
873,13:25:49,hit_873_20260730_132549.csv,512,DEFECT,HIGH,0,32,110,323,500000,2719619,2719619,-1918755,-191731.3,,,,好棒_总长1000mm_任意重度敲_铁头
874,13:25:50,hit_874_20260730_132550.csv,512,DEFECT,HIGH,0,34,109,346,500000,2869782,2869782,-1925041,-209045.2,,,,好棒_总长1000mm_任意重度敲_铁头
875,13:25:51,hit_875_20260730_132551.csv,512,DEFECT,HIGH,0,88,111,770,500000,3769365,2208904,-3769365,-318320.7,,,,好棒_总长1000mm_任意重度敲_铁头
876,13:25:51,hit_876_20260730_132551.csv,512,DEFECT,HIGH,0,85,110,747,500000,2983296,2537838,-2983296,-292854.5,,,,好棒_总长1000mm_任意重度敲_铁头
877,13:25:52,hit_877_20260730_132552.csv,512,DEFECT,HIGH,0,79,110,686,500000,3262595,2467073,-3262595,-338020.8,,,,好棒_总长1000mm_任意重度敲_铁头
878,13:25:53,hit_878_20260730_132553.csv,512,DEFECT,HIGH,0,26,110,262,500000,2701619,2555192,-2701619,-263747.2,,,,好棒_总长1000mm_任意重度敲_铁头
879,13:25:53,hit_879_20260730_132553.csv,512,DEFECT,HIGH,0,80,110,696,500000,3272949,2499228,-3272949,-353545.7,,,,好棒_总长1000mm_任意重度敲_铁头
880,13:25:54,hit_880_20260730_132554.csv,512,DEFECT,HIGH,0,22,109,224,500000,2128761,2128761,-1724098,-136581.5,,,,好棒_总长1000mm_任意重度敲_铁头
881,13:25:55,hit_881_20260730_132555.csv,512,DEFECT,HIGH,0,86,112,742,500000,3880609,2529170,-3880609,-396380.0,,,,好棒_总长1000mm_任意重度敲_铁头
882,13:26:12,hit_882_20260730_132612.csv,512,DEFECT,HIGH,0,36,114,349,500000,3002820,3002820,-2955986,-389127.7,,,,好棒_总长1000mm_任意重度敲_铁头
883,13:26:13,hit_883_20260730_132613.csv,512,DEFECT,HIGH,0,30,110,303,500000,2754809,2754809,-2503238,-290663.6,,,,好棒_总长1000mm_任意重度敲_铁头
884,13:26:13,hit_884_20260730_132613.csv,512,DEFECT,HIGH,0,27,113,238,500000,2743169,2743169,-1988651,-206799.9,,,,好棒_总长1000mm_任意重度敲_铁头
885,13:26:14,hit_885_20260730_132614.csv,512,DEFECT,HIGH,0,23,111,230,500000,3457116,2063865,-3457116,-447229.4,,,,好棒_总长1000mm_任意重度敲_铁头
886,13:26:14,hit_886_20260730_132614.csv,512,DEFECT,HIGH,0,26,109,265,500000,2822160,2523068,-2822160,-399283.9,,,,好棒_总长1000mm_任意重度敲_铁头
887,13:26:15,hit_887_20260730_132615.csv,512,DEFECT,HIGH,0,24,109,244,500000,1974639,1974639,-1443361,-130655.3,,,,好棒_总长1000mm_任意重度敲_铁头
888,13:26:15,hit_888_20260730_132615.csv,512,DEFECT,HIGH,0,22,110,222,500000,3424290,1995169,-3424290,-372387.7,,,,好棒_总长1000mm_任意重度敲_铁头
889,13:26:16,hit_889_20260730_132616.csv,512,DEFECT,HIGH,0,24,110,242,500000,2916511,2246606,-2916511,-334336.9,,,,好棒_总长1000mm_任意重度敲_铁头
890,13:26:16,hit_890_20260730_132616.csv,512,DEFECT,HIGH,0,25,109,255,500000,3767870,2330752,-3767870,-474000.9,,,,好棒_总长1000mm_任意重度敲_铁头
891,13:26:17,hit_891_20260730_132617.csv,512,DEFECT,HIGH,0,21,110,212,500000,3303140,1944344,-3303140,-361030.6,,,,好棒_总长1000mm_任意重度敲_铁头
892,13:26:17,hit_892_20260730_132617.csv,512,DEFECT,HIGH,0,87,110,767,500000,3548811,2278670,-3548811,-489419.9,,,,好棒_总长1000mm_任意重度敲_铁头
893,13:26:18,hit_893_20260730_132618.csv,512,DEFECT,HIGH,0,81,110,707,500000,3450544,2390451,-3450544,-476728.8,,,,好棒_总长1000mm_任意重度敲_铁头
894,13:26:19,hit_894_20260730_132619.csv,512,DEFECT,HIGH,0,27,108,278,500000,1944028,1944028,-1597724,-193779.2,,,,好棒_总长1000mm_任意重度敲_铁头
895,13:26:19,hit_895_20260730_132619.csv,512,DEFECT,HIGH,0,29,119,268,500000,3678772,2301215,-3678772,-494135.7,,,,好棒_总长1000mm_任意重度敲_铁头
896,13:26:20,hit_896_20260730_132620.csv,512,DEFECT,HIGH,0,28,113,274,500000,2786570,2525010,-2786570,-264294.9,,,,好棒_总长1000mm_任意重度敲_铁头
897,13:26:21,hit_897_20260730_132621.csv,512,DEFECT,HIGH,0,30,116,285,500000,2697854,2697854,-2642373,-331324.4,,,,好棒_总长1000mm_任意重度敲_铁头
898,13:26:21,hit_898_20260730_132621.csv,512,DEFECT,HIGH,0,26,112,257,500000,3533932,2332304,-3533932,-403943.8,,,,好棒_总长1000mm_任意重度敲_铁头
899,13:26:22,hit_899_20260730_132622.csv,512,DEFECT,HIGH,0,88,112,762,500000,3637394,2589325,-3637394,-432514.2,,,,好棒_总长1000mm_任意重度敲_铁头
900,13:26:23,hit_900_20260730_132623.csv,512,DEFECT,HIGH,0,29,111,290,500000,2732374,2732374,-2323669,-224769.7,,,,好棒_总长1000mm_任意重度敲_铁头
901,13:26:23,hit_901_20260730_132623.csv,512,DEFECT,HIGH,0,28,112,277,500000,2955408,2690922,-2955408,-344293.0,,,,好棒_总长1000mm_任意重度敲_铁头
902,13:26:24,hit_902_20260730_132624.csv,512,DEFECT,HIGH,0,31,110,313,500000,2449398,2449398,-1704209,-169856.6,,,,好棒_总长1000mm_任意重度敲_铁头
903,13:26:24,hit_903_20260730_132624.csv,512,DEFECT,HIGH,0,27,113,264,500000,3355950,2481597,-3355950,-386709.4,,,,好棒_总长1000mm_任意重度敲_铁头
904,13:26:25,hit_904_20260730_132625.csv,512,DEFECT,HIGH,0,26,112,257,500000,2431651,2431651,-2079084,-170295.7,,,,好棒_总长1000mm_任意重度敲_铁头
905,13:26:25,hit_905_20260730_132625.csv,512,DEFECT,HIGH,0,31,114,300,500000,3725549,2577499,-3725549,-360386.1,,,,好棒_总长1000mm_任意重度敲_铁头
906,13:26:26,hit_906_20260730_132626.csv,512,DEFECT,HIGH,0,27,113,264,500000,2782506,2782506,-2450511,-210056.5,,,,好棒_总长1000mm_任意重度敲_铁头
907,13:26:26,hit_907_20260730_132626.csv,512,DEFECT,HIGH,0,30,114,291,500000,3745986,2468824,-3745986,-364034.3,,,,好棒_总长1000mm_任意重度敲_铁头
908,13:26:27,hit_908_20260730_132627.csv,512,DEFECT,HIGH,0,26,113,254,500000,2364692,2364692,-2238348,-171675.5,,,,好棒_总长1000mm_任意重度敲_铁头
909,13:26:27,hit_909_20260730_132627.csv,512,DEFECT,HIGH,0,84,112,722,500000,3592234,2339743,-3592234,-203831.0,,,,好棒_总长1000mm_任意重度敲_铁头
910,13:26:28,hit_910_20260730_132628.csv,512,DEFECT,HIGH,0,85,111,740,500000,3507132,2108809,-3507132,-339683.1,,,,好棒_总长1000mm_任意重度敲_铁头
911,13:26:28,hit_911_20260730_132628.csv,512,DEFECT,HIGH,0,29,112,287,500000,3139457,2708080,-3139457,-334229.8,,,,好棒_总长1000mm_任意重度敲_铁头
912,13:26:29,hit_912_20260730_132629.csv,512,DEFECT,HIGH,0,27,113,264,500000,3578046,2160489,-3578046,-411822.3,,,,好棒_总长1000mm_任意重度敲_铁头
913,13:26:29,hit_913_20260730_132629.csv,512,DEFECT,HIGH,0,28,112,277,500000,2746550,2746550,-2683183,-275852.6,,,,好棒_总长1000mm_任意重度敲_铁头
914,13:26:30,hit_914_20260730_132630.csv,512,DEFECT,HIGH,0,24,112,237,500000,3137988,2146402,-3137988,-322333.4,,,,好棒_总长1000mm_任意重度敲_铁头
915,13:26:30,hit_915_20260730_132630.csv,512,DEFECT,HIGH,0,85,114,718,500000,3485645,2229854,-3485645,-282682.1,,,,好棒_总长1000mm_任意重度敲_铁头
916,13:26:36,hit_916_20260730_132636.csv,512,DEFECT,HIGH,0,31,113,303,500000,2808924,2808924,-2751717,-276249.9,,,,好棒_总长1000mm_任意重度敲_铁头
917,13:26:37,hit_917_20260730_132637.csv,512,DEFECT,HIGH,0,31,112,306,500000,4425636,2587907,-4425636,-560613.8,,,,好棒_总长1000mm_任意重度敲_铁头
918,13:26:37,hit_918_20260730_132637.csv,512,DEFECT,HIGH,0,36,114,349,500000,4290396,2985367,-4290396,-497859.7,,,,好棒_总长1000mm_任意重度敲_铁头
919,13:26:37,hit_919_20260730_132637.csv,512,DEFECT,HIGH,0,26,110,262,500000,4049896,2626294,-4049896,-176486.7,,,,好棒_总长1000mm_任意重度敲_铁头
920,13:26:38,hit_920_20260730_132638.csv,512,DEFECT,HIGH,0,29,111,290,500000,3561651,2837680,-3561651,-377069.0,,,,好棒_总长1000mm_任意重度敲_铁头
921,13:26:38,hit_921_20260730_132638.csv,512,DEFECT,HIGH,0,27,111,270,500000,3745351,2555359,-3745351,-398103.2,,,,好棒_总长1000mm_任意重度敲_铁头
922,13:26:39,hit_922_20260730_132639.csv,512,DEFECT,HIGH,0,85,110,747,500000,3756336,2529629,-3756336,-370018.7,,,,好棒_总长1000mm_任意重度敲_铁头
923,13:26:39,hit_923_20260730_132639.csv,512,DEFECT,HIGH,0,85,110,747,500000,3896900,2366379,-3896900,-389063.3,,,,好棒_总长1000mm_任意重度敲_铁头
924,13:26:40,hit_924_20260730_132640.csv,512,DEFECT,HIGH,0,82,112,702,500000,3674259,2324711,-3674259,-198868.9,,,,好棒_总长1000mm_任意重度敲_铁头
925,13:26:40,hit_925_20260730_132640.csv,512,DEFECT,HIGH,0,68,113,666,500000,3780069,2676702,-3780069,-127827.4,,,,好棒_总长1000mm_任意重度敲_铁头
926,13:26:40,hit_926_20260730_132640.csv,512,DEFECT,HIGH,0,84,113,715,500000,3831191,2516969,-3831191,-210368.5,,,,好棒_总长1000mm_任意重度敲_铁头
927,13:26:41,hit_927_20260730_132641.csv,512,DEFECT,HIGH,0,26,115,250,500000,3714507,2233955,-3714507,-264512.6,,,,好棒_总长1000mm_任意重度敲_铁头
928,13:26:41,hit_928_20260730_132641.csv,512,DEFECT,HIGH,0,25,114,242,500000,3828566,2202828,-3828566,-256900.5,,,,好棒_总长1000mm_任意重度敲_铁头
929,13:26:42,hit_929_20260730_132642.csv,512,DEFECT,HIGH,0,35,116,333,500000,3858995,3085750,-3858995,-325912.1,,,,好棒_总长1000mm_任意重度敲_铁头
930,13:26:42,hit_930_20260730_132642.csv,512,DEFECT,HIGH,0,45,110,454,500000,2431160,2431160,-1804360,-180110.0,,,,好棒_总长1000mm_任意重度敲_铁头
931,13:26:42,hit_931_20260730_132642.csv,512,DEFECT,HIGH,0,36,115,346,500000,4266794,3074361,-4266794,-383410.1,,,,好棒_总长1000mm_任意重度敲_铁头
932,13:26:43,hit_932_20260730_132643.csv,512,DEFECT,HIGH,0,36,115,346,500000,2848775,2848775,-2541639,-198371.1,,,,好棒_总长1000mm_任意重度敲_铁头
933,13:26:43,hit_933_20260730_132643.csv,512,DEFECT,HIGH,0,30,115,288,572664,2872078,2872078,-2564798,-217631.2,,,,好棒_总长1000mm_任意重度敲_铁头
934,13:26:43,hit_934_20260730_132643.csv,512,DEFECT,HIGH,0,32,118,299,500000,3688772,2950600,-3688772,-331990.2,,,,好棒_总长1000mm_任意重度敲_铁头
935,13:26:44,hit_935_20260730_132644.csv,512,DEFECT,HIGH,0,25,119,231,500000,4225114,2586577,-4225114,-411585.4,,,,好棒_总长1000mm_任意重度敲_铁头
936,13:26:44,hit_936_20260730_132644.csv,512,DEFECT,HIGH,0,38,118,355,500000,3304149,3304149,-2923985,-250113.5,,,,好棒_总长1000mm_任意重度敲_铁头
937,13:26:45,hit_937_20260730_132645.csv,512,DEFECT,HIGH,0,100,113,872,500000,3708450,2872712,-3708450,-56126.8,,,,好棒_总长1000mm_任意重度敲_铁头
938,13:26:45,hit_938_20260730_132645.csv,512,DEFECT,HIGH,0,24,120,220,500000,4557930,2860962,-4557930,-352708.7,,,,好棒_总长1000mm_任意重度敲_铁头
939,13:26:46,hit_939_20260730_132646.csv,512,DEFECT,HIGH,0,26,112,257,685980,2207686,2207686,-1822844,-182174.9,,,,好棒_总长1000mm_任意重度敲_铁头
940,13:26:46,hit_940_20260730_132646.csv,512,DEFECT,HIGH,0,30,114,291,500000,2331527,2331527,-1826676,-182697.9,,,,好棒_总长1000mm_任意重度敲_铁头
941,13:26:46,hit_941_20260730_132646.csv,512,DEFECT,HIGH,0,34,115,326,500000,3126611,3126611,-2835966,-249201.3,,,,好棒_总长1000mm_任意重度敲_铁头
942,13:26:47,hit_942_20260730_132647.csv,512,DEFECT,HIGH,0,43,109,438,500000,1803411,1803411,-1372992,-144511.7,,,,好棒_总长1000mm_任意重度敲_铁头
943,13:26:47,hit_943_20260730_132647.csv,512,DEFECT,HIGH,0,24,118,224,500000,4068813,2371488,-4068813,-405493.9,,,,好棒_总长1000mm_任意重度敲_铁头
944,13:26:48,hit_944_20260730_132648.csv,512,DEFECT,HIGH,0,29,117,273,500000,2678521,2678521,-2395149,-201856.5,,,,好棒_总长1000mm_任意重度敲_铁头
945,13:26:48,hit_945_20260730_132648.csv,512,DEFECT,HIGH,0,28,117,264,500000,2682636,2682636,-2446323,-200687.5,,,,好棒_总长1000mm_任意重度敲_铁头
946,13:26:48,hit_946_20260730_132648.csv,512,DEFECT,HIGH,0,31,119,287,500000,3038297,2696301,-3038297,-243347.4,,,,好棒_总长1000mm_任意重度敲_铁头
947,13:26:49,hit_947_20260730_132649.csv,512,DEFECT,HIGH,0,22,117,207,500000,4178609,2748489,-4178609,-363185.8,,,,好棒_总长1000mm_任意重度敲_铁头
948,13:26:49,hit_948_20260730_132649.csv,512,DEFECT,HIGH,0,29,116,276,500000,3927360,2294676,-3927360,-368692.1,,,,好棒_总长1000mm_任意重度敲_铁头
949,13:26:50,hit_949_20260730_132650.csv,512,DEFECT,HIGH,0,23,119,212,500000,4048270,2299871,-4048270,-327291.2,,,,好棒_总长1000mm_任意重度敲_铁头
950,13:26:50,hit_950_20260730_132650.csv,512,DEFECT,HIGH,0,31,110,313,590928,1985397,1985397,-1526220,-162750.3,,,,好棒_总长1000mm_任意重度敲_铁头
951,13:26:51,hit_951_20260730_132651.csv,512,DEFECT,HIGH,0,21,117,198,500000,4085897,2378831,-4085897,-349522.0,,,,好棒_总长1000mm_任意重度敲_铁头
952,13:26:52,hit_952_20260730_132652.csv,512,DEFECT,HIGH,0,34,114,330,500000,3901209,2893436,-3901209,-560664.3,,,,好棒_总长1000mm_任意重度敲_铁头
953,13:26:52,hit_953_20260730_132652.csv,512,DEFECT,LOW,0,63,0,495,705438,1337729,1337729,-972857,46551.9,,,,好棒_总长1000mm_任意重度敲_铁头
954,13:26:53,hit_954_20260730_132653.csv,512,DEFECT,HIGH,0,31,111,310,500000,2894780,2859145,-2894780,-302054.0,,,,好棒_总长1000mm_任意重度敲_铁头
955,13:26:53,hit_955_20260730_132653.csv,512,DEFECT,HIGH,0,25,112,247,500000,3907364,2295538,-3907364,-310024.4,,,,好棒_总长1000mm_任意重度敲_铁头
956,13:26:54,hit_956_20260730_132654.csv,512,DEFECT,HIGH,0,87,111,760,500000,3722166,2264585,-3722166,-221200.6,,,,好棒_总长1000mm_任意重度敲_铁头
957,13:26:54,hit_957_20260730_132654.csv,512,DEFECT,HIGH,0,85,111,740,500000,3740337,2268116,-3740337,-219180.2,,,,好棒_总长1000mm_任意重度敲_铁头
958,13:26:54,hit_958_20260730_132654.csv,512,DEFECT,HIGH,0,86,112,742,500000,3984341,2308901,-3984341,-313288.6,,,,好棒_总长1000mm_任意重度敲_铁头
959,13:26:55,hit_959_20260730_132655.csv,512,DEFECT,HIGH,0,85,112,732,500000,3867169,2288848,-3867169,-373858.4,,,,好棒_总长1000mm_任意重度敲_铁头
960,13:26:55,hit_960_20260730_132655.csv,512,DEFECT,HIGH,0,22,113,215,500000,4350996,2401165,-4350996,-457103.3,,,,好棒_总长1000mm_任意重度敲_铁头
961,13:26:56,hit_961_20260730_132656.csv,512,DEFECT,HIGH,0,26,112,257,500000,3921322,2300857,-3921322,-329017.9,,,,好棒_总长1000mm_任意重度敲_铁头
962,13:26:56,hit_962_20260730_132656.csv,512,DEFECT,HIGH,0,26,113,254,500000,3430096,2185393,-3430096,-335722.5,,,,好棒_总长1000mm_任意重度敲_铁头
963,13:26:56,hit_963_20260730_132656.csv,512,DEFECT,HIGH,0,29,115,278,500000,3702435,2356467,-3702435,-376231.7,,,,好棒_总长1000mm_任意重度敲_铁头
964,13:26:57,hit_964_20260730_132657.csv,512,DEFECT,HIGH,0,39,114,378,500000,3198947,3198947,-2238274,-244667.4,,,,好棒_总长1000mm_任意重度敲_铁头
965,13:26:57,hit_965_20260730_132657.csv,512,DEFECT,HIGH,0,36,116,342,500000,3412916,3412916,-3216584,-356069.4,,,,好棒_总长1000mm_任意重度敲_铁头
966,13:26:58,hit_966_20260730_132658.csv,512,DEFECT,HIGH,0,36,117,339,500000,3650091,3134647,-3650091,-445341.6,,,,好棒_总长1000mm_任意重度敲_铁头
967,13:26:58,hit_967_20260730_132658.csv,512,DEFECT,HIGH,0,44,110,444,500000,3050534,3050534,-2352652,-253323.1,,,,好棒_总长1000mm_任意重度敲_铁头
968,13:26:58,hit_968_20260730_132658.csv,512,DEFECT,HIGH,0,39,117,367,500000,3573628,3573628,-3265362,-426071.6,,,,好棒_总长1000mm_任意重度敲_铁头
969,13:26:59,hit_969_20260730_132659.csv,512,DEFECT,HIGH,0,35,117,330,500000,4320616,2560702,-4320616,-552697.3,,,,好棒_总长1000mm_任意重度敲_铁头
970,13:26:59,hit_970_20260730_132659.csv,512,DEFECT,HIGH,0,34,116,323,500000,4395415,2512956,-4395415,-575159.2,,,,好棒_总长1000mm_任意重度敲_铁头
971,13:27:00,hit_971_20260730_132700.csv,512,DEFECT,HIGH,0,35,115,336,500000,3742005,2853787,-3742005,-442925.5,,,,好棒_总长1000mm_任意重度敲_铁头
972,13:27:00,hit_972_20260730_132700.csv,512,DEFECT,HIGH,0,36,122,324,500000,3624494,2551212,-3624494,-400610.7,,,,好棒_总长1000mm_任意重度敲_铁头
973,13:27:00,hit_973_20260730_132700.csv,512,DEFECT,HIGH,0,40,118,373,500000,3918828,3114510,-3918828,-378669.3,,,,好棒_总长1000mm_任意重度敲_铁头
974,13:27:01,hit_974_20260730_132701.csv,512,DEFECT,HIGH,0,21,114,203,500000,4288150,2626634,-4288150,-334357.5,,,,好棒_总长1000mm_任意重度敲_铁头
975,13:27:01,hit_975_20260730_132701.csv,512,DEFECT,HIGH,0,87,113,745,500000,3991959,2463147,-3991959,-277947.0,,,,好棒_总长1000mm_任意重度敲_铁头
976,13:27:02,hit_976_20260730_132702.csv,512,DEFECT,HIGH,0,24,112,237,500000,2786556,2434462,-2786556,-331023.1,,,,好棒_总长1000mm_任意重度敲_铁头
977,13:27:02,hit_977_20260730_132702.csv,512,DEFECT,HIGH,0,27,113,264,500000,3170865,2647138,-3170865,-262787.1,,,,好棒_总长1000mm_任意重度敲_铁头
978,13:27:03,hit_978_20260730_132703.csv,512,DEFECT,HIGH,0,24,111,240,500000,3340407,2091794,-3340407,-386413.4,,,,好棒_总长1000mm_任意重度敲_铁头
979,13:27:03,hit_979_20260730_132703.csv,512,DEFECT,HIGH,0,93,113,803,500000,3993241,2579968,-3993241,-234706.1,,,,好棒_总长1000mm_任意重度敲_铁头
980,13:27:03,hit_980_20260730_132703.csv,512,DEFECT,HIGH,0,85,113,725,500000,3036060,2664782,-3036060,-238596.8,,,,好棒_总长1000mm_任意重度敲_铁头
981,13:27:04,hit_981_20260730_132704.csv,512,DEFECT,HIGH,0,32,114,310,500000,2943019,2839361,-2943019,-230873.0,,,,好棒_总长1000mm_任意重度敲_铁头
982,13:27:04,hit_982_20260730_132704.csv,512,DEFECT,HIGH,0,32,113,313,500000,3550044,2840204,-3550044,-326195.6,,,,好棒_总长1000mm_任意重度敲_铁头
983,13:27:05,hit_983_20260730_132705.csv,512,DEFECT,HIGH,0,27,114,262,500000,3400601,2376658,-3400601,-365679.5,,,,好棒_总长1000mm_任意重度敲_铁头
984,13:27:05,hit_984_20260730_132705.csv,512,DEFECT,HIGH,0,86,113,735,500000,3794819,2606480,-3794819,-361102.6,,,,好棒_总长1000mm_任意重度敲_铁头
985,13:27:06,hit_985_20260730_132706.csv,512,DEFECT,HIGH,0,27,113,264,500000,3872057,2684754,-3872057,-44993.3,,,,好棒_总长1000mm_任意重度敲_铁头
986,13:27:06,hit_986_20260730_132706.csv,512,DEFECT,HIGH,0,21,115,201,500000,4366583,2430582,-4366583,-366129.2,,,,好棒_总长1000mm_任意重度敲_铁头
987,13:27:07,hit_987_20260730_132707.csv,512,DEFECT,HIGH,0,28,112,277,500000,4021203,2481789,-4021203,-329430.8,,,,好棒_总长1000mm_任意重度敲_铁头
988,13:27:07,hit_988_20260730_132707.csv,512,DEFECT,HIGH,0,97,111,860,500000,3855533,2583741,-3855533,-183509.6,,,,好棒_总长1000mm_任意重度敲_铁头
989,13:27:07,hit_989_20260730_132707.csv,512,DEFECT,HIGH,0,93,112,811,500000,4105032,2478848,-4105032,-318231.8,,,,好棒_总长1000mm_任意重度敲_铁头
990,13:27:08,hit_990_20260730_132708.csv,512,DEFECT,HIGH,0,28,112,277,500000,3526192,2439415,-3526192,-416016.2,,,,好棒_总长1000mm_任意重度敲_铁头
991,13:27:08,hit_991_20260730_132708.csv,512,DEFECT,HIGH,0,23,115,221,500000,4471277,2424092,-4471277,-509970.6,,,,好棒_总长1000mm_任意重度敲_铁头
992,13:27:09,hit_992_20260730_132709.csv,512,DEFECT,HIGH,0,96,112,841,500000,4147477,2461111,-4147477,-342455.2,,,,好棒_总长1000mm_任意重度敲_铁头
993,13:27:09,hit_993_20260730_132709.csv,512,DEFECT,HIGH,0,88,111,770,500000,3829682,2454961,-3829682,-195032.5,,,,好棒_总长1000mm_任意重度敲_铁头
994,13:27:10,hit_994_20260730_132710.csv,512,DEFECT,HIGH,0,23,110,232,500000,3539290,2579353,-3539290,87924.5,,,,好棒_总长1000mm_任意重度敲_铁头
995,13:27:10,hit_995_20260730_132710.csv,512,DEFECT,HIGH,0,27,111,270,500000,3705629,2853394,-3705629,7380.8,,,,好棒_总长1000mm_任意重度敲_铁头
996,13:27:11,hit_996_20260730_132711.csv,512,DEFECT,HIGH,0,28,111,280,500000,3918648,2603018,-3918648,-175950.3,,,,好棒_总长1000mm_任意重度敲_铁头
997,13:27:11,hit_997_20260730_132711.csv,512,DEFECT,HIGH,0,29,112,287,500000,4027994,2668951,-4027994,-155311.2,,,,好棒_总长1000mm_任意重度敲_铁头
998,13:27:12,hit_998_20260730_132712.csv,512,DEFECT,HIGH,0,31,114,300,500000,4213455,2744777,-4213455,-139757.8,,,,好棒_总长1000mm_任意重度敲_铁头
999,13:27:12,hit_999_20260730_132712.csv,512,DEFECT,HIGH,0,22,115,211,500000,4575207,2752275,-4575207,-266940.6,,,,好棒_总长1000mm_任意重度敲_铁头
1000,13:27:12,hit_1000_20260730_132712.csv,512,DEFECT,HIGH,0,23,116,219,500000,4529756,2617063,-4529756,-442358.2,,,,好棒_总长1000mm_任意重度敲_铁头
1001,13:27:13,hit_1001_20260730_132713.csv,512,DEFECT,HIGH,0,24,116,228,500000,4537521,2818413,-4537521,-432215.7,,,,好棒_总长1000mm_任意重度敲_铁头
1002,13:27:13,hit_1002_20260730_132713.csv,512,DEFECT,HIGH,0,27,110,272,500000,4127354,2792815,-4127354,-133155.7,,,,好棒_总长1000mm_任意重度敲_铁头
1003,13:27:14,hit_1003_20260730_132714.csv,512,DEFECT,HIGH,0,73,111,730,500000,4038410,2709446,-4038410,-69784.3,,,,好棒_总长1000mm_任意重度敲_铁头
1004,13:27:14,hit_1004_20260730_132714.csv,512,DEFECT,HIGH,0,90,111,790,500000,3742567,2347579,-3742567,-185033.3,,,,好棒_总长1000mm_任意重度敲_铁头
1005,13:27:15,hit_1005_20260730_132715.csv,512,DEFECT,HIGH,0,23,111,230,500000,3613006,2090264,-3613006,-278607.2,,,,好棒_总长1000mm_任意重度敲_铁头
1006,13:27:15,hit_1006_20260730_132715.csv,512,DEFECT,HIGH,0,81,110,707,500000,3327162,1865414,-3327162,-240520.3,,,,好棒_总长1000mm_任意重度敲_铁头
1007,13:27:16,hit_1007_20260730_132716.csv,512,DEFECT,HIGH,0,82,109,724,500000,3202630,2104504,-3202630,-311525.8,,,,好棒_总长1000mm_任意重度敲_铁头
1008,13:27:16,hit_1008_20260730_132716.csv,512,DEFECT,HIGH,0,26,111,260,500000,3068134,2541026,-3068134,-345289.9,,,,好棒_总长1000mm_任意重度敲_铁头
1009,13:27:16,hit_1009_20260730_132716.csv,512,DEFECT,HIGH,0,36,108,371,500000,2686190,2686190,-1849618,-188624.9,,,,好棒_总长1000mm_任意重度敲_铁头
1010,13:27:17,hit_1010_20260730_132717.csv,512,DEFECT,HIGH,0,24,111,240,500000,2645882,2460833,-2645882,-217766.8,,,,好棒_总长1000mm_任意重度敲_铁头
1011,13:27:17,hit_1011_20260730_132717.csv,512,DEFECT,HIGH,0,24,111,240,500000,2517522,2358433,-2517522,-197969.6,,,,好棒_总长1000mm_任意重度敲_铁头
1012,13:27:18,hit_1012_20260730_132718.csv,512,DEFECT,HIGH,0,29,113,284,500000,3800205,2514583,-3800205,-398640.0,,,,好棒_总长1000mm_任意重度敲_铁头
1013,13:27:18,hit_1013_20260730_132718.csv,512,DEFECT,HIGH,0,84,111,730,500000,3491706,2183061,-3491706,-331033.7,,,,好棒_总长1000mm_任意重度敲_铁头
1014,13:27:18,hit_1014_20260730_132718.csv,512,DEFECT,HIGH,0,31,112,306,500000,3976262,2696465,-3976262,-445825.0,,,,好棒_总长1000mm_任意重度敲_铁头
1015,13:27:19,hit_1015_20260730_132719.csv,512,DEFECT,HIGH,0,24,111,240,500000,3447643,2132052,-3447643,-294376.4,,,,好棒_总长1000mm_任意重度敲_铁头
1016,13:27:19,hit_1016_20260730_132719.csv,512,DEFECT,HIGH,0,84,112,722,500000,2725967,2476884,-2725967,-204572.1,,,,好棒_总长1000mm_任意重度敲_铁头
1017,13:27:20,hit_1017_20260730_132720.csv,512,DEFECT,HIGH,0,85,111,740,500000,2929624,2557197,-2929624,-267421.9,,,,好棒_总长1000mm_任意重度敲_铁头
1018,13:27:20,hit_1018_20260730_132720.csv,512,DEFECT,HIGH,0,84,111,730,500000,3303799,2372438,-3303799,-316574.9,,,,好棒_总长1000mm_任意重度敲_铁头
1019,13:27:20,hit_1019_20260730_132720.csv,512,DEFECT,HIGH,0,85,112,732,500000,3291120,2517501,-3291120,-278980.2,,,,好棒_总长1000mm_任意重度敲_铁头
1020,13:27:21,hit_1020_20260730_132721.csv,512,DEFECT,HIGH,0,84,112,722,500000,3279227,2176868,-3279227,-306686.9,,,,好棒_总长1000mm_任意重度敲_铁头
1021,13:27:21,hit_1021_20260730_132721.csv,512,DEFECT,HIGH,0,22,109,224,500000,1750964,1750964,-1496909,-112215.6,,,,好棒_总长1000mm_任意重度敲_铁头
1022,13:27:22,hit_1022_20260730_132722.csv,512,DEFECT,HIGH,0,84,112,722,500000,3358442,2261075,-3358442,-316939.6,,,,好棒_总长1000mm_任意重度敲_铁头
1023,13:27:22,hit_1023_20260730_132722.csv,512,DEFECT,HIGH,0,24,111,240,500000,2723954,2465415,-2723954,-216810.8,,,,好棒_总长1000mm_任意重度敲_铁头
1024,13:27:22,hit_1024_20260730_132722.csv,512,DEFECT,HIGH,0,28,111,280,500000,2653030,2653030,-2593525,-222571.5,,,,好棒_总长1000mm_任意重度敲_铁头
1025,13:27:23,hit_1025_20260730_132723.csv,512,DEFECT,HIGH,0,25,111,250,500000,2885622,2473923,-2885622,-247695.7,,,,好棒_总长1000mm_任意重度敲_铁头
1026,13:27:23,hit_1026_20260730_132723.csv,512,DEFECT,HIGH,0,27,113,264,500000,2991270,2574354,-2991270,-288896.7,,,,好棒_总长1000mm_任意重度敲_铁头
1027,13:27:24,hit_1027_20260730_132724.csv,512,DEFECT,LOW,0,39,0,371,500000,1593520,1593520,-1204218,-151584.0,,,,好棒_总长1000mm_任意重度敲_铁头
1028,13:27:24,hit_1028_20260730_132724.csv,512,DEFECT,HIGH,0,85,113,725,500000,3590040,2106287,-3590040,-356458.5,,,,好棒_总长1000mm_任意重度敲_铁头
1029,13:27:24,hit_1029_20260730_132724.csv,512,DEFECT,HIGH,0,26,112,257,500000,2964762,2476728,-2964762,-279497.6,,,,好棒_总长1000mm_任意重度敲_铁头
1030,13:27:25,hit_1030_20260730_132725.csv,512,DEFECT,HIGH,0,26,112,257,500000,2895767,2447701,-2895767,-263069.5,,,,好棒_总长1000mm_任意重度敲_铁头
1031,13:27:25,hit_1031_20260730_132725.csv,512,DEFECT,HIGH,0,24,111,240,500000,3525731,2187168,-3525731,-343441.7,,,,好棒_总长1000mm_任意重度敲_铁头
1032,13:27:25,hit_1032_20260730_132725.csv,512,DEFECT,HIGH,0,84,111,730,500000,3489113,2231089,-3489113,-326631.1,,,,好棒_总长1000mm_任意重度敲_铁头
1033,13:27:26,hit_1033_20260730_132726.csv,512,DEFECT,HIGH,0,29,114,281,500000,2998660,2722440,-2998660,-334531.7,,,,好棒_总长1000mm_任意重度敲_铁头
1034,13:27:26,hit_1034_20260730_132726.csv,512,DEFECT,HIGH,0,26,109,265,500000,2611105,2611105,-2177517,-219836.5,,,,好棒_总长1000mm_任意重度敲_铁头
1035,13:27:27,hit_1035_20260730_132727.csv,512,DEFECT,HIGH,0,85,109,755,500000,2607875,2607875,-2069835,-200947.2,,,,好棒_总长1000mm_任意重度敲_铁头
1036,13:27:27,hit_1036_20260730_132727.csv,512,DEFECT,HIGH,0,24,111,240,500000,3107327,2280928,-3107327,-297885.7,,,,好棒_总长1000mm_任意重度敲_铁头
1037,13:27:27,hit_1037_20260730_132727.csv,512,DEFECT,HIGH,0,23,110,232,500000,3435442,2141452,-3435442,-319354.3,,,,好棒_总长1000mm_任意重度敲_铁头
1038,13:27:28,hit_1038_20260730_132728.csv,512,DEFECT,HIGH,0,25,110,252,500000,3169807,2388323,-3169807,-329559.1,,,,好棒_总长1000mm_任意重度敲_铁头
1039,13:27:28,hit_1039_20260730_132728.csv,512,DEFECT,HIGH,0,86,110,757,500000,3146936,2443290,-3146936,-343163.8,,,,好棒_总长1000mm_任意重度敲_铁头
1040,13:27:28,hit_1040_20260730_132728.csv,512,DEFECT,HIGH,0,25,108,257,500000,2559809,2559809,-2177880,-265635.7,,,,好棒_总长1000mm_任意重度敲_铁头
1041,13:27:29,hit_1041_20260730_132729.csv,512,DEFECT,HIGH,0,26,109,265,500000,2192587,2192587,-1661382,-140656.1,,,,好棒_总长1000mm_任意重度敲_铁头
1042,13:27:29,hit_1042_20260730_132729.csv,512,DEFECT,HIGH,0,21,113,185,500000,2312423,2312423,-1613966,-152376.7,,,,好棒_总长1000mm_任意重度敲_铁头
1043,13:27:30,hit_1043_20260730_132730.csv,512,DEFECT,HIGH,0,26,113,230,500000,2702141,2702141,-1905732,-191190.9,,,,好棒_总长1000mm_任意重度敲_铁头
1044,13:27:30,hit_1044_20260730_132730.csv,512,DEFECT,HIGH,0,27,110,272,500000,2565917,2565917,-2108524,-200692.8,,,,好棒_总长1000mm_任意重度敲_铁头
1045,13:27:31,hit_1045_20260730_132731.csv,512,DEFECT,HIGH,0,28,109,285,500000,2723421,2723421,-2151976,-255682.0,,,,好棒_总长1000mm_任意重度敲_铁头
1046,13:27:31,hit_1046_20260730_132731.csv,512,DEFECT,HIGH,0,29,110,292,500000,2801662,2801662,-2524183,-286041.7,,,,好棒_总长1000mm_任意重度敲_铁头
1047,13:27:32,hit_1047_20260730_132732.csv,512,DEFECT,HIGH,0,26,110,262,500000,3063843,2645076,-3063843,-334421.8,,,,好棒_总长1000mm_任意重度敲_铁头
1048,13:27:32,hit_1048_20260730_132732.csv,512,DEFECT,HIGH,0,28,113,247,500000,2202085,2202085,-1517246,-160475.1,,,,好棒_总长1000mm_任意重度敲_铁头
1049,13:27:33,hit_1049_20260730_132733.csv,512,DEFECT,HIGH,0,24,110,242,500000,3056116,2190024,-3056116,-419790.8,,,,好棒_总长1000mm_任意重度敲_铁头
1050,13:27:33,hit_1050_20260730_132733.csv,512,DEFECT,HIGH,0,85,111,740,500000,3696395,2347809,-3696395,-378198.3,,,,好棒_总长1000mm_任意重度敲_铁头
1051,13:27:34,hit_1051_20260730_132734.csv,512,DEFECT,HIGH,0,85,111,740,500000,3812789,2406439,-3812789,-386765.8,,,,好棒_总长1000mm_任意重度敲_铁头
1052,13:27:35,hit_1052_20260730_132735.csv,512,DEFECT,HIGH,0,86,111,750,500000,3791372,2529492,-3791372,-370363.6,,,,好棒_总长1000mm_任意重度敲_铁头
1053,13:27:35,hit_1053_20260730_132735.csv,512,DEFECT,HIGH,0,85,111,740,500000,3420280,2465996,-3420280,-336085.2,,,,好棒_总长1000mm_任意重度敲_铁头
1054,13:27:36,hit_1054_20260730_132736.csv,512,DEFECT,HIGH,0,25,111,250,500000,3718065,2318678,-3718065,-342056.3,,,,好棒_总长1000mm_任意重度敲_铁头
1055,13:27:37,hit_1055_20260730_132737.csv,512,DEFECT,HIGH,0,88,111,770,500000,3944387,2311518,-3944387,-314326.2,,,,好棒_总长1000mm_任意重度敲_铁头
1056,13:27:37,hit_1056_20260730_132737.csv,512,DEFECT,HIGH,0,25,112,247,500000,3870447,2290204,-3870447,-305977.4,,,,好棒_总长1000mm_任意重度敲_铁头
1057,13:27:38,hit_1057_20260730_132738.csv,512,DEFECT,HIGH,0,27,111,270,500000,4092735,2323394,-4092735,-371031.4,,,,好棒_总长1000mm_任意重度敲_铁头
1058,13:27:39,hit_1058_20260730_132739.csv,512,DEFECT,HIGH,0,88,111,770,500000,3736320,2203299,-3736320,-250869.6,,,,好棒_总长1000mm_任意重度敲_铁头
1059,13:27:39,hit_1059_20260730_132739.csv,512,DEFECT,HIGH,0,90,112,782,500000,4034195,2326831,-4034195,-315667.9,,,,好棒_总长1000mm_任意重度敲_铁头
1060,13:27:40,hit_1060_20260730_132740.csv,512,DEFECT,HIGH,0,27,111,270,500000,3308124,2672419,-3308124,-404021.8,,,,好棒_总长1000mm_任意重度敲_铁头
1061,13:27:41,hit_1061_20260730_132741.csv,512,DEFECT,HIGH,0,96,110,858,500000,3830577,2199571,-3830577,-218359.2,,,,好棒_总长1000mm_任意重度敲_铁头
1062,13:27:41,hit_1062_20260730_132741.csv,512,DEFECT,HIGH,0,83,111,720,500000,3471523,2077135,-3471523,-296061.3,,,,好棒_总长1000mm_任意重度敲_铁头
1063,13:27:42,hit_1063_20260730_132742.csv,512,DEFECT,HIGH,0,22,110,222,500000,3550117,2373160,-3550117,10468.2,,,,好棒_总长1000mm_任意重度敲_铁头
1064,13:27:43,hit_1064_20260730_132743.csv,512,DEFECT,HIGH,0,83,111,720,500000,3579064,2057394,-3579064,-276458.9,,,,好棒_总长1000mm_任意重度敲_铁头
1065,13:27:43,hit_1065_20260730_132743.csv,512,DEFECT,HIGH,0,97,110,868,500000,3712829,2233619,-3712829,-169538.9,,,,好棒_总长1000mm_任意重度敲_铁头
1066,13:27:44,hit_1066_20260730_132744.csv,512,DEFECT,HIGH,0,85,111,740,500000,3699778,2171590,-3699778,-247425.7,,,,好棒_总长1000mm_任意重度敲_铁头
1067,13:27:44,hit_1067_20260730_132744.csv,512,DEFECT,HIGH,0,29,111,290,500000,3169161,2629478,-3169161,-359075.5,,,,好棒_总长1000mm_任意重度敲_铁头
1068,13:27:45,hit_1068_20260730_132745.csv,512,DEFECT,HIGH,0,24,113,212,500000,2586605,2586605,-1760650,-185585.9,,,,好棒_总长1000mm_任意重度敲_铁头
1069,13:27:45,hit_1069_20260730_132745.csv,512,DEFECT,HIGH,0,27,109,275,500000,2772651,2772651,-2440702,-294002.0,,,,好棒_总长1000mm_任意重度敲_铁头
1070,13:27:46,hit_1070_20260730_132746.csv,512,DEFECT,HIGH,0,24,109,244,500000,2721067,2424856,-2721067,-295157.3,,,,好棒_总长1000mm_任意重度敲_铁头
1071,13:27:46,hit_1071_20260730_132746.csv,512,DEFECT,HIGH,0,84,109,744,500000,3193384,2133783,-3193384,-361008.7,,,,好棒_总长1000mm_任意重度敲_铁头
1072,13:27:47,hit_1072_20260730_132747.csv,512,DEFECT,HIGH,0,22,108,226,500000,3750954,2060758,-3750954,-435848.8,,,,好棒_总长1000mm_任意重度敲_铁头
1073,13:27:47,hit_1073_20260730_132747.csv,512,DEFECT,HIGH,0,31,117,274,500000,2967911,2967911,-2163962,-232958.3,,,,好棒_总长1000mm_任意重度敲_铁头
1074,13:27:48,hit_1074_20260730_132748.csv,512,DEFECT,HIGH,0,25,109,255,500000,2773829,2531912,-2773829,-311281.1,,,,好棒_总长1000mm_任意重度敲_铁头
1075,13:27:48,hit_1075_20260730_132748.csv,512,DEFECT,HIGH,0,29,109,295,500000,2817811,2817811,-2103781,-232144.0,,,,好棒_总长1000mm_任意重度敲_铁头
1076,13:27:49,hit_1076_20260730_132749.csv,512,DEFECT,HIGH,0,29,109,295,500000,2822515,2822515,-2045764,-226890.2,,,,好棒_总长1000mm_任意重度敲_铁头
1077,13:27:50,hit_1077_20260730_132750.csv,512,DEFECT,HIGH,0,22,108,226,500000,3442007,2223046,-3442007,-422701.9,,,,好棒_总长1000mm_任意重度敲_铁头
1078,13:27:50,hit_1078_20260730_132750.csv,512,DEFECT,HIGH,0,27,110,272,500000,2805969,2560538,-2805969,-322607.0,,,,好棒_总长1000mm_任意重度敲_铁头
1079,13:27:51,hit_1079_20260730_132751.csv,512,DEFECT,HIGH,0,85,110,747,500000,3549295,2150146,-3549295,-454728.2,,,,好棒_总长1000mm_任意重度敲_铁头
1080,13:27:51,hit_1080_20260730_132751.csv,512,DEFECT,HIGH,0,21,113,185,500000,3479113,2132678,-3479113,-375365.7,,,,好棒_总长1000mm_任意重度敲_铁头
1081,13:27:52,hit_1081_20260730_132752.csv,512,DEFECT,HIGH,0,25,108,257,500000,2931967,2482467,-2931967,-392312.4,,,,好棒_总长1000mm_任意重度敲_铁头
1082,13:27:52,hit_1082_20260730_132752.csv,512,DEFECT,HIGH,0,84,109,744,500000,2719247,2267120,-2719247,-299012.3,,,,好棒_总长1000mm_任意重度敲_铁头
1083,13:27:53,hit_1083_20260730_132753.csv,512,DEFECT,HIGH,0,83,108,742,500000,3087100,2175636,-3087100,-362445.8,,,,好棒_总长1000mm_任意重度敲_铁头
1084,13:27:53,hit_1084_20260730_132753.csv,512,DEFECT,HIGH,0,82,108,731,500000,3090713,1983113,-3090713,-349647.3,,,,好棒_总长1000mm_任意重度敲_铁头
1085,13:27:54,hit_1085_20260730_132754.csv,512,DEFECT,HIGH,0,83,108,742,500000,3469603,2215944,-3469603,-375009.4,,,,好棒_总长1000mm_任意重度敲_铁头
1086,13:27:54,hit_1086_20260730_132754.csv,512,DEFECT,HIGH,0,21,108,216,500000,3215808,2039086,-3215808,-376516.9,,,,好棒_总长1000mm_任意重度敲_铁头
1087,13:27:55,hit_1087_20260730_132755.csv,512,DEFECT,HIGH,0,86,113,735,500000,3799483,2207065,-3799483,-376804.4,,,,好棒_总长1000mm_任意重度敲_铁头
1088,13:27:55,hit_1088_20260730_132755.csv,512,DEFECT,HIGH,0,84,110,737,500000,3685564,2301771,-3685564,-366462.2,,,,好棒_总长1000mm_任意重度敲_铁头
1089,13:27:56,hit_1089_20260730_132756.csv,512,DEFECT,HIGH,0,24,110,242,500000,3641095,2287033,-3641095,-352339.3,,,,好棒_总长1000mm_任意重度敲_铁头
1090,13:27:57,hit_1090_20260730_132757.csv,512,DEFECT,HIGH,0,25,110,252,500000,3925558,2353218,-3925558,-344769.2,,,,好棒_总长1000mm_任意重度敲_铁头
1091,13:27:57,hit_1091_20260730_132757.csv,512,DEFECT,HIGH,0,88,111,770,500000,4005218,2324194,-4005218,-313606.2,,,,好棒_总长1000mm_任意重度敲_铁头
1092,13:27:58,hit_1092_20260730_132758.csv,512,DEFECT,HIGH,0,22,109,224,500000,3599550,2145428,-3599550,-272753.8,,,,好棒_总长1000mm_任意重度敲_铁头
1093,13:27:58,hit_1093_20260730_132758.csv,512,DEFECT,HIGH,0,22,113,194,500000,3592251,2228200,-3592251,-455768.0,,,,好棒_总长1000mm_任意重度敲_铁头
1094,13:27:59,hit_1094_20260730_132759.csv,512,DEFECT,HIGH,0,24,108,247,500000,3420250,2337172,-3420250,-423930.3,,,,好棒_总长1000mm_任意重度敲_铁头
1095,13:27:59,hit_1095_20260730_132759.csv,512,DEFECT,HIGH,0,35,111,350,500000,3060209,3060209,-2974828,-322123.8,,,,好棒_总长1000mm_任意重度敲_铁头
1096,13:27:59,hit_1096_20260730_132759.csv,512,DEFECT,HIGH,0,23,109,234,500000,3708931,2239415,-3708931,-390747.3,,,,好棒_总长1000mm_任意重度敲_铁头
1097,13:28:00,hit_1097_20260730_132800.csv,512,DEFECT,HIGH,0,29,113,284,500000,3665285,2619536,-3665285,-424579.5,,,,好棒_总长1000mm_任意重度敲_铁头
1098,13:28:00,hit_1098_20260730_132800.csv,512,DEFECT,HIGH,0,27,112,267,500000,3675686,2561350,-3675686,-430982.7,,,,好棒_总长1000mm_任意重度敲_铁头
1099,13:28:01,hit_1099_20260730_132801.csv,512,DEFECT,HIGH,0,23,109,234,500000,3806586,2151492,-3806586,-419357.8,,,,好棒_总长1000mm_任意重度敲_铁头
1100,13:28:01,hit_1100_20260730_132801.csv,512,DEFECT,HIGH,0,40,108,412,500000,3532518,3532518,-2619739,-294495.5,,,,好棒_总长1000mm_任意重度敲_铁头
1101,13:28:02,hit_1101_20260730_132802.csv,512,DEFECT,HIGH,0,23,109,234,500000,3588363,2522872,-3588363,-53805.4,,,,好棒_总长1000mm_任意重度敲_铁头
1102,13:28:02,hit_1102_20260730_132802.csv,512,DEFECT,HIGH,0,25,114,242,500000,3693542,2129942,-3693542,-398587.1,,,,好棒_总长1000mm_任意重度敲_铁头
1103,13:28:03,hit_1103_20260730_132803.csv,512,DEFECT,HIGH,0,97,112,851,500000,3679126,2338188,-3679126,-40783.3,,,,好棒_总长1000mm_任意重度敲_铁头
1104,13:28:03,hit_1104_20260730_132803.csv,512,DEFECT,HIGH,0,21,114,203,500000,4253647,2340204,-4253647,-377837.4,,,,好棒_总长1000mm_任意重度敲_铁头
1105,13:28:04,hit_1105_20260730_132804.csv,512,DEFECT,HIGH,0,91,111,800,500000,3788325,2349963,-3788325,-190788.8,,,,好棒_总长1000mm_任意重度敲_铁头
1106,13:28:04,hit_1106_20260730_132804.csv,512,DEFECT,HIGH,0,89,113,764,500000,3818218,2359087,-3818218,-200138.9,,,,好棒_总长1000mm_任意重度敲_铁头
1107,13:28:05,hit_1107_20260730_132805.csv,512,DEFECT,HIGH,0,97,110,868,500000,3172725,2692105,-3172725,284683.4,,,,好棒_总长1000mm_任意重度敲_铁头
1108,13:28:05,hit_1108_20260730_132805.csv,512,DEFECT,HIGH,0,31,114,300,500000,4086442,2600427,-4086442,-369814.0,,,,好棒_总长1000mm_任意重度敲_铁头
1109,13:28:06,hit_1109_20260730_132806.csv,512,DEFECT,HIGH,0,27,114,262,500000,3937738,2336777,-3937738,-245335.9,,,,好棒_总长1000mm_任意重度敲_铁头
1110,13:28:06,hit_1110_20260730_132806.csv,512,DEFECT,HIGH,0,30,113,294,500000,4243925,2527166,-4243925,-289775.0,,,,好棒_总长1000mm_任意重度敲_铁头
1111,13:28:07,hit_1111_20260730_132807.csv,512,DEFECT,HIGH,0,27,113,264,500000,3849758,2325572,-3849758,-261480.2,,,,好棒_总长1000mm_任意重度敲_铁头
1112,13:28:07,hit_1112_20260730_132807.csv,512,DEFECT,HIGH,0,21,116,200,500000,4170197,2338612,-4170197,-351330.3,,,,好棒_总长1000mm_任意重度敲_铁头
1113,13:28:07,hit_1113_20260730_132807.csv,512,DEFECT,HIGH,0,21,114,203,500000,4143896,2461755,-4143896,-347918.4,,,,好棒_总长1000mm_任意重度敲_铁头
1114,13:28:08,hit_1114_20260730_132808.csv,512,DEFECT,HIGH,0,27,111,270,500000,3716373,2689623,-3716373,-78142.2,,,,好棒_总长1000mm_任意重度敲_铁头
1115,13:28:08,hit_1115_20260730_132808.csv,512,DEFECT,HIGH,0,89,112,772,500000,4024639,2499182,-4024639,-246050.6,,,,好棒_总长1000mm_任意重度敲_铁头
1116,13:28:09,hit_1116_20260730_132809.csv,512,DEFECT,HIGH,0,28,112,277,500000,4065185,2452336,-4065185,-276692.0,,,,好棒_总长1000mm_任意重度敲_铁头
1117,13:28:10,hit_1117_20260730_132810.csv,512,DEFECT,HIGH,0,94,112,821,500000,4057800,2579426,-4057800,-239153.7,,,,好棒_总长1000mm_任意重度敲_铁头
1118,13:28:10,hit_1118_20260730_132810.csv,512,DEFECT,HIGH,0,21,116,200,500000,4148488,2343750,-4148488,-317190.2,,,,好棒_总长1000mm_任意重度敲_铁头
1119,13:28:11,hit_1119_20260730_132811.csv,512,DEFECT,HIGH,0,94,111,830,500000,3833965,2523042,-3833965,-151775.9,,,,好棒_总长1000mm_任意重度敲_铁头
1120,13:28:11,hit_1120_20260730_132811.csv,512,DEFECT,HIGH,0,91,111,800,500000,3645317,2516891,-3645317,-118506.1,,,,好棒_总长1000mm_任意重度敲_铁头
1121,13:28:12,hit_1121_20260730_132812.csv,512,DEFECT,HIGH,0,90,110,797,500000,3766727,2446967,-3766727,-195456.1,,,,好棒_总长1000mm_任意重度敲_铁头
1122,13:28:12,hit_1122_20260730_132812.csv,512,DEFECT,HIGH,0,28,111,280,500000,4110251,2618493,-4110251,-205946.9,,,,好棒_总长1000mm_任意重度敲_铁头
1123,13:28:13,hit_1123_20260730_132813.csv,512,DEFECT,HIGH,0,27,113,264,500000,4020223,2318356,-4020223,-301421.8,,,,好棒_总长1000mm_任意重度敲_铁头
1124,13:28:13,hit_1124_20260730_132813.csv,512,DEFECT,HIGH,0,90,113,774,500000,3687570,2280133,-3687570,-166459.0,,,,好棒_总长1000mm_任意重度敲_铁头
1125,13:28:14,hit_1125_20260730_132814.csv,512,DEFECT,HIGH,0,98,111,870,500000,3544163,2469115,-3544163,-7236.4,,,,好棒_总长1000mm_任意重度敲_铁头
1126,13:28:14,hit_1126_20260730_132814.csv,512,DEFECT,HIGH,0,87,110,767,500000,3524133,2349294,-3524133,-144767.2,,,,好棒_总长1000mm_任意重度敲_铁头
1127,13:28:15,hit_1127_20260730_132815.csv,512,DEFECT,HIGH,0,26,111,260,500000,3790082,2462780,-3790082,-168536.8,,,,好棒_总长1000mm_任意重度敲_铁头
1128,13:28:15,hit_1128_20260730_132815.csv,512,DEFECT,HIGH,0,29,114,281,500000,3776946,2355270,-3776946,-316082.8,,,,好棒_总长1000mm_任意重度敲_铁头
1129,13:28:16,hit_1129_20260730_132816.csv,512,DEFECT,HIGH,0,21,115,201,500000,4085313,2545731,-4085313,-228198.3,,,,好棒_总长1000mm_任意重度敲_铁头
1130,13:28:16,hit_1130_20260730_132816.csv,512,DEFECT,HIGH,0,23,117,216,500000,4167476,2337867,-4167476,-347700.0,,,,好棒_总长1000mm_任意重度敲_铁头
1131,13:28:17,hit_1131_20260730_132817.csv,512,DEFECT,HIGH,0,33,114,320,500000,3169090,3024917,-3169090,-267975.0,,,,好棒_总长1000mm_任意重度敲_铁头
1132,13:28:17,hit_1132_20260730_132817.csv,512,DEFECT,HIGH,0,33,115,317,500000,3764222,2868709,-3764222,-344618.5,,,,好棒_总长1000mm_任意重度敲_铁头
1133,13:28:18,hit_1133_20260730_132818.csv,512,DEFECT,HIGH,0,98,111,870,500000,3561409,2490465,-3561409,-57987.6,,,,好棒_总长1000mm_任意重度敲_铁头
1134,13:28:18,hit_1134_20260730_132818.csv,512,DEFECT,HIGH,0,90,111,790,500000,3665887,2472070,-3665887,-100435.7,,,,好棒_总长1000mm_任意重度敲_铁头
1135,13:28:19,hit_1135_20260730_132819.csv,512,DEFECT,HIGH,0,35,114,339,500000,3295980,3130581,-3295980,-304516.8,,,,好棒_总长1000mm_任意重度敲_铁头
1136,13:28:19,hit_1136_20260730_132819.csv,512,DEFECT,HIGH,0,21,114,203,500000,3966835,2658348,-3966835,-350915.2,,,,好棒_总长1000mm_任意重度敲_铁头
1137,13:28:20,hit_1137_20260730_132820.csv,512,DEFECT,HIGH,0,30,114,291,500000,3763075,2788124,-3763075,-332373.1,,,,好棒_总长1000mm_任意重度敲_铁头
1138,13:28:20,hit_1138_20260730_132820.csv,512,DEFECT,HIGH,0,24,115,230,500000,4008255,2818858,-4008255,-381278.1,,,,好棒_总长1000mm_任意重度敲_铁头
1139,13:28:20,hit_1139_20260730_132820.csv,512,DEFECT,HIGH,0,34,114,330,500000,4089764,2890840,-4089764,-405907.9,,,,好棒_总长1000mm_任意重度敲_铁头
1140,13:28:21,hit_1140_20260730_132821.csv,512,DEFECT,HIGH,0,21,115,201,500000,4382270,2522093,-4382270,-341711.4,,,,好棒_总长1000mm_任意重度敲_铁头
1141,13:28:21,hit_1141_20260730_132821.csv,512,DEFECT,HIGH,0,27,113,264,500000,3810301,2370293,-3810301,-297768.9,,,,好棒_总长1000mm_任意重度敲_铁头
1142,13:28:22,hit_1142_20260730_132822.csv,512,DEFECT,HIGH,0,97,112,851,500000,3879616,2704342,-3879616,-102196.3,,,,好棒_总长1000mm_任意重度敲_铁头
1143,13:28:22,hit_1143_20260730_132822.csv,512,DEFECT,HIGH,0,31,115,298,500000,3539934,2807919,-3539934,-312275.6,,,,好棒_总长1000mm_任意重度敲_铁头
1144,13:28:23,hit_1144_20260730_132823.csv,512,DEFECT,HIGH,0,23,116,219,500000,4426566,2622001,-4426566,-421850.1,,,,好棒_总长1000mm_任意重度敲_铁头
1145,13:28:23,hit_1145_20260730_132823.csv,512,DEFECT,HIGH,0,21,115,201,500000,4223300,2556929,-4223300,-284370.4,,,,好棒_总长1000mm_任意重度敲_铁头
1146,13:28:24,hit_1146_20260730_132824.csv,512,DEFECT,HIGH,0,91,115,769,500000,4106597,2609163,-4106597,-217266.3,,,,好棒_总长1000mm_任意重度敲_铁头
1147,13:28:24,hit_1147_20260730_132824.csv,512,DEFECT,HIGH,0,90,115,759,500000,4089152,2478853,-4089152,-279225.7,,,,好棒_总长1000mm_任意重度敲_铁头
1148,13:28:25,hit_1148_20260730_132825.csv,512,DEFECT,HIGH,0,29,113,284,500000,3974114,2674135,-3974114,-133862.2,,,,好棒_总长1000mm_任意重度敲_铁头
1149,13:28:25,hit_1149_20260730_132825.csv,512,DEFECT,HIGH,0,28,112,277,500000,3949080,2686957,-3949080,-116751.9,,,,好棒_总长1000mm_任意重度敲_铁头
1150,13:28:26,hit_1150_20260730_132826.csv,512,DEFECT,HIGH,0,23,118,214,500000,4386158,2494359,-4386158,-344082.6,,,,好棒_总长1000mm_任意重度敲_铁头
1151,13:28:26,hit_1151_20260730_132826.csv,512,DEFECT,HIGH,0,30,115,288,500000,4045592,2379695,-4045592,-280712.8,,,,好棒_总长1000mm_任意重度敲_铁头
1152,13:28:26,hit_1152_20260730_132826.csv,512,DEFECT,HIGH,0,96,111,850,500000,3850437,2706195,-3850437,-97271.5,,,,好棒_总长1000mm_任意重度敲_铁头
1153,13:28:27,hit_1153_20260730_132827.csv,512,DEFECT,HIGH,0,88,111,770,500000,3838067,2478475,-3838067,-176679.8,,,,好棒_总长1000mm_任意重度敲_铁头
1154,13:28:27,hit_1154_20260730_132827.csv,512,DEFECT,HIGH,0,97,110,868,500000,3607856,2453483,-3607856,-57186.0,,,,好棒_总长1000mm_任意重度敲_铁头
1155,13:28:28,hit_1155_20260730_132828.csv,512,DEFECT,HIGH,0,29,111,290,500000,4029348,2590541,-4029348,-277400.0,,,,好棒_总长1000mm_任意重度敲_铁头
1156,13:28:28,hit_1156_20260730_132828.csv,512,DEFECT,HIGH,0,99,110,888,500000,3048550,2595218,-3048550,297651.3,,,,好棒_总长1000mm_任意重度敲_铁头
1157,13:28:29,hit_1157_20260730_132829.csv,512,DEFECT,HIGH,0,25,112,247,500000,3624435,2207836,-3624435,-200367.4,,,,好棒_总长1000mm_任意重度敲_铁头
1158,13:28:29,hit_1158_20260730_132829.csv,512,DEFECT,HIGH,0,90,112,782,500000,3803791,2399897,-3803791,-203981.2,,,,好棒_总长1000mm_任意重度敲_铁头
1159,13:28:29,hit_1159_20260730_132829.csv,512,DEFECT,HIGH,0,98,111,870,500000,3512567,2589239,-3512567,22635.3,,,,好棒_总长1000mm_任意重度敲_铁头
1160,13:28:30,hit_1160_20260730_132830.csv,512,DEFECT,HIGH,0,96,110,858,500000,3817590,2568966,-3817590,-123744.8,,,,好棒_总长1000mm_任意重度敲_铁头
1161,13:28:30,hit_1161_20260730_132830.csv,512,DEFECT,HIGH,0,92,111,810,500000,3774724,2502684,-3774724,-151947.7,,,,好棒_总长1000mm_任意重度敲_铁头
1162,13:28:31,hit_1162_20260730_132831.csv,512,DEFECT,HIGH,0,25,110,252,500000,3572737,2661035,-3572737,-20858.4,,,,好棒_总长1000mm_任意重度敲_铁头
1163,13:28:31,hit_1163_20260730_132831.csv,512,DEFECT,HIGH,0,29,112,287,500000,4050067,2544667,-4050067,-224858.6,,,,好棒_总长1000mm_任意重度敲_铁头
1164,13:28:32,hit_1164_20260730_132832.csv,512,DEFECT,HIGH,0,25,110,252,500000,3498948,2677302,-3498948,82661.4,,,,好棒_总长1000mm_任意重度敲_铁头
1165,13:28:32,hit_1165_20260730_132832.csv,512,DEFECT,HIGH,0,93,111,820,500000,3794321,2539760,-3794321,-99753.8,,,,好棒_总长1000mm_任意重度敲_铁头
1166,13:28:33,hit_1166_20260730_132833.csv,512,DEFECT,HIGH,0,21,113,205,500000,4180179,2311466,-4180179,-409163.9,,,,好棒_总长1000mm_任意重度敲_铁头
1167,13:28:33,hit_1167_20260730_132833.csv,512,DEFECT,HIGH,0,71,110,717,500000,3754943,2767142,-3754943,18817.4,,,,好棒_总长1000mm_任意重度敲_铁头
1168,13:28:42,hit_1168_20260730_132842.csv,512,DEFECT,HIGH,0,73,113,715,500000,4223263,3074570,-4223263,-181069.6,,,,好棒_总长1000mm_任意重度敲_铁头
1169,13:28:42,hit_1169_20260730_132842.csv,512,DEFECT,HIGH,0,21,112,207,500000,4133404,2296927,-4133404,-553995.9,,,,好棒_总长1000mm_任意重度敲_铁头
1170,13:28:42,hit_1170_20260730_132842.csv,512,DEFECT,HIGH,0,84,111,730,500000,2948338,1858676,-2948338,-309867.8,,,,好棒_总长1000mm_任意重度敲_铁头
1171,13:28:43,hit_1171_20260730_132843.csv,512,DEFECT,HIGH,0,28,110,282,500000,4027526,2337776,-4027526,-580994.0,,,,好棒_总长1000mm_任意重度敲_铁头
1172,13:28:43,hit_1172_20260730_132843.csv,512,NORMAL,HIGH,0,0,108,0,500000,1305719,1157652,-1305719,10099.5,,,,好棒_总长1000mm_任意重度敲_铁头
1173,13:28:43,hit_1173_20260730_132843.csv,512,DEFECT,HIGH,0,23,112,227,500000,3813696,2215540,-3813696,-365965.4,,,,好棒_总长1000mm_任意重度敲_铁头
1174,13:28:44,hit_1174_20260730_132844.csv,512,DEFECT,HIGH,0,27,110,272,500000,3046321,2353837,-3046321,-429214.9,,,,好棒_总长1000mm_任意重度敲_铁头
1175,13:28:44,hit_1175_20260730_132844.csv,512,DEFECT,HIGH,0,30,116,285,500000,2792386,2722185,-2792386,-280835.3,,,,好棒_总长1000mm_任意重度敲_铁头
1176,13:28:44,hit_1176_20260730_132844.csv,512,DEFECT,HIGH,0,30,115,288,500000,3265545,2744363,-3265545,-362068.6,,,,好棒_总长1000mm_任意重度敲_铁头
1177,13:28:45,hit_1177_20260730_132845.csv,512,DEFECT,HIGH,0,27,114,262,500000,3307481,2375777,-3307481,-381424.8,,,,好棒_总长1000mm_任意重度敲_铁头
1178,13:28:45,hit_1178_20260730_132845.csv,512,DEFECT,HIGH,0,82,111,710,500000,2191421,2191421,-2047235,-172689.5,,,,好棒_总长1000mm_任意重度敲_铁头
1179,13:28:46,hit_1179_20260730_132846.csv,512,DEFECT,HIGH,0,22,112,217,500000,3244933,2157781,-3244933,-335204.3,,,,好棒_总长1000mm_任意重度敲_铁头
1180,13:28:46,hit_1180_20260730_132846.csv,512,DEFECT,HIGH,0,32,111,320,500000,2918454,2918454,-2269932,-245967.2,,,,好棒_总长1000mm_任意重度敲_铁头
1181,13:28:46,hit_1181_20260730_132846.csv,512,DEFECT,HIGH,0,87,112,752,500000,3461210,2237607,-3461210,-465716.1,,,,好棒_总长1000mm_任意重度敲_铁头
1182,13:28:47,hit_1182_20260730_132847.csv,512,DEFECT,LOW,0,31,0,295,500000,1890930,1890930,-1520505,-177147.2,,,,好棒_总长1000mm_任意重度敲_铁头
1183,13:28:47,hit_1183_20260730_132847.csv,512,DEFECT,HIGH,0,34,113,333,500000,2909100,2909100,-2281080,-250131.5,,,,好棒_总长1000mm_任意重度敲_铁头
1184,13:28:47,hit_1184_20260730_132847.csv,512,DEFECT,HIGH,0,33,111,330,500000,2862284,2862284,-1969489,-217825.9,,,,好棒_总长1000mm_任意重度敲_铁头
1185,13:28:48,hit_1185_20260730_132848.csv,512,DEFECT,HIGH,0,21,110,212,500000,3421393,2062041,-3421393,-171832.3,,,,好棒_总长1000mm_任意重度敲_铁头
1186,13:28:48,hit_1186_20260730_132848.csv,512,DEFECT,HIGH,0,22,115,211,500000,2992893,2272529,-2992893,-317184.8,,,,好棒_总长1000mm_任意重度敲_铁头
1187,13:28:48,hit_1187_20260730_132848.csv,512,DEFECT,HIGH,0,27,112,267,500000,2444290,2444290,-2428300,-201916.0,,,,好棒_总长1000mm_任意重度敲_铁头
1188,13:28:49,hit_1188_20260730_132849.csv,512,DEFECT,HIGH,0,23,113,225,500000,3499341,2150154,-3499341,-340250.2,,,,好棒_总长1000mm_任意重度敲_铁头
1189,13:28:49,hit_1189_20260730_132849.csv,512,DEFECT,HIGH,0,86,113,735,500000,4089873,2226566,-4089873,-425555.0,,,,好棒_总长1000mm_任意重度敲_铁头
1190,13:28:49,hit_1190_20260730_132849.csv,512,DEFECT,HIGH,0,24,112,237,500000,3833738,2174070,-3833738,-359676.9,,,,好棒_总长1000mm_任意重度敲_铁头
1191,13:28:50,hit_1191_20260730_132850.csv,512,DEFECT,HIGH,0,85,111,740,500000,3763984,2282142,-3763984,-371421.8,,,,好棒_总长1000mm_任意重度敲_铁头
1192,13:28:50,hit_1192_20260730_132850.csv,512,DEFECT,HIGH,0,25,112,247,500000,4078051,2254152,-4078051,-403357.6,,,,好棒_总长1000mm_任意重度敲_铁头
1193,13:28:51,hit_1193_20260730_132851.csv,512,DEFECT,HIGH,0,26,115,250,500000,3650886,2229348,-3650886,-403699.8,,,,好棒_总长1000mm_任意重度敲_铁头
1194,13:28:51,hit_1194_20260730_132851.csv,512,DEFECT,HIGH,0,21,114,203,500000,4010730,2173112,-4010730,-465313.7,,,,好棒_总长1000mm_任意重度敲_铁头
1195,13:28:51,hit_1195_20260730_132851.csv,512,DEFECT,HIGH,0,86,113,735,500000,3949032,2153988,-3949032,-425851.5,,,,好棒_总长1000mm_任意重度敲_铁头
1196,13:28:52,hit_1196_20260730_132852.csv,512,DEFECT,HIGH,0,24,121,218,500000,3970121,2291541,-3970121,-309686.4,,,,好棒_总长1000mm_任意重度敲_铁头
1197,13:28:52,hit_1197_20260730_132852.csv,512,DEFECT,HIGH,0,52,118,485,504948,2185237,2185237,-1906487,-189471.5,,,,好棒_总长1000mm_任意重度敲_铁头
1198,13:28:52,hit_1198_20260730_132852.csv,512,DEFECT,HIGH,0,41,108,422,500000,3158812,3057094,-3158812,-305542.1,,,,好棒_总长1000mm_任意重度敲_铁头
1199,13:28:53,hit_1199_20260730_132853.csv,512,DEFECT,HIGH,0,31,117,292,500000,4049869,2667555,-4049869,-413458.2,,,,好棒_总长1000mm_任意重度敲_铁头
1200,13:28:53,hit_1200_20260730_132853.csv,512,DEFECT,HIGH,0,30,117,283,500000,3227054,2916910,-3227054,-308910.3,,,,好棒_总长1000mm_任意重度敲_铁头
1201,13:28:54,hit_1201_20260730_132854.csv,512,DEFECT,HIGH,0,38,108,391,500000,2978634,2978634,-2378892,-237937.7,,,,好棒_总长1000mm_任意重度敲_铁头
1202,13:28:54,hit_1202_20260730_132854.csv,512,DEFECT,HIGH,0,26,121,236,500000,3871174,2639447,-3871174,-371382.7,,,,好棒_总长1000mm_任意重度敲_铁头
1203,13:28:54,hit_1203_20260730_132854.csv,512,DEFECT,HIGH,0,28,116,266,500000,2862935,2862935,-2838535,-259071.7,,,,好棒_总长1000mm_任意重度敲_铁头
1204,13:28:55,hit_1204_20260730_132855.csv,512,DEFECT,HIGH,0,21,117,198,500000,4160239,2449853,-4160239,-397824.6,,,,好棒_总长1000mm_任意重度敲_铁头
1205,13:28:55,hit_1205_20260730_132855.csv,512,DEFECT,HIGH,0,95,116,800,500000,3893430,2514450,-3893430,-211313.9,,,,好棒_总长1000mm_任意重度敲_铁头
1206,13:28:55,hit_1206_20260730_132855.csv,512,DEFECT,HIGH,0,21,118,196,500000,3895022,2218233,-3895022,-335562.8,,,,好棒_总长1000mm_任意重度敲_铁头
1207,13:28:56,hit_1207_20260730_132856.csv,512,DEFECT,HIGH,0,22,118,205,500000,3703733,2561992,-3703733,-333207.1,,,,好棒_总长1000mm_任意重度敲_铁头
1208,13:28:56,hit_1208_20260730_132856.csv,512,DEFECT,HIGH,0,27,112,267,500000,2634614,2508477,-2634614,-322828.3,,,,好棒_总长1000mm_任意重度敲_铁头
1209,13:28:57,hit_1209_20260730_132857.csv,512,DEFECT,HIGH,0,22,115,211,500000,3507706,2119852,-3507706,-296209.8,,,,好棒_总长1000mm_任意重度敲_铁头
1210,13:28:57,hit_1210_20260730_132857.csv,512,DEFECT,HIGH,0,26,115,250,500000,3713140,2195980,-3713140,-290016.0,,,,好棒_总长1000mm_任意重度敲_铁头
1211,13:28:57,hit_1211_20260730_132857.csv,512,DEFECT,HIGH,0,28,111,280,500000,2198151,2198151,-1617974,-153060.0,,,,好棒_总长1000mm_任意重度敲_铁头
1212,13:28:58,hit_1212_20260730_132858.csv,512,DEFECT,HIGH,0,24,113,235,500000,3619054,2210941,-3619054,-335006.4,,,,好棒_总长1000mm_任意重度敲_铁头
1213,13:28:58,hit_1213_20260730_132858.csv,512,DEFECT,HIGH,0,26,114,252,500000,3607031,2126512,-3607031,-387033.2,,,,好棒_总长1000mm_任意重度敲_铁头
1214,13:28:58,hit_1214_20260730_132858.csv,512,DEFECT,HIGH,0,22,112,217,500000,2986407,2214084,-2986407,-272588.6,,,,好棒_总长1000mm_任意重度敲_铁头
1215,13:28:59,hit_1215_20260730_132859.csv,512,DEFECT,HIGH,0,27,113,264,500000,3504366,2450094,-3504366,-525994.9,,,,好棒_总长1000mm_任意重度敲_铁头
1216,13:28:59,hit_1216_20260730_132859.csv,512,DEFECT,HIGH,0,85,110,747,500000,2437203,2437203,-2031229,-229646.2,,,,好棒_总长1000mm_任意重度敲_铁头
1217,13:28:59,hit_1217_20260730_132859.csv,512,DEFECT,HIGH,0,23,112,227,500000,3544485,2168865,-3544485,-453781.7,,,,好棒_总长1000mm_任意重度敲_铁头
1218,13:29:00,hit_1218_20260730_132900.csv,512,DEFECT,HIGH,0,22,113,215,500000,3494669,2094522,-3494669,-291611.6,,,,好棒_总长1000mm_任意重度敲_铁头
1219,13:29:00,hit_1219_20260730_132900.csv,512,DEFECT,HIGH,0,85,111,740,500000,3010075,2171557,-3010075,-360575.7,,,,好棒_总长1000mm_任意重度敲_铁头
1220,13:29:01,hit_1220_20260730_132901.csv,512,DEFECT,LOW,0,41,0,390,500000,2129784,2129784,-1655125,-193611.3,,,,好棒_总长1000mm_任意重度敲_铁头
1221,13:29:01,hit_1221_20260730_132901.csv,512,DEFECT,HIGH,0,38,115,365,500000,3235659,3235659,-2834783,-366387.3,,,,好棒_总长1000mm_任意重度敲_铁头
1222,13:29:01,hit_1222_20260730_132901.csv,512,DEFECT,HIGH,0,39,116,371,500000,3301547,3301547,-2861526,-364074.6,,,,好棒_总长1000mm_任意重度敲_铁头
1223,13:29:02,hit_1223_20260730_132902.csv,512,DEFECT,HIGH,0,86,111,750,500000,3660721,2172988,-3660721,-449821.0,,,,好棒_总长1000mm_任意重度敲_铁头
1224,13:29:02,hit_1224_20260730_132902.csv,512,DEFECT,HIGH,0,30,116,285,500000,3997951,2346277,-3997951,-603569.4,,,,好棒_总长1000mm_任意重度敲_铁头
1225,13:29:02,hit_1225_20260730_132902.csv,512,DEFECT,HIGH,0,33,112,326,500000,3034619,3034619,-2399411,-297172.1,,,,好棒_总长1000mm_任意重度敲_铁头
1226,13:29:03,hit_1226_20260730_132903.csv,512,DEFECT,HIGH,0,28,113,274,500000,2953390,2953390,-2697136,-321061.1,,,,好棒_总长1000mm_任意重度敲_铁头
1227,13:29:03,hit_1227_20260730_132903.csv,512,DEFECT,HIGH,0,86,112,742,500000,2711366,2371971,-2711366,-336526.4,,,,好棒_总长1000mm_任意重度敲_铁头
1228,13:29:03,hit_1228_20260730_132903.csv,512,DEFECT,HIGH,0,24,112,237,500000,3686961,2114580,-3686961,-450091.1,,,,好棒_总长1000mm_任意重度敲_铁头
1229,13:29:04,hit_1229_20260730_132904.csv,512,DEFECT,HIGH,0,21,114,203,500000,3814169,2074261,-3814169,-463556.4,,,,好棒_总长1000mm_任意重度敲_铁头
1230,13:29:04,hit_1230_20260730_132904.csv,512,DEFECT,HIGH,0,28,112,277,500000,2725353,2510608,-2725353,-364039.1,,,,好棒_总长1000mm_任意重度敲_铁头
1231,13:29:05,hit_1231_20260730_132905.csv,512,DEFECT,HIGH,0,25,112,247,500000,3185795,2135888,-3185795,-362136.3,,,,好棒_总长1000mm_任意重度敲_铁头
1232,13:29:05,hit_1232_20260730_132905.csv,512,DEFECT,HIGH,0,84,111,730,500000,3369099,2087515,-3369099,-356572.5,,,,好棒_总长1000mm_任意重度敲_铁头
1233,13:29:05,hit_1233_20260730_132905.csv,512,DEFECT,HIGH,0,84,111,730,500000,3191627,2014694,-3191627,-300185.9,,,,好棒_总长1000mm_任意重度敲_铁头
1234,13:29:06,hit_1234_20260730_132906.csv,512,DEFECT,HIGH,0,83,111,720,500000,2501293,2214527,-2501293,-227862.8,,,,好棒_总长1000mm_任意重度敲_铁头
1235,13:29:06,hit_1235_20260730_132906.csv,512,DEFECT,HIGH,0,22,111,220,500000,3447742,2051175,-3447742,-243733.1,,,,好棒_总长1000mm_任意重度敲_铁头
1236,13:29:07,hit_1236_20260730_132907.csv,512,DEFECT,LOW,0,45,0,428,500000,2238334,2238334,-1739484,-194421.4,,,,好棒_总长1000mm_任意重度敲_铁头
1237,13:29:07,hit_1237_20260730_132907.csv,512,DEFECT,LOW,0,36,0,342,500000,2748811,2748811,-1934452,-221762.6,,,,好棒_总长1000mm_任意重度敲_铁头
1238,13:29:07,hit_1238_20260730_132907.csv,512,DEFECT,HIGH,0,21,108,216,500000,3499574,2192110,-3499574,-486925.8,,,,好棒_总长1000mm_任意重度敲_铁头
1239,13:29:08,hit_1239_20260730_132908.csv,512,DEFECT,HIGH,0,84,111,730,500000,2906598,2344379,-2906598,-331115.8,,,,好棒_总长1000mm_任意重度敲_铁头
1240,13:29:08,hit_1240_20260730_132908.csv,512,DEFECT,HIGH,0,32,109,326,500000,2937440,2937440,-2062715,-226206.4,,,,好棒_总长1000mm_任意重度敲_铁头
1241,13:29:09,hit_1241_20260730_132909.csv,512,DEFECT,LOW,0,36,0,342,500000,2852950,2852950,-2216315,-252793.1,,,,好棒_总长1000mm_任意重度敲_铁头
1242,13:29:09,hit_1242_20260730_132909.csv,512,DEFECT,LOW,0,39,0,371,500000,2713325,2713325,-2148953,-248277.7,,,,好棒_总长1000mm_任意重度敲_铁头
1243,13:29:10,hit_1243_20260730_132910.csv,512,DEFECT,HIGH,0,30,111,300,500000,3389954,3389954,-2844080,-327814.8,,,,好棒_总长1000mm_任意重度敲_铁头
1244,13:29:10,hit_1244_20260730_132910.csv,512,NORMAL,HIGH,0,0,112,0,500000,1413671,1303815,-1413671,-63432.4,,,,好棒_总长1000mm_任意重度敲_铁头
1245,13:29:10,hit_1245_20260730_132910.csv,512,DEFECT,HIGH,0,30,113,294,500000,3420582,3420582,-3169044,-414015.0,,,,好棒_总长1000mm_任意重度敲_铁头
1246,13:29:11,hit_1246_20260730_132911.csv,512,DEFECT,HIGH,0,35,112,346,500000,3314058,3314058,-3066171,-419393.5,,,,好棒_总长1000mm_任意重度敲_铁头
1247,13:29:11,hit_1247_20260730_132911.csv,512,DEFECT,HIGH,0,44,108,453,500000,2324650,2324650,-1873471,-221556.2,,,,好棒_总长1000mm_任意重度敲_铁头
1248,13:29:11,hit_1248_20260730_132911.csv,512,DEFECT,HIGH,0,36,108,371,500000,3552109,2772468,-3552109,-444065.0,,,,好棒_总长1000mm_任意重度敲_铁头
1249,13:29:12,hit_1249_20260730_132912.csv,512,DEFECT,HIGH,0,28,111,280,500000,3284986,3284986,-3156106,-445139.2,,,,好棒_总长1000mm_任意重度敲_铁头
1250,13:29:12,hit_1250_20260730_132912.csv,512,DEFECT,HIGH,0,30,113,294,500000,3156208,2635885,-3156208,-439428.5,,,,好棒_总长1000mm_任意重度敲_铁头
1251,13:29:12,hit_1251_20260730_132912.csv,512,DEFECT,HIGH,0,25,112,247,500000,3651465,2513769,-3651465,-548477.4,,,,好棒_总长1000mm_任意重度敲_铁头
1252,13:29:13,hit_1252_20260730_132913.csv,512,DEFECT,HIGH,0,30,111,300,500000,3054486,2810795,-3054486,-440232.4,,,,好棒_总长1000mm_任意重度敲_铁头
1253,13:29:13,hit_1253_20260730_132913.csv,512,DEFECT,HIGH,0,32,111,320,500000,3192698,3192698,-2738686,-355608.3,,,,好棒_总长1000mm_任意重度敲_铁头
1254,13:29:14,hit_1254_20260730_132914.csv,512,NORMAL,HIGH,0,0,110,0,782442,2135187,2135187,-1899003,-111170.3,,,,好棒_总长1000mm_任意重度敲_铁头
1255,13:29:14,hit_1255_20260730_132914.csv,512,DEFECT,HIGH,0,32,112,316,500000,2997035,2909899,-2997035,-426405.4,,,,好棒_总长1000mm_任意重度敲_铁头
1256,13:29:14,hit_1256_20260730_132914.csv,512,DEFECT,HIGH,0,33,111,330,500000,3117638,3117638,-3025902,-426074.0,,,,好棒_总长1000mm_任意重度敲_铁头
1257,13:29:15,hit_1257_20260730_132915.csv,512,DEFECT,HIGH,0,22,110,222,500000,3624231,2281535,-3624231,-532025.7,,,,好棒_总长1000mm_任意重度敲_铁头
1258,13:29:15,hit_1258_20260730_132915.csv,512,DEFECT,HIGH,0,34,108,350,500000,3524222,2513797,-3524222,-422979.3,,,,好棒_总长1000mm_任意重度敲_铁头
1259,13:29:20,hit_1259_20260730_132920.csv,512,DEFECT,HIGH,0,91,110,808,500000,4118294,2420941,-4118294,-446137.2,,,,好棒_总长1000mm_任意重度敲_铁头
1260,13:29:20,hit_1260_20260730_132920.csv,512,DEFECT,HIGH,0,85,111,740,500000,3837366,2284017,-3837366,-423395.6,,,,好棒_总长1000mm_任意重度敲_铁头
1261,13:29:21,hit_1261_20260730_132921.csv,512,DEFECT,HIGH,0,21,108,216,500000,3570985,2275017,-3570985,-321569.1,,,,好棒_总长1000mm_任意重度敲_铁头
1262,13:29:21,hit_1262_20260730_132921.csv,512,DEFECT,HIGH,0,22,113,194,500000,3588167,2423156,-3588167,-303888.7,,,,好棒_总长1000mm_任意重度敲_铁头
1263,13:29:21,hit_1263_20260730_132921.csv,512,DEFECT,HIGH,0,42,108,432,500000,4048838,3268659,-4048838,-499107.7,,,,好棒_总长1000mm_任意重度敲_铁头
1264,13:29:22,hit_1264_20260730_132922.csv,512,DEFECT,HIGH,0,22,113,194,500000,3710687,2571129,-3710687,-194712.4,,,,好棒_总长1000mm_任意重度敲_铁头
1265,13:29:22,hit_1265_20260730_132922.csv,512,DEFECT,HIGH,0,23,108,237,500000,3746125,2684010,-3746125,-78709.7,,,,好棒_总长1000mm_任意重度敲_铁头
1266,13:29:22,hit_1266_20260730_132922.csv,512,DEFECT,HIGH,0,21,111,210,500000,4423896,2326162,-4423896,-405493.0,,,,好棒_总长1000mm_任意重度敲_铁头
1267,13:29:23,hit_1267_20260730_132923.csv,512,DEFECT,HIGH,0,30,113,265,901740,2649304,2649304,-2285674,-264173.7,,,,好棒_总长1000mm_任意重度敲_铁头
1268,13:29:23,hit_1268_20260730_132923.csv,512,DEFECT,HIGH,0,25,108,257,500000,3936217,2699243,-3936217,-444648.3,,,,好棒_总长1000mm_任意重度敲_铁头
1269,13:29:23,hit_1269_20260730_132923.csv,512,NORMAL,LOW,0,0,0,0,1000000,1983347,1983347,-1752414,88510.8,,,,好棒_总长1000mm_任意重度敲_铁头
1270,13:29:24,hit_1270_20260730_132924.csv,512,DEFECT,HIGH,0,21,115,201,500000,4160690,2405924,-4160690,-425879.3,,,,好棒_总长1000mm_任意重度敲_铁头
1271,13:29:24,hit_1271_20260730_132924.csv,512,DEFECT,HIGH,0,84,113,715,500000,3338848,2203823,-3338848,-284361.4,,,,好棒_总长1000mm_任意重度敲_铁头
1272,13:29:25,hit_1272_20260730_132925.csv,512,DEFECT,HIGH,0,26,112,257,500000,3841862,2414570,-3841862,-282624.5,,,,好棒_总长1000mm_任意重度敲_铁头
1273,13:29:25,hit_1273_20260730_132925.csv,512,DEFECT,HIGH,0,91,114,776,500000,3979035,2315368,-3979035,-350954.3,,,,好棒_总长1000mm_任意重度敲_铁头
1274,13:29:25,hit_1274_20260730_132925.csv,512,DEFECT,HIGH,0,90,114,766,500000,4102643,2292305,-4102643,-406342.0,,,,好棒_总长1000mm_任意重度敲_铁头
1275,13:29:26,hit_1275_20260730_132926.csv,512,DEFECT,HIGH,0,93,113,803,500000,4085052,2398499,-4085052,-344023.1,,,,好棒_总长1000mm_任意重度敲_铁头
1276,13:29:26,hit_1276_20260730_132926.csv,512,DEFECT,HIGH,0,26,112,257,500000,4007874,2207182,-4007874,-402763.9,,,,好棒_总长1000mm_任意重度敲_铁头
1277,13:29:26,hit_1277_20260730_132926.csv,512,DEFECT,HIGH,0,31,114,300,500000,4220790,2426969,-4220790,-475745.1,,,,好棒_总长1000mm_任意重度敲_铁头
1278,13:29:27,hit_1278_20260730_132927.csv,512,DEFECT,HIGH,0,27,110,272,500000,3954987,2340622,-3954987,-507638.3,,,,好棒_总长1000mm_任意重度敲_铁头
1279,13:29:27,hit_1279_20260730_132927.csv,512,DEFECT,HIGH,0,86,112,742,500000,4036852,2331936,-4036852,-440271.5,,,,好棒_总长1000mm_任意重度敲_铁头
1280,13:29:27,hit_1280_20260730_132927.csv,512,DEFECT,HIGH,0,86,112,742,500000,4202578,2492357,-4202578,-418424.1,,,,好棒_总长1000mm_任意重度敲_铁头
1281,13:29:28,hit_1281_20260730_132928.csv,512,DEFECT,HIGH,0,30,110,303,500000,3357050,3073345,-3357050,-468576.4,,,,好棒_总长1000mm_任意重度敲_铁头
1282,13:29:28,hit_1282_20260730_132928.csv,512,DEFECT,HIGH,0,24,110,242,500000,3855571,2295984,-3855571,-450629.6,,,,好棒_总长1000mm_任意重度敲_铁头
1283,13:29:28,hit_1283_20260730_132928.csv,512,DEFECT,HIGH,0,86,112,742,500000,4132464,2400570,-4132464,-389683.8,,,,好棒_总长1000mm_任意重度敲_铁头
1284,13:29:29,hit_1284_20260730_132929.csv,512,DEFECT,HIGH,0,36,111,360,500000,3285357,3285357,-3181187,-399966.8,,,,好棒_总长1000mm_任意重度敲_铁头
1285,13:29:29,hit_1285_20260730_132929.csv,512,DEFECT,HIGH,0,29,111,290,500000,4111522,2581763,-4111522,-495058.1,,,,好棒_总长1000mm_任意重度敲_铁头
1286,13:29:29,hit_1286_20260730_132929.csv,512,DEFECT,HIGH,0,31,111,310,500000,4219042,2774723,-4219042,-561095.6,,,,好棒_总长1000mm_任意重度敲_铁头
1287,13:29:30,hit_1287_20260730_132930.csv,512,DEFECT,HIGH,0,31,111,310,500000,3675476,3036914,-3675476,-496866.0,,,,好棒_总长1000mm_任意重度敲_铁头
1288,13:29:30,hit_1288_20260730_132930.csv,512,DEFECT,HIGH,0,27,111,270,500000,3737891,2448901,-3737891,-471606.0,,,,好棒_总长1000mm_任意重度敲_铁头
1289,13:29:30,hit_1289_20260730_132930.csv,512,DEFECT,HIGH,0,90,113,774,500000,4239695,2511748,-4239695,-368237.0,,,,好棒_总长1000mm_任意重度敲_铁头
1290,13:29:31,hit_1290_20260730_132931.csv,512,DEFECT,HIGH,0,29,112,287,500000,3921440,2351665,-3921440,-453140.9,,,,好棒_总长1000mm_任意重度敲_铁头
1291,13:29:31,hit_1291_20260730_132931.csv,512,DEFECT,HIGH,0,32,112,316,500000,4157440,2557289,-4157440,-590212.0,,,,好棒_总长1000mm_任意重度敲_铁头
1292,13:29:31,hit_1292_20260730_132931.csv,512,DEFECT,HIGH,0,28,111,280,500000,4051901,2458154,-4051901,-492614.4,,,,好棒_总长1000mm_任意重度敲_铁头
1293,13:29:32,hit_1293_20260730_132932.csv,512,DEFECT,HIGH,0,80,110,696,500000,3776804,2551585,-3776804,-446936.1,,,,好棒_总长1000mm_任意重度敲_铁头
1294,13:29:32,hit_1294_20260730_132932.csv,512,DEFECT,HIGH,0,28,112,277,500000,3979503,2286145,-3979503,-492926.9,,,,好棒_总长1000mm_任意重度敲_铁头
1295,13:29:32,hit_1295_20260730_132932.csv,512,DEFECT,HIGH,0,24,111,240,500000,3516216,2249564,-3516216,-382347.1,,,,好棒_总长1000mm_任意重度敲_铁头
1296,13:29:33,hit_1296_20260730_132933.csv,512,DEFECT,HIGH,0,93,110,828,500000,4167801,2514540,-4167801,-372726.9,,,,好棒_总长1000mm_任意重度敲_铁头
1297,13:29:33,hit_1297_20260730_132933.csv,512,DEFECT,HIGH,0,86,111,750,500000,4071780,2352435,-4071780,-444231.0,,,,好棒_总长1000mm_任意重度敲_铁头
1298,13:29:33,hit_1298_20260730_132933.csv,512,DEFECT,HIGH,0,30,111,300,500000,4241027,2461754,-4241027,-517598.0,,,,好棒_总长1000mm_任意重度敲_铁头
1299,13:29:34,hit_1299_20260730_132934.csv,512,DEFECT,HIGH,0,86,110,757,500000,3951155,2553694,-3951155,-444976.9,,,,好棒_总长1000mm_任意重度敲_铁头
1300,13:29:34,hit_1300_20260730_132934.csv,512,DEFECT,HIGH,0,88,111,770,500000,4075523,2358393,-4075523,-465522.5,,,,好棒_总长1000mm_任意重度敲_铁头
1301,13:29:34,hit_1301_20260730_132934.csv,512,DEFECT,HIGH,0,86,110,757,500000,3706500,2446929,-3706500,-427051.2,,,,好棒_总长1000mm_任意重度敲_铁头
1302,13:29:35,hit_1302_20260730_132935.csv,512,DEFECT,HIGH,0,30,112,297,500000,4308793,2419936,-4308793,-554863.0,,,,好棒_总长1000mm_任意重度敲_铁头
1303,13:29:35,hit_1303_20260730_132935.csv,512,DEFECT,HIGH,0,86,111,750,500000,4053311,2401874,-4053311,-442532.9,,,,好棒_总长1000mm_任意重度敲_铁头
1304,13:29:35,hit_1304_20260730_132935.csv,512,DEFECT,HIGH,0,26,111,260,500000,4023193,2326335,-4023193,-431831.1,,,,好棒_总长1000mm_任意重度敲_铁头
1305,13:29:36,hit_1305_20260730_132936.csv,512,DEFECT,HIGH,0,85,110,747,500000,3771746,2439373,-3771746,-396034.8,,,,好棒_总长1000mm_任意重度敲_铁头
1306,13:29:36,hit_1306_20260730_132936.csv,512,DEFECT,HIGH,0,85,111,740,500000,3967523,2254729,-3967523,-432471.5,,,,好棒_总长1000mm_任意重度敲_铁头
1307,13:29:36,hit_1307_20260730_132936.csv,512,DEFECT,HIGH,0,88,110,777,500000,4035695,2466264,-4035695,-310490.0,,,,好棒_总长1000mm_任意重度敲_铁头
1308,13:29:37,hit_1308_20260730_132937.csv,512,DEFECT,HIGH,0,25,111,250,500000,3886485,2412225,-3886485,-316340.9,,,,好棒_总长1000mm_任意重度敲_铁头
1309,13:29:37,hit_1309_20260730_132937.csv,512,DEFECT,HIGH,0,24,111,240,500000,3842122,2316859,-3842122,-357449.6,,,,好棒_总长1000mm_任意重度敲_铁头
1310,13:29:38,hit_1310_20260730_132938.csv,512,DEFECT,HIGH,0,85,112,732,500000,4073272,2353475,-4073272,-415785.1,,,,好棒_总长1000mm_任意重度敲_铁头
1311,13:29:38,hit_1311_20260730_132938.csv,512,DEFECT,HIGH,0,85,112,732,500000,4061062,2334391,-4061062,-428618.2,,,,好棒_总长1000mm_任意重度敲_铁头
1312,13:29:38,hit_1312_20260730_132938.csv,512,DEFECT,HIGH,0,25,112,247,500000,3682265,2400530,-3682265,-395706.3,,,,好棒_总长1000mm_任意重度敲_铁头
1313,13:29:39,hit_1313_20260730_132939.csv,512,DEFECT,HIGH,0,27,113,264,500000,3777457,2498446,-3777457,-443138.5,,,,好棒_总长1000mm_任意重度敲_铁头
1314,13:29:39,hit_1314_20260730_132939.csv,512,DEFECT,HIGH,0,91,110,808,500000,3997355,2528876,-3997355,-350596.4,,,,好棒_总长1000mm_任意重度敲_铁头
1315,13:29:39,hit_1315_20260730_132939.csv,512,DEFECT,HIGH,0,21,111,210,500000,4205897,2470160,-4205897,-445257.8,,,,好棒_总长1000mm_任意重度敲_铁头
1316,13:29:40,hit_1316_20260730_132940.csv,512,DEFECT,HIGH,0,24,116,228,500000,4297554,2364017,-4297554,-523120.9,,,,好棒_总长1000mm_任意重度敲_铁头
1317,13:29:40,hit_1317_20260730_132940.csv,512,DEFECT,HIGH,0,26,111,260,500000,3943509,2358292,-3943509,-418991.7,,,,好棒_总长1000mm_任意重度敲_铁头
1318,13:29:40,hit_1318_20260730_132940.csv,512,DEFECT,HIGH,0,34,114,330,500000,3395464,3395464,-2776260,-329235.7,,,,好棒_总长1000mm_任意重度敲_铁头
1319,13:29:41,hit_1319_20260730_132941.csv,512,DEFECT,HIGH,0,37,114,359,500000,3301610,3301610,-2602871,-303601.1,,,,好棒_总长1000mm_任意重度敲_铁头
1320,13:29:41,hit_1320_20260730_132941.csv,512,DEFECT,HIGH,0,29,112,287,500000,3849646,2513826,-3849646,-436264.9,,,,好棒_总长1000mm_任意重度敲_铁头
1321,13:29:41,hit_1321_20260730_132941.csv,512,DEFECT,HIGH,0,30,111,300,500000,3633624,2642485,-3633624,-408378.6,,,,好棒_总长1000mm_任意重度敲_铁头
1322,13:29:41,hit_1322_20260730_132941.csv,512,DEFECT,HIGH,0,27,112,267,500000,3353034,2784386,-3353034,-360965.8,,,,好棒_总长1000mm_任意重度敲_铁头
1323,13:29:42,hit_1323_20260730_132942.csv,512,DEFECT,HIGH,0,27,112,267,500000,2738709,2738709,-2522551,-251974.1,,,,好棒_总长1000mm_任意重度敲_铁头
1324,13:29:42,hit_1324_20260730_132942.csv,512,DEFECT,HIGH,0,26,113,254,500000,2728735,2728735,-2629939,-270743.3,,,,好棒_总长1000mm_任意重度敲_铁头
1325,13:29:42,hit_1325_20260730_132942.csv,512,DEFECT,HIGH,0,84,111,730,500000,3571110,2233469,-3571110,-350258.8,,,,好棒_总长1000mm_任意重度敲_铁头
1326,13:29:43,hit_1326_20260730_132943.csv,512,DEFECT,HIGH,0,26,111,260,500000,3664400,2411520,-3664400,-386989.4,,,,好棒_总长1000mm_任意重度敲_铁头
1327,13:29:43,hit_1327_20260730_132943.csv,512,DEFECT,HIGH,0,85,111,740,500000,3648902,2245034,-3648902,-334826.7,,,,好棒_总长1000mm_任意重度敲_铁头
1328,13:29:44,hit_1328_20260730_132944.csv,512,DEFECT,HIGH,0,84,110,737,500000,3901584,2420659,-3901584,-355630.2,,,,好棒_总长1000mm_任意重度敲_铁头
1329,13:29:44,hit_1329_20260730_132944.csv,512,DEFECT,HIGH,0,86,111,750,500000,3912239,2380508,-3912239,-383817.0,,,,好棒_总长1000mm_任意重度敲_铁头
1330,13:29:44,hit_1330_20260730_132944.csv,512,DEFECT,HIGH,0,36,108,371,562128,2716350,2716350,-2334652,-256762.2,,,,好棒_总长1000mm_任意重度敲_铁头
1331,13:29:47,hit_1331_20260730_132947.csv,512,DEFECT,HIGH,0,25,112,247,500000,3579757,2358328,-3579757,-353392.5,,,,好棒_总长1000mm_任意重度敲_铁头
1332,13:29:47,hit_1332_20260730_132947.csv,512,DEFECT,HIGH,0,21,114,203,500000,4267279,2479335,-4267279,-488444.3,,,,好棒_总长1000mm_任意重度敲_铁头
1333,13:29:47,hit_1333_20260730_132947.csv,512,DEFECT,HIGH,0,23,111,230,500000,3501639,2452586,-3501639,-88454.6,,,,好棒_总长1000mm_任意重度敲_铁头
1334,13:29:48,hit_1334_20260730_132948.csv,512,DEFECT,HIGH,0,21,109,214,500000,3338542,2539314,-3338542,13226.3,,,,好棒_总长1000mm_任意重度敲_铁头
1335,13:29:48,hit_1335_20260730_132948.csv,512,DEFECT,HIGH,0,26,113,254,500000,3730254,2524048,-3730254,-62352.1,,,,好棒_总长1000mm_任意重度敲_铁头
1336,13:29:48,hit_1336_20260730_132948.csv,512,DEFECT,HIGH,0,27,113,264,500000,3321723,2817677,-3321723,-366257.8,,,,好棒_总长1000mm_任意重度敲_铁头
1337,13:29:49,hit_1337_20260730_132949.csv,512,DEFECT,HIGH,0,30,114,291,500000,4049506,2463982,-4049506,-476612.0,,,,好棒_总长1000mm_任意重度敲_铁头
1338,13:29:49,hit_1338_20260730_132949.csv,512,DEFECT,HIGH,0,30,113,294,500000,3003121,3003121,-2674925,-285379.1,,,,好棒_总长1000mm_任意重度敲_铁头
1339,13:29:49,hit_1339_20260730_132949.csv,512,DEFECT,HIGH,0,27,114,262,500000,2965591,2965591,-2940108,-314212.4,,,,好棒_总长1000mm_任意重度敲_铁头
1340,13:29:49,hit_1340_20260730_132949.csv,512,DEFECT,HIGH,0,30,114,291,500000,3659971,2848541,-3659971,-420082.6,,,,好棒_总长1000mm_任意重度敲_铁头
1341,13:29:50,hit_1341_20260730_132950.csv,512,DEFECT,HIGH,0,21,115,201,500000,3964935,2222313,-3964935,-408649.7,,,,好棒_总长1000mm_任意重度敲_铁头
1342,13:29:50,hit_1342_20260730_132950.csv,512,DEFECT,HIGH,0,24,112,237,500000,3845628,2273077,-3845628,-270029.8,,,,好棒_总长1000mm_任意重度敲_铁头
1343,13:29:50,hit_1343_20260730_132950.csv,512,DEFECT,HIGH,0,23,111,230,500000,3826857,2326703,-3826857,-254006.3,,,,好棒_总长1000mm_任意重度敲_铁头
1344,13:29:51,hit_1344_20260730_132951.csv,512,DEFECT,HIGH,0,22,112,217,500000,3377597,2331002,-3377597,-57784.8,,,,好棒_总长1000mm_任意重度敲_铁头
1345,13:29:51,hit_1345_20260730_132951.csv,512,DEFECT,HIGH,0,21,110,212,500000,3378371,2339773,-3378371,-48713.8,,,,好棒_总长1000mm_任意重度敲_铁头
1346,13:29:51,hit_1346_20260730_132951.csv,512,DEFECT,HIGH,0,24,113,235,500000,3679082,2396239,-3679082,-211127.0,,,,好棒_总长1000mm_任意重度敲_铁头
1347,13:29:52,hit_1347_20260730_132952.csv,512,DEFECT,HIGH,0,70,109,714,941316,2750427,2750427,-2532199,-273450.6,,,,好棒_总长1000mm_任意重度敲_铁头
1348,13:29:52,hit_1348_20260730_132952.csv,512,DEFECT,HIGH,0,88,112,762,500000,3632474,2254717,-3632474,-264272.3,,,,好棒_总长1000mm_任意重度敲_铁头
1349,13:29:52,hit_1349_20260730_132952.csv,512,DEFECT,HIGH,0,23,112,227,500000,3614101,2282189,-3614101,-228456.6,,,,好棒_总长1000mm_任意重度敲_铁头
1350,13:29:53,hit_1350_20260730_132953.csv,512,DEFECT,HIGH,0,22,111,220,500000,3379146,2609212,-3379146,132621.0,,,,好棒_总长1000mm_任意重度敲_铁头
1351,13:29:53,hit_1351_20260730_132953.csv,512,DEFECT,HIGH,0,82,111,710,500000,3368357,2106812,-3368357,-283698.3,,,,好棒_总长1000mm_任意重度敲_铁头
1352,13:29:54,hit_1352_20260730_132954.csv,512,DEFECT,LOW,0,81,0,666,500000,1919582,1919582,-1639180,-142177.2,,,,好棒_总长1000mm_任意重度敲_铁头
1353,13:29:54,hit_1353_20260730_132954.csv,512,NORMAL,HIGH,0,0,97,0,1000000,1220309,1079230,-1220309,-96911.0,,,,好棒_总长1000mm_任意重度敲_铁头
1354,13:29:54,hit_1354_20260730_132954.csv,512,DEFECT,LOW,0,22,0,209,584982,2349806,2349806,-1792854,-197533.0,,,,好棒_总长1000mm_任意重度敲_铁头
1355,13:29:55,hit_1355_20260730_132955.csv,512,DEFECT,HIGH,0,22,110,222,640944,2675759,2675759,-2396091,-244640.5,,,,好棒_总长1000mm_任意重度敲_铁头
1356,13:29:56,hit_1356_20260730_132956.csv,512,DEFECT,LOW,0,29,0,276,500000,2450186,2450186,-1795053,-203841.5,,,,好棒_总长1000mm_任意重度敲_铁头
1357,13:29:56,hit_1357_20260730_132956.csv,512,DEFECT,LOW,0,28,0,266,500000,2589594,2589594,-1915876,-205979.0,,,,好棒_总长1000mm_任意重度敲_铁头
1358,13:29:56,hit_1358_20260730_132956.csv,512,DEFECT,LOW,0,39,0,371,500000,1544185,1544185,-1272050,-147870.4,,,,好棒_总长1000mm_任意重度敲_铁头
1359,13:29:57,hit_1359_20260730_132957.csv,512,DEFECT,HIGH,0,21,113,205,500000,3410765,2214614,-3410765,-321694.6,,,,好棒_总长1000mm_任意重度敲_铁头
1360,13:29:57,hit_1360_20260730_132957.csv,512,DEFECT,LOW,0,24,0,228,500000,2466132,2466132,-2047720,-202987.1,,,,好棒_总长1000mm_任意重度敲_铁头
1361,13:29:58,hit_1361_20260730_132958.csv,512,DEFECT,HIGH,0,22,114,213,500000,2861860,2609992,-2861860,-278435.8,,,,好棒_总长1000mm_任意重度敲_铁头
1362,13:29:58,hit_1362_20260730_132958.csv,512,DEFECT,HIGH,0,28,115,269,500000,3654222,2703754,-3654222,-408604.1,,,,好棒_总长1000mm_任意重度敲_铁头
1363,13:29:59,hit_1363_20260730_132959.csv,512,DEFECT,HIGH,0,25,118,233,500000,3700539,2581652,-3700539,-388744.0,,,,好棒_总长1000mm_任意重度敲_铁头
1364,13:29:59,hit_1364_20260730_132959.csv,512,DEFECT,HIGH,0,29,112,287,500000,2866545,2866545,-2119449,-233735.8,,,,好棒_总长1000mm_任意重度敲_铁头
1365,13:29:59,hit_1365_20260730_132959.csv,512,DEFECT,HIGH,0,25,115,240,500000,3743608,2297911,-3743608,-387685.1,,,,好棒_总长1000mm_任意重度敲_铁头
1366,13:30:00,hit_1366_20260730_133000.csv,512,DEFECT,HIGH,0,32,113,313,500000,2745091,2745091,-1999799,-226091.6,,,,好棒_总长1000mm_任意重度敲_铁头
1367,13:30:00,hit_1367_20260730_133000.csv,512,DEFECT,HIGH,0,30,114,291,500000,2872143,2872143,-2122938,-234885.9,,,,好棒_总长1000mm_任意重度敲_铁头
1368,13:30:00,hit_1368_20260730_133000.csv,512,DEFECT,HIGH,0,31,115,298,500000,3033862,3033862,-2566787,-276136.2,,,,好棒_总长1000mm_任意重度敲_铁头
1369,13:30:01,hit_1369_20260730_133001.csv,512,DEFECT,HIGH,0,32,114,310,500000,3057233,3057233,-2523669,-278286.2,,,,好棒_总长1000mm_任意重度敲_铁头
1370,13:30:01,hit_1370_20260730_133001.csv,512,DEFECT,HIGH,0,30,113,294,500000,2736739,2736739,-2021868,-226540.7,,,,好棒_总长1000mm_任意重度敲_铁头
1371,13:30:01,hit_1371_20260730_133001.csv,512,DEFECT,HIGH,0,31,115,298,500000,2943616,2943616,-2301437,-247868.6,,,,好棒_总长1000mm_任意重度敲_铁头
1372,13:30:02,hit_1372_20260730_133002.csv,512,DEFECT,HIGH,0,22,116,209,500000,4230886,2335846,-4230886,-457382.5,,,,好棒_总长1000mm_任意重度敲_铁头
1373,13:30:02,hit_1373_20260730_133002.csv,512,DEFECT,HIGH,0,22,113,215,500000,3438768,2068374,-3438768,-385260.4,,,,好棒_总长1000mm_任意重度敲_铁头
1374,13:30:02,hit_1374_20260730_133002.csv,512,DEFECT,HIGH,0,30,117,283,500000,3477193,2766690,-3477193,-395347.7,,,,好棒_总长1000mm_任意重度敲_铁头
1375,13:30:03,hit_1375_20260730_133003.csv,512,DEFECT,HIGH,0,28,117,264,500000,2909102,2909102,-2785743,-303376.8,,,,好棒_总长1000mm_任意重度敲_铁头
1376,13:30:03,hit_1376_20260730_133003.csv,512,DEFECT,HIGH,0,23,115,221,500000,4072894,2242742,-4072894,-505039.8,,,,好棒_总长1000mm_任意重度敲_铁头
1377,13:30:04,hit_1377_20260730_133004.csv,512,DEFECT,HIGH,0,28,115,269,500000,3594112,2739200,-3594112,-409361.2,,,,好棒_总长1000mm_任意重度敲_铁头
1378,13:30:04,hit_1378_20260730_133004.csv,512,DEFECT,HIGH,0,29,118,271,500000,2911382,2911382,-2445766,-263374.4,,,,好棒_总长1000mm_任意重度敲_铁头
1379,13:30:04,hit_1379_20260730_133004.csv,512,DEFECT,HIGH,0,28,115,269,500000,3334569,2851724,-3334569,-372841.7,,,,好棒_总长1000mm_任意重度敲_铁头
1380,13:30:05,hit_1380_20260730_133005.csv,512,DEFECT,HIGH,0,29,116,276,500000,3095970,2985398,-3095970,-343375.6,,,,好棒_总长1000mm_任意重度敲_铁头
1381,13:30:05,hit_1381_20260730_133005.csv,512,DEFECT,HIGH,0,28,116,266,500000,2998752,2998752,-2940224,-329425.0,,,,好棒_总长1000mm_任意重度敲_铁头
1382,13:30:05,hit_1382_20260730_133005.csv,512,DEFECT,HIGH,0,28,115,269,500000,3261408,2899426,-3261408,-367836.4,,,,好棒_总长1000mm_任意重度敲_铁头
1383,13:30:06,hit_1383_20260730_133006.csv,512,DEFECT,HIGH,0,31,114,300,500000,2971698,2971698,-2580442,-287498.9,,,,好棒_总长1000mm_任意重度敲_铁头
1384,13:30:06,hit_1384_20260730_133006.csv,512,DEFECT,HIGH,0,23,115,221,500000,3970508,2598473,-3970508,-477792.4,,,,好棒_总长1000mm_任意重度敲_铁头
1385,13:30:06,hit_1385_20260730_133006.csv,512,DEFECT,HIGH,0,30,113,294,500000,3058040,3058040,-2717016,-309226.4,,,,好棒_总长1000mm_任意重度敲_铁头
1386,13:30:07,hit_1386_20260730_133007.csv,512,DEFECT,HIGH,0,32,116,304,500000,3571571,2968394,-3571571,-416474.2,,,,好棒_总长1000mm_任意重度敲_铁头
1387,13:30:07,hit_1387_20260730_133007.csv,512,DEFECT,HIGH,0,85,112,732,500000,3479221,2229452,-3479221,-178921.8,,,,好棒_总长1000mm_任意重度敲_铁头
1388,13:30:07,hit_1388_20260730_133007.csv,512,DEFECT,HIGH,0,84,111,730,500000,3691959,2252042,-3691959,-218517.5,,,,好棒_总长1000mm_任意重度敲_铁头
1389,13:30:08,hit_1389_20260730_133008.csv,512,DEFECT,HIGH,0,35,112,346,500000,3301363,3192736,-3301363,-378742.3,,,,好棒_总长1000mm_任意重度敲_铁头
1390,13:30:08,hit_1390_20260730_133008.csv,512,DEFECT,HIGH,0,23,111,230,500000,3570380,2373503,-3570380,-87341.3,,,,好棒_总长1000mm_任意重度敲_铁头
1391,13:30:08,hit_1391_20260730_133008.csv,512,DEFECT,HIGH,0,26,112,257,500000,3872589,2325898,-3872589,-351821.5,,,,好棒_总长1000mm_任意重度敲_铁头
1392,13:30:09,hit_1392_20260730_133009.csv,512,DEFECT,HIGH,0,22,112,217,500000,3494413,2142901,-3494413,-240361.1,,,,好棒_总长1000mm_任意重度敲_铁头
1393,13:30:09,hit_1393_20260730_133009.csv,512,DEFECT,HIGH,0,21,110,212,500000,3134243,2443682,-3134243,75943.3,,,,好棒_总长1000mm_任意重度敲_铁头
1394,13:30:09,hit_1394_20260730_133009.csv,512,DEFECT,HIGH,0,81,109,714,500000,3192819,1926289,-3192819,-183104.1,,,,好棒_总长1000mm_任意重度敲_铁头
1395,13:30:10,hit_1395_20260730_133010.csv,512,DEFECT,HIGH,0,21,111,210,500000,3321362,2129485,-3321362,-195561.3,,,,好棒_总长1000mm_任意重度敲_铁头
1396,13:30:10,hit_1396_20260730_133010.csv,512,DEFECT,LOW,0,36,0,342,500000,2581374,2581374,-1927816,-216436.5,,,,好棒_总长1000mm_任意重度敲_铁头
1397,13:30:10,hit_1397_20260730_133010.csv,512,DEFECT,HIGH,0,34,114,330,500000,3453127,3260258,-3453127,-393022.8,,,,好棒_总长1000mm_任意重度敲_铁头
1398,13:30:11,hit_1398_20260730_133011.csv,512,DEFECT,HIGH,0,21,109,214,500000,3404311,2296994,-3404311,-231772.3,,,,好棒_总长1000mm_任意重度敲_铁头
1399,13:30:11,hit_1399_20260730_133011.csv,512,DEFECT,HIGH,0,46,109,469,500000,3173328,2389786,-3173328,32608.1,,,,好棒_总长1000mm_任意重度敲_铁头
1400,13:30:11,hit_1400_20260730_133011.csv,512,DEFECT,HIGH,0,97,110,868,500000,3218779,2332365,-3218779,112389.8,,,,好棒_总长1000mm_任意重度敲_铁头
1401,13:30:12,hit_1401_20260730_133012.csv,512,DEFECT,HIGH,0,42,108,432,500000,2840364,2840364,-2294048,-233265.0,,,,好棒_总长1000mm_任意重度敲_铁头
1402,13:30:12,hit_1402_20260730_133012.csv,512,NORMAL,HIGH,0,0,108,0,500000,2974489,2795536,-2974489,281520.2,,,,好棒_总长1000mm_任意重度敲_铁头
1403,13:30:12,hit_1403_20260730_133012.csv,512,DEFECT,HIGH,0,23,120,211,500000,3667203,2094876,-3667203,-288022.7,,,,好棒_总长1000mm_任意重度敲_铁头
1404,13:30:13,hit_1404_20260730_133013.csv,512,DEFECT,HIGH,0,32,108,329,500000,3363117,2349657,-3363117,-360081.3,,,,好棒_总长1000mm_任意重度敲_铁头
1405,13:30:13,hit_1405_20260730_133013.csv,512,DEFECT,HIGH,0,25,110,252,500000,3181538,2201935,-3181538,39103.8,,,,好棒_总长1000mm_任意重度敲_铁头
1406,13:30:13,hit_1406_20260730_133013.csv,512,DEFECT,HIGH,0,46,109,469,500000,2903862,2419213,-2903862,124989.5,,,,好棒_总长1000mm_任意重度敲_铁头
1407,13:30:14,hit_1407_20260730_133014.csv,512,DEFECT,HIGH,0,22,111,220,500000,3303885,1945801,-3303885,-288928.4,,,,好棒_总长1000mm_任意重度敲_铁头
1408,13:30:14,hit_1408_20260730_133014.csv,512,DEFECT,HIGH,0,48,109,489,500000,3244769,2324459,-3244769,-56077.0,,,,好棒_总长1000mm_任意重度敲_铁头
1409,13:30:14,hit_1409_20260730_133014.csv,512,DEFECT,HIGH,0,23,109,234,500000,3058885,2246315,-3058885,12666.1,,,,好棒_总长1000mm_任意重度敲_铁头
1410,13:30:15,hit_1410_20260730_133015.csv,512,DEFECT,HIGH,0,83,112,712,500000,3639992,2073609,-3639992,-263311.5,,,,好棒_总长1000mm_任意重度敲_铁头
1411,13:30:15,hit_1411_20260730_133015.csv,512,DEFECT,HIGH,0,90,111,790,500000,3624563,2301876,-3624563,-213210.2,,,,好棒_总长1000mm_任意重度敲_铁头
1412,13:30:15,hit_1412_20260730_133015.csv,512,DEFECT,HIGH,0,85,112,732,500000,3695104,2262440,-3695104,-316318.9,,,,好棒_总长1000mm_任意重度敲_铁头
1413,13:30:16,hit_1413_20260730_133016.csv,512,DEFECT,HIGH,0,22,111,220,500000,3306212,1866405,-3306212,-322645.7,,,,好棒_总长1000mm_任意重度敲_铁头
1414,13:30:16,hit_1414_20260730_133016.csv,512,DEFECT,HIGH,0,21,111,210,500000,3410006,1998800,-3410006,-180336.8,,,,好棒_总长1000mm_任意重度敲_铁头
1415,13:30:16,hit_1415_20260730_133016.csv,512,DEFECT,HIGH,0,22,110,222,500000,3428930,2120571,-3428930,-164102.3,,,,好棒_总长1000mm_任意重度敲_铁头
1416,13:30:17,hit_1416_20260730_133017.csv,512,DEFECT,HIGH,0,22,110,222,500000,3502460,2225375,-3502460,-113270.8,,,,好棒_总长1000mm_任意重度敲_铁头
1417,13:30:17,hit_1417_20260730_133017.csv,512,DEFECT,HIGH,0,88,111,770,500000,3435738,2164469,-3435738,-146134.4,,,,好棒_总长1000mm_任意重度敲_铁头
1418,13:30:17,hit_1418_20260730_133017.csv,512,DEFECT,HIGH,0,23,110,232,500000,3599014,2384393,-3599014,-75054.9,,,,好棒_总长1000mm_任意重度敲_铁头
1419,13:30:18,hit_1419_20260730_133018.csv,512,DEFECT,HIGH,0,23,111,230,500000,3623107,2324679,-3623107,-130907.2,,,,好棒_总长1000mm_任意重度敲_铁头
1420,13:31:24,hit_1420_20260730_133124.csv,512,DEFECT,HIGH,0,94,111,830,500000,3600469,2433303,-3600469,-52342.3,,,,好棒_总长1000mm_任意重度敲_铁头
1421,13:31:24,hit_1421_20260730_133124.csv,512,DEFECT,HIGH,0,42,120,385,500000,3954798,3154178,-3954798,-380222.9,,,,好棒_总长1000mm_任意重度敲_铁头
1422,13:31:25,hit_1422_20260730_133125.csv,512,DEFECT,HIGH,0,25,117,235,500000,4424778,2596714,-4424778,-507462.9,,,,好棒_总长1000mm_任意重度敲_铁头
1423,13:31:25,hit_1423_20260730_133125.csv,512,DEFECT,HIGH,0,21,114,203,500000,4331872,2585452,-4331872,-358587.7,,,,好棒_总长1000mm_任意重度敲_铁头
1424,13:31:25,hit_1424_20260730_133125.csv,512,DEFECT,HIGH,0,92,114,786,500000,3828090,2935436,-3828090,-20503.4,,,,好棒_总长1000mm_任意重度敲_铁头
1425,13:31:26,hit_1425_20260730_133126.csv,512,DEFECT,HIGH,0,40,122,360,500000,3217181,3107675,-3217181,-268522.6,,,,好棒_总长1000mm_任意重度敲_铁头
1426,13:31:26,hit_1426_20260730_133126.csv,512,DEFECT,HIGH,0,33,117,311,500000,3769447,2748901,-3769447,-326538.3,,,,好棒_总长1000mm_任意重度敲_铁头
1427,13:31:26,hit_1427_20260730_133126.csv,512,DEFECT,HIGH,0,92,114,786,500000,3998281,2793467,-3998281,-191249.0,,,,好棒_总长1000mm_任意重度敲_铁头
1428,13:31:27,hit_1428_20260730_133127.csv,512,DEFECT,HIGH,0,68,114,660,500000,3805679,2634521,-3805679,-137145.5,,,,好棒_总长1000mm_任意重度敲_铁头
1429,13:31:27,hit_1429_20260730_133127.csv,512,DEFECT,HIGH,0,84,115,701,500000,3939176,2169227,-3939176,-296827.3,,,,好棒_总长1000mm_任意重度敲_铁头
1430,13:31:27,hit_1430_20260730_133127.csv,512,DEFECT,HIGH,0,84,114,708,500000,3747135,2397033,-3747135,-295080.0,,,,好棒_总长1000mm_任意重度敲_铁头
1431,13:31:28,hit_1431_20260730_133128.csv,512,DEFECT,HIGH,0,33,120,302,500000,2846397,2762559,-2846397,-229376.4,,,,好棒_总长1000mm_任意重度敲_铁头
1432,13:31:28,hit_1432_20260730_133128.csv,512,DEFECT,HIGH,0,84,114,708,500000,3836494,2187329,-3836494,-242521.1,,,,好棒_总长1000mm_任意重度敲_铁头
1433,13:31:28,hit_1433_20260730_133128.csv,512,DEFECT,HIGH,0,90,114,766,500000,3866626,2532897,-3866626,-227691.6,,,,好棒_总长1000mm_任意重度敲_铁头
1434,13:31:29,hit_1434_20260730_133129.csv,512,DEFECT,HIGH,0,42,118,392,500000,3388175,3388175,-3283471,-275423.8,,,,好棒_总长1000mm_任意重度敲_铁头
1435,13:31:29,hit_1435_20260730_133129.csv,512,DEFECT,HIGH,0,25,112,247,500000,3832050,2725062,-3832050,-66346.4,,,,好棒_总长1000mm_任意重度敲_铁头
1436,13:31:29,hit_1436_20260730_133129.csv,512,DEFECT,HIGH,0,22,116,209,500000,4300345,2573170,-4300345,-347032.7,,,,好棒_总长1000mm_任意重度敲_铁头
1437,13:31:30,hit_1437_20260730_133130.csv,512,DEFECT,HIGH,0,29,114,281,500000,4015029,2799506,-4015029,-160522.3,,,,好棒_总长1000mm_任意重度敲_铁头
1438,13:31:30,hit_1438_20260730_133130.csv,512,DEFECT,HIGH,0,93,115,788,500000,4271034,2754183,-4271034,-280006.8,,,,好棒_总长1000mm_任意重度敲_铁头
1439,13:31:30,hit_1439_20260730_133130.csv,512,DEFECT,HIGH,0,23,118,214,500000,4138339,2389592,-4138339,-330405.2,,,,好棒_总长1000mm_任意重度敲_铁头
1440,13:31:31,hit_1440_20260730_133131.csv,512,DEFECT,HIGH,0,69,113,676,500000,4077897,3054243,-4077897,-138616.1,,,,好棒_总长1000mm_任意重度敲_铁头
1441,13:31:31,hit_1441_20260730_133131.csv,512,DEFECT,HIGH,0,92,114,786,500000,4180838,2768078,-4180838,-236449.7,,,,好棒_总长1000mm_任意重度敲_铁头
1442,13:31:32,hit_1442_20260730_133132.csv,512,DEFECT,HIGH,0,24,118,224,500000,4434799,2610848,-4434799,-413770.7,,,,好棒_总长1000mm_任意重度敲_铁头
1443,13:31:32,hit_1443_20260730_133132.csv,512,DEFECT,HIGH,0,34,116,323,500000,4109039,2619138,-4109039,-353079.1,,,,好棒_总长1000mm_任意重度敲_铁头
1444,13:31:32,hit_1444_20260730_133132.csv,512,DEFECT,HIGH,0,21,115,201,500000,4339119,2690440,-4339119,-311639.2,,,,好棒_总长1000mm_任意重度敲_铁头
1445,13:31:33,hit_1445_20260730_133133.csv,512,DEFECT,HIGH,0,40,112,396,500000,2243157,2243157,-1737543,-186103.0,,,,好棒_总长1000mm_任意重度敲_铁头
1446,13:31:33,hit_1446_20260730_133133.csv,512,DEFECT,HIGH,0,35,108,360,1000000,2970742,2970742,-2267398,-254835.7,,,,好棒_总长1000mm_任意重度敲_铁头
1447,13:31:34,hit_1447_20260730_133134.csv,512,DEFECT,HIGH,0,27,119,250,500000,4657633,2653608,-4657633,-582819.8,,,,好棒_总长1000mm_任意重度敲_铁头
1448,13:31:34,hit_1448_20260730_133134.csv,512,DEFECT,HIGH,0,28,121,254,500000,4317208,2748010,-4317208,-453225.4,,,,好棒_总长1000mm_任意重度敲_铁头
1449,13:31:34,hit_1449_20260730_133134.csv,512,DEFECT,HIGH,0,36,115,346,500000,3975302,2653509,-3975302,-439062.4,,,,好棒_总长1000mm_任意重度敲_铁头
1450,13:31:35,hit_1450_20260730_133135.csv,512,DEFECT,HIGH,0,36,114,349,500000,4151570,2671457,-4151570,-450099.0,,,,好棒_总长1000mm_任意重度敲_铁头
1451,13:31:35,hit_1451_20260730_133135.csv,512,DEFECT,HIGH,0,32,113,313,500000,3157307,2826584,-3157307,-330610.5,,,,好棒_总长1000mm_任意重度敲_铁头
1452,13:31:35,hit_1452_20260730_133135.csv,512,DEFECT,HIGH,0,23,116,219,500000,3933742,2430947,-3933742,-402269.9,,,,好棒_总长1000mm_任意重度敲_铁头
1453,13:31:36,hit_1453_20260730_133136.csv,512,DEFECT,HIGH,0,41,116,390,500000,3273852,3273852,-2493977,-206453.6,,,,好棒_总长1000mm_任意重度敲_铁头
1454,13:31:36,hit_1454_20260730_133136.csv,512,DEFECT,HIGH,0,25,118,233,500000,4210625,2436112,-4210625,-469431.5,,,,好棒_总长1000mm_任意重度敲_铁头
1455,13:31:36,hit_1455_20260730_133136.csv,512,DEFECT,HIGH,0,26,116,247,500000,3908907,3085647,-3908907,-395932.6,,,,好棒_总长1000mm_任意重度敲_铁头
1456,13:31:37,hit_1456_20260730_133137.csv,512,DEFECT,HIGH,0,22,116,209,500000,4131723,2303137,-4131723,-422409.9,,,,好棒_总长1000mm_任意重度敲_铁头
1457,13:31:37,hit_1457_20260730_133137.csv,512,DEFECT,HIGH,0,34,114,330,500000,3801280,2777196,-3801280,-352286.1,,,,好棒_总长1000mm_任意重度敲_铁头
1458,13:31:37,hit_1458_20260730_133137.csv,512,DEFECT,HIGH,0,23,117,216,500000,4337912,2355952,-4337912,-445456.2,,,,好棒_总长1000mm_任意重度敲_铁头
1459,13:31:38,hit_1459_20260730_133138.csv,512,DEFECT,HIGH,0,30,115,288,500000,4163213,2489295,-4163213,-358996.0,,,,好棒_总长1000mm_任意重度敲_铁头
1460,13:31:38,hit_1460_20260730_133138.csv,512,DEFECT,HIGH,0,22,117,207,500000,4326913,2467535,-4326913,-372571.9,,,,好棒_总长1000mm_任意重度敲_铁头
1461,13:31:38,hit_1461_20260730_133138.csv,512,DEFECT,HIGH,0,32,114,310,500000,3937915,2579611,-3937915,-385562.0,,,,好棒_总长1000mm_任意重度敲_铁头
1462,13:31:39,hit_1462_20260730_133139.csv,512,DEFECT,HIGH,0,41,118,383,500000,3715199,3229040,-3715199,-328543.5,,,,好棒_总长1000mm_任意重度敲_铁头
1463,13:31:39,hit_1463_20260730_133139.csv,512,DEFECT,HIGH,0,22,117,207,500000,4241606,2299093,-4241606,-376760.8,,,,好棒_总长1000mm_任意重度敲_铁头
1464,13:31:39,hit_1464_20260730_133139.csv,512,DEFECT,HIGH,0,37,114,359,500000,3968108,3116900,-3968108,-396922.0,,,,好棒_总长1000mm_任意重度敲_铁头
1465,13:31:39,hit_1465_20260730_133139.csv,512,DEFECT,HIGH,0,22,117,207,500000,4245916,2345757,-4245916,-349458.2,,,,好棒_总长1000mm_任意重度敲_铁头
1466,13:31:40,hit_1466_20260730_133140.csv,512,DEFECT,HIGH,0,22,116,209,500000,3833592,2514934,-3833592,-324764.2,,,,好棒_总长1000mm_任意重度敲_铁头
1467,13:31:40,hit_1467_20260730_133140.csv,512,DEFECT,HIGH,0,85,115,711,500000,3996905,2147708,-3996905,-329063.4,,,,好棒_总长1000mm_任意重度敲_铁头
1468,13:31:40,hit_1468_20260730_133140.csv,512,DEFECT,HIGH,0,30,115,288,500000,4292225,2732569,-4292225,-226227.5,,,,好棒_总长1000mm_任意重度敲_铁头
1469,13:31:41,hit_1469_20260730_133141.csv,512,DEFECT,HIGH,0,91,115,769,500000,4032556,2551696,-4032556,-278908.0,,,,好棒_总长1000mm_任意重度敲_铁头
1470,13:31:41,hit_1470_20260730_133141.csv,512,DEFECT,HIGH,0,72,115,692,500000,4084888,2939962,-4084888,-32067.0,,,,好棒_总长1000mm_任意重度敲_铁头
1471,13:31:41,hit_1471_20260730_133141.csv,512,DEFECT,HIGH,0,21,116,200,500000,4311897,2675937,-4311897,-306959.6,,,,好棒_总长1000mm_任意重度敲_铁头
1472,13:31:42,hit_1472_20260730_133142.csv,512,DEFECT,HIGH,0,22,116,209,500000,4640234,2848854,-4640234,-336264.7,,,,好棒_总长1000mm_任意重度敲_铁头
1473,13:31:42,hit_1473_20260730_133142.csv,512,DEFECT,HIGH,0,70,113,686,500000,3803121,2910588,-3803121,48704.9,,,,好棒_总长1000mm_任意重度敲_铁头
1474,13:31:42,hit_1474_20260730_133142.csv,512,DEFECT,HIGH,0,72,115,692,500000,4082588,2974477,-4082588,10302.4,,,,好棒_总长1000mm_任意重度敲_铁头
1475,13:31:43,hit_1475_20260730_133143.csv,512,DEFECT,HIGH,0,27,114,262,500000,3919567,2882958,-3919567,22520.8,,,,好棒_总长1000mm_任意重度敲_铁头
1476,13:31:43,hit_1476_20260730_133143.csv,512,DEFECT,HIGH,0,22,117,207,500000,4548765,2773353,-4548765,-315940.8,,,,好棒_总长1000mm_任意重度敲_铁头
1477,13:31:43,hit_1477_20260730_133143.csv,512,DEFECT,HIGH,0,24,119,222,500000,4761224,2749170,-4761224,-384071.9,,,,好棒_总长1000mm_任意重度敲_铁头
1478,13:31:44,hit_1478_20260730_133144.csv,512,DEFECT,HIGH,0,74,115,711,500000,4301758,3031775,-4301758,-18205.7,,,,好棒_总长1000mm_任意重度敲_铁头
1479,13:31:44,hit_1479_20260730_133144.csv,512,DEFECT,HIGH,0,25,118,233,500000,4862953,2841550,-4862953,-406831.4,,,,好棒_总长1000mm_任意重度敲_铁头
1480,13:31:44,hit_1480_20260730_133144.csv,512,DEFECT,HIGH,0,22,114,213,500000,4544436,2716224,-4544436,-360801.5,,,,好棒_总长1000mm_任意重度敲_铁头
1481,13:31:45,hit_1481_20260730_133145.csv,512,DEFECT,HIGH,0,72,112,712,500000,3839009,2790462,-3839009,-29291.0,,,,好棒_总长1000mm_任意重度敲_铁头
1482,13:31:45,hit_1482_20260730_133145.csv,512,DEFECT,HIGH,0,22,116,209,500000,4417579,2761727,-4417579,-322566.0,,,,好棒_总长1000mm_任意重度敲_铁头
1483,13:31:45,hit_1483_20260730_133145.csv,512,DEFECT,HIGH,0,72,111,720,500000,3751377,3194026,-3751377,207693.9,,,,好棒_总长1000mm_任意重度敲_铁头
1484,13:31:46,hit_1484_20260730_133146.csv,512,DEFECT,HIGH,0,21,113,205,500000,4449233,3109056,-4449233,-286135.3,,,,好棒_总长1000mm_任意重度敲_铁头
1485,13:31:46,hit_1485_20260730_133146.csv,512,DEFECT,HIGH,0,32,113,313,500000,4317385,3175138,-4317385,-174541.3,,,,好棒_总长1000mm_任意重度敲_铁头
1486,13:31:46,hit_1486_20260730_133146.csv,512,DEFECT,HIGH,0,71,112,702,500000,3985443,3049405,-3985443,-54735.9,,,,好棒_总长1000mm_任意重度敲_铁头
1487,13:31:47,hit_1487_20260730_133147.csv,512,DEFECT,HIGH,0,94,113,813,500000,4150757,2983151,-4150757,-114180.1,,,,好棒_总长1000mm_任意重度敲_铁头
1488,13:31:47,hit_1488_20260730_133147.csv,512,DEFECT,HIGH,0,23,116,219,500000,4849455,2793812,-4849455,-493695.3,,,,好棒_总长1000mm_任意重度敲_铁头
1489,13:31:47,hit_1489_20260730_133147.csv,512,DEFECT,HIGH,0,74,113,725,500000,4215037,2919184,-4215037,-106772.5,,,,好棒_总长1000mm_任意重度敲_铁头
1490,13:31:47,hit_1490_20260730_133147.csv,512,DEFECT,HIGH,0,21,116,200,500000,4364543,2472903,-4364543,-331755.3,,,,好棒_总长1000mm_任意重度敲_铁头
1491,13:31:48,hit_1491_20260730_133148.csv,512,DEFECT,HIGH,0,85,109,755,500000,3722826,2208834,-3722826,-452293.5,,,,好棒_总长1000mm_任意重度敲_铁头
1492,13:31:48,hit_1492_20260730_133148.csv,512,DEFECT,HIGH,0,21,110,212,500000,3451574,2035234,-3451574,-300202.8,,,,好棒_总长1000mm_任意重度敲_铁头
1493,13:31:48,hit_1493_20260730_133148.csv,512,DEFECT,HIGH,0,84,110,737,500000,3490992,2190204,-3490992,-373541.9,,,,好棒_总长1000mm_任意重度敲_铁头
1494,13:31:49,hit_1494_20260730_133149.csv,512,NORMAL,LOW,0,0,0,0,1000000,1723753,1723753,-1452085,103506.3,,,,好棒_总长1000mm_任意重度敲_铁头
1495,13:31:49,hit_1495_20260730_133149.csv,512,DEFECT,HIGH,0,32,115,307,500000,3103563,3103563,-2620797,-289552.1,,,,好棒_总长1000mm_任意重度敲_铁头
1496,13:31:49,hit_1496_20260730_133149.csv,512,DEFECT,HIGH,0,26,116,247,500000,3038045,3038045,-2679411,-285770.5,,,,好棒_总长1000mm_任意重度敲_铁头
1497,13:31:50,hit_1497_20260730_133150.csv,512,DEFECT,HIGH,0,31,117,292,500000,3156915,3119633,-3156915,-349356.0,,,,好棒_总长1000mm_任意重度敲_铁头
1498,13:31:50,hit_1498_20260730_133150.csv,512,DEFECT,HIGH,0,32,119,296,500000,3574317,2874828,-3574317,-394627.6,,,,好棒_总长1000mm_任意重度敲_铁头
1499,13:31:51,hit_1499_20260730_133151.csv,512,DEFECT,HIGH,0,87,115,730,500000,3836249,2230607,-3836249,-401844.1,,,,好棒_总长1000mm_任意重度敲_铁头
1500,13:31:51,hit_1500_20260730_133151.csv,512,DEFECT,HIGH,0,32,118,299,500000,3201840,3201840,-3029149,-338169.6,,,,好棒_总长1000mm_任意重度敲_铁头
1501,13:31:52,hit_1501_20260730_133152.csv,512,DEFECT,HIGH,0,26,118,242,500000,3846733,2683934,-3846733,-439760.0,,,,好棒_总长1000mm_任意重度敲_铁头
1502,13:31:53,hit_1502_20260730_133153.csv,512,DEFECT,HIGH,0,26,115,250,500000,3112164,2852431,-3112164,-348799.9,,,,好棒_总长1000mm_任意重度敲_铁头
1503,13:31:53,hit_1503_20260730_133153.csv,512,DEFECT,HIGH,0,30,118,280,500000,3571866,2888251,-3571866,-418127.0,,,,好棒_总长1000mm_任意重度敲_铁头
1504,13:31:54,hit_1504_20260730_133154.csv,512,DEFECT,HIGH,0,36,122,324,500000,3222754,3222754,-3007396,-332428.0,,,,好棒_总长1000mm_任意重度敲_铁头
1505,13:31:55,hit_1505_20260730_133155.csv,512,DEFECT,HIGH,0,33,115,317,500000,3158555,3158555,-2458244,-281295.7,,,,好棒_总长1000mm_任意重度敲_铁头
1506,13:31:55,hit_1506_20260730_133155.csv,512,DEFECT,HIGH,0,32,113,313,500000,2968450,2968450,-2170964,-244763.1,,,,好棒_总长1000mm_任意重度敲_铁头
1507,13:31:56,hit_1507_20260730_133156.csv,512,DEFECT,HIGH,0,32,112,316,500000,3306088,3214912,-3306088,-415493.5,,,,好棒_总长1000mm_任意重度敲_铁头
1508,13:31:56,hit_1508_20260730_133156.csv,512,DEFECT,HIGH,0,21,114,203,500000,4262298,2502454,-4262298,-462588.6,,,,好棒_总长1000mm_任意重度敲_铁头
1509,13:31:57,hit_1509_20260730_133157.csv,512,DEFECT,HIGH,0,32,108,329,500000,4301210,2881271,-4301210,-473589.4,,,,好棒_总长1000mm_任意重度敲_铁头
1510,13:31:57,hit_1510_20260730_133157.csv,512,DEFECT,HIGH,0,32,108,329,500000,4270572,2485045,-4270572,-362898.9,,,,好棒_总长1000mm_任意重度敲_铁头
1511,13:31:58,hit_1511_20260730_133158.csv,512,DEFECT,HIGH,0,91,115,769,500000,4138897,2539204,-4138897,-253747.5,,,,好棒_总长1000mm_任意重度敲_铁头
1512,13:31:58,hit_1512_20260730_133158.csv,512,DEFECT,HIGH,0,95,114,815,500000,4216172,2501743,-4216172,-313297.5,,,,好棒_总长1000mm_任意重度敲_铁头
1513,13:31:58,hit_1513_20260730_133158.csv,512,DEFECT,HIGH,0,99,112,871,500000,3652616,2488962,-3652616,-133828.0,,,,好棒_总长1000mm_任意重度敲_铁头
1514,13:31:59,hit_1514_20260730_133159.csv,512,DEFECT,HIGH,0,30,114,291,500000,3914519,2383138,-3914519,-379877.7,,,,好棒_总长1000mm_任意重度敲_铁头
1515,13:31:59,hit_1515_20260730_133159.csv,512,DEFECT,HIGH,0,25,112,247,500000,3747556,2634483,-3747556,-55677.8,,,,好棒_总长1000mm_任意重度敲_铁头
1516,13:31:59,hit_1516_20260730_133159.csv,512,DEFECT,HIGH,0,93,113,803,500000,3873504,2504223,-3873504,-218495.7,,,,好棒_总长1000mm_任意重度敲_铁头
1517,13:32:00,hit_1517_20260730_133200.csv,512,DEFECT,HIGH,0,27,114,262,500000,3856626,2218177,-3856626,-301440.3,,,,好棒_总长1000mm_任意重度敲_铁头
1518,13:32:00,hit_1518_20260730_133200.csv,512,DEFECT,HIGH,0,26,113,254,500000,3661333,2166362,-3661333,-303175.6,,,,好棒_总长1000mm_任意重度敲_铁头
1519,13:32:00,hit_1519_20260730_133200.csv,512,DEFECT,HIGH,0,93,114,796,500000,4235731,2553032,-4235731,-298169.6,,,,好棒_总长1000mm_任意重度敲_铁头
1520,13:32:01,hit_1520_20260730_133201.csv,512,DEFECT,HIGH,0,89,112,772,500000,3874776,2495421,-3874776,-218856.8,,,,好棒_总长1000mm_任意重度敲_铁头
1521,13:32:01,hit_1521_20260730_133201.csv,512,DEFECT,HIGH,0,73,112,722,500000,4021433,2667275,-4021433,-70123.8,,,,好棒_总长1000mm_任意重度敲_铁头
1522,13:32:01,hit_1522_20260730_133201.csv,512,DEFECT,HIGH,0,33,117,311,500000,3721114,2819827,-3721114,-379747.5,,,,好棒_总长1000mm_任意重度敲_铁头
1523,13:32:02,hit_1523_20260730_133202.csv,512,DEFECT,HIGH,0,28,122,252,500000,4366041,2528470,-4366041,-457041.8,,,,好棒_总长1000mm_任意重度敲_铁头
1524,13:32:02,hit_1524_20260730_133202.csv,512,DEFECT,HIGH,0,23,117,216,500000,4097453,2481689,-4097453,-310000.0,,,,好棒_总长1000mm_任意重度敲_铁头
1525,13:32:02,hit_1525_20260730_133202.csv,512,DEFECT,HIGH,0,33,122,297,500000,3641887,2540656,-3641887,-365837.5,,,,好棒_总长1000mm_任意重度敲_铁头
1526,13:32:03,hit_1526_20260730_133203.csv,512,DEFECT,HIGH,0,87,114,737,500000,4011091,2440860,-4011091,-419886.5,,,,好棒_总长1000mm_任意重度敲_铁头
1527,13:32:03,hit_1527_20260730_133203.csv,512,DEFECT,HIGH,0,87,113,745,500000,4122004,2456861,-4122004,-383337.8,,,,好棒_总长1000mm_任意重度敲_铁头
1528,13:32:03,hit_1528_20260730_133203.csv,512,DEFECT,HIGH,0,85,111,740,500000,3743785,2347363,-3743785,-356655.1,,,,好棒_总长1000mm_任意重度敲_铁头
1529,13:32:03,hit_1529_20260730_133203.csv,512,DEFECT,HIGH,0,24,117,226,500000,3870692,2257546,-3870692,-462223.9,,,,好棒_总长1000mm_任意重度敲_铁头
1530,13:32:04,hit_1530_20260730_133204.csv,512,DEFECT,HIGH,0,34,115,326,500000,3152467,3152467,-3038642,-349616.8,,,,好棒_总长1000mm_任意重度敲_铁头
1531,13:32:04,hit_1531_20260730_133204.csv,512,DEFECT,HIGH,0,30,115,288,500000,3779395,2835097,-3779395,-453492.1,,,,好棒_总长1000mm_任意重度敲_铁头
1532,13:32:04,hit_1532_20260730_133204.csv,512,DEFECT,HIGH,0,27,113,264,500000,3190008,2509004,-3190008,-351334.1,,,,好棒_总长1000mm_任意重度敲_铁头
1533,13:32:05,hit_1533_20260730_133205.csv,512,DEFECT,HIGH,0,31,115,298,500000,3746548,2846591,-3746548,-466522.2,,,,好棒_总长1000mm_任意重度敲_铁头
1534,13:32:05,hit_1534_20260730_133205.csv,512,DEFECT,HIGH,0,28,114,271,500000,3744150,2715437,-3744150,-454935.9,,,,好棒_总长1000mm_任意重度敲_铁头
1535,13:32:05,hit_1535_20260730_133205.csv,512,DEFECT,HIGH,0,32,114,310,500000,4104721,2773938,-4104721,-540956.9,,,,好棒_总长1000mm_任意重度敲_铁头
1536,13:32:06,hit_1536_20260730_133206.csv,512,DEFECT,HIGH,0,32,114,310,500000,3859223,2942400,-3859223,-486091.3,,,,好棒_总长1000mm_任意重度敲_铁头
1537,13:32:06,hit_1537_20260730_133206.csv,512,DEFECT,HIGH,0,32,114,310,500000,3614876,3139420,-3614876,-446464.2,,,,好棒_总长1000mm_任意重度敲_铁头
1538,13:32:06,hit_1538_20260730_133206.csv,512,DEFECT,HIGH,0,23,115,221,500000,4235165,2348940,-4235165,-555404.6,,,,好棒_总长1000mm_任意重度敲_铁头
1539,13:32:06,hit_1539_20260730_133206.csv,512,DEFECT,HIGH,0,86,112,742,500000,4029495,2339770,-4029495,-455027.2,,,,好棒_总长1000mm_任意重度敲_铁头
1540,13:32:07,hit_1540_20260730_133207.csv,512,DEFECT,HIGH,0,22,113,215,500000,4442605,2435045,-4442605,-533957.1,,,,好棒_总长1000mm_任意重度敲_铁头
1541,13:32:07,hit_1541_20260730_133207.csv,512,DEFECT,HIGH,0,22,115,211,500000,3957813,2271148,-3957813,-474837.0,,,,好棒_总长1000mm_任意重度敲_铁头
1542,13:32:07,hit_1542_20260730_133207.csv,512,DEFECT,HIGH,0,31,112,306,500000,3048811,3048811,-2981940,-317773.0,,,,好棒_总长1000mm_任意重度敲_铁头
1543,13:32:08,hit_1543_20260730_133208.csv,512,DEFECT,HIGH,0,29,114,281,500000,3612466,2521945,-3612466,-427214.9,,,,好棒_总长1000mm_任意重度敲_铁头
1544,13:32:08,hit_1544_20260730_133208.csv,512,DEFECT,HIGH,0,86,112,742,500000,4062826,2264365,-4062826,-467465.6,,,,好棒_总长1000mm_任意重度敲_铁头
1545,13:32:08,hit_1545_20260730_133208.csv,512,DEFECT,HIGH,0,26,117,245,500000,4449597,2706591,-4449597,-510569.5,,,,好棒_总长1000mm_任意重度敲_铁头
1546,13:32:08,hit_1546_20260730_133208.csv,512,DEFECT,HIGH,0,87,113,745,500000,3900422,2396311,-3900422,-410305.8,,,,好棒_总长1000mm_任意重度敲_铁头
1547,13:32:09,hit_1547_20260730_133209.csv,512,DEFECT,HIGH,0,30,112,297,500000,3691485,2590371,-3691485,-435068.8,,,,好棒_总长1000mm_任意重度敲_铁头
1548,13:32:09,hit_1548_20260730_133209.csv,512,DEFECT,HIGH,0,84,111,730,500000,3804846,2387835,-3804846,-250208.5,,,,好棒_总长1000mm_任意重度敲_铁头
1549,13:32:09,hit_1549_20260730_133209.csv,512,DEFECT,HIGH,0,93,112,811,500000,3977114,2551948,-3977114,-224780.1,,,,好棒_总长1000mm_任意重度敲_铁头
1550,13:32:10,hit_1550_20260730_133210.csv,512,DEFECT,HIGH,0,26,113,254,500000,3858162,2482792,-3858162,-295417.3,,,,好棒_总长1000mm_任意重度敲_铁头
1551,13:32:10,hit_1551_20260730_133210.csv,512,DEFECT,HIGH,0,21,113,205,500000,4281587,2620322,-4281587,-392858.8,,,,好棒_总长1000mm_任意重度敲_铁头
1552,13:32:10,hit_1552_20260730_133210.csv,512,DEFECT,HIGH,0,32,116,304,500000,3770991,2843616,-3770991,-343320.1,,,,好棒_总长1000mm_任意重度敲_铁头
1553,13:32:11,hit_1553_20260730_133211.csv,512,DEFECT,HIGH,0,86,114,728,500000,4327813,2551328,-4327813,-367914.3,,,,好棒_总长1000mm_任意重度敲_铁头
1554,13:32:11,hit_1554_20260730_133211.csv,512,DEFECT,HIGH,0,90,112,782,500000,3968560,2581134,-3968560,-172685.0,,,,好棒_总长1000mm_任意重度敲_铁头
1555,13:32:11,hit_1555_20260730_133211.csv,512,DEFECT,HIGH,0,27,112,267,500000,3989218,2626278,-3989218,-150012.6,,,,好棒_总长1000mm_任意重度敲_铁头
1556,13:32:12,hit_1556_20260730_133212.csv,512,DEFECT,HIGH,0,24,118,224,500000,4246871,2385624,-4246871,-462227.1,,,,好棒_总长1000mm_任意重度敲_铁头
1557,13:32:12,hit_1557_20260730_133212.csv,512,DEFECT,HIGH,0,25,115,240,500000,3759447,2151460,-3759447,-274198.8,,,,好棒_总长1000mm_任意重度敲_铁头
1558,13:32:12,hit_1558_20260730_133212.csv,512,DEFECT,HIGH,0,26,112,257,500000,3724456,2585275,-3724456,-86598.5,,,,好棒_总长1000mm_任意重度敲_铁头
1559,13:32:12,hit_1559_20260730_133212.csv,512,DEFECT,HIGH,0,22,114,213,500000,4547331,2748628,-4547331,-461942.9,,,,好棒_总长1000mm_任意重度敲_铁头
1560,13:32:13,hit_1560_20260730_133213.csv,512,DEFECT,HIGH,0,37,114,359,500000,4437406,2866078,-4437406,-535981.9,,,,好棒_总长1000mm_任意重度敲_铁头
1561,13:32:13,hit_1561_20260730_133213.csv,512,DEFECT,HIGH,0,24,114,233,500000,4530363,2669894,-4530363,-537025.5,,,,好棒_总长1000mm_任意重度敲_铁头
1562,13:32:13,hit_1562_20260730_133213.csv,512,DEFECT,HIGH,0,35,115,336,500000,4328090,2621917,-4328090,-498651.1,,,,好棒_总长1000mm_任意重度敲_铁头
1563,13:32:14,hit_1563_20260730_133214.csv,512,DEFECT,HIGH,0,87,114,737,500000,4030564,2491259,-4030564,-305716.3,,,,好棒_总长1000mm_任意重度敲_铁头
1564,13:32:14,hit_1564_20260730_133214.csv,512,DEFECT,HIGH,0,21,115,201,500000,4223087,2444508,-4223087,-416191.5,,,,好棒_总长1000mm_任意重度敲_铁头
1565,13:32:14,hit_1565_20260730_133214.csv,512,DEFECT,HIGH,0,31,115,298,500000,4264775,3258831,-4264775,93157.2,,,,好棒_总长1000mm_任意重度敲_铁头
1566,13:32:15,hit_1566_20260730_133215.csv,512,DEFECT,HIGH,0,73,112,722,500000,3802511,2844199,-3802511,2908.3,,,,好棒_总长1000mm_任意重度敲_铁头
1567,13:32:15,hit_1567_20260730_133215.csv,512,DEFECT,HIGH,0,26,110,262,500000,3847080,2736159,-3847080,-47918.7,,,,好棒_总长1000mm_任意重度敲_铁头
1568,13:32:16,hit_1568_20260730_133216.csv,512,DEFECT,HIGH,0,89,112,772,500000,3815957,2498607,-3815957,-177923.8,,,,好棒_总长1000mm_任意重度敲_铁头
1569,13:32:16,hit_1569_20260730_133216.csv,512,NORMAL,HIGH,0,0,110,0,500000,4317968,4317968,-3684393,579430.6,,,,好棒_总长1000mm_任意重度敲_铁头
1570,13:32:17,hit_1570_20260730_133217.csv,512,NORMAL,HIGH,0,0,119,0,500000,1177524,1177524,-956160,-65157.2,,,,好棒_总长1000mm_任意重度敲_铁头
1571,13:32:18,hit_1571_20260730_133218.csv,512,DEFECT,HIGH,0,71,112,702,500000,3935933,3200583,-3935933,104771.4,,,,好棒_总长1000mm_任意重度敲_铁头
1572,13:32:19,hit_1572_20260730_133219.csv,512,DEFECT,HIGH,0,75,113,735,500000,4251440,2868507,-4251440,-195905.5,,,,好棒_总长1000mm_任意重度敲_铁头
1573,13:32:20,hit_1573_20260730_133220.csv,512,DEFECT,HIGH,0,21,112,207,500000,4478280,3097605,-4478280,-259300.1,,,,好棒_总长1000mm_任意重度敲_铁头
1574,13:32:21,hit_1574_20260730_133221.csv,512,DEFECT,HIGH,0,22,113,215,500000,4386737,2529320,-4386737,-485278.2,,,,好棒_总长1000mm_任意重度敲_铁头
1575,13:32:22,hit_1575_20260730_133222.csv,512,DEFECT,LOW,0,36,0,342,500000,1561287,1561287,-1174905,-136883.4,,,,好棒_总长1000mm_任意重度敲_铁头
1576,13:32:22,hit_1576_20260730_133222.csv,512,DEFECT,HIGH,0,23,114,223,500000,4549051,2479318,-4549051,-516334.9,,,,好棒_总长1000mm_任意重度敲_铁头
1577,13:32:22,hit_1577_20260730_133222.csv,512,DEFECT,HIGH,0,41,122,369,500000,3735997,2923030,-3735997,-363747.4,,,,好棒_总长1000mm_任意重度敲_铁头
1578,13:32:23,hit_1578_20260730_133223.csv,512,DEFECT,HIGH,0,38,114,368,500000,3113315,3113315,-2868045,-272104.5,,,,好棒_总长1000mm_任意重度敲_铁头
1579,13:32:23,hit_1579_20260730_133223.csv,512,DEFECT,HIGH,0,34,115,326,500000,3211544,3211544,-3006341,-309243.6,,,,好棒_总长1000mm_任意重度敲_铁头
1580,13:32:24,hit_1580_20260730_133224.csv,512,DEFECT,HIGH,0,31,113,303,500000,4236604,2581957,-4236604,-423178.5,,,,好棒_总长1000mm_任意重度敲_铁头
1581,13:32:24,hit_1581_20260730_133224.csv,512,DEFECT,HIGH,0,33,116,314,500000,3127767,3127767,-2900154,-282509.2,,,,好棒_总长1000mm_任意重度敲_铁头
1582,13:32:24,hit_1582_20260730_133224.csv,512,DEFECT,HIGH,0,34,117,320,500000,3529231,2748175,-3529231,-361803.4,,,,好棒_总长1000mm_任意重度敲_铁头
1583,13:32:25,hit_1583_20260730_133225.csv,512,DEFECT,HIGH,0,40,115,384,500000,3379583,3291669,-3379583,-339566.3,,,,好棒_总长1000mm_任意重度敲_铁头
1584,13:32:25,hit_1584_20260730_133225.csv,512,DEFECT,HIGH,0,27,120,247,500000,4686547,2495195,-4686547,-570482.6,,,,好棒_总长1000mm_任意重度敲_铁头
1585,13:32:25,hit_1585_20260730_133225.csv,512,DEFECT,HIGH,0,35,117,330,500000,3090404,2973166,-3090404,-290583.6,,,,好棒_总长1000mm_任意重度敲_铁头
1586,13:32:26,hit_1586_20260730_133226.csv,512,DEFECT,HIGH,0,33,112,326,500000,4294037,2776961,-4294037,-516706.7,,,,好棒_总长1000mm_任意重度敲_铁头
1587,13:32:26,hit_1587_20260730_133226.csv,512,DEFECT,HIGH,0,32,113,313,500000,4036394,2779937,-4036394,-481606.0,,,,好棒_总长1000mm_任意重度敲_铁头
1588,13:32:27,hit_1588_20260730_133227.csv,512,DEFECT,HIGH,0,91,112,792,500000,3843108,2303589,-3843108,-257943.0,,,,好棒_总长1000mm_任意重度敲_铁头
1589,13:32:27,hit_1589_20260730_133227.csv,512,DEFECT,HIGH,0,34,117,320,500000,4155891,2450881,-4155891,-516248.2,,,,好棒_总长1000mm_任意重度敲_铁头
1590,13:32:27,hit_1590_20260730_133227.csv,512,DEFECT,HIGH,0,31,113,303,500000,3852905,2432922,-3852905,-447131.5,,,,好棒_总长1000mm_任意重度敲_铁头
1591,13:32:28,hit_1591_20260730_133228.csv,512,DEFECT,HIGH,0,36,113,352,500000,4253637,2647700,-4253637,-494213.6,,,,好棒_总长1000mm_任意重度敲_铁头
1592,13:32:28,hit_1592_20260730_133228.csv,512,DEFECT,HIGH,0,31,115,298,500000,3821142,2435781,-3821142,-379860.2,,,,好棒_总长1000mm_任意重度敲_铁头
1593,13:32:39,hit_1593_20260730_133239.csv,512,DEFECT,HIGH,0,26,112,257,500000,3820583,2927535,-3820583,196768.3,,,,好棒_总长1000mm_任意重度敲_铁头
1594,13:32:40,hit_1594_20260730_133240.csv,512,NORMAL,HIGH,0,0,110,0,500000,3341059,3097924,-3341059,382304.6,,,,好棒_总长1000mm_任意重度敲_铁头
1595,13:32:40,hit_1595_20260730_133240.csv,512,DEFECT,HIGH,0,90,111,790,500000,3948565,2488414,-3948565,-306179.4,,,,好棒_总长1000mm_任意重度敲_铁头
1596,13:32:40,hit_1596_20260730_133240.csv,512,DEFECT,HIGH,0,25,114,242,500000,3436521,2358144,-3436521,-330355.2,,,,好棒_总长1000mm_任意重度敲_铁头
1597,13:32:41,hit_1597_20260730_133241.csv,512,DEFECT,HIGH,0,29,114,281,500000,4070316,2349711,-4070316,-404525.0,,,,好棒_总长1000mm_任意重度敲_铁头
1598,13:32:41,hit_1598_20260730_133241.csv,512,DEFECT,HIGH,0,86,110,757,500000,4007353,2533724,-4007353,-299244.8,,,,好棒_总长1000mm_任意重度敲_铁头
1599,13:32:41,hit_1599_20260730_133241.csv,512,DEFECT,HIGH,0,24,111,240,500000,3877046,2337225,-3877046,-326135.1,,,,好棒_总长1000mm_任意重度敲_铁头
1600,13:32:42,hit_1600_20260730_133242.csv,512,DEFECT,HIGH,0,91,111,800,500000,4163915,2512279,-4163915,-361731.8,,,,好棒_总长1000mm_任意重度敲_铁头
1601,13:32:42,hit_1601_20260730_133242.csv,512,DEFECT,HIGH,0,86,110,757,500000,3952650,2557409,-3952650,-253359.2,,,,好棒_总长1000mm_任意重度敲_铁头
1602,13:32:42,hit_1602_20260730_133242.csv,512,DEFECT,HIGH,0,93,109,836,500000,3718656,2538537,-3718656,-135783.0,,,,好棒_总长1000mm_任意重度敲_铁头
1603,13:32:43,hit_1603_20260730_133243.csv,512,DEFECT,HIGH,0,87,111,760,500000,3822746,2341189,-3822746,-310376.5,,,,好棒_总长1000mm_任意重度敲_铁头
1604,13:32:43,hit_1604_20260730_133243.csv,512,DEFECT,HIGH,0,87,111,760,500000,4045223,2353975,-4045223,-405770.7,,,,好棒_总长1000mm_任意重度敲_铁头
1605,13:32:43,hit_1605_20260730_133243.csv,512,DEFECT,HIGH,0,34,114,330,500000,3395876,3334723,-3395876,-382438.2,,,,好棒_总长1000mm_任意重度敲_铁头
1606,13:32:44,hit_1606_20260730_133244.csv,512,DEFECT,HIGH,0,22,118,205,500000,3971000,2331789,-3971000,-332924.7,,,,好棒_总长1000mm_任意重度敲_铁头
1607,13:32:44,hit_1607_20260730_133244.csv,512,DEFECT,HIGH,0,22,109,224,500000,3302071,2724880,-3302071,196511.8,,,,好棒_总长1000mm_任意重度敲_铁头
1608,13:32:44,hit_1608_20260730_133244.csv,512,DEFECT,HIGH,0,24,111,240,500000,3544464,2586960,-3544464,78762.2,,,,好棒_总长1000mm_任意重度敲_铁头
1609,13:32:45,hit_1609_20260730_133245.csv,512,NORMAL,HIGH,0,0,109,0,500000,3243093,3018143,-3243093,359240.5,,,,好棒_总长1000mm_任意重度敲_铁头
1610,13:32:45,hit_1610_20260730_133245.csv,512,DEFECT,HIGH,0,90,109,806,500000,3945981,2593212,-3945981,-367010.5,,,,好棒_总长1000mm_任意重度敲_铁头
1611,13:32:45,hit_1611_20260730_133245.csv,512,DEFECT,HIGH,0,38,113,372,500000,3218286,3218286,-2927914,-249328.0,,,,好棒_总长1000mm_任意重度敲_铁头
1612,13:32:46,hit_1612_20260730_133246.csv,512,DEFECT,HIGH,0,85,112,732,500000,4312989,2662225,-4312989,-276164.0,,,,好棒_总长1000mm_任意重度敲_铁头
1613,13:32:46,hit_1613_20260730_133246.csv,512,DEFECT,HIGH,0,83,112,712,500000,3898332,2456308,-3898332,-276464.6,,,,好棒_总长1000mm_任意重度敲_铁头
1614,13:32:46,hit_1614_20260730_133246.csv,512,DEFECT,HIGH,0,92,112,801,500000,4176533,2604027,-4176533,-355024.9,,,,好棒_总长1000mm_任意重度敲_铁头
1615,13:32:47,hit_1615_20260730_133247.csv,512,DEFECT,HIGH,0,96,112,841,500000,3987224,2628160,-3987224,-202269.0,,,,好棒_总长1000mm_任意重度敲_铁头
1616,13:32:47,hit_1616_20260730_133247.csv,512,DEFECT,HIGH,0,28,112,277,500000,4160910,2603779,-4160910,-314112.0,,,,好棒_总长1000mm_任意重度敲_铁头
1617,13:32:47,hit_1617_20260730_133247.csv,512,DEFECT,HIGH,0,84,111,730,500000,3680434,2426609,-3680434,-210039.4,,,,好棒_总长1000mm_任意重度敲_铁头
1618,13:32:48,hit_1618_20260730_133248.csv,512,DEFECT,HIGH,0,26,112,257,500000,3979307,2677455,-3979307,-222561.2,,,,好棒_总长1000mm_任意重度敲_铁头
1619,13:32:48,hit_1619_20260730_133248.csv,512,DEFECT,HIGH,0,27,112,267,500000,4080787,2677674,-4080787,-250710.1,,,,好棒_总长1000mm_任意重度敲_铁头
1620,13:32:48,hit_1620_20260730_133248.csv,512,DEFECT,HIGH,0,24,111,240,500000,3567552,2665925,-3567552,-124665.6,,,,好棒_总长1000mm_任意重度敲_铁头
1621,13:32:49,hit_1621_20260730_133249.csv,512,DEFECT,HIGH,0,67,112,663,500000,3370217,2870469,-3370217,176511.5,,,,好棒_总长1000mm_任意重度敲_铁头
1622,13:32:49,hit_1622_20260730_133249.csv,512,DEFECT,HIGH,0,32,116,304,500000,3935378,2762172,-3935378,-376841.1,,,,好棒_总长1000mm_任意重度敲_铁头
1623,13:32:49,hit_1623_20260730_133249.csv,512,DEFECT,HIGH,0,23,120,211,500000,4209378,2513783,-4209378,-256869.6,,,,好棒_总长1000mm_任意重度敲_铁头
1624,13:32:50,hit_1624_20260730_133250.csv,512,DEFECT,HIGH,0,70,115,673,500000,4288774,3010338,-4288774,-110425.4,,,,好棒_总长1000mm_任意重度敲_铁头
1625,13:32:50,hit_1625_20260730_133250.csv,512,DEFECT,HIGH,0,22,117,207,500000,4373727,2824741,-4373727,-266647.4,,,,好棒_总长1000mm_任意重度敲_铁头
1626,13:32:51,hit_1626_20260730_133251.csv,512,DEFECT,HIGH,0,22,110,222,500000,3133848,2781067,-3133848,303590.5,,,,好棒_总长1000mm_任意重度敲_铁头
1627,13:32:51,hit_1627_20260730_133251.csv,512,DEFECT,HIGH,0,86,113,735,500000,3915643,2288236,-3915643,-291505.0,,,,好棒_总长1000mm_任意重度敲_铁头
1628,13:32:51,hit_1628_20260730_133251.csv,512,DEFECT,HIGH,0,26,111,260,500000,2487444,2487444,-2407620,-181863.7,,,,好棒_总长1000mm_任意重度敲_铁头
1629,13:32:52,hit_1629_20260730_133252.csv,512,DEFECT,HIGH,0,22,112,217,500000,3373473,1897263,-3373473,-238346.2,,,,好棒_总长1000mm_任意重度敲_铁头
1630,13:32:52,hit_1630_20260730_133252.csv,512,DEFECT,HIGH,0,92,111,810,500000,3589574,2377532,-3589574,-65700.5,,,,好棒_总长1000mm_任意重度敲_铁头
1631,13:32:53,hit_1631_20260730_133253.csv,512,DEFECT,HIGH,0,85,111,740,500000,3432386,2324023,-3432386,-51388.4,,,,好棒_总长1000mm_任意重度敲_铁头
1632,13:32:53,hit_1632_20260730_133253.csv,512,DEFECT,HIGH,0,99,112,871,500000,3923347,2511616,-3923347,-142240.8,,,,好棒_总长1000mm_任意重度敲_铁头
1633,13:32:54,hit_1633_20260730_133254.csv,512,DEFECT,HIGH,0,21,115,201,500000,4279560,2450326,-4279560,-335791.2,,,,好棒_总长1000mm_任意重度敲_铁头
1634,13:32:54,hit_1634_20260730_133254.csv,512,DEFECT,HIGH,0,21,115,201,500000,4306615,2299719,-4306615,-367058.1,,,,好棒_总长1000mm_任意重度敲_铁头
1635,13:32:54,hit_1635_20260730_133254.csv,512,DEFECT,HIGH,0,21,116,200,500000,4399902,2405878,-4399902,-379218.1,,,,好棒_总长1000mm_任意重度敲_铁头
1636,13:32:55,hit_1636_20260730_133255.csv,512,DEFECT,HIGH,0,71,114,689,500000,4215388,2836081,-4215388,-150461.8,,,,好棒_总长1000mm_任意重度敲_铁头
1637,13:32:55,hit_1637_20260730_133255.csv,512,DEFECT,HIGH,0,69,112,683,500000,3722515,2794562,-3722515,14377.2,,,,好棒_总长1000mm_任意重度敲_铁头
1638,13:32:56,hit_1638_20260730_133256.csv,512,DEFECT,HIGH,0,27,113,264,500000,4001101,2753650,-4001101,-83370.1,,,,好棒_总长1000mm_任意重度敲_铁头
1639,13:32:56,hit_1639_20260730_133256.csv,512,DEFECT,HIGH,0,31,115,298,500000,4042366,2441248,-4042366,-392278.2,,,,好棒_总长1000mm_任意重度敲_铁头
1640,13:32:57,hit_1640_20260730_133257.csv,512,DEFECT,HIGH,0,21,115,201,500000,4241993,2442263,-4241993,-343726.7,,,,好棒_总长1000mm_任意重度敲_铁头
1641,13:32:57,hit_1641_20260730_133257.csv,512,DEFECT,HIGH,0,21,115,201,500000,4297797,2396350,-4297797,-320348.6,,,,好棒_总长1000mm_任意重度敲_铁头
1642,13:32:57,hit_1642_20260730_133257.csv,512,DEFECT,HIGH,0,30,114,291,500000,4046779,2418838,-4046779,-351819.0,,,,好棒_总长1000mm_任意重度敲_铁头
1643,13:32:58,hit_1643_20260730_133258.csv,512,DEFECT,HIGH,0,87,113,745,500000,3877115,2447087,-3877115,-292796.7,,,,好棒_总长1000mm_任意重度敲_铁头
1644,13:32:58,hit_1644_20260730_133258.csv,512,DEFECT,HIGH,0,21,115,201,500000,4203088,2360519,-4203088,-328010.7,,,,好棒_总长1000mm_任意重度敲_铁头
1645,13:32:58,hit_1645_20260730_133258.csv,512,DEFECT,HIGH,0,28,113,274,500000,3958489,2203340,-3958489,-404153.9,,,,好棒_总长1000mm_任意重度敲_铁头
1646,13:32:59,hit_1646_20260730_133259.csv,512,DEFECT,HIGH,0,21,113,205,500000,4281325,2435779,-4281325,-381748.1,,,,好棒_总长1000mm_任意重度敲_铁头
1647,13:32:59,hit_1647_20260730_133259.csv,512,DEFECT,HIGH,0,26,111,260,500000,3950207,2322362,-3950207,-340276.1,,,,好棒_总长1000mm_任意重度敲_铁头
1648,13:33:00,hit_1648_20260730_133300.csv,512,DEFECT,HIGH,0,28,111,280,500000,4002240,2585784,-4002240,-202479.7,,,,好棒_总长1000mm_任意重度敲_铁头
1649,13:33:00,hit_1649_20260730_133300.csv,512,DEFECT,HIGH,0,25,118,233,500000,3727586,2693950,-3727586,-284878.9,,,,好棒_总长1000mm_任意重度敲_铁头
1650,13:33:01,hit_1650_20260730_133301.csv,512,DEFECT,HIGH,0,28,113,274,500000,3814858,2662596,-3814858,-83937.9,,,,好棒_总长1000mm_任意重度敲_铁头
1651,13:33:01,hit_1651_20260730_133301.csv,512,DEFECT,HIGH,0,41,114,398,500000,3202227,3202227,-3107646,-200362.5,,,,好棒_总长1000mm_任意重度敲_铁头
1652,13:33:01,hit_1652_20260730_133301.csv,512,DEFECT,HIGH,0,26,120,238,500000,4241453,2570442,-4241453,-376873.3,,,,好棒_总长1000mm_任意重度敲_铁头
1653,13:33:02,hit_1653_20260730_133302.csv,512,DEFECT,HIGH,0,26,121,236,500000,4297089,2576071,-4297089,-259551.5,,,,好棒_总长1000mm_任意重度敲_铁头
1654,13:33:02,hit_1654_20260730_133302.csv,512,DEFECT,HIGH,0,22,119,203,500000,4249340,2542826,-4249340,-268493.3,,,,好棒_总长1000mm_任意重度敲_铁头
1655,13:33:02,hit_1655_20260730_133302.csv,512,DEFECT,HIGH,0,30,115,288,500000,4038860,2256896,-4038860,-280771.0,,,,好棒_总长1000mm_任意重度敲_铁头
1656,13:33:03,hit_1656_20260730_133303.csv,512,DEFECT,HIGH,0,26,118,242,500000,4826757,2670784,-4826757,-399362.4,,,,好棒_总长1000mm_任意重度敲_铁头
1657,13:33:03,hit_1657_20260730_133303.csv,512,DEFECT,HIGH,0,32,116,304,500000,4027279,3155318,-4027279,187579.8,,,,好棒_总长1000mm_任意重度敲_铁头
1658,13:33:04,hit_1658_20260730_133304.csv,512,DEFECT,HIGH,0,29,114,281,500000,3960839,2985929,-3960839,8804.7,,,,好棒_总长1000mm_任意重度敲_铁头
1659,13:33:04,hit_1659_20260730_133304.csv,512,DEFECT,HIGH,0,25,119,231,500000,4702018,2546648,-4702018,-339852.5,,,,好棒_总长1000mm_任意重度敲_铁头
1660,13:33:04,hit_1660_20260730_133304.csv,512,DEFECT,HIGH,0,21,117,198,500000,4045988,2714032,-4045988,-180180.8,,,,好棒_总长1000mm_任意重度敲_铁头
1661,13:33:05,hit_1661_20260730_133305.csv,512,DEFECT,HIGH,0,22,118,205,500000,4254039,2664769,-4254039,-158961.8,,,,好棒_总长1000mm_任意重度敲_铁头
1662,13:33:05,hit_1662_20260730_133305.csv,512,DEFECT,HIGH,0,32,116,304,500000,4341212,3077416,-4341212,-81176.5,,,,好棒_总长1000mm_任意重度敲_铁头
1663,13:33:05,hit_1663_20260730_133305.csv,512,DEFECT,HIGH,0,29,114,281,500000,3873814,3355351,-3873814,209484.3,,,,好棒_总长1000mm_任意重度敲_铁头
1664,13:33:06,hit_1664_20260730_133306.csv,512,DEFECT,HIGH,0,31,115,298,500000,4206193,2987282,-4206193,-74925.8,,,,好棒_总长1000mm_任意重度敲_铁头
1665,13:33:06,hit_1665_20260730_133306.csv,512,DEFECT,HIGH,0,30,116,285,500000,4099075,2391490,-4099075,-201808.0,,,,好棒_总长1000mm_任意重度敲_铁头
1666,13:33:07,hit_1666_20260730_133307.csv,512,DEFECT,HIGH,0,23,120,211,500000,4382452,2530358,-4382452,-208922.3,,,,好棒_总长1000mm_任意重度敲_铁头
1667,13:33:07,hit_1667_20260730_133307.csv,512,DEFECT,HIGH,0,22,118,205,500000,3852221,2277187,-3852221,-233336.6,,,,好棒_总长1000mm_任意重度敲_铁头
1668,13:33:07,hit_1668_20260730_133307.csv,512,DEFECT,HIGH,0,23,120,211,500000,4159764,2696043,-4159764,-136018.4,,,,好棒_总长1000mm_任意重度敲_铁头
1669,13:33:08,hit_1669_20260730_133308.csv,512,DEFECT,HIGH,0,92,115,778,500000,4073041,2558408,-4073041,-202606.4,,,,好棒_总长1000mm_任意重度敲_铁头
1670,13:33:08,hit_1670_20260730_133308.csv,512,DEFECT,HIGH,0,70,114,679,500000,3683363,2805473,-3683363,118066.3,,,,好棒_总长1000mm_任意重度敲_铁头
1671,13:33:08,hit_1671_20260730_133308.csv,512,DEFECT,HIGH,0,38,116,361,500000,3240214,3120668,-3240214,-264039.1,,,,好棒_总长1000mm_任意重度敲_铁头
1672,13:33:09,hit_1672_20260730_133309.csv,512,DEFECT,HIGH,0,73,115,701,500000,3843530,2923827,-3843530,176174.7,,,,好棒_总长1000mm_任意重度敲_铁头
1673,13:33:09,hit_1673_20260730_133309.csv,512,DEFECT,HIGH,0,30,115,288,500000,4054817,2351228,-4054817,-251030.3,,,,好棒_总长1000mm_任意重度敲_铁头
1674,13:33:10,hit_1674_20260730_133310.csv,512,DEFECT,HIGH,0,26,119,240,500000,3897434,2740936,-3897434,-310698.7,,,,好棒_总长1000mm_任意重度敲_铁头
1675,13:33:10,hit_1675_20260730_133310.csv,512,DEFECT,HIGH,0,21,117,198,500000,4325147,2637527,-4325147,-266935.8,,,,好棒_总长1000mm_任意重度敲_铁头
1676,13:33:10,hit_1676_20260730_133310.csv,512,DEFECT,HIGH,0,96,116,809,500000,3841277,2633024,-3841277,-26210.0,,,,好棒_总长1000mm_任意重度敲_铁头
1677,13:33:11,hit_1677_20260730_133311.csv,512,DEFECT,HIGH,0,29,115,278,500000,3959645,2386662,-3959645,-217634.0,,,,好棒_总长1000mm_任意重度敲_铁头
1678,13:33:11,hit_1678_20260730_133311.csv,512,DEFECT,HIGH,0,28,115,269,500000,3840888,2182794,-3840888,-201451.2,,,,好棒_总长1000mm_任意重度敲_铁头
1679,13:33:11,hit_1679_20260730_133311.csv,512,DEFECT,HIGH,0,29,115,278,500000,3834142,2395832,-3834142,-191287.7,,,,好棒_总长1000mm_任意重度敲_铁头
1680,13:33:12,hit_1680_20260730_133312.csv,512,DEFECT,HIGH,0,87,117,716,500000,3823462,2209752,-3823462,-203273.3,,,,好棒_总长1000mm_任意重度敲_铁头
1681,13:33:12,hit_1681_20260730_133312.csv,512,DEFECT,HIGH,0,98,117,820,500000,4175561,2471643,-4175561,-234695.8,,,,好棒_总长1000mm_任意重度敲_铁头
1682,13:33:12,hit_1682_20260730_133312.csv,512,DEFECT,HIGH,0,95,114,815,500000,3895519,2612700,-3895519,-125777.7,,,,好棒_总长1000mm_任意重度敲_铁头
1683,13:33:13,hit_1683_20260730_133313.csv,512,DEFECT,HIGH,0,21,116,200,500000,4196120,2352890,-4196120,-284664.3,,,,好棒_总长1000mm_任意重度敲_铁头
1684,13:33:13,hit_1684_20260730_133313.csv,512,DEFECT,HIGH,0,27,113,264,500000,3719285,2897050,-3719285,36948.6,,,,好棒_总长1000mm_任意重度敲_铁头
1685,13:33:14,hit_1685_20260730_133314.csv,512,DEFECT,HIGH,0,32,108,329,500000,3557669,2678757,-3557669,-235926.6,,,,好棒_总长1000mm_任意重度敲_铁头
1686,13:33:14,hit_1686_20260730_133314.csv,512,DEFECT,HIGH,0,30,113,294,500000,4016112,2780553,-4016112,-155269.2,,,,好棒_总长1000mm_任意重度敲_铁头
1687,13:33:14,hit_1687_20260730_133314.csv,512,DEFECT,HIGH,0,25,113,245,500000,3472527,2900605,-3472527,211098.1,,,,好棒_总长1000mm_任意重度敲_铁头
1688,13:33:15,hit_1688_20260730_133315.csv,512,DEFECT,HIGH,0,30,113,294,500000,3047118,2662690,-3047118,-235452.2,,,,好棒_总长1000mm_任意重度敲_铁头
1689,13:33:15,hit_1689_20260730_133315.csv,512,DEFECT,HIGH,0,27,113,264,500000,2916722,2450971,-2916722,-177551.4,,,,好棒_总长1000mm_任意重度敲_铁头
1690,13:33:16,hit_1690_20260730_133316.csv,512,DEFECT,HIGH,0,28,113,274,500000,4000659,2581351,-4000659,-211448.1,,,,好棒_总长1000mm_任意重度敲_铁头
1691,13:33:16,hit_1691_20260730_133316.csv,512,DEFECT,HIGH,0,87,114,737,500000,3779865,2382767,-3779865,-162452.7,,,,好棒_总长1000mm_任意重度敲_铁头
1692,13:33:16,hit_1692_20260730_133316.csv,512,DEFECT,HIGH,0,27,112,267,500000,3884128,2830756,-3884128,-33293.1,,,,好棒_总长1000mm_任意重度敲_铁头
1693,13:33:17,hit_1693_20260730_133317.csv,512,DEFECT,HIGH,0,27,113,264,500000,3815999,2694634,-3815999,-29122.9,,,,好棒_总长1000mm_任意重度敲_铁头
1694,13:33:17,hit_1694_20260730_133317.csv,512,DEFECT,HIGH,0,30,116,285,663822,4243740,2462009,-4243740,-375212.7,,,,好棒_总长1000mm_任意重度敲_铁头
1695,13:33:18,hit_1695_20260730_133318.csv,512,DEFECT,HIGH,0,21,117,198,500000,4317501,2740239,-4317501,-265256.6,,,,好棒_总长1000mm_任意重度敲_铁头
1696,13:33:18,hit_1696_20260730_133318.csv,512,DEFECT,HIGH,0,71,112,702,500000,3781363,2961386,-3781363,193020.2,,,,好棒_总长1000mm_任意重度敲_铁头
1697,13:33:18,hit_1697_20260730_133318.csv,512,DEFECT,HIGH,0,22,111,220,500000,3276737,3276737,-3061765,521751.2,,,,好棒_总长1000mm_任意重度敲_铁头
1698,13:33:19,hit_1698_20260730_133319.csv,512,DEFECT,HIGH,0,46,121,418,500000,2470219,2470219,-2042822,-171160.7,,,,好棒_总长1000mm_任意重度敲_铁头
1699,13:33:19,hit_1699_20260730_133319.csv,512,DEFECT,HIGH,0,23,119,212,500000,3826014,2431839,-3826014,-281153.1,,,,好棒_总长1000mm_任意重度敲_铁头
1700,13:33:19,hit_1700_20260730_133319.csv,512,DEFECT,HIGH,0,29,115,278,500000,2721179,2721179,-2537084,-216069.2,,,,好棒_总长1000mm_任意重度敲_铁头
1701,13:33:20,hit_1701_20260730_133320.csv,512,DEFECT,LOW,0,41,0,390,500000,1701803,1701803,-1264657,-125620.5,,,,好棒_总长1000mm_任意重度敲_铁头
1702,13:33:20,hit_1702_20260730_133320.csv,512,DEFECT,HIGH,0,21,117,198,500000,3934544,2290086,-3934544,-306778.9,,,,好棒_总长1000mm_任意重度敲_铁头
1703,13:33:20,hit_1703_20260730_133320.csv,512,DEFECT,HIGH,0,22,117,207,500000,4034385,2281533,-4034385,-393664.0,,,,好棒_总长1000mm_任意重度敲_铁头
1704,13:33:21,hit_1704_20260730_133321.csv,512,DEFECT,HIGH,0,27,121,245,500000,4298913,2684428,-4298913,-359667.9,,,,好棒_总长1000mm_任意重度敲_铁头
1705,13:33:21,hit_1705_20260730_133321.csv,512,DEFECT,HIGH,0,88,115,740,500000,4130882,2466332,-4130882,-329322.6,,,,好棒_总长1000mm_任意重度敲_铁头
1706,13:33:21,hit_1706_20260730_133321.csv,512,DEFECT,HIGH,0,21,116,200,500000,4184104,2325547,-4184104,-412721.9,,,,好棒_总长1000mm_任意重度敲_铁头
1707,13:33:22,hit_1707_20260730_133322.csv,512,DEFECT,HIGH,0,24,119,222,500000,3999244,2503062,-3999244,-357338.3,,,,好棒_总长1000mm_任意重度敲_铁头
1708,13:33:22,hit_1708_20260730_133322.csv,512,DEFECT,HIGH,0,23,117,216,500000,4168642,2402489,-4168642,-400195.5,,,,好棒_总长1000mm_任意重度敲_铁头
1709,13:33:22,hit_1709_20260730_133322.csv,512,DEFECT,HIGH,0,23,118,214,500000,4171603,2679086,-4171603,-291813.6,,,,好棒_总长1000mm_任意重度敲_铁头
1710,13:33:23,hit_1710_20260730_133323.csv,512,DEFECT,HIGH,0,28,121,254,500000,2739209,2739209,-2443230,-225501.0,,,,好棒_总长1000mm_任意重度敲_铁头
1711,13:33:23,hit_1711_20260730_133323.csv,512,DEFECT,HIGH,0,22,118,205,500000,4171514,2539666,-4171514,-350830.7,,,,好棒_总长1000mm_任意重度敲_铁头
1712,13:33:23,hit_1712_20260730_133323.csv,512,DEFECT,HIGH,0,29,108,298,500000,4166353,2395868,-4166353,-357108.0,,,,好棒_总长1000mm_任意重度敲_铁头
1713,13:33:24,hit_1713_20260730_133324.csv,512,DEFECT,HIGH,0,30,117,283,500000,4244958,2981231,-4244958,-67115.7,,,,好棒_总长1000mm_任意重度敲_铁头
1714,13:33:24,hit_1714_20260730_133324.csv,512,DEFECT,HIGH,0,43,116,409,500000,3512172,3512172,-2756761,-228383.1,,,,好棒_总长1000mm_任意重度敲_铁头
1715,13:33:25,hit_1715_20260730_133325.csv,512,DEFECT,HIGH,0,22,118,205,500000,4530017,2902952,-4530017,-200049.6,,,,好棒_总长1000mm_任意重度敲_铁头
1716,13:33:25,hit_1716_20260730_133325.csv,512,DEFECT,HIGH,0,39,118,364,500000,3296548,3208153,-3296548,-254808.4,,,,好棒_总长1000mm_任意重度敲_铁头
1717,13:33:25,hit_1717_20260730_133325.csv,512,DEFECT,HIGH,0,22,117,207,500000,4343405,2272499,-4343405,-344263.3,,,,好棒_总长1000mm_任意重度敲_铁头
1718,13:33:25,hit_1718_20260730_133325.csv,512,DEFECT,HIGH,0,23,120,211,500000,3978611,2520578,-3978611,-137703.9,,,,好棒_总长1000mm_任意重度敲_铁头
1719,13:33:26,hit_1719_20260730_133326.csv,512,DEFECT,HIGH,0,28,111,280,500000,1977038,1977038,-1572103,-185230.9,,,,好棒_总长1000mm_任意重度敲_铁头
1720,13:33:26,hit_1720_20260730_133326.csv,512,DEFECT,HIGH,0,23,116,219,500000,3845580,2379236,-3845580,-404437.9,,,,好棒_总长1000mm_任意重度敲_铁头
1721,13:33:26,hit_1721_20260730_133326.csv,512,DEFECT,HIGH,0,26,114,252,500000,3804400,2312666,-3804400,-318153.3,,,,好棒_总长1000mm_任意重度敲_铁头
1722,13:33:27,hit_1722_20260730_133327.csv,512,DEFECT,HIGH,0,25,119,231,500000,4482605,2367890,-4482605,-518026.2,,,,好棒_总长1000mm_任意重度敲_铁头
1723,13:33:27,hit_1723_20260730_133327.csv,512,DEFECT,HIGH,0,24,119,222,500000,4135626,2401004,-4135626,-253284.2,,,,好棒_总长1000mm_任意重度敲_铁头
1724,13:33:28,hit_1724_20260730_133328.csv,512,DEFECT,HIGH,0,24,119,222,500000,3952346,2506894,-3952346,-241562.7,,,,好棒_总长1000mm_任意重度敲_铁头
1725,13:33:28,hit_1725_20260730_133328.csv,512,DEFECT,HIGH,0,29,114,281,500000,3950476,2255622,-3950476,-374617.0,,,,好棒_总长1000mm_任意重度敲_铁头
1726,13:33:28,hit_1726_20260730_133328.csv,512,DEFECT,HIGH,0,88,116,733,500000,3899001,2602024,-3899001,-168178.6,,,,好棒_总长1000mm_任意重度敲_铁头
1727,13:33:29,hit_1727_20260730_133329.csv,512,DEFECT,HIGH,0,29,116,276,500000,4117353,2368379,-4117353,-321406.6,,,,好棒_总长1000mm_任意重度敲_铁头
1728,13:33:29,hit_1728_20260730_133329.csv,512,DEFECT,HIGH,0,90,115,759,500000,4249566,2568735,-4249566,-254646.3,,,,好棒_总长1000mm_任意重度敲_铁头
1729,13:33:29,hit_1729_20260730_133329.csv,512,DEFECT,HIGH,0,30,114,291,500000,4086137,2418549,-4086137,-365231.2,,,,好棒_总长1000mm_任意重度敲_铁头
1730,13:33:30,hit_1730_20260730_133330.csv,512,DEFECT,HIGH,0,99,112,871,500000,3471197,2615590,-3471197,43694.4,,,,好棒_总长1000mm_任意重度敲_铁头
1731,13:33:30,hit_1731_20260730_133330.csv,512,DEFECT,HIGH,0,91,113,784,500000,3649124,2475899,-3649124,-106510.1,,,,好棒_总长1000mm_任意重度敲_铁头
1732,13:33:30,hit_1732_20260730_133330.csv,512,DEFECT,HIGH,0,97,111,860,500000,3430337,2622742,-3430337,76086.6,,,,好棒_总长1000mm_任意重度敲_铁头
1733,13:33:31,hit_1733_20260730_133331.csv,512,DEFECT,HIGH,0,97,112,851,500000,3564481,2640516,-3564481,43158.8,,,,好棒_总长1000mm_任意重度敲_铁头
1734,13:33:31,hit_1734_20260730_133331.csv,512,DEFECT,HIGH,0,72,112,712,500000,3845481,2774136,-3845481,-48729.9,,,,好棒_总长1000mm_任意重度敲_铁头
1735,13:33:31,hit_1735_20260730_133331.csv,512,DEFECT,HIGH,0,97,112,851,500000,3731957,2624560,-3731957,-98207.3,,,,好棒_总长1000mm_任意重度敲_铁头
1736,13:33:32,hit_1736_20260730_133332.csv,512,DEFECT,HIGH,0,90,113,774,500000,3698070,2470142,-3698070,-165792.1,,,,好棒_总长1000mm_任意重度敲_铁头
1737,13:33:32,hit_1737_20260730_133332.csv,512,DEFECT,HIGH,0,86,114,728,500000,3466230,2453387,-3466230,-304984.3,,,,好棒_总长1000mm_任意重度敲_铁头
1738,13:33:32,hit_1738_20260730_133332.csv,512,DEFECT,HIGH,0,85,113,725,500000,3869801,2389818,-3869801,-254473.9,,,,好棒_总长1000mm_任意重度敲_铁头
1739,13:33:33,hit_1739_20260730_133333.csv,512,DEFECT,HIGH,0,26,111,260,500000,3709896,2682836,-3709896,-68593.9,,,,好棒_总长1000mm_任意重度敲_铁头
1740,13:33:33,hit_1740_20260730_133333.csv,512,DEFECT,HIGH,0,28,115,269,500000,3807716,2126984,-3807716,-301826.9,,,,好棒_总长1000mm_任意重度敲_铁头
1741,13:33:33,hit_1741_20260730_133333.csv,512,DEFECT,HIGH,0,30,113,294,500000,3848106,2568362,-3848106,-327466.7,,,,好棒_总长1000mm_任意重度敲_铁头
1742,13:33:34,hit_1742_20260730_133334.csv,512,DEFECT,HIGH,0,31,114,300,500000,4209710,2571842,-4209710,-343669.5,,,,好棒_总长1000mm_任意重度敲_铁头
1743,13:33:34,hit_1743_20260730_133334.csv,512,DEFECT,HIGH,0,29,114,281,500000,3740979,2348257,-3740979,-340292.1,,,,好棒_总长1000mm_任意重度敲_铁头
1744,13:33:34,hit_1744_20260730_133334.csv,512,DEFECT,HIGH,0,28,114,271,500000,3915287,2337869,-3915287,-335167.7,,,,好棒_总长1000mm_任意重度敲_铁头
1745,13:33:35,hit_1745_20260730_133335.csv,512,DEFECT,HIGH,0,91,114,776,500000,4318645,2596897,-4318645,-358931.7,,,,好棒_总长1000mm_任意重度敲_铁头
1746,13:33:35,hit_1746_20260730_133335.csv,512,DEFECT,HIGH,0,28,113,274,500000,3885772,2431351,-3885772,-307169.0,,,,好棒_总长1000mm_任意重度敲_铁头
1747,13:33:35,hit_1747_20260730_133335.csv,512,DEFECT,HIGH,0,31,115,298,500000,4077020,2330878,-4077020,-354516.6,,,,好棒_总长1000mm_任意重度敲_铁头
1748,13:33:36,hit_1748_20260730_133336.csv,512,DEFECT,HIGH,0,88,112,762,500000,3998069,2578351,-3998069,-291357.1,,,,好棒_总长1000mm_任意重度敲_铁头
1749,13:33:36,hit_1749_20260730_133336.csv,512,DEFECT,HIGH,0,32,114,310,500000,4102827,2473551,-4102827,-386331.5,,,,好棒_总长1000mm_任意重度敲_铁头
1750,13:33:36,hit_1750_20260730_133336.csv,512,DEFECT,HIGH,0,32,114,310,500000,3929604,2522803,-3929604,-368676.6,,,,好棒_总长1000mm_任意重度敲_铁头
1751,13:33:37,hit_1751_20260730_133337.csv,512,DEFECT,HIGH,0,31,114,300,500000,3935022,2461934,-3935022,-368757.4,,,,好棒_总长1000mm_任意重度敲_铁头
1752,13:33:37,hit_1752_20260730_133337.csv,512,DEFECT,HIGH,0,30,114,291,500000,4038124,2418266,-4038124,-367357.6,,,,好棒_总长1000mm_任意重度敲_铁头
1753,13:33:37,hit_1753_20260730_133337.csv,512,DEFECT,HIGH,0,31,113,303,500000,4164422,2665952,-4164422,-351905.9,,,,好棒_总长1000mm_任意重度敲_铁头
1754,13:33:38,hit_1754_20260730_133338.csv,512,DEFECT,HIGH,0,23,115,221,500000,4245855,2659551,-4245855,-406735.3,,,,好棒_总长1000mm_任意重度敲_铁头
1755,13:33:38,hit_1755_20260730_133338.csv,512,DEFECT,HIGH,0,34,114,330,500000,4035864,2807077,-4035864,-374582.8,,,,好棒_总长1000mm_任意重度敲_铁头
1756,13:33:39,hit_1756_20260730_133339.csv,512,DEFECT,HIGH,0,31,114,300,500000,4036929,2550188,-4036929,-362709.9,,,,好棒_总长1000mm_任意重度敲_铁头
1757,13:33:39,hit_1757_20260730_133339.csv,512,DEFECT,HIGH,0,30,113,294,500000,3976608,2523124,-3976608,-359683.3,,,,好棒_总长1000mm_任意重度敲_铁头
1758,13:33:40,hit_1758_20260730_133340.csv,512,DEFECT,HIGH,0,22,115,211,500000,4300942,2445906,-4300942,-413172.2,,,,好棒_总长1000mm_任意重度敲_铁头
1759,13:33:41,hit_1759_20260730_133341.csv,512,DEFECT,HIGH,0,31,115,298,500000,3712583,2487900,-3712583,-349503.3,,,,好棒_总长1000mm_任意重度敲_铁头
1760,13:33:41,hit_1760_20260730_133341.csv,512,DEFECT,HIGH,0,29,113,284,500000,3854823,2391177,-3854823,-347267.7,,,,好棒_总长1000mm_任意重度敲_铁头
1761,13:33:41,hit_1761_20260730_133341.csv,512,DEFECT,HIGH,0,30,113,294,500000,3845471,2496818,-3845471,-390158.6,,,,好棒_总长1000mm_任意重度敲_铁头
1762,13:33:42,hit_1762_20260730_133342.csv,512,DEFECT,HIGH,0,29,114,281,500000,3882230,2328594,-3882230,-361263.7,,,,好棒_总长1000mm_任意重度敲_铁头
1763,13:33:42,hit_1763_20260730_133342.csv,512,DEFECT,HIGH,0,32,115,307,500000,4169831,2379195,-4169831,-404276.9,,,,好棒_总长1000mm_任意重度敲_铁头
1764,13:33:42,hit_1764_20260730_133342.csv,512,DEFECT,HIGH,0,21,112,207,500000,4444242,2886694,-4444242,-395047.7,,,,好棒_总长1000mm_任意重度敲_铁头
1765,13:33:43,hit_1765_20260730_133343.csv,512,DEFECT,HIGH,0,88,113,754,500000,4006367,2535470,-4006367,-315075.6,,,,好棒_总长1000mm_任意重度敲_铁头
1766,13:33:43,hit_1766_20260730_133343.csv,512,DEFECT,HIGH,0,40,118,373,500000,4078730,3149130,-4078730,-365344.0,,,,好棒_总长1000mm_任意重度敲_铁头
1767,13:33:43,hit_1767_20260730_133343.csv,512,DEFECT,HIGH,0,21,116,200,500000,4355719,2591690,-4355719,-328473.7,,,,好棒_总长1000mm_任意重度敲_铁头
1768,13:33:44,hit_1768_20260730_133344.csv,512,DEFECT,HIGH,0,26,114,252,500000,3523370,2943529,-3523370,253875.5,,,,好棒_总长1000mm_任意重度敲_铁头
1769,13:33:50,hit_1769_20260730_133350.csv,512,DEFECT,HIGH,0,23,119,212,500000,4155730,2373934,-4155730,-296461.9,,,,好棒_总长1000mm_任意重度敲_铁头
1770,13:33:51,hit_1770_20260730_133351.csv,512,DEFECT,HIGH,0,30,115,288,500000,3954966,2544696,-3954966,-265454.7,,,,好棒_总长1000mm_任意重度敲_铁头
1771,13:33:51,hit_1771_20260730_133351.csv,512,DEFECT,HIGH,0,21,118,196,500000,4234064,3046568,-4234064,-125626.5,,,,好棒_总长1000mm_任意重度敲_铁头
1772,13:33:51,hit_1772_20260730_133351.csv,512,DEFECT,HIGH,0,45,118,420,500000,3839349,3599900,-3839349,-320021.8,,,,好棒_总长1000mm_任意重度敲_铁头
1773,13:33:52,hit_1773_20260730_133352.csv,512,DEFECT,HIGH,0,48,108,494,500000,4813861,3453126,-4813861,-416653.8,,,,好棒_总长1000mm_任意重度敲_铁头
1774,13:33:52,hit_1774_20260730_133352.csv,512,DEFECT,HIGH,0,46,108,474,500000,4591560,3453689,-4591560,-388190.7,,,,好棒_总长1000mm_任意重度敲_铁头
1775,13:33:52,hit_1775_20260730_133352.csv,512,DEFECT,HIGH,0,49,108,505,500000,4010910,3582563,-4010910,-338490.2,,,,好棒_总长1000mm_任意重度敲_铁头
1776,13:33:53,hit_1776_20260730_133353.csv,512,DEFECT,HIGH,0,51,120,467,500000,3272808,3272808,-2734319,-200042.8,,,,好棒_总长1000mm_任意重度敲_铁头
1777,13:33:53,hit_1777_20260730_133353.csv,512,DEFECT,HIGH,0,32,122,288,500000,5225593,3570154,-5225593,-465510.7,,,,好棒_总长1000mm_任意重度敲_铁头
1778,13:33:53,hit_1778_20260730_133353.csv,512,DEFECT,HIGH,0,30,121,272,500000,5113822,3374904,-5113822,-454583.2,,,,好棒_总长1000mm_任意重度敲_铁头
1779,13:33:54,hit_1779_20260730_133354.csv,512,DEFECT,HIGH,0,29,122,261,500000,5259595,3119816,-5259595,-441672.0,,,,好棒_总长1000mm_任意重度敲_铁头
1780,13:33:54,hit_1780_20260730_133354.csv,512,DEFECT,HIGH,0,52,120,477,500000,3801609,3801609,-3622840,-252706.9,,,,好棒_总长1000mm_任意重度敲_铁头
1781,13:33:54,hit_1781_20260730_133354.csv,512,DEFECT,HIGH,0,96,116,809,500000,4140061,2966122,-4140061,-131575.4,,,,好棒_总长1000mm_任意重度敲_铁头
1782,13:33:55,hit_1782_20260730_133355.csv,512,DEFECT,HIGH,0,68,114,660,500000,3824972,2997248,-3824972,5750.2,,,,好棒_总长1000mm_任意重度敲_铁头
1783,13:33:55,hit_1783_20260730_133355.csv,512,DEFECT,HIGH,0,68,112,673,500000,3672005,3225311,-3672005,140681.2,,,,好棒_总长1000mm_任意重度敲_铁头
1784,13:33:55,hit_1784_20260730_133355.csv,512,DEFECT,HIGH,0,71,114,689,500000,4429322,3138061,-4429322,-187704.6,,,,好棒_总长1000mm_任意重度敲_铁头
1785,13:33:56,hit_1785_20260730_133356.csv,512,DEFECT,HIGH,0,69,112,683,500000,3842516,3101638,-3842516,98455.8,,,,好棒_总长1000mm_任意重度敲_铁头
1786,13:33:56,hit_1786_20260730_133356.csv,512,DEFECT,HIGH,0,23,111,230,500000,3374593,3141674,-3374593,270388.5,,,,好棒_总长1000mm_任意重度敲_铁头
1787,13:33:56,hit_1787_20260730_133356.csv,512,DEFECT,HIGH,0,66,111,660,500000,3399370,3005602,-3399370,119356.5,,,,好棒_总长1000mm_任意重度敲_铁头
1788,13:33:57,hit_1788_20260730_133357.csv,512,DEFECT,HIGH,0,52,119,481,500000,3820369,3820369,-3258198,-219895.9,,,,好棒_总长1000mm_任意重度敲_铁头
1789,13:33:57,hit_1789_20260730_133357.csv,512,DEFECT,HIGH,0,59,115,567,500000,3943142,3943142,-3402254,-211653.6,,,,好棒_总长1000mm_任意重度敲_铁头
1790,13:33:57,hit_1790_20260730_133357.csv,512,DEFECT,HIGH,0,28,113,274,500000,3922846,3922846,-3430931,630264.2,,,,好棒_总长1000mm_任意重度敲_铁头
1791,13:33:58,hit_1791_20260730_133358.csv,512,DEFECT,HIGH,0,64,115,615,500000,3823909,3056020,-3823909,57036.9,,,,好棒_总长1000mm_任意重度敲_铁头
1792,13:33:58,hit_1792_20260730_133358.csv,512,DEFECT,HIGH,0,67,116,638,500000,4025839,3300759,-4025839,88421.5,,,,好棒_总长1000mm_任意重度敲_铁头
1793,13:33:58,hit_1793_20260730_133358.csv,512,DEFECT,HIGH,0,31,116,295,500000,4244756,3047315,-4244756,-105803.8,,,,好棒_总长1000mm_任意重度敲_铁头
1794,13:33:59,hit_1794_20260730_133359.csv,512,DEFECT,HIGH,0,31,116,295,500000,4070784,3133457,-4070784,-23063.3,,,,好棒_总长1000mm_任意重度敲_铁头
1795,13:33:59,hit_1795_20260730_133359.csv,512,DEFECT,HIGH,0,27,120,247,500000,4434792,2799378,-4434792,-324876.7,,,,好棒_总长1000mm_任意重度敲_铁头
1796,13:33:59,hit_1796_20260730_133359.csv,512,DEFECT,HIGH,0,29,115,278,500000,3869258,2790506,-3869258,-72547.8,,,,好棒_总长1000mm_任意重度敲_铁头
1797,13:34:00,hit_1797_20260730_133400.csv,512,DEFECT,HIGH,0,21,118,196,500000,4142472,2436325,-4142472,-228985.2,,,,好棒_总长1000mm_任意重度敲_铁头
1798,13:34:00,hit_1798_20260730_133400.csv,512,DEFECT,HIGH,0,29,115,278,500000,3719795,2906894,-3719795,-14355.4,,,,好棒_总长1000mm_任意重度敲_铁头
1799,13:34:00,hit_1799_20260730_133400.csv,512,DEFECT,HIGH,0,32,117,301,500000,4183153,2508186,-4183153,-219229.9,,,,好棒_总长1000mm_任意重度敲_铁头
1800,13:34:01,hit_1800_20260730_133401.csv,512,DEFECT,HIGH,0,41,117,386,500000,3865498,3225038,-3865498,-282517.2,,,,好棒_总长1000mm_任意重度敲_铁头
1801,13:34:01,hit_1801_20260730_133401.csv,512,DEFECT,HIGH,0,96,116,809,500000,4114561,2633131,-4114561,-229616.7,,,,好棒_总长1000mm_任意重度敲_铁头
1802,13:34:01,hit_1802_20260730_133401.csv,512,DEFECT,HIGH,0,27,123,241,500000,4751939,2812444,-4751939,-361620.0,,,,好棒_总长1000mm_任意重度敲_铁头
1803,13:34:02,hit_1803_20260730_133402.csv,512,DEFECT,HIGH,0,24,118,224,500000,4518191,2808837,-4518191,-354578.8,,,,好棒_总长1000mm_任意重度敲_铁头
1804,13:34:02,hit_1804_20260730_133402.csv,512,DEFECT,HIGH,0,29,114,281,500000,3825328,3259906,-3825328,23020.3,,,,好棒_总长1000mm_任意重度敲_铁头
1805,13:34:02,hit_1805_20260730_133402.csv,512,DEFECT,HIGH,0,24,118,224,500000,4665544,3019595,-4665544,-334642.1,,,,好棒_总长1000mm_任意重度敲_铁头
1806,13:34:49,hit_1806_20260730_133449.csv,512,DEFECT,LOW,0,31,0,295,500000,1263413,1263413,-936542,-109824.6,,,,好棒_总长1000mm_任意重度敲_铁头
1807,13:34:49,hit_1807_20260730_133449.csv,512,DEFECT,HIGH,0,100,111,890,500000,3343377,2716544,-3343377,79218.4,,,,好棒_总长1000mm_任意重度敲_铁头
1808,13:34:49,hit_1808_20260730_133449.csv,512,DEFECT,HIGH,0,100,112,881,500000,3502405,2605393,-3502405,-4915.9,,,,好棒_总长1000mm_任意重度敲_铁头
1809,13:34:50,hit_1809_20260730_133450.csv,512,DEFECT,HIGH,0,95,113,823,500000,3794925,2608941,-3794925,-161513.8,,,,好棒_总长1000mm_任意重度敲_铁头
1810,13:34:50,hit_1810_20260730_133450.csv,512,DEFECT,HIGH,0,82,113,696,500000,3600016,2454197,-3600016,-201344.8,,,,好棒_总长1000mm_任意重度敲_铁头
1811,13:34:51,hit_1811_20260730_133451.csv,512,DEFECT,HIGH,0,22,108,226,500000,3533796,2537238,-3533796,-55307.2,,,,好棒_总长1000mm_任意重度敲_铁头
1812,13:34:51,hit_1812_20260730_133451.csv,512,DEFECT,HIGH,0,24,111,240,500000,3040810,2505302,-3040810,-294180.4,,,,好棒_总长1000mm_任意重度敲_铁头
1813,13:34:52,hit_1813_20260730_133452.csv,512,DEFECT,HIGH,0,82,110,717,500000,2430422,2430422,-2229114,-202745.5,,,,好棒_总长1000mm_任意重度敲_铁头
1814,13:34:52,hit_1814_20260730_133452.csv,512,DEFECT,HIGH,0,84,112,722,503898,2906449,2605591,-2906449,-271638.0,,,,好棒_总长1000mm_任意重度敲_铁头
1815,13:34:52,hit_1815_20260730_133452.csv,512,DEFECT,HIGH,0,29,112,287,500000,2942879,2942879,-2394605,-255074.5,,,,好棒_总长1000mm_任意重度敲_铁头
1816,13:34:53,hit_1816_20260730_133453.csv,512,DEFECT,HIGH,0,29,112,287,500000,2860389,2860389,-2130422,-235784.7,,,,好棒_总长1000mm_任意重度敲_铁头
1817,13:34:53,hit_1817_20260730_133453.csv,512,DEFECT,HIGH,0,26,113,254,500000,3130466,2850664,-3130466,-336342.1,,,,好棒_总长1000mm_任意重度敲_铁头
1818,13:34:54,hit_1818_20260730_133454.csv,512,DEFECT,HIGH,0,83,111,720,500000,3062799,2283553,-3062799,-283617.4,,,,好棒_总长1000mm_任意重度敲_铁头
1819,13:34:54,hit_1819_20260730_133454.csv,512,DEFECT,LOW,0,22,0,209,592554,1633051,1633051,-1333216,-156497.4,,,,好棒_总长1000mm_任意重度敲_铁头
1820,13:34:55,hit_1820_20260730_133455.csv,512,DEFECT,HIGH,0,26,112,257,500000,2983202,2879969,-2983202,-314303.1,,,,好棒_总长1000mm_任意重度敲_铁头
1821,13:34:57,hit_1821_20260730_133457.csv,512,DEFECT,HIGH,0,28,112,277,500000,2840397,2840397,-2297311,-246036.4,,,,好棒_总长1000mm_任意重度敲_铁头
1822,13:34:58,hit_1822_20260730_133458.csv,512,DEFECT,HIGH,0,38,108,391,500000,3267929,3267929,-3246239,-356380.3,,,,好棒_总长1000mm_任意重度敲_铁头
1823,13:35:10,hit_1823_20260730_133510.csv,512,DEFECT,HIGH,0,36,119,333,500000,4563483,2898721,-4563483,-603628.0,,,,好棒_总长1000mm_任意重度敲_铁头
1824,13:35:12,hit_1824_20260730_133512.csv,512,DEFECT,HIGH,0,97,111,860,500000,3690487,2519563,-3690487,-32075.2,,,,好棒_总长1000mm_任意重度敲_铁头
1825,13:35:12,hit_1825_20260730_133512.csv,512,DEFECT,HIGH,0,29,110,292,500000,2888503,2651067,-2888503,-423188.0,,,,好棒_总长1000mm_任意重度敲_铁头
1826,13:35:13,hit_1826_20260730_133513.csv,512,DEFECT,HIGH,0,25,111,250,500000,3454724,2323094,-3454724,-482134.4,,,,好棒_总长1000mm_任意重度敲_铁头
1827,13:35:14,hit_1827_20260730_133514.csv,512,DEFECT,LOW,0,32,0,304,500000,1811199,1811199,-1370503,-151640.8,,,,好棒_总长1000mm_任意重度敲_铁头
1828,13:35:15,hit_1828_20260730_133515.csv,512,DEFECT,HIGH,0,40,117,377,500000,3420619,3420619,-2949168,-331722.5,,,,好棒_总长1000mm_任意重度敲_铁头
1829,13:35:16,hit_1829_20260730_133516.csv,512,DEFECT,HIGH,0,25,117,235,500000,4394990,2452269,-4394990,-564936.9,,,,好棒_总长1000mm_任意重度敲_铁头
1830,13:35:17,hit_1830_20260730_133517.csv,512,DEFECT,HIGH,0,26,112,257,500000,3867846,2363031,-3867846,-337720.5,,,,好棒_总长1000mm_任意重度敲_铁头
1831,13:35:18,hit_1831_20260730_133518.csv,512,DEFECT,HIGH,0,26,113,254,500000,3868531,2078799,-3868531,-320772.9,,,,好棒_总长1000mm_任意重度敲_铁头
1832,13:35:19,hit_1832_20260730_133519.csv,512,DEFECT,HIGH,0,21,114,203,500000,4103320,2339675,-4103320,-383809.7,,,,好棒_总长1000mm_任意重度敲_铁头
1833,13:35:20,hit_1833_20260730_133520.csv,512,DEFECT,HIGH,0,25,114,242,500000,3634729,1966875,-3634729,-302713.6,,,,好棒_总长1000mm_任意重度敲_铁头
1834,13:35:20,hit_1834_20260730_133520.csv,512,DEFECT,LOW,0,39,0,371,500000,1934292,1934292,-1371049,-153135.9,,,,好棒_总长1000mm_任意重度敲_铁头
1835,13:35:21,hit_1835_20260730_133521.csv,512,DEFECT,LOW,0,31,0,295,500000,1923409,1923409,-1405153,-162267.8,,,,好棒_总长1000mm_任意重度敲_铁头
1836,13:35:22,hit_1836_20260730_133522.csv,512,DEFECT,HIGH,0,84,113,715,500000,3726078,2115202,-3726078,-323577.9,,,,好棒_总长1000mm_任意重度敲_铁头
1837,13:35:22,hit_1837_20260730_133522.csv,512,DEFECT,HIGH,0,22,111,220,500000,3274913,2140613,-3274913,-310946.9,,,,好棒_总长1000mm_任意重度敲_铁头
1838,13:35:23,hit_1838_20260730_133523.csv,512,DEFECT,HIGH,0,83,112,712,500000,3519220,2002291,-3519220,-292603.3,,,,好棒_总长1000mm_任意重度敲_铁头
1839,13:35:24,hit_1839_20260730_133524.csv,512,DEFECT,HIGH,0,37,111,370,500000,2997775,2997775,-2140310,-222709.8,,,,好棒_总长1000mm_任意重度敲_铁头
1840,13:35:24,hit_1840_20260730_133524.csv,512,DEFECT,HIGH,0,28,111,280,500000,2729331,2729331,-2434634,-228126.1,,,,好棒_总长1000mm_任意重度敲_铁头
1841,13:36:12,hit_1841_20260730_133612.csv,512,DEFECT,HIGH,0,88,110,777,500000,3750010,2294097,-3750010,-227131.2,,,,好棒_总长1000mm_任意重度敲_铁头
1842,13:36:13,hit_1842_20260730_133613.csv,512,DEFECT,HIGH,0,39,113,382,500000,2915773,2915773,-2118114,-231224.8,,,,好棒_总长1000mm_任意重度敲_铁头
1843,13:36:13,hit_1843_20260730_133613.csv,512,DEFECT,HIGH,0,86,114,728,500000,3977386,2160401,-3977386,-376808.0,,,,好棒_总长1000mm_任意重度敲_铁头
1844,13:36:13,hit_1844_20260730_133613.csv,512,DEFECT,HIGH,0,86,113,735,500000,3724137,2003734,-3724137,-402131.7,,,,好棒_总长1000mm_任意重度敲_铁头
1845,13:36:14,hit_1845_20260730_133614.csv,512,DEFECT,HIGH,0,26,113,254,500000,3904644,2188453,-3904644,-338508.1,,,,好棒_总长1000mm_任意重度敲_铁头
1846,13:36:14,hit_1846_20260730_133614.csv,512,DEFECT,HIGH,0,26,111,260,500000,3809072,2426634,-3809072,-413153.2,,,,好棒_总长1000mm_任意重度敲_铁头
1847,13:36:14,hit_1847_20260730_133614.csv,512,DEFECT,HIGH,0,89,111,780,500000,3929087,2147320,-3929087,-368684.1,,,,好棒_总长1000mm_任意重度敲_铁头
1848,13:36:15,hit_1848_20260730_133615.csv,512,DEFECT,HIGH,0,85,112,732,500000,3710390,2202580,-3710390,-382853.1,,,,好棒_总长1000mm_任意重度敲_铁头
1849,13:36:15,hit_1849_20260730_133615.csv,512,DEFECT,HIGH,0,24,110,242,500000,3884804,2218230,-3884804,-391338.2,,,,好棒_总长1000mm_任意重度敲_铁头
1850,13:36:16,hit_1850_20260730_133616.csv,512,DEFECT,HIGH,0,25,111,250,500000,3594022,2305654,-3594022,-340029.7,,,,好棒_总长1000mm_任意重度敲_铁头
1851,13:36:16,hit_1851_20260730_133616.csv,512,DEFECT,HIGH,0,86,112,742,500000,3926495,2275083,-3926495,-386911.6,,,,好棒_总长1000mm_任意重度敲_铁头
1852,13:36:16,hit_1852_20260730_133616.csv,512,DEFECT,HIGH,0,84,110,737,500000,3779659,2356829,-3779659,-378085.0,,,,好棒_总长1000mm_任意重度敲_铁头
1853,13:36:17,hit_1853_20260730_133617.csv,512,DEFECT,HIGH,0,21,112,207,500000,4015742,2321632,-4015742,-409034.4,,,,好棒_总长1000mm_任意重度敲_铁头
1854,13:36:17,hit_1854_20260730_133617.csv,512,DEFECT,HIGH,0,25,109,255,500000,3588959,2194712,-3588959,-398030.3,,,,好棒_总长1000mm_任意重度敲_铁头
1855,13:36:18,hit_1855_20260730_133618.csv,512,DEFECT,HIGH,0,23,110,232,500000,3613985,2439558,-3613985,-55571.3,,,,好棒_总长1000mm_任意重度敲_铁头
1856,13:36:18,hit_1856_20260730_133618.csv,512,DEFECT,HIGH,0,91,110,808,500000,3785016,2378252,-3785016,-160301.3,,,,好棒_总长1000mm_任意重度敲_铁头
1857,13:36:19,hit_1857_20260730_133619.csv,512,DEFECT,HIGH,0,22,111,220,500000,3513065,2063239,-3513065,-259676.1,,,,好棒_总长1000mm_任意重度敲_铁头
1858,13:36:19,hit_1858_20260730_133619.csv,512,DEFECT,HIGH,0,25,111,250,500000,3877587,2245882,-3877587,-363393.7,,,,好棒_总长1000mm_任意重度敲_铁头
1859,13:36:20,hit_1859_20260730_133620.csv,512,DEFECT,HIGH,0,84,111,730,500000,3688321,2218326,-3688321,-263112.9,,,,好棒_总长1000mm_任意重度敲_铁头
1860,13:36:20,hit_1860_20260730_133620.csv,512,DEFECT,HIGH,0,32,111,320,500000,3132857,3132857,-2500461,-274300.7,,,,好棒_总长1000mm_任意重度敲_铁头
1861,13:36:20,hit_1861_20260730_133620.csv,512,DEFECT,HIGH,0,31,115,298,500000,2999348,2638003,-2999348,-306934.6,,,,好棒_总长1000mm_任意重度敲_铁头
1862,13:36:21,hit_1862_20260730_133621.csv,512,DEFECT,HIGH,0,86,111,750,500000,3832447,2422858,-3832447,-398797.8,,,,好棒_总长1000mm_任意重度敲_铁头
1863,13:36:21,hit_1863_20260730_133621.csv,512,DEFECT,HIGH,0,98,111,870,500000,3723153,2469815,-3723153,-66089.5,,,,好棒_总长1000mm_任意重度敲_铁头
1864,13:36:22,hit_1864_20260730_133622.csv,512,DEFECT,HIGH,0,24,111,240,500000,3355289,1980439,-3355289,-270685.4,,,,好棒_总长1000mm_任意重度敲_铁头
1865,13:36:22,hit_1865_20260730_133622.csv,512,DEFECT,HIGH,0,28,116,266,500000,3614409,2261474,-3614409,-282131.6,,,,好棒_总长1000mm_任意重度敲_铁头
1866,13:36:23,hit_1866_20260730_133623.csv,512,DEFECT,HIGH,0,25,113,245,500000,3637272,2218484,-3637272,-235267.1,,,,好棒_总长1000mm_任意重度敲_铁头
1867,13:36:23,hit_1867_20260730_133623.csv,512,DEFECT,HIGH,0,28,113,274,500000,3825896,2334110,-3825896,-298320.8,,,,好棒_总长1000mm_任意重度敲_铁头
1868,13:36:24,hit_1868_20260730_133624.csv,512,DEFECT,HIGH,0,32,113,313,500000,2887698,2887698,-2496929,-207588.2,,,,好棒_总长1000mm_任意重度敲_铁头
1869,13:36:24,hit_1869_20260730_133624.csv,512,DEFECT,HIGH,0,86,113,735,500000,3970259,2483258,-3970259,-284375.5,,,,好棒_总长1000mm_任意重度敲_铁头
1870,13:36:24,hit_1870_20260730_133624.csv,512,DEFECT,HIGH,0,30,113,294,500000,2640358,2640358,-2205023,-182757.8,,,,好棒_总长1000mm_任意重度敲_铁头
1871,13:36:25,hit_1871_20260730_133625.csv,512,DEFECT,HIGH,0,21,117,198,500000,4053227,2390035,-4053227,-306173.4,,,,好棒_总长1000mm_任意重度敲_铁头
1872,13:36:25,hit_1872_20260730_133625.csv,512,DEFECT,HIGH,0,23,119,212,500000,4635703,2714693,-4635703,-286442.3,,,,好棒_总长1000mm_任意重度敲_铁头
1873,13:36:26,hit_1873_20260730_133626.csv,512,DEFECT,HIGH,0,30,116,285,500000,2239401,2239401,-2066568,-155894.6,,,,好棒_总长1000mm_任意重度敲_铁头
1874,13:36:26,hit_1874_20260730_133626.csv,512,DEFECT,HIGH,0,25,121,227,500000,3690191,2482461,-3690191,-297057.6,,,,好棒_总长1000mm_任意重度敲_铁头
1875,13:36:26,hit_1875_20260730_133626.csv,512,DEFECT,HIGH,0,29,115,278,500000,3807397,2539448,-3807397,-90426.9,,,,好棒_总长1000mm_任意重度敲_铁头
1876,13:36:27,hit_1876_20260730_133627.csv,512,DEFECT,HIGH,0,30,117,283,500000,4281052,2376324,-4281052,-258095.0,,,,好棒_总长1000mm_任意重度敲_铁头
1877,13:36:27,hit_1877_20260730_133627.csv,512,DEFECT,HIGH,0,22,117,207,500000,3642912,2531034,-3642912,-265935.0,,,,好棒_总长1000mm_任意重度敲_铁头
1878,13:36:28,hit_1878_20260730_133628.csv,512,DEFECT,HIGH,0,21,117,198,500000,3761918,2378140,-3761918,-254697.3,,,,好棒_总长1000mm_任意重度敲_铁头
1879,13:36:28,hit_1879_20260730_133628.csv,512,DEFECT,HIGH,0,24,119,222,500000,3904674,2470396,-3904674,-283288.6,,,,好棒_总长1000mm_任意重度敲_铁头
1880,13:36:28,hit_1880_20260730_133628.csv,512,DEFECT,HIGH,0,22,119,203,500000,4211121,2380903,-4211121,-260132.4,,,,好棒_总长1000mm_任意重度敲_铁头
1881,13:36:29,hit_1881_20260730_133629.csv,512,DEFECT,HIGH,0,23,118,214,500000,3617936,2652793,-3617936,-280505.0,,,,好棒_总长1000mm_任意重度敲_铁头
1882,13:36:29,hit_1882_20260730_133629.csv,512,DEFECT,HIGH,0,23,120,211,500000,4457697,2518263,-4457697,-325942.2,,,,好棒_总长1000mm_任意重度敲_铁头
1883,13:36:30,hit_1883_20260730_133630.csv,512,DEFECT,HIGH,0,32,118,299,500000,4123017,2911053,-4123017,-24207.1,,,,好棒_总长1000mm_任意重度敲_铁头
1884,13:36:30,hit_1884_20260730_133630.csv,512,DEFECT,HIGH,0,91,118,747,500000,4156526,2618013,-4156526,-213538.8,,,,好棒_总长1000mm_任意重度敲_铁头
1885,13:36:31,hit_1885_20260730_133631.csv,512,DEFECT,HIGH,0,37,117,349,500000,2924313,2818977,-2924313,-200774.6,,,,好棒_总长1000mm_任意重度敲_铁头
1886,13:36:31,hit_1886_20260730_133631.csv,512,DEFECT,HIGH,0,47,114,456,500000,3083016,3083016,-2858526,-190087.1,,,,好棒_总长1000mm_任意重度敲_铁头
1887,13:36:32,hit_1887_20260730_133632.csv,512,DEFECT,HIGH,0,23,120,211,500000,4368106,2493716,-4368106,-309275.6,,,,好棒_总长1000mm_任意重度敲_铁头
1888,13:36:32,hit_1888_20260730_133632.csv,512,DEFECT,HIGH,0,87,116,723,500000,3962912,2328603,-3962912,-250815.9,,,,好棒_总长1000mm_任意重度敲_铁头
1889,13:36:32,hit_1889_20260730_133632.csv,512,DEFECT,HIGH,0,35,114,339,500000,2172736,2151158,-2172736,-139508.4,,,,好棒_总长1000mm_任意重度敲_铁头
1890,13:36:33,hit_1890_20260730_133633.csv,512,DEFECT,HIGH,0,85,117,698,500000,3724448,2237851,-3724448,-267423.8,,,,好棒_总长1000mm_任意重度敲_铁头
1891,13:36:33,hit_1891_20260730_133633.csv,512,DEFECT,HIGH,0,21,117,198,500000,4443924,3029007,-4443924,-117512.3,,,,好棒_总长1000mm_任意重度敲_铁头
1892,13:36:34,hit_1892_20260730_133634.csv,512,DEFECT,HIGH,0,37,115,355,500000,2297824,2297824,-2181546,-160366.2,,,,好棒_总长1000mm_任意重度敲_铁头
1893,13:36:34,hit_1893_20260730_133634.csv,512,DEFECT,HIGH,0,24,118,224,500000,4580724,2518888,-4580724,-377540.3,,,,好棒_总长1000mm_任意重度敲_铁头
1894,13:36:35,hit_1894_20260730_133635.csv,512,DEFECT,HIGH,0,27,119,250,500000,4641835,2653350,-4641835,-395351.4,,,,好棒_总长1000mm_任意重度敲_铁头
1895,13:36:35,hit_1895_20260730_133635.csv,512,DEFECT,HIGH,0,23,117,216,500000,4503953,2551867,-4503953,-377075.6,,,,好棒_总长1000mm_任意重度敲_铁头
1896,13:36:35,hit_1896_20260730_133635.csv,512,DEFECT,HIGH,0,22,118,205,500000,4155238,2304931,-4155238,-281224.9,,,,好棒_总长1000mm_任意重度敲_铁头
1897,13:36:36,hit_1897_20260730_133636.csv,512,DEFECT,HIGH,0,31,116,295,500000,4217226,2853943,-4217226,-193824.1,,,,好棒_总长1000mm_任意重度敲_铁头
1898,13:36:36,hit_1898_20260730_133636.csv,512,DEFECT,HIGH,0,31,116,295,500000,4059143,2817536,-4059143,-92359.3,,,,好棒_总长1000mm_任意重度敲_铁头
1899,13:36:37,hit_1899_20260730_133637.csv,512,DEFECT,HIGH,0,27,121,245,500000,4202056,2646950,-4202056,-364308.9,,,,好棒_总长1000mm_任意重度敲_铁头
1900,13:36:37,hit_1900_20260730_133637.csv,512,DEFECT,HIGH,0,33,117,311,500000,4292795,2848224,-4292795,-187795.9,,,,好棒_总长1000mm_任意重度敲_铁头
1901,13:36:37,hit_1901_20260730_133637.csv,512,DEFECT,HIGH,0,25,117,235,500000,4415721,2724582,-4415721,-330922.5,,,,好棒_总长1000mm_任意重度敲_铁头
1902,13:36:38,hit_1902_20260730_133638.csv,512,DEFECT,HIGH,0,23,117,216,500000,4632920,3031063,-4632920,-277422.1,,,,好棒_总长1000mm_任意重度敲_铁头
1903,13:36:38,hit_1903_20260730_133638.csv,512,DEFECT,HIGH,0,32,115,307,500000,4150599,2823496,-4150599,-178086.8,,,,好棒_总长1000mm_任意重度敲_铁头
1904,13:36:38,hit_1904_20260730_133638.csv,512,DEFECT,HIGH,0,36,116,342,500000,4484541,2685723,-4484541,-429525.8,,,,好棒_总长1000mm_任意重度敲_铁头
1905,13:36:39,hit_1905_20260730_133639.csv,512,DEFECT,HIGH,0,69,115,663,500000,4066290,3015411,-4066290,-33653.3,,,,好棒_总长1000mm_任意重度敲_铁头
1906,13:36:39,hit_1906_20260730_133639.csv,512,DEFECT,HIGH,0,41,115,394,500000,2784273,2766344,-2784273,-175689.0,,,,好棒_总长1000mm_任意重度敲_铁头
1907,13:36:39,hit_1907_20260730_133639.csv,512,DEFECT,HIGH,0,30,119,277,500000,4750825,3019158,-4750825,-409966.1,,,,好棒_总长1000mm_任意重度敲_铁头
1908,13:36:40,hit_1908_20260730_133640.csv,512,DEFECT,HIGH,0,42,115,403,500000,2436492,2436492,-1933313,-152881.7,,,,好棒_总长1000mm_任意重度敲_铁头
1909,13:36:40,hit_1909_20260730_133640.csv,512,DEFECT,HIGH,0,39,121,354,500000,2958191,2958191,-2400242,-218285.6,,,,好棒_总长1000mm_任意重度敲_铁头
1910,13:36:40,hit_1910_20260730_133640.csv,512,DEFECT,HIGH,0,44,122,396,500000,4361109,3285829,-4361109,-437683.8,,,,好棒_总长1000mm_任意重度敲_铁头
1911,13:36:41,hit_1911_20260730_133641.csv,512,DEFECT,HIGH,0,27,121,245,500000,4862764,2667991,-4862764,-546528.2,,,,好棒_总长1000mm_任意重度敲_铁头
1912,13:36:41,hit_1912_20260730_133641.csv,512,DEFECT,HIGH,0,38,117,358,500000,4701898,2902166,-4701898,-436974.1,,,,好棒_总长1000mm_任意重度敲_铁头
1913,13:36:41,hit_1913_20260730_133641.csv,512,DEFECT,HIGH,0,43,122,387,500000,3873182,3342400,-3873182,-347540.1,,,,好棒_总长1000mm_任意重度敲_铁头
1914,13:36:42,hit_1914_20260730_133642.csv,512,DEFECT,HIGH,0,28,108,288,500000,4324666,2549977,-4324666,-313458.0,,,,好棒_总长1000mm_任意重度敲_铁头
1915,13:36:42,hit_1915_20260730_133642.csv,512,DEFECT,HIGH,0,29,123,258,500000,4664555,2748327,-4664555,-396028.8,,,,好棒_总长1000mm_任意重度敲_铁头
1916,13:36:43,hit_1916_20260730_133643.csv,512,DEFECT,HIGH,0,70,115,673,500000,4146586,2776594,-4146586,-180626.6,,,,好棒_总长1000mm_任意重度敲_铁头
1917,13:36:48,hit_1917_20260730_133648.csv,512,DEFECT,HIGH,0,36,117,339,500000,4453205,2748485,-4453205,-389035.7,,,,好棒_总长1000mm_任意重度敲_铁头
1918,13:36:48,hit_1918_20260730_133648.csv,512,DEFECT,HIGH,0,35,111,350,500000,4586235,3098204,-4586235,-122192.9,,,,好棒_总长1000mm_任意重度敲_铁头
1919,13:36:48,hit_1919_20260730_133648.csv,512,DEFECT,HIGH,0,24,117,226,500000,4436968,3323173,-4436968,-152139.7,,,,好棒_总长1000mm_任意重度敲_铁头
1920,13:36:49,hit_1920_20260730_133649.csv,512,DEFECT,HIGH,0,22,120,201,500000,4172273,3511353,-4172273,436711.4,,,,好棒_总长1000mm_任意重度敲_铁头
1921,13:36:49,hit_1921_20260730_133649.csv,512,DEFECT,HIGH,0,25,119,231,500000,4292236,3103988,-4292236,42932.6,,,,好棒_总长1000mm_任意重度敲_铁头
1922,13:36:50,hit_1922_20260730_133650.csv,512,DEFECT,HIGH,0,74,115,711,500000,3815086,3362386,-3815086,443514.5,,,,好棒_总长1000mm_任意重度敲_铁头
1923,13:36:50,hit_1923_20260730_133650.csv,512,DEFECT,HIGH,0,26,122,234,500000,4697494,2556528,-4697494,-436476.6,,,,好棒_总长1000mm_任意重度敲_铁头
1924,13:36:51,hit_1924_20260730_133651.csv,512,DEFECT,HIGH,0,24,119,222,500000,4656448,2640409,-4656448,-372114.7,,,,好棒_总长1000mm_任意重度敲_铁头
1925,13:36:51,hit_1925_20260730_133651.csv,512,DEFECT,HIGH,0,22,117,207,500000,4408509,2648187,-4408509,-299682.1,,,,好棒_总长1000mm_任意重度敲_铁头
1926,13:36:51,hit_1926_20260730_133651.csv,512,DEFECT,HIGH,0,21,115,201,500000,4451027,2673691,-4451027,-367549.2,,,,好棒_总长1000mm_任意重度敲_铁头
1927,13:36:52,hit_1927_20260730_133652.csv,512,DEFECT,HIGH,0,74,112,732,500000,4050446,3122588,-4050446,39209.9,,,,好棒_总长1000mm_任意重度敲_铁头
1928,13:36:52,hit_1928_20260730_133652.csv,512,DEFECT,HIGH,0,33,112,326,500000,4330253,2782675,-4330253,-217117.1,,,,好棒_总长1000mm_任意重度敲_铁头
1929,13:36:53,hit_1929_20260730_133653.csv,512,DEFECT,HIGH,0,22,116,209,500000,4523333,2667273,-4523333,-277055.9,,,,好棒_总长1000mm_任意重度敲_铁头
1930,13:36:53,hit_1930_20260730_133653.csv,512,DEFECT,HIGH,0,29,115,278,500000,3196041,2532071,-3196041,-291710.6,,,,好棒_总长1000mm_任意重度敲_铁头
1931,13:36:54,hit_1931_20260730_133654.csv,512,DEFECT,HIGH,0,95,114,815,500000,3970881,2695013,-3970881,-197727.2,,,,好棒_总长1000mm_任意重度敲_铁头
1932,13:36:54,hit_1932_20260730_133654.csv,512,DEFECT,HIGH,0,21,116,200,500000,4338217,2391901,-4338217,-427678.8,,,,好棒_总长1000mm_任意重度敲_铁头
1933,13:36:55,hit_1933_20260730_133655.csv,512,NORMAL,HIGH,0,0,112,0,500000,3339868,3205771,-3339868,424177.9,,,,好棒_总长1000mm_任意重度敲_铁头
1934,13:36:55,hit_1934_20260730_133655.csv,512,DEFECT,HIGH,0,75,114,728,500000,3928113,2751735,-3928113,41265.0,,,,好棒_总长1000mm_任意重度敲_铁头
1935,13:36:56,hit_1935_20260730_133656.csv,512,DEFECT,HIGH,0,71,112,702,500000,3503637,2687288,-3503637,91462.1,,,,好棒_总长1000mm_任意重度敲_铁头
1936,13:36:56,hit_1936_20260730_133656.csv,512,DEFECT,HIGH,0,31,115,298,500000,4205695,2737340,-4205695,-240870.8,,,,好棒_总长1000mm_任意重度敲_铁头
1937,13:36:57,hit_1937_20260730_133657.csv,512,DEFECT,HIGH,0,22,114,213,500000,4609110,2745705,-4609110,-369749.4,,,,好棒_总长1000mm_任意重度敲_铁头
1938,13:36:57,hit_1938_20260730_133657.csv,512,DEFECT,HIGH,0,73,112,722,500000,3885020,2747974,-3885020,-55656.7,,,,好棒_总长1000mm_任意重度敲_铁头
1939,13:36:58,hit_1939_20260730_133658.csv,512,DEFECT,HIGH,0,31,114,300,500000,3856578,2487010,-3856578,-407265.1,,,,好棒_总长1000mm_任意重度敲_铁头
1940,13:36:58,hit_1940_20260730_133658.csv,512,DEFECT,HIGH,0,87,114,737,500000,4172003,2545049,-4172003,-370289.2,,,,好棒_总长1000mm_任意重度敲_铁头
1941,13:36:58,hit_1941_20260730_133658.csv,512,DEFECT,HIGH,0,87,114,737,500000,4187294,2465941,-4187294,-393377.8,,,,好棒_总长1000mm_任意重度敲_铁头
1942,13:36:59,hit_1942_20260730_133659.csv,512,DEFECT,HIGH,0,26,114,252,500000,3444953,2236208,-3444953,-408464.5,,,,好棒_总长1000mm_任意重度敲_铁头
1943,13:36:59,hit_1943_20260730_133659.csv,512,DEFECT,HIGH,0,21,116,200,500000,4190785,2508331,-4190785,-389723.7,,,,好棒_总长1000mm_任意重度敲_铁头
1944,13:36:59,hit_1944_20260730_133659.csv,512,DEFECT,HIGH,0,92,114,786,500000,4224717,2586334,-4224717,-319660.1,,,,好棒_总长1000mm_任意重度敲_铁头
1945,13:37:00,hit_1945_20260730_133700.csv,512,DEFECT,HIGH,0,30,112,297,500000,4306212,2813050,-4306212,-256540.2,,,,好棒_总长1000mm_任意重度敲_铁头
1946,13:37:00,hit_1946_20260730_133700.csv,512,DEFECT,HIGH,0,72,111,720,500000,3654539,2811864,-3654539,21905.1,,,,好棒_总长1000mm_任意重度敲_铁头
1947,13:37:01,hit_1947_20260730_133701.csv,512,NORMAL,HIGH,0,0,110,0,500000,3344885,3239168,-3344885,403592.4,,,,好棒_总长1000mm_任意重度敲_铁头
1948,13:37:01,hit_1948_20260730_133701.csv,512,DEFECT,HIGH,0,98,113,852,500000,3957978,2644661,-3957978,-93957.2,,,,好棒_总长1000mm_任意重度敲_铁头
1949,13:37:01,hit_1949_20260730_133701.csv,512,DEFECT,HIGH,0,100,111,890,500000,3360014,2524171,-3360014,129614.8,,,,好棒_总长1000mm_任意重度敲_铁头
1950,13:37:02,hit_1950_20260730_133702.csv,512,DEFECT,HIGH,0,71,110,717,500000,3539119,2982522,-3539119,187438.0,,,,好棒_总长1000mm_任意重度敲_铁头
1951,13:37:02,hit_1951_20260730_133702.csv,512,NORMAL,HIGH,0,0,110,0,500000,3313007,3238903,-3313007,480646.9,,,,好棒_总长1000mm_任意重度敲_铁头
1952,13:37:03,hit_1952_20260730_133703.csv,512,DEFECT,HIGH,0,96,110,858,500000,3590801,2361736,-3590801,-76224.9,,,,好棒_总长1000mm_任意重度敲_铁头
1953,13:37:04,hit_1953_20260730_133704.csv,512,DEFECT,HIGH,0,21,113,205,500000,4240097,2440241,-4240097,-289736.7,,,,好棒_总长1000mm_任意重度敲_铁头
1954,13:37:04,hit_1954_20260730_133704.csv,512,DEFECT,HIGH,0,90,112,782,500000,3625826,2629548,-3625826,10688.4,,,,好棒_总长1000mm_任意重度敲_铁头
1955,13:37:05,hit_1955_20260730_133705.csv,512,DEFECT,HIGH,0,94,113,813,500000,4022279,2588288,-4022279,-205181.0,,,,好棒_总长1000mm_任意重度敲_铁头
1956,13:37:05,hit_1956_20260730_133705.csv,512,DEFECT,HIGH,0,92,113,794,500000,3963683,2629132,-3963683,-160933.6,,,,好棒_总长1000mm_任意重度敲_铁头
1957,13:37:05,hit_1957_20260730_133705.csv,512,DEFECT,HIGH,0,41,108,422,500000,3397375,3263158,-3397375,-329026.4,,,,好棒_总长1000mm_任意重度敲_铁头
1958,13:37:06,hit_1958_20260730_133706.csv,512,DEFECT,HIGH,0,41,122,369,500000,3454875,3454875,-2635361,-259389.7,,,,好棒_总长1000mm_任意重度敲_铁头
1959,13:37:06,hit_1959_20260730_133706.csv,512,DEFECT,HIGH,0,46,114,446,500000,2891055,2891055,-2321369,-214783.2,,,,好棒_总长1000mm_任意重度敲_铁头
1960,13:37:06,hit_1960_20260730_133706.csv,512,DEFECT,HIGH,0,89,113,764,500000,4125750,2546237,-4125750,-301627.3,,,,好棒_总长1000mm_任意重度敲_铁头
1961,13:37:07,hit_1961_20260730_133707.csv,512,DEFECT,HIGH,0,27,112,267,500000,3986299,2639570,-3986299,-176235.4,,,,好棒_总长1000mm_任意重度敲_铁头
1962,13:37:07,hit_1962_20260730_133707.csv,512,DEFECT,HIGH,0,31,115,298,500000,4003696,2400021,-4003696,-405235.2,,,,好棒_总长1000mm_任意重度敲_铁头
1963,13:37:08,hit_1963_20260730_133708.csv,512,DEFECT,HIGH,0,35,114,339,500000,3598472,3010866,-3598472,-355794.0,,,,好棒_总长1000mm_任意重度敲_铁头
1964,13:37:08,hit_1964_20260730_133708.csv,512,DEFECT,HIGH,0,33,115,317,500000,4282827,2398122,-4282827,-443345.5,,,,好棒_总长1000mm_任意重度敲_铁头
1965,13:37:08,hit_1965_20260730_133708.csv,512,DEFECT,HIGH,0,22,116,209,500000,4071978,2276259,-4071978,-394434.2,,,,好棒_总长1000mm_任意重度敲_铁头
1966,13:37:09,hit_1966_20260730_133709.csv,512,DEFECT,HIGH,0,95,113,823,500000,3664420,2436690,-3664420,-158658.0,,,,好棒_总长1000mm_任意重度敲_铁头
1967,13:37:09,hit_1967_20260730_133709.csv,512,DEFECT,HIGH,0,21,116,200,500000,3869165,2358155,-3869165,-355623.6,,,,好棒_总长1000mm_任意重度敲_铁头
1968,13:37:09,hit_1968_20260730_133709.csv,512,DEFECT,HIGH,0,28,115,269,500000,3875948,2117682,-3875948,-291052.6,,,,好棒_总长1000mm_任意重度敲_铁头
1969,13:37:10,hit_1969_20260730_133710.csv,512,DEFECT,HIGH,0,27,114,262,500000,3925458,2271742,-3925458,-257971.9,,,,好棒_总长1000mm_任意重度敲_铁头
1970,13:37:10,hit_1970_20260730_133710.csv,512,DEFECT,HIGH,0,28,115,269,500000,3899138,2219837,-3899138,-291456.2,,,,好棒_总长1000mm_任意重度敲_铁头
1971,13:37:10,hit_1971_20260730_133710.csv,512,DEFECT,HIGH,0,28,114,271,500000,3763302,2184176,-3763302,-312518.7,,,,好棒_总长1000mm_任意重度敲_铁头
1972,13:37:11,hit_1972_20260730_133711.csv,512,DEFECT,HIGH,0,96,115,817,500000,3978690,2359846,-3978690,-250173.4,,,,好棒_总长1000mm_任意重度敲_铁头
1973,13:37:11,hit_1973_20260730_133711.csv,512,DEFECT,HIGH,0,29,113,284,500000,2941539,2670423,-2941539,-241682.4,,,,好棒_总长1000mm_任意重度敲_铁头
1974,13:37:11,hit_1974_20260730_133711.csv,512,DEFECT,HIGH,0,29,114,281,500000,3427315,2489675,-3427315,-405525.6,,,,好棒_总长1000mm_任意重度敲_铁头
1975,13:37:11,hit_1975_20260730_133711.csv,512,DEFECT,HIGH,0,85,111,740,500000,3549690,2234125,-3549690,-385121.8,,,,好棒_总长1000mm_任意重度敲_铁头
1976,13:37:12,hit_1976_20260730_133712.csv,512,DEFECT,HIGH,0,35,111,350,500000,3146365,3146365,-2297044,-250954.6,,,,好棒_总长1000mm_任意重度敲_铁头
1977,13:37:12,hit_1977_20260730_133712.csv,512,DEFECT,HIGH,0,30,112,297,500000,3287432,2863521,-3287432,-381655.4,,,,好棒_总长1000mm_任意重度敲_铁头
1978,13:37:12,hit_1978_20260730_133712.csv,512,DEFECT,HIGH,0,95,111,840,500000,4100093,2566592,-4100093,-265243.2,,,,好棒_总长1000mm_任意重度敲_铁头
1979,13:37:13,hit_1979_20260730_133713.csv,512,DEFECT,HIGH,0,22,113,215,500000,4289667,2265180,-4289667,-502049.1,,,,好棒_总长1000mm_任意重度敲_铁头
1980,13:37:13,hit_1980_20260730_133713.csv,512,DEFECT,HIGH,0,94,111,830,500000,3711816,2276957,-3711816,-143071.5,,,,好棒_总长1000mm_任意重度敲_铁头
1981,13:37:14,hit_1981_20260730_133714.csv,512,DEFECT,HIGH,0,24,110,242,500000,3801368,2348411,-3801368,-167141.3,,,,好棒_总长1000mm_任意重度敲_铁头
1982,13:37:14,hit_1982_20260730_133714.csv,512,DEFECT,HIGH,0,26,110,262,500000,3821084,2655702,-3821084,-84024.8,,,,好棒_总长1000mm_任意重度敲_铁头
1983,13:37:15,hit_1983_20260730_133715.csv,512,DEFECT,HIGH,0,24,110,242,500000,3752363,2413721,-3752363,-158662.6,,,,好棒_总长1000mm_任意重度敲_铁头
1984,13:37:15,hit_1984_20260730_133715.csv,512,DEFECT,HIGH,0,26,112,257,500000,3960107,2257921,-3960107,-340140.9,,,,好棒_总长1000mm_任意重度敲_铁头
1985,13:37:15,hit_1985_20260730_133715.csv,512,DEFECT,HIGH,0,24,117,226,500000,4412949,2298324,-4412949,-513058.4,,,,好棒_总长1000mm_任意重度敲_铁头
1986,13:37:16,hit_1986_20260730_133716.csv,512,DEFECT,HIGH,0,24,115,230,500000,4559170,2426384,-4559170,-522568.9,,,,好棒_总长1000mm_任意重度敲_铁头
1987,13:37:16,hit_1987_20260730_133716.csv,512,DEFECT,HIGH,0,22,113,215,500000,4489220,2569925,-4489220,-447605.8,,,,好棒_总长1000mm_任意重度敲_铁头
1988,13:37:16,hit_1988_20260730_133716.csv,512,DEFECT,HIGH,0,93,112,811,500000,4208408,2362449,-4208408,-443424.7,,,,好棒_总长1000mm_任意重度敲_铁头
1989,13:37:17,hit_1989_20260730_133717.csv,512,DEFECT,HIGH,0,33,114,320,500000,4584146,2343179,-4584146,-585372.2,,,,好棒_总长1000mm_任意重度敲_铁头
1990,13:37:17,hit_1990_20260730_133717.csv,512,DEFECT,HIGH,0,21,112,207,500000,4436705,2414479,-4436705,-442572.2,,,,好棒_总长1000mm_任意重度敲_铁头
1991,13:37:18,hit_1991_20260730_133718.csv,512,DEFECT,HIGH,0,22,112,217,500000,4508955,2463810,-4508955,-510109.8,,,,好棒_总长1000mm_任意重度敲_铁头
1992,13:37:18,hit_1992_20260730_133718.csv,512,DEFECT,HIGH,0,97,111,860,500000,3893693,2621864,-3893693,-121634.1,,,,好棒_总长1000mm_任意重度敲_铁头
1993,13:37:19,hit_1993_20260730_133719.csv,512,DEFECT,HIGH,0,31,114,300,500000,4220205,2554838,-4220205,-341953.6,,,,好棒_总长1000mm_任意重度敲_铁头
1994,13:37:19,hit_1994_20260730_133719.csv,512,DEFECT,HIGH,0,34,116,323,500000,3901991,2762494,-3901991,-318240.1,,,,好棒_总长1000mm_任意重度敲_铁头
1995,13:37:19,hit_1995_20260730_133719.csv,512,DEFECT,HIGH,0,91,115,769,500000,4283112,2873180,-4283112,-271077.9,,,,好棒_总长1000mm_任意重度敲_铁头
1996,13:37:20,hit_1996_20260730_133720.csv,512,DEFECT,HIGH,0,71,114,689,500000,4100356,2759112,-4100356,-147732.6,,,,好棒_总长1000mm_任意重度敲_铁头
1997,13:37:20,hit_1997_20260730_133720.csv,512,DEFECT,HIGH,0,31,115,298,500000,4141814,2411851,-4141814,-300281.0,,,,好棒_总长1000mm_任意重度敲_铁头
1998,13:37:20,hit_1998_20260730_133720.csv,512,DEFECT,HIGH,0,98,116,828,500000,4135993,2608131,-4135993,-172081.1,,,,好棒_总长1000mm_任意重度敲_铁头
1999,13:37:21,hit_1999_20260730_133721.csv,512,DEFECT,HIGH,0,35,117,330,500000,4384418,2725925,-4384418,-340473.5,,,,好棒_总长1000mm_任意重度敲_铁头
2000,13:37:21,hit_2000_20260730_133721.csv,512,DEFECT,HIGH,0,33,116,314,500000,4207927,2706649,-4207927,-322298.7,,,,好棒_总长1000mm_任意重度敲_铁头
