hit,time,file,points,state,conf,impact,defect,bottom,dist_mm,threshold,peak_abs,peak_pos,peak_neg,mean,rod_len_mm,defect_true_mm,err_mm,note
1,14:55:02,hit_001_20260730_145502.csv,512,DEFECT,HIGH,0,40,112,396,500000,4878363,4878363,-4108166,1000700.9,,695,-299,坏棒 总长 1002 任意重度敲 铁头
2,14:55:04,hit_002_20260730_145504.csv,512,DEFECT,HIGH,0,76,108,670,500000,5093959,5093959,-3473774,1615080.2,,695,-25,坏棒 总长 1002 任意重度敲 铁头
3,14:55:04,hit_003_20260730_145504.csv,512,DEFECT,HIGH,0,76,109,663,500000,5132207,5132207,-3552533,1580382.5,,695,-32,坏棒 总长 1002 任意重度敲 铁头
4,14:55:05,hit_004_20260730_145505.csv,512,NORMAL,HIGH,0,0,108,0,500000,4905179,4905179,-3649614,1533622.2,,695,,坏棒 总长 1002 任意重度敲 铁头
5,14:55:05,hit_005_20260730_145505.csv,512,DEFECT,HIGH,0,74,108,649,500000,4504434,4504434,-3492409,1292776.3,,695,-46,坏棒 总长 1002 任意重度敲 铁头
6,14:55:06,hit_006_20260730_145506.csv,512,DEFECT,HIGH,0,76,109,775,500000,3904987,3904987,-3528954,845484,,695,80,坏棒 总长 1002 任意重度敲 铁头
7,14:55:06,hit_007_20260730_145506.csv,512,DEFECT,HIGH,0,75,108,659,500000,4538004,4538004,-3539589,1261123.4,,695,-36,坏棒 总长 1002 任意重度敲 铁头
8,14:55:06,hit_008_20260730_145506.csv,512,DEFECT,HIGH,0,76,108,670,500000,5116875,5116875,-3497199,1650538.3,,695,-25,坏棒 总长 1002 任意重度敲 铁头
9,14:55:07,hit_009_20260730_145507.csv,512,NORMAL,HIGH,0,0,108,0,500000,5209763,5209763,-3357455,1814798,,695,,坏棒 总长 1002 任意重度敲 铁头
10,14:55:07,hit_010_20260730_145507.csv,512,DEFECT,HIGH,0,77,110,666,500000,4951337,4951337,-3718383,1361025.7,,695,-29,坏棒 总长 1002 任意重度敲 铁头
11,14:55:07,hit_011_20260730_145507.csv,512,DEFECT,HIGH,0,77,109,785,500000,4583663,4583663,-3584909,1236793.2,,695,90,坏棒 总长 1002 任意重度敲 铁头
12,14:55:08,hit_012_20260730_145508.csv,512,DEFECT,HIGH,0,77,110,666,500000,4925364,4925364,-3800532,1248676.4,,695,-29,坏棒 总长 1002 任意重度敲 铁头
13,14:55:08,hit_013_20260730_145508.csv,512,DEFECT,HIGH,0,78,110,787,500000,4213263,4213263,-3920524,833227.5,,695,92,坏棒 总长 1002 任意重度敲 铁头
14,14:55:09,hit_014_20260730_145509.csv,512,DEFECT,HIGH,0,76,108,670,500000,5500028,5500028,-3396978,1871920.8,,695,-25,坏棒 总长 1002 任意重度敲 铁头
15,14:55:09,hit_015_20260730_145509.csv,512,DEFECT,HIGH,0,75,108,659,500000,5019695,5019695,-3345362,1683666.4,,695,-36,坏棒 总长 1002 任意重度敲 铁头
16,14:55:10,hit_016_20260730_145510.csv,512,DEFECT,HIGH,0,73,108,639,500000,4368881,4368881,-3195431,1298003.1,,695,-56,坏棒 总长 1002 任意重度敲 铁头
17,14:55:10,hit_017_20260730_145510.csv,512,DEFECT,HIGH,0,77,109,785,500000,4527298,4527298,-3553372,1145105.8,,695,90,坏棒 总长 1002 任意重度敲 铁头
18,14:55:11,hit_018_20260730_145511.csv,512,DEFECT,HIGH,0,75,108,659,500000,5779976,5779976,-3248350,2075491.7,,695,-36,坏棒 总长 1002 任意重度敲 铁头
19,14:55:11,hit_019_20260730_145511.csv,512,DEFECT,HIGH,0,82,110,828,500000,4671819,4671819,-3394791,1353384.8,,695,133,坏棒 总长 1002 任意重度敲 铁头
20,14:55:12,hit_020_20260730_145512.csv,512,DEFECT,HIGH,0,74,108,649,500000,5158871,5158871,-3299499,1433283.4,,695,-46,坏棒 总长 1002 任意重度敲 铁头
21,14:55:12,hit_021_20260730_145512.csv,512,NORMAL,HIGH,0,0,115,0,500000,5342182,5342182,-2932692,1939718,,695,,坏棒 总长 1002 任意重度敲 铁头
22,14:55:13,hit_022_20260730_145513.csv,512,DEFECT,HIGH,0,82,110,828,500000,4476388,4476388,-3296563,1268012.4,,695,133,坏棒 总长 1002 任意重度敲 铁头
23,14:55:13,hit_023_20260730_145513.csv,512,DEFECT,HIGH,0,22,115,211,500000,4580078,3494454,-4580078,112524.6,,695,-484,坏棒 总长 1002 任意重度敲 铁头
24,14:55:14,hit_024_20260730_145514.csv,512,DEFECT,HIGH,0,83,111,830,500000,5053704,5053704,-3489295,1542165.3,,695,135,坏棒 总长 1002 任意重度敲 铁头
25,14:55:14,hit_025_20260730_145514.csv,512,DEFECT,HIGH,0,76,108,670,500000,5254534,5254534,-2875177,1829872.2,,695,-25,坏棒 总长 1002 任意重度敲 铁头
26,14:55:15,hit_026_20260730_145515.csv,512,DEFECT,HIGH,0,76,109,663,500000,5114094,5114094,-3293133,1585157.1,,695,-32,坏棒 总长 1002 任意重度敲 铁头
27,14:55:15,hit_027_20260730_145515.csv,512,DEFECT,HIGH,0,77,110,666,500000,5021151,5021151,-3555573,1422681.7,,695,-29,坏棒 总长 1002 任意重度敲 铁头
28,14:55:15,hit_028_20260730_145515.csv,512,DEFECT,HIGH,0,82,110,828,500000,4803194,4803194,-3287394,1364617.4,,695,133,坏棒 总长 1002 任意重度敲 铁头
29,14:55:16,hit_029_20260730_145516.csv,512,DEFECT,HIGH,0,82,110,828,500000,4714285,4714285,-3431346,1290557.3,,695,133,坏棒 总长 1002 任意重度敲 铁头
30,14:55:16,hit_030_20260730_145516.csv,512,DEFECT,HIGH,0,83,110,838,500000,4813455,4813455,-3517146,1331442.6,,695,143,坏棒 总长 1002 任意重度敲 铁头
31,14:55:23,hit_031_20260730_145523.csv,512,DEFECT,HIGH,0,38,112,376,500000,4277830,4277830,-4128431,691372.4,,695,-319,坏棒 总长 1002 任意重度敲 铁头
32,14:55:23,hit_032_20260730_145523.csv,512,DEFECT,HIGH,0,80,112,792,500000,4290839,4290839,-3842931,914061.7,,695,97,坏棒 总长 1002 任意重度敲 铁头
33,14:55:24,hit_033_20260730_145524.csv,512,DEFECT,HIGH,0,77,109,673,500000,5412296,5412296,-3606208,1702286.4,,695,-22,坏棒 总长 1002 任意重度敲 铁头
34,14:55:25,hit_034_20260730_145525.csv,512,DEFECT,HIGH,0,82,109,836,500000,4504283,4504283,-3573459,1191435.5,,695,141,坏棒 总长 1002 任意重度敲 铁头
35,14:55:25,hit_035_20260730_145525.csv,512,DEFECT,HIGH,0,23,115,221,500000,4813752,4265140,-4813752,546052.4,,695,-474,坏棒 总长 1002 任意重度敲 铁头
36,14:55:26,hit_036_20260730_145526.csv,512,NORMAL,HIGH,0,0,109,0,500000,5654975,5654975,-3070337,2143944,,695,,坏棒 总长 1002 任意重度敲 铁头
37,14:55:26,hit_037_20260730_145526.csv,512,DEFECT,HIGH,0,77,110,666,500000,5239582,5239582,-3446098,1594651.9,,695,-29,坏棒 总长 1002 任意重度敲 铁头
38,14:55:27,hit_038_20260730_145527.csv,512,DEFECT,HIGH,0,76,109,663,500000,5323982,5323982,-3332565,1706347.6,,695,-32,坏棒 总长 1002 任意重度敲 铁头
39,14:55:27,hit_039_20260730_145527.csv,512,DEFECT,HIGH,0,84,111,840,500000,4772781,4772781,-3597261,1269055.8,,695,145,坏棒 总长 1002 任意重度敲 铁头
40,14:55:28,hit_040_20260730_145528.csv,512,DEFECT,HIGH,0,86,113,843,500000,4944143,4944143,-4033909,1295852.8,,695,148,坏棒 总长 1002 任意重度敲 铁头
41,14:55:28,hit_041_20260730_145528.csv,512,NORMAL,HIGH,0,0,109,0,500000,5405846,5405846,-3085465,1871977.7,,695,,坏棒 总长 1002 任意重度敲 铁头
42,14:55:29,hit_042_20260730_145529.csv,512,DEFECT,HIGH,0,29,120,266,500000,5611694,3991538,-5611694,273637.8,,695,-429,坏棒 总长 1002 任意重度敲 铁头
43,14:55:29,hit_043_20260730_145529.csv,512,DEFECT,HIGH,0,78,110,676,500000,5206590,5206590,-3327994,1649534.6,,695,-19,坏棒 总长 1002 任意重度敲 铁头
44,14:55:30,hit_044_20260730_145530.csv,512,DEFECT,HIGH,0,81,113,794,500000,3995926,3707346,-3995926,604666.3,,695,99,坏棒 总长 1002 任意重度敲 铁头
45,14:55:30,hit_045_20260730_145530.csv,512,DEFECT,HIGH,0,76,110,656,500000,5098352,5098352,-3582122,1429351.2,,695,-39,坏棒 总长 1002 任意重度敲 铁头
46,14:55:30,hit_046_20260730_145530.csv,512,DEFECT,HIGH,0,76,108,670,500000,5052768,5052768,-3025310,1584679.2,,695,-25,坏棒 总长 1002 任意重度敲 铁头
47,14:55:31,hit_047_20260730_145531.csv,512,DEFECT,HIGH,0,79,111,790,500000,3836525,3836525,-3676458,751774.1,,695,95,坏棒 总长 1002 任意重度敲 铁头
48,14:55:31,hit_048_20260730_145531.csv,512,DEFECT,HIGH,0,86,112,851,500000,3973482,3817264,-3973482,563452.3,,695,156,坏棒 总长 1002 任意重度敲 铁头
49,14:55:32,hit_049_20260730_145532.csv,512,DEFECT,HIGH,0,83,110,838,500000,4732029,4732029,-3281396,1424834.4,,695,143,坏棒 总长 1002 任意重度敲 铁头
50,14:55:32,hit_050_20260730_145532.csv,512,DEFECT,HIGH,0,84,111,840,500000,4655911,4655911,-3330139,1243050.1,,695,145,坏棒 总长 1002 任意重度敲 铁头
51,14:55:33,hit_051_20260730_145533.csv,512,DEFECT,HIGH,0,80,110,808,500000,5197815,5197815,-3097948,1634892.8,,695,113,坏棒 总长 1002 任意重度敲 铁头
52,14:55:33,hit_052_20260730_145533.csv,512,DEFECT,HIGH,0,83,110,838,500000,4833310,4833310,-3355997,1384296,,695,143,坏棒 总长 1002 任意重度敲 铁头
53,14:55:33,hit_053_20260730_145533.csv,512,DEFECT,HIGH,0,85,111,850,500000,4434282,4434282,-3799835,983122.9,,695,155,坏棒 总长 1002 任意重度敲 铁头
54,14:55:34,hit_054_20260730_145534.csv,512,DEFECT,HIGH,0,82,109,836,500000,4827118,4827118,-3496450,1329919.9,,695,141,坏棒 总长 1002 任意重度敲 铁头
55,14:55:34,hit_055_20260730_145534.csv,512,DEFECT,HIGH,0,76,109,663,500000,5034025,5034025,-3596426,1455311.5,,695,-32,坏棒 总长 1002 任意重度敲 铁头
56,14:55:44,hit_056_20260730_145544.csv,512,DEFECT,HIGH,0,78,110,787,500000,4463338,4463338,-3914706,924455.8,,695,92,坏棒 总长 1002 任意重度敲 铁头
57,14:55:44,hit_057_20260730_145544.csv,512,DEFECT,HIGH,0,76,108,670,500000,4893552,4893552,-3456589,1542406.1,,695,-25,坏棒 总长 1002 任意重度敲 铁头
58,14:55:44,hit_058_20260730_145544.csv,512,DEFECT,HIGH,0,76,108,670,500000,5006409,5006409,-3399222,1525209,,695,-25,坏棒 总长 1002 任意重度敲 铁头
59,14:55:45,hit_059_20260730_145545.csv,512,DEFECT,HIGH,0,78,110,787,500000,4794642,4794642,-3750097,1191146,,695,92,坏棒 总长 1002 任意重度敲 铁头
60,14:55:45,hit_060_20260730_145545.csv,512,DEFECT,HIGH,0,35,112,346,500000,3913551,3903870,-3913551,714081.4,,695,-349,坏棒 总长 1002 任意重度敲 铁头
61,14:55:46,hit_061_20260730_145546.csv,512,NORMAL,HIGH,0,0,116,0,500000,4996733,4996733,-2896022,1844932,,695,,坏棒 总长 1002 任意重度敲 铁头
62,14:55:47,hit_062_20260730_145547.csv,512,DEFECT,HIGH,0,76,110,656,500000,5031254,5031254,-3405711,1522861.3,,695,-39,坏棒 总长 1002 任意重度敲 铁头
63,14:55:47,hit_063_20260730_145547.csv,512,DEFECT,HIGH,0,75,108,659,500000,4869753,4869753,-3434589,1398267.5,,695,-36,坏棒 总长 1002 任意重度敲 铁头
64,14:55:47,hit_064_20260730_145547.csv,512,DEFECT,HIGH,0,76,109,663,500000,5023705,5023705,-3302217,1501551.3,,695,-32,坏棒 总长 1002 任意重度敲 铁头
65,14:55:48,hit_065_20260730_145548.csv,512,DEFECT,HIGH,0,76,109,663,500000,5202819,5202819,-3197393,1692739.9,,695,-32,坏棒 总长 1002 任意重度敲 铁头
66,14:55:48,hit_066_20260730_145548.csv,512,DEFECT,HIGH,0,84,111,840,500000,4462760,4462760,-3706114,1050640.1,,695,145,坏棒 总长 1002 任意重度敲 铁头
67,14:55:49,hit_067_20260730_145549.csv,512,DEFECT,HIGH,0,79,111,790,500000,4275334,4275334,-3565102,972450.6,,695,95,坏棒 总长 1002 任意重度敲 铁头
68,14:55:49,hit_068_20260730_145549.csv,512,DEFECT,HIGH,0,76,116,613,500000,4812793,4812793,-2736637,1669172.9,,695,-82,坏棒 总长 1002 任意重度敲 铁头
69,14:55:50,hit_069_20260730_145550.csv,512,DEFECT,HIGH,0,80,112,792,500000,4350197,4350197,-3789230,976717.9,,695,97,坏棒 总长 1002 任意重度敲 铁头
70,14:55:50,hit_070_20260730_145550.csv,512,DEFECT,HIGH,0,82,110,828,500000,4758431,4758431,-3578426,1282550.8,,695,133,坏棒 总长 1002 任意重度敲 铁头
71,14:55:51,hit_071_20260730_145551.csv,512,DEFECT,HIGH,0,83,111,830,500000,4418854,4418854,-3609760,1050495.8,,695,135,坏棒 总长 1002 任意重度敲 铁头
72,14:55:51,hit_072_20260730_145551.csv,512,DEFECT,HIGH,0,76,109,663,500000,5097570,5097570,-3199627,1638645.2,,695,-32,坏棒 总长 1002 任意重度敲 铁头
73,14:55:52,hit_073_20260730_145552.csv,512,DEFECT,HIGH,0,82,110,828,500000,4480580,4480580,-3314693,1214419.7,,695,133,坏棒 总长 1002 任意重度敲 铁头
74,14:55:52,hit_074_20260730_145552.csv,512,DEFECT,HIGH,0,76,109,663,500000,4909094,4909094,-3206812,1501719.8,,695,-32,坏棒 总长 1002 任意重度敲 铁头
75,14:55:53,hit_075_20260730_145553.csv,512,DEFECT,HIGH,0,85,112,841,500000,4527872,4527872,-3742797,1044257.4,,695,146,坏棒 总长 1002 任意重度敲 铁头
76,14:55:53,hit_076_20260730_145553.csv,512,DEFECT,HIGH,0,82,110,828,500000,4274241,4274241,-3219591,1109689.9,,695,133,坏棒 总长 1002 任意重度敲 铁头
77,14:55:54,hit_077_20260730_145554.csv,512,DEFECT,HIGH,0,78,111,780,500000,4241538,4241538,-3330579,1052289.3,,695,85,坏棒 总长 1002 任意重度敲 铁头
78,14:55:54,hit_078_20260730_145554.csv,512,DEFECT,HIGH,0,83,111,830,500000,4383327,4383327,-3395985,1042228.7,,695,135,坏棒 总长 1002 任意重度敲 铁头
79,14:55:54,hit_079_20260730_145554.csv,512,DEFECT,HIGH,0,85,113,833,500000,4657091,4657091,-3745519,1138078.8,,695,138,坏棒 总长 1002 任意重度敲 铁头
80,14:55:55,hit_080_20260730_145555.csv,512,DEFECT,HIGH,0,79,112,782,500000,3878716,3352675,-3878716,466320.3,,695,87,坏棒 总长 1002 任意重度敲 铁头
81,14:55:55,hit_081_20260730_145555.csv,512,DEFECT,HIGH,0,78,110,787,500000,4052389,4052389,-3308788,1006067.3,,695,92,坏棒 总长 1002 任意重度敲 铁头
82,14:55:56,hit_082_20260730_145556.csv,512,DEFECT,HIGH,0,78,110,787,500000,4190989,4190989,-3248893,1074654.1,,695,92,坏棒 总长 1002 任意重度敲 铁头
83,14:55:56,hit_083_20260730_145556.csv,512,DEFECT,HIGH,0,86,113,843,500000,3739537,3656692,-3739537,582248.9,,695,148,坏棒 总长 1002 任意重度敲 铁头
84,14:56:05,hit_084_20260730_145605.csv,512,DEFECT,HIGH,0,79,112,782,500000,3905554,3905554,-3677388,805115.4,,695,87,坏棒 总长 1002 任意重度敲 铁头
85,14:56:05,hit_085_20260730_145605.csv,512,DEFECT,HIGH,0,78,111,780,500000,3974398,3974398,-3731291,813093.5,,695,85,坏棒 总长 1002 任意重度敲 铁头
86,14:56:06,hit_086_20260730_145606.csv,512,DEFECT,HIGH,0,82,110,828,500000,4640468,4640468,-3377646,1313751.7,,695,133,坏棒 总长 1002 任意重度敲 铁头
87,14:56:06,hit_087_20260730_145606.csv,512,DEFECT,HIGH,0,78,110,787,500000,4158475,4158475,-3541515,979331.1,,695,92,坏棒 总长 1002 任意重度敲 铁头
88,14:56:06,hit_088_20260730_145606.csv,512,DEFECT,HIGH,0,78,111,780,500000,3630612,3454311,-3630612,617107.6,,695,85,坏棒 总长 1002 任意重度敲 铁头
89,14:56:07,hit_089_20260730_145607.csv,512,DEFECT,HIGH,0,79,112,782,500000,3619937,3434539,-3619937,613526.5,,695,87,坏棒 总长 1002 任意重度敲 铁头
90,14:56:07,hit_090_20260730_145607.csv,512,DEFECT,HIGH,0,79,111,790,500000,3812435,3812435,-3582427,783499.2,,695,95,坏棒 总长 1002 任意重度敲 铁头
91,14:56:07,hit_091_20260730_145607.csv,512,DEFECT,HIGH,0,79,112,782,500000,3631564,3631564,-3552347,680965.3,,695,87,坏棒 总长 1002 任意重度敲 铁头
92,14:56:08,hit_092_20260730_145608.csv,512,DEFECT,HIGH,0,84,112,831,500000,3609571,3298250,-3609571,452275.7,,695,136,坏棒 总长 1002 任意重度敲 铁头
93,14:56:08,hit_093_20260730_145608.csv,512,DEFECT,HIGH,0,86,113,843,500000,3772951,3096488,-3772951,298384,,695,148,坏棒 总长 1002 任意重度敲 铁头
94,14:56:08,hit_094_20260730_145608.csv,512,DEFECT,HIGH,0,35,115,336,500000,4029629,3020414,-4029629,210919.6,,695,-359,坏棒 总长 1002 任意重度敲 铁头
95,14:56:09,hit_095_20260730_145609.csv,512,DEFECT,HIGH,0,86,114,834,500000,3810675,3105698,-3810675,306735.3,,695,139,坏棒 总长 1002 任意重度敲 铁头
96,14:56:09,hit_096_20260730_145609.csv,512,DEFECT,HIGH,0,36,114,349,500000,3949910,3109861,-3949910,221302.5,,695,-346,坏棒 总长 1002 任意重度敲 铁头
97,14:56:10,hit_097_20260730_145610.csv,512,DEFECT,HIGH,0,22,117,207,500000,4462855,2869211,-4462855,-119878.3,,695,-488,坏棒 总长 1002 任意重度敲 铁头
98,14:56:10,hit_098_20260730_145610.csv,512,DEFECT,HIGH,0,84,112,831,500000,3568692,3547005,-3568692,582425.2,,695,136,坏棒 总长 1002 任意重度敲 铁头
99,14:56:10,hit_099_20260730_145610.csv,512,DEFECT,HIGH,0,85,113,833,500000,3574002,3215722,-3574002,420094.7,,695,138,坏棒 总长 1002 任意重度敲 铁头
100,14:56:11,hit_100_20260730_145611.csv,512,DEFECT,HIGH,0,23,118,214,500000,4453074,2902910,-4453074,-162024.5,,695,-481,坏棒 总长 1002 任意重度敲 铁头
101,14:56:11,hit_101_20260730_145611.csv,512,DEFECT,HIGH,0,80,113,784,500000,3743043,3356580,-3743043,313588.1,,695,89,坏棒 总长 1002 任意重度敲 铁头
102,14:56:11,hit_102_20260730_145611.csv,512,DEFECT,HIGH,0,80,113,784,500000,3594490,3122583,-3594490,291641.1,,695,89,坏棒 总长 1002 任意重度敲 铁头
103,14:56:12,hit_103_20260730_145612.csv,512,DEFECT,HIGH,0,82,115,769,500000,3729106,2705201,-3729106,11447.1,,695,74,坏棒 总长 1002 任意重度敲 铁头
104,14:56:12,hit_104_20260730_145612.csv,512,DEFECT,HIGH,0,86,114,834,500000,3762404,3208318,-3762404,350573.3,,695,139,坏棒 总长 1002 任意重度敲 铁头
105,14:56:12,hit_105_20260730_145612.csv,512,DEFECT,HIGH,0,80,112,792,500000,4044085,4044085,-3682887,841146.6,,695,97,坏棒 总长 1002 任意重度敲 铁头
106,14:56:13,hit_106_20260730_145613.csv,512,DEFECT,HIGH,0,80,113,784,500000,3822295,3600054,-3822295,582713.4,,695,89,坏棒 总长 1002 任意重度敲 铁头
107,14:56:13,hit_107_20260730_145613.csv,512,DEFECT,HIGH,0,80,112,792,500000,3680356,3680356,-3624999,713993.7,,695,97,坏棒 总长 1002 任意重度敲 铁头
108,14:56:14,hit_108_20260730_145614.csv,512,DEFECT,HIGH,0,86,114,834,500000,4008375,3228708,-4008375,337305.2,,695,139,坏棒 总长 1002 任意重度敲 铁头
109,14:56:14,hit_109_20260730_145614.csv,512,DEFECT,HIGH,0,80,113,784,500000,3575381,3575381,-3507992,674723.1,,695,89,坏棒 总长 1002 任意重度敲 铁头
110,14:56:14,hit_110_20260730_145614.csv,512,DEFECT,HIGH,0,82,114,796,500000,4066964,4066964,-3994039,766226.7,,695,101,坏棒 总长 1002 任意重度敲 铁头
111,14:56:15,hit_111_20260730_145615.csv,512,DEFECT,HIGH,0,81,113,794,500000,3814482,3532464,-3814482,535765.5,,695,99,坏棒 总长 1002 任意重度敲 铁头
112,14:56:15,hit_112_20260730_145615.csv,512,DEFECT,HIGH,0,79,111,790,500000,3765926,3765926,-3383770,835417.7,,695,95,坏棒 总长 1002 任意重度敲 铁头
113,14:56:15,hit_113_20260730_145615.csv,512,DEFECT,HIGH,0,81,113,794,500000,3657648,3359697,-3657648,442219.2,,695,99,坏棒 总长 1002 任意重度敲 铁头
114,14:56:16,hit_114_20260730_145616.csv,512,DEFECT,HIGH,0,84,112,831,500000,4099833,4099833,-3310414,933630,,695,136,坏棒 总长 1002 任意重度敲 铁头
115,14:56:16,hit_115_20260730_145616.csv,512,DEFECT,HIGH,0,88,116,838,500000,3937753,3467878,-3937753,450199.8,,695,143,坏棒 总长 1002 任意重度敲 铁头
116,14:56:17,hit_116_20260730_145617.csv,512,DEFECT,HIGH,0,38,118,355,500000,4012862,2889533,-4012862,-310.5,,695,-340,坏棒 总长 1002 任意重度敲 铁头
117,14:56:17,hit_117_20260730_145617.csv,512,DEFECT,HIGH,0,80,113,784,500000,3446753,3446753,-3411970,531291,,695,89,坏棒 总长 1002 任意重度敲 铁头
118,14:56:17,hit_118_20260730_145617.csv,512,DEFECT,HIGH,0,80,112,792,500000,3993351,3993351,-3228067,915435.2,,695,97,坏棒 总长 1002 任意重度敲 铁头
119,14:56:18,hit_119_20260730_145618.csv,512,DEFECT,HIGH,0,81,114,786,500000,4033667,4033667,-3577338,848927.1,,695,91,坏棒 总长 1002 任意重度敲 铁头
120,14:56:18,hit_120_20260730_145618.csv,512,DEFECT,HIGH,0,81,118,757,500000,4750143,4750143,-2913726,1444619.1,,695,62,坏棒 总长 1002 任意重度敲 铁头
121,14:56:20,hit_121_20260730_145620.csv,512,DEFECT,HIGH,0,85,112,841,500000,4476743,4476743,-3847084,1032974.1,,695,146,坏棒 总长 1002 任意重度敲 铁头
122,14:56:20,hit_122_20260730_145620.csv,512,DEFECT,HIGH,0,35,111,350,500000,4232119,4232119,-3800870,928678.3,,695,-345,坏棒 总长 1002 任意重度敲 铁头
123,14:56:21,hit_123_20260730_145621.csv,512,DEFECT,HIGH,0,85,112,841,500000,4333486,4333486,-3882879,1049563.5,,695,146,坏棒 总长 1002 任意重度敲 铁头
124,14:56:42,hit_124_20260730_145642.csv,512,DEFECT,HIGH,0,82,109,836,500000,4749592,4749592,-3499810,1280300.2,,695,141,坏棒 总长 1002 任意重度敲 铁头
125,14:56:43,hit_125_20260730_145643.csv,512,DEFECT,HIGH,0,84,111,840,500000,4720894,4720894,-3805521,1124794.5,,695,145,坏棒 总长 1002 任意重度敲 铁头
126,14:56:43,hit_126_20260730_145643.csv,512,DEFECT,HIGH,0,83,110,838,500000,4685654,4685654,-3719695,1166528.1,,695,143,坏棒 总长 1002 任意重度敲 铁头
127,14:56:44,hit_127_20260730_145644.csv,512,DEFECT,HIGH,0,84,111,840,500000,4491499,4491499,-3802684,1047434.8,,695,145,坏棒 总长 1002 任意重度敲 铁头
128,14:56:44,hit_128_20260730_145644.csv,512,DEFECT,HIGH,0,84,111,840,500000,4700315,4700315,-3735173,1184906,,695,145,坏棒 总长 1002 任意重度敲 铁头
129,14:56:44,hit_129_20260730_145644.csv,512,DEFECT,HIGH,0,36,112,356,500000,4136096,4136096,-3928719,809983.9,,695,-339,坏棒 总长 1002 任意重度敲 铁头
130,14:56:45,hit_130_20260730_145645.csv,512,DEFECT,HIGH,0,79,111,790,500000,4320283,4320283,-3754381,1013250.8,,695,95,坏棒 总长 1002 任意重度敲 铁头
131,14:56:45,hit_131_20260730_145645.csv,512,DEFECT,HIGH,0,77,109,785,500000,4530680,4530680,-3549510,1274027.6,,695,90,坏棒 总长 1002 任意重度敲 铁头
132,14:56:46,hit_132_20260730_145646.csv,512,DEFECT,HIGH,0,76,108,670,500000,4717503,4717503,-3548354,1468507.7,,695,-25,坏棒 总长 1002 任意重度敲 铁头
133,14:56:46,hit_133_20260730_145646.csv,512,DEFECT,HIGH,0,77,109,785,500000,4608448,4608448,-3514745,1195718.5,,695,90,坏棒 总长 1002 任意重度敲 铁头
134,14:56:46,hit_134_20260730_145646.csv,512,DEFECT,HIGH,0,77,109,785,500000,4331304,4331304,-4102057,734164.1,,695,90,坏棒 总长 1002 任意重度敲 铁头
135,14:56:47,hit_135_20260730_145647.csv,512,DEFECT,HIGH,0,77,108,680,500000,4731385,4731385,-3756346,1407898.6,,695,-15,坏棒 总长 1002 任意重度敲 铁头
136,14:56:47,hit_136_20260730_145647.csv,512,DEFECT,HIGH,0,73,108,639,500000,4673063,4673063,-3236838,1269368.9,,695,-56,坏棒 总长 1002 任意重度敲 铁头
137,14:56:48,hit_137_20260730_145648.csv,512,DEFECT,HIGH,0,36,110,363,500000,5038861,5038861,-3783069,1255056.3,,695,-332,坏棒 总长 1002 任意重度敲 铁头
138,14:56:48,hit_138_20260730_145648.csv,512,DEFECT,HIGH,0,77,109,673,500000,5168761,5168761,-3660391,1417719.9,,695,-22,坏棒 总长 1002 任意重度敲 铁头
139,14:56:49,hit_139_20260730_145649.csv,512,DEFECT,HIGH,0,22,112,217,500000,4628385,3728905,-4628385,344892.3,,695,-478,坏棒 总长 1002 任意重度敲 铁头
140,14:56:49,hit_140_20260730_145649.csv,512,NORMAL,HIGH,0,0,110,0,500000,5075645,5075645,-3621677,1580781.4,,695,,坏棒 总长 1002 任意重度敲 铁头
141,14:56:50,hit_141_20260730_145650.csv,512,DEFECT,HIGH,0,76,110,656,500000,5264479,5264479,-3648004,1563501.4,,695,-39,坏棒 总长 1002 任意重度敲 铁头
142,14:56:50,hit_142_20260730_145650.csv,512,DEFECT,HIGH,0,76,109,663,500000,5180648,5180648,-3506251,1594582.3,,695,-32,坏棒 总长 1002 任意重度敲 铁头
143,14:56:58,hit_143_20260730_145658.csv,512,DEFECT,HIGH,0,76,109,663,500000,4760350,4760350,-3562407,1422338.7,,695,-32,坏棒 总长 1002 任意重度敲 铁头
144,14:56:59,hit_144_20260730_145659.csv,512,DEFECT,HIGH,0,71,108,618,500000,4838947,4838947,-3095965,1541477.8,,695,-77,坏棒 总长 1002 任意重度敲 铁头
145,14:57:00,hit_145_20260730_145700.csv,512,NORMAL,HIGH,0,0,113,0,500000,4962469,4962469,-2696500,1573223,,695,,坏棒 总长 1002 任意重度敲 铁头
146,14:57:00,hit_146_20260730_145700.csv,512,DEFECT,HIGH,0,74,108,649,500000,4986635,4986635,-3257055,1456432.1,,695,-46,坏棒 总长 1002 任意重度敲 铁头
147,14:57:01,hit_147_20260730_145701.csv,512,DEFECT,HIGH,0,76,108,783,500000,4706863,4706863,-3504259,1172711.2,,695,88,坏棒 总长 1002 任意重度敲 铁头
148,14:57:01,hit_148_20260730_145701.csv,512,DEFECT,HIGH,0,82,109,836,500000,4658030,4658030,-3789374,1278040,,695,141,坏棒 总长 1002 任意重度敲 铁头
149,14:57:02,hit_149_20260730_145702.csv,512,DEFECT,HIGH,0,33,109,336,500000,4421162,4421162,-3739405,1052670.9,,695,-359,坏棒 总长 1002 任意重度敲 铁头
150,14:57:04,hit_150_20260730_145704.csv,512,DEFECT,HIGH,0,35,111,350,500000,4167172,3413434,-4167172,307377.7,,695,-345,坏棒 总长 1002 任意重度敲 铁头
151,14:57:04,hit_151_20260730_145704.csv,512,NORMAL,HIGH,0,0,108,0,500000,4895823,4895823,-3527292,1553683.4,,695,,坏棒 总长 1002 任意重度敲 铁头
152,14:57:05,hit_152_20260730_145705.csv,512,DEFECT,HIGH,0,76,109,663,500000,4869789,4869789,-3722789,1369024.2,,695,-32,坏棒 总长 1002 任意重度敲 铁头
153,14:57:06,hit_153_20260730_145706.csv,512,DEFECT,HIGH,0,34,110,343,500000,4272973,4272973,-3762753,988972.5,,695,-352,坏棒 总长 1002 任意重度敲 铁头
154,14:57:07,hit_154_20260730_145707.csv,512,DEFECT,HIGH,0,76,108,670,500000,4545953,4545953,-3548740,1389066.9,,695,-25,坏棒 总长 1002 任意重度敲 铁头
155,14:57:08,hit_155_20260730_145708.csv,512,DEFECT,HIGH,0,83,110,838,500000,4606654,4606654,-3839065,1190663.8,,695,143,坏棒 总长 1002 任意重度敲 铁头
156,14:57:09,hit_156_20260730_145709.csv,512,DEFECT,HIGH,0,37,111,370,500000,4102699,4073204,-4102699,882903.3,,695,-325,坏棒 总长 1002 任意重度敲 铁头
157,14:57:09,hit_157_20260730_145709.csv,512,NORMAL,HIGH,0,0,108,0,500000,4910459,4910459,-3361303,1650840.2,,695,,坏棒 总长 1002 任意重度敲 铁头
158,14:57:10,hit_158_20260730_145710.csv,512,NORMAL,HIGH,0,0,108,0,500000,5277775,5277775,-3138088,1976928,,695,,坏棒 总长 1002 任意重度敲 铁头
159,14:57:11,hit_159_20260730_145711.csv,512,DEFECT,HIGH,0,78,110,676,500000,5057264,5057264,-3959987,1405748.2,,695,-19,坏棒 总长 1002 任意重度敲 铁头
160,14:57:11,hit_160_20260730_145711.csv,512,DEFECT,HIGH,0,72,112,705,500000,4230503,4230503,-2861149,1264650.4,,695,10,坏棒 总长 1002 任意重度敲 铁头
161,14:57:12,hit_161_20260730_145712.csv,512,NORMAL,HIGH,0,0,110,0,500000,5308173,5308173,-2340567,1941102,,695,,坏棒 总长 1002 任意重度敲 铁头
162,14:57:12,hit_162_20260730_145712.csv,512,NORMAL,HIGH,0,0,114,0,500000,4899073,4899073,-2920979,1623472.8,,695,,坏棒 总长 1002 任意重度敲 铁头
163,14:57:13,hit_163_20260730_145713.csv,512,NORMAL,HIGH,0,0,108,0,500000,4670641,4670641,-3025883,1269919.1,,695,,坏棒 总长 1002 任意重度敲 铁头
164,14:57:13,hit_164_20260730_145713.csv,512,NORMAL,HIGH,0,0,108,0,500000,4868322,4868322,-3263052,1475170.2,,695,,坏棒 总长 1002 任意重度敲 铁头
165,14:57:13,hit_165_20260730_145713.csv,512,DEFECT,HIGH,0,77,109,785,500000,4259810,4259810,-3920325,792539.9,,695,90,坏棒 总长 1002 任意重度敲 铁头
166,14:57:14,hit_166_20260730_145714.csv,512,DEFECT,HIGH,0,77,108,793,500000,4525316,4525316,-3805536,945927.3,,695,98,坏棒 总长 1002 任意重度敲 铁头
167,14:57:14,hit_167_20260730_145714.csv,512,DEFECT,HIGH,0,78,110,787,500000,4073308,4073308,-3835560,718713.9,,695,92,坏棒 总长 1002 任意重度敲 铁头
168,14:57:15,hit_168_20260730_145715.csv,512,DEFECT,HIGH,0,74,108,649,500000,4565498,4565498,-3345897,1458032,,695,-46,坏棒 总长 1002 任意重度敲 铁头
169,14:57:15,hit_169_20260730_145715.csv,512,DEFECT,HIGH,0,34,110,343,500000,4282002,4282002,-3806045,876774.1,,695,-352,坏棒 总长 1002 任意重度敲 铁头
170,14:57:16,hit_170_20260730_145716.csv,512,DEFECT,HIGH,0,37,111,370,500000,4310351,4260308,-4310351,699528.3,,695,-325,坏棒 总长 1002 任意重度敲 铁头
171,14:57:16,hit_171_20260730_145716.csv,512,DEFECT,HIGH,0,21,112,207,500000,4397843,4397843,-4365404,756997.1,,695,-488,坏棒 总长 1002 任意重度敲 铁头
172,14:57:16,hit_172_20260730_145716.csv,512,DEFECT,HIGH,0,78,110,787,500000,4146524,4146524,-3836058,829295.8,,695,92,坏棒 总长 1002 任意重度敲 铁头
173,14:57:17,hit_173_20260730_145717.csv,512,DEFECT,HIGH,0,82,110,828,500000,4447166,4447166,-3528936,1234695.5,,695,133,坏棒 总长 1002 任意重度敲 铁头
174,14:57:17,hit_174_20260730_145717.csv,512,DEFECT,HIGH,0,83,110,838,500000,4470952,4470952,-3703316,1059220,,695,143,坏棒 总长 1002 任意重度敲 铁头
175,14:57:18,hit_175_20260730_145718.csv,512,DEFECT,HIGH,0,35,111,350,500000,4344612,4344612,-3992916,828481.1,,695,-345,坏棒 总长 1002 任意重度敲 铁头
176,14:57:18,hit_176_20260730_145718.csv,512,DEFECT,HIGH,0,22,112,217,500000,4521811,3456631,-4521811,205067.1,,695,-478,坏棒 总长 1002 任意重度敲 铁头
177,14:57:18,hit_177_20260730_145718.csv,512,NORMAL,HIGH,0,0,108,0,500000,4836326,4836326,-3356759,1559315.8,,695,,坏棒 总长 1002 任意重度敲 铁头
178,14:57:19,hit_178_20260730_145719.csv,512,DEFECT,HIGH,0,38,111,380,500000,4332873,4332873,-4077294,743433.2,,695,-315,坏棒 总长 1002 任意重度敲 铁头
179,14:57:19,hit_179_20260730_145719.csv,512,DEFECT,HIGH,0,81,109,826,500000,4541007,4541007,-3528417,1335266.4,,695,131,坏棒 总长 1002 任意重度敲 铁头
180,14:57:20,hit_180_20260730_145720.csv,512,DEFECT,HIGH,0,82,109,836,500000,4678923,4678923,-3532784,1377333,,695,141,坏棒 总长 1002 任意重度敲 铁头
181,14:57:20,hit_181_20260730_145720.csv,512,DEFECT,HIGH,0,36,110,363,500000,4759152,4759152,-3712113,1246588.1,,695,-332,坏棒 总长 1002 任意重度敲 铁头
182,14:57:20,hit_182_20260730_145720.csv,512,NORMAL,HIGH,0,0,109,0,500000,4999788,4999788,-3132371,1704764.6,,695,,坏棒 总长 1002 任意重度敲 铁头
183,14:57:21,hit_183_20260730_145721.csv,512,NORMAL,HIGH,0,0,108,0,500000,5048405,5048405,-3094596,1721672.8,,695,,坏棒 总长 1002 任意重度敲 铁头
184,14:57:21,hit_184_20260730_145721.csv,512,DEFECT,HIGH,0,82,110,828,500000,4729565,4729565,-3535733,1364249.2,,695,133,坏棒 总长 1002 任意重度敲 铁头
185,14:57:22,hit_185_20260730_145722.csv,512,DEFECT,HIGH,0,78,110,787,500000,4183502,4183502,-3822706,866111.8,,695,92,坏棒 总长 1002 任意重度敲 铁头
186,14:57:22,hit_186_20260730_145722.csv,512,DEFECT,HIGH,0,83,110,838,500000,4788437,4788437,-3950247,1216537.7,,695,143,坏棒 总长 1002 任意重度敲 铁头
187,14:57:22,hit_187_20260730_145722.csv,512,NORMAL,HIGH,0,0,108,0,500000,5191150,5191150,-3260319,1945660.1,,695,,坏棒 总长 1002 任意重度敲 铁头
188,14:57:23,hit_188_20260730_145723.csv,512,NORMAL,HIGH,0,0,109,0,500000,5094207,5094207,-3667136,1520498.8,,695,,坏棒 总长 1002 任意重度敲 铁头
189,14:57:23,hit_189_20260730_145723.csv,512,DEFECT,HIGH,0,77,110,666,500000,4894294,4894294,-3692503,1356854,,695,-29,坏棒 总长 1002 任意重度敲 铁头
190,14:57:24,hit_190_20260730_145724.csv,512,NORMAL,HIGH,0,0,108,0,500000,5303899,5303899,-3451807,1799663,,695,,坏棒 总长 1002 任意重度敲 铁头
191,14:57:24,hit_191_20260730_145724.csv,512,NORMAL,HIGH,0,0,108,0,500000,5198013,5198013,-3406296,1748100.4,,695,,坏棒 总长 1002 任意重度敲 铁头
192,14:57:25,hit_192_20260730_145725.csv,512,NORMAL,HIGH,0,0,108,0,500000,5272237,5272237,-3297881,1873365.2,,695,,坏棒 总长 1002 任意重度敲 铁头
193,14:57:25,hit_193_20260730_145725.csv,512,NORMAL,HIGH,0,0,108,0,500000,5289931,5289931,-3365294,1835843.7,,695,,坏棒 总长 1002 任意重度敲 铁头
194,14:57:25,hit_194_20260730_145725.csv,512,DEFECT,HIGH,0,36,111,360,500000,4888189,4888189,-3857986,1195569,,695,-335,坏棒 总长 1002 任意重度敲 铁头
195,14:57:26,hit_195_20260730_145726.csv,512,DEFECT,HIGH,0,75,108,659,500000,5002760,5002760,-3478151,1577185.9,,695,-36,坏棒 总长 1002 任意重度敲 铁头
196,14:57:26,hit_196_20260730_145726.csv,512,DEFECT,HIGH,0,77,110,666,500000,4845254,4845254,-3747875,1368957.9,,695,-29,坏棒 总长 1002 任意重度敲 铁头
197,14:57:27,hit_197_20260730_145727.csv,512,DEFECT,HIGH,0,76,110,656,500000,4892075,4892075,-3570633,1438540.1,,695,-39,坏棒 总长 1002 任意重度敲 铁头
198,14:57:27,hit_198_20260730_145727.csv,512,DEFECT,HIGH,0,82,110,828,500000,4710321,4710321,-3649743,1305267.7,,695,133,坏棒 总长 1002 任意重度敲 铁头
199,14:57:28,hit_199_20260730_145728.csv,512,NORMAL,HIGH,0,0,108,0,500000,5161753,5161753,-3353719,1800929.8,,695,,坏棒 总长 1002 任意重度敲 铁头
200,14:57:28,hit_200_20260730_145728.csv,512,DEFECT,HIGH,0,37,111,370,500000,4543092,4543092,-4015450,953873.1,,695,-325,坏棒 总长 1002 任意重度敲 铁头
201,14:57:28,hit_201_20260730_145728.csv,512,NORMAL,HIGH,0,0,108,0,500000,5156754,5156754,-3282316,1796966.2,,695,,坏棒 总长 1002 任意重度敲 铁头
202,14:57:29,hit_202_20260730_145729.csv,512,DEFECT,HIGH,0,76,109,663,500000,4937013,4937013,-3464389,1535006.5,,695,-32,坏棒 总长 1002 任意重度敲 铁头
203,14:57:29,hit_203_20260730_145729.csv,512,DEFECT,HIGH,0,83,110,838,500000,4469500,4469500,-3722158,1143734.2,,695,143,坏棒 总长 1002 任意重度敲 铁头
204,14:57:30,hit_204_20260730_145730.csv,512,DEFECT,HIGH,0,76,109,663,500000,4763928,4763928,-3597623,1349764.9,,695,-32,坏棒 总长 1002 任意重度敲 铁头
205,14:57:30,hit_205_20260730_145730.csv,512,DEFECT,HIGH,0,82,109,836,500000,4634722,4634722,-3527527,1336800.1,,695,141,坏棒 总长 1002 任意重度敲 铁头
206,14:57:30,hit_206_20260730_145730.csv,512,DEFECT,HIGH,0,77,110,666,500000,4871419,4871419,-3554449,1475291,,695,-29,坏棒 总长 1002 任意重度敲 铁头
207,14:57:31,hit_207_20260730_145731.csv,512,DEFECT,HIGH,0,76,108,670,500000,4913499,4913499,-3346547,1634652,,695,-25,坏棒 总长 1002 任意重度敲 铁头
208,14:57:31,hit_208_20260730_145731.csv,512,DEFECT,HIGH,0,35,111,350,500000,4144033,4144033,-3931404,718657.7,,695,-345,坏棒 总长 1002 任意重度敲 铁头
209,14:57:32,hit_209_20260730_145732.csv,512,DEFECT,HIGH,0,75,108,659,500000,4735162,4735162,-3526769,1472289.3,,695,-36,坏棒 总长 1002 任意重度敲 铁头
210,14:57:32,hit_210_20260730_145732.csv,512,DEFECT,HIGH,0,34,109,346,500000,4356220,4356220,-3723283,1084649.2,,695,-349,坏棒 总长 1002 任意重度敲 铁头
211,14:57:32,hit_211_20260730_145732.csv,512,DEFECT,HIGH,0,82,109,836,500000,4572009,4572009,-3792549,1094182.1,,695,141,坏棒 总长 1002 任意重度敲 铁头
212,14:57:33,hit_212_20260730_145733.csv,512,DEFECT,HIGH,0,36,110,363,500000,4627649,4627649,-3877359,1163394.5,,695,-332,坏棒 总长 1002 任意重度敲 铁头
213,14:57:33,hit_213_20260730_145733.csv,512,DEFECT,HIGH,0,79,110,797,500000,4329038,4329038,-3740703,1022828.7,,695,102,坏棒 总长 1002 任意重度敲 铁头
214,14:57:34,hit_214_20260730_145734.csv,512,DEFECT,HIGH,0,35,110,353,500000,4352264,4352264,-3892412,1023308.1,,695,-342,坏棒 总长 1002 任意重度敲 铁头
215,14:57:34,hit_215_20260730_145734.csv,512,NORMAL,HIGH,0,0,108,0,500000,4812752,4812752,-3463704,1611789.2,,695,,坏棒 总长 1002 任意重度敲 铁头
216,14:57:34,hit_216_20260730_145734.csv,512,DEFECT,HIGH,0,36,110,363,500000,4364453,4364453,-4006941,914037.1,,695,-332,坏棒 总长 1002 任意重度敲 铁头
217,14:57:35,hit_217_20260730_145735.csv,512,DEFECT,HIGH,0,34,110,343,500000,4371811,4371811,-3863728,990221.2,,695,-352,坏棒 总长 1002 任意重度敲 铁头
218,14:57:35,hit_218_20260730_145735.csv,512,DEFECT,HIGH,0,33,109,336,500000,4452913,4452913,-3704248,1092473.5,,695,-359,坏棒 总长 1002 任意重度敲 铁头
219,14:57:36,hit_219_20260730_145736.csv,512,DEFECT,HIGH,0,77,109,785,500000,4513461,4513461,-3623205,1221301.4,,695,90,坏棒 总长 1002 任意重度敲 铁头
220,14:57:36,hit_220_20260730_145736.csv,512,DEFECT,HIGH,0,81,109,826,500000,4507756,4507756,-3600038,1220205.3,,695,131,坏棒 总长 1002 任意重度敲 铁头
221,14:57:36,hit_221_20260730_145736.csv,512,DEFECT,HIGH,0,81,109,826,500000,4455431,4455431,-3520840,1317580.1,,695,131,坏棒 总长 1002 任意重度敲 铁头
222,14:57:37,hit_222_20260730_145737.csv,512,DEFECT,HIGH,0,81,109,826,500000,4588430,4588430,-3465463,1403154,,695,131,坏棒 总长 1002 任意重度敲 铁头
223,14:57:37,hit_223_20260730_145737.csv,512,DEFECT,HIGH,0,78,109,795,500000,4282120,4282120,-3526235,1118367.1,,695,100,坏棒 总长 1002 任意重度敲 铁头
224,14:57:38,hit_224_20260730_145738.csv,512,DEFECT,HIGH,0,75,108,659,500000,4580802,4580802,-3465728,1418698.2,,695,-36,坏棒 总长 1002 任意重度敲 铁头
225,14:57:38,hit_225_20260730_145738.csv,512,DEFECT,HIGH,0,77,109,785,500000,4463470,4463470,-3548229,1171610.5,,695,90,坏棒 总长 1002 任意重度敲 铁头
226,14:57:38,hit_226_20260730_145738.csv,512,DEFECT,HIGH,0,77,108,793,500000,4563254,4563254,-3491937,1202178.1,,695,98,坏棒 总长 1002 任意重度敲 铁头
227,14:57:39,hit_227_20260730_145739.csv,512,DEFECT,HIGH,0,76,108,783,500000,4380903,4380903,-3555273,1187984.8,,695,88,坏棒 总长 1002 任意重度敲 铁头
228,14:57:39,hit_228_20260730_145739.csv,512,DEFECT,HIGH,0,75,108,659,500000,4744819,4744819,-3309654,1533720.7,,695,-36,坏棒 总长 1002 任意重度敲 铁头
229,14:57:40,hit_229_20260730_145740.csv,512,DEFECT,HIGH,0,34,110,343,500000,4356208,4356208,-3976243,986762.5,,695,-352,坏棒 总长 1002 任意重度敲 铁头
230,14:57:40,hit_230_20260730_145740.csv,512,DEFECT,HIGH,0,38,111,380,500000,4248349,4248349,-4161127,836214.5,,695,-315,坏棒 总长 1002 任意重度敲 铁头
231,14:57:41,hit_231_20260730_145741.csv,512,DEFECT,HIGH,0,77,108,793,500000,4054923,4054923,-3441774,940776,,695,98,坏棒 总长 1002 任意重度敲 铁头
232,14:57:41,hit_232_20260730_145741.csv,512,DEFECT,HIGH,0,27,116,257,500000,5263508,3357766,-5263508,-285788.6,,695,-438,坏棒 总长 1002 任意重度敲 铁头
233,14:57:41,hit_233_20260730_145741.csv,512,DEFECT,HIGH,0,79,108,814,500000,4433967,4433967,-3136285,1296457.2,,695,119,坏棒 总长 1002 任意重度敲 铁头
234,14:57:42,hit_234_20260730_145742.csv,512,NORMAL,HIGH,0,0,108,0,500000,4411883,4411883,-3359526,1181111.9,,695,,坏棒 总长 1002 任意重度敲 铁头
235,14:57:42,hit_235_20260730_145742.csv,512,DEFECT,HIGH,0,33,108,340,500000,4336659,4336659,-3557311,1099493.5,,695,-355,坏棒 总长 1002 任意重度敲 铁头
236,14:57:43,hit_236_20260730_145743.csv,512,DEFECT,HIGH,0,77,108,793,500000,4346182,4346182,-3589782,1058754.8,,695,98,坏棒 总长 1002 任意重度敲 铁头
237,14:57:43,hit_237_20260730_145743.csv,512,DEFECT,HIGH,0,76,108,783,500000,4452836,4452836,-3550818,967448.9,,695,88,坏棒 总长 1002 任意重度敲 铁头
238,14:57:43,hit_238_20260730_145743.csv,512,DEFECT,HIGH,0,76,108,783,500000,4203851,4203851,-3330839,1161272,,695,88,坏棒 总长 1002 任意重度敲 铁头
239,14:57:44,hit_239_20260730_145744.csv,512,NORMAL,HIGH,0,0,108,0,500000,4368058,4368058,-3256726,1271326.3,,695,,坏棒 总长 1002 任意重度敲 铁头
240,14:57:44,hit_240_20260730_145744.csv,512,DEFECT,HIGH,0,27,117,254,500000,5263378,3668819,-5263378,93684,,695,-441,坏棒 总长 1002 任意重度敲 铁头
241,14:57:45,hit_241_20260730_145745.csv,512,NORMAL,HIGH,0,0,108,0,500000,4352033,4352033,-3445352,1141647.3,,695,,坏棒 总长 1002 任意重度敲 铁头
242,14:57:45,hit_242_20260730_145745.csv,512,DEFECT,HIGH,0,76,108,783,500000,4136998,4136998,-3462342,992777,,695,88,坏棒 总长 1002 任意重度敲 铁头
243,14:57:46,hit_243_20260730_145746.csv,512,NORMAL,HIGH,0,0,108,0,500000,4596145,4596145,-3226598,1412411.8,,695,,坏棒 总长 1002 任意重度敲 铁头
244,14:57:46,hit_244_20260730_145746.csv,512,NORMAL,HIGH,0,0,108,0,500000,4508373,4508373,-3136242,1310377.9,,695,,坏棒 总长 1002 任意重度敲 铁头
245,14:57:46,hit_245_20260730_145746.csv,512,NORMAL,HIGH,0,0,108,0,500000,4622739,4622739,-3346884,1417928.8,,695,,坏棒 总长 1002 任意重度敲 铁头
246,14:57:47,hit_246_20260730_145747.csv,512,NORMAL,HIGH,0,0,108,0,500000,4231174,4231174,-3608489,997163.5,,695,,坏棒 总长 1002 任意重度敲 铁头
247,14:57:47,hit_247_20260730_145747.csv,512,DEFECT,HIGH,0,21,111,210,500000,4331008,3903593,-4331008,521559.7,,695,-485,坏棒 总长 1002 任意重度敲 铁头
248,14:57:48,hit_248_20260730_145748.csv,512,DEFECT,HIGH,0,37,110,373,500000,4271971,4271971,-4044203,1017333.6,,695,-322,坏棒 总长 1002 任意重度敲 铁头
249,14:57:48,hit_249_20260730_145748.csv,512,DEFECT,HIGH,0,21,110,212,500000,4513173,4216615,-4513173,615260.8,,695,-483,坏棒 总长 1002 任意重度敲 铁头
250,14:57:48,hit_250_20260730_145748.csv,512,DEFECT,HIGH,0,22,111,220,500000,4422934,3877802,-4422934,352555.2,,695,-475,坏棒 总长 1002 任意重度敲 铁头
251,14:57:49,hit_251_20260730_145749.csv,512,DEFECT,HIGH,0,24,115,230,500000,5015930,3919850,-5015930,420780.9,,695,-465,坏棒 总长 1002 任意重度敲 铁头
252,14:57:49,hit_252_20260730_145749.csv,512,DEFECT,HIGH,0,24,115,230,500000,4803015,4409396,-4803015,794119.3,,695,-465,坏棒 总长 1002 任意重度敲 铁头
253,14:57:50,hit_253_20260730_145750.csv,512,DEFECT,HIGH,0,21,112,207,500000,4367503,3843134,-4367503,580987.7,,695,-488,坏棒 总长 1002 任意重度敲 铁头
254,14:57:50,hit_254_20260730_145750.csv,512,DEFECT,HIGH,0,21,111,210,500000,4396408,3624402,-4396408,218121.2,,695,-485,坏棒 总长 1002 任意重度敲 铁头
255,14:57:50,hit_255_20260730_145750.csv,512,DEFECT,HIGH,0,35,111,350,500000,4244149,3751445,-4244149,464068.3,,695,-345,坏棒 总长 1002 任意重度敲 铁头
256,14:57:51,hit_256_20260730_145751.csv,512,DEFECT,HIGH,0,24,115,230,500000,4952712,3707703,-4952712,227518.5,,695,-465,坏棒 总长 1002 任意重度敲 铁头
257,14:57:51,hit_257_20260730_145751.csv,512,DEFECT,HIGH,0,23,111,230,500000,4664201,3640177,-4664201,71651.3,,695,-465,坏棒 总长 1002 任意重度敲 铁头
258,14:57:52,hit_258_20260730_145752.csv,512,DEFECT,HIGH,0,21,108,216,500000,4505004,4252444,-4505004,318216.7,,695,-479,坏棒 总长 1002 任意重度敲 铁头
259,14:57:52,hit_259_20260730_145752.csv,512,DEFECT,HIGH,0,75,108,659,500000,4778498,4778498,-3561245,1266798,,695,-36,坏棒 总长 1002 任意重度敲 铁头
260,14:57:52,hit_260_20260730_145752.csv,512,DEFECT,HIGH,0,77,108,680,500000,5009257,5009257,-3471536,1599818.3,,695,-15,坏棒 总长 1002 任意重度敲 铁头
261,14:57:53,hit_261_20260730_145753.csv,512,DEFECT,HIGH,0,76,108,670,500000,4957177,4957177,-3497331,1510323.6,,695,-25,坏棒 总长 1002 任意重度敲 铁头
262,14:57:53,hit_262_20260730_145753.csv,512,DEFECT,HIGH,0,74,108,649,500000,5052618,5052618,-3396173,1613859.8,,695,-46,坏棒 总长 1002 任意重度敲 铁头
263,14:57:54,hit_263_20260730_145754.csv,512,NORMAL,HIGH,0,0,108,0,500000,4542266,4542266,-3267957,1358567.1,,695,,坏棒 总长 1002 任意重度敲 铁头
264,14:57:54,hit_264_20260730_145754.csv,512,NORMAL,HIGH,0,0,108,0,500000,4710418,4710418,-3220457,1388807.6,,695,,坏棒 总长 1002 任意重度敲 铁头
265,14:57:54,hit_265_20260730_145754.csv,512,DEFECT,HIGH,0,78,109,795,500000,4493170,4493170,-3534142,1146268.9,,695,100,坏棒 总长 1002 任意重度敲 铁头
266,14:57:55,hit_266_20260730_145755.csv,512,DEFECT,HIGH,0,37,110,373,500000,4259141,4259141,-4092394,897659.4,,695,-322,坏棒 总长 1002 任意重度敲 铁头
267,14:57:55,hit_267_20260730_145755.csv,512,DEFECT,HIGH,0,75,108,659,500000,4731649,4731649,-3478494,1405344.2,,695,-36,坏棒 总长 1002 任意重度敲 铁头
268,14:57:56,hit_268_20260730_145756.csv,512,DEFECT,HIGH,0,76,108,670,500000,4813722,4813722,-3403820,1573631.7,,695,-25,坏棒 总长 1002 任意重度敲 铁头
269,14:57:56,hit_269_20260730_145756.csv,512,DEFECT,HIGH,0,73,108,639,500000,4658134,4658134,-3374267,1361882.4,,695,-56,坏棒 总长 1002 任意重度敲 铁头
270,14:58:02,hit_270_20260730_145802.csv,512,DEFECT,HIGH,0,75,108,659,500000,4731717,4731717,-3627899,1280926,,695,-36,坏棒 总长 1002 任意重度敲 铁头
271,14:58:03,hit_271_20260730_145803.csv,512,NORMAL,HIGH,0,0,109,0,500000,5086063,5086063,-3588707,1518456.1,,695,,坏棒 总长 1002 任意重度敲 铁头
272,14:58:03,hit_272_20260730_145803.csv,512,DEFECT,HIGH,0,75,108,659,500000,5347856,5347856,-3347789,1942970.7,,695,-36,坏棒 总长 1002 任意重度敲 铁头
273,14:58:04,hit_273_20260730_145804.csv,512,DEFECT,HIGH,0,76,109,663,500000,4882412,4882412,-3606963,1407823.6,,695,-32,坏棒 总长 1002 任意重度敲 铁头
274,14:58:04,hit_274_20260730_145804.csv,512,NORMAL,HIGH,0,0,108,0,500000,5668906,5668906,-3349064,2167124.4,,695,,坏棒 总长 1002 任意重度敲 铁头
275,14:58:05,hit_275_20260730_145805.csv,512,DEFECT,HIGH,0,84,110,848,500000,4638694,4638694,-4078287,1067056,,695,153,坏棒 总长 1002 任意重度敲 铁头
276,14:58:05,hit_276_20260730_145805.csv,512,DEFECT,HIGH,0,83,111,830,500000,4270248,4270248,-3672144,1114939.9,,695,135,坏棒 总长 1002 任意重度敲 铁头
277,14:58:06,hit_277_20260730_145806.csv,512,DEFECT,HIGH,0,77,110,666,500000,4825670,4825670,-3463056,1460033.6,,695,-29,坏棒 总长 1002 任意重度敲 铁头
278,14:58:25,hit_278_20260730_145825.csv,512,DEFECT,HIGH,0,85,112,841,500000,4316961,4316961,-3747292,920843.6,,695,146,坏棒 总长 1002 任意重度敲 铁头
279,14:58:28,hit_279_20260730_145828.csv,512,DEFECT,HIGH,0,34,110,343,500000,4294644,4294644,-4037496,775701.1,,695,-352,坏棒 总长 1002 任意重度敲 铁头
280,14:58:37,hit_280_20260730_145837.csv,512,DEFECT,HIGH,0,36,111,360,500000,4247511,4247511,-4067050,793622.7,,695,-335,坏棒 总长 1002 任意重度敲 铁头
281,14:58:37,hit_281_20260730_145837.csv,512,DEFECT,HIGH,0,83,110,838,500000,4439440,4439440,-3715175,1159747.5,,695,143,坏棒 总长 1002 任意重度敲 铁头
282,14:58:38,hit_282_20260730_145838.csv,512,DEFECT,HIGH,0,36,111,360,500000,4241585,4241585,-3811214,1005854.2,,695,-335,坏棒 总长 1002 任意重度敲 铁头
283,14:58:38,hit_283_20260730_145838.csv,512,DEFECT,HIGH,0,78,110,787,500000,4169842,4169842,-3738365,976204.9,,695,92,坏棒 总长 1002 任意重度敲 铁头
284,14:58:38,hit_284_20260730_145838.csv,512,DEFECT,HIGH,0,78,109,795,500000,4243027,4243027,-3620767,1112957.5,,695,100,坏棒 总长 1002 任意重度敲 铁头
285,14:58:39,hit_285_20260730_145839.csv,512,DEFECT,HIGH,0,78,110,787,500000,4063138,4063138,-3616259,979217,,695,92,坏棒 总长 1002 任意重度敲 铁头
286,14:58:39,hit_286_20260730_145839.csv,512,DEFECT,HIGH,0,78,109,795,500000,4234578,4234578,-3705469,1020361.4,,695,100,坏棒 总长 1002 任意重度敲 铁头
287,14:59:04,hit_287_20260730_145904.csv,512,DEFECT,HIGH,0,78,110,787,500000,4237798,4237798,-3650952,988579.7,,695,92,坏棒 总长 1002 任意重度敲 铁头
288,14:59:04,hit_288_20260730_145904.csv,512,DEFECT,HIGH,0,35,111,350,500000,4123597,4123597,-3985202,659750,,695,-345,坏棒 总长 1002 任意重度敲 铁头
289,14:59:04,hit_289_20260730_145904.csv,512,DEFECT,HIGH,0,33,109,336,500000,4310039,4310039,-3753437,1051715.8,,695,-359,坏棒 总长 1002 任意重度敲 铁头
290,14:59:05,hit_290_20260730_145905.csv,512,DEFECT,HIGH,0,35,111,350,500000,3997905,3997905,-3939900,794208.7,,695,-345,坏棒 总长 1002 任意重度敲 铁头
291,14:59:05,hit_291_20260730_145905.csv,512,DEFECT,HIGH,0,33,111,330,500000,3857472,3343718,-3857472,438633.1,,695,-365,坏棒 总长 1002 任意重度敲 铁头
292,14:59:06,hit_292_20260730_145906.csv,512,DEFECT,HIGH,0,39,113,382,500000,4247670,3648965,-4247670,554491.6,,695,-313,坏棒 总长 1002 任意重度敲 铁头
293,14:59:06,hit_293_20260730_145906.csv,512,DEFECT,HIGH,0,21,114,203,500000,4356112,3280113,-4356112,224571.1,,695,-492,坏棒 总长 1002 任意重度敲 铁头
294,14:59:06,hit_294_20260730_145906.csv,512,DEFECT,HIGH,0,76,108,670,500000,4394826,4394826,-3258452,1370245.8,,695,-25,坏棒 总长 1002 任意重度敲 铁头
295,14:59:07,hit_295_20260730_145907.csv,512,DEFECT,HIGH,0,78,111,780,500000,3805802,3787988,-3805802,703125.7,,695,85,坏棒 总长 1002 任意重度敲 铁头
296,14:59:07,hit_296_20260730_145907.csv,512,DEFECT,HIGH,0,32,111,320,500000,3796346,3142361,-3796346,339490.7,,695,-375,坏棒 总长 1002 任意重度敲 铁头
297,14:59:08,hit_297_20260730_145908.csv,512,DEFECT,HIGH,0,77,110,777,500000,3805972,3805972,-3539362,880616.1,,695,82,坏棒 总长 1002 任意重度敲 铁头
298,14:59:08,hit_298_20260730_145908.csv,512,DEFECT,HIGH,0,77,109,785,500000,3758571,3758571,-3628226,790085.1,,695,90,坏棒 总长 1002 任意重度敲 铁头
299,14:59:09,hit_299_20260730_145909.csv,512,DEFECT,HIGH,0,77,109,785,500000,4021368,4021368,-3607048,877114.8,,695,90,坏棒 总长 1002 任意重度敲 铁头
300,14:59:27,hit_300_20260730_145927.csv,512,DEFECT,HIGH,0,82,109,836,500000,4651459,4651459,-3532838,1287360.5,,695,141,坏棒 总长 1002 任意重度敲 铁头
301,14:59:27,hit_301_20260730_145927.csv,512,DEFECT,HIGH,0,34,111,340,500000,3991039,3991039,-3861415,823562.7,,695,-355,坏棒 总长 1002 任意重度敲 铁头
302,14:59:28,hit_302_20260730_145928.csv,512,DEFECT,HIGH,0,77,109,785,500000,4143041,4143041,-3632161,777531,,695,90,坏棒 总长 1002 任意重度敲 铁头
303,14:59:28,hit_303_20260730_145928.csv,512,DEFECT,HIGH,0,77,108,793,500000,4470464,4470464,-3618352,1008398.4,,695,98,坏棒 总长 1002 任意重度敲 铁头
304,14:59:29,hit_304_20260730_145929.csv,512,DEFECT,HIGH,0,76,108,783,500000,4285311,4285311,-3484091,974443.1,,695,88,坏棒 总长 1002 任意重度敲 铁头
305,14:59:29,hit_305_20260730_145929.csv,512,DEFECT,HIGH,0,77,109,785,500000,4259395,4259395,-3687888,940451.8,,695,90,坏棒 总长 1002 任意重度敲 铁头
306,14:59:29,hit_306_20260730_145929.csv,512,DEFECT,HIGH,0,77,109,785,500000,4309815,4309815,-3895032,988977.2,,695,90,坏棒 总长 1002 任意重度敲 铁头
307,14:59:34,hit_307_20260730_145934.csv,512,DEFECT,HIGH,0,79,111,790,500000,4308174,4308174,-3874261,910669,,695,95,坏棒 总长 1002 任意重度敲 铁头
308,14:59:34,hit_308_20260730_145934.csv,512,DEFECT,HIGH,0,74,108,649,500000,4744295,4744295,-3543899,1315166.9,,695,-46,坏棒 总长 1002 任意重度敲 铁头
309,14:59:35,hit_309_20260730_145935.csv,512,DEFECT,HIGH,0,76,108,783,500000,4605010,4605010,-3405544,1208657.4,,695,88,坏棒 总长 1002 任意重度敲 铁头
310,14:59:35,hit_310_20260730_145935.csv,512,DEFECT,HIGH,0,76,108,783,500000,4341340,4341340,-3468381,920198.5,,695,88,坏棒 总长 1002 任意重度敲 铁头
311,14:59:35,hit_311_20260730_145935.csv,512,DEFECT,HIGH,0,32,111,320,500000,3825225,3567651,-3825225,512499.8,,695,-375,坏棒 总长 1002 任意重度敲 铁头
312,14:59:36,hit_312_20260730_145936.csv,512,DEFECT,HIGH,0,35,112,346,500000,4033055,3969695,-4033055,588167.3,,695,-349,坏棒 总长 1002 任意重度敲 铁头
313,14:59:36,hit_313_20260730_145936.csv,512,DEFECT,HIGH,0,38,112,376,500000,4220971,3789593,-4220971,490150.8,,695,-319,坏棒 总长 1002 任意重度敲 铁头
314,14:59:37,hit_314_20260730_145937.csv,512,DEFECT,HIGH,0,79,111,790,500000,3918940,3918940,-3799146,745354.9,,695,95,坏棒 总长 1002 任意重度敲 铁头
315,14:59:37,hit_315_20260730_145937.csv,512,DEFECT,HIGH,0,84,111,840,500000,4341523,4341523,-3977426,1008148.9,,695,145,坏棒 总长 1002 任意重度敲 铁头
316,14:59:37,hit_316_20260730_145937.csv,512,DEFECT,HIGH,0,79,111,790,500000,3877721,3877721,-3791293,706152,,695,95,坏棒 总长 1002 任意重度敲 铁头
317,14:59:38,hit_317_20260730_145938.csv,512,DEFECT,HIGH,0,79,111,790,500000,3853382,3817205,-3853382,673954.9,,695,95,坏棒 总长 1002 任意重度敲 铁头
318,14:59:38,hit_318_20260730_145938.csv,512,DEFECT,HIGH,0,36,112,356,500000,4307385,4307385,-3912368,879051,,695,-339,坏棒 总长 1002 任意重度敲 铁头
319,14:59:38,hit_319_20260730_145938.csv,512,DEFECT,HIGH,0,79,111,790,500000,4284206,4284206,-3726018,958076.1,,695,95,坏棒 总长 1002 任意重度敲 铁头
320,14:59:39,hit_320_20260730_145939.csv,512,DEFECT,HIGH,0,79,111,790,500000,4336108,4336108,-3746234,961629.5,,695,95,坏棒 总长 1002 任意重度敲 铁头
321,14:59:39,hit_321_20260730_145939.csv,512,DEFECT,HIGH,0,36,112,356,500000,4036552,3808853,-4036552,615956.4,,695,-339,坏棒 总长 1002 任意重度敲 铁头
322,14:59:39,hit_322_20260730_145939.csv,512,DEFECT,HIGH,0,80,112,792,500000,4148607,4148607,-3790666,841092.8,,695,97,坏棒 总长 1002 任意重度敲 铁头
323,14:59:40,hit_323_20260730_145940.csv,512,DEFECT,HIGH,0,79,112,782,500000,3954694,3954694,-3670780,796621.4,,695,87,坏棒 总长 1002 任意重度敲 铁头
324,14:59:40,hit_324_20260730_145940.csv,512,DEFECT,HIGH,0,80,112,792,500000,3909508,3909508,-3775415,758748.8,,695,97,坏棒 总长 1002 任意重度敲 铁头
325,14:59:41,hit_325_20260730_145941.csv,512,DEFECT,HIGH,0,83,111,830,500000,4305412,4305412,-3664518,1048916.6,,695,135,坏棒 总长 1002 任意重度敲 铁头
326,14:59:44,hit_326_20260730_145944.csv,512,DEFECT,HIGH,0,24,115,230,500000,4396631,3068795,-4396631,-204172.7,,695,-465,坏棒 总长 1002 任意重度敲 铁头
327,14:59:45,hit_327_20260730_145945.csv,512,DEFECT,HIGH,0,24,114,233,500000,4936972,3605513,-4936972,-92721.6,,695,-462,坏棒 总长 1002 任意重度敲 铁头
328,14:59:45,hit_328_20260730_145945.csv,512,DEFECT,HIGH,0,24,114,233,500000,4867633,3940550,-4867633,127322.1,,695,-462,坏棒 总长 1002 任意重度敲 铁头
329,14:59:45,hit_329_20260730_145945.csv,512,DEFECT,HIGH,0,24,113,235,500000,4801176,3706774,-4801176,-5951.4,,695,-460,坏棒 总长 1002 任意重度敲 铁头
330,14:59:46,hit_330_20260730_145946.csv,512,DEFECT,HIGH,0,82,113,803,500000,4422054,4177791,-4422054,341087.8,,695,108,坏棒 总长 1002 任意重度敲 铁头
331,14:59:46,hit_331_20260730_145946.csv,512,DEFECT,HIGH,0,27,119,250,500000,4535803,3327010,-4535803,-184996.2,,695,-445,坏棒 总长 1002 任意重度敲 铁头
332,14:59:46,hit_332_20260730_145946.csv,512,DEFECT,HIGH,0,26,118,242,500000,4180773,3239739,-4180773,-170741.4,,695,-453,坏棒 总长 1002 任意重度敲 铁头
333,14:59:47,hit_333_20260730_145947.csv,512,DEFECT,HIGH,0,23,113,225,500000,4636396,3972622,-4636396,172586.4,,695,-470,坏棒 总长 1002 任意重度敲 铁头
334,14:59:47,hit_334_20260730_145947.csv,512,DEFECT,HIGH,0,23,113,225,500000,4686292,4061585,-4686292,194186.8,,695,-470,坏棒 总长 1002 任意重度敲 铁头
335,14:59:47,hit_335_20260730_145947.csv,512,DEFECT,HIGH,0,27,114,262,500000,5311842,3788951,-5311842,-108888.5,,695,-433,坏棒 总长 1002 任意重度敲 铁头
336,14:59:48,hit_336_20260730_145948.csv,512,DEFECT,HIGH,0,24,112,237,500000,5063112,4042427,-5063112,266210,,695,-458,坏棒 总长 1002 任意重度敲 铁头
337,14:59:49,hit_337_20260730_145949.csv,512,DEFECT,HIGH,0,35,110,353,500000,4661772,4661772,-3811490,1096485.5,,695,-342,坏棒 总长 1002 任意重度敲 铁头
338,14:59:49,hit_338_20260730_145949.csv,512,DEFECT,HIGH,0,82,109,836,500000,4546598,4546598,-3459408,1268928.7,,695,141,坏棒 总长 1002 任意重度敲 铁头
339,14:59:50,hit_339_20260730_145950.csv,512,DEFECT,HIGH,0,76,109,663,500000,5078935,5078935,-3211525,1646895.9,,695,-32,坏棒 总长 1002 任意重度敲 铁头
340,14:59:50,hit_340_20260730_145950.csv,512,DEFECT,HIGH,0,34,123,303,500000,6150627,3276202,-6150627,-507698.5,,695,-392,坏棒 总长 1002 任意重度敲 铁头
341,14:59:51,hit_341_20260730_145951.csv,512,NORMAL,HIGH,0,0,109,0,500000,5333989,5333989,-3225377,1851762.1,,695,,坏棒 总长 1002 任意重度敲 铁头
342,14:59:51,hit_342_20260730_145951.csv,512,DEFECT,HIGH,0,86,112,851,500000,4737342,4737342,-3916485,1120028.4,,695,156,坏棒 总长 1002 任意重度敲 铁头
343,14:59:51,hit_343_20260730_145951.csv,512,DEFECT,HIGH,0,86,112,851,500000,4646564,4646564,-3822397,1108779.8,,695,156,坏棒 总长 1002 任意重度敲 铁头
344,14:59:52,hit_344_20260730_145952.csv,512,DEFECT,HIGH,0,85,112,841,500000,4720173,4720173,-3790328,1103572.2,,695,146,坏棒 总长 1002 任意重度敲 铁头
345,14:59:52,hit_345_20260730_145952.csv,512,DEFECT,HIGH,0,84,112,831,500000,4859437,4859437,-3579805,1273528.7,,695,136,坏棒 总长 1002 任意重度敲 铁头
346,14:59:52,hit_346_20260730_145952.csv,512,DEFECT,HIGH,0,84,111,840,500000,4579820,4579820,-3507047,1198604.6,,695,145,坏棒 总长 1002 任意重度敲 铁头
347,14:59:53,hit_347_20260730_145953.csv,512,DEFECT,HIGH,0,84,115,807,500000,4078945,4008034,-4078945,724908,,695,112,坏棒 总长 1002 任意重度敲 铁头
348,14:59:53,hit_348_20260730_145953.csv,512,DEFECT,HIGH,0,85,112,841,500000,4742020,4742020,-3591437,1210818.8,,695,146,坏棒 总长 1002 任意重度敲 铁头
349,14:59:53,hit_349_20260730_145953.csv,512,DEFECT,HIGH,0,83,111,830,500000,4838592,4838592,-3340421,1371828.9,,695,135,坏棒 总长 1002 任意重度敲 铁头
350,14:59:54,hit_350_20260730_145954.csv,512,DEFECT,HIGH,0,77,110,666,500000,5329009,5329009,-3352022,1683026.9,,695,-29,坏棒 总长 1002 任意重度敲 铁头
351,14:59:54,hit_351_20260730_145954.csv,512,DEFECT,HIGH,0,84,111,840,500000,5076856,5076856,-3621432,1404910.5,,695,145,坏棒 总长 1002 任意重度敲 铁头
352,14:59:55,hit_352_20260730_145955.csv,512,DEFECT,HIGH,0,83,111,830,500000,5379721,5379721,-3516071,1634716.5,,695,135,坏棒 总长 1002 任意重度敲 铁头
353,14:59:55,hit_353_20260730_145955.csv,512,DEFECT,HIGH,0,84,111,840,500000,5154138,5154138,-3441352,1508202.7,,695,145,坏棒 总长 1002 任意重度敲 铁头
354,14:59:55,hit_354_20260730_145955.csv,512,DEFECT,HIGH,0,84,111,840,500000,4878461,4878461,-3503547,1264913.2,,695,145,坏棒 总长 1002 任意重度敲 铁头
355,14:59:56,hit_355_20260730_145956.csv,512,DEFECT,HIGH,0,83,110,838,500000,5151796,5151796,-3507029,1463434.8,,695,143,坏棒 总长 1002 任意重度敲 铁头
356,14:59:56,hit_356_20260730_145956.csv,512,DEFECT,HIGH,0,84,111,840,500000,4806538,4806538,-3738567,1137887.7,,695,145,坏棒 总长 1002 任意重度敲 铁头
357,14:59:56,hit_357_20260730_145956.csv,512,DEFECT,HIGH,0,77,110,666,500000,5212409,5212409,-3301681,1623281,,695,-29,坏棒 总长 1002 任意重度敲 铁头
358,14:59:57,hit_358_20260730_145957.csv,512,DEFECT,HIGH,0,77,110,666,500000,5640157,5640157,-3298089,1785048.1,,695,-29,坏棒 总长 1002 任意重度敲 铁头
359,14:59:57,hit_359_20260730_145957.csv,512,DEFECT,HIGH,0,83,111,830,500000,5310110,5310110,-3517881,1457494.7,,695,135,坏棒 总长 1002 任意重度敲 铁头
360,14:59:57,hit_360_20260730_145957.csv,512,DEFECT,HIGH,0,77,110,666,500000,5303166,5303166,-3540714,1514719.5,,695,-29,坏棒 总长 1002 任意重度敲 铁头
361,14:59:58,hit_361_20260730_145958.csv,512,DEFECT,HIGH,0,83,110,838,500000,4987794,4987794,-3419465,1439765.3,,695,143,坏棒 总长 1002 任意重度敲 铁头
362,14:59:58,hit_362_20260730_145958.csv,512,DEFECT,HIGH,0,84,111,840,500000,5018743,5018743,-3448894,1405235.7,,695,145,坏棒 总长 1002 任意重度敲 铁头
363,14:59:58,hit_363_20260730_145958.csv,512,DEFECT,HIGH,0,80,112,792,500000,4084627,4084627,-3648481,778668.8,,695,97,坏棒 总长 1002 任意重度敲 铁头
364,14:59:59,hit_364_20260730_145959.csv,512,DEFECT,HIGH,0,84,111,840,500000,4524461,4524461,-3556127,1032196.9,,695,145,坏棒 总长 1002 任意重度敲 铁头
365,14:59:59,hit_365_20260730_145959.csv,512,DEFECT,HIGH,0,85,111,850,500000,4665814,4665814,-3449922,1097263.4,,695,155,坏棒 总长 1002 任意重度敲 铁头
366,14:59:59,hit_366_20260730_145959.csv,512,DEFECT,HIGH,0,82,110,828,500000,4968086,4968086,-3177263,1476340.2,,695,133,坏棒 总长 1002 任意重度敲 铁头
367,14:59:59,hit_367_20260730_145959.csv,512,DEFECT,HIGH,0,84,111,840,500000,4628267,4628267,-3732222,1113787.6,,695,145,坏棒 总长 1002 任意重度敲 铁头
368,15:00:00,hit_368_20260730_150000.csv,512,DEFECT,HIGH,0,82,110,828,500000,5192083,5192083,-3545958,1387486.2,,695,133,坏棒 总长 1002 任意重度敲 铁头
369,15:00:00,hit_369_20260730_150000.csv,512,DEFECT,HIGH,0,76,109,663,500000,5369009,5369009,-3233331,1621681.1,,695,-32,坏棒 总长 1002 任意重度敲 铁头
370,15:00:00,hit_370_20260730_150000.csv,512,DEFECT,HIGH,0,82,110,828,500000,5312337,5312337,-3331777,1506348.6,,695,133,坏棒 总长 1002 任意重度敲 铁头
371,15:00:01,hit_371_20260730_150001.csv,512,DEFECT,HIGH,0,35,112,346,500000,4148025,4101808,-4148025,704901.3,,695,-349,坏棒 总长 1002 任意重度敲 铁头
372,15:00:01,hit_372_20260730_150001.csv,512,DEFECT,HIGH,0,77,109,785,500000,4818772,4818772,-3577939,1290478.1,,695,90,坏棒 总长 1002 任意重度敲 铁头
373,15:00:01,hit_373_20260730_150001.csv,512,DEFECT,HIGH,0,79,111,790,500000,4177537,4177537,-3751411,862421.4,,695,95,坏棒 总长 1002 任意重度敲 铁头
374,15:00:02,hit_374_20260730_150002.csv,512,DEFECT,HIGH,0,38,112,376,500000,4061866,3692618,-4061866,409355.6,,695,-319,坏棒 总长 1002 任意重度敲 铁头
375,15:00:02,hit_375_20260730_150002.csv,512,DEFECT,HIGH,0,83,110,838,500000,4632142,4632142,-3433842,1244859.6,,695,143,坏棒 总长 1002 任意重度敲 铁头
376,15:00:02,hit_376_20260730_150002.csv,512,DEFECT,HIGH,0,85,112,841,500000,3960361,3960361,-3849367,585390.6,,695,146,坏棒 总长 1002 任意重度敲 铁头
377,15:00:02,hit_377_20260730_150002.csv,512,DEFECT,HIGH,0,85,112,841,500000,4412806,4412806,-3712585,900402.5,,695,146,坏棒 总长 1002 任意重度敲 铁头
378,15:00:03,hit_378_20260730_150003.csv,512,DEFECT,HIGH,0,80,111,800,500000,4162104,4162104,-3629650,917553.1,,695,105,坏棒 总长 1002 任意重度敲 铁头
379,15:00:03,hit_379_20260730_150003.csv,512,DEFECT,HIGH,0,85,112,841,500000,4539998,4539998,-3811599,1045143.4,,695,146,坏棒 总长 1002 任意重度敲 铁头
380,15:00:03,hit_380_20260730_150003.csv,512,DEFECT,HIGH,0,79,112,782,500000,3835596,3835596,-3660054,735716.2,,695,87,坏棒 总长 1002 任意重度敲 铁头
381,15:00:04,hit_381_20260730_150004.csv,512,DEFECT,HIGH,0,84,111,840,500000,4605561,4605561,-3776039,1003443,,695,145,坏棒 总长 1002 任意重度敲 铁头
382,15:00:04,hit_382_20260730_150004.csv,512,DEFECT,HIGH,0,77,109,785,500000,4594707,4594707,-3616890,1193367.9,,695,90,坏棒 总长 1002 任意重度敲 铁头
383,15:00:04,hit_383_20260730_150004.csv,512,DEFECT,HIGH,0,82,110,828,500000,4864415,4864415,-3549866,1373389,,695,133,坏棒 总长 1002 任意重度敲 铁头
384,15:00:04,hit_384_20260730_150004.csv,512,DEFECT,HIGH,0,39,113,382,500000,4329216,3939094,-4329216,604479.4,,695,-313,坏棒 总长 1002 任意重度敲 铁头
385,15:00:05,hit_385_20260730_150005.csv,512,DEFECT,HIGH,0,84,111,840,500000,4989453,4989453,-3458753,1437837.5,,695,145,坏棒 总长 1002 任意重度敲 铁头
386,15:00:05,hit_386_20260730_150005.csv,512,DEFECT,HIGH,0,87,112,861,500000,4162283,4162283,-3920381,631034.7,,695,166,坏棒 总长 1002 任意重度敲 铁头
387,15:00:05,hit_387_20260730_150005.csv,512,DEFECT,HIGH,0,37,113,362,500000,4057610,3844703,-4057610,578899.7,,695,-333,坏棒 总长 1002 任意重度敲 铁头
388,15:00:06,hit_388_20260730_150006.csv,512,DEFECT,HIGH,0,76,109,663,500000,5288432,5288432,-3446483,1645538,,695,-32,坏棒 总长 1002 任意重度敲 铁头
389,15:00:06,hit_389_20260730_150006.csv,512,DEFECT,HIGH,0,76,109,663,500000,5366327,5366327,-3480576,1459803.8,,695,-32,坏棒 总长 1002 任意重度敲 铁头
390,15:00:06,hit_390_20260730_150006.csv,512,DEFECT,HIGH,0,76,108,670,500000,5713710,5713710,-3222524,1893884.1,,695,-25,坏棒 总长 1002 任意重度敲 铁头
391,15:00:07,hit_391_20260730_150007.csv,512,DEFECT,HIGH,0,76,110,656,500000,4994818,4994818,-3543749,1384970.2,,695,-39,坏棒 总长 1002 任意重度敲 铁头
392,15:00:07,hit_392_20260730_150007.csv,512,DEFECT,HIGH,0,76,110,656,500000,5166811,5166811,-3623901,1515301.1,,695,-39,坏棒 总长 1002 任意重度敲 铁头
393,15:00:07,hit_393_20260730_150007.csv,512,NORMAL,HIGH,0,0,108,0,500000,5463047,5463047,-3000398,1987717.9,,695,,坏棒 总长 1002 任意重度敲 铁头
394,15:00:07,hit_394_20260730_150007.csv,512,DEFECT,HIGH,0,79,111,790,500000,3884632,3884632,-3632474,721945.4,,695,95,坏棒 总长 1002 任意重度敲 铁头
395,15:00:08,hit_395_20260730_150008.csv,512,DEFECT,HIGH,0,83,111,830,500000,4663814,4663814,-3333692,1202190,,695,135,坏棒 总长 1002 任意重度敲 铁头
396,15:00:08,hit_396_20260730_150008.csv,512,DEFECT,HIGH,0,42,115,403,500000,4332376,4030284,-4332376,318084.6,,695,-292,坏棒 总长 1002 任意重度敲 铁头
397,15:00:08,hit_397_20260730_150008.csv,512,DEFECT,HIGH,0,83,111,830,500000,4595998,4595998,-3295216,1240727.3,,695,135,坏棒 总长 1002 任意重度敲 铁头
398,15:00:09,hit_398_20260730_150009.csv,512,DEFECT,HIGH,0,84,111,840,500000,4560818,4560818,-3731704,1066201.5,,695,145,坏棒 总长 1002 任意重度敲 铁头
399,15:00:09,hit_399_20260730_150009.csv,512,DEFECT,HIGH,0,82,110,828,500000,4748772,4748772,-3527124,1156265.1,,695,133,坏棒 总长 1002 任意重度敲 铁头
400,15:00:09,hit_400_20260730_150009.csv,512,DEFECT,HIGH,0,83,111,830,500000,4751348,4751348,-3597959,1134032.4,,695,135,坏棒 总长 1002 任意重度敲 铁头
401,15:00:09,hit_401_20260730_150009.csv,512,DEFECT,HIGH,0,82,110,828,500000,4834416,4834416,-3386782,1245011.7,,695,133,坏棒 总长 1002 任意重度敲 铁头
402,15:00:10,hit_402_20260730_150010.csv,512,DEFECT,HIGH,0,83,110,838,500000,4663225,4663225,-3798788,1112888.1,,695,143,坏棒 总长 1002 任意重度敲 铁头
403,15:00:10,hit_403_20260730_150010.csv,512,DEFECT,HIGH,0,85,111,850,500000,4592670,4592670,-3895859,1108342.9,,695,155,坏棒 总长 1002 任意重度敲 铁头
404,15:00:17,hit_404_20260730_150017.csv,512,DEFECT,HIGH,0,85,112,841,500000,4537270,4537270,-3715286,1053898.9,,695,146,坏棒 总长 1002 任意重度敲 铁头
405,15:00:18,hit_405_20260730_150018.csv,512,DEFECT,HIGH,0,77,110,666,500000,5403175,5403175,-3375578,1701531,,695,-29,坏棒 总长 1002 任意重度敲 铁头
406,15:00:18,hit_406_20260730_150018.csv,512,DEFECT,HIGH,0,77,109,673,500000,5239285,5239285,-3204791,1781126.5,,695,-22,坏棒 总长 1002 任意重度敲 铁头
407,15:00:19,hit_407_20260730_150019.csv,512,DEFECT,HIGH,0,82,113,803,500000,4216932,4216932,-4096061,729844.3,,695,108,坏棒 总长 1002 任意重度敲 铁头
408,15:00:19,hit_408_20260730_150019.csv,512,DEFECT,HIGH,0,84,110,848,500000,4506040,4506040,-3674335,1138226.7,,695,153,坏棒 总长 1002 任意重度敲 铁头
409,15:00:19,hit_409_20260730_150019.csv,512,DEFECT,HIGH,0,28,118,261,500000,5350379,3384929,-5350379,-190967.2,,695,-434,坏棒 总长 1002 任意重度敲 铁头
410,15:00:20,hit_410_20260730_150020.csv,512,DEFECT,HIGH,0,77,110,666,500000,5372190,5372190,-3607045,1531313.2,,695,-29,坏棒 总长 1002 任意重度敲 铁头
411,15:00:20,hit_411_20260730_150020.csv,512,DEFECT,HIGH,0,77,110,666,500000,5348502,5348502,-3371848,1540189.3,,695,-29,坏棒 总长 1002 任意重度敲 铁头
412,15:00:21,hit_412_20260730_150021.csv,512,DEFECT,HIGH,0,79,110,797,500000,4259113,4259113,-3813794,902597.8,,695,102,坏棒 总长 1002 任意重度敲 铁头
413,15:00:21,hit_413_20260730_150021.csv,512,DEFECT,HIGH,0,85,112,841,500000,4520631,4520631,-4033498,980991,,695,146,坏棒 总长 1002 任意重度敲 铁头
414,15:00:21,hit_414_20260730_150021.csv,512,DEFECT,HIGH,0,24,117,226,500000,4690928,3256863,-4690928,-729,,695,-469,坏棒 总长 1002 任意重度敲 铁头
415,15:00:22,hit_415_20260730_150022.csv,512,DEFECT,HIGH,0,75,109,653,500000,4738893,4738893,-3596784,1276240.2,,695,-42,坏棒 总长 1002 任意重度敲 铁头
416,15:00:22,hit_416_20260730_150022.csv,512,DEFECT,HIGH,0,74,108,762,500000,4920875,4920875,-3040626,1214237.9,,695,67,坏棒 总长 1002 任意重度敲 铁头
417,15:00:22,hit_417_20260730_150022.csv,512,DEFECT,HIGH,0,77,110,777,500000,4454427,4454427,-3698229,941715.7,,695,82,坏棒 总长 1002 任意重度敲 铁头
418,15:00:23,hit_418_20260730_150023.csv,512,DEFECT,HIGH,0,77,109,785,500000,4250089,4250089,-3944893,879573,,695,90,坏棒 总长 1002 任意重度敲 铁头
419,15:00:23,hit_419_20260730_150023.csv,512,DEFECT,HIGH,0,75,108,773,500000,4194731,4194731,-3462772,980202.6,,695,78,坏棒 总长 1002 任意重度敲 铁头
420,15:00:23,hit_420_20260730_150023.csv,512,DEFECT,HIGH,0,34,109,346,500000,3887891,3869281,-3887891,638445.5,,695,-349,坏棒 总长 1002 任意重度敲 铁头
421,15:00:35,hit_421_20260730_150035.csv,512,NORMAL,HIGH,0,0,108,0,500000,5786588,5786588,-3321105,2115136.3,,695,,坏棒 总长 1002 任意重度敲 铁头
422,15:00:36,hit_422_20260730_150036.csv,512,DEFECT,HIGH,0,32,112,316,500000,1774882,1774882,-1383044,-43034.1,,695,-379,坏棒 总长 1002 任意重度敲 铁头
423,15:00:37,hit_423_20260730_150037.csv,512,DEFECT,HIGH,0,78,110,787,500000,4375918,4375918,-3656685,1059645.3,,695,92,坏棒 总长 1002 任意重度敲 铁头
424,15:00:37,hit_424_20260730_150037.csv,512,DEFECT,HIGH,0,78,110,787,500000,4325676,4325676,-3658664,1022556.3,,695,92,坏棒 总长 1002 任意重度敲 铁头
425,15:00:38,hit_425_20260730_150038.csv,512,DEFECT,HIGH,0,31,112,306,500000,3721059,2945675,-3721059,250821.8,,695,-389,坏棒 总长 1002 任意重度敲 铁头
426,15:00:38,hit_426_20260730_150038.csv,512,DEFECT,HIGH,0,79,112,782,500000,3655972,3591674,-3655972,617752.6,,695,87,坏棒 总长 1002 任意重度敲 铁头
427,15:00:40,hit_427_20260730_150040.csv,512,DEFECT,HIGH,0,78,110,787,500000,4146874,4146874,-3705398,931383.9,,695,92,坏棒 总长 1002 任意重度敲 铁头
428,15:00:40,hit_428_20260730_150040.csv,512,DEFECT,HIGH,0,34,110,343,500000,4206900,3547298,-4206900,329330.2,,695,-352,坏棒 总长 1002 任意重度敲 铁头
429,15:00:40,hit_429_20260730_150040.csv,512,DEFECT,HIGH,0,78,110,787,500000,4235248,4235248,-3793195,826088.3,,695,92,坏棒 总长 1002 任意重度敲 铁头
430,15:00:41,hit_430_20260730_150041.csv,512,DEFECT,HIGH,0,33,112,326,500000,3840019,3199320,-3840019,255250.6,,695,-369,坏棒 总长 1002 任意重度敲 铁头
431,15:00:41,hit_431_20260730_150041.csv,512,DEFECT,HIGH,0,75,109,653,500000,4877422,4877422,-3592913,1321305.8,,695,-42,坏棒 总长 1002 任意重度敲 铁头
432,15:00:45,hit_432_20260730_150045.csv,512,DEFECT,HIGH,0,76,109,775,500000,3857731,3857731,-3467391,838319.4,,695,80,坏棒 总长 1002 任意重度敲 铁头
433,15:00:46,hit_433_20260730_150046.csv,512,DEFECT,HIGH,0,76,108,670,500000,4650408,4650408,-3494795,1299335.3,,695,-25,坏棒 总长 1002 任意重度敲 铁头
434,15:00:46,hit_434_20260730_150046.csv,512,DEFECT,HIGH,0,78,110,787,500000,4286012,4286012,-3748382,895980.5,,695,92,坏棒 总长 1002 任意重度敲 铁头
435,15:00:47,hit_435_20260730_150047.csv,512,DEFECT,HIGH,0,83,111,830,500000,3411347,2352035,-3411347,8050.2,,695,135,坏棒 总长 1002 任意重度敲 铁头
436,15:00:47,hit_436_20260730_150047.csv,512,DEFECT,HIGH,0,78,110,787,500000,4030035,4030035,-3716310,825809.7,,695,92,坏棒 总长 1002 任意重度敲 铁头
437,15:00:48,hit_437_20260730_150048.csv,512,DEFECT,HIGH,0,79,111,790,500000,3699586,3585332,-3699586,645373.7,,695,95,坏棒 总长 1002 任意重度敲 铁头
438,15:00:48,hit_438_20260730_150048.csv,512,DEFECT,HIGH,0,32,111,320,500000,3680696,3299235,-3680696,478910,,695,-375,坏棒 总长 1002 任意重度敲 铁头
439,15:00:49,hit_439_20260730_150049.csv,512,DEFECT,HIGH,0,83,110,838,500000,4537668,4537668,-3534262,1258468,,695,143,坏棒 总长 1002 任意重度敲 铁头
440,15:00:49,hit_440_20260730_150049.csv,512,DEFECT,HIGH,0,78,111,780,500000,4005493,4005493,-3754926,841365.7,,695,85,坏棒 总长 1002 任意重度敲 铁头
441,15:00:50,hit_441_20260730_150050.csv,512,DEFECT,HIGH,0,78,110,787,500000,4145143,4145143,-3843913,885018.5,,695,92,坏棒 总长 1002 任意重度敲 铁头
442,15:00:50,hit_442_20260730_150050.csv,512,DEFECT,HIGH,0,78,110,787,500000,4043810,4043810,-3620194,905417.5,,695,92,坏棒 总长 1002 任意重度敲 铁头
443,15:00:51,hit_443_20260730_150051.csv,512,DEFECT,HIGH,0,75,108,659,500000,4511568,4511568,-3104973,1406696.8,,695,-36,坏棒 总长 1002 任意重度敲 铁头
444,15:00:51,hit_444_20260730_150051.csv,512,DEFECT,HIGH,0,75,108,659,500000,4230627,4230627,-3178526,1171282.3,,695,-36,坏棒 总长 1002 任意重度敲 铁头
445,15:00:52,hit_445_20260730_150052.csv,512,DEFECT,HIGH,0,77,110,777,500000,4044792,4044792,-3642593,911368.2,,695,82,坏棒 总长 1002 任意重度敲 铁头
446,15:00:52,hit_446_20260730_150052.csv,512,DEFECT,HIGH,0,83,110,838,500000,4396096,4396096,-3654778,1096329.8,,695,143,坏棒 总长 1002 任意重度敲 铁头
447,15:00:53,hit_447_20260730_150053.csv,512,DEFECT,HIGH,0,78,110,787,500000,4090730,4090730,-3669606,926768.7,,695,92,坏棒 总长 1002 任意重度敲 铁头
448,15:00:53,hit_448_20260730_150053.csv,512,DEFECT,HIGH,0,79,111,790,500000,4161114,4161114,-3673597,943644.4,,695,95,坏棒 总长 1002 任意重度敲 铁头
449,15:00:54,hit_449_20260730_150054.csv,512,DEFECT,HIGH,0,81,109,826,500000,4490959,4490959,-3348950,1240058,,695,131,坏棒 总长 1002 任意重度敲 铁头
450,15:00:54,hit_450_20260730_150054.csv,512,DEFECT,HIGH,0,78,110,787,500000,4293413,4293413,-3498369,1108240.1,,695,92,坏棒 总长 1002 任意重度敲 铁头
451,15:00:55,hit_451_20260730_150055.csv,512,DEFECT,HIGH,0,82,110,828,500000,4614523,4614523,-3563884,1259120.2,,695,133,坏棒 总长 1002 任意重度敲 铁头
452,15:00:55,hit_452_20260730_150055.csv,512,DEFECT,HIGH,0,82,110,828,500000,4684028,4684028,-3566706,1321752.8,,695,133,坏棒 总长 1002 任意重度敲 铁头
453,15:00:57,hit_453_20260730_150057.csv,512,DEFECT,HIGH,0,70,112,584,500000,3511145,2376629,-3511145,-203311.1,,695,-111,坏棒 总长 1002 任意重度敲 铁头
454,15:00:58,hit_454_20260730_150058.csv,512,DEFECT,HIGH,0,83,111,830,500000,5594084,5594084,-3425365,1627908.9,,695,135,坏棒 总长 1002 任意重度敲 铁头
455,15:01:03,hit_455_20260730_150103.csv,512,DEFECT,HIGH,0,75,109,653,500000,4413957,4413957,-3641004,1145280.4,,695,-42,坏棒 总长 1002 任意重度敲 铁头
456,15:01:03,hit_456_20260730_150103.csv,512,DEFECT,HIGH,0,77,110,777,500000,4298683,4298683,-3544196,1139857,,695,82,坏棒 总长 1002 任意重度敲 铁头
457,15:01:03,hit_457_20260730_150103.csv,512,DEFECT,HIGH,0,30,111,300,500000,3754980,3045051,-3754980,346535.8,,695,-395,坏棒 总长 1002 任意重度敲 铁头
458,15:01:13,hit_458_20260730_150113.csv,512,DEFECT,LOW,0,37,0,352,500000,1326559,1326559,-963366,-42224.4,,695,-343,坏棒 总长 1002 任意重度敲 铁头
459,15:01:13,hit_459_20260730_150113.csv,512,DEFECT,HIGH,0,76,110,656,500000,5157924,5157924,-3371642,1614449.9,,695,-39,坏棒 总长 1002 任意重度敲 铁头
460,15:01:15,hit_460_20260730_150115.csv,512,DEFECT,HIGH,0,79,110,777,500000,3949631,3949631,-3191985,1125863,,695,82,坏棒 总长 1002 任意重度敲 铁头
461,15:01:19,hit_461_20260730_150119.csv,512,DEFECT,HIGH,0,78,110,787,500000,3981134,3981134,-3344476,1025762.9,,695,92,坏棒 总长 1002 任意重度敲 铁头
462,15:01:19,hit_462_20260730_150119.csv,512,DEFECT,HIGH,0,78,111,780,500000,3807417,3807417,-3458427,866977,,695,85,坏棒 总长 1002 任意重度敲 铁头
463,15:01:20,hit_463_20260730_150120.csv,512,DEFECT,HIGH,0,78,111,780,500000,3525916,3525916,-3394068,727057.8,,695,85,坏棒 总长 1002 任意重度敲 铁头
464,15:01:20,hit_464_20260730_150120.csv,512,DEFECT,HIGH,0,29,114,281,500000,3130791,2017106,-3130791,-96905.5,,695,-414,坏棒 总长 1002 任意重度敲 铁头
465,15:01:21,hit_465_20260730_150121.csv,512,DEFECT,HIGH,0,34,110,343,500000,4031623,4031623,-3946779,629915.2,,695,-352,坏棒 总长 1002 任意重度敲 铁头
466,15:01:22,hit_466_20260730_150122.csv,512,DEFECT,HIGH,0,34,111,340,500000,4130802,4130802,-3893274,782601.8,,695,-355,坏棒 总长 1002 任意重度敲 铁头
467,15:01:24,hit_467_20260730_150124.csv,512,DEFECT,HIGH,0,26,110,262,500000,1464058,1464058,-1205626,-38320.6,,695,-433,坏棒 总长 1002 任意重度敲 铁头
468,15:01:24,hit_468_20260730_150124.csv,512,DEFECT,HIGH,0,75,115,609,500000,5354334,5354334,-2795155,1941365.4,,695,-86,坏棒 总长 1002 任意重度敲 铁头
469,15:01:24,hit_469_20260730_150124.csv,512,DEFECT,HIGH,0,76,108,670,500000,5161101,5161101,-3117073,1671918.6,,695,-25,坏棒 总长 1002 任意重度敲 铁头
470,15:01:27,hit_470_20260730_150127.csv,512,DEFECT,HIGH,0,83,111,830,500000,4269540,4269540,-3421671,1056593,,695,135,坏棒 总长 1002 任意重度敲 铁头
471,15:01:27,hit_471_20260730_150127.csv,512,DEFECT,HIGH,0,78,111,780,500000,3999090,3999090,-3667041,783903.7,,695,85,坏棒 总长 1002 任意重度敲 铁头
472,15:01:28,hit_472_20260730_150128.csv,512,DEFECT,HIGH,0,84,113,823,500000,3050668,2023503,-3050668,-104124.5,,695,128,坏棒 总长 1002 任意重度敲 铁头
473,15:01:29,hit_473_20260730_150129.csv,512,DEFECT,HIGH,0,75,109,653,500000,4786114,4786114,-3541450,1377885.3,,695,-42,坏棒 总长 1002 任意重度敲 铁头
474,15:01:30,hit_474_20260730_150130.csv,512,DEFECT,HIGH,0,79,114,747,500000,3076061,2063258,-3076061,-68655.5,,695,52,坏棒 总长 1002 任意重度敲 铁头
475,15:01:31,hit_475_20260730_150131.csv,512,DEFECT,HIGH,0,77,109,785,500000,4255271,4255271,-3203118,1111186.3,,695,90,坏棒 总长 1002 任意重度敲 铁头
476,15:01:31,hit_476_20260730_150131.csv,512,DEFECT,HIGH,0,82,110,828,500000,4512542,4512542,-3460577,1203149.4,,695,133,坏棒 总长 1002 任意重度敲 铁头
477,15:01:32,hit_477_20260730_150132.csv,512,DEFECT,HIGH,0,77,109,785,500000,4160331,4160331,-3367081,1027372.1,,695,90,坏棒 总长 1002 任意重度敲 铁头
478,15:01:32,hit_478_20260730_150132.csv,512,DEFECT,HIGH,0,78,110,787,500000,4135897,4135897,-3650192,885246.9,,695,92,坏棒 总长 1002 任意重度敲 铁头
479,15:01:33,hit_479_20260730_150133.csv,512,DEFECT,HIGH,0,77,109,785,500000,4232977,4232977,-3425430,1065036.1,,695,90,坏棒 总长 1002 任意重度敲 铁头
480,15:01:33,hit_480_20260730_150133.csv,512,DEFECT,HIGH,0,82,110,828,500000,4556889,4556889,-3576956,1143073.5,,695,133,坏棒 总长 1002 任意重度敲 铁头
481,15:01:33,hit_481_20260730_150133.csv,512,DEFECT,HIGH,0,78,110,787,500000,4211294,4211294,-3361619,1063528.7,,695,92,坏棒 总长 1002 任意重度敲 铁头
482,15:01:34,hit_482_20260730_150134.csv,512,DEFECT,HIGH,0,76,109,663,500000,4792145,4792145,-3439548,1381423,,695,-32,坏棒 总长 1002 任意重度敲 铁头
483,15:01:34,hit_483_20260730_150134.csv,512,DEFECT,HIGH,0,75,109,653,500000,4838090,4838090,-3391742,1398994.3,,695,-42,坏棒 总长 1002 任意重度敲 铁头
484,15:01:35,hit_484_20260730_150135.csv,512,DEFECT,HIGH,0,82,109,836,500000,4668473,4668473,-3454619,1284329.9,,695,141,坏棒 总长 1002 任意重度敲 铁头
485,15:01:35,hit_485_20260730_150135.csv,512,DEFECT,HIGH,0,81,109,826,500000,4527683,4527683,-3419116,1194753.5,,695,131,坏棒 总长 1002 任意重度敲 铁头
486,15:01:36,hit_486_20260730_150136.csv,512,DEFECT,HIGH,0,76,110,656,500000,4706423,4706423,-3364077,1390719.7,,695,-39,坏棒 总长 1002 任意重度敲 铁头
487,15:01:36,hit_487_20260730_150136.csv,512,DEFECT,HIGH,0,78,110,787,500000,4082147,4082147,-3578002,931482.6,,695,92,坏棒 总长 1002 任意重度敲 铁头
488,15:01:37,hit_488_20260730_150137.csv,512,DEFECT,HIGH,0,81,109,826,500000,4393956,4393956,-3330558,1172224.4,,695,131,坏棒 总长 1002 任意重度敲 铁头
489,15:01:37,hit_489_20260730_150137.csv,512,DEFECT,HIGH,0,81,109,826,500000,4449479,4449479,-3276856,1195993,,695,131,坏棒 总长 1002 任意重度敲 铁头
490,15:01:37,hit_490_20260730_150137.csv,512,DEFECT,HIGH,0,81,109,826,500000,4358215,4358215,-3307247,1172328.1,,695,131,坏棒 总长 1002 任意重度敲 铁头
491,15:01:38,hit_491_20260730_150138.csv,512,DEFECT,HIGH,0,76,108,670,500000,4730235,4730235,-3218656,1429539.6,,695,-25,坏棒 总长 1002 任意重度敲 铁头
492,15:01:40,hit_492_20260730_150140.csv,512,DEFECT,HIGH,0,75,117,603,500000,4818413,4818413,-2952664,1490283.5,,695,-92,坏棒 总长 1002 任意重度敲 铁头
493,15:01:50,hit_493_20260730_150150.csv,512,DEFECT,HIGH,0,76,110,656,500000,4963005,4963005,-3491556,1437271.4,,695,-39,坏棒 总长 1002 任意重度敲 铁头
494,15:01:50,hit_494_20260730_150150.csv,512,DEFECT,HIGH,0,81,109,826,500000,4711172,4711172,-3198804,1388702.6,,695,131,坏棒 总长 1002 任意重度敲 铁头
495,15:02:00,hit_495_20260730_150200.csv,512,DEFECT,HIGH,0,34,111,340,500000,3946251,3589536,-3946251,510890.7,,695,-355,坏棒 总长 1002 任意重度敲 铁头
496,15:02:01,hit_496_20260730_150201.csv,512,DEFECT,HIGH,0,35,112,346,500000,3915911,3863003,-3915911,701336.4,,695,-349,坏棒 总长 1002 任意重度敲 铁头
497,15:02:02,hit_497_20260730_150202.csv,512,DEFECT,HIGH,0,79,111,790,500000,3905019,3905019,-3484191,829185.1,,695,95,坏棒 总长 1002 任意重度敲 铁头
498,15:02:03,hit_498_20260730_150203.csv,512,DEFECT,HIGH,0,86,116,800,500000,4193073,3615343,-4193073,568483.1,,695,105,坏棒 总长 1002 任意重度敲 铁头
499,15:02:03,hit_499_20260730_150203.csv,512,DEFECT,HIGH,0,83,111,830,500000,4547209,4547209,-3366244,1247951.3,,695,135,坏棒 总长 1002 任意重度敲 铁头
500,15:02:04,hit_500_20260730_150204.csv,512,DEFECT,HIGH,0,90,118,813,500000,4652651,3785926,-4652651,601805.8,,695,118,坏棒 总长 1002 任意重度敲 铁头
501,15:02:04,hit_501_20260730_150204.csv,512,DEFECT,HIGH,0,80,112,792,500000,4126235,4126235,-3805412,817880.3,,695,97,坏棒 总长 1002 任意重度敲 铁头
502,15:02:05,hit_502_20260730_150205.csv,512,DEFECT,HIGH,0,78,112,772,500000,3541513,3227576,-3541513,483053.4,,695,77,坏棒 总长 1002 任意重度敲 铁头
503,15:02:06,hit_503_20260730_150206.csv,512,DEFECT,HIGH,0,78,111,780,500000,3662105,3484521,-3662105,590584.6,,695,85,坏棒 总长 1002 任意重度敲 铁头
504,15:02:06,hit_504_20260730_150206.csv,512,DEFECT,HIGH,0,87,114,844,500000,4049516,3444166,-4049516,446736.3,,695,149,坏棒 总长 1002 任意重度敲 铁头
505,15:02:07,hit_505_20260730_150207.csv,512,DEFECT,HIGH,0,79,110,797,500000,4322260,4322260,-3580510,1025646,,695,102,坏棒 总长 1002 任意重度敲 铁头
506,15:02:07,hit_506_20260730_150207.csv,512,DEFECT,HIGH,0,80,111,800,500000,4195315,4195315,-3846968,875644.2,,695,105,坏棒 总长 1002 任意重度敲 铁头
507,15:02:08,hit_507_20260730_150208.csv,512,DEFECT,HIGH,0,83,110,838,500000,4467540,4467540,-3508866,1110825.3,,695,143,坏棒 总长 1002 任意重度敲 铁头
508,15:02:08,hit_508_20260730_150208.csv,512,DEFECT,HIGH,0,76,109,663,500000,4867093,4867093,-3441314,1399647.8,,695,-32,坏棒 总长 1002 任意重度敲 铁头
509,15:02:09,hit_509_20260730_150209.csv,512,DEFECT,HIGH,0,84,111,840,500000,4421986,4421986,-3734403,1045895.2,,695,145,坏棒 总长 1002 任意重度敲 铁头
510,15:02:09,hit_510_20260730_150209.csv,512,DEFECT,HIGH,0,81,113,794,500000,4039229,3841967,-4039229,693825.4,,695,99,坏棒 总长 1002 任意重度敲 铁头
511,15:02:10,hit_511_20260730_150210.csv,512,DEFECT,HIGH,0,37,112,366,500000,4123646,3858782,-4123646,667986.7,,695,-329,坏棒 总长 1002 任意重度敲 铁头
512,15:02:27,hit_512_20260730_150227.csv,512,DEFECT,HIGH,0,83,110,838,500000,4496963,4496963,-3625883,1125609.9,,695,143,坏棒 总长 1002 任意重度敲 铁头
513,15:02:27,hit_513_20260730_150227.csv,512,DEFECT,HIGH,0,80,112,792,500000,4232535,4232535,-3754866,901394.8,,695,97,坏棒 总长 1002 任意重度敲 铁头
514,15:02:29,hit_514_20260730_150229.csv,512,DEFECT,HIGH,0,87,113,852,500000,4062835,3562576,-4062835,498975.4,,695,157,坏棒 总长 1002 任意重度敲 铁头
515,15:02:33,hit_515_20260730_150233.csv,512,DEFECT,HIGH,0,84,111,840,500000,4646317,4646317,-3702444,1187592.2,,695,145,坏棒 总长 1002 任意重度敲 铁头
516,15:02:33,hit_516_20260730_150233.csv,512,DEFECT,HIGH,0,79,111,790,500000,4276029,4276029,-3581625,1026059.1,,695,95,坏棒 总长 1002 任意重度敲 铁头
517,15:02:34,hit_517_20260730_150234.csv,512,DEFECT,HIGH,0,82,110,828,500000,4422296,4422296,-3642629,1066570.1,,695,133,坏棒 总长 1002 任意重度敲 铁头
518,15:02:34,hit_518_20260730_150234.csv,512,DEFECT,HIGH,0,32,112,316,500000,3922870,3001753,-3922870,232651.2,,695,-379,坏棒 总长 1002 任意重度敲 铁头
519,15:02:35,hit_519_20260730_150235.csv,512,DEFECT,HIGH,0,35,111,350,500000,4161875,4161875,-3838741,785693.6,,695,-345,坏棒 总长 1002 任意重度敲 铁头
520,15:02:35,hit_520_20260730_150235.csv,512,DEFECT,HIGH,0,82,110,828,500000,4500954,4500954,-3547328,1159909.6,,695,133,坏棒 总长 1002 任意重度敲 铁头
521,15:02:36,hit_521_20260730_150236.csv,512,DEFECT,HIGH,0,78,110,787,500000,4231122,4231122,-3656204,1021513.9,,695,92,坏棒 总长 1002 任意重度敲 铁头
522,15:02:36,hit_522_20260730_150236.csv,512,DEFECT,HIGH,0,37,111,370,500000,4446540,4446540,-3900822,1036329.7,,695,-325,坏棒 总长 1002 任意重度敲 铁头
523,15:02:36,hit_523_20260730_150236.csv,512,DEFECT,HIGH,0,78,110,787,500000,4088475,4088475,-3718255,899087.8,,695,92,坏棒 总长 1002 任意重度敲 铁头
524,15:02:37,hit_524_20260730_150237.csv,512,DEFECT,HIGH,0,78,111,780,500000,3736094,3723623,-3736094,720537.4,,695,85,坏棒 总长 1002 任意重度敲 铁头
525,15:02:37,hit_525_20260730_150237.csv,512,DEFECT,HIGH,0,77,109,785,500000,4165237,4165237,-3439940,1073198.7,,695,90,坏棒 总长 1002 任意重度敲 铁头
526,15:02:38,hit_526_20260730_150238.csv,512,DEFECT,HIGH,0,77,110,777,500000,3643650,3643650,-3625759,725836.2,,695,82,坏棒 总长 1002 任意重度敲 铁头
527,15:02:38,hit_527_20260730_150238.csv,512,DEFECT,HIGH,0,78,111,780,500000,3862838,3862838,-3693540,800621.2,,695,85,坏棒 总长 1002 任意重度敲 铁头
528,15:02:39,hit_528_20260730_150239.csv,512,DEFECT,HIGH,0,32,111,320,500000,3737986,3239710,-3737986,425139.6,,695,-375,坏棒 总长 1002 任意重度敲 铁头
529,15:02:39,hit_529_20260730_150239.csv,512,DEFECT,HIGH,0,78,111,780,500000,3750968,3750968,-3642486,760461.4,,695,85,坏棒 总长 1002 任意重度敲 铁头
530,15:02:39,hit_530_20260730_150239.csv,512,DEFECT,HIGH,0,78,110,787,500000,3814423,3814423,-3605837,830781.8,,695,92,坏棒 总长 1002 任意重度敲 铁头
531,15:02:40,hit_531_20260730_150240.csv,512,DEFECT,HIGH,0,33,112,326,500000,3835677,3358057,-3835677,453423.4,,695,-369,坏棒 总长 1002 任意重度敲 铁头
532,15:02:52,hit_532_20260730_150252.csv,512,DEFECT,HIGH,0,83,110,838,500000,4534660,4534660,-3531626,1127524.4,,695,143,坏棒 总长 1002 任意重度敲 铁头
533,15:02:52,hit_533_20260730_150252.csv,512,DEFECT,HIGH,0,78,109,795,500000,4178037,4178037,-3570923,1073824.6,,695,100,坏棒 总长 1002 任意重度敲 铁头
534,15:02:53,hit_534_20260730_150253.csv,512,DEFECT,HIGH,0,82,109,836,500000,4361277,4361277,-3551604,1140714.7,,695,141,坏棒 总长 1002 任意重度敲 铁头
535,15:02:55,hit_535_20260730_150255.csv,512,DEFECT,HIGH,0,78,112,772,500000,3717890,3377851,-3717890,512602.9,,695,77,坏棒 总长 1002 任意重度敲 铁头
536,15:02:55,hit_536_20260730_150255.csv,512,DEFECT,HIGH,0,78,110,787,500000,4070660,4070660,-3712162,842741.2,,695,92,坏棒 总长 1002 任意重度敲 铁头
537,15:02:56,hit_537_20260730_150256.csv,512,DEFECT,HIGH,0,36,112,356,500000,4133876,3223077,-4133876,186971,,695,-339,坏棒 总长 1002 任意重度敲 铁头
538,15:02:56,hit_538_20260730_150256.csv,512,DEFECT,HIGH,0,77,110,777,500000,3821170,3821170,-3745160,764134.9,,695,82,坏棒 总长 1002 任意重度敲 铁头
539,15:02:57,hit_539_20260730_150257.csv,512,DEFECT,HIGH,0,35,112,346,500000,4008780,3503001,-4008780,397824.4,,695,-349,坏棒 总长 1002 任意重度敲 铁头
540,15:03:00,hit_540_20260730_150300.csv,512,DEFECT,HIGH,0,82,110,828,500000,4724345,4724345,-3564990,1294343.4,,695,133,坏棒 总长 1002 任意重度敲 铁头
541,15:03:00,hit_541_20260730_150300.csv,512,DEFECT,HIGH,0,78,110,787,500000,4064872,4064872,-3716445,848102,,695,92,坏棒 总长 1002 任意重度敲 铁头
542,15:03:01,hit_542_20260730_150301.csv,512,DEFECT,HIGH,0,75,108,773,500000,3920152,3920152,-3378686,918268,,695,78,坏棒 总长 1002 任意重度敲 铁头
543,15:03:01,hit_543_20260730_150301.csv,512,DEFECT,HIGH,0,76,109,663,500000,4519886,4519886,-3567280,1163973.6,,695,-32,坏棒 总长 1002 任意重度敲 铁头
544,15:03:02,hit_544_20260730_150302.csv,512,DEFECT,HIGH,0,76,108,783,500000,4276147,4276147,-3543193,1061001.9,,695,88,坏棒 总长 1002 任意重度敲 铁头
545,15:03:02,hit_545_20260730_150302.csv,512,DEFECT,HIGH,0,77,109,785,500000,4462427,4462427,-3555409,1152075,,695,90,坏棒 总长 1002 任意重度敲 铁头
546,15:03:02,hit_546_20260730_150302.csv,512,DEFECT,HIGH,0,81,109,826,500000,4405397,4405397,-3525725,1129103.4,,695,131,坏棒 总长 1002 任意重度敲 铁头
547,15:03:03,hit_547_20260730_150303.csv,512,DEFECT,HIGH,0,79,111,790,500000,4137652,4137652,-3802631,854566.6,,695,95,坏棒 总长 1002 任意重度敲 铁头
548,15:03:03,hit_548_20260730_150303.csv,512,DEFECT,HIGH,0,78,111,780,500000,4199761,4199761,-3691403,902163,,695,85,坏棒 总长 1002 任意重度敲 铁头
549,15:03:04,hit_549_20260730_150304.csv,512,DEFECT,HIGH,0,35,112,346,500000,4056276,4056276,-3944632,787889.8,,695,-349,坏棒 总长 1002 任意重度敲 铁头
550,15:03:04,hit_550_20260730_150304.csv,512,DEFECT,HIGH,0,78,110,787,500000,4085302,4085302,-3653699,888607,,695,92,坏棒 总长 1002 任意重度敲 铁头
551,15:03:04,hit_551_20260730_150304.csv,512,DEFECT,HIGH,0,77,110,777,500000,3970967,3970967,-3470807,882358.2,,695,82,坏棒 总长 1002 任意重度敲 铁头
552,15:03:05,hit_552_20260730_150305.csv,512,DEFECT,HIGH,0,21,114,203,500000,4314310,2982427,-4314310,6018.6,,695,-492,坏棒 总长 1002 任意重度敲 铁头
553,15:03:06,hit_553_20260730_150306.csv,512,DEFECT,HIGH,0,31,112,306,500000,3675291,2619339,-3675291,48353,,695,-389,坏棒 总长 1002 任意重度敲 铁头
554,15:03:13,hit_554_20260730_150313.csv,512,DEFECT,HIGH,0,79,110,797,500000,4270415,4270415,-3713153,1001352.9,,695,102,坏棒 总长 1002 任意重度敲 铁头
555,15:03:14,hit_555_20260730_150314.csv,512,DEFECT,HIGH,0,77,110,777,500000,3587426,3587426,-3507615,735017.2,,695,82,坏棒 总长 1002 任意重度敲 铁头
556,15:03:15,hit_556_20260730_150315.csv,512,DEFECT,HIGH,0,81,108,835,500000,3533281,2987079,-3533281,298739.4,,695,140,坏棒 总长 1002 任意重度敲 铁头
557,15:03:16,hit_557_20260730_150316.csv,512,DEFECT,HIGH,0,77,110,777,500000,3696451,3696451,-3660153,693478.4,,695,82,坏棒 总长 1002 任意重度敲 铁头
558,15:03:17,hit_558_20260730_150317.csv,512,DEFECT,HIGH,0,72,110,616,500000,3904526,2556700,-3904526,-128369.7,,695,-79,坏棒 总长 1002 任意重度敲 铁头
559,15:03:19,hit_559_20260730_150319.csv,512,DEFECT,HIGH,0,76,109,775,500000,3915366,3915366,-3506484,814511.1,,695,80,坏棒 总长 1002 任意重度敲 铁头
560,15:03:20,hit_560_20260730_150320.csv,512,DEFECT,HIGH,0,77,110,777,500000,3780773,3780773,-3688920,711739.7,,695,82,坏棒 总长 1002 任意重度敲 铁头
561,15:03:20,hit_561_20260730_150320.csv,512,DEFECT,HIGH,0,78,110,787,500000,4030977,4030977,-3665268,864945.6,,695,92,坏棒 总长 1002 任意重度敲 铁头
562,15:03:20,hit_562_20260730_150320.csv,512,DEFECT,HIGH,0,78,110,787,500000,4013760,4013760,-3776980,804498.1,,695,92,坏棒 总长 1002 任意重度敲 铁头
563,15:03:21,hit_563_20260730_150321.csv,512,DEFECT,HIGH,0,78,110,787,500000,4529224,4529224,-3783177,1082491.8,,695,92,坏棒 总长 1002 任意重度敲 铁头
564,15:03:21,hit_564_20260730_150321.csv,512,DEFECT,HIGH,0,77,109,785,500000,4594626,4594626,-3696952,1140159.5,,695,90,坏棒 总长 1002 任意重度敲 铁头
565,15:03:22,hit_565_20260730_150322.csv,512,DEFECT,HIGH,0,76,109,775,500000,4309389,4309389,-3613907,1009089.6,,695,80,坏棒 总长 1002 任意重度敲 铁头
566,15:03:22,hit_566_20260730_150322.csv,512,DEFECT,HIGH,0,78,110,787,500000,4097012,4097012,-3796554,849421.6,,695,92,坏棒 总长 1002 任意重度敲 铁头
567,15:03:22,hit_567_20260730_150322.csv,512,DEFECT,HIGH,0,77,109,785,500000,4506579,4506579,-3611588,1164684.7,,695,90,坏棒 总长 1002 任意重度敲 铁头
568,15:03:23,hit_568_20260730_150323.csv,512,DEFECT,HIGH,0,77,110,777,500000,4184319,4184319,-3790497,922942.5,,695,82,坏棒 总长 1002 任意重度敲 铁头
569,15:03:23,hit_569_20260730_150323.csv,512,DEFECT,HIGH,0,77,109,785,500000,4130229,4130229,-3658038,911748.1,,695,90,坏棒 总长 1002 任意重度敲 铁头
570,15:03:24,hit_570_20260730_150324.csv,512,DEFECT,HIGH,0,76,109,663,500000,4524176,4524176,-3689865,1140767.4,,695,-32,坏棒 总长 1002 任意重度敲 铁头
571,15:03:24,hit_571_20260730_150324.csv,512,DEFECT,HIGH,0,78,110,787,500000,4076353,4076353,-3657548,864616.4,,695,92,坏棒 总长 1002 任意重度敲 铁头
572,15:03:24,hit_572_20260730_150324.csv,512,DEFECT,HIGH,0,34,112,336,500000,3855800,3570791,-3855800,513577.8,,695,-359,坏棒 总长 1002 任意重度敲 铁头
573,15:03:27,hit_573_20260730_150327.csv,512,DEFECT,HIGH,0,31,112,306,500000,3881793,3091598,-3881793,290467,,695,-389,坏棒 总长 1002 任意重度敲 铁头
574,15:03:30,hit_574_20260730_150330.csv,512,DEFECT,HIGH,0,79,113,754,500000,3494870,2256271,-3494870,-129050.3,,695,59,坏棒 总长 1002 任意重度敲 铁头
575,15:03:31,hit_575_20260730_150331.csv,512,DEFECT,HIGH,0,79,112,782,500000,3830268,3236046,-3830268,429307.8,,695,87,坏棒 总长 1002 任意重度敲 铁头
576,15:03:31,hit_576_20260730_150331.csv,512,DEFECT,HIGH,0,33,112,326,500000,3850814,2957657,-3850814,120727.5,,695,-369,坏棒 总长 1002 任意重度敲 铁头
577,15:03:32,hit_577_20260730_150332.csv,512,DEFECT,HIGH,0,80,112,792,500000,4141509,4141509,-3862369,905798.1,,695,97,坏棒 总长 1002 任意重度敲 铁头
578,15:03:33,hit_578_20260730_150333.csv,512,DEFECT,HIGH,0,78,110,787,500000,4029618,4029618,-3822090,820929.8,,695,92,坏棒 总长 1002 任意重度敲 铁头
579,15:03:33,hit_579_20260730_150333.csv,512,DEFECT,HIGH,0,77,109,785,500000,4235299,4235299,-3243825,1210713.9,,695,90,坏棒 总长 1002 任意重度敲 铁头
580,15:03:34,hit_580_20260730_150334.csv,512,DEFECT,HIGH,0,78,112,752,500000,3592587,2371416,-3592587,-91211.2,,695,57,坏棒 总长 1002 任意重度敲 铁头
581,15:03:34,hit_581_20260730_150334.csv,512,DEFECT,HIGH,0,30,112,297,500000,3487649,2454407,-3487649,-11701.3,,695,-398,坏棒 总长 1002 任意重度敲 铁头
582,15:03:45,hit_582_20260730_150345.csv,512,DEFECT,HIGH,0,81,109,826,500000,4482488,4482488,-3465703,1235685.1,,695,131,坏棒 总长 1002 任意重度敲 铁头
583,15:03:45,hit_583_20260730_150345.csv,512,DEFECT,HIGH,0,22,112,217,500000,4338019,3277317,-4338019,91450.2,,695,-478,坏棒 总长 1002 任意重度敲 铁头
584,15:03:47,hit_584_20260730_150347.csv,512,DEFECT,HIGH,0,34,110,343,500000,3985499,3985499,-3612951,894252.6,,695,-352,坏棒 总长 1002 任意重度敲 铁头
585,15:03:50,hit_585_20260730_150350.csv,512,DEFECT,HIGH,0,31,111,310,500000,3664219,3227505,-3664219,406758.5,,695,-385,坏棒 总长 1002 任意重度敲 铁头
586,15:03:56,hit_586_20260730_150356.csv,512,DEFECT,HIGH,0,76,108,783,500000,4169917,4169917,-3650826,804499.1,,695,88,坏棒 总长 1002 任意重度敲 铁头
587,15:03:57,hit_587_20260730_150357.csv,512,DEFECT,HIGH,0,78,110,787,500000,4508546,4508546,-3720650,1080112.6,,695,92,坏棒 总长 1002 任意重度敲 铁头
588,15:03:59,hit_588_20260730_150359.csv,512,DEFECT,HIGH,0,35,111,350,500000,4273121,4273121,-4009392,767805.7,,695,-345,坏棒 总长 1002 任意重度敲 铁头
589,15:03:59,hit_589_20260730_150359.csv,512,DEFECT,HIGH,0,34,111,340,500000,4146115,3559605,-4146115,461627.5,,695,-355,坏棒 总长 1002 任意重度敲 铁头
590,15:03:59,hit_590_20260730_150359.csv,512,DEFECT,HIGH,0,78,110,787,500000,4246407,4246407,-3843411,816170.5,,695,92,坏棒 总长 1002 任意重度敲 铁头
591,15:04:00,hit_591_20260730_150400.csv,512,DEFECT,HIGH,0,36,112,356,500000,4137093,3964794,-4137093,523766.3,,695,-339,坏棒 总长 1002 任意重度敲 铁头
592,15:04:05,hit_592_20260730_150405.csv,512,DEFECT,HIGH,0,76,108,783,500000,4182713,4182713,-3761113,848347.5,,695,88,坏棒 总长 1002 任意重度敲 铁头
593,15:04:05,hit_593_20260730_150405.csv,512,DEFECT,HIGH,0,78,110,787,500000,3959450,3550104,-3959450,599510.8,,695,92,坏棒 总长 1002 任意重度敲 铁头
594,15:04:06,hit_594_20260730_150406.csv,512,DEFECT,HIGH,0,71,115,576,500000,3477174,2284283,-3477174,-160104.4,,695,-119,坏棒 总长 1002 任意重度敲 铁头
595,15:04:06,hit_595_20260730_150406.csv,512,DEFECT,HIGH,0,75,108,659,500000,4003938,4003938,-3259025,1182520.2,,695,-36,坏棒 总长 1002 任意重度敲 铁头
596,15:04:07,hit_596_20260730_150407.csv,512,DEFECT,HIGH,0,77,109,673,500000,4155525,4155525,-3481470,1180671.2,,695,-22,坏棒 总长 1002 任意重度敲 铁头
597,15:04:07,hit_597_20260730_150407.csv,512,DEFECT,HIGH,0,77,110,777,500000,3608210,3409221,-3608210,555280.8,,695,82,坏棒 总长 1002 任意重度敲 铁头
598,15:04:08,hit_598_20260730_150408.csv,512,DEFECT,HIGH,0,78,110,787,500000,3787697,3787697,-3704422,736509.3,,695,92,坏棒 总长 1002 任意重度敲 铁头
599,15:04:08,hit_599_20260730_150408.csv,512,DEFECT,HIGH,0,78,110,787,500000,4112719,4112719,-3615752,1019911.6,,695,92,坏棒 总长 1002 任意重度敲 铁头
600,15:04:08,hit_600_20260730_150408.csv,512,DEFECT,HIGH,0,34,110,343,500000,4064283,4064283,-3788763,921520.5,,695,-352,坏棒 总长 1002 任意重度敲 铁头
601,15:04:09,hit_601_20260730_150409.csv,512,DEFECT,HIGH,0,34,111,340,500000,4038547,3641565,-4038547,589039,,695,-355,坏棒 总长 1002 任意重度敲 铁头
602,15:04:09,hit_602_20260730_150409.csv,512,DEFECT,HIGH,0,33,111,330,500000,3827691,3521445,-3827691,536456.7,,695,-365,坏棒 总长 1002 任意重度敲 铁头
603,15:04:10,hit_603_20260730_150410.csv,512,DEFECT,HIGH,0,78,110,787,500000,4007622,3658154,-4007622,591554.1,,695,92,坏棒 总长 1002 任意重度敲 铁头
604,15:04:10,hit_604_20260730_150410.csv,512,DEFECT,HIGH,0,78,110,787,500000,3928358,3928358,-3570693,916324.8,,695,92,坏棒 总长 1002 任意重度敲 铁头
605,15:04:11,hit_605_20260730_150411.csv,512,DEFECT,HIGH,0,35,111,350,500000,4036970,4036970,-3852923,839884.8,,695,-345,坏棒 总长 1002 任意重度敲 铁头
606,15:04:11,hit_606_20260730_150411.csv,512,DEFECT,HIGH,0,76,108,783,500000,4232433,4232433,-3550612,1063003.2,,695,88,坏棒 总长 1002 任意重度敲 铁头
607,15:04:11,hit_607_20260730_150411.csv,512,DEFECT,HIGH,0,77,109,785,500000,4342341,4342341,-3581135,1119095.3,,695,90,坏棒 总长 1002 任意重度敲 铁头
608,15:04:12,hit_608_20260730_150412.csv,512,DEFECT,HIGH,0,77,109,785,500000,4004863,4004863,-3593502,970681.1,,695,90,坏棒 总长 1002 任意重度敲 铁头
609,15:04:17,hit_609_20260730_150417.csv,512,DEFECT,HIGH,0,73,108,639,500000,4064923,4064923,-3126683,1228595.1,,695,-56,坏棒 总长 1002 任意重度敲 铁头
610,15:04:17,hit_610_20260730_150417.csv,512,DEFECT,HIGH,0,76,108,783,500000,4399661,4399661,-3613535,1038366.3,,695,88,坏棒 总长 1002 任意重度敲 铁头
611,15:04:17,hit_611_20260730_150417.csv,512,DEFECT,HIGH,0,74,108,762,500000,4180365,4180365,-3419071,949844.5,,695,67,坏棒 总长 1002 任意重度敲 铁头
612,15:04:18,hit_612_20260730_150418.csv,512,DEFECT,HIGH,0,75,108,773,500000,3844240,3844240,-3408323,739101.3,,695,78,坏棒 总长 1002 任意重度敲 铁头
613,15:04:18,hit_613_20260730_150418.csv,512,DEFECT,HIGH,0,77,110,777,500000,3870473,3870473,-3837030,777821.3,,695,82,坏棒 总长 1002 任意重度敲 铁头
614,15:04:25,hit_614_20260730_150425.csv,512,DEFECT,HIGH,0,21,110,212,500000,3745097,2624794,-3745097,-250046.5,,695,-483,坏棒 总长 1002 任意重度敲 铁头
615,15:04:36,hit_615_20260730_150436.csv,512,DEFECT,HIGH,0,76,108,670,500000,4533649,4533649,-3447019,1279575.5,,695,-25,坏棒 总长 1002 任意重度敲 铁头
616,15:04:36,hit_616_20260730_150436.csv,512,DEFECT,HIGH,0,76,108,670,500000,4704051,4704051,-3362712,1428316.2,,695,-25,坏棒 总长 1002 任意重度敲 铁头
617,15:04:37,hit_617_20260730_150437.csv,512,DEFECT,HIGH,0,77,109,785,500000,3970105,3970105,-3550780,970978,,695,90,坏棒 总长 1002 任意重度敲 铁头
618,15:04:48,hit_618_20260730_150448.csv,512,DEFECT,HIGH,0,84,112,831,500000,4307497,4307497,-3694333,1004764.6,,695,136,坏棒 总长 1002 任意重度敲 铁头
619,15:04:49,hit_619_20260730_150449.csv,512,DEFECT,HIGH,0,86,113,843,500000,4076362,3658616,-4076362,567827.5,,695,148,坏棒 总长 1002 任意重度敲 铁头
620,15:04:49,hit_620_20260730_150449.csv,512,DEFECT,HIGH,0,34,110,343,500000,4179118,4179118,-3887752,888969.9,,695,-352,坏棒 总长 1002 任意重度敲 铁头
621,15:04:52,hit_621_20260730_150452.csv,512,DEFECT,HIGH,0,78,111,780,500000,4000313,4000313,-3744911,843498.5,,695,85,坏棒 总长 1002 任意重度敲 铁头
622,15:04:55,hit_622_20260730_150455.csv,512,DEFECT,HIGH,0,73,108,639,500000,4522418,4522418,-3400705,1325568.6,,695,-56,坏棒 总长 1002 任意重度敲 铁头
623,15:04:55,hit_623_20260730_150455.csv,512,DEFECT,HIGH,0,76,108,783,500000,4066656,4066656,-3475386,854112.6,,695,88,坏棒 总长 1002 任意重度敲 铁头
624,15:04:56,hit_624_20260730_150456.csv,512,DEFECT,HIGH,0,77,110,777,500000,3900609,3900609,-3795907,715144.7,,695,82,坏棒 总长 1002 任意重度敲 铁头
625,15:04:56,hit_625_20260730_150456.csv,512,DEFECT,HIGH,0,37,112,366,500000,4249518,3932844,-4249518,545974.9,,695,-329,坏棒 总长 1002 任意重度敲 铁头
626,15:04:57,hit_626_20260730_150457.csv,512,DEFECT,HIGH,0,34,113,333,500000,4010533,2925461,-4010533,114966.8,,695,-362,坏棒 总长 1002 任意重度敲 铁头
627,15:04:58,hit_627_20260730_150458.csv,512,DEFECT,HIGH,0,79,112,782,500000,3896364,3235425,-3896364,372030.4,,695,87,坏棒 总长 1002 任意重度敲 铁头
628,15:04:58,hit_628_20260730_150458.csv,512,DEFECT,HIGH,0,78,111,780,500000,3823365,3823365,-3748330,716384.8,,695,85,坏棒 总长 1002 任意重度敲 铁头
629,15:05:04,hit_629_20260730_150504.csv,512,DEFECT,HIGH,0,79,112,782,500000,3955846,3955846,-3914903,686013.4,,695,87,坏棒 总长 1002 任意重度敲 铁头
630,15:05:04,hit_630_20260730_150504.csv,512,DEFECT,HIGH,0,78,110,787,500000,4134928,4134928,-3741137,907284.6,,695,92,坏棒 总长 1002 任意重度敲 铁头
631,15:05:04,hit_631_20260730_150504.csv,512,DEFECT,HIGH,0,78,110,787,500000,3978552,3978552,-3696684,823390.3,,695,92,坏棒 总长 1002 任意重度敲 铁头
632,15:05:05,hit_632_20260730_150505.csv,512,DEFECT,HIGH,0,77,113,647,500000,4128681,3349800,-4128681,258881.6,,695,-48,坏棒 总长 1002 任意重度敲 铁头
633,15:05:05,hit_633_20260730_150505.csv,512,DEFECT,HIGH,0,78,111,780,500000,3794749,3525210,-3794749,509326.5,,695,85,坏棒 总长 1002 任意重度敲 铁头
634,15:05:11,hit_634_20260730_150511.csv,512,DEFECT,HIGH,0,78,111,780,500000,3890643,3874605,-3890643,632576.5,,695,85,坏棒 总长 1002 任意重度敲 铁头
635,15:05:12,hit_635_20260730_150512.csv,512,DEFECT,HIGH,0,76,109,775,500000,3623854,3603181,-3623854,625350.4,,695,80,坏棒 总长 1002 任意重度敲 铁头
636,15:05:12,hit_636_20260730_150512.csv,512,DEFECT,HIGH,0,76,109,775,500000,4101457,4101457,-3675571,889134.4,,695,80,坏棒 总长 1002 任意重度敲 铁头
637,15:05:13,hit_637_20260730_150513.csv,512,DEFECT,HIGH,0,21,112,207,500000,4408959,3735482,-4408959,435736.5,,695,-488,坏棒 总长 1002 任意重度敲 铁头
638,15:05:14,hit_638_20260730_150514.csv,512,DEFECT,HIGH,0,36,114,349,500000,3873709,3022150,-3873709,158546,,695,-346,坏棒 总长 1002 任意重度敲 铁头
639,15:05:14,hit_639_20260730_150514.csv,512,DEFECT,HIGH,0,33,112,326,500000,1630031,1630031,-1191338,-45000.8,,695,-369,坏棒 总长 1002 任意重度敲 铁头
640,15:05:15,hit_640_20260730_150515.csv,512,DEFECT,HIGH,0,78,111,780,500000,3920198,3792811,-3920198,620067.4,,695,85,坏棒 总长 1002 任意重度敲 铁头
641,15:05:16,hit_641_20260730_150516.csv,512,DEFECT,HIGH,0,86,114,834,500000,2597472,1883896,-2597472,-102174.6,,695,139,坏棒 总长 1002 任意重度敲 铁头
642,15:05:19,hit_642_20260730_150519.csv,512,DEFECT,HIGH,0,77,110,777,500000,4154466,4154466,-3706215,907033.4,,695,82,坏棒 总长 1002 任意重度敲 铁头
643,15:05:19,hit_643_20260730_150519.csv,512,DEFECT,HIGH,0,81,109,826,500000,3658204,3658204,-3657647,537393.5,,695,131,坏棒 总长 1002 任意重度敲 铁头
644,15:05:20,hit_644_20260730_150520.csv,512,DEFECT,HIGH,0,76,108,783,500000,4059016,4059016,-3555967,812545.9,,695,88,坏棒 总长 1002 任意重度敲 铁头
645,15:05:20,hit_645_20260730_150520.csv,512,DEFECT,HIGH,0,76,109,775,500000,3894701,3894701,-3611660,793558,,695,80,坏棒 总长 1002 任意重度敲 铁头
646,15:05:21,hit_646_20260730_150521.csv,512,DEFECT,HIGH,0,78,110,787,500000,4526545,4526545,-3782100,1091959.4,,695,92,坏棒 总长 1002 任意重度敲 铁头
647,15:05:21,hit_647_20260730_150521.csv,512,DEFECT,HIGH,0,77,109,785,500000,4445679,4445679,-3655858,1055434,,695,90,坏棒 总长 1002 任意重度敲 铁头
648,15:05:21,hit_648_20260730_150521.csv,512,DEFECT,HIGH,0,77,109,785,500000,4104928,4104928,-3700914,836909.3,,695,90,坏棒 总长 1002 任意重度敲 铁头
649,15:05:22,hit_649_20260730_150522.csv,512,DEFECT,HIGH,0,76,109,775,500000,4268415,4268415,-3576592,927077.6,,695,80,坏棒 总长 1002 任意重度敲 铁头
650,15:05:22,hit_650_20260730_150522.csv,512,DEFECT,HIGH,0,78,111,780,500000,3718396,3489378,-3718396,505329.5,,695,85,坏棒 总长 1002 任意重度敲 铁头
651,15:05:23,hit_651_20260730_150523.csv,512,DEFECT,HIGH,0,79,110,777,500000,3819279,3525647,-3819279,569909.3,,695,82,坏棒 总长 1002 任意重度敲 铁头
652,15:05:23,hit_652_20260730_150523.csv,512,DEFECT,HIGH,0,31,112,306,500000,3750590,3047586,-3750590,260995.5,,695,-389,坏棒 总长 1002 任意重度敲 铁头
653,15:05:25,hit_653_20260730_150525.csv,512,DEFECT,HIGH,0,32,111,320,500000,3834185,3441261,-3834185,505976.1,,695,-375,坏棒 总长 1002 任意重度敲 铁头
654,15:05:27,hit_654_20260730_150527.csv,512,DEFECT,HIGH,0,82,110,828,500000,4407899,4407899,-3563521,1088910.1,,695,133,坏棒 总长 1002 任意重度敲 铁头
655,15:05:30,hit_655_20260730_150530.csv,512,DEFECT,HIGH,0,32,113,313,500000,3681621,2856208,-3681621,192974.7,,695,-382,坏棒 总长 1002 任意重度敲 铁头
656,15:05:31,hit_656_20260730_150531.csv,512,DEFECT,HIGH,0,83,111,830,500000,3628505,3216312,-3628505,441835.6,,695,135,坏棒 总长 1002 任意重度敲 铁头
657,15:05:46,hit_657_20260730_150546.csv,512,DEFECT,HIGH,0,77,108,793,500000,4431847,4431847,-3590254,1183488.9,,695,98,坏棒 总长 1002 任意重度敲 铁头
658,15:05:47,hit_658_20260730_150547.csv,512,DEFECT,HIGH,0,75,109,653,500000,4569503,4569503,-3674056,1278491.9,,695,-42,坏棒 总长 1002 任意重度敲 铁头
659,15:05:47,hit_659_20260730_150547.csv,512,DEFECT,HIGH,0,77,110,777,500000,3992172,3992172,-3777035,829958.4,,695,82,坏棒 总长 1002 任意重度敲 铁头
660,15:05:49,hit_660_20260730_150549.csv,512,DEFECT,HIGH,0,35,111,350,500000,3983491,3676500,-3983491,503527.5,,695,-345,坏棒 总长 1002 任意重度敲 铁头
661,15:05:50,hit_661_20260730_150550.csv,512,DEFECT,HIGH,0,79,112,782,500000,3861952,3500946,-3861952,585027.3,,695,87,坏棒 总长 1002 任意重度敲 铁头
662,15:05:52,hit_662_20260730_150552.csv,512,DEFECT,HIGH,0,79,111,790,500000,3977844,3977844,-3395648,888898.7,,695,95,坏棒 总长 1002 任意重度敲 铁头
663,15:05:53,hit_663_20260730_150553.csv,512,DEFECT,HIGH,0,78,110,787,500000,4116605,4116605,-3370850,1008316.8,,695,92,坏棒 总长 1002 任意重度敲 铁头
664,15:05:54,hit_664_20260730_150554.csv,512,DEFECT,HIGH,0,77,110,777,500000,3706776,3706776,-3438327,755969,,695,82,坏棒 总长 1002 任意重度敲 铁头
665,15:05:54,hit_665_20260730_150554.csv,512,DEFECT,HIGH,0,78,110,787,500000,4150953,4150953,-3674027,903522,,695,92,坏棒 总长 1002 任意重度敲 铁头
666,15:05:55,hit_666_20260730_150555.csv,512,DEFECT,HIGH,0,77,110,777,500000,3972625,3972625,-3666772,792689.7,,695,82,坏棒 总长 1002 任意重度敲 铁头
667,15:05:56,hit_667_20260730_150556.csv,512,DEFECT,HIGH,0,75,108,659,500000,4153864,4153864,-2939963,1221122.5,,695,-36,坏棒 总长 1002 任意重度敲 铁头
668,15:05:56,hit_668_20260730_150556.csv,512,DEFECT,HIGH,0,76,108,670,500000,4402109,4402109,-3097813,1408782.2,,695,-25,坏棒 总长 1002 任意重度敲 铁头
669,15:05:56,hit_669_20260730_150556.csv,512,DEFECT,HIGH,0,77,110,777,500000,3735035,3735035,-3287959,891703.4,,695,82,坏棒 总长 1002 任意重度敲 铁头
670,15:05:58,hit_670_20260730_150558.csv,512,DEFECT,HIGH,0,76,110,767,500000,3439864,3439864,-3083174,754505.2,,695,72,坏棒 总长 1002 任意重度敲 铁头
671,15:06:06,hit_671_20260730_150606.csv,512,DEFECT,HIGH,0,82,110,828,500000,4415598,4415598,-3262387,1342322.7,,695,133,坏棒 总长 1002 任意重度敲 铁头
672,15:06:07,hit_672_20260730_150607.csv,512,DEFECT,HIGH,0,32,108,329,500000,4228079,2960516,-4228079,-315433.7,,695,-366,坏棒 总长 1002 任意重度敲 铁头
673,15:06:07,hit_673_20260730_150607.csv,512,DEFECT,HIGH,0,86,113,843,500000,4170667,3528371,-4170667,485898.8,,695,148,坏棒 总长 1002 任意重度敲 铁头
674,15:06:08,hit_674_20260730_150608.csv,512,DEFECT,HIGH,0,83,111,830,500000,4377115,4377115,-3572043,1201273.4,,695,135,坏棒 总长 1002 任意重度敲 铁头
675,15:06:08,hit_675_20260730_150608.csv,512,DEFECT,HIGH,0,82,110,828,500000,4282358,4282358,-3435751,1225716.4,,695,133,坏棒 总长 1002 任意重度敲 铁头
676,15:06:08,hit_676_20260730_150608.csv,512,DEFECT,HIGH,0,78,110,787,500000,4200197,4200197,-3286112,1096591.4,,695,92,坏棒 总长 1002 任意重度敲 铁头
677,15:06:09,hit_677_20260730_150609.csv,512,DEFECT,HIGH,0,78,110,787,500000,3932802,3932802,-3413873,924510.4,,695,92,坏棒 总长 1002 任意重度敲 铁头
678,15:06:09,hit_678_20260730_150609.csv,512,DEFECT,HIGH,0,82,110,828,500000,4474380,4474380,-3314626,1242575.1,,695,133,坏棒 总长 1002 任意重度敲 铁头
679,15:06:10,hit_679_20260730_150610.csv,512,DEFECT,HIGH,0,79,112,782,500000,3798896,3798896,-3538430,795548,,695,87,坏棒 总长 1002 任意重度敲 铁头
680,15:06:10,hit_680_20260730_150610.csv,512,DEFECT,HIGH,0,34,112,336,500000,3814205,3439921,-3814205,469089.1,,695,-359,坏棒 总长 1002 任意重度敲 铁头
681,15:06:11,hit_681_20260730_150611.csv,512,DEFECT,HIGH,0,78,110,787,500000,4203503,4203503,-3614020,1031459.6,,695,92,坏棒 总长 1002 任意重度敲 铁头
682,15:06:11,hit_682_20260730_150611.csv,512,DEFECT,HIGH,0,81,109,826,500000,4445118,4445118,-3232563,1261188.5,,695,131,坏棒 总长 1002 任意重度敲 铁头
683,15:06:12,hit_683_20260730_150612.csv,512,DEFECT,HIGH,0,82,110,828,500000,4436304,4436304,-3357672,1224280.1,,695,133,坏棒 总长 1002 任意重度敲 铁头
684,15:06:12,hit_684_20260730_150612.csv,512,DEFECT,HIGH,0,79,112,782,500000,3771254,3771254,-3627368,787326.3,,695,87,坏棒 总长 1002 任意重度敲 铁头
685,15:06:12,hit_685_20260730_150612.csv,512,DEFECT,HIGH,0,82,110,828,500000,4327871,4327871,-3518638,1069659.7,,695,133,坏棒 总长 1002 任意重度敲 铁头
686,15:06:13,hit_686_20260730_150613.csv,512,DEFECT,HIGH,0,79,111,790,500000,3804315,3804315,-3600539,790363.9,,695,95,坏棒 总长 1002 任意重度敲 铁头
687,15:06:14,hit_687_20260730_150614.csv,512,DEFECT,HIGH,0,79,111,790,500000,4105050,4105050,-3679273,923948.6,,695,95,坏棒 总长 1002 任意重度敲 铁头
688,15:06:14,hit_688_20260730_150614.csv,512,DEFECT,HIGH,0,78,111,780,500000,3852949,3701395,-3852949,627900.8,,695,85,坏棒 总长 1002 任意重度敲 铁头
689,15:06:18,hit_689_20260730_150618.csv,512,DEFECT,HIGH,0,75,108,659,500000,4339787,4339787,-3260670,1262984.4,,695,-36,坏棒 总长 1002 任意重度敲 铁头
690,15:06:19,hit_690_20260730_150619.csv,512,DEFECT,HIGH,0,77,109,785,500000,4417441,4417441,-3678357,1063006.8,,695,90,坏棒 总长 1002 任意重度敲 铁头
691,15:06:19,hit_691_20260730_150619.csv,512,DEFECT,HIGH,0,77,109,785,500000,4160898,4160898,-3691137,906879.8,,695,90,坏棒 总长 1002 任意重度敲 铁头
692,15:06:21,hit_692_20260730_150621.csv,512,DEFECT,HIGH,0,76,109,663,500000,5362068,5362068,-3396534,1674132.1,,695,-32,坏棒 总长 1002 任意重度敲 铁头
693,15:06:21,hit_693_20260730_150621.csv,512,DEFECT,HIGH,0,84,111,840,500000,4593035,4593035,-3741981,1086066.8,,695,145,坏棒 总长 1002 任意重度敲 铁头
694,15:06:21,hit_694_20260730_150621.csv,512,DEFECT,HIGH,0,82,110,828,500000,4490723,4490723,-3590170,1140957.2,,695,133,坏棒 总长 1002 任意重度敲 铁头
695,15:06:21,hit_695_20260730_150621.csv,512,DEFECT,HIGH,0,83,111,830,500000,4752923,4752923,-3755079,1275953,,695,135,坏棒 总长 1002 任意重度敲 铁头
696,15:06:21,hit_696_20260730_150621.csv,512,DEFECT,HIGH,0,79,111,790,500000,4263382,2986762,-4263382,-58542,,695,95,坏棒 总长 1002 任意重度敲 铁头
697,15:06:22,hit_697_20260730_150622.csv,512,DEFECT,HIGH,0,83,111,830,500000,4347440,4347440,-3780015,1013302,,695,135,坏棒 总长 1002 任意重度敲 铁头
698,15:06:22,hit_698_20260730_150622.csv,512,DEFECT,HIGH,0,37,111,370,500000,4101382,4101382,-4024910,719317,,695,-325,坏棒 总长 1002 任意重度敲 铁头
699,15:06:22,hit_699_20260730_150622.csv,512,DEFECT,HIGH,0,78,110,787,500000,4079208,4079208,-3944567,795193.5,,695,92,坏棒 总长 1002 任意重度敲 铁头
700,15:06:22,hit_700_20260730_150622.csv,512,DEFECT,HIGH,0,76,110,767,500000,3642824,3569572,-3642824,691229.3,,695,72,坏棒 总长 1002 任意重度敲 铁头
701,15:06:22,hit_701_20260730_150622.csv,512,DEFECT,HIGH,0,78,110,787,500000,4313152,4313152,-3767462,996804.8,,695,92,坏棒 总长 1002 任意重度敲 铁头
702,15:06:23,hit_702_20260730_150623.csv,512,DEFECT,HIGH,0,33,110,333,500000,4271276,4084141,-4271276,540843.3,,695,-362,坏棒 总长 1002 任意重度敲 铁头
703,15:06:23,hit_703_20260730_150623.csv,512,DEFECT,HIGH,0,76,108,783,500000,4708249,4708249,-3519397,1235814.9,,695,88,坏棒 总长 1002 任意重度敲 铁头
704,15:06:23,hit_704_20260730_150623.csv,512,DEFECT,HIGH,0,75,108,773,500000,3798853,3798853,-3597376,640796.4,,695,78,坏棒 总长 1002 任意重度敲 铁头
705,15:06:23,hit_705_20260730_150623.csv,512,DEFECT,HIGH,0,72,108,628,500000,4147135,4147135,-3802000,723892.7,,695,-67,坏棒 总长 1002 任意重度敲 铁头
706,15:06:25,hit_706_20260730_150625.csv,512,DEFECT,HIGH,0,85,113,833,500000,4239919,4239919,-3838334,961114.3,,695,138,坏棒 总长 1002 任意重度敲 铁头
707,15:06:25,hit_707_20260730_150625.csv,512,DEFECT,HIGH,0,81,113,794,500000,3978941,3960637,-3978941,746388.2,,695,99,坏棒 总长 1002 任意重度敲 铁头
708,15:06:26,hit_708_20260730_150626.csv,512,DEFECT,HIGH,0,79,111,790,500000,4143617,4143617,-3609569,993149,,695,95,坏棒 总长 1002 任意重度敲 铁头
709,15:06:26,hit_709_20260730_150626.csv,512,DEFECT,HIGH,0,84,112,831,500000,4754417,4754417,-3507150,1357727.4,,695,136,坏棒 总长 1002 任意重度敲 铁头
710,15:06:26,hit_710_20260730_150626.csv,512,DEFECT,HIGH,0,83,111,830,500000,4346319,4346319,-3454158,1092643,,695,135,坏棒 总长 1002 任意重度敲 铁头
711,15:06:27,hit_711_20260730_150627.csv,512,NORMAL,HIGH,0,0,109,0,500000,5397310,5397310,-2877552,2143602.3,,695,,坏棒 总长 1002 任意重度敲 铁头
712,15:06:27,hit_712_20260730_150627.csv,512,NORMAL,HIGH,0,0,109,0,500000,5283359,5283359,-2886066,2060932.6,,695,,坏棒 总长 1002 任意重度敲 铁头
713,15:06:27,hit_713_20260730_150627.csv,512,DEFECT,HIGH,0,77,110,666,500000,5076162,5076162,-3278354,1627014.8,,695,-29,坏棒 总长 1002 任意重度敲 铁头
714,15:06:28,hit_714_20260730_150628.csv,512,DEFECT,HIGH,0,83,110,838,500000,4310822,4310822,-3530258,1123312.7,,695,143,坏棒 总长 1002 任意重度敲 铁头
715,15:06:28,hit_715_20260730_150628.csv,512,DEFECT,HIGH,0,78,110,676,500000,4868194,4868194,-3233447,1637896.9,,695,-19,坏棒 总长 1002 任意重度敲 铁头
716,15:06:28,hit_716_20260730_150628.csv,512,DEFECT,HIGH,0,77,109,673,500000,4670696,4670696,-3211089,1543570.5,,695,-22,坏棒 总长 1002 任意重度敲 铁头
717,15:06:28,hit_717_20260730_150628.csv,512,DEFECT,HIGH,0,35,111,350,500000,3934320,3682634,-3934320,671528.4,,695,-345,坏棒 总长 1002 任意重度敲 铁头
718,15:06:29,hit_718_20260730_150629.csv,512,DEFECT,HIGH,0,77,109,673,500000,4693928,4693928,-3266237,1484862.8,,695,-22,坏棒 总长 1002 任意重度敲 铁头
719,15:06:30,hit_719_20260730_150630.csv,512,DEFECT,HIGH,0,77,110,666,500000,4677869,4677869,-3292237,1486044.5,,695,-29,坏棒 总长 1002 任意重度敲 铁头
720,15:06:31,hit_720_20260730_150631.csv,512,DEFECT,HIGH,0,82,110,828,500000,4671646,4671646,-3295588,1371583.8,,695,133,坏棒 总长 1002 任意重度敲 铁头
721,15:06:32,hit_721_20260730_150632.csv,512,DEFECT,HIGH,0,78,110,787,500000,3971635,3971635,-3611251,907761.8,,695,92,坏棒 总长 1002 任意重度敲 铁头
722,15:06:32,hit_722_20260730_150632.csv,512,DEFECT,HIGH,0,77,110,666,500000,5105518,5105518,-3622491,1519130.1,,695,-29,坏棒 总长 1002 任意重度敲 铁头
723,15:06:33,hit_723_20260730_150633.csv,512,DEFECT,HIGH,0,77,109,673,500000,4786354,4786354,-3449425,1467308.5,,695,-22,坏棒 总长 1002 任意重度敲 铁头
724,15:06:33,hit_724_20260730_150633.csv,512,NORMAL,HIGH,0,0,108,0,500000,5558471,5558471,-3240176,2018258.9,,695,,坏棒 总长 1002 任意重度敲 铁头
725,15:06:34,hit_725_20260730_150634.csv,512,DEFECT,HIGH,0,76,109,663,500000,4895318,4895318,-3229254,1589434.8,,695,-32,坏棒 总长 1002 任意重度敲 铁头
726,15:06:34,hit_726_20260730_150634.csv,512,DEFECT,HIGH,0,76,108,670,500000,5098971,5098971,-2939952,1825513.2,,695,-25,坏棒 总长 1002 任意重度敲 铁头
727,15:06:34,hit_727_20260730_150634.csv,512,DEFECT,HIGH,0,76,108,670,500000,4784171,4784171,-3196573,1544091.4,,695,-25,坏棒 总长 1002 任意重度敲 铁头
728,15:06:35,hit_728_20260730_150635.csv,512,DEFECT,HIGH,0,77,109,785,500000,4185412,4185412,-3487758,1126840.4,,695,90,坏棒 总长 1002 任意重度敲 铁头
729,15:06:35,hit_729_20260730_150635.csv,512,DEFECT,HIGH,0,76,109,663,500000,4579397,4579397,-3510628,1321132.9,,695,-32,坏棒 总长 1002 任意重度敲 铁头
730,15:06:35,hit_730_20260730_150635.csv,512,DEFECT,HIGH,0,75,109,653,500000,4926266,4926266,-3597325,1435388.5,,695,-42,坏棒 总长 1002 任意重度敲 铁头
731,15:06:35,hit_731_20260730_150635.csv,512,DEFECT,HIGH,0,77,108,680,500000,4960453,4960453,-3516379,1514059.4,,695,-15,坏棒 总长 1002 任意重度敲 铁头
732,15:06:36,hit_732_20260730_150636.csv,512,DEFECT,HIGH,0,77,110,666,500000,5054789,5054789,-3745380,1412803.5,,695,-29,坏棒 总长 1002 任意重度敲 铁头
733,15:06:36,hit_733_20260730_150636.csv,512,DEFECT,HIGH,0,76,109,663,500000,5070172,5070172,-3619695,1473283.5,,695,-32,坏棒 总长 1002 任意重度敲 铁头
734,15:06:36,hit_734_20260730_150636.csv,512,DEFECT,HIGH,0,76,108,670,500000,5445424,5445424,-3174994,1796830.4,,695,-25,坏棒 总长 1002 任意重度敲 铁头
735,15:06:36,hit_735_20260730_150636.csv,512,DEFECT,HIGH,0,76,108,670,500000,5704133,5704133,-2947317,1996793.3,,695,-25,坏棒 总长 1002 任意重度敲 铁头
736,15:06:37,hit_736_20260730_150637.csv,512,DEFECT,HIGH,0,76,108,670,500000,5391693,5391693,-3065391,1901486,,695,-25,坏棒 总长 1002 任意重度敲 铁头
737,15:06:37,hit_737_20260730_150637.csv,512,NORMAL,HIGH,0,0,114,0,500000,5977688,5977688,-2524198,2636318,,695,,坏棒 总长 1002 任意重度敲 铁头
738,15:06:37,hit_738_20260730_150637.csv,512,NORMAL,HIGH,0,0,108,0,500000,5580013,5580013,-3098826,2159473.4,,695,,坏棒 总长 1002 任意重度敲 铁头
739,15:06:37,hit_739_20260730_150637.csv,512,DEFECT,HIGH,0,41,112,405,500000,4345247,4232265,-4345247,573217.8,,695,-290,坏棒 总长 1002 任意重度敲 铁头
740,15:06:38,hit_740_20260730_150638.csv,512,NORMAL,HIGH,0,0,116,0,500000,5685634,5685634,-2853039,2226707,,695,,坏棒 总长 1002 任意重度敲 铁头
741,15:06:38,hit_741_20260730_150638.csv,512,DEFECT,HIGH,0,80,111,800,500000,4163955,4163955,-3541176,918194.2,,695,105,坏棒 总长 1002 任意重度敲 铁头
742,15:06:38,hit_742_20260730_150638.csv,512,NORMAL,HIGH,0,0,108,0,500000,5596309,5596309,-3277652,2062129.4,,695,,坏棒 总长 1002 任意重度敲 铁头
743,15:06:39,hit_743_20260730_150639.csv,512,DEFECT,HIGH,0,76,108,670,500000,4949987,4949987,-3367322,1616769.3,,695,-25,坏棒 总长 1002 任意重度敲 铁头
744,15:06:40,hit_744_20260730_150640.csv,512,DEFECT,HIGH,0,82,109,836,500000,4309721,4309721,-3404261,1138224.5,,695,141,坏棒 总长 1002 任意重度敲 铁头
745,15:06:40,hit_745_20260730_150640.csv,512,DEFECT,HIGH,0,76,109,775,500000,3959947,3959947,-3544122,901155,,695,80,坏棒 总长 1002 任意重度敲 铁头
746,15:06:41,hit_746_20260730_150641.csv,512,DEFECT,HIGH,0,34,112,336,500000,3891699,3467699,-3891699,473548.2,,695,-359,坏棒 总长 1002 任意重度敲 铁头
747,15:06:42,hit_747_20260730_150642.csv,512,DEFECT,HIGH,0,32,112,316,500000,3804822,2820985,-3804822,154086.1,,695,-379,坏棒 总长 1002 任意重度敲 铁头
748,15:06:44,hit_748_20260730_150644.csv,512,DEFECT,HIGH,0,77,115,714,500000,3574710,3574710,-2620890,1017544.3,,695,19,坏棒 总长 1002 任意重度敲 铁头
749,15:06:45,hit_749_20260730_150645.csv,512,DEFECT,HIGH,0,78,111,780,500000,3952844,3952844,-3526654,909902.1,,695,85,坏棒 总长 1002 任意重度敲 铁头
750,15:06:45,hit_750_20260730_150645.csv,512,DEFECT,HIGH,0,75,108,659,500000,4510547,4510547,-2947271,1414125.5,,695,-36,坏棒 总长 1002 任意重度敲 铁头
751,15:06:45,hit_751_20260730_150645.csv,512,DEFECT,HIGH,0,78,111,780,500000,3644472,3644472,-3241497,820406.7,,695,85,坏棒 总长 1002 任意重度敲 铁头
752,15:06:46,hit_752_20260730_150646.csv,512,DEFECT,HIGH,0,77,116,622,500000,4655375,4655375,-2654964,1658152.5,,695,-73,坏棒 总长 1002 任意重度敲 铁头
753,15:06:46,hit_753_20260730_150646.csv,512,DEFECT,HIGH,0,77,110,777,500000,4248059,4248059,-3549161,1006511.9,,695,82,坏棒 总长 1002 任意重度敲 铁头
754,15:06:46,hit_754_20260730_150646.csv,512,DEFECT,HIGH,0,83,111,830,500000,4796271,4796271,-3280236,1468603.2,,695,135,坏棒 总长 1002 任意重度敲 铁头
755,15:06:47,hit_755_20260730_150647.csv,512,DEFECT,HIGH,0,82,110,828,500000,4289904,4289904,-3199168,1191992.2,,695,133,坏棒 总长 1002 任意重度敲 铁头
756,15:06:47,hit_756_20260730_150647.csv,512,DEFECT,HIGH,0,75,116,609,500000,4779662,4779662,-2731357,1715356.3,,695,-86,坏棒 总长 1002 任意重度敲 铁头
757,15:06:47,hit_757_20260730_150647.csv,512,DEFECT,HIGH,0,79,111,790,500000,3862627,3862627,-3470257,801142.6,,695,95,坏棒 总长 1002 任意重度敲 铁头
758,15:06:48,hit_758_20260730_150648.csv,512,DEFECT,HIGH,0,82,110,828,500000,4281563,4281563,-3155549,1140388.1,,695,133,坏棒 总长 1002 任意重度敲 铁头
759,15:06:48,hit_759_20260730_150648.csv,512,DEFECT,HIGH,0,79,110,797,500000,4044231,4044231,-3386286,958936.1,,695,102,坏棒 总长 1002 任意重度敲 铁头
760,15:06:48,hit_760_20260730_150648.csv,512,DEFECT,HIGH,0,81,109,826,500000,4542345,4542345,-3143175,1372649,,695,131,坏棒 总长 1002 任意重度敲 铁头
761,15:06:48,hit_761_20260730_150648.csv,512,DEFECT,HIGH,0,82,110,828,500000,4366263,4366263,-3231983,1209114,,695,133,坏棒 总长 1002 任意重度敲 铁头
762,15:06:49,hit_762_20260730_150649.csv,512,DEFECT,HIGH,0,81,109,826,500000,4402785,4402785,-3299644,1134527.6,,695,131,坏棒 总长 1002 任意重度敲 铁头
763,15:06:49,hit_763_20260730_150649.csv,512,DEFECT,HIGH,0,76,108,670,500000,5008736,5008736,-3127000,1604666,,695,-25,坏棒 总长 1002 任意重度敲 铁头
764,15:06:53,hit_764_20260730_150653.csv,512,DEFECT,HIGH,0,80,112,792,500000,4054134,4054134,-3693228,870749.3,,695,97,坏棒 总长 1002 任意重度敲 铁头
765,15:06:53,hit_765_20260730_150653.csv,512,DEFECT,HIGH,0,82,109,836,500000,4654116,4654116,-3480184,1318807.2,,695,141,坏棒 总长 1002 任意重度敲 铁头
766,15:06:54,hit_766_20260730_150654.csv,512,DEFECT,HIGH,0,37,112,366,500000,4067537,4067537,-4034818,810518.4,,695,-329,坏棒 总长 1002 任意重度敲 铁头
767,15:06:54,hit_767_20260730_150654.csv,512,DEFECT,HIGH,0,75,108,659,500000,4595233,4595233,-3302452,1424289.2,,695,-36,坏棒 总长 1002 任意重度敲 铁头
768,15:06:55,hit_768_20260730_150655.csv,512,DEFECT,HIGH,0,81,109,826,500000,4650341,4650341,-3226036,1380326.2,,695,131,坏棒 总长 1002 任意重度敲 铁头
769,15:06:55,hit_769_20260730_150655.csv,512,DEFECT,HIGH,0,76,109,663,500000,4772842,4772842,-3312834,1473548.4,,695,-32,坏棒 总长 1002 任意重度敲 铁头
770,15:06:55,hit_770_20260730_150655.csv,512,DEFECT,HIGH,0,79,111,790,500000,4292808,4292808,-3669494,1049404.2,,695,95,坏棒 总长 1002 任意重度敲 铁头
771,15:06:56,hit_771_20260730_150656.csv,512,DEFECT,HIGH,0,83,111,830,500000,4794762,4794762,-3656508,1392466.1,,695,135,坏棒 总长 1002 任意重度敲 铁头
772,15:06:56,hit_772_20260730_150656.csv,512,DEFECT,HIGH,0,82,110,828,500000,4453895,4453895,-3582577,1192227.6,,695,133,坏棒 总长 1002 任意重度敲 铁头
773,15:06:57,hit_773_20260730_150657.csv,512,DEFECT,HIGH,0,33,112,326,500000,3924297,3414658,-3924297,452285.4,,695,-369,坏棒 总长 1002 任意重度敲 铁头
774,15:06:57,hit_774_20260730_150657.csv,512,DEFECT,HIGH,0,82,115,711,500000,2459729,2144278,-2459729,-78717.6,,695,16,坏棒 总长 1002 任意重度敲 铁头
775,15:06:57,hit_775_20260730_150657.csv,512,DEFECT,HIGH,0,78,111,780,500000,3853010,3853010,-3652315,817670.3,,695,85,坏棒 总长 1002 任意重度敲 铁头
776,15:06:58,hit_776_20260730_150658.csv,512,DEFECT,HIGH,0,82,110,828,500000,4447280,4447280,-3334476,1248782.6,,695,133,坏棒 总长 1002 任意重度敲 铁头
777,15:06:58,hit_777_20260730_150658.csv,512,DEFECT,HIGH,0,78,110,787,500000,4100132,4100132,-3603083,1015081.1,,695,92,坏棒 总长 1002 任意重度敲 铁头
778,15:07:00,hit_778_20260730_150700.csv,512,DEFECT,HIGH,0,75,108,659,500000,4238835,4238835,-3323908,1262038,,695,-36,坏棒 总长 1002 任意重度敲 铁头
779,15:07:00,hit_779_20260730_150700.csv,512,DEFECT,HIGH,0,75,108,659,500000,4391968,4391968,-3390214,1296678.6,,695,-36,坏棒 总长 1002 任意重度敲 铁头
780,15:07:01,hit_780_20260730_150701.csv,512,DEFECT,HIGH,0,76,108,670,500000,4609998,4609998,-3358808,1378842.1,,695,-25,坏棒 总长 1002 任意重度敲 铁头
781,15:07:01,hit_781_20260730_150701.csv,512,DEFECT,HIGH,0,75,109,653,500000,4484643,4484643,-3486622,1199636.3,,695,-42,坏棒 总长 1002 任意重度敲 铁头
782,15:07:01,hit_782_20260730_150701.csv,512,DEFECT,HIGH,0,76,108,670,500000,5068806,5068806,-3372759,1654789.4,,695,-25,坏棒 总长 1002 任意重度敲 铁头
783,15:07:02,hit_783_20260730_150702.csv,512,DEFECT,HIGH,0,81,109,826,500000,4539147,4539147,-3450552,1268938.9,,695,131,坏棒 总长 1002 任意重度敲 铁头
784,15:07:02,hit_784_20260730_150702.csv,512,DEFECT,HIGH,0,76,109,663,500000,4743792,4743792,-3429550,1380635.9,,695,-32,坏棒 总长 1002 任意重度敲 铁头
785,15:07:02,hit_785_20260730_150702.csv,512,DEFECT,HIGH,0,76,109,663,500000,4933928,4933928,-3401732,1450735.6,,695,-32,坏棒 总长 1002 任意重度敲 铁头
786,15:07:03,hit_786_20260730_150703.csv,512,DEFECT,HIGH,0,82,110,828,500000,4833895,4833895,-3534742,1383099.4,,695,133,坏棒 总长 1002 任意重度敲 铁头
787,15:07:03,hit_787_20260730_150703.csv,512,DEFECT,HIGH,0,82,110,828,500000,4696127,4696127,-3445541,1282194.6,,695,133,坏棒 总长 1002 任意重度敲 铁头
788,15:07:04,hit_788_20260730_150704.csv,512,DEFECT,HIGH,0,82,110,828,500000,4462013,4462013,-3584172,1085215.6,,695,133,坏棒 总长 1002 任意重度敲 铁头
789,15:07:04,hit_789_20260730_150704.csv,512,NORMAL,HIGH,0,0,115,0,500000,4770503,4770503,-2770550,1748140.1,,695,,坏棒 总长 1002 任意重度敲 铁头
790,15:07:08,hit_790_20260730_150708.csv,512,DEFECT,HIGH,0,75,109,653,500000,4101146,4101146,-3041987,1324732,,695,-42,坏棒 总长 1002 任意重度敲 铁头
791,15:07:08,hit_791_20260730_150708.csv,512,DEFECT,HIGH,0,36,114,349,500000,3758142,3027102,-3758142,354579.2,,695,-346,坏棒 总长 1002 任意重度敲 铁头
792,15:07:09,hit_792_20260730_150709.csv,512,DEFECT,HIGH,0,71,115,576,500000,3557486,2397326,-3557486,-122040.5,,695,-119,坏棒 总长 1002 任意重度敲 铁头
793,15:07:11,hit_793_20260730_150711.csv,512,DEFECT,HIGH,0,81,110,818,500000,3412861,2611490,-3412861,178279.1,,695,123,坏棒 总长 1002 任意重度敲 铁头
794,15:07:13,hit_794_20260730_150713.csv,512,NORMAL,HIGH,0,0,115,0,500000,5236840,5236840,-2735559,1885902.3,,695,,坏棒 总长 1002 任意重度敲 铁头
795,15:07:14,hit_795_20260730_150714.csv,512,DEFECT,HIGH,0,81,113,794,500000,4159798,3509812,-4159798,524608.5,,695,99,坏棒 总长 1002 任意重度敲 铁头
796,15:07:14,hit_796_20260730_150714.csv,512,NORMAL,HIGH,0,0,109,0,500000,5075725,5075725,-3226123,1772207.7,,695,,坏棒 总长 1002 任意重度敲 铁头
797,15:07:15,hit_797_20260730_150715.csv,512,DEFECT,HIGH,0,77,109,673,500000,4910286,4910286,-3160711,1683013.2,,695,-22,坏棒 总长 1002 任意重度敲 铁头
798,15:07:15,hit_798_20260730_150715.csv,512,DEFECT,HIGH,0,34,113,333,500000,3933584,3205700,-3933584,343033.7,,695,-362,坏棒 总长 1002 任意重度敲 铁头
799,15:07:15,hit_799_20260730_150715.csv,512,DEFECT,HIGH,0,77,110,666,500000,5182719,5182719,-3538766,1613514,,695,-29,坏棒 总长 1002 任意重度敲 铁头
800,15:07:16,hit_800_20260730_150716.csv,512,DEFECT,HIGH,0,79,112,782,500000,4035953,4035953,-3524515,977646.3,,695,87,坏棒 总长 1002 任意重度敲 铁头
801,15:07:16,hit_801_20260730_150716.csv,512,DEFECT,HIGH,0,82,110,828,500000,4303255,4303255,-3148533,1222026.7,,695,133,坏棒 总长 1002 任意重度敲 铁头
802,15:07:17,hit_802_20260730_150717.csv,512,DEFECT,HIGH,0,79,111,790,500000,3887872,3887872,-3433202,885226.2,,695,95,坏棒 总长 1002 任意重度敲 铁头
803,15:07:17,hit_803_20260730_150717.csv,512,DEFECT,HIGH,0,80,113,784,500000,3569746,3466824,-3569746,578237.7,,695,89,坏棒 总长 1002 任意重度敲 铁头
804,15:07:18,hit_804_20260730_150718.csv,512,DEFECT,HIGH,0,79,112,782,500000,3684197,3684197,-3600354,718947.3,,695,87,坏棒 总长 1002 任意重度敲 铁头
805,15:07:19,hit_805_20260730_150719.csv,512,DEFECT,HIGH,0,78,111,780,500000,3737083,3737083,-3254936,839769.7,,695,85,坏棒 总长 1002 任意重度敲 铁头
806,15:07:20,hit_806_20260730_150720.csv,512,DEFECT,HIGH,0,78,111,780,500000,3822417,3526767,-3822417,657729.9,,695,85,坏棒 总长 1002 任意重度敲 铁头
807,15:07:23,hit_807_20260730_150723.csv,512,DEFECT,HIGH,0,81,108,835,500000,4442635,4442635,-3575045,1208590.8,,695,140,坏棒 总长 1002 任意重度敲 铁头
808,15:07:30,hit_808_20260730_150730.csv,512,DEFECT,HIGH,0,86,113,843,500000,4037580,3758659,-4037580,550816.7,,695,148,坏棒 总长 1002 任意重度敲 铁头
809,15:07:31,hit_809_20260730_150731.csv,512,DEFECT,HIGH,0,85,112,841,500000,3952509,3575945,-3952509,485765.9,,695,146,坏棒 总长 1002 任意重度敲 铁头
810,15:07:31,hit_810_20260730_150731.csv,512,DEFECT,HIGH,0,76,108,783,500000,4106736,4106736,-3288631,994069.4,,695,88,坏棒 总长 1002 任意重度敲 铁头
811,15:07:32,hit_811_20260730_150732.csv,512,DEFECT,HIGH,0,75,108,773,500000,4384371,4384371,-3450890,1080228.5,,695,78,坏棒 总长 1002 任意重度敲 铁头
812,15:07:33,hit_812_20260730_150733.csv,512,DEFECT,HIGH,0,75,108,773,500000,4011844,4011844,-3621957,741462.4,,695,78,坏棒 总长 1002 任意重度敲 铁头
813,15:07:34,hit_813_20260730_150734.csv,512,DEFECT,HIGH,0,77,110,777,500000,4380768,4380768,-3665165,1013909.4,,695,82,坏棒 总长 1002 任意重度敲 铁头
814,15:07:35,hit_814_20260730_150735.csv,512,DEFECT,HIGH,0,76,108,670,500000,5275636,5275636,-3408060,1725502.3,,695,-25,坏棒 总长 1002 任意重度敲 铁头
815,15:07:38,hit_815_20260730_150738.csv,512,DEFECT,HIGH,0,77,108,793,500000,4448149,4448149,-3528227,1078793,,695,98,坏棒 总长 1002 任意重度敲 铁头
816,15:07:42,hit_816_20260730_150742.csv,512,DEFECT,HIGH,0,38,114,368,500000,4303088,3260704,-4303088,137895.4,,695,-327,坏棒 总长 1002 任意重度敲 铁头
817,15:07:42,hit_817_20260730_150742.csv,512,DEFECT,HIGH,0,82,110,828,500000,4540070,4540070,-3562873,1235688.8,,695,133,坏棒 总长 1002 任意重度敲 铁头
818,15:07:43,hit_818_20260730_150743.csv,512,DEFECT,HIGH,0,26,117,245,500000,5208375,3824856,-5208375,124855.3,,695,-450,坏棒 总长 1002 任意重度敲 铁头
819,15:07:43,hit_819_20260730_150743.csv,512,NORMAL,HIGH,0,0,110,0,500000,5229327,5229327,-3444432,1670874.2,,695,,坏棒 总长 1002 任意重度敲 铁头
820,15:07:44,hit_820_20260730_150744.csv,512,DEFECT,HIGH,0,77,109,785,500000,4030638,4030638,-3523379,962940.1,,695,90,坏棒 总长 1002 任意重度敲 铁头
821,15:07:44,hit_821_20260730_150744.csv,512,DEFECT,HIGH,0,83,110,838,500000,4688893,4688893,-3677321,1376313,,695,143,坏棒 总长 1002 任意重度敲 铁头
822,15:07:45,hit_822_20260730_150745.csv,512,DEFECT,HIGH,0,75,116,609,500000,4277825,4277825,-2965695,1356754.6,,695,-86,坏棒 总长 1002 任意重度敲 铁头
823,15:07:45,hit_823_20260730_150745.csv,512,DEFECT,HIGH,0,78,110,787,500000,3968339,3968339,-3565597,921919.8,,695,92,坏棒 总长 1002 任意重度敲 铁头
824,15:07:45,hit_824_20260730_150745.csv,512,DEFECT,HIGH,0,81,113,794,500000,3993123,3993123,-3989849,811120.9,,695,99,坏棒 总长 1002 任意重度敲 铁头
825,15:07:46,hit_825_20260730_150746.csv,512,DEFECT,HIGH,0,29,120,266,500000,5507428,3437636,-5507428,-146127.8,,695,-429,坏棒 总长 1002 任意重度敲 铁头
826,15:07:46,hit_826_20260730_150746.csv,512,DEFECT,HIGH,0,83,111,830,500000,4590451,4590451,-3650797,1297101.1,,695,135,坏棒 总长 1002 任意重度敲 铁头
827,15:07:46,hit_827_20260730_150746.csv,512,DEFECT,HIGH,0,21,113,205,500000,4406461,3489615,-4406461,154599.9,,695,-490,坏棒 总长 1002 任意重度敲 铁头
828,15:07:46,hit_828_20260730_150746.csv,512,DEFECT,HIGH,0,78,110,787,500000,3918283,3918283,-3643508,810507.4,,695,92,坏棒 总长 1002 任意重度敲 铁头
829,15:07:47,hit_829_20260730_150747.csv,512,DEFECT,HIGH,0,78,110,787,500000,4200760,4200760,-3351857,1106300.5,,695,92,坏棒 总长 1002 任意重度敲 铁头
830,15:07:47,hit_830_20260730_150747.csv,512,DEFECT,HIGH,0,78,110,787,500000,3821833,3821833,-3414270,910425.1,,695,92,坏棒 总长 1002 任意重度敲 铁头
831,15:07:47,hit_831_20260730_150747.csv,512,DEFECT,HIGH,0,79,111,790,500000,3840276,3840276,-3618464,805801.6,,695,95,坏棒 总长 1002 任意重度敲 铁头
832,15:07:47,hit_832_20260730_150747.csv,512,DEFECT,HIGH,0,77,109,785,500000,3796449,3796449,-3268789,923353.8,,695,90,坏棒 总长 1002 任意重度敲 铁头
833,15:07:48,hit_833_20260730_150748.csv,512,DEFECT,HIGH,0,85,112,841,500000,3861663,3464470,-3861663,525963.8,,695,146,坏棒 总长 1002 任意重度敲 铁头
834,15:07:48,hit_834_20260730_150748.csv,512,DEFECT,HIGH,0,78,110,787,500000,3884786,3884786,-3515734,876620.2,,695,92,坏棒 总长 1002 任意重度敲 铁头
835,15:07:48,hit_835_20260730_150748.csv,512,DEFECT,HIGH,0,21,114,203,500000,4325589,3259377,-4325589,243353.6,,695,-492,坏棒 总长 1002 任意重度敲 铁头
836,15:07:48,hit_836_20260730_150748.csv,512,DEFECT,HIGH,0,82,111,820,500000,3552390,3036943,-3552390,391245.6,,695,125,坏棒 总长 1002 任意重度敲 铁头
837,15:07:48,hit_837_20260730_150748.csv,512,DEFECT,HIGH,0,79,110,797,500000,3916790,3916790,-3731125,837304.2,,695,102,坏棒 总长 1002 任意重度敲 铁头
838,15:07:49,hit_838_20260730_150749.csv,512,DEFECT,HIGH,0,76,109,775,500000,3425140,3425140,-3136498,803661.4,,695,80,坏棒 总长 1002 任意重度敲 铁头
839,15:07:49,hit_839_20260730_150749.csv,512,DEFECT,HIGH,0,80,112,792,500000,3852231,3264959,-3852231,526657.6,,695,97,坏棒 总长 1002 任意重度敲 铁头
840,15:07:49,hit_840_20260730_150749.csv,512,DEFECT,HIGH,0,79,112,782,500000,3859727,3356153,-3859727,523487.1,,695,87,坏棒 总长 1002 任意重度敲 铁头
841,15:07:49,hit_841_20260730_150749.csv,512,DEFECT,HIGH,0,78,110,787,500000,3415459,3415459,-3323450,747622.3,,695,92,坏棒 总长 1002 任意重度敲 铁头
842,15:07:50,hit_842_20260730_150750.csv,512,DEFECT,HIGH,0,34,113,333,500000,3969062,2943994,-3969062,133132.2,,695,-362,坏棒 总长 1002 任意重度敲 铁头
843,15:07:50,hit_843_20260730_150750.csv,512,DEFECT,LOW,0,34,0,323,500000,1043199,1043199,-730639,-25403.2,,695,-372,坏棒 总长 1002 任意重度敲 铁头
844,15:07:50,hit_844_20260730_150750.csv,512,DEFECT,HIGH,0,79,111,790,500000,3844046,3661396,-3844046,619020,,695,95,坏棒 总长 1002 任意重度敲 铁头
845,15:07:50,hit_845_20260730_150750.csv,512,DEFECT,HIGH,0,36,114,349,500000,4114404,2921448,-4114404,49515.5,,695,-346,坏棒 总长 1002 任意重度敲 铁头
846,15:07:50,hit_846_20260730_150750.csv,512,DEFECT,HIGH,0,84,111,840,500000,3643376,3573945,-3643376,561671.9,,695,145,坏棒 总长 1002 任意重度敲 铁头
847,15:07:51,hit_847_20260730_150751.csv,512,DEFECT,HIGH,0,81,113,794,500000,4052283,3884364,-4052283,663456.9,,695,99,坏棒 总长 1002 任意重度敲 铁头
848,15:07:51,hit_848_20260730_150751.csv,512,DEFECT,HIGH,0,81,109,826,500000,4238756,4238756,-3102691,1241157.8,,695,131,坏棒 总长 1002 任意重度敲 铁头
849,15:07:51,hit_849_20260730_150751.csv,512,DEFECT,HIGH,0,78,110,787,500000,3947409,3947409,-3417883,947162.9,,695,92,坏棒 总长 1002 任意重度敲 铁头
850,15:07:51,hit_850_20260730_150751.csv,512,DEFECT,HIGH,0,82,110,828,500000,4473055,4473055,-3279041,1269751.9,,695,133,坏棒 总长 1002 任意重度敲 铁头
851,15:07:52,hit_851_20260730_150752.csv,512,DEFECT,HIGH,0,26,116,247,500000,4990876,3251987,-4990876,-262348.9,,695,-448,坏棒 总长 1002 任意重度敲 铁头
852,15:07:52,hit_852_20260730_150752.csv,512,DEFECT,HIGH,0,78,110,787,500000,4202241,4202241,-3542558,1041149.4,,695,92,坏棒 总长 1002 任意重度敲 铁头
853,15:07:52,hit_853_20260730_150752.csv,512,DEFECT,HIGH,0,79,111,790,500000,3846021,3846021,-3612428,847738.1,,695,95,坏棒 总长 1002 任意重度敲 铁头
854,15:07:53,hit_854_20260730_150753.csv,512,DEFECT,HIGH,0,79,111,790,500000,3780392,3780392,-3668591,683072.7,,695,95,坏棒 总长 1002 任意重度敲 铁头
855,15:07:53,hit_855_20260730_150753.csv,512,DEFECT,HIGH,0,34,112,336,500000,3890405,3286569,-3890405,430216.2,,695,-359,坏棒 总长 1002 任意重度敲 铁头
856,15:07:53,hit_856_20260730_150753.csv,512,DEFECT,HIGH,0,21,113,205,500000,4287557,3205124,-4287557,145412.3,,695,-490,坏棒 总长 1002 任意重度敲 铁头
857,15:07:53,hit_857_20260730_150753.csv,512,DEFECT,HIGH,0,77,109,785,500000,3959197,3959197,-3651939,870259.3,,695,90,坏棒 总长 1002 任意重度敲 铁头
858,15:07:54,hit_858_20260730_150754.csv,512,DEFECT,HIGH,0,77,109,785,500000,4206513,4206513,-3322001,1132447.3,,695,90,坏棒 总长 1002 任意重度敲 铁头
859,15:07:54,hit_859_20260730_150754.csv,512,DEFECT,HIGH,0,36,114,349,500000,3955105,3085351,-3955105,155173.9,,695,-346,坏棒 总长 1002 任意重度敲 铁头
860,15:07:54,hit_860_20260730_150754.csv,512,DEFECT,HIGH,0,22,116,209,500000,4435280,3085968,-4435280,-58084.9,,695,-486,坏棒 总长 1002 任意重度敲 铁头
861,15:07:54,hit_861_20260730_150754.csv,512,DEFECT,HIGH,0,51,118,476,500000,3283023,3283023,-2238701,-12863.8,,695,-219,坏棒 总长 1002 任意重度敲 铁头
862,15:07:55,hit_862_20260730_150755.csv,512,DEFECT,HIGH,0,84,112,831,500000,3634640,3173285,-3634640,398942.9,,695,136,坏棒 总长 1002 任意重度敲 铁头
863,15:07:55,hit_863_20260730_150755.csv,512,DEFECT,HIGH,0,79,112,782,500000,3668905,3499715,-3668905,599774.3,,695,87,坏棒 总长 1002 任意重度敲 铁头
864,15:07:55,hit_864_20260730_150755.csv,512,DEFECT,HIGH,0,78,111,780,500000,3549871,3549871,-3483984,681235.1,,695,85,坏棒 总长 1002 任意重度敲 铁头
865,15:07:55,hit_865_20260730_150755.csv,512,DEFECT,HIGH,0,79,112,782,500000,3545023,3339613,-3545023,563340.2,,695,87,坏棒 总长 1002 任意重度敲 铁头
866,15:07:56,hit_866_20260730_150756.csv,512,DEFECT,HIGH,0,79,111,790,500000,3971576,3971576,-3643217,858731.2,,695,95,坏棒 总长 1002 任意重度敲 铁头
867,15:07:56,hit_867_20260730_150756.csv,512,DEFECT,HIGH,0,78,110,787,500000,4076534,4076534,-3390563,951788.9,,695,92,坏棒 总长 1002 任意重度敲 铁头
868,15:07:56,hit_868_20260730_150756.csv,512,DEFECT,HIGH,0,33,113,323,500000,3763326,2992856,-3763326,271910.8,,695,-372,坏棒 总长 1002 任意重度敲 铁头
869,15:08:02,hit_869_20260730_150802.csv,512,DEFECT,HIGH,0,78,110,676,500000,5154256,5154256,-3608561,1567529.4,,695,-19,坏棒 总长 1002 任意重度敲 铁头
870,15:08:02,hit_870_20260730_150802.csv,512,DEFECT,HIGH,0,80,112,792,500000,3946701,3946701,-3879272,753496.2,,695,97,坏棒 总长 1002 任意重度敲 铁头
871,15:08:02,hit_871_20260730_150802.csv,512,DEFECT,HIGH,0,78,110,787,500000,4043862,4043862,-3345806,987873.2,,695,92,坏棒 总长 1002 任意重度敲 铁头
872,15:08:02,hit_872_20260730_150802.csv,512,DEFECT,HIGH,0,85,113,833,500000,3711605,3152756,-3711605,344190.1,,695,138,坏棒 总长 1002 任意重度敲 铁头
873,15:08:03,hit_873_20260730_150803.csv,512,DEFECT,HIGH,0,83,111,830,500000,4296420,4296420,-3520734,1020196.4,,695,135,坏棒 总长 1002 任意重度敲 铁头
874,15:08:03,hit_874_20260730_150803.csv,512,DEFECT,HIGH,0,81,113,794,500000,4045254,4045254,-3884478,828374.7,,695,99,坏棒 总长 1002 任意重度敲 铁头
875,15:08:03,hit_875_20260730_150803.csv,512,DEFECT,HIGH,0,80,112,792,500000,3902084,3902084,-3794839,783273.4,,695,97,坏棒 总长 1002 任意重度敲 铁头
876,15:08:04,hit_876_20260730_150804.csv,512,DEFECT,HIGH,0,84,111,840,500000,4564763,4564763,-3428871,1175667.9,,695,145,坏棒 总长 1002 任意重度敲 铁头
877,15:08:04,hit_877_20260730_150804.csv,512,DEFECT,HIGH,0,83,111,830,500000,4762119,4762119,-3342861,1405252.6,,695,135,坏棒 总长 1002 任意重度敲 铁头
878,15:08:04,hit_878_20260730_150804.csv,512,DEFECT,HIGH,0,76,109,663,500000,4897867,4897867,-3095546,1496810.2,,695,-32,坏棒 总长 1002 任意重度敲 铁头
879,15:08:04,hit_879_20260730_150804.csv,512,DEFECT,HIGH,0,79,111,790,500000,3853227,3853227,-3491161,831543.3,,695,95,坏棒 总长 1002 任意重度敲 铁头
880,15:08:05,hit_880_20260730_150805.csv,512,DEFECT,HIGH,0,82,110,828,500000,4282292,4282292,-3243960,1115932.3,,695,133,坏棒 总长 1002 任意重度敲 铁头
881,15:08:05,hit_881_20260730_150805.csv,512,DEFECT,HIGH,0,79,112,782,500000,3646244,3403183,-3646244,563327.5,,695,87,坏棒 总长 1002 任意重度敲 铁头
882,15:08:05,hit_882_20260730_150805.csv,512,DEFECT,HIGH,0,80,112,792,500000,3946278,3946278,-3654429,785444.5,,695,97,坏棒 总长 1002 任意重度敲 铁头
883,15:08:05,hit_883_20260730_150805.csv,512,DEFECT,HIGH,0,81,113,794,500000,3905063,3889006,-3905063,708409,,695,99,坏棒 总长 1002 任意重度敲 铁头
884,15:08:06,hit_884_20260730_150806.csv,512,DEFECT,HIGH,0,78,111,780,500000,3952148,3952148,-3475698,875517.9,,695,85,坏棒 总长 1002 任意重度敲 铁头
885,15:08:06,hit_885_20260730_150806.csv,512,DEFECT,HIGH,0,81,109,826,500000,4608795,4608795,-3105218,1299730.8,,695,131,坏棒 总长 1002 任意重度敲 铁头
886,15:08:06,hit_886_20260730_150806.csv,512,DEFECT,HIGH,0,79,111,790,500000,4256630,4256630,-3516224,1003398.7,,695,95,坏棒 总长 1002 任意重度敲 铁头
887,15:08:07,hit_887_20260730_150807.csv,512,DEFECT,HIGH,0,80,112,792,500000,4243659,4243659,-3747239,869340.7,,695,97,坏棒 总长 1002 任意重度敲 铁头
888,15:08:07,hit_888_20260730_150807.csv,512,DEFECT,HIGH,0,79,112,782,500000,4139248,4139248,-3674772,869936.7,,695,87,坏棒 总长 1002 任意重度敲 铁头
889,15:08:07,hit_889_20260730_150807.csv,512,DEFECT,HIGH,0,80,112,792,500000,4074677,4074677,-3732871,825648.6,,695,97,坏棒 总长 1002 任意重度敲 铁头
890,15:08:07,hit_890_20260730_150807.csv,512,DEFECT,HIGH,0,78,110,787,500000,4214281,4214281,-3368148,1031509.2,,695,92,坏棒 总长 1002 任意重度敲 铁头
891,15:08:08,hit_891_20260730_150808.csv,512,DEFECT,HIGH,0,77,110,777,500000,4182658,4182658,-3417458,976727.4,,695,82,坏棒 总长 1002 任意重度敲 铁头
892,15:08:08,hit_892_20260730_150808.csv,512,DEFECT,HIGH,0,79,111,790,500000,4088725,4088725,-3724294,865713.7,,695,95,坏棒 总长 1002 任意重度敲 铁头
893,15:08:08,hit_893_20260730_150808.csv,512,DEFECT,HIGH,0,79,111,790,500000,4156612,4156612,-3517403,916563.6,,695,95,坏棒 总长 1002 任意重度敲 铁头
894,15:08:09,hit_894_20260730_150809.csv,512,DEFECT,HIGH,0,78,110,787,500000,4295916,4295916,-3553223,1025958.2,,695,92,坏棒 总长 1002 任意重度敲 铁头
895,15:08:09,hit_895_20260730_150809.csv,512,DEFECT,HIGH,0,83,110,838,500000,4384217,4384217,-3691786,1030971.6,,695,143,坏棒 总长 1002 任意重度敲 铁头
896,15:08:09,hit_896_20260730_150809.csv,512,DEFECT,HIGH,0,82,110,828,500000,4387953,4387953,-3477078,1118235.8,,695,133,坏棒 总长 1002 任意重度敲 铁头
897,15:08:09,hit_897_20260730_150809.csv,512,DEFECT,HIGH,0,82,110,828,500000,4570077,4570077,-3463651,1183709.3,,695,133,坏棒 总长 1002 任意重度敲 铁头
898,15:08:10,hit_898_20260730_150810.csv,512,DEFECT,HIGH,0,76,109,663,500000,4806722,4806722,-3142853,1457430.1,,695,-32,坏棒 总长 1002 任意重度敲 铁头
899,15:08:11,hit_899_20260730_150811.csv,512,DEFECT,HIGH,0,81,109,826,500000,4650108,4650108,-3382609,1333509.3,,695,131,坏棒 总长 1002 任意重度敲 铁头
900,15:08:11,hit_900_20260730_150811.csv,512,DEFECT,HIGH,0,77,110,666,500000,5104165,5104165,-3143797,1676388.8,,695,-29,坏棒 总长 1002 任意重度敲 铁头
901,15:08:11,hit_901_20260730_150811.csv,512,NORMAL,HIGH,0,0,109,0,500000,5335008,5335008,-3109323,1865659.1,,695,,坏棒 总长 1002 任意重度敲 铁头
902,15:08:18,hit_902_20260730_150818.csv,512,DEFECT,HIGH,0,81,113,794,500000,3860842,3844165,-3860842,696782.9,,695,99,坏棒 总长 1002 任意重度敲 铁头
903,15:08:19,hit_903_20260730_150819.csv,512,DEFECT,HIGH,0,80,112,792,500000,4105398,4105398,-3708636,855962.9,,695,97,坏棒 总长 1002 任意重度敲 铁头
904,15:08:19,hit_904_20260730_150819.csv,512,DEFECT,HIGH,0,85,112,841,500000,4333299,4333299,-3848270,912128,,695,146,坏棒 总长 1002 任意重度敲 铁头
905,15:08:19,hit_905_20260730_150819.csv,512,DEFECT,HIGH,0,80,112,792,500000,4095196,4095196,-3830206,811822.2,,695,97,坏棒 总长 1002 任意重度敲 铁头
906,15:08:19,hit_906_20260730_150819.csv,512,DEFECT,HIGH,0,80,113,784,500000,3735886,3519844,-3735886,590401.3,,695,89,坏棒 总长 1002 任意重度敲 铁头
907,15:08:20,hit_907_20260730_150820.csv,512,DEFECT,HIGH,0,81,113,794,500000,4187050,4187050,-3876610,859847.5,,695,99,坏棒 总长 1002 任意重度敲 铁头
908,15:08:20,hit_908_20260730_150820.csv,512,DEFECT,HIGH,0,81,113,794,500000,4062524,4062524,-4000270,761044.8,,695,99,坏棒 总长 1002 任意重度敲 铁头
909,15:08:20,hit_909_20260730_150820.csv,512,DEFECT,HIGH,0,80,112,792,500000,4076635,4076635,-3641610,836183.6,,695,97,坏棒 总长 1002 任意重度敲 铁头
910,15:08:21,hit_910_20260730_150821.csv,512,DEFECT,HIGH,0,83,111,830,500000,4669933,4669933,-3426481,1233787.9,,695,135,坏棒 总长 1002 任意重度敲 铁头
911,15:08:21,hit_911_20260730_150821.csv,512,DEFECT,HIGH,0,79,111,790,500000,4153549,4153549,-3651780,893531.4,,695,95,坏棒 总长 1002 任意重度敲 铁头
912,15:08:21,hit_912_20260730_150821.csv,512,DEFECT,HIGH,0,79,111,790,500000,4206893,4206893,-3506973,951404.1,,695,95,坏棒 总长 1002 任意重度敲 铁头
913,15:08:22,hit_913_20260730_150822.csv,512,DEFECT,HIGH,0,79,112,782,500000,3716592,3681508,-3716592,674553.5,,695,87,坏棒 总长 1002 任意重度敲 铁头
914,15:08:22,hit_914_20260730_150822.csv,512,DEFECT,HIGH,0,84,112,831,500000,4388451,4388451,-3596465,1055307.1,,695,136,坏棒 总长 1002 任意重度敲 铁头
915,15:08:22,hit_915_20260730_150822.csv,512,DEFECT,HIGH,0,76,117,613,500000,4994535,4994535,-2814338,1596801.6,,695,-82,坏棒 总长 1002 任意重度敲 铁头
916,15:08:23,hit_916_20260730_150823.csv,512,DEFECT,HIGH,0,84,112,831,500000,4405035,4405035,-3321983,1094426.7,,695,136,坏棒 总长 1002 任意重度敲 铁头
917,15:08:24,hit_917_20260730_150824.csv,512,DEFECT,HIGH,0,77,117,622,500000,5344712,5344712,-2707623,1855714.2,,695,-73,坏棒 总长 1002 任意重度敲 铁头
918,15:08:24,hit_918_20260730_150824.csv,512,DEFECT,HIGH,0,76,116,607,500000,4933069,4933069,-2629950,1781660.3,,695,-88,坏棒 总长 1002 任意重度敲 铁头
919,15:08:25,hit_919_20260730_150825.csv,512,DEFECT,HIGH,0,85,113,833,500000,3575456,3109011,-3575456,340563.7,,695,138,坏棒 总长 1002 任意重度敲 铁头
920,15:08:25,hit_920_20260730_150825.csv,512,DEFECT,HIGH,0,33,117,311,500000,3250762,2003542,-3250762,-107753,,695,-384,坏棒 总长 1002 任意重度敲 铁头
921,15:08:26,hit_921_20260730_150826.csv,512,DEFECT,HIGH,0,80,113,784,500000,4093245,4093245,-3505635,906350.4,,695,89,坏棒 总长 1002 任意重度敲 铁头
922,15:08:26,hit_922_20260730_150826.csv,512,DEFECT,HIGH,0,80,117,754,500000,4241738,4241738,-2917267,1207195.3,,695,59,坏棒 总长 1002 任意重度敲 铁头
923,15:08:26,hit_923_20260730_150826.csv,512,DEFECT,HIGH,0,79,111,790,500000,4193799,4193799,-3765081,866923.9,,695,95,坏棒 总长 1002 任意重度敲 铁头
924,15:08:27,hit_924_20260730_150827.csv,512,DEFECT,HIGH,0,79,111,790,500000,3755005,3746021,-3755005,661391.9,,695,95,坏棒 总长 1002 任意重度敲 铁头
925,15:08:27,hit_925_20260730_150827.csv,512,DEFECT,HIGH,0,78,110,787,500000,3791008,3791008,-3419357,794822.2,,695,92,坏棒 总长 1002 任意重度敲 铁头
926,15:08:27,hit_926_20260730_150827.csv,512,DEFECT,HIGH,0,80,112,792,500000,3944148,3611782,-3944148,587737.7,,695,97,坏棒 总长 1002 任意重度敲 铁头
927,15:08:28,hit_927_20260730_150828.csv,512,DEFECT,HIGH,0,77,110,777,500000,3678701,3678701,-3554850,677487.2,,695,82,坏棒 总长 1002 任意重度敲 铁头
928,15:08:28,hit_928_20260730_150828.csv,512,DEFECT,HIGH,0,82,110,828,500000,4388253,4388253,-3387008,1149333.9,,695,133,坏棒 总长 1002 任意重度敲 铁头
929,15:08:28,hit_929_20260730_150828.csv,512,DEFECT,HIGH,0,78,110,787,500000,4071723,4071723,-3549141,878011.8,,695,92,坏棒 总长 1002 任意重度敲 铁头
930,15:08:29,hit_930_20260730_150829.csv,512,DEFECT,HIGH,0,77,110,777,500000,3929964,3929964,-3380126,919680.7,,695,82,坏棒 总长 1002 任意重度敲 铁头
931,15:08:29,hit_931_20260730_150829.csv,512,DEFECT,HIGH,0,78,110,787,500000,4066864,4066864,-3511849,912549,,695,92,坏棒 总长 1002 任意重度敲 铁头
932,15:08:29,hit_932_20260730_150829.csv,512,DEFECT,HIGH,0,78,110,787,500000,4176049,4176049,-3662385,890295,,695,92,坏棒 总长 1002 任意重度敲 铁头
933,15:08:30,hit_933_20260730_150830.csv,512,DEFECT,HIGH,0,75,116,603,500000,4578593,4578593,-2741155,1622053,,695,-92,坏棒 总长 1002 任意重度敲 铁头
934,15:08:30,hit_934_20260730_150830.csv,512,DEFECT,HIGH,0,80,112,792,500000,4086227,4086227,-3764793,832890.9,,695,97,坏棒 总长 1002 任意重度敲 铁头
935,15:08:30,hit_935_20260730_150830.csv,512,DEFECT,HIGH,0,78,110,787,500000,4156873,4156873,-3339953,1013337.7,,695,92,坏棒 总长 1002 任意重度敲 铁头
936,15:08:31,hit_936_20260730_150831.csv,512,DEFECT,HIGH,0,82,110,828,500000,4526605,4526605,-3487274,1168840.2,,695,133,坏棒 总长 1002 任意重度敲 铁头
937,15:08:31,hit_937_20260730_150831.csv,512,DEFECT,HIGH,0,80,113,784,500000,3929463,3596466,-3929463,573052.7,,695,89,坏棒 总长 1002 任意重度敲 铁头
938,15:08:31,hit_938_20260730_150831.csv,512,DEFECT,HIGH,0,33,112,326,500000,3878908,3209885,-3878908,351731.9,,695,-369,坏棒 总长 1002 任意重度敲 铁头
939,15:08:32,hit_939_20260730_150832.csv,512,DEFECT,HIGH,0,78,111,780,500000,3603891,3603891,-3562490,673223.6,,695,85,坏棒 总长 1002 任意重度敲 铁头
940,15:08:32,hit_940_20260730_150832.csv,512,DEFECT,HIGH,0,76,109,663,500000,4930065,4930065,-3151080,1519784.7,,695,-32,坏棒 总长 1002 任意重度敲 铁头
941,15:08:32,hit_941_20260730_150832.csv,512,DEFECT,HIGH,0,78,110,787,500000,4046426,4046426,-3413945,920042,,695,92,坏棒 总长 1002 任意重度敲 铁头
942,15:08:33,hit_942_20260730_150833.csv,512,DEFECT,HIGH,0,81,109,826,500000,4815012,4815012,-3215510,1397744.4,,695,131,坏棒 总长 1002 任意重度敲 铁头
943,15:08:33,hit_943_20260730_150833.csv,512,DEFECT,HIGH,0,79,111,790,500000,3993187,3993187,-3545741,901951.8,,695,95,坏棒 总长 1002 任意重度敲 铁头
944,15:08:33,hit_944_20260730_150833.csv,512,DEFECT,HIGH,0,81,112,801,500000,4025503,4025503,-3918213,683164.5,,695,106,坏棒 总长 1002 任意重度敲 铁头
945,15:08:34,hit_945_20260730_150834.csv,512,DEFECT,HIGH,0,80,112,792,500000,4071953,4071953,-3814421,801061.7,,695,97,坏棒 总长 1002 任意重度敲 铁头
946,15:08:34,hit_946_20260730_150834.csv,512,DEFECT,HIGH,0,78,110,787,500000,4325796,4325796,-3542470,983069.2,,695,92,坏棒 总长 1002 任意重度敲 铁头
947,15:08:34,hit_947_20260730_150834.csv,512,DEFECT,HIGH,0,79,112,782,500000,3888880,3888880,-3789057,759982,,695,87,坏棒 总长 1002 任意重度敲 铁头
948,15:08:35,hit_948_20260730_150835.csv,512,DEFECT,HIGH,0,83,111,830,500000,4493243,4493243,-3460634,1197766.3,,695,135,坏棒 总长 1002 任意重度敲 铁头
949,15:08:35,hit_949_20260730_150835.csv,512,DEFECT,HIGH,0,83,110,838,500000,4395622,4395622,-3541066,1035132.3,,695,143,坏棒 总长 1002 任意重度敲 铁头
950,15:08:35,hit_950_20260730_150835.csv,512,DEFECT,HIGH,0,83,110,838,500000,4793176,4793176,-3438511,1299889.6,,695,143,坏棒 总长 1002 任意重度敲 铁头
951,15:08:36,hit_951_20260730_150836.csv,512,DEFECT,HIGH,0,76,109,663,500000,5221008,5221008,-3038419,1734491.4,,695,-32,坏棒 总长 1002 任意重度敲 铁头
952,15:08:36,hit_952_20260730_150836.csv,512,DEFECT,HIGH,0,83,110,838,500000,4545251,4545251,-3525999,1167346.4,,695,143,坏棒 总长 1002 任意重度敲 铁头
953,15:08:36,hit_953_20260730_150836.csv,512,DEFECT,HIGH,0,82,110,828,500000,4710306,4710306,-3419013,1285925.4,,695,133,坏棒 总长 1002 任意重度敲 铁头
954,15:08:37,hit_954_20260730_150837.csv,512,DEFECT,HIGH,0,78,111,670,500000,5107610,5107610,-3600678,1478870,,695,-25,坏棒 总长 1002 任意重度敲 铁头
955,15:08:37,hit_955_20260730_150837.csv,512,DEFECT,HIGH,0,76,109,663,500000,5143157,5143157,-3270505,1615417,,695,-32,坏棒 总长 1002 任意重度敲 铁头
956,15:08:38,hit_956_20260730_150838.csv,512,DEFECT,HIGH,0,77,110,666,500000,5219046,5219046,-3425640,1658140.7,,695,-29,坏棒 总长 1002 任意重度敲 铁头
957,15:08:38,hit_957_20260730_150838.csv,512,NORMAL,HIGH,0,0,109,0,500000,5377500,5377500,-3264631,1831091.3,,695,,坏棒 总长 1002 任意重度敲 铁头
958,15:08:38,hit_958_20260730_150838.csv,512,DEFECT,HIGH,0,77,109,673,500000,5365902,5365902,-3274934,1795136,,695,-22,坏棒 总长 1002 任意重度敲 铁头
959,15:08:39,hit_959_20260730_150839.csv,512,DEFECT,HIGH,0,77,109,673,500000,5071527,5071527,-3254906,1598994.7,,695,-22,坏棒 总长 1002 任意重度敲 铁头
960,15:08:39,hit_960_20260730_150839.csv,512,DEFECT,HIGH,0,83,111,830,500000,4471169,4471169,-3658428,1075081.8,,695,135,坏棒 总长 1002 任意重度敲 铁头
961,15:08:39,hit_961_20260730_150839.csv,512,DEFECT,HIGH,0,76,109,663,500000,4829871,4829871,-3318671,1419811,,695,-32,坏棒 总长 1002 任意重度敲 铁头
962,15:08:40,hit_962_20260730_150840.csv,512,DEFECT,HIGH,0,82,110,828,500000,4786749,4786749,-3523719,1331207.8,,695,133,坏棒 总长 1002 任意重度敲 铁头
963,15:08:40,hit_963_20260730_150840.csv,512,DEFECT,HIGH,0,77,110,666,500000,5041440,5041440,-3468128,1492428,,695,-29,坏棒 总长 1002 任意重度敲 铁头
964,15:08:40,hit_964_20260730_150840.csv,512,DEFECT,HIGH,0,82,110,828,500000,4833680,4833680,-3629464,1314122.6,,695,133,坏棒 总长 1002 任意重度敲 铁头
965,15:08:41,hit_965_20260730_150841.csv,512,DEFECT,HIGH,0,79,111,790,500000,4226695,4226695,-3557219,992473.5,,695,95,坏棒 总长 1002 任意重度敲 铁头
966,15:08:41,hit_966_20260730_150841.csv,512,DEFECT,HIGH,0,81,110,818,500000,4502869,4502869,-3217993,1284286.9,,695,123,坏棒 总长 1002 任意重度敲 铁头
967,15:08:41,hit_967_20260730_150841.csv,512,DEFECT,HIGH,0,83,111,830,500000,4419184,4419184,-3741833,1040186.7,,695,135,坏棒 总长 1002 任意重度敲 铁头
968,15:08:41,hit_968_20260730_150841.csv,512,DEFECT,HIGH,0,82,110,828,500000,4750957,4750957,-3142021,1371678,,695,133,坏棒 总长 1002 任意重度敲 铁头
969,15:08:42,hit_969_20260730_150842.csv,512,DEFECT,HIGH,0,77,109,673,500000,4969088,4969088,-3027967,1619693.6,,695,-22,坏棒 总长 1002 任意重度敲 铁头
970,15:08:42,hit_970_20260730_150842.csv,512,DEFECT,HIGH,0,82,110,828,500000,4562995,4562995,-3496649,1174263.9,,695,133,坏棒 总长 1002 任意重度敲 铁头
971,15:08:42,hit_971_20260730_150842.csv,512,DEFECT,HIGH,0,83,110,838,500000,4606077,4606077,-3724944,1102121.9,,695,143,坏棒 总长 1002 任意重度敲 铁头
972,15:08:43,hit_972_20260730_150843.csv,512,DEFECT,HIGH,0,76,109,663,500000,4958889,4958889,-3374884,1462766.3,,695,-32,坏棒 总长 1002 任意重度敲 铁头
973,15:08:43,hit_973_20260730_150843.csv,512,DEFECT,HIGH,0,82,110,828,500000,4623002,4623002,-3359090,1251244,,695,133,坏棒 总长 1002 任意重度敲 铁头
974,15:08:43,hit_974_20260730_150843.csv,512,DEFECT,HIGH,0,76,109,663,500000,5065242,5065242,-3229162,1565705.3,,695,-32,坏棒 总长 1002 任意重度敲 铁头
975,15:08:44,hit_975_20260730_150844.csv,512,DEFECT,HIGH,0,83,111,830,500000,4423918,4423918,-3630685,1064459.7,,695,135,坏棒 总长 1002 任意重度敲 铁头
976,15:08:44,hit_976_20260730_150844.csv,512,DEFECT,HIGH,0,82,110,828,500000,4721746,4721746,-3530205,1200669.4,,695,133,坏棒 总长 1002 任意重度敲 铁头
977,15:08:44,hit_977_20260730_150844.csv,512,DEFECT,HIGH,0,83,111,830,500000,4518818,4518818,-3775873,1052276.8,,695,135,坏棒 总长 1002 任意重度敲 铁头
978,15:08:45,hit_978_20260730_150845.csv,512,DEFECT,HIGH,0,77,110,666,500000,5038524,5038524,-3419432,1519116.8,,695,-29,坏棒 总长 1002 任意重度敲 铁头
979,15:08:45,hit_979_20260730_150845.csv,512,DEFECT,HIGH,0,81,112,801,500000,4267875,4267875,-3774890,860084.2,,695,106,坏棒 总长 1002 任意重度敲 铁头
980,15:08:45,hit_980_20260730_150845.csv,512,DEFECT,HIGH,0,75,109,653,500000,4807034,4807034,-3467918,1390687.2,,695,-42,坏棒 总长 1002 任意重度敲 铁头
981,15:08:45,hit_981_20260730_150845.csv,512,DEFECT,HIGH,0,75,108,659,500000,4838268,4838268,-3134145,1565351.6,,695,-36,坏棒 总长 1002 任意重度敲 铁头
982,15:08:46,hit_982_20260730_150846.csv,512,DEFECT,HIGH,0,77,110,666,500000,4812230,4812230,-3693960,1274783.6,,695,-29,坏棒 总长 1002 任意重度敲 铁头
983,15:08:46,hit_983_20260730_150846.csv,512,DEFECT,HIGH,0,79,110,797,500000,4279308,4279308,-3599219,1031415.4,,695,102,坏棒 总长 1002 任意重度敲 铁头
984,15:08:46,hit_984_20260730_150846.csv,512,DEFECT,HIGH,0,76,109,663,500000,4962089,4962089,-3219045,1521643,,695,-32,坏棒 总长 1002 任意重度敲 铁头
985,15:08:47,hit_985_20260730_150847.csv,512,NORMAL,HIGH,0,0,116,0,500000,4902162,4902162,-2619822,1893346.1,,695,,坏棒 总长 1002 任意重度敲 铁头
986,15:08:47,hit_986_20260730_150847.csv,512,DEFECT,HIGH,0,83,111,830,500000,4440702,4440702,-3506748,1127521.1,,695,135,坏棒 总长 1002 任意重度敲 铁头
987,15:08:47,hit_987_20260730_150847.csv,512,DEFECT,HIGH,0,82,110,828,500000,4531590,4531590,-3581109,1146601.2,,695,133,坏棒 总长 1002 任意重度敲 铁头
988,15:08:48,hit_988_20260730_150848.csv,512,DEFECT,HIGH,0,82,109,836,500000,4729062,4729062,-3531833,1293302.2,,695,141,坏棒 总长 1002 任意重度敲 铁头
989,15:08:48,hit_989_20260730_150848.csv,512,DEFECT,HIGH,0,79,111,790,500000,4248571,4248571,-3765347,966355.9,,695,95,坏棒 总长 1002 任意重度敲 铁头
990,15:08:48,hit_990_20260730_150848.csv,512,DEFECT,HIGH,0,84,111,840,500000,4710564,4710564,-3729107,1118388.8,,695,145,坏棒 总长 1002 任意重度敲 铁头
991,15:08:49,hit_991_20260730_150849.csv,512,DEFECT,HIGH,0,76,116,619,500000,4920113,4920113,-2862868,1789203.5,,695,-76,坏棒 总长 1002 任意重度敲 铁头
992,15:08:49,hit_992_20260730_150849.csv,512,DEFECT,HIGH,0,79,111,790,500000,4321863,4321863,-3830292,1022188.8,,695,95,坏棒 总长 1002 任意重度敲 铁头
993,15:08:49,hit_993_20260730_150849.csv,512,DEFECT,HIGH,0,39,112,386,500000,4142068,3815340,-4142068,631762.7,,695,-309,坏棒 总长 1002 任意重度敲 铁头
994,15:08:49,hit_994_20260730_150849.csv,512,DEFECT,HIGH,0,82,110,828,500000,4666669,4666669,-3590507,1351566.6,,695,133,坏棒 总长 1002 任意重度敲 铁头
995,15:08:50,hit_995_20260730_150850.csv,512,DEFECT,HIGH,0,82,109,836,500000,4464473,4464473,-3300471,1204383,,695,141,坏棒 总长 1002 任意重度敲 铁头
996,15:08:50,hit_996_20260730_150850.csv,512,DEFECT,HIGH,0,78,110,787,500000,4221380,4221380,-3609860,1061449.3,,695,92,坏棒 总长 1002 任意重度敲 铁头
997,15:08:50,hit_997_20260730_150850.csv,512,DEFECT,HIGH,0,77,109,785,500000,4496485,4496485,-3547825,1217078.3,,695,90,坏棒 总长 1002 任意重度敲 铁头
998,15:08:51,hit_998_20260730_150851.csv,512,DEFECT,HIGH,0,83,110,838,500000,4528097,4528097,-3649958,1128340.7,,695,143,坏棒 总长 1002 任意重度敲 铁头
999,15:08:51,hit_999_20260730_150851.csv,512,DEFECT,HIGH,0,75,109,653,500000,4880427,4880427,-3318422,1377797.5,,695,-42,坏棒 总长 1002 任意重度敲 铁头
1000,15:08:51,hit_1000_20260730_150851.csv,512,DEFECT,HIGH,0,82,110,828,500000,4535627,4535627,-3400953,1141820.4,,695,133,坏棒 总长 1002 任意重度敲 铁头
1001,15:08:51,hit_1001_20260730_150851.csv,512,DEFECT,HIGH,0,77,109,785,500000,4462291,4462291,-3727147,1103548.1,,695,90,坏棒 总长 1002 任意重度敲 铁头
1002,15:08:52,hit_1002_20260730_150852.csv,512,DEFECT,HIGH,0,75,109,653,500000,4512964,4512964,-3605209,1262668,,695,-42,坏棒 总长 1002 任意重度敲 铁头
1003,15:08:52,hit_1003_20260730_150852.csv,512,DEFECT,HIGH,0,75,108,659,500000,4600125,4600125,-3406988,1411569.3,,695,-36,坏棒 总长 1002 任意重度敲 铁头
1004,15:08:52,hit_1004_20260730_150852.csv,512,DEFECT,HIGH,0,82,109,836,500000,4655720,4655720,-3432599,1367024.5,,695,141,坏棒 总长 1002 任意重度敲 铁头
1005,15:08:53,hit_1005_20260730_150853.csv,512,DEFECT,HIGH,0,86,116,800,500000,4445489,4048719,-4445489,740831.5,,695,105,坏棒 总长 1002 任意重度敲 铁头
1006,15:08:53,hit_1006_20260730_150853.csv,512,DEFECT,HIGH,0,82,113,803,500000,4269039,4154026,-4269039,740904.9,,695,108,坏棒 总长 1002 任意重度敲 铁头
1007,15:08:53,hit_1007_20260730_150853.csv,512,DEFECT,HIGH,0,77,109,673,500000,4930582,4930582,-3151606,1523435,,695,-22,坏棒 总长 1002 任意重度敲 铁头
1008,15:08:53,hit_1008_20260730_150853.csv,512,DEFECT,HIGH,0,77,117,622,500000,5101882,5101882,-2882097,1778619.6,,695,-73,坏棒 总长 1002 任意重度敲 铁头
1009,15:08:54,hit_1009_20260730_150854.csv,512,DEFECT,HIGH,0,83,114,805,500000,4270253,4270253,-3872414,751831,,695,110,坏棒 总长 1002 任意重度敲 铁头
1010,15:08:54,hit_1010_20260730_150854.csv,512,DEFECT,HIGH,0,84,116,800,500000,4409811,4080000,-4409811,558600.3,,695,105,坏棒 总长 1002 任意重度敲 铁头
1011,15:08:54,hit_1011_20260730_150854.csv,512,DEFECT,HIGH,0,76,117,613,500000,5244876,5244876,-2837014,1807046.1,,695,-82,坏棒 总长 1002 任意重度敲 铁头
1012,15:08:55,hit_1012_20260730_150855.csv,512,DEFECT,HIGH,0,77,109,673,500000,4955318,4955318,-3238934,1559698.6,,695,-22,坏棒 总长 1002 任意重度敲 铁头
1013,15:08:55,hit_1013_20260730_150855.csv,512,DEFECT,HIGH,0,82,110,828,500000,4733090,4733090,-3505372,1273347.2,,695,133,坏棒 总长 1002 任意重度敲 铁头
1014,15:08:55,hit_1014_20260730_150855.csv,512,DEFECT,HIGH,0,76,109,663,500000,5259008,5259008,-3239475,1549335.6,,695,-32,坏棒 总长 1002 任意重度敲 铁头
1015,15:08:55,hit_1015_20260730_150855.csv,512,DEFECT,HIGH,0,77,109,673,500000,5362091,5362091,-3100846,1650678.6,,695,-22,坏棒 总长 1002 任意重度敲 铁头
1016,15:08:56,hit_1016_20260730_150856.csv,512,DEFECT,HIGH,0,77,109,785,500000,4500389,4500389,-3452726,1109950.1,,695,90,坏棒 总长 1002 任意重度敲 铁头
1017,15:08:56,hit_1017_20260730_150856.csv,512,DEFECT,HIGH,0,75,108,659,500000,4520078,4520078,-3666922,1105494.3,,695,-36,坏棒 总长 1002 任意重度敲 铁头
1018,15:08:56,hit_1018_20260730_150856.csv,512,DEFECT,HIGH,0,76,110,656,500000,4715969,4715969,-3682476,1186122.1,,695,-39,坏棒 总长 1002 任意重度敲 铁头
1019,15:08:57,hit_1019_20260730_150857.csv,512,DEFECT,HIGH,0,84,111,840,500000,4603537,4603537,-3764082,1119200.7,,695,145,坏棒 总长 1002 任意重度敲 铁头
1020,15:08:57,hit_1020_20260730_150857.csv,512,DEFECT,HIGH,0,83,110,838,500000,4516494,4516494,-3593172,1131024.3,,695,143,坏棒 总长 1002 任意重度敲 铁头
1021,15:08:57,hit_1021_20260730_150857.csv,512,DEFECT,HIGH,0,81,109,826,500000,4499731,4499731,-3039143,1328066.4,,695,131,坏棒 总长 1002 任意重度敲 铁头
1022,15:08:57,hit_1022_20260730_150857.csv,512,DEFECT,HIGH,0,81,109,826,500000,4756278,4756278,-3324126,1387623.1,,695,131,坏棒 总长 1002 任意重度敲 铁头
1023,15:08:58,hit_1023_20260730_150858.csv,512,DEFECT,HIGH,0,83,111,830,500000,4601328,4601328,-3638738,1176687.8,,695,135,坏棒 总长 1002 任意重度敲 铁头
1024,15:08:58,hit_1024_20260730_150858.csv,512,DEFECT,HIGH,0,76,109,663,500000,5055998,5055998,-3277551,1515468.6,,695,-32,坏棒 总长 1002 任意重度敲 铁头
1025,15:08:58,hit_1025_20260730_150858.csv,512,DEFECT,HIGH,0,72,115,586,500000,5210187,5210187,-2857869,1484465.4,,695,-109,坏棒 总长 1002 任意重度敲 铁头
1026,15:08:59,hit_1026_20260730_150859.csv,512,NORMAL,HIGH,0,0,113,0,500000,5493604,5493604,-2749044,1837260.7,,695,,坏棒 总长 1002 任意重度敲 铁头
1027,15:09:04,hit_1027_20260730_150904.csv,512,DEFECT,HIGH,0,84,111,840,500000,4501317,4501317,-3665946,1140172.8,,695,145,坏棒 总长 1002 任意重度敲 铁头
1028,15:09:04,hit_1028_20260730_150904.csv,512,DEFECT,HIGH,0,79,112,782,500000,3721694,3721694,-3664163,682555,,695,87,坏棒 总长 1002 任意重度敲 铁头
1029,15:09:05,hit_1029_20260730_150905.csv,512,DEFECT,HIGH,0,79,112,782,500000,3902512,3902512,-3641757,814391.4,,695,87,坏棒 总长 1002 任意重度敲 铁头
1030,15:09:05,hit_1030_20260730_150905.csv,512,DEFECT,HIGH,0,81,112,801,500000,4004528,4004528,-3951770,816671.6,,695,106,坏棒 总长 1002 任意重度敲 铁头
1031,15:09:05,hit_1031_20260730_150905.csv,512,DEFECT,HIGH,0,79,111,790,500000,3914506,3914506,-3864585,804972.3,,695,95,坏棒 总长 1002 任意重度敲 铁头
1032,15:09:05,hit_1032_20260730_150905.csv,512,DEFECT,HIGH,0,34,110,343,500000,4166592,4166592,-3840042,932149.6,,695,-352,坏棒 总长 1002 任意重度敲 铁头
1033,15:09:06,hit_1033_20260730_150906.csv,512,DEFECT,HIGH,0,34,111,340,500000,4144846,4144846,-3966715,908020.3,,695,-355,坏棒 总长 1002 任意重度敲 铁头
1034,15:09:06,hit_1034_20260730_150906.csv,512,DEFECT,HIGH,0,77,109,785,500000,4120452,4120452,-3644858,934264.9,,695,90,坏棒 总长 1002 任意重度敲 铁头
1035,15:09:06,hit_1035_20260730_150906.csv,512,NORMAL,HIGH,0,0,108,0,500000,5365448,5365448,-2860949,1979024.5,,695,,坏棒 总长 1002 任意重度敲 铁头
1036,15:09:07,hit_1036_20260730_150907.csv,512,DEFECT,HIGH,0,78,111,780,500000,4293163,4293163,-3523607,1019072,,695,85,坏棒 总长 1002 任意重度敲 铁头
1037,15:09:07,hit_1037_20260730_150907.csv,512,DEFECT,HIGH,0,76,110,656,500000,4779104,4779104,-3507958,1285399.8,,695,-39,坏棒 总长 1002 任意重度敲 铁头
1038,15:09:07,hit_1038_20260730_150907.csv,512,DEFECT,HIGH,0,76,109,663,500000,4914936,4914936,-2962061,1661527,,695,-32,坏棒 总长 1002 任意重度敲 铁头
1039,15:09:08,hit_1039_20260730_150908.csv,512,DEFECT,HIGH,0,80,111,800,500000,4166829,4166829,-3842852,837867,,695,105,坏棒 总长 1002 任意重度敲 铁头
1040,15:09:08,hit_1040_20260730_150908.csv,512,DEFECT,HIGH,0,76,108,783,500000,4289186,4289186,-3660440,865721.1,,695,88,坏棒 总长 1002 任意重度敲 铁头
1041,15:09:08,hit_1041_20260730_150908.csv,512,DEFECT,HIGH,0,73,108,639,500000,4771392,4771392,-3336164,1366385.7,,695,-56,坏棒 总长 1002 任意重度敲 铁头
1042,15:09:09,hit_1042_20260730_150909.csv,512,DEFECT,HIGH,0,83,110,838,500000,4599791,4599791,-3665893,1142535.1,,695,143,坏棒 总长 1002 任意重度敲 铁头
1043,15:09:09,hit_1043_20260730_150909.csv,512,DEFECT,HIGH,0,83,111,830,500000,4840237,4840237,-3629797,1237426.3,,695,135,坏棒 总长 1002 任意重度敲 铁头
1044,15:09:09,hit_1044_20260730_150909.csv,512,DEFECT,HIGH,0,75,108,659,500000,5087121,5087121,-2939958,1691527.8,,695,-36,坏棒 总长 1002 任意重度敲 铁头
1045,15:09:09,hit_1045_20260730_150909.csv,512,DEFECT,HIGH,0,76,109,663,500000,5065317,5065317,-3192277,1565871.7,,695,-32,坏棒 总长 1002 任意重度敲 铁头
1046,15:09:10,hit_1046_20260730_150910.csv,512,DEFECT,HIGH,0,82,110,828,500000,4592787,4592787,-3271242,1244373.3,,695,133,坏棒 总长 1002 任意重度敲 铁头
1047,15:09:10,hit_1047_20260730_150910.csv,512,DEFECT,HIGH,0,81,109,826,500000,4666411,4666411,-3155695,1411390.6,,695,131,坏棒 总长 1002 任意重度敲 铁头
1048,15:09:10,hit_1048_20260730_150910.csv,512,DEFECT,HIGH,0,81,109,826,500000,4409612,4409612,-3486749,1271297.1,,695,131,坏棒 总长 1002 任意重度敲 铁头
1049,15:09:11,hit_1049_20260730_150911.csv,512,DEFECT,HIGH,0,77,109,785,500000,4359477,4359477,-3530397,1094818.5,,695,90,坏棒 总长 1002 任意重度敲 铁头
1050,15:09:11,hit_1050_20260730_150911.csv,512,DEFECT,HIGH,0,76,109,663,500000,5050772,5050772,-3527696,1501310.9,,695,-32,坏棒 总长 1002 任意重度敲 铁头
1051,15:09:11,hit_1051_20260730_150911.csv,512,DEFECT,HIGH,0,83,111,830,500000,4957574,4957574,-3317738,1401320.5,,695,135,坏棒 总长 1002 任意重度敲 铁头
1052,15:09:11,hit_1052_20260730_150911.csv,512,DEFECT,HIGH,0,78,111,670,500000,5542131,5542131,-3073039,1809742,,695,-25,坏棒 总长 1002 任意重度敲 铁头
1053,15:09:12,hit_1053_20260730_150912.csv,512,DEFECT,HIGH,0,84,112,831,500000,4651897,4651897,-3521880,1160189.6,,695,136,坏棒 总长 1002 任意重度敲 铁头
1054,15:09:12,hit_1054_20260730_150912.csv,512,DEFECT,HIGH,0,82,110,828,500000,4911676,4911676,-3041286,1548117.2,,695,133,坏棒 总长 1002 任意重度敲 铁头
1055,15:09:12,hit_1055_20260730_150912.csv,512,DEFECT,HIGH,0,82,110,828,500000,5010609,5010609,-3072571,1521389.6,,695,133,坏棒 总长 1002 任意重度敲 铁头
1056,15:09:13,hit_1056_20260730_150913.csv,512,DEFECT,HIGH,0,81,118,757,500000,4910007,4910007,-2979359,1541716.6,,695,62,坏棒 总长 1002 任意重度敲 铁头
1057,15:09:13,hit_1057_20260730_150913.csv,512,DEFECT,HIGH,0,83,112,821,500000,4689491,4689491,-3321813,1319653,,695,126,坏棒 总长 1002 任意重度敲 铁头
1058,15:09:13,hit_1058_20260730_150913.csv,512,DEFECT,HIGH,0,83,111,830,500000,4576930,4576930,-3603388,1124477.3,,695,135,坏棒 总长 1002 任意重度敲 铁头
1059,15:09:13,hit_1059_20260730_150913.csv,512,DEFECT,HIGH,0,82,110,828,500000,5152777,5152777,-3118614,1514178.3,,695,133,坏棒 总长 1002 任意重度敲 铁头
1060,15:09:14,hit_1060_20260730_150914.csv,512,DEFECT,HIGH,0,83,111,830,500000,5164561,5164561,-3465753,1485867.4,,695,135,坏棒 总长 1002 任意重度敲 铁头
1061,15:09:14,hit_1061_20260730_150914.csv,512,DEFECT,HIGH,0,76,117,613,500000,4996320,4996320,-2805859,1575275.3,,695,-82,坏棒 总长 1002 任意重度敲 铁头
1062,15:09:14,hit_1062_20260730_150914.csv,512,DEFECT,HIGH,0,83,111,830,500000,4869073,4869073,-3344635,1374518.4,,695,135,坏棒 总长 1002 任意重度敲 铁头
1063,15:09:15,hit_1063_20260730_150915.csv,512,DEFECT,HIGH,0,83,111,830,500000,4499782,4499782,-3250897,1168659.4,,695,135,坏棒 总长 1002 任意重度敲 铁头
1064,15:09:15,hit_1064_20260730_150915.csv,512,DEFECT,HIGH,0,81,113,794,500000,4301508,4301508,-3919094,917317.2,,695,99,坏棒 总长 1002 任意重度敲 铁头
1065,15:09:15,hit_1065_20260730_150915.csv,512,DEFECT,HIGH,0,83,111,830,500000,4478374,4478374,-3525911,1108939.5,,695,135,坏棒 总长 1002 任意重度敲 铁头
1066,15:09:15,hit_1066_20260730_150915.csv,512,DEFECT,HIGH,0,84,112,831,500000,4675501,4675501,-3544808,1201670.7,,695,136,坏棒 总长 1002 任意重度敲 铁头
1067,15:09:16,hit_1067_20260730_150916.csv,512,DEFECT,HIGH,0,82,110,828,500000,4773964,4773964,-3301289,1308501.1,,695,133,坏棒 总长 1002 任意重度敲 铁头
1068,15:09:16,hit_1068_20260730_150916.csv,512,DEFECT,HIGH,0,76,110,656,500000,4796607,4796607,-3516500,1349473.8,,695,-39,坏棒 总长 1002 任意重度敲 铁头
1069,15:09:16,hit_1069_20260730_150916.csv,512,DEFECT,HIGH,0,74,108,649,500000,4861855,4861855,-3612348,1405298.6,,695,-46,坏棒 总长 1002 任意重度敲 铁头
1070,15:09:17,hit_1070_20260730_150917.csv,512,DEFECT,HIGH,0,77,110,666,500000,5197011,5197011,-3245839,1711001.3,,695,-29,坏棒 总长 1002 任意重度敲 铁头
1071,15:09:17,hit_1071_20260730_150917.csv,512,DEFECT,HIGH,0,84,111,840,500000,4937266,4937266,-3488267,1329072.9,,695,145,坏棒 总长 1002 任意重度敲 铁头
1072,15:09:17,hit_1072_20260730_150917.csv,512,DEFECT,HIGH,0,83,111,830,500000,5115072,5115072,-3272561,1492264.5,,695,135,坏棒 总长 1002 任意重度敲 铁头
1073,15:09:17,hit_1073_20260730_150917.csv,512,DEFECT,HIGH,0,82,110,828,500000,4866499,4866499,-2930234,1515362.4,,695,133,坏棒 总长 1002 任意重度敲 铁头
1074,15:09:18,hit_1074_20260730_150918.csv,512,DEFECT,HIGH,0,82,110,828,500000,4560305,4560305,-3448566,1179107.1,,695,133,坏棒 总长 1002 任意重度敲 铁头
1075,15:09:18,hit_1075_20260730_150918.csv,512,DEFECT,HIGH,0,77,109,785,500000,4200321,4200321,-3668168,889444.2,,695,90,坏棒 总长 1002 任意重度敲 铁头
1076,15:09:18,hit_1076_20260730_150918.csv,512,DEFECT,HIGH,0,75,109,653,500000,4844983,4844983,-3585322,1335668.5,,695,-42,坏棒 总长 1002 任意重度敲 铁头
1077,15:09:18,hit_1077_20260730_150918.csv,512,DEFECT,HIGH,0,75,109,653,500000,4662842,4662842,-3572620,1279157.5,,695,-42,坏棒 总长 1002 任意重度敲 铁头
1078,15:09:19,hit_1078_20260730_150919.csv,512,DEFECT,HIGH,0,78,110,787,500000,4551242,4551242,-3730038,1085322.1,,695,92,坏棒 总长 1002 任意重度敲 铁头
1079,15:09:19,hit_1079_20260730_150919.csv,512,DEFECT,HIGH,0,37,111,370,500000,4181141,4174384,-4181141,734686.2,,695,-325,坏棒 总长 1002 任意重度敲 铁头
1080,15:09:19,hit_1080_20260730_150919.csv,512,DEFECT,HIGH,0,81,112,801,500000,4191228,4116240,-4191228,857435.2,,695,106,坏棒 总长 1002 任意重度敲 铁头
1081,15:09:20,hit_1081_20260730_150920.csv,512,NORMAL,HIGH,0,0,108,0,500000,5339795,5339795,-2949283,1964594.2,,695,,坏棒 总长 1002 任意重度敲 铁头
1082,15:09:20,hit_1082_20260730_150920.csv,512,DEFECT,HIGH,0,84,112,831,500000,4439794,4439794,-3547302,1116713,,695,136,坏棒 总长 1002 任意重度敲 铁头
1083,15:09:32,hit_1083_20260730_150932.csv,512,NORMAL,LOW,0,0,0,0,554694,840485,676334,-840485,30918,,695,,坏棒 总长 1002 任意重度敲 铁头
1084,15:09:40,hit_1084_20260730_150940.csv,512,DEFECT,HIGH,0,76,108,670,500000,4613274,4613274,-3354729,1401322.6,,695,-25,坏棒 总长 1002 任意重度敲 铁头
1085,15:09:40,hit_1085_20260730_150940.csv,512,DEFECT,HIGH,0,82,110,828,500000,4622934,4622934,-3581010,1178104.8,,695,133,坏棒 总长 1002 任意重度敲 铁头
1086,15:09:41,hit_1086_20260730_150941.csv,512,DEFECT,HIGH,0,34,111,340,500000,4624625,4624625,-3671987,1181007.1,,695,-355,坏棒 总长 1002 任意重度敲 铁头
1087,15:09:41,hit_1087_20260730_150941.csv,512,DEFECT,HIGH,0,31,111,310,500000,3763201,3469909,-3763201,500134.2,,695,-385,坏棒 总长 1002 任意重度敲 铁头
1088,15:09:41,hit_1088_20260730_150941.csv,512,DEFECT,HIGH,0,78,110,787,500000,4095273,4095273,-3765602,832762,,695,92,坏棒 总长 1002 任意重度敲 铁头
1089,15:09:42,hit_1089_20260730_150942.csv,512,DEFECT,HIGH,0,77,110,777,500000,3857524,3857524,-3753739,686731,,695,82,坏棒 总长 1002 任意重度敲 铁头
1090,15:09:42,hit_1090_20260730_150942.csv,512,DEFECT,HIGH,0,76,108,783,500000,3888915,3888915,-3440466,744429.5,,695,88,坏棒 总长 1002 任意重度敲 铁头
1091,15:09:42,hit_1091_20260730_150942.csv,512,DEFECT,HIGH,0,77,110,777,500000,4073414,3691331,-4073414,479423.5,,695,82,坏棒 总长 1002 任意重度敲 铁头
1092,15:09:42,hit_1092_20260730_150942.csv,512,DEFECT,HIGH,0,29,108,298,500000,3498435,3498435,-3459513,399669.3,,695,-397,坏棒 总长 1002 任意重度敲 铁头
1093,15:09:43,hit_1093_20260730_150943.csv,512,DEFECT,HIGH,0,73,108,752,500000,4093851,4093851,-3546158,727371.9,,695,57,坏棒 总长 1002 任意重度敲 铁头
1094,15:09:43,hit_1094_20260730_150943.csv,512,DEFECT,HIGH,0,76,109,775,500000,3950682,3950682,-3583665,707974.8,,695,80,坏棒 总长 1002 任意重度敲 铁头
1095,15:09:43,hit_1095_20260730_150943.csv,512,DEFECT,HIGH,0,82,110,828,500000,3750335,3211799,-3750335,327440.1,,695,133,坏棒 总长 1002 任意重度敲 铁头
1096,15:09:44,hit_1096_20260730_150944.csv,512,DEFECT,HIGH,0,35,112,346,500000,4071841,3222084,-4071841,202434.1,,695,-349,坏棒 总长 1002 任意重度敲 铁头
1097,15:09:44,hit_1097_20260730_150944.csv,512,DEFECT,HIGH,0,33,110,333,500000,3903689,3599477,-3903689,545779,,695,-362,坏棒 总长 1002 任意重度敲 铁头
1098,15:09:44,hit_1098_20260730_150944.csv,512,DEFECT,HIGH,0,78,109,795,500000,4180099,4180099,-3612613,965760.4,,695,100,坏棒 总长 1002 任意重度敲 铁头
1099,15:09:44,hit_1099_20260730_150944.csv,512,DEFECT,HIGH,0,34,111,340,500000,4051613,4051613,-3900890,742464.1,,695,-355,坏棒 总长 1002 任意重度敲 铁头
1100,15:09:45,hit_1100_20260730_150945.csv,512,DEFECT,HIGH,0,82,110,828,500000,4499482,4499482,-3757817,1069238.2,,695,133,坏棒 总长 1002 任意重度敲 铁头
1101,15:09:45,hit_1101_20260730_150945.csv,512,DEFECT,HIGH,0,76,109,663,500000,4543709,4543709,-3356269,1411634.4,,695,-32,坏棒 总长 1002 任意重度敲 铁头
1102,15:09:45,hit_1102_20260730_150945.csv,512,DEFECT,HIGH,0,34,109,346,500000,4125770,4125770,-3590417,966379.1,,695,-349,坏棒 总长 1002 任意重度敲 铁头
1103,15:09:45,hit_1103_20260730_150945.csv,512,DEFECT,HIGH,0,77,109,785,500000,4111359,4111359,-3570299,965512.6,,695,90,坏棒 总长 1002 任意重度敲 铁头
1104,15:09:46,hit_1104_20260730_150946.csv,512,DEFECT,HIGH,0,77,109,785,500000,4393915,4393915,-3609424,1104813.9,,695,90,坏棒 总长 1002 任意重度敲 铁头
1105,15:09:46,hit_1105_20260730_150946.csv,512,DEFECT,HIGH,0,75,108,773,500000,4382282,4382282,-3401353,1029923.8,,695,78,坏棒 总长 1002 任意重度敲 铁头
1106,15:09:46,hit_1106_20260730_150946.csv,512,DEFECT,HIGH,0,35,111,350,500000,4225981,4225981,-3934876,848845.6,,695,-345,坏棒 总长 1002 任意重度敲 铁头
1107,15:09:46,hit_1107_20260730_150946.csv,512,DEFECT,HIGH,0,80,108,824,500000,4328621,4328621,-3217607,1202247.8,,695,129,坏棒 总长 1002 任意重度敲 铁头
1108,15:09:47,hit_1108_20260730_150947.csv,512,DEFECT,HIGH,0,76,109,775,500000,4296224,4296224,-3535065,1155377.6,,695,80,坏棒 总长 1002 任意重度敲 铁头
1109,15:09:47,hit_1109_20260730_150947.csv,512,DEFECT,HIGH,0,75,108,773,500000,4025019,4025019,-3420537,968800.1,,695,78,坏棒 总长 1002 任意重度敲 铁头
1110,15:09:47,hit_1110_20260730_150947.csv,512,DEFECT,HIGH,0,77,109,785,500000,4152520,4152520,-3701287,887137,,695,90,坏棒 总长 1002 任意重度敲 铁头
1111,15:09:48,hit_1111_20260730_150948.csv,512,DEFECT,HIGH,0,73,114,601,500000,4292630,4292630,-3007494,1217450.5,,695,-94,坏棒 总长 1002 任意重度敲 铁头
1112,15:09:48,hit_1112_20260730_150948.csv,512,DEFECT,HIGH,0,78,110,787,500000,3965701,3965701,-3929031,703254.8,,695,92,坏棒 总长 1002 任意重度敲 铁头
1113,15:09:48,hit_1113_20260730_150948.csv,512,DEFECT,HIGH,0,76,108,783,500000,4389733,4389733,-3557984,1199400,,695,88,坏棒 总长 1002 任意重度敲 铁头
1114,15:09:48,hit_1114_20260730_150948.csv,512,DEFECT,HIGH,0,73,108,639,500000,4179835,4179835,-3244834,1130206.4,,695,-56,坏棒 总长 1002 任意重度敲 铁头
1115,15:09:50,hit_1115_20260730_150950.csv,512,DEFECT,HIGH,0,79,111,790,500000,4677527,4677527,-3275061,1174047.9,,695,95,坏棒 总长 1002 任意重度敲 铁头
1116,15:09:51,hit_1116_20260730_150951.csv,512,DEFECT,HIGH,0,79,111,790,500000,4649742,4649742,-3176376,1176906.3,,695,95,坏棒 总长 1002 任意重度敲 铁头
1117,15:09:51,hit_1117_20260730_150951.csv,512,DEFECT,HIGH,0,82,111,820,500000,5120372,5120372,-3095097,1461576.8,,695,125,坏棒 总长 1002 任意重度敲 铁头
1118,15:09:52,hit_1118_20260730_150952.csv,512,DEFECT,HIGH,0,75,115,603,500000,5058344,5058344,-2584733,1882476,,695,-92,坏棒 总长 1002 任意重度敲 铁头
1119,15:09:52,hit_1119_20260730_150952.csv,512,DEFECT,HIGH,0,82,110,828,500000,4370712,4370712,-3319293,1127200.1,,695,133,坏棒 总长 1002 任意重度敲 铁头
1120,15:09:52,hit_1120_20260730_150952.csv,512,DEFECT,HIGH,0,78,110,787,500000,4191630,4191630,-3370266,1023606.1,,695,92,坏棒 总长 1002 任意重度敲 铁头
1121,15:09:52,hit_1121_20260730_150952.csv,512,DEFECT,HIGH,0,83,110,838,500000,4568206,4568206,-3406876,1125020.4,,695,143,坏棒 总长 1002 任意重度敲 铁头
1122,15:09:53,hit_1122_20260730_150953.csv,512,DEFECT,HIGH,0,76,115,613,500000,5285898,5285898,-2564196,2054607.2,,695,-82,坏棒 总长 1002 任意重度敲 铁头
1123,15:09:53,hit_1123_20260730_150953.csv,512,DEFECT,HIGH,0,81,110,818,500000,4673457,4673457,-3012166,1337703.7,,695,123,坏棒 总长 1002 任意重度敲 铁头
1124,15:09:54,hit_1124_20260730_150954.csv,512,DEFECT,HIGH,0,75,116,609,500000,4356984,4356984,-2876584,1414540.7,,695,-86,坏棒 总长 1002 任意重度敲 铁头
1125,15:09:54,hit_1125_20260730_150954.csv,512,DEFECT,HIGH,0,74,108,649,500000,4808866,4808866,-3397732,1260405.2,,695,-46,坏棒 总长 1002 任意重度敲 铁头
1126,15:09:54,hit_1126_20260730_150954.csv,512,DEFECT,HIGH,0,75,108,659,500000,4825747,4825747,-3175551,1544751.4,,695,-36,坏棒 总长 1002 任意重度敲 铁头
1127,15:09:54,hit_1127_20260730_150954.csv,512,NORMAL,HIGH,0,0,115,0,500000,4951389,4951389,-2971952,1566564.3,,695,,坏棒 总长 1002 任意重度敲 铁头
1128,15:09:55,hit_1128_20260730_150955.csv,512,DEFECT,HIGH,0,79,110,797,500000,4162532,4162532,-3713620,914344.7,,695,102,坏棒 总长 1002 任意重度敲 铁头
1129,15:09:55,hit_1129_20260730_150955.csv,512,DEFECT,HIGH,0,77,109,785,500000,4026476,4026476,-3650332,817966,,695,90,坏棒 总长 1002 任意重度敲 铁头
1130,15:09:55,hit_1130_20260730_150955.csv,512,DEFECT,HIGH,0,23,113,225,500000,4127671,4127671,-2893775,1143135,,695,-470,坏棒 总长 1002 任意重度敲 铁头
1131,15:09:56,hit_1131_20260730_150956.csv,512,DEFECT,HIGH,0,34,111,340,500000,3928969,3286679,-3928969,315286.5,,695,-355,坏棒 总长 1002 任意重度敲 铁头
1132,15:09:56,hit_1132_20260730_150956.csv,512,DEFECT,HIGH,0,32,110,323,500000,3950813,3092897,-3950813,190401.6,,695,-372,坏棒 总长 1002 任意重度敲 铁头
1133,15:09:56,hit_1133_20260730_150956.csv,512,DEFECT,HIGH,0,82,109,836,500000,4428352,4428352,-3575736,1125345.1,,695,141,坏棒 总长 1002 任意重度敲 铁头
1134,15:09:57,hit_1134_20260730_150957.csv,512,DEFECT,HIGH,0,76,116,607,500000,4751313,4751313,-2593529,1622872.9,,695,-88,坏棒 总长 1002 任意重度敲 铁头
1135,15:09:57,hit_1135_20260730_150957.csv,512,DEFECT,HIGH,0,74,108,649,500000,4553858,4553858,-3287384,1345858.2,,695,-46,坏棒 总长 1002 任意重度敲 铁头
1136,15:09:57,hit_1136_20260730_150957.csv,512,DEFECT,HIGH,0,73,114,695,500000,4469769,4469769,-2414533,1209066.6,,695,0,坏棒 总长 1002 任意重度敲 铁头
1137,15:09:57,hit_1137_20260730_150957.csv,512,DEFECT,HIGH,0,40,114,388,500000,4432421,3846602,-4432421,421379.9,,695,-307,坏棒 总长 1002 任意重度敲 铁头
1138,15:09:58,hit_1138_20260730_150958.csv,512,DEFECT,HIGH,0,75,108,773,500000,4380305,4380305,-3470096,1054645.2,,695,78,坏棒 总长 1002 任意重度敲 铁头
1139,15:09:58,hit_1139_20260730_150958.csv,512,DEFECT,HIGH,0,75,108,659,500000,5179903,5179903,-2999599,1608433.9,,695,-36,坏棒 总长 1002 任意重度敲 铁头
1140,15:09:58,hit_1140_20260730_150958.csv,512,DEFECT,HIGH,0,77,109,673,500000,5380769,5380769,-2938972,1848544.6,,695,-22,坏棒 总长 1002 任意重度敲 铁头
1141,15:09:58,hit_1141_20260730_150958.csv,512,DEFECT,HIGH,0,77,109,785,500000,4574541,4574541,-3535663,1216123.3,,695,90,坏棒 总长 1002 任意重度敲 铁头
1142,15:09:59,hit_1142_20260730_150959.csv,512,NORMAL,HIGH,0,0,108,0,500000,5393301,5393301,-3022988,1837002.7,,695,,坏棒 总长 1002 任意重度敲 铁头
1143,15:09:59,hit_1143_20260730_150959.csv,512,DEFECT,HIGH,0,81,109,826,500000,4591288,4591288,-3372475,1264411.5,,695,131,坏棒 总长 1002 任意重度敲 铁头
1144,15:09:59,hit_1144_20260730_150959.csv,512,DEFECT,HIGH,0,82,110,828,500000,4622307,4622307,-3342692,1254365.7,,695,133,坏棒 总长 1002 任意重度敲 铁头
1145,15:10:00,hit_1145_20260730_151000.csv,512,DEFECT,HIGH,0,75,108,659,500000,4666889,4666889,-3159036,1369462.7,,695,-36,坏棒 总长 1002 任意重度敲 铁头
1146,15:10:00,hit_1146_20260730_151000.csv,512,DEFECT,HIGH,0,21,114,203,500000,4365816,4054976,-4365816,543260.4,,695,-492,坏棒 总长 1002 任意重度敲 铁头
1147,15:10:00,hit_1147_20260730_151000.csv,512,DEFECT,HIGH,0,78,110,787,500000,4068917,4068917,-3368137,977577.2,,695,92,坏棒 总长 1002 任意重度敲 铁头
1148,15:10:00,hit_1148_20260730_151000.csv,512,DEFECT,HIGH,0,78,111,780,500000,4205982,4205982,-3701724,923888.5,,695,85,坏棒 总长 1002 任意重度敲 铁头
1149,15:10:01,hit_1149_20260730_151001.csv,512,DEFECT,HIGH,0,81,109,826,500000,4308315,4308315,-3012574,1266711,,695,131,坏棒 总长 1002 任意重度敲 铁头
1150,15:10:01,hit_1150_20260730_151001.csv,512,DEFECT,HIGH,0,40,113,392,500000,4416439,3739345,-4416439,447105.1,,695,-303,坏棒 总长 1002 任意重度敲 铁头
1151,15:10:01,hit_1151_20260730_151001.csv,512,DEFECT,HIGH,0,81,109,826,500000,4414717,4414717,-3302590,1268395,,695,131,坏棒 总长 1002 任意重度敲 铁头
1152,15:10:02,hit_1152_20260730_151002.csv,512,DEFECT,HIGH,0,82,110,828,500000,4559952,4559952,-3524772,1206121.3,,695,133,坏棒 总长 1002 任意重度敲 铁头
1153,15:10:02,hit_1153_20260730_151002.csv,512,DEFECT,HIGH,0,81,109,826,500000,4393127,4393127,-3454661,1185353.4,,695,131,坏棒 总长 1002 任意重度敲 铁头
1154,15:10:02,hit_1154_20260730_151002.csv,512,DEFECT,HIGH,0,32,111,320,500000,3859418,3486803,-3859418,459298.3,,695,-375,坏棒 总长 1002 任意重度敲 铁头
1155,15:10:02,hit_1155_20260730_151002.csv,512,DEFECT,HIGH,0,83,111,830,500000,4721365,4721365,-3469258,1275615.6,,695,135,坏棒 总长 1002 任意重度敲 铁头
1156,15:10:03,hit_1156_20260730_151003.csv,512,DEFECT,HIGH,0,82,110,828,500000,4536527,4536527,-3165971,1265386.2,,695,133,坏棒 总长 1002 任意重度敲 铁头
1157,15:10:03,hit_1157_20260730_151003.csv,512,DEFECT,HIGH,0,76,109,663,500000,4751762,4751762,-3367466,1412927.3,,695,-32,坏棒 总长 1002 任意重度敲 铁头
1158,15:10:03,hit_1158_20260730_151003.csv,512,DEFECT,HIGH,0,77,110,777,500000,4027776,4027776,-3745474,812828.6,,695,82,坏棒 总长 1002 任意重度敲 铁头
1159,15:10:04,hit_1159_20260730_151004.csv,512,DEFECT,HIGH,0,77,109,785,500000,4339869,4339869,-3547331,1030526.8,,695,90,坏棒 总长 1002 任意重度敲 铁头
1160,15:10:04,hit_1160_20260730_151004.csv,512,DEFECT,HIGH,0,76,109,663,500000,4780577,4780577,-3309440,1398819,,695,-32,坏棒 总长 1002 任意重度敲 铁头
1161,15:10:04,hit_1161_20260730_151004.csv,512,DEFECT,HIGH,0,77,109,785,500000,4215740,4215740,-3255582,1080631,,695,90,坏棒 总长 1002 任意重度敲 铁头
1162,15:10:04,hit_1162_20260730_151004.csv,512,DEFECT,HIGH,0,78,110,787,500000,4112048,4112048,-3599627,915236.4,,695,92,坏棒 总长 1002 任意重度敲 铁头
1163,15:10:05,hit_1163_20260730_151005.csv,512,DEFECT,HIGH,0,83,110,838,500000,4657203,4657203,-3678005,1137185.3,,695,143,坏棒 总长 1002 任意重度敲 铁头
1164,15:10:05,hit_1164_20260730_151005.csv,512,DEFECT,HIGH,0,82,110,828,500000,4633492,4633492,-3441608,1303065.5,,695,133,坏棒 总长 1002 任意重度敲 铁头
1165,15:10:05,hit_1165_20260730_151005.csv,512,NORMAL,HIGH,0,0,108,0,500000,5150991,5150991,-3007147,1778752.2,,695,,坏棒 总长 1002 任意重度敲 铁头
1166,15:10:06,hit_1166_20260730_151006.csv,512,DEFECT,HIGH,0,76,109,663,500000,4847873,4847873,-3375039,1474132.2,,695,-32,坏棒 总长 1002 任意重度敲 铁头
1167,15:10:06,hit_1167_20260730_151006.csv,512,DEFECT,HIGH,0,76,108,670,500000,5113816,5113816,-3148915,1674724.3,,695,-25,坏棒 总长 1002 任意重度敲 铁头
1168,15:10:06,hit_1168_20260730_151006.csv,512,DEFECT,HIGH,0,34,110,343,500000,4339012,4339012,-3654073,1047465.8,,695,-352,坏棒 总长 1002 任意重度敲 铁头
1169,15:10:06,hit_1169_20260730_151006.csv,512,DEFECT,HIGH,0,76,109,663,500000,4713047,4713047,-3261047,1438678.2,,695,-32,坏棒 总长 1002 任意重度敲 铁头
1170,15:10:07,hit_1170_20260730_151007.csv,512,DEFECT,HIGH,0,75,108,659,500000,5031155,5031155,-3073553,1687090.4,,695,-36,坏棒 总长 1002 任意重度敲 铁头
1171,15:10:07,hit_1171_20260730_151007.csv,512,NORMAL,HIGH,0,0,108,0,500000,5047309,5047309,-3053470,1827902.8,,695,,坏棒 总长 1002 任意重度敲 铁头
1172,15:10:07,hit_1172_20260730_151007.csv,512,DEFECT,HIGH,0,78,110,787,500000,4311015,4311015,-3497035,1047262.2,,695,92,坏棒 总长 1002 任意重度敲 铁头
1173,15:10:13,hit_1173_20260730_151013.csv,512,DEFECT,HIGH,0,31,114,300,500000,3297030,2282630,-3297030,-95221.8,,695,-395,坏棒 总长 1002 任意重度敲 铁头
1174,15:10:13,hit_1174_20260730_151013.csv,512,DEFECT,HIGH,0,79,111,790,500000,3815491,3766414,-3815491,664479.3,,695,95,坏棒 总长 1002 任意重度敲 铁头
1175,15:10:14,hit_1175_20260730_151014.csv,512,DEFECT,HIGH,0,78,110,787,500000,4208403,4208403,-3735607,937098.1,,695,92,坏棒 总长 1002 任意重度敲 铁头
1176,15:10:19,hit_1176_20260730_151019.csv,512,DEFECT,HIGH,0,79,111,790,500000,3849918,3849918,-3721221,752471,,695,95,坏棒 总长 1002 任意重度敲 铁头
1177,15:10:19,hit_1177_20260730_151019.csv,512,DEFECT,HIGH,0,71,113,588,500000,3074183,2157970,-3074183,-157560.3,,695,-107,坏棒 总长 1002 任意重度敲 铁头
1178,15:10:19,hit_1178_20260730_151019.csv,512,DEFECT,HIGH,0,82,110,828,500000,4733841,4733841,-3561506,1385407.9,,695,133,坏棒 总长 1002 任意重度敲 铁头
1179,15:10:20,hit_1179_20260730_151020.csv,512,DEFECT,HIGH,0,78,111,780,500000,3942078,3942078,-3686556,797058.9,,695,85,坏棒 总长 1002 任意重度敲 铁头
1180,15:10:20,hit_1180_20260730_151020.csv,512,DEFECT,HIGH,0,75,108,659,500000,4446289,4446289,-3006500,1453380,,695,-36,坏棒 总长 1002 任意重度敲 铁头
1181,15:10:21,hit_1181_20260730_151021.csv,512,DEFECT,HIGH,0,77,109,785,500000,4215151,4215151,-3687697,972098.9,,695,90,坏棒 总长 1002 任意重度敲 铁头
1182,15:10:21,hit_1182_20260730_151021.csv,512,DEFECT,HIGH,0,72,113,598,500000,3445552,2276373,-3445552,-142195,,695,-97,坏棒 总长 1002 任意重度敲 铁头
1183,15:10:22,hit_1183_20260730_151022.csv,512,DEFECT,HIGH,0,77,110,666,500000,4797968,4797968,-3739680,1263700.8,,695,-29,坏棒 总长 1002 任意重度敲 铁头
1184,15:10:22,hit_1184_20260730_151022.csv,512,DEFECT,HIGH,0,75,108,659,500000,4853648,4853648,-3612322,1367085.7,,695,-36,坏棒 总长 1002 任意重度敲 铁头
1185,15:10:22,hit_1185_20260730_151022.csv,512,DEFECT,HIGH,0,84,111,840,500000,4639889,4639889,-3800070,1179587.6,,695,145,坏棒 总长 1002 任意重度敲 铁头
1186,15:10:23,hit_1186_20260730_151023.csv,512,DEFECT,HIGH,0,76,109,663,500000,5001149,5001149,-3655476,1417235.9,,695,-32,坏棒 总长 1002 任意重度敲 铁头
1187,15:10:23,hit_1187_20260730_151023.csv,512,DEFECT,HIGH,0,76,113,637,500000,4039341,2916607,-4039341,6918.3,,695,-58,坏棒 总长 1002 任意重度敲 铁头
1188,15:10:23,hit_1188_20260730_151023.csv,512,DEFECT,HIGH,0,76,108,670,500000,5222175,5222175,-3433410,1651824.8,,695,-25,坏棒 总长 1002 任意重度敲 铁头
1189,15:10:24,hit_1189_20260730_151024.csv,512,DEFECT,HIGH,0,78,110,787,500000,4223372,4223372,-3653245,929262.5,,695,92,坏棒 总长 1002 任意重度敲 铁头
1190,15:10:24,hit_1190_20260730_151024.csv,512,NORMAL,HIGH,0,0,109,0,500000,5534563,5534563,-3287353,1849488.5,,695,,坏棒 总长 1002 任意重度敲 铁头
1191,15:10:25,hit_1191_20260730_151025.csv,512,DEFECT,HIGH,0,76,110,656,500000,4873052,4873052,-3615458,1254439.7,,695,-39,坏棒 总长 1002 任意重度敲 铁头
1192,15:10:25,hit_1192_20260730_151025.csv,512,DEFECT,HIGH,0,76,109,663,500000,5002973,5002973,-3509763,1385784.7,,695,-32,坏棒 总长 1002 任意重度敲 铁头
1193,15:10:25,hit_1193_20260730_151025.csv,512,DEFECT,HIGH,0,78,111,780,500000,4235627,4235627,-3662848,913148.4,,695,85,坏棒 总长 1002 任意重度敲 铁头
1194,15:10:26,hit_1194_20260730_151026.csv,512,DEFECT,HIGH,0,75,108,659,500000,5196851,5196851,-3401495,1557520.9,,695,-36,坏棒 总长 1002 任意重度敲 铁头
1195,15:10:26,hit_1195_20260730_151026.csv,512,DEFECT,HIGH,0,75,108,659,500000,5044373,5044373,-3451911,1450869.8,,695,-36,坏棒 总长 1002 任意重度敲 铁头
1196,15:10:26,hit_1196_20260730_151026.csv,512,DEFECT,HIGH,0,75,109,653,500000,4879409,4879409,-3489920,1300205.7,,695,-42,坏棒 总长 1002 任意重度敲 铁头
1197,15:10:27,hit_1197_20260730_151027.csv,512,DEFECT,HIGH,0,76,110,656,500000,4792041,4792041,-3626150,1250481.1,,695,-39,坏棒 总长 1002 任意重度敲 铁头
1198,15:10:27,hit_1198_20260730_151027.csv,512,DEFECT,HIGH,0,76,110,656,500000,5102453,5102453,-3587383,1433857.2,,695,-39,坏棒 总长 1002 任意重度敲 铁头
1199,15:10:27,hit_1199_20260730_151027.csv,512,DEFECT,HIGH,0,83,110,838,500000,4829203,4829203,-3588676,1294598.2,,695,143,坏棒 总长 1002 任意重度敲 铁头
1200,15:10:28,hit_1200_20260730_151028.csv,512,DEFECT,HIGH,0,81,109,826,500000,4773023,4773023,-3401540,1385344.7,,695,131,坏棒 总长 1002 任意重度敲 铁头
1201,15:10:28,hit_1201_20260730_151028.csv,512,DEFECT,HIGH,0,78,110,787,500000,4052607,4052607,-3692916,877505.2,,695,92,坏棒 总长 1002 任意重度敲 铁头
1202,15:10:30,hit_1202_20260730_151030.csv,512,DEFECT,HIGH,0,75,109,653,500000,4833170,4833170,-3271596,1418269.1,,695,-42,坏棒 总长 1002 任意重度敲 铁头
1203,15:10:30,hit_1203_20260730_151030.csv,512,DEFECT,HIGH,0,76,109,775,500000,4360289,4360289,-3248184,1058981.9,,695,80,坏棒 总长 1002 任意重度敲 铁头
1204,15:10:31,hit_1204_20260730_151031.csv,512,DEFECT,HIGH,0,77,110,777,500000,4203724,4203724,-3404038,943964,,695,82,坏棒 总长 1002 任意重度敲 铁头
1205,15:10:31,hit_1205_20260730_151031.csv,512,DEFECT,HIGH,0,76,110,767,500000,3474425,3307932,-3474425,523058.8,,695,72,坏棒 总长 1002 任意重度敲 铁头
1206,15:10:32,hit_1206_20260730_151032.csv,512,DEFECT,HIGH,0,81,110,818,500000,5194259,5194259,-3266337,1508279.7,,695,123,坏棒 总长 1002 任意重度敲 铁头
1207,15:10:32,hit_1207_20260730_151032.csv,512,DEFECT,HIGH,0,82,110,828,500000,4423319,4423319,-3378011,1160067,,695,133,坏棒 总长 1002 任意重度敲 铁头
1208,15:10:32,hit_1208_20260730_151032.csv,512,DEFECT,HIGH,0,76,110,656,500000,4975433,4975433,-3471928,1394184.5,,695,-39,坏棒 总长 1002 任意重度敲 铁头
1209,15:10:33,hit_1209_20260730_151033.csv,512,DEFECT,HIGH,0,83,110,838,500000,4981834,4981834,-3535870,1363852.1,,695,143,坏棒 总长 1002 任意重度敲 铁头
1210,15:10:33,hit_1210_20260730_151033.csv,512,DEFECT,HIGH,0,82,110,828,500000,4888361,4888361,-3112836,1521124.8,,695,133,坏棒 总长 1002 任意重度敲 铁头
1211,15:10:33,hit_1211_20260730_151033.csv,512,DEFECT,HIGH,0,82,110,828,500000,4759382,4759382,-3288710,1344017.2,,695,133,坏棒 总长 1002 任意重度敲 铁头
1212,15:10:34,hit_1212_20260730_151034.csv,512,DEFECT,HIGH,0,35,112,346,500000,3999292,3654414,-3999292,542148.4,,695,-349,坏棒 总长 1002 任意重度敲 铁头
1213,15:10:41,hit_1213_20260730_151041.csv,512,DEFECT,HIGH,0,75,108,659,500000,4565588,4565588,-3414560,1309440.8,,695,-36,坏棒 总长 1002 任意重度敲 铁头
1214,15:10:42,hit_1214_20260730_151042.csv,512,DEFECT,HIGH,0,78,110,787,500000,4187849,4187849,-3665110,874578.5,,695,92,坏棒 总长 1002 任意重度敲 铁头
1215,15:10:42,hit_1215_20260730_151042.csv,512,DEFECT,HIGH,0,35,111,350,500000,4044613,3598106,-4044613,448535.1,,695,-345,坏棒 总长 1002 任意重度敲 铁头
1216,15:10:45,hit_1216_20260730_151045.csv,512,DEFECT,HIGH,0,34,112,336,500000,3896789,3657513,-3896789,548164.6,,695,-359,坏棒 总长 1002 任意重度敲 铁头
1217,15:10:45,hit_1217_20260730_151045.csv,512,DEFECT,HIGH,0,77,109,785,500000,3848513,3848513,-3649896,723181.2,,695,90,坏棒 总长 1002 任意重度敲 铁头
1218,15:10:46,hit_1218_20260730_151046.csv,512,DEFECT,HIGH,0,33,109,336,500000,4252763,4252763,-3710735,987143.4,,695,-359,坏棒 总长 1002 任意重度敲 铁头
1219,15:10:46,hit_1219_20260730_151046.csv,512,DEFECT,HIGH,0,78,110,787,500000,3912705,3912705,-3818077,736002.3,,695,92,坏棒 总长 1002 任意重度敲 铁头
1220,15:10:46,hit_1220_20260730_151046.csv,512,DEFECT,HIGH,0,76,109,775,500000,4022080,4022080,-3590793,898349.5,,695,80,坏棒 总长 1002 任意重度敲 铁头
1221,15:10:47,hit_1221_20260730_151047.csv,512,DEFECT,HIGH,0,76,108,783,500000,4445638,4445638,-3594475,1104461.8,,695,88,坏棒 总长 1002 任意重度敲 铁头
1222,15:10:47,hit_1222_20260730_151047.csv,512,DEFECT,HIGH,0,78,110,787,500000,3927615,3895706,-3927615,630511.5,,695,92,坏棒 总长 1002 任意重度敲 铁头
1223,15:10:47,hit_1223_20260730_151047.csv,512,DEFECT,HIGH,0,77,109,785,500000,4264921,4264921,-3885875,819410.1,,695,90,坏棒 总长 1002 任意重度敲 铁头
1224,15:10:48,hit_1224_20260730_151048.csv,512,DEFECT,HIGH,0,76,108,783,500000,4307927,4307927,-3705129,1060195.8,,695,88,坏棒 总长 1002 任意重度敲 铁头
1225,15:10:48,hit_1225_20260730_151048.csv,512,DEFECT,HIGH,0,34,111,340,500000,4147660,3978061,-4147660,676336.3,,695,-355,坏棒 总长 1002 任意重度敲 铁头
1226,15:10:48,hit_1226_20260730_151048.csv,512,DEFECT,HIGH,0,78,110,787,500000,4248165,4248165,-3757354,886963.5,,695,92,坏棒 总长 1002 任意重度敲 铁头
1227,15:10:49,hit_1227_20260730_151049.csv,512,DEFECT,HIGH,0,77,109,785,500000,4139803,4139803,-3693389,853332.9,,695,90,坏棒 总长 1002 任意重度敲 铁头
1228,15:10:49,hit_1228_20260730_151049.csv,512,DEFECT,HIGH,0,36,111,360,500000,4214284,3763693,-4214284,479031.3,,695,-335,坏棒 总长 1002 任意重度敲 铁头
1229,15:10:49,hit_1229_20260730_151049.csv,512,DEFECT,HIGH,0,33,110,333,500000,3953579,3742625,-3953579,578079.7,,695,-362,坏棒 总长 1002 任意重度敲 铁头
1230,15:10:50,hit_1230_20260730_151050.csv,512,DEFECT,HIGH,0,74,108,762,500000,4093563,4093563,-3093279,1178893.8,,695,67,坏棒 总长 1002 任意重度敲 铁头
1231,15:10:50,hit_1231_20260730_151050.csv,512,DEFECT,HIGH,0,76,109,775,500000,3930648,3666490,-3930648,478432,,695,80,坏棒 总长 1002 任意重度敲 铁头
1232,15:10:50,hit_1232_20260730_151050.csv,512,DEFECT,HIGH,0,75,108,773,500000,4098244,4098244,-3188308,1079261.7,,695,78,坏棒 总长 1002 任意重度敲 铁头
1233,15:10:51,hit_1233_20260730_151051.csv,512,DEFECT,HIGH,0,36,112,356,500000,4256529,3110574,-4256529,163030.7,,695,-339,坏棒 总长 1002 任意重度敲 铁头
1234,15:10:51,hit_1234_20260730_151051.csv,512,DEFECT,HIGH,0,75,108,659,500000,4218740,4218740,-3123103,1257115.5,,695,-36,坏棒 总长 1002 任意重度敲 铁头
1235,15:10:52,hit_1235_20260730_151052.csv,512,DEFECT,HIGH,0,77,109,785,500000,4038907,4038907,-3689906,824628.2,,695,90,坏棒 总长 1002 任意重度敲 铁头
1236,15:10:52,hit_1236_20260730_151052.csv,512,DEFECT,HIGH,0,76,112,643,500000,4248397,3326796,-4248397,193837.8,,695,-52,坏棒 总长 1002 任意重度敲 铁头
1237,15:10:52,hit_1237_20260730_151052.csv,512,DEFECT,HIGH,0,76,109,663,500000,4291519,4291519,-3284981,1300830.3,,695,-32,坏棒 总长 1002 任意重度敲 铁头
1238,15:10:53,hit_1238_20260730_151053.csv,512,DEFECT,HIGH,0,32,112,316,500000,3812595,2673853,-3812595,43446.2,,695,-379,坏棒 总长 1002 任意重度敲 铁头
1239,15:10:53,hit_1239_20260730_151053.csv,512,DEFECT,HIGH,0,73,113,607,500000,4047219,2831797,-4047219,-71981.5,,695,-88,坏棒 总长 1002 任意重度敲 铁头
1240,15:10:54,hit_1240_20260730_151054.csv,512,DEFECT,HIGH,0,79,111,790,500000,4281949,4281949,-3648100,984440.3,,695,95,坏棒 总长 1002 任意重度敲 铁头
1241,15:10:54,hit_1241_20260730_151054.csv,512,DEFECT,HIGH,0,78,110,787,500000,4112118,4112118,-3560194,916571.1,,695,92,坏棒 总长 1002 任意重度敲 铁头
1242,15:10:55,hit_1242_20260730_151055.csv,512,DEFECT,HIGH,0,79,112,782,500000,3801329,3801329,-3723055,741890.6,,695,87,坏棒 总长 1002 任意重度敲 铁头
1243,15:10:55,hit_1243_20260730_151055.csv,512,DEFECT,HIGH,0,78,110,787,500000,4006945,4006945,-3599399,832938.2,,695,92,坏棒 总长 1002 任意重度敲 铁头
1244,15:10:56,hit_1244_20260730_151056.csv,512,DEFECT,HIGH,0,33,113,323,500000,3819755,2853903,-3819755,94486.1,,695,-372,坏棒 总长 1002 任意重度敲 铁头
1245,15:10:56,hit_1245_20260730_151056.csv,512,DEFECT,HIGH,0,35,114,339,500000,3967317,3015386,-3967317,200930.9,,695,-356,坏棒 总长 1002 任意重度敲 铁头
1246,15:10:56,hit_1246_20260730_151056.csv,512,DEFECT,HIGH,0,35,112,346,500000,3971130,3539486,-3971130,485470.2,,695,-349,坏棒 总长 1002 任意重度敲 铁头
1247,15:10:57,hit_1247_20260730_151057.csv,512,DEFECT,HIGH,0,84,111,840,500000,4380152,4380152,-3671632,1020903.4,,695,145,坏棒 总长 1002 任意重度敲 铁头
1248,15:10:57,hit_1248_20260730_151057.csv,512,DEFECT,HIGH,0,79,112,782,500000,3943930,3562080,-3943930,516138,,695,87,坏棒 总长 1002 任意重度敲 铁头
1249,15:10:57,hit_1249_20260730_151057.csv,512,DEFECT,HIGH,0,34,112,336,500000,3919794,3817539,-3919794,656361.1,,695,-359,坏棒 总长 1002 任意重度敲 铁头
1250,15:10:58,hit_1250_20260730_151058.csv,512,DEFECT,HIGH,0,79,111,790,500000,4172644,4172644,-3724651,867627.1,,695,95,坏棒 总长 1002 任意重度敲 铁头
1251,15:10:58,hit_1251_20260730_151058.csv,512,DEFECT,HIGH,0,79,112,782,500000,3783595,3781328,-3783595,681507.9,,695,87,坏棒 总长 1002 任意重度敲 铁头
1252,15:10:58,hit_1252_20260730_151058.csv,512,DEFECT,HIGH,0,79,112,782,500000,3976223,3976223,-3821763,763292.2,,695,87,坏棒 总长 1002 任意重度敲 铁头
1253,15:10:59,hit_1253_20260730_151059.csv,512,DEFECT,HIGH,0,79,111,790,500000,4228796,4228796,-3659660,920618.3,,695,95,坏棒 总长 1002 任意重度敲 铁头
1254,15:10:59,hit_1254_20260730_151059.csv,512,DEFECT,HIGH,0,78,111,780,500000,3846336,3846336,-3790740,684752.3,,695,85,坏棒 总长 1002 任意重度敲 铁头
1255,15:11:00,hit_1255_20260730_151100.csv,512,DEFECT,HIGH,0,34,111,340,500000,4066514,3453035,-4066514,426306.5,,695,-355,坏棒 总长 1002 任意重度敲 铁头
1256,15:11:00,hit_1256_20260730_151100.csv,512,DEFECT,HIGH,0,35,112,346,500000,4112008,3865577,-4112008,613036.9,,695,-349,坏棒 总长 1002 任意重度敲 铁头
1257,15:11:00,hit_1257_20260730_151100.csv,512,DEFECT,HIGH,0,78,111,780,500000,3841041,3706353,-3841041,604318.1,,695,85,坏棒 总长 1002 任意重度敲 铁头
1258,15:11:01,hit_1258_20260730_151101.csv,512,DEFECT,HIGH,0,79,111,790,500000,3869707,3869707,-3782532,724257,,695,95,坏棒 总长 1002 任意重度敲 铁头
1259,15:11:01,hit_1259_20260730_151101.csv,512,DEFECT,HIGH,0,36,112,356,500000,3984955,3939511,-3984955,630527.9,,695,-339,坏棒 总长 1002 任意重度敲 铁头
1260,15:11:01,hit_1260_20260730_151101.csv,512,DEFECT,HIGH,0,22,115,211,500000,4654259,3269498,-4654259,124870.3,,695,-484,坏棒 总长 1002 任意重度敲 铁头
1261,15:11:02,hit_1261_20260730_151102.csv,512,DEFECT,HIGH,0,75,114,621,500000,4329313,3081411,-4329313,-1434.7,,695,-74,坏棒 总长 1002 任意重度敲 铁头
1262,15:11:02,hit_1262_20260730_151102.csv,512,DEFECT,HIGH,0,78,111,780,500000,3804630,3493689,-3804630,528262.8,,695,85,坏棒 总长 1002 任意重度敲 铁头
1263,15:11:02,hit_1263_20260730_151102.csv,512,DEFECT,HIGH,0,75,109,653,500000,4649222,4649222,-3407047,1184302.9,,695,-42,坏棒 总长 1002 任意重度敲 铁头
1264,15:11:03,hit_1264_20260730_151103.csv,512,DEFECT,HIGH,0,78,111,780,500000,4178332,4178332,-3958012,787100,,695,85,坏棒 总长 1002 任意重度敲 铁头
1265,15:11:03,hit_1265_20260730_151103.csv,512,DEFECT,HIGH,0,78,110,787,500000,3959102,3959102,-3851531,736834,,695,92,坏棒 总长 1002 任意重度敲 铁头
1266,15:11:03,hit_1266_20260730_151103.csv,512,DEFECT,HIGH,0,77,109,785,500000,3895976,3895976,-3651986,725671.7,,695,90,坏棒 总长 1002 任意重度敲 铁头
1267,15:11:04,hit_1267_20260730_151104.csv,512,DEFECT,HIGH,0,78,110,787,500000,3916222,3916222,-3721723,743184.9,,695,92,坏棒 总长 1002 任意重度敲 铁头
1268,15:11:04,hit_1268_20260730_151104.csv,512,DEFECT,HIGH,0,78,111,780,500000,3645471,3645471,-3634689,678658.5,,695,85,坏棒 总长 1002 任意重度敲 铁头
1269,15:11:04,hit_1269_20260730_151104.csv,512,DEFECT,HIGH,0,35,113,343,500000,3903004,3135796,-3903004,205210.8,,695,-352,坏棒 总长 1002 任意重度敲 铁头
1270,15:11:05,hit_1270_20260730_151105.csv,512,DEFECT,HIGH,0,26,118,242,500000,5088116,3098674,-5088116,-380422.7,,695,-453,坏棒 总长 1002 任意重度敲 铁头
1271,15:11:05,hit_1271_20260730_151105.csv,512,DEFECT,HIGH,0,77,110,777,500000,3942191,3942191,-3709489,735922.2,,695,82,坏棒 总长 1002 任意重度敲 铁头
1272,15:11:05,hit_1272_20260730_151105.csv,512,DEFECT,HIGH,0,76,110,767,500000,3531274,3531274,-3460786,618225.6,,695,72,坏棒 总长 1002 任意重度敲 铁头
1273,15:11:06,hit_1273_20260730_151106.csv,512,DEFECT,HIGH,0,78,111,780,500000,4106026,4106026,-3758189,810220,,695,85,坏棒 总长 1002 任意重度敲 铁头
1274,15:11:06,hit_1274_20260730_151106.csv,512,DEFECT,HIGH,0,33,112,326,500000,3878782,3435549,-3878782,488494.7,,695,-369,坏棒 总长 1002 任意重度敲 铁头
1275,15:11:06,hit_1275_20260730_151106.csv,512,DEFECT,HIGH,0,78,111,780,500000,3655338,3655338,-3642793,661630.6,,695,85,坏棒 总长 1002 任意重度敲 铁头
1276,15:11:06,hit_1276_20260730_151106.csv,512,DEFECT,HIGH,0,79,111,790,500000,3933116,3933116,-3755350,729196.1,,695,95,坏棒 总长 1002 任意重度敲 铁头
1277,15:11:07,hit_1277_20260730_151107.csv,512,DEFECT,HIGH,0,85,112,841,500000,3743673,3353319,-3743673,427928.8,,695,146,坏棒 总长 1002 任意重度敲 铁头
1278,15:11:07,hit_1278_20260730_151107.csv,512,DEFECT,HIGH,0,80,112,792,500000,3939718,3939718,-3691260,695866.7,,695,97,坏棒 总长 1002 任意重度敲 铁头
1279,15:11:07,hit_1279_20260730_151107.csv,512,DEFECT,HIGH,0,82,113,803,500000,4056163,3911327,-4056163,729387.7,,695,108,坏棒 总长 1002 任意重度敲 铁头
1280,15:11:08,hit_1280_20260730_151108.csv,512,DEFECT,HIGH,0,23,115,221,500000,4639187,3304091,-4639187,-44256.9,,695,-474,坏棒 总长 1002 任意重度敲 铁头
1281,15:11:08,hit_1281_20260730_151108.csv,512,DEFECT,HIGH,0,77,110,777,500000,3960278,3960278,-3655753,791285,,695,82,坏棒 总长 1002 任意重度敲 铁头
1282,15:11:08,hit_1282_20260730_151108.csv,512,DEFECT,HIGH,0,76,108,783,500000,4606514,4606514,-3401462,1095437.2,,695,88,坏棒 总长 1002 任意重度敲 铁头
1283,15:11:09,hit_1283_20260730_151109.csv,512,DEFECT,HIGH,0,34,111,340,500000,4104349,3556464,-4104349,441264.5,,695,-355,坏棒 总长 1002 任意重度敲 铁头
1284,15:11:09,hit_1284_20260730_151109.csv,512,DEFECT,HIGH,0,76,109,775,500000,4399877,4399877,-3496163,1002508.1,,695,80,坏棒 总长 1002 任意重度敲 铁头
1285,15:11:09,hit_1285_20260730_151109.csv,512,DEFECT,HIGH,0,77,109,785,500000,4095801,4095801,-3640074,872040.7,,695,90,坏棒 总长 1002 任意重度敲 铁头
1286,15:11:09,hit_1286_20260730_151109.csv,512,DEFECT,HIGH,0,78,111,780,500000,3937382,3816692,-3937382,626637,,695,85,坏棒 总长 1002 任意重度敲 铁头
1287,15:11:10,hit_1287_20260730_151110.csv,512,DEFECT,HIGH,0,77,108,793,500000,4462609,4462609,-3464778,1208129.9,,695,98,坏棒 总长 1002 任意重度敲 铁头
1288,15:11:10,hit_1288_20260730_151110.csv,512,DEFECT,HIGH,0,79,111,790,500000,4219678,4219678,-3713944,885218.6,,695,95,坏棒 总长 1002 任意重度敲 铁头
1289,15:11:10,hit_1289_20260730_151110.csv,512,DEFECT,HIGH,0,27,118,252,500000,5056269,3208447,-5056269,-217755.2,,695,-443,坏棒 总长 1002 任意重度敲 铁头
1290,15:11:11,hit_1290_20260730_151111.csv,512,DEFECT,HIGH,0,80,112,792,500000,4037819,4037819,-3708026,811042.7,,695,97,坏棒 总长 1002 任意重度敲 铁头
1291,15:11:11,hit_1291_20260730_151111.csv,512,DEFECT,HIGH,0,36,113,352,500000,4078861,3846394,-4078861,631683.2,,695,-343,坏棒 总长 1002 任意重度敲 铁头
1292,15:11:11,hit_1292_20260730_151111.csv,512,DEFECT,HIGH,0,77,109,785,500000,4121297,4121297,-4014757,686908.3,,695,90,坏棒 总长 1002 任意重度敲 铁头
1293,15:11:12,hit_1293_20260730_151112.csv,512,DEFECT,HIGH,0,23,114,223,500000,4561734,3264157,-4561734,62064.8,,695,-472,坏棒 总长 1002 任意重度敲 铁头
1294,15:11:12,hit_1294_20260730_151112.csv,512,DEFECT,HIGH,0,75,111,640,500000,4147157,3315486,-4147157,192555.4,,695,-55,坏棒 总长 1002 任意重度敲 铁头
1295,15:11:12,hit_1295_20260730_151112.csv,512,DEFECT,HIGH,0,31,110,313,500000,3950246,3950246,-3909246,626427.9,,695,-382,坏棒 总长 1002 任意重度敲 铁头
1296,15:11:12,hit_1296_20260730_151112.csv,512,DEFECT,HIGH,0,77,109,785,500000,4291167,4291167,-3657267,874935.6,,695,90,坏棒 总长 1002 任意重度敲 铁头
1297,15:11:13,hit_1297_20260730_151113.csv,512,DEFECT,HIGH,0,77,109,785,500000,4422236,4422236,-3596699,999214,,695,90,坏棒 总长 1002 任意重度敲 铁头
1298,15:11:13,hit_1298_20260730_151113.csv,512,DEFECT,HIGH,0,77,110,777,500000,4254114,4254114,-3706146,846491.3,,695,82,坏棒 总长 1002 任意重度敲 铁头
1299,15:11:13,hit_1299_20260730_151113.csv,512,DEFECT,HIGH,0,77,110,777,500000,4092982,4092982,-3302134,973054.6,,695,82,坏棒 总长 1002 任意重度敲 铁头
1300,15:11:14,hit_1300_20260730_151114.csv,512,DEFECT,HIGH,0,78,110,787,500000,4349568,4349568,-3670199,1018761.2,,695,92,坏棒 总长 1002 任意重度敲 铁头
1301,15:11:14,hit_1301_20260730_151114.csv,512,DEFECT,HIGH,0,85,112,841,500000,3771367,3590021,-3771367,563805.9,,695,146,坏棒 总长 1002 任意重度敲 铁头
1302,15:11:14,hit_1302_20260730_151114.csv,512,DEFECT,HIGH,0,78,109,795,500000,5311091,5311091,-3074416,1487036.2,,695,100,坏棒 总长 1002 任意重度敲 铁头
1303,15:11:15,hit_1303_20260730_151115.csv,512,DEFECT,HIGH,0,78,111,780,500000,4917630,4917630,-3078493,1367276.3,,695,85,坏棒 总长 1002 任意重度敲 铁头
1304,15:11:15,hit_1304_20260730_151115.csv,512,DEFECT,HIGH,0,83,111,830,500000,4479087,4479087,-3747876,1012361.3,,695,135,坏棒 总长 1002 任意重度敲 铁头
1305,15:11:15,hit_1305_20260730_151115.csv,512,DEFECT,HIGH,0,76,109,663,500000,5333627,5333627,-3297198,1578107.9,,695,-32,坏棒 总长 1002 任意重度敲 铁头
1306,15:11:15,hit_1306_20260730_151115.csv,512,DEFECT,HIGH,0,84,112,831,500000,4499165,4499165,-3730687,1045758.4,,695,136,坏棒 总长 1002 任意重度敲 铁头
1307,15:11:16,hit_1307_20260730_151116.csv,512,DEFECT,HIGH,0,84,111,840,500000,4410388,4410388,-3567249,1032916.6,,695,145,坏棒 总长 1002 任意重度敲 铁头
1308,15:11:16,hit_1308_20260730_151116.csv,512,DEFECT,HIGH,0,83,110,838,500000,4618171,4618171,-3400997,1255198.6,,695,143,坏棒 总长 1002 任意重度敲 铁头
1309,15:11:16,hit_1309_20260730_151116.csv,512,DEFECT,HIGH,0,84,112,831,500000,4381093,4381093,-3439767,1020876.4,,695,136,坏棒 总长 1002 任意重度敲 铁头
1310,15:11:16,hit_1310_20260730_151116.csv,512,DEFECT,HIGH,0,28,121,254,500000,5359939,3569135,-5359939,-177483.6,,695,-441,坏棒 总长 1002 任意重度敲 铁头
1311,15:11:17,hit_1311_20260730_151117.csv,512,DEFECT,HIGH,0,31,122,279,500000,5226277,3496274,-5226277,-102864.3,,695,-416,坏棒 总长 1002 任意重度敲 铁头
1312,15:11:17,hit_1312_20260730_151117.csv,512,DEFECT,HIGH,0,86,113,843,500000,4519858,4519858,-3905397,909561.1,,695,148,坏棒 总长 1002 任意重度敲 铁头
1313,15:11:17,hit_1313_20260730_151117.csv,512,DEFECT,HIGH,0,85,112,841,500000,4328131,4328131,-3526639,965371.7,,695,146,坏棒 总长 1002 任意重度敲 铁头
1314,15:11:18,hit_1314_20260730_151118.csv,512,DEFECT,HIGH,0,81,112,801,500000,4359861,4359861,-3623259,946472.2,,695,106,坏棒 总长 1002 任意重度敲 铁头
1315,15:11:18,hit_1315_20260730_151118.csv,512,DEFECT,HIGH,0,79,110,797,500000,4957942,4957942,-3185838,1457126,,695,102,坏棒 总长 1002 任意重度敲 铁头
1316,15:11:18,hit_1316_20260730_151118.csv,512,DEFECT,HIGH,0,83,115,798,500000,4081022,4081022,-3981351,796204.4,,695,103,坏棒 总长 1002 任意重度敲 铁头
1317,15:11:18,hit_1317_20260730_151118.csv,512,DEFECT,HIGH,0,79,111,790,500000,4326033,4326033,-3665408,983765.1,,695,95,坏棒 总长 1002 任意重度敲 铁头
1318,15:11:19,hit_1318_20260730_151119.csv,512,DEFECT,HIGH,0,76,109,775,500000,4256891,4256891,-3568321,969317.3,,695,80,坏棒 总长 1002 任意重度敲 铁头
1319,15:11:19,hit_1319_20260730_151119.csv,512,DEFECT,HIGH,0,73,108,639,500000,4540317,4540317,-3393370,1216878.7,,695,-56,坏棒 总长 1002 任意重度敲 铁头
1320,15:11:19,hit_1320_20260730_151119.csv,512,DEFECT,HIGH,0,75,109,653,500000,4665373,4665373,-3583983,1240486.1,,695,-42,坏棒 总长 1002 任意重度敲 铁头
1321,15:11:20,hit_1321_20260730_151120.csv,512,DEFECT,HIGH,0,77,109,785,500000,4085762,4085762,-3613419,867764,,695,90,坏棒 总长 1002 任意重度敲 铁头
1322,15:11:20,hit_1322_20260730_151120.csv,512,DEFECT,HIGH,0,31,110,313,500000,3886639,3380287,-3886639,409784.8,,695,-382,坏棒 总长 1002 任意重度敲 铁头
1323,15:11:20,hit_1323_20260730_151120.csv,512,DEFECT,HIGH,0,77,110,777,500000,3912123,3912123,-3564627,823911.6,,695,82,坏棒 总长 1002 任意重度敲 铁头
1324,15:11:20,hit_1324_20260730_151120.csv,512,DEFECT,HIGH,0,77,109,785,500000,4432813,4432813,-3528491,1160814.2,,695,90,坏棒 总长 1002 任意重度敲 铁头
1325,15:11:21,hit_1325_20260730_151121.csv,512,DEFECT,HIGH,0,79,111,790,500000,3926838,3926043,-3926838,686373.4,,695,95,坏棒 总长 1002 任意重度敲 铁头
1326,15:11:21,hit_1326_20260730_151121.csv,512,DEFECT,HIGH,0,76,109,775,500000,4434206,4434206,-3435860,1134698.6,,695,80,坏棒 总长 1002 任意重度敲 铁头
1327,15:11:21,hit_1327_20260730_151121.csv,512,DEFECT,HIGH,0,76,109,775,500000,4542570,4542570,-3435863,1109350.3,,695,80,坏棒 总长 1002 任意重度敲 铁头
1328,15:11:21,hit_1328_20260730_151121.csv,512,DEFECT,HIGH,0,78,110,787,500000,4729469,4729469,-3533180,1175334.4,,695,92,坏棒 总长 1002 任意重度敲 铁头
1329,15:11:22,hit_1329_20260730_151122.csv,512,DEFECT,HIGH,0,79,111,790,500000,4327153,4327153,-3714114,949259.7,,695,95,坏棒 总长 1002 任意重度敲 铁头
1330,15:11:22,hit_1330_20260730_151122.csv,512,DEFECT,HIGH,0,34,111,340,500000,4280987,4280987,-3758039,948757.8,,695,-355,坏棒 总长 1002 任意重度敲 铁头
1331,15:11:22,hit_1331_20260730_151122.csv,512,DEFECT,HIGH,0,36,113,352,500000,4106185,3171060,-4106185,217123.6,,695,-343,坏棒 总长 1002 任意重度敲 铁头
1332,15:11:22,hit_1332_20260730_151122.csv,512,DEFECT,HIGH,0,80,112,792,500000,3893586,3813607,-3893586,652848.2,,695,97,坏棒 总长 1002 任意重度敲 铁头
1333,15:11:23,hit_1333_20260730_151123.csv,512,DEFECT,HIGH,0,80,112,792,500000,4084413,4084413,-3776993,820422.1,,695,97,坏棒 总长 1002 任意重度敲 铁头
1334,15:11:23,hit_1334_20260730_151123.csv,512,DEFECT,HIGH,0,82,110,828,500000,4669310,4669310,-3306548,1330815.5,,695,133,坏棒 总长 1002 任意重度敲 铁头
1335,15:11:23,hit_1335_20260730_151123.csv,512,DEFECT,HIGH,0,35,112,346,500000,4000846,3744672,-4000846,521654,,695,-349,坏棒 总长 1002 任意重度敲 铁头
1336,15:11:23,hit_1336_20260730_151123.csv,512,DEFECT,HIGH,0,77,109,785,500000,4046347,4046347,-3531135,1037545.6,,695,90,坏棒 总长 1002 任意重度敲 铁头
1337,15:11:24,hit_1337_20260730_151124.csv,512,DEFECT,HIGH,0,77,110,777,500000,3776725,3667581,-3776725,570196.8,,695,82,坏棒 总长 1002 任意重度敲 铁头
1338,15:11:24,hit_1338_20260730_151124.csv,512,DEFECT,HIGH,0,34,110,343,500000,4131644,3532108,-4131644,336630.1,,695,-352,坏棒 总长 1002 任意重度敲 铁头
1339,15:11:24,hit_1339_20260730_151124.csv,512,DEFECT,HIGH,0,78,111,780,500000,4296985,3404994,-4296985,292583.9,,695,85,坏棒 总长 1002 任意重度敲 铁头
1340,15:11:24,hit_1340_20260730_151124.csv,512,DEFECT,HIGH,0,77,109,785,500000,4018834,4018834,-3467973,946457.5,,695,90,坏棒 总长 1002 任意重度敲 铁头
1341,15:11:25,hit_1341_20260730_151125.csv,512,DEFECT,HIGH,0,83,110,838,500000,4402265,4402265,-3655637,1030519.4,,695,143,坏棒 总长 1002 任意重度敲 铁头
1342,15:11:25,hit_1342_20260730_151125.csv,512,DEFECT,HIGH,0,21,113,205,500000,4527355,3244901,-4527355,98789.6,,695,-490,坏棒 总长 1002 任意重度敲 铁头
1343,15:11:25,hit_1343_20260730_151125.csv,512,DEFECT,HIGH,0,78,111,780,500000,4199521,4199521,-3705230,907455.3,,695,85,坏棒 总长 1002 任意重度敲 铁头
1344,15:11:25,hit_1344_20260730_151125.csv,512,DEFECT,HIGH,0,78,111,780,500000,4277031,4277031,-3654356,916571,,695,85,坏棒 总长 1002 任意重度敲 铁头
1345,15:11:26,hit_1345_20260730_151126.csv,512,DEFECT,HIGH,0,77,109,785,500000,4604215,4604215,-3411522,1188338.6,,695,90,坏棒 总长 1002 任意重度敲 铁头
1346,15:11:26,hit_1346_20260730_151126.csv,512,DEFECT,HIGH,0,78,110,787,500000,4329580,4329580,-3898677,809869.9,,695,92,坏棒 总长 1002 任意重度敲 铁头
1347,15:11:26,hit_1347_20260730_151126.csv,512,DEFECT,HIGH,0,76,108,783,500000,4463109,4463109,-3460180,1073243.3,,695,88,坏棒 总长 1002 任意重度敲 铁头
1348,15:11:26,hit_1348_20260730_151126.csv,512,DEFECT,HIGH,0,78,110,787,500000,4372052,4372052,-3919434,948002.4,,695,92,坏棒 总长 1002 任意重度敲 铁头
1349,15:11:27,hit_1349_20260730_151127.csv,512,DEFECT,HIGH,0,77,110,777,500000,4120822,4120822,-3797558,810912.8,,695,82,坏棒 总长 1002 任意重度敲 铁头
1350,15:11:27,hit_1350_20260730_151127.csv,512,DEFECT,HIGH,0,76,108,783,500000,4677405,4677405,-3646915,1150517.4,,695,88,坏棒 总长 1002 任意重度敲 铁头
1351,15:11:44,hit_1351_20260730_151144.csv,512,DEFECT,HIGH,0,83,111,830,500000,4280205,4280205,-3537176,1092782.5,,695,135,坏棒 总长 1002 任意重度敲 铁头
1352,15:11:44,hit_1352_20260730_151144.csv,512,DEFECT,HIGH,0,40,114,388,500000,4305454,3491566,-4305454,369229.4,,695,-307,坏棒 总长 1002 任意重度敲 铁头
1353,15:11:45,hit_1353_20260730_151145.csv,512,DEFECT,HIGH,0,79,112,782,500000,3910036,3910036,-3537903,845322.2,,695,87,坏棒 总长 1002 任意重度敲 铁头
1354,15:11:45,hit_1354_20260730_151145.csv,512,DEFECT,HIGH,0,82,110,828,500000,4326357,4326357,-3404901,1105184.5,,695,133,坏棒 总长 1002 任意重度敲 铁头
1355,15:11:45,hit_1355_20260730_151145.csv,512,DEFECT,HIGH,0,80,112,792,500000,3840522,3755012,-3840522,680220.2,,695,97,坏棒 总长 1002 任意重度敲 铁头
1356,15:11:46,hit_1356_20260730_151146.csv,512,DEFECT,HIGH,0,85,112,841,500000,3698956,3517057,-3698956,552830.7,,695,146,坏棒 总长 1002 任意重度敲 铁头
1357,15:11:46,hit_1357_20260730_151146.csv,512,DEFECT,HIGH,0,79,111,790,500000,4056740,4056740,-3379826,934971.7,,695,95,坏棒 总长 1002 任意重度敲 铁头
1358,15:11:46,hit_1358_20260730_151146.csv,512,DEFECT,HIGH,0,77,109,785,500000,4174224,4174224,-3249614,1062495.4,,695,90,坏棒 总长 1002 任意重度敲 铁头
1359,15:11:46,hit_1359_20260730_151146.csv,512,DEFECT,HIGH,0,80,117,754,500000,4430644,4430644,-2984217,1309365.1,,695,59,坏棒 总长 1002 任意重度敲 铁头
1360,15:11:47,hit_1360_20260730_151147.csv,512,DEFECT,HIGH,0,76,117,613,500000,4456690,4456690,-2759255,1417774.5,,695,-82,坏棒 总长 1002 任意重度敲 铁头
1361,15:11:47,hit_1361_20260730_151147.csv,512,DEFECT,HIGH,0,75,115,603,500000,4292869,4292869,-2717153,1367546.8,,695,-92,坏棒 总长 1002 任意重度敲 铁头
1362,15:11:47,hit_1362_20260730_151147.csv,512,DEFECT,HIGH,0,78,111,780,500000,3558704,3224565,-3558704,548169.9,,695,85,坏棒 总长 1002 任意重度敲 铁头
1363,15:11:48,hit_1363_20260730_151148.csv,512,DEFECT,HIGH,0,76,108,783,500000,3703413,3703413,-3096144,944407.2,,695,88,坏棒 总长 1002 任意重度敲 铁头
1364,15:11:48,hit_1364_20260730_151148.csv,512,DEFECT,HIGH,0,75,108,773,500000,3937117,3937117,-3505133,959885.7,,695,78,坏棒 总长 1002 任意重度敲 铁头
1365,15:11:48,hit_1365_20260730_151148.csv,512,DEFECT,HIGH,0,76,114,619,500000,4969742,4969742,-2682797,1856831.9,,695,-76,坏棒 总长 1002 任意重度敲 铁头
1366,15:11:49,hit_1366_20260730_151149.csv,512,DEFECT,HIGH,0,76,108,783,500000,3376625,3354666,-3376625,692803.4,,695,88,坏棒 总长 1002 任意重度敲 铁头
1367,15:11:49,hit_1367_20260730_151149.csv,512,DEFECT,HIGH,0,74,108,649,500000,3875842,3875842,-3241782,1125559.6,,695,-46,坏棒 总长 1002 任意重度敲 铁头
1368,15:11:49,hit_1368_20260730_151149.csv,512,DEFECT,HIGH,0,75,108,773,500000,3613558,3613558,-3228594,835833.9,,695,78,坏棒 总长 1002 任意重度敲 铁头
1369,15:11:49,hit_1369_20260730_151149.csv,512,DEFECT,HIGH,0,30,111,300,500000,3632886,2593825,-3632886,37305,,695,-395,坏棒 总长 1002 任意重度敲 铁头
1370,15:11:56,hit_1370_20260730_151156.csv,512,DEFECT,HIGH,0,78,109,795,500000,4179034,4179034,-3423527,1165546.4,,695,100,坏棒 总长 1002 任意重度敲 铁头
1371,15:11:57,hit_1371_20260730_151157.csv,512,DEFECT,HIGH,0,78,110,787,500000,3945844,3945844,-3446444,1013687.8,,695,92,坏棒 总长 1002 任意重度敲 铁头
1372,15:11:57,hit_1372_20260730_151157.csv,512,DEFECT,HIGH,0,78,110,787,500000,4141611,4141611,-3658141,1029032.6,,695,92,坏棒 总长 1002 任意重度敲 铁头
1373,15:11:57,hit_1373_20260730_151157.csv,512,DEFECT,HIGH,0,78,110,787,500000,3857509,3857509,-3699285,795240.4,,695,92,坏棒 总长 1002 任意重度敲 铁头
1374,15:11:58,hit_1374_20260730_151158.csv,512,DEFECT,HIGH,0,79,111,790,500000,4174685,4174685,-3673389,1014042.5,,695,95,坏棒 总长 1002 任意重度敲 铁头
1375,15:11:58,hit_1375_20260730_151158.csv,512,DEFECT,HIGH,0,75,109,653,500000,4196382,4196382,-3529068,1102550.3,,695,-42,坏棒 总长 1002 任意重度敲 铁头
1376,15:11:58,hit_1376_20260730_151158.csv,512,DEFECT,HIGH,0,77,109,673,500000,4774381,4774381,-3327529,1500394.4,,695,-22,坏棒 总长 1002 任意重度敲 铁头
1377,15:11:59,hit_1377_20260730_151159.csv,512,DEFECT,HIGH,0,80,112,792,500000,4045852,4045852,-3826918,899614.5,,695,97,坏棒 总长 1002 任意重度敲 铁头
1378,15:11:59,hit_1378_20260730_151159.csv,512,DEFECT,HIGH,0,77,109,785,500000,3872413,3872413,-3292911,960711.7,,695,90,坏棒 总长 1002 任意重度敲 铁头
1379,15:12:00,hit_1379_20260730_151200.csv,512,DEFECT,HIGH,0,80,112,792,500000,4002041,3523250,-4002041,562916.2,,695,97,坏棒 总长 1002 任意重度敲 铁头
1380,15:12:00,hit_1380_20260730_151200.csv,512,DEFECT,HIGH,0,81,109,826,500000,4688391,4688391,-3305429,1353625.2,,695,131,坏棒 总长 1002 任意重度敲 铁头
1381,15:12:00,hit_1381_20260730_151200.csv,512,DEFECT,HIGH,0,75,109,653,500000,4676400,4676400,-3517655,1279549.9,,695,-42,坏棒 总长 1002 任意重度敲 铁头
1382,15:12:00,hit_1382_20260730_151200.csv,512,DEFECT,HIGH,0,75,108,659,500000,4609204,4609204,-3250868,1384059.1,,695,-36,坏棒 总长 1002 任意重度敲 铁头
1383,15:12:01,hit_1383_20260730_151201.csv,512,DEFECT,HIGH,0,35,110,353,500000,4382864,4382864,-3834270,1102380.7,,695,-342,坏棒 总长 1002 任意重度敲 铁头
1384,15:12:01,hit_1384_20260730_151201.csv,512,DEFECT,HIGH,0,75,115,615,500000,4606465,4606465,-2944771,1609585.1,,695,-80,坏棒 总长 1002 任意重度敲 铁头
1385,15:12:01,hit_1385_20260730_151201.csv,512,DEFECT,HIGH,0,37,109,377,500000,4062316,4062316,-3974420,706640.2,,695,-318,坏棒 总长 1002 任意重度敲 铁头
1386,15:12:02,hit_1386_20260730_151202.csv,512,DEFECT,HIGH,0,37,111,370,500000,3993643,3968854,-3993643,767047.5,,695,-325,坏棒 总长 1002 任意重度敲 铁头
1387,15:12:02,hit_1387_20260730_151202.csv,512,DEFECT,HIGH,0,77,108,793,500000,3971603,3971603,-3646020,801237.3,,695,98,坏棒 总长 1002 任意重度敲 铁头
1388,15:12:02,hit_1388_20260730_151202.csv,512,DEFECT,HIGH,0,80,108,824,500000,4344533,4344533,-3331270,1330739.2,,695,129,坏棒 总长 1002 任意重度敲 铁头
1389,15:12:03,hit_1389_20260730_151203.csv,512,DEFECT,HIGH,0,82,110,828,500000,4347990,4347990,-3659409,1176524.1,,695,133,坏棒 总长 1002 任意重度敲 铁头
1390,15:12:03,hit_1390_20260730_151203.csv,512,DEFECT,HIGH,0,81,109,826,500000,4640685,4640685,-3390470,1368820.4,,695,131,坏棒 总长 1002 任意重度敲 铁头
1391,15:12:03,hit_1391_20260730_151203.csv,512,DEFECT,HIGH,0,77,109,785,500000,4359532,4359532,-3557058,1041730,,695,90,坏棒 总长 1002 任意重度敲 铁头
1392,15:12:03,hit_1392_20260730_151203.csv,512,DEFECT,HIGH,0,76,109,775,500000,4118931,4118931,-3661194,828435.7,,695,80,坏棒 总长 1002 任意重度敲 铁头
1393,15:12:04,hit_1393_20260730_151204.csv,512,DEFECT,HIGH,0,78,110,787,500000,4487225,4487225,-3587785,1095733.9,,695,92,坏棒 总长 1002 任意重度敲 铁头
1394,15:12:04,hit_1394_20260730_151204.csv,512,DEFECT,HIGH,0,79,111,790,500000,4095953,4095953,-3783522,843945.2,,695,95,坏棒 总长 1002 任意重度敲 铁头
1395,15:12:04,hit_1395_20260730_151204.csv,512,DEFECT,HIGH,0,80,108,824,500000,4603273,4603273,-3271812,1413919.3,,695,129,坏棒 总长 1002 任意重度敲 铁头
1396,15:12:04,hit_1396_20260730_151204.csv,512,DEFECT,HIGH,0,82,110,828,500000,4348386,4348386,-3484038,1206160.6,,695,133,坏棒 总长 1002 任意重度敲 铁头
1397,15:12:05,hit_1397_20260730_151205.csv,512,DEFECT,HIGH,0,35,112,346,500000,4029000,4029000,-3911216,695531.1,,695,-349,坏棒 总长 1002 任意重度敲 铁头
1398,15:12:05,hit_1398_20260730_151205.csv,512,DEFECT,HIGH,0,81,109,826,500000,4286542,4286542,-3434494,1095030.6,,695,131,坏棒 总长 1002 任意重度敲 铁头
1399,15:12:05,hit_1399_20260730_151205.csv,512,DEFECT,HIGH,0,24,116,228,500000,4668300,3025854,-4668300,-265954.9,,695,-467,坏棒 总长 1002 任意重度敲 铁头
1400,15:12:05,hit_1400_20260730_151205.csv,512,DEFECT,HIGH,0,81,112,801,500000,3924459,3915866,-3924459,664453.6,,695,106,坏棒 总长 1002 任意重度敲 铁头
1401,15:12:06,hit_1401_20260730_151206.csv,512,DEFECT,HIGH,0,80,114,776,500000,3669434,2904690,-3669434,158991.6,,695,81,坏棒 总长 1002 任意重度敲 铁头
1402,15:12:06,hit_1402_20260730_151206.csv,512,DEFECT,HIGH,0,79,111,790,500000,3856918,3856918,-3537195,790656.4,,695,95,坏棒 总长 1002 任意重度敲 铁头
1403,15:12:06,hit_1403_20260730_151206.csv,512,DEFECT,HIGH,0,84,111,840,500000,4386365,4386365,-3512843,1017031.5,,695,145,坏棒 总长 1002 任意重度敲 铁头
1404,15:12:06,hit_1404_20260730_151206.csv,512,DEFECT,HIGH,0,78,110,787,500000,4190770,4190770,-3667203,975951.3,,695,92,坏棒 总长 1002 任意重度敲 铁头
1405,15:12:07,hit_1405_20260730_151207.csv,512,DEFECT,HIGH,0,79,110,797,500000,4342548,4342548,-3610059,1055925.5,,695,102,坏棒 总长 1002 任意重度敲 铁头
1406,15:12:07,hit_1406_20260730_151207.csv,512,DEFECT,HIGH,0,78,109,795,500000,4656095,4656095,-3560340,1192377.4,,695,100,坏棒 总长 1002 任意重度敲 铁头
1407,15:12:07,hit_1407_20260730_151207.csv,512,DEFECT,HIGH,0,77,110,777,500000,4352735,4352735,-3458395,1026299.5,,695,82,坏棒 总长 1002 任意重度敲 铁头
1408,15:12:08,hit_1408_20260730_151208.csv,512,DEFECT,HIGH,0,76,109,775,500000,3950234,3950234,-3265965,962091.7,,695,80,坏棒 总长 1002 任意重度敲 铁头
1409,15:12:08,hit_1409_20260730_151208.csv,512,DEFECT,HIGH,0,75,108,659,500000,4344978,4344978,-3144143,1260355.9,,695,-36,坏棒 总长 1002 任意重度敲 铁头
1410,15:12:08,hit_1410_20260730_151208.csv,512,DEFECT,HIGH,0,79,111,790,500000,4170652,4170652,-3831287,862379.2,,695,95,坏棒 总长 1002 任意重度敲 铁头
1411,15:12:08,hit_1411_20260730_151208.csv,512,DEFECT,HIGH,0,79,112,782,500000,3782040,3379078,-3782040,514801.6,,695,87,坏棒 总长 1002 任意重度敲 铁头
1412,15:12:09,hit_1412_20260730_151209.csv,512,DEFECT,HIGH,0,78,110,787,500000,4209711,4209711,-3465556,1055304.1,,695,92,坏棒 总长 1002 任意重度敲 铁头
1413,15:12:09,hit_1413_20260730_151209.csv,512,DEFECT,HIGH,0,79,111,790,500000,4315218,4315218,-3678845,953034.1,,695,95,坏棒 总长 1002 任意重度敲 铁头
1414,15:12:09,hit_1414_20260730_151209.csv,512,DEFECT,HIGH,0,79,108,814,500000,4354001,4354001,-3224127,1259099.3,,695,119,坏棒 总长 1002 任意重度敲 铁头
1415,15:12:10,hit_1415_20260730_151210.csv,512,DEFECT,HIGH,0,76,108,783,500000,3806183,3806183,-3505281,820845.9,,695,88,坏棒 总长 1002 任意重度敲 铁头
1416,15:12:13,hit_1416_20260730_151213.csv,512,DEFECT,HIGH,0,76,108,783,500000,4033713,4033713,-3509273,936064.5,,695,88,坏棒 总长 1002 任意重度敲 铁头
1417,15:12:13,hit_1417_20260730_151213.csv,512,INVALID,NONE,0,0,0,0,651966,851423,851423,-537804,-42761.3,,695,,坏棒 总长 1002 任意重度敲 铁头
1418,15:12:13,hit_1418_20260730_151213.csv,512,DEFECT,HIGH,0,78,111,780,500000,4007541,3583044,-4007541,502535.4,,695,85,坏棒 总长 1002 任意重度敲 铁头
1419,15:12:13,hit_1419_20260730_151213.csv,512,DEFECT,HIGH,0,75,109,653,500000,4746639,4746639,-3461041,1399630.6,,695,-42,坏棒 总长 1002 任意重度敲 铁头
1420,15:12:14,hit_1420_20260730_151214.csv,512,DEFECT,HIGH,0,77,109,785,500000,4467894,4467894,-3521783,1177482.3,,695,90,坏棒 总长 1002 任意重度敲 铁头
1421,15:12:14,hit_1421_20260730_151214.csv,512,DEFECT,HIGH,0,76,110,656,500000,4581259,4581259,-3677643,1216855.5,,695,-39,坏棒 总长 1002 任意重度敲 铁头
1422,15:12:14,hit_1422_20260730_151214.csv,512,DEFECT,HIGH,0,78,111,780,500000,4007100,4007100,-3718534,857862.8,,695,85,坏棒 总长 1002 任意重度敲 铁头
1423,15:12:15,hit_1423_20260730_151215.csv,512,DEFECT,HIGH,0,77,109,785,500000,4330916,4330916,-3517452,1132732.3,,695,90,坏棒 总长 1002 任意重度敲 铁头
1424,15:12:15,hit_1424_20260730_151215.csv,512,DEFECT,HIGH,0,78,110,787,500000,4182193,4182193,-3683200,937145.5,,695,92,坏棒 总长 1002 任意重度敲 铁头
1425,15:12:15,hit_1425_20260730_151215.csv,512,DEFECT,HIGH,0,75,108,659,500000,4894093,4894093,-3360131,1590664.4,,695,-36,坏棒 总长 1002 任意重度敲 铁头
1426,15:12:16,hit_1426_20260730_151216.csv,512,DEFECT,HIGH,0,82,110,828,500000,4671323,4671323,-3608033,1295076.8,,695,133,坏棒 总长 1002 任意重度敲 铁头
1427,15:12:16,hit_1427_20260730_151216.csv,512,DEFECT,HIGH,0,30,112,297,500000,3691550,2682833,-3691550,104452.8,,695,-398,坏棒 总长 1002 任意重度敲 铁头
1428,15:12:16,hit_1428_20260730_151216.csv,512,DEFECT,HIGH,0,83,111,830,500000,3558243,2727832,-3558243,203828.3,,695,135,坏棒 总长 1002 任意重度敲 铁头
1429,15:12:17,hit_1429_20260730_151217.csv,512,DEFECT,HIGH,0,34,113,333,500000,4134493,2670336,-4134493,-73757.4,,695,-362,坏棒 总长 1002 任意重度敲 铁头
1430,15:12:17,hit_1430_20260730_151217.csv,512,DEFECT,HIGH,0,84,112,831,500000,3487297,2504971,-3487297,94957.1,,695,136,坏棒 总长 1002 任意重度敲 铁头
1431,15:12:17,hit_1431_20260730_151217.csv,512,DEFECT,HIGH,0,82,110,828,500000,4532563,4532563,-3672166,1167265,,695,133,坏棒 总长 1002 任意重度敲 铁头
1432,15:12:18,hit_1432_20260730_151218.csv,512,DEFECT,HIGH,0,76,109,663,500000,4943014,4943014,-3388021,1526377.7,,695,-32,坏棒 总长 1002 任意重度敲 铁头
1433,15:12:18,hit_1433_20260730_151218.csv,512,DEFECT,HIGH,0,79,111,790,500000,4082083,4082083,-3806442,817088.2,,695,95,坏棒 总长 1002 任意重度敲 铁头
1434,15:12:19,hit_1434_20260730_151219.csv,512,DEFECT,HIGH,0,82,110,828,500000,4476132,4476132,-3605761,1112248,,695,133,坏棒 总长 1002 任意重度敲 铁头
1435,15:12:19,hit_1435_20260730_151219.csv,512,DEFECT,HIGH,0,77,109,785,500000,4290057,4290057,-3507060,1082241.1,,695,90,坏棒 总长 1002 任意重度敲 铁头
1436,15:12:19,hit_1436_20260730_151219.csv,512,DEFECT,HIGH,0,79,111,790,500000,4355449,4355449,-3720505,1017864.9,,695,95,坏棒 总长 1002 任意重度敲 铁头
1437,15:12:20,hit_1437_20260730_151220.csv,512,DEFECT,HIGH,0,34,111,340,500000,4100071,4100071,-3819270,841749,,695,-355,坏棒 总长 1002 任意重度敲 铁头
1438,15:12:20,hit_1438_20260730_151220.csv,512,DEFECT,HIGH,0,78,110,787,500000,4206599,4206599,-3524074,1030006,,695,92,坏棒 总长 1002 任意重度敲 铁头
1439,15:12:20,hit_1439_20260730_151220.csv,512,DEFECT,HIGH,0,79,111,790,500000,4081791,4081791,-3654405,925341.7,,695,95,坏棒 总长 1002 任意重度敲 铁头
1440,15:12:21,hit_1440_20260730_151221.csv,512,DEFECT,HIGH,0,80,109,816,500000,4494723,4494723,-3505744,1196187.5,,695,121,坏棒 总长 1002 任意重度敲 铁头
1441,15:12:21,hit_1441_20260730_151221.csv,512,DEFECT,HIGH,0,76,109,663,500000,4678515,4678515,-3504462,1352186.8,,695,-32,坏棒 总长 1002 任意重度敲 铁头
1442,15:12:21,hit_1442_20260730_151221.csv,512,DEFECT,HIGH,0,78,110,787,500000,4059457,4059457,-3722973,907826.7,,695,92,坏棒 总长 1002 任意重度敲 铁头
1443,15:12:22,hit_1443_20260730_151222.csv,512,DEFECT,HIGH,0,78,110,787,500000,4221026,4221026,-3505413,1089492.9,,695,92,坏棒 总长 1002 任意重度敲 铁头
1444,15:12:22,hit_1444_20260730_151222.csv,512,DEFECT,HIGH,0,78,111,780,500000,4032990,4032990,-3721910,858883.3,,695,85,坏棒 总长 1002 任意重度敲 铁头
1445,15:12:22,hit_1445_20260730_151222.csv,512,DEFECT,HIGH,0,82,110,828,500000,4643059,4643059,-3620455,1254232.6,,695,133,坏棒 总长 1002 任意重度敲 铁头
1446,15:12:22,hit_1446_20260730_151222.csv,512,DEFECT,HIGH,0,83,111,830,500000,4791444,4791444,-3652835,1247065,,695,135,坏棒 总长 1002 任意重度敲 铁头
1447,15:12:23,hit_1447_20260730_151223.csv,512,DEFECT,HIGH,0,76,109,663,500000,4709514,4709514,-3175441,1391976.1,,695,-32,坏棒 总长 1002 任意重度敲 铁头
1448,15:12:23,hit_1448_20260730_151223.csv,512,DEFECT,HIGH,0,79,111,790,500000,3958660,3958660,-3907385,729649.6,,695,95,坏棒 总长 1002 任意重度敲 铁头
1449,15:12:23,hit_1449_20260730_151223.csv,512,DEFECT,HIGH,0,78,111,780,500000,3972148,3972148,-3758350,766025,,695,85,坏棒 总长 1002 任意重度敲 铁头
1450,15:12:24,hit_1450_20260730_151224.csv,512,DEFECT,HIGH,0,77,109,785,500000,4418682,4418682,-3663655,1050314.1,,695,90,坏棒 总长 1002 任意重度敲 铁头
1451,15:12:24,hit_1451_20260730_151224.csv,512,DEFECT,HIGH,0,76,109,775,500000,4105425,4105425,-3445270,885567.9,,695,80,坏棒 总长 1002 任意重度敲 铁头
1452,15:12:24,hit_1452_20260730_151224.csv,512,DEFECT,HIGH,0,75,108,773,500000,4408676,4408676,-3113842,1108795.9,,695,78,坏棒 总长 1002 任意重度敲 铁头
1453,15:12:25,hit_1453_20260730_151225.csv,512,DEFECT,HIGH,0,76,108,783,500000,4831838,4831838,-3214520,1287906.2,,695,88,坏棒 总长 1002 任意重度敲 铁头
1454,15:12:25,hit_1454_20260730_151225.csv,512,DEFECT,HIGH,0,74,108,649,500000,5064267,5064267,-3129014,1372180.7,,695,-46,坏棒 总长 1002 任意重度敲 铁头
1455,15:12:25,hit_1455_20260730_151225.csv,512,DEFECT,HIGH,0,76,110,767,500000,3715994,3715994,-3626924,628643.6,,695,72,坏棒 总长 1002 任意重度敲 铁头
1456,15:12:26,hit_1456_20260730_151226.csv,512,DEFECT,HIGH,0,75,108,659,500000,5179071,5179071,-3097452,1605791.6,,695,-36,坏棒 总长 1002 任意重度敲 铁头
1457,15:12:26,hit_1457_20260730_151226.csv,512,DEFECT,HIGH,0,73,115,596,500000,5207091,5207091,-2811722,1667967.8,,695,-99,坏棒 总长 1002 任意重度敲 铁头
1458,15:12:26,hit_1458_20260730_151226.csv,512,DEFECT,HIGH,0,79,111,790,500000,4446652,4446652,-3627204,1043990.9,,695,95,坏棒 总长 1002 任意重度敲 铁头
1459,15:12:27,hit_1459_20260730_151227.csv,512,DEFECT,HIGH,0,82,110,828,500000,4460826,4460826,-3423717,1120599,,695,133,坏棒 总长 1002 任意重度敲 铁头
1460,15:12:27,hit_1460_20260730_151227.csv,512,DEFECT,HIGH,0,78,109,795,500000,4847098,4847098,-3436811,1299388,,695,100,坏棒 总长 1002 任意重度敲 铁头
1461,15:12:27,hit_1461_20260730_151227.csv,512,DEFECT,HIGH,0,78,110,787,500000,4610768,4610768,-3356364,1251077.2,,695,92,坏棒 总长 1002 任意重度敲 铁头
1462,15:12:33,hit_1462_20260730_151233.csv,512,DEFECT,HIGH,0,80,112,792,500000,3962062,3962062,-3711874,766029.7,,695,97,坏棒 总长 1002 任意重度敲 铁头
1463,15:12:42,hit_1463_20260730_151242.csv,512,DEFECT,HIGH,0,38,112,376,500000,4081197,3897779,-4081197,670747.4,,695,-319,坏棒 总长 1002 任意重度敲 铁头
1464,15:12:42,hit_1464_20260730_151242.csv,512,DEFECT,HIGH,0,24,115,230,500000,4733882,2972101,-4733882,-277209.5,,695,-465,坏棒 总长 1002 任意重度敲 铁头
1465,15:12:42,hit_1465_20260730_151242.csv,512,NORMAL,HIGH,0,0,115,0,500000,4443578,4443578,-2837164,1588059.1,,695,,坏棒 总长 1002 任意重度敲 铁头
1466,15:12:43,hit_1466_20260730_151243.csv,512,DEFECT,HIGH,0,82,110,828,500000,4234059,4234059,-3324068,1266035.5,,695,133,坏棒 总长 1002 任意重度敲 铁头
1467,15:12:43,hit_1467_20260730_151243.csv,512,DEFECT,HIGH,0,75,115,609,500000,4383432,4383432,-2781142,1553655.2,,695,-86,坏棒 总长 1002 任意重度敲 铁头
1468,15:12:43,hit_1468_20260730_151243.csv,512,DEFECT,HIGH,0,81,109,826,500000,4259181,4259181,-3061427,1203214.6,,695,131,坏棒 总长 1002 任意重度敲 铁头
1469,15:12:44,hit_1469_20260730_151244.csv,512,DEFECT,HIGH,0,90,120,798,500000,4058123,3268228,-4058123,337943.3,,695,103,坏棒 总长 1002 任意重度敲 铁头
1470,15:12:44,hit_1470_20260730_151244.csv,512,DEFECT,HIGH,0,76,116,613,500000,4719486,4719486,-2765273,1528930.3,,695,-82,坏棒 总长 1002 任意重度敲 铁头
1471,15:12:44,hit_1471_20260730_151244.csv,512,DEFECT,HIGH,0,86,113,843,500000,3833581,3595007,-3833581,508624.6,,695,148,坏棒 总长 1002 任意重度敲 铁头
1472,15:12:45,hit_1472_20260730_151245.csv,512,DEFECT,HIGH,0,84,112,831,500000,4451263,4451263,-3638067,1087520,,695,136,坏棒 总长 1002 任意重度敲 铁头
1473,15:12:45,hit_1473_20260730_151245.csv,512,DEFECT,HIGH,0,83,111,830,500000,4272986,4272986,-3330306,983702.9,,695,135,坏棒 总长 1002 任意重度敲 铁头
1474,15:12:45,hit_1474_20260730_151245.csv,512,DEFECT,HIGH,0,84,112,831,500000,3646991,3646991,-3475264,619526.7,,695,136,坏棒 总长 1002 任意重度敲 铁头
1475,15:12:46,hit_1475_20260730_151246.csv,512,DEFECT,HIGH,0,83,111,830,500000,4388306,4388306,-3390744,1041357.6,,695,135,坏棒 总长 1002 任意重度敲 铁头
1476,15:12:46,hit_1476_20260730_151246.csv,512,DEFECT,HIGH,0,80,113,784,500000,3819359,3819359,-3766597,672927.2,,695,89,坏棒 总长 1002 任意重度敲 铁头
1477,15:12:46,hit_1477_20260730_151246.csv,512,DEFECT,HIGH,0,77,117,622,500000,4743758,4743758,-2739240,1566216,,695,-73,坏棒 总长 1002 任意重度敲 铁头
1478,15:12:46,hit_1478_20260730_151246.csv,512,DEFECT,HIGH,0,86,113,843,500000,3749530,3245582,-3749530,352188.9,,695,148,坏棒 总长 1002 任意重度敲 铁头
1479,15:12:47,hit_1479_20260730_151247.csv,512,DEFECT,HIGH,0,82,110,828,500000,4398994,4398994,-3237565,1122811.4,,695,133,坏棒 总长 1002 任意重度敲 铁头
1480,15:12:47,hit_1480_20260730_151247.csv,512,DEFECT,HIGH,0,79,111,790,500000,4073112,4073112,-3526207,884090.6,,695,95,坏棒 总长 1002 任意重度敲 铁头
1481,15:12:47,hit_1481_20260730_151247.csv,512,DEFECT,HIGH,0,79,111,790,500000,4195749,4195749,-3333248,1028269.7,,695,95,坏棒 总长 1002 任意重度敲 铁头
1482,15:12:48,hit_1482_20260730_151248.csv,512,DEFECT,HIGH,0,78,110,787,500000,4126834,4126834,-3210710,990452.9,,695,92,坏棒 总长 1002 任意重度敲 铁头
1483,15:12:48,hit_1483_20260730_151248.csv,512,DEFECT,HIGH,0,79,111,790,500000,3935315,3935315,-3635704,827424.7,,695,95,坏棒 总长 1002 任意重度敲 铁头
1484,15:12:48,hit_1484_20260730_151248.csv,512,DEFECT,HIGH,0,83,110,838,500000,4651496,4651496,-3462653,1274345.8,,695,143,坏棒 总长 1002 任意重度敲 铁头
1485,15:12:48,hit_1485_20260730_151248.csv,512,DEFECT,HIGH,0,81,109,826,500000,4401921,4401921,-3021615,1225772.6,,695,131,坏棒 总长 1002 任意重度敲 铁头
1486,15:12:49,hit_1486_20260730_151249.csv,512,DEFECT,HIGH,0,78,110,787,500000,4261202,4261202,-3241833,1081989,,695,92,坏棒 总长 1002 任意重度敲 铁头
1487,15:12:49,hit_1487_20260730_151249.csv,512,DEFECT,HIGH,0,77,110,777,500000,3951057,3951057,-3236795,895739.8,,695,82,坏棒 总长 1002 任意重度敲 铁头
1488,15:12:49,hit_1488_20260730_151249.csv,512,DEFECT,HIGH,0,77,110,777,500000,3771965,3771965,-3258818,813485.4,,695,82,坏棒 总长 1002 任意重度敲 铁头
1489,15:12:50,hit_1489_20260730_151250.csv,512,DEFECT,HIGH,0,78,111,780,500000,3575250,3422290,-3575250,558236.2,,695,85,坏棒 总长 1002 任意重度敲 铁头
1490,15:12:50,hit_1490_20260730_151250.csv,512,DEFECT,HIGH,0,77,111,770,500000,3470235,3133200,-3470235,453905.3,,695,75,坏棒 总长 1002 任意重度敲 铁头
1491,15:12:50,hit_1491_20260730_151250.csv,512,DEFECT,HIGH,0,78,110,787,500000,4322408,4322408,-3635200,1059196.1,,695,92,坏棒 总长 1002 任意重度敲 铁头
1492,15:12:50,hit_1492_20260730_151250.csv,512,DEFECT,HIGH,0,76,109,663,500000,4737123,4737123,-3476305,1336528.2,,695,-32,坏棒 总长 1002 任意重度敲 铁头
1493,15:12:51,hit_1493_20260730_151251.csv,512,DEFECT,HIGH,0,82,110,828,500000,4715326,4715326,-3520924,1254407.2,,695,133,坏棒 总长 1002 任意重度敲 铁头
1494,15:12:51,hit_1494_20260730_151251.csv,512,DEFECT,HIGH,0,79,111,790,500000,4294108,4294108,-3615845,923544.8,,695,95,坏棒 总长 1002 任意重度敲 铁头
1495,15:12:51,hit_1495_20260730_151251.csv,512,DEFECT,HIGH,0,81,110,818,500000,4278589,4278589,-3183058,1255973.4,,695,123,坏棒 总长 1002 任意重度敲 铁头
1496,15:12:52,hit_1496_20260730_151252.csv,512,DEFECT,HIGH,0,80,111,800,500000,3995493,3995493,-3650985,844629.6,,695,105,坏棒 总长 1002 任意重度敲 铁头
1497,15:12:52,hit_1497_20260730_151252.csv,512,DEFECT,HIGH,0,84,111,840,500000,4568423,4568423,-3732806,1030093.6,,695,145,坏棒 总长 1002 任意重度敲 铁头
1498,15:12:52,hit_1498_20260730_151252.csv,512,DEFECT,HIGH,0,35,113,343,500000,3857663,3178479,-3857663,283238,,695,-352,坏棒 总长 1002 任意重度敲 铁头
1499,15:12:52,hit_1499_20260730_151252.csv,512,DEFECT,HIGH,0,77,108,793,500000,4407054,4407054,-3695329,1074996.1,,695,98,坏棒 总长 1002 任意重度敲 铁头
1500,15:12:53,hit_1500_20260730_151253.csv,512,NORMAL,HIGH,0,0,108,0,500000,5323552,5323552,-3377332,1776645.9,,695,,坏棒 总长 1002 任意重度敲 铁头
1501,15:12:53,hit_1501_20260730_151253.csv,512,DEFECT,HIGH,0,77,110,666,500000,4864690,4864690,-3698707,1370060.9,,695,-29,坏棒 总长 1002 任意重度敲 铁头
1502,15:12:54,hit_1502_20260730_151254.csv,512,NORMAL,HIGH,0,0,116,0,500000,5536846,5536846,-2928772,2093213,,695,,坏棒 总长 1002 任意重度敲 铁头
1503,15:12:54,hit_1503_20260730_151254.csv,512,DEFECT,HIGH,0,76,108,670,500000,4658731,4658731,-3413321,1455692.2,,695,-25,坏棒 总长 1002 任意重度敲 铁头
1504,15:12:54,hit_1504_20260730_151254.csv,512,DEFECT,HIGH,0,78,111,780,500000,3588957,3417613,-3588957,573476.3,,695,85,坏棒 总长 1002 任意重度敲 铁头
1505,15:12:55,hit_1505_20260730_151255.csv,512,DEFECT,HIGH,0,76,109,663,500000,5067226,5067226,-3272289,1576189.5,,695,-32,坏棒 总长 1002 任意重度敲 铁头
1506,15:12:55,hit_1506_20260730_151255.csv,512,DEFECT,HIGH,0,82,109,836,500000,4745402,4745402,-3319256,1346725,,695,141,坏棒 总长 1002 任意重度敲 铁头
1507,15:12:56,hit_1507_20260730_151256.csv,512,DEFECT,HIGH,0,81,109,826,500000,4602097,4602097,-3344136,1273347.2,,695,131,坏棒 总长 1002 任意重度敲 铁头
1508,15:12:56,hit_1508_20260730_151256.csv,512,DEFECT,HIGH,0,76,108,670,500000,5042093,5042093,-3236590,1546268.8,,695,-25,坏棒 总长 1002 任意重度敲 铁头
1509,15:12:56,hit_1509_20260730_151256.csv,512,DEFECT,HIGH,0,76,108,670,500000,5273563,5273563,-3027441,1709051.7,,695,-25,坏棒 总长 1002 任意重度敲 铁头
1510,15:12:57,hit_1510_20260730_151257.csv,512,DEFECT,HIGH,0,80,111,800,500000,4401656,4401656,-3731287,947705,,695,105,坏棒 总长 1002 任意重度敲 铁头
1511,15:12:57,hit_1511_20260730_151257.csv,512,DEFECT,HIGH,0,83,110,838,500000,4628795,4628795,-3555807,1274070.8,,695,143,坏棒 总长 1002 任意重度敲 铁头
1512,15:12:57,hit_1512_20260730_151257.csv,512,NORMAL,HIGH,0,0,115,0,500000,5023929,5023929,-2674531,1886283.5,,695,,坏棒 总长 1002 任意重度敲 铁头
1513,15:12:58,hit_1513_20260730_151258.csv,512,DEFECT,HIGH,0,79,111,790,500000,4184558,4184558,-3584366,915013,,695,95,坏棒 总长 1002 任意重度敲 铁头
1514,15:12:58,hit_1514_20260730_151258.csv,512,DEFECT,HIGH,0,81,109,826,500000,4573578,4573578,-3290234,1252774.5,,695,131,坏棒 总长 1002 任意重度敲 铁头
1515,15:12:58,hit_1515_20260730_151258.csv,512,DEFECT,HIGH,0,82,110,828,500000,4842333,4842333,-3527890,1396543.8,,695,133,坏棒 总长 1002 任意重度敲 铁头
1516,15:12:59,hit_1516_20260730_151259.csv,512,DEFECT,HIGH,0,76,109,663,500000,4726458,4726458,-3354013,1412751.5,,695,-32,坏棒 总长 1002 任意重度敲 铁头
1517,15:12:59,hit_1517_20260730_151259.csv,512,DEFECT,HIGH,0,76,108,670,500000,4927525,4927525,-3277082,1546444.4,,695,-25,坏棒 总长 1002 任意重度敲 铁头
1518,15:13:00,hit_1518_20260730_151300.csv,512,DEFECT,HIGH,0,76,109,663,500000,4674137,4674137,-3456347,1307789.7,,695,-32,坏棒 总长 1002 任意重度敲 铁头
1519,15:13:00,hit_1519_20260730_151300.csv,512,DEFECT,HIGH,0,76,108,670,500000,4556068,4556068,-3432841,1307359.7,,695,-25,坏棒 总长 1002 任意重度敲 铁头
1520,15:13:00,hit_1520_20260730_151300.csv,512,DEFECT,HIGH,0,78,110,787,500000,3773525,3773525,-3611492,740182.8,,695,92,坏棒 总长 1002 任意重度敲 铁头
1521,15:13:01,hit_1521_20260730_151301.csv,512,DEFECT,HIGH,0,77,109,785,500000,4197650,4197650,-3533033,1026151.8,,695,90,坏棒 总长 1002 任意重度敲 铁头
1522,15:13:01,hit_1522_20260730_151301.csv,512,DEFECT,HIGH,0,77,110,777,500000,3653986,3634435,-3653986,621666.9,,695,82,坏棒 总长 1002 任意重度敲 铁头
1523,15:13:01,hit_1523_20260730_151301.csv,512,DEFECT,HIGH,0,77,110,777,500000,3690140,3325827,-3690140,430798.4,,695,82,坏棒 总长 1002 任意重度敲 铁头
1524,15:13:02,hit_1524_20260730_151302.csv,512,DEFECT,HIGH,0,77,109,785,500000,4069538,4069538,-3597440,889854,,695,90,坏棒 总长 1002 任意重度敲 铁头
1525,15:13:02,hit_1525_20260730_151302.csv,512,DEFECT,HIGH,0,77,109,785,500000,4301116,4301116,-3655430,951455.3,,695,90,坏棒 总长 1002 任意重度敲 铁头
1526,15:13:02,hit_1526_20260730_151302.csv,512,DEFECT,HIGH,0,77,109,785,500000,3945000,3945000,-3640163,791799.2,,695,90,坏棒 总长 1002 任意重度敲 铁头
1527,15:13:03,hit_1527_20260730_151303.csv,512,DEFECT,HIGH,0,34,111,340,500000,4119575,4119575,-3965576,686981.3,,695,-355,坏棒 总长 1002 任意重度敲 铁头
1528,15:13:03,hit_1528_20260730_151303.csv,512,DEFECT,HIGH,0,33,111,330,500000,4000495,4000495,-3875930,640493.7,,695,-365,坏棒 总长 1002 任意重度敲 铁头
1529,15:13:03,hit_1529_20260730_151303.csv,512,DEFECT,HIGH,0,34,111,340,500000,4175039,4175039,-3956251,735641.1,,695,-355,坏棒 总长 1002 任意重度敲 铁头
1530,15:13:04,hit_1530_20260730_151304.csv,512,DEFECT,HIGH,0,78,110,787,500000,4193472,4193472,-3593804,948847.2,,695,92,坏棒 总长 1002 任意重度敲 铁头
1531,15:13:04,hit_1531_20260730_151304.csv,512,DEFECT,HIGH,0,77,110,666,500000,5030648,5030648,-3490752,1508158.5,,695,-29,坏棒 总长 1002 任意重度敲 铁头
1532,15:13:05,hit_1532_20260730_151305.csv,512,DEFECT,HIGH,0,82,110,828,500000,4729722,4729722,-3481083,1338284.6,,695,133,坏棒 总长 1002 任意重度敲 铁头
1533,15:13:05,hit_1533_20260730_151305.csv,512,DEFECT,HIGH,0,83,110,838,500000,4588537,4588537,-3692603,1116464.3,,695,143,坏棒 总长 1002 任意重度敲 铁头
1534,15:13:05,hit_1534_20260730_151305.csv,512,DEFECT,HIGH,0,81,109,826,500000,4714303,4714303,-3441121,1341585.6,,695,131,坏棒 总长 1002 任意重度敲 铁头
1535,15:13:06,hit_1535_20260730_151306.csv,512,DEFECT,HIGH,0,35,111,350,500000,4103587,4103587,-3849569,736237.2,,695,-345,坏棒 总长 1002 任意重度敲 铁头
1536,15:13:06,hit_1536_20260730_151306.csv,512,DEFECT,HIGH,0,34,111,340,500000,4107736,4107736,-3743396,796428.7,,695,-355,坏棒 总长 1002 任意重度敲 铁头
1537,15:13:06,hit_1537_20260730_151306.csv,512,DEFECT,HIGH,0,77,109,785,500000,4435068,4435068,-3595448,1145924.4,,695,90,坏棒 总长 1002 任意重度敲 铁头
1538,15:13:07,hit_1538_20260730_151307.csv,512,DEFECT,HIGH,0,76,109,663,500000,4842833,4842833,-3572372,1334340.4,,695,-32,坏棒 总长 1002 任意重度敲 铁头
1539,15:13:07,hit_1539_20260730_151307.csv,512,DEFECT,HIGH,0,78,109,795,500000,4734207,4734207,-3315954,1288056.8,,695,100,坏棒 总长 1002 任意重度敲 铁头
1540,15:13:07,hit_1540_20260730_151307.csv,512,DEFECT,HIGH,0,84,111,840,500000,4491989,4491989,-3724461,1016439.1,,695,145,坏棒 总长 1002 任意重度敲 铁头
1541,15:13:08,hit_1541_20260730_151308.csv,512,DEFECT,HIGH,0,83,111,830,500000,4549571,4549571,-3667119,1112561.3,,695,135,坏棒 总长 1002 任意重度敲 铁头
1542,15:13:08,hit_1542_20260730_151308.csv,512,NORMAL,HIGH,0,0,116,0,500000,5320454,5320454,-2763290,2017145.2,,695,,坏棒 总长 1002 任意重度敲 铁头
1543,15:13:08,hit_1543_20260730_151308.csv,512,DEFECT,HIGH,0,76,109,663,500000,4820809,4820809,-3189575,1510400.2,,695,-32,坏棒 总长 1002 任意重度敲 铁头
1544,15:13:08,hit_1544_20260730_151308.csv,512,DEFECT,HIGH,0,84,111,840,500000,4545154,4545154,-3452077,1134386.5,,695,145,坏棒 总长 1002 任意重度敲 铁头
1545,15:13:09,hit_1545_20260730_151309.csv,512,DEFECT,HIGH,0,80,108,824,500000,4318755,4318755,-2939801,1319322.3,,695,129,坏棒 总长 1002 任意重度敲 铁头
1546,15:13:09,hit_1546_20260730_151309.csv,512,DEFECT,HIGH,0,78,110,787,500000,4198679,4198679,-3556104,966341.9,,695,92,坏棒 总长 1002 任意重度敲 铁头
1547,15:13:09,hit_1547_20260730_151309.csv,512,DEFECT,HIGH,0,77,109,785,500000,4500656,4500656,-3498816,1177486.9,,695,90,坏棒 总长 1002 任意重度敲 铁头
1548,15:13:10,hit_1548_20260730_151310.csv,512,DEFECT,HIGH,0,78,110,787,500000,3864878,3834715,-3864878,638261,,695,92,坏棒 总长 1002 任意重度敲 铁头
1549,15:13:10,hit_1549_20260730_151310.csv,512,DEFECT,HIGH,0,35,111,350,500000,4294744,4294744,-3814054,847289,,695,-345,坏棒 总长 1002 任意重度敲 铁头
1550,15:13:10,hit_1550_20260730_151310.csv,512,DEFECT,HIGH,0,24,116,228,500000,4863885,3121218,-4863885,18865.6,,695,-467,坏棒 总长 1002 任意重度敲 铁头
1551,15:13:11,hit_1551_20260730_151311.csv,512,DEFECT,HIGH,0,77,109,673,500000,4661717,4661717,-2988267,1398258.2,,695,-22,坏棒 总长 1002 任意重度敲 铁头
1552,15:13:11,hit_1552_20260730_151311.csv,512,DEFECT,HIGH,0,81,112,801,500000,4070834,4070834,-3622536,657627.2,,695,106,坏棒 总长 1002 任意重度敲 铁头
1553,15:13:11,hit_1553_20260730_151311.csv,512,DEFECT,HIGH,0,83,111,830,500000,4533844,4533844,-3212820,1206386.2,,695,135,坏棒 总长 1002 任意重度敲 铁头
1554,15:13:11,hit_1554_20260730_151311.csv,512,DEFECT,HIGH,0,82,110,828,500000,4579596,4579596,-3191048,1262730,,695,133,坏棒 总长 1002 任意重度敲 铁头
1555,15:13:12,hit_1555_20260730_151312.csv,512,DEFECT,HIGH,0,81,113,794,500000,4213793,4213793,-3722416,886070.3,,695,99,坏棒 总长 1002 任意重度敲 铁头
1556,15:13:12,hit_1556_20260730_151312.csv,512,DEFECT,HIGH,0,79,111,790,500000,4243760,4243760,-3541894,891005.3,,695,95,坏棒 总长 1002 任意重度敲 铁头
1557,15:13:12,hit_1557_20260730_151312.csv,512,DEFECT,HIGH,0,31,110,313,500000,3808980,3646143,-3808980,558757.8,,695,-382,坏棒 总长 1002 任意重度敲 铁头
1558,15:13:12,hit_1558_20260730_151312.csv,512,DEFECT,HIGH,0,81,109,826,500000,3503124,3503124,-3499261,524256.1,,695,131,坏棒 总长 1002 任意重度敲 铁头
1559,15:13:13,hit_1559_20260730_151313.csv,512,DEFECT,HIGH,0,76,109,775,500000,4535732,4535732,-3526653,1094484.2,,695,80,坏棒 总长 1002 任意重度敲 铁头
1560,15:13:13,hit_1560_20260730_151313.csv,512,DEFECT,HIGH,0,78,109,795,500000,4554635,4554635,-3662558,1149341.7,,695,100,坏棒 总长 1002 任意重度敲 铁头
1561,15:13:13,hit_1561_20260730_151313.csv,512,DEFECT,HIGH,0,40,113,392,500000,4343153,3916266,-4343153,435935.2,,695,-303,坏棒 总长 1002 任意重度敲 铁头
1562,15:13:13,hit_1562_20260730_151313.csv,512,DEFECT,HIGH,0,80,112,792,500000,4188061,4188061,-3628973,916178.1,,695,97,坏棒 总长 1002 任意重度敲 铁头
1563,15:13:14,hit_1563_20260730_151314.csv,512,DEFECT,HIGH,0,82,110,828,500000,4414357,4414357,-3575819,1069629.9,,695,133,坏棒 总长 1002 任意重度敲 铁头
1564,15:13:14,hit_1564_20260730_151314.csv,512,DEFECT,HIGH,0,30,110,303,500000,3810559,3289737,-3810559,346159.5,,695,-392,坏棒 总长 1002 任意重度敲 铁头
1565,15:13:14,hit_1565_20260730_151314.csv,512,DEFECT,HIGH,0,29,116,256,500000,3781535,3355392,-3781535,210584,,695,-439,坏棒 总长 1002 任意重度敲 铁头
1566,15:13:15,hit_1566_20260730_151315.csv,512,DEFECT,HIGH,0,76,108,783,500000,3922208,3922208,-3492104,659330.5,,695,88,坏棒 总长 1002 任意重度敲 铁头
1567,15:13:15,hit_1567_20260730_151315.csv,512,DEFECT,HIGH,0,80,108,824,500000,4403041,4403041,-3227695,1180567.9,,695,129,坏棒 总长 1002 任意重度敲 铁头
1568,15:13:15,hit_1568_20260730_151315.csv,512,DEFECT,HIGH,0,82,110,828,500000,3482461,2731380,-3482461,165666.4,,695,133,坏棒 总长 1002 任意重度敲 铁头
1569,15:13:16,hit_1569_20260730_151316.csv,512,DEFECT,HIGH,0,74,109,642,500000,4062667,2928141,-4062667,35991.7,,695,-53,坏棒 总长 1002 任意重度敲 铁头
1570,15:13:16,hit_1570_20260730_151316.csv,512,DEFECT,HIGH,0,75,108,773,500000,3593845,3429474,-3593845,649341,,695,78,坏棒 总长 1002 任意重度敲 铁头
1571,15:13:16,hit_1571_20260730_151316.csv,512,DEFECT,HIGH,0,26,116,230,500000,3495502,3352283,-3495502,343332.6,,695,-465,坏棒 总长 1002 任意重度敲 铁头
1572,15:13:17,hit_1572_20260730_151317.csv,512,DEFECT,HIGH,0,75,108,773,500000,3451660,3229563,-3451660,300876.6,,695,78,坏棒 总长 1002 任意重度敲 铁头
1573,15:13:17,hit_1573_20260730_151317.csv,512,DEFECT,HIGH,0,26,115,250,500000,5007858,3111967,-5007858,-339802.8,,695,-445,坏棒 总长 1002 任意重度敲 铁头
1574,15:13:17,hit_1574_20260730_151317.csv,512,DEFECT,HIGH,0,78,111,780,500000,3675800,3615787,-3675800,631310.2,,695,85,坏棒 总长 1002 任意重度敲 铁头
1575,15:13:18,hit_1575_20260730_151318.csv,512,DEFECT,HIGH,0,81,113,774,500000,4285165,3073809,-4285165,132949.6,,695,79,坏棒 总长 1002 任意重度敲 铁头
1576,15:13:18,hit_1576_20260730_151318.csv,512,DEFECT,HIGH,0,72,114,699,500000,4346308,4346308,-2843299,1100142.2,,695,4,坏棒 总长 1002 任意重度敲 铁头
1577,15:13:18,hit_1577_20260730_151318.csv,512,DEFECT,HIGH,0,75,108,773,500000,3907495,3907495,-3615901,762863.4,,695,78,坏棒 总长 1002 任意重度敲 铁头
1578,15:13:19,hit_1578_20260730_151319.csv,512,DEFECT,HIGH,0,82,109,836,500000,4323813,4323813,-3505468,1095752.7,,695,141,坏棒 总长 1002 任意重度敲 铁头
1579,15:13:19,hit_1579_20260730_151319.csv,512,DEFECT,HIGH,0,80,112,792,500000,4002953,4002953,-3501343,839174.6,,695,97,坏棒 总长 1002 任意重度敲 铁头
1580,15:13:19,hit_1580_20260730_151319.csv,512,DEFECT,HIGH,0,83,111,830,500000,4575911,4575911,-3439858,1101197,,695,135,坏棒 总长 1002 任意重度敲 铁头
1581,15:13:19,hit_1581_20260730_151319.csv,512,DEFECT,HIGH,0,82,110,828,500000,3604253,3333209,-3604253,482625.2,,695,133,坏棒 总长 1002 任意重度敲 铁头
1582,15:13:20,hit_1582_20260730_151320.csv,512,DEFECT,HIGH,0,31,109,316,500000,3759108,3404229,-3759108,305680.6,,695,-379,坏棒 总长 1002 任意重度敲 铁头
1583,15:13:20,hit_1583_20260730_151320.csv,512,DEFECT,HIGH,0,75,108,773,500000,3921689,3921689,-3293413,741997.7,,695,78,坏棒 总长 1002 任意重度敲 铁头
1584,15:13:20,hit_1584_20260730_151320.csv,512,DEFECT,HIGH,0,21,115,201,500000,4416523,3005784,-4416523,23747.7,,695,-494,坏棒 总长 1002 任意重度敲 铁头
1585,15:13:21,hit_1585_20260730_151321.csv,512,DEFECT,HIGH,0,80,111,800,500000,4424825,4424825,-3260240,1041689.1,,695,105,坏棒 总长 1002 任意重度敲 铁头
1586,15:13:21,hit_1586_20260730_151321.csv,512,DEFECT,HIGH,0,87,114,844,500000,4156187,3620864,-4156187,474660.4,,695,149,坏棒 总长 1002 任意重度敲 铁头
1587,15:13:21,hit_1587_20260730_151321.csv,512,DEFECT,HIGH,0,35,113,343,500000,3949756,3175229,-3949756,258349.9,,695,-352,坏棒 总长 1002 任意重度敲 铁头
1588,15:13:21,hit_1588_20260730_151321.csv,512,DEFECT,HIGH,0,77,111,770,500000,3657854,3625989,-3657854,617592.2,,695,75,坏棒 总长 1002 任意重度敲 铁头
1589,15:13:27,hit_1589_20260730_151327.csv,512,DEFECT,HIGH,0,77,111,770,500000,3486681,3097750,-3486681,441515.1,,695,75,坏棒 总长 1002 任意重度敲 铁头
1590,15:13:28,hit_1590_20260730_151328.csv,512,DEFECT,HIGH,0,83,110,838,500000,4538366,4538366,-3488993,1172368.9,,695,143,坏棒 总长 1002 任意重度敲 铁头
1591,15:13:28,hit_1591_20260730_151328.csv,512,DEFECT,HIGH,0,75,108,659,500000,4890306,4890306,-3096043,1520428.5,,695,-36,坏棒 总长 1002 任意重度敲 铁头
1592,15:13:28,hit_1592_20260730_151328.csv,512,DEFECT,HIGH,0,75,108,659,500000,4522289,4522289,-3169284,1314709.8,,695,-36,坏棒 总长 1002 任意重度敲 铁头
1593,15:13:29,hit_1593_20260730_151329.csv,512,DEFECT,HIGH,0,76,110,656,500000,4761664,4761664,-3544101,1298299.9,,695,-39,坏棒 总长 1002 任意重度敲 铁头
1594,15:13:29,hit_1594_20260730_151329.csv,512,DEFECT,HIGH,0,76,109,663,500000,4964451,4964451,-3393806,1571212,,695,-32,坏棒 总长 1002 任意重度敲 铁头
1595,15:13:31,hit_1595_20260730_151331.csv,512,DEFECT,HIGH,0,76,109,663,500000,4934827,4934827,-3498583,1411675.2,,695,-32,坏棒 总长 1002 任意重度敲 铁头
1596,15:13:31,hit_1596_20260730_151331.csv,512,DEFECT,HIGH,0,82,110,828,500000,4481782,4481782,-3524155,1116806.2,,695,133,坏棒 总长 1002 任意重度敲 铁头
1597,15:13:32,hit_1597_20260730_151332.csv,512,DEFECT,HIGH,0,76,108,670,500000,4944222,4944222,-3452448,1464746.6,,695,-25,坏棒 总长 1002 任意重度敲 铁头
1598,15:13:32,hit_1598_20260730_151332.csv,512,DEFECT,HIGH,0,75,108,659,500000,5027522,5027522,-3552906,1468381.5,,695,-36,坏棒 总长 1002 任意重度敲 铁头
1599,15:13:32,hit_1599_20260730_151332.csv,512,DEFECT,HIGH,0,75,108,659,500000,5145352,5145352,-3439646,1523944,,695,-36,坏棒 总长 1002 任意重度敲 铁头
1600,15:13:33,hit_1600_20260730_151333.csv,512,DEFECT,HIGH,0,82,110,828,500000,4695208,4695208,-3530988,1207506.9,,695,133,坏棒 总长 1002 任意重度敲 铁头
1601,15:13:33,hit_1601_20260730_151333.csv,512,DEFECT,HIGH,0,76,109,663,500000,5022887,5022887,-3454094,1483037.4,,695,-32,坏棒 总长 1002 任意重度敲 铁头
1602,15:13:33,hit_1602_20260730_151333.csv,512,DEFECT,HIGH,0,82,110,828,500000,4572548,4572548,-3421685,1237025.2,,695,133,坏棒 总长 1002 任意重度敲 铁头
1603,15:13:34,hit_1603_20260730_151334.csv,512,DEFECT,HIGH,0,79,111,790,500000,4242692,4242692,-3655609,961207,,695,95,坏棒 总长 1002 任意重度敲 铁头
1604,15:13:34,hit_1604_20260730_151334.csv,512,DEFECT,HIGH,0,76,109,663,500000,5021552,5021552,-3319256,1552129.9,,695,-32,坏棒 总长 1002 任意重度敲 铁头
1605,15:13:34,hit_1605_20260730_151334.csv,512,DEFECT,HIGH,0,82,110,828,500000,4482171,4482171,-3630536,1085700.6,,695,133,坏棒 总长 1002 任意重度敲 铁头
1606,15:13:34,hit_1606_20260730_151334.csv,512,DEFECT,HIGH,0,78,111,780,500000,4239105,4239105,-3731182,888078.9,,695,85,坏棒 总长 1002 任意重度敲 铁头
1607,15:13:35,hit_1607_20260730_151335.csv,512,DEFECT,HIGH,0,76,108,783,500000,4393084,4393084,-3510550,1157243.5,,695,88,坏棒 总长 1002 任意重度敲 铁头
1608,15:13:35,hit_1608_20260730_151335.csv,512,DEFECT,HIGH,0,77,109,785,500000,4040853,4040853,-3618306,848975.9,,695,90,坏棒 总长 1002 任意重度敲 铁头
1609,15:13:35,hit_1609_20260730_151335.csv,512,DEFECT,HIGH,0,77,109,785,500000,3805844,3805844,-3605039,786073.3,,695,90,坏棒 总长 1002 任意重度敲 铁头
1610,15:13:36,hit_1610_20260730_151336.csv,512,DEFECT,HIGH,0,21,112,207,500000,4436725,3371659,-4436725,248100.8,,695,-488,坏棒 总长 1002 任意重度敲 铁头
1611,15:13:36,hit_1611_20260730_151336.csv,512,DEFECT,HIGH,0,74,108,649,500000,4705406,4705406,-3448238,1386209.5,,695,-46,坏棒 总长 1002 任意重度敲 铁头
1612,15:13:36,hit_1612_20260730_151336.csv,512,DEFECT,HIGH,0,83,110,838,500000,4373723,4373723,-3533291,1057369.8,,695,143,坏棒 总长 1002 任意重度敲 铁头
1613,15:13:36,hit_1613_20260730_151336.csv,512,DEFECT,HIGH,0,83,111,830,500000,4886596,4886596,-3503139,1386459.7,,695,135,坏棒 总长 1002 任意重度敲 铁头
1614,15:13:37,hit_1614_20260730_151337.csv,512,DEFECT,HIGH,0,76,109,663,500000,4984307,4984307,-3510565,1430936.5,,695,-32,坏棒 总长 1002 任意重度敲 铁头
1615,15:13:37,hit_1615_20260730_151337.csv,512,DEFECT,HIGH,0,78,111,780,500000,4062520,4062520,-3657284,863362.8,,695,85,坏棒 总长 1002 任意重度敲 铁头
1616,15:13:37,hit_1616_20260730_151337.csv,512,DEFECT,HIGH,0,78,110,787,500000,4458322,4458322,-3550197,1100704.8,,695,92,坏棒 总长 1002 任意重度敲 铁头
1617,15:13:38,hit_1617_20260730_151338.csv,512,DEFECT,HIGH,0,76,108,783,500000,4501627,4501627,-3123069,1244808.2,,695,88,坏棒 总长 1002 任意重度敲 铁头
1618,15:13:38,hit_1618_20260730_151338.csv,512,DEFECT,HIGH,0,75,108,773,500000,4367299,4367299,-3356994,1063901.1,,695,78,坏棒 总长 1002 任意重度敲 铁头
1619,15:13:38,hit_1619_20260730_151338.csv,512,DEFECT,HIGH,0,70,112,578,500000,4438389,4438389,-2776842,1389520.2,,695,-117,坏棒 总长 1002 任意重度敲 铁头
1620,15:13:38,hit_1620_20260730_151338.csv,512,DEFECT,HIGH,0,81,108,835,500000,4541528,4541528,-3493318,1294206,,695,140,坏棒 总长 1002 任意重度敲 铁头
1621,15:13:39,hit_1621_20260730_151339.csv,512,DEFECT,HIGH,0,22,114,213,500000,4739830,3427056,-4739830,85249.6,,695,-482,坏棒 总长 1002 任意重度敲 铁头
1622,15:13:39,hit_1622_20260730_151339.csv,512,DEFECT,HIGH,0,81,109,826,500000,4650346,4650346,-3119393,1333961.3,,695,131,坏棒 总长 1002 任意重度敲 铁头
1623,15:13:39,hit_1623_20260730_151339.csv,512,DEFECT,HIGH,0,81,109,826,500000,4634396,4634396,-3131542,1318631.3,,695,131,坏棒 总长 1002 任意重度敲 铁头
1624,15:13:40,hit_1624_20260730_151340.csv,512,DEFECT,HIGH,0,77,109,785,500000,4251684,4251684,-3580779,1024640,,695,90,坏棒 总长 1002 任意重度敲 铁头
1625,15:13:40,hit_1625_20260730_151340.csv,512,DEFECT,HIGH,0,74,108,762,500000,4039436,4039436,-3552048,730008,,695,67,坏棒 总长 1002 任意重度敲 铁头
1626,15:13:40,hit_1626_20260730_151340.csv,512,NORMAL,HIGH,0,0,113,0,500000,4348615,4348615,-2977190,1290412.6,,695,,坏棒 总长 1002 任意重度敲 铁头
1627,15:13:40,hit_1627_20260730_151340.csv,512,DEFECT,HIGH,0,76,108,783,500000,4154411,3916864,-4154411,552095.2,,695,88,坏棒 总长 1002 任意重度敲 铁头
1628,15:13:41,hit_1628_20260730_151341.csv,512,DEFECT,HIGH,0,39,113,382,500000,4207984,4207984,-4162075,767464.6,,695,-313,坏棒 总长 1002 任意重度敲 铁头
1629,15:13:41,hit_1629_20260730_151341.csv,512,DEFECT,HIGH,0,77,109,673,500000,4741207,4741207,-2941593,1597381.7,,695,-22,坏棒 总长 1002 任意重度敲 铁头
1630,15:13:41,hit_1630_20260730_151341.csv,512,DEFECT,HIGH,0,76,116,619,500000,5210891,5210891,-2827444,1815448.3,,695,-76,坏棒 总长 1002 任意重度敲 铁头
1631,15:13:42,hit_1631_20260730_151342.csv,512,DEFECT,HIGH,0,30,112,297,500000,3617519,2662074,-3617519,104469.2,,695,-398,坏棒 总长 1002 任意重度敲 铁头
1632,15:13:42,hit_1632_20260730_151342.csv,512,DEFECT,HIGH,0,77,109,785,500000,4331647,4331647,-3674550,904349.9,,695,90,坏棒 总长 1002 任意重度敲 铁头
1633,15:13:42,hit_1633_20260730_151342.csv,512,DEFECT,HIGH,0,24,108,247,500000,4481983,4481983,-3118263,1116297.2,,695,-448,坏棒 总长 1002 任意重度敲 铁头
1634,15:13:43,hit_1634_20260730_151343.csv,512,DEFECT,HIGH,0,76,109,775,500000,4059027,4059027,-3433851,848515.2,,695,80,坏棒 总长 1002 任意重度敲 铁头
1635,15:13:43,hit_1635_20260730_151343.csv,512,DEFECT,HIGH,0,76,109,663,500000,5041924,5041924,-3482639,1450803.7,,695,-32,坏棒 总长 1002 任意重度敲 铁头
1636,15:13:43,hit_1636_20260730_151343.csv,512,DEFECT,HIGH,0,29,113,256,500000,1083440,1083440,-793092,-36291.6,,695,-439,坏棒 总长 1002 任意重度敲 铁头
1637,15:13:44,hit_1637_20260730_151344.csv,512,DEFECT,HIGH,0,32,111,320,500000,3881774,2959983,-3881774,114216.9,,695,-375,坏棒 总长 1002 任意重度敲 铁头
1638,15:13:44,hit_1638_20260730_151344.csv,512,DEFECT,HIGH,0,81,109,826,500000,4513226,4513226,-3392517,1270553,,695,131,坏棒 总长 1002 任意重度敲 铁头
1639,15:13:44,hit_1639_20260730_151344.csv,512,DEFECT,HIGH,0,25,112,247,500000,4861192,4377928,-4861192,372435.9,,695,-448,坏棒 总长 1002 任意重度敲 铁头
1640,15:13:44,hit_1640_20260730_151344.csv,512,DEFECT,HIGH,0,21,109,214,500000,4694596,4694596,-2897009,1234645.8,,695,-481,坏棒 总长 1002 任意重度敲 铁头
1641,15:13:45,hit_1641_20260730_151345.csv,512,DEFECT,HIGH,0,72,108,628,500000,4980255,4980255,-3417382,1255872.6,,695,-67,坏棒 总长 1002 任意重度敲 铁头
1642,15:13:45,hit_1642_20260730_151345.csv,512,DEFECT,HIGH,0,72,108,628,500000,4981782,4981782,-3140401,1402265.3,,695,-67,坏棒 总长 1002 任意重度敲 铁头
1643,15:13:45,hit_1643_20260730_151345.csv,512,DEFECT,HIGH,0,76,108,670,500000,5146882,5146882,-3205001,1610904.5,,695,-25,坏棒 总长 1002 任意重度敲 铁头
1644,15:13:46,hit_1644_20260730_151346.csv,512,DEFECT,HIGH,0,77,110,666,500000,5010114,5010114,-3340601,1484637.9,,695,-29,坏棒 总长 1002 任意重度敲 铁头
1645,15:13:46,hit_1645_20260730_151346.csv,512,DEFECT,HIGH,0,81,113,686,500000,4950993,4950993,-3820310,1447397.1,,695,-9,坏棒 总长 1002 任意重度敲 铁头
1646,15:13:46,hit_1646_20260730_151346.csv,512,DEFECT,HIGH,0,73,109,632,500000,3971261,2820420,-3971261,-36300.5,,695,-63,坏棒 总长 1002 任意重度敲 铁头
1647,15:13:50,hit_1647_20260730_151350.csv,512,DEFECT,HIGH,0,81,110,818,500000,4405822,4405822,-3336450,1205074.9,,695,123,坏棒 总长 1002 任意重度敲 铁头
1648,15:13:50,hit_1648_20260730_151350.csv,512,DEFECT,HIGH,0,78,110,787,500000,4259279,4259279,-3466636,1028930.4,,695,92,坏棒 总长 1002 任意重度敲 铁头
1649,15:13:58,hit_1649_20260730_151358.csv,512,DEFECT,HIGH,0,33,113,317,500000,4658014,4658014,-2693422,1620214.5,,695,-378,坏棒 总长 1002 任意重度敲 铁头
1650,15:13:58,hit_1650_20260730_151358.csv,512,DEFECT,HIGH,0,80,108,824,500000,4398983,4398983,-3470463,1293336.1,,695,129,坏棒 总长 1002 任意重度敲 铁头
1651,15:13:58,hit_1651_20260730_151358.csv,512,DEFECT,HIGH,0,75,108,659,500000,4870240,4870240,-3050507,1638030.2,,695,-36,坏棒 总长 1002 任意重度敲 铁头
1652,15:13:59,hit_1652_20260730_151359.csv,512,DEFECT,HIGH,0,78,110,787,500000,4186908,4186908,-3662007,975966.6,,695,92,坏棒 总长 1002 任意重度敲 铁头
1653,15:13:59,hit_1653_20260730_151359.csv,512,DEFECT,HIGH,0,35,110,353,500000,4364600,4364600,-3826237,1008224,,695,-342,坏棒 总长 1002 任意重度敲 铁头
1654,15:13:59,hit_1654_20260730_151359.csv,512,DEFECT,HIGH,0,76,108,783,500000,4195943,4195943,-3490844,1100610.2,,695,88,坏棒 总长 1002 任意重度敲 铁头
1655,15:14:00,hit_1655_20260730_151400.csv,512,DEFECT,HIGH,0,78,110,787,500000,4429491,4429491,-3857224,948956.8,,695,92,坏棒 总长 1002 任意重度敲 铁头
1656,15:14:00,hit_1656_20260730_151400.csv,512,DEFECT,HIGH,0,77,109,785,500000,4245196,4245196,-3615749,1050215.1,,695,90,坏棒 总长 1002 任意重度敲 铁头
1657,15:14:00,hit_1657_20260730_151400.csv,512,DEFECT,HIGH,0,75,108,659,500000,4849443,4849443,-3503367,1498884.6,,695,-36,坏棒 总长 1002 任意重度敲 铁头
1658,15:14:01,hit_1658_20260730_151401.csv,512,DEFECT,HIGH,0,72,108,628,500000,4402240,4402240,-3379168,1213814.6,,695,-67,坏棒 总长 1002 任意重度敲 铁头
1659,15:14:01,hit_1659_20260730_151401.csv,512,DEFECT,HIGH,0,77,109,785,500000,3928644,3928644,-3658693,777855.4,,695,90,坏棒 总长 1002 任意重度敲 铁头
1660,15:14:01,hit_1660_20260730_151401.csv,512,DEFECT,HIGH,0,76,108,783,500000,4055437,4055437,-3431656,1065091,,695,88,坏棒 总长 1002 任意重度敲 铁头
1661,15:14:02,hit_1661_20260730_151402.csv,512,DEFECT,HIGH,0,76,109,775,500000,3852705,3670538,-3852705,455454.1,,695,80,坏棒 总长 1002 任意重度敲 铁头
1662,15:14:02,hit_1662_20260730_151402.csv,512,DEFECT,HIGH,0,74,108,762,500000,4041508,4041508,-3472930,702740.5,,695,67,坏棒 总长 1002 任意重度敲 铁头
1663,15:14:02,hit_1663_20260730_151402.csv,512,DEFECT,HIGH,0,80,108,824,500000,3805954,3530706,-3805954,360973,,695,129,坏棒 总长 1002 任意重度敲 铁头
1664,15:14:03,hit_1664_20260730_151403.csv,512,DEFECT,HIGH,0,78,110,787,500000,3878213,3878213,-3638789,729716.6,,695,92,坏棒 总长 1002 任意重度敲 铁头
1665,15:14:04,hit_1665_20260730_151404.csv,512,DEFECT,HIGH,0,29,109,295,500000,3711813,3711813,-3591565,561028,,695,-400,坏棒 总长 1002 任意重度敲 铁头
1666,15:14:04,hit_1666_20260730_151404.csv,512,DEFECT,HIGH,0,76,109,775,500000,3718890,3718890,-3473283,740891.6,,695,80,坏棒 总长 1002 任意重度敲 铁头
1667,15:14:04,hit_1667_20260730_151404.csv,512,DEFECT,HIGH,0,77,110,777,500000,3330077,3330077,-3254861,611159.6,,695,82,坏棒 总长 1002 任意重度敲 铁头
1668,15:14:04,hit_1668_20260730_151404.csv,512,DEFECT,HIGH,0,77,110,777,500000,3648565,3648565,-3491294,714991.4,,695,82,坏棒 总长 1002 任意重度敲 铁头
1669,15:14:05,hit_1669_20260730_151405.csv,512,DEFECT,HIGH,0,75,108,773,500000,4215141,4215141,-3422074,965257.6,,695,78,坏棒 总长 1002 任意重度敲 铁头
1670,15:14:05,hit_1670_20260730_151405.csv,512,DEFECT,HIGH,0,33,111,330,500000,3847576,3194191,-3847576,269771.1,,695,-365,坏棒 总长 1002 任意重度敲 铁头
1671,15:14:05,hit_1671_20260730_151405.csv,512,DEFECT,HIGH,0,36,114,349,500000,4119454,2918340,-4119454,29261,,695,-346,坏棒 总长 1002 任意重度敲 铁头
1672,15:14:05,hit_1672_20260730_151405.csv,512,DEFECT,HIGH,0,81,109,826,500000,3709590,3545783,-3709590,441383.4,,695,131,坏棒 总长 1002 任意重度敲 铁头
1673,15:14:06,hit_1673_20260730_151406.csv,512,DEFECT,HIGH,0,76,109,775,500000,3531842,3531842,-3468230,556950.7,,695,80,坏棒 总长 1002 任意重度敲 铁头
1674,15:14:06,hit_1674_20260730_151406.csv,512,DEFECT,HIGH,0,75,108,773,500000,3971402,3971402,-3371798,892371.9,,695,78,坏棒 总长 1002 任意重度敲 铁头
1675,15:14:06,hit_1675_20260730_151406.csv,512,DEFECT,HIGH,0,77,109,785,500000,4107244,4107244,-3678531,886391.6,,695,90,坏棒 总长 1002 任意重度敲 铁头
1676,15:14:07,hit_1676_20260730_151407.csv,512,DEFECT,HIGH,0,29,109,295,500000,3530669,3478213,-3530669,466239.8,,695,-400,坏棒 总长 1002 任意重度敲 铁头
1677,15:14:07,hit_1677_20260730_151407.csv,512,DEFECT,HIGH,0,77,110,777,500000,3919096,3919096,-3631980,710549.5,,695,82,坏棒 总长 1002 任意重度敲 铁头
1678,15:14:07,hit_1678_20260730_151407.csv,512,DEFECT,HIGH,0,76,112,643,500000,4120231,3313742,-4120231,235234.4,,695,-52,坏棒 总长 1002 任意重度敲 铁头
1679,15:14:07,hit_1679_20260730_151407.csv,512,DEFECT,HIGH,0,34,112,336,500000,3826333,2833599,-3826333,56791.6,,695,-359,坏棒 总长 1002 任意重度敲 铁头
1680,15:14:08,hit_1680_20260730_151408.csv,512,DEFECT,HIGH,0,76,109,775,500000,3728107,3728107,-3575648,695553.6,,695,80,坏棒 总长 1002 任意重度敲 铁头
1681,15:14:08,hit_1681_20260730_151408.csv,512,DEFECT,HIGH,0,71,108,618,500000,4380270,4380270,-3080057,1079232.1,,695,-77,坏棒 总长 1002 任意重度敲 铁头
1682,15:14:08,hit_1682_20260730_151408.csv,512,DEFECT,HIGH,0,80,108,824,500000,4423674,4423674,-3289892,1260911.8,,695,129,坏棒 总长 1002 任意重度敲 铁头
1683,15:14:09,hit_1683_20260730_151409.csv,512,DEFECT,HIGH,0,77,110,777,500000,3883150,3061174,-3883150,108684.1,,695,82,坏棒 总长 1002 任意重度敲 铁头
1684,15:14:09,hit_1684_20260730_151409.csv,512,DEFECT,HIGH,0,75,108,773,500000,3491443,3491443,-3206144,738178.9,,695,78,坏棒 总长 1002 任意重度敲 铁头
1685,15:14:09,hit_1685_20260730_151409.csv,512,DEFECT,HIGH,0,75,108,773,500000,4053652,3388419,-4053652,265585,,695,78,坏棒 总长 1002 任意重度敲 铁头
1686,15:14:09,hit_1686_20260730_151409.csv,512,DEFECT,HIGH,0,77,108,793,500000,4205173,4205173,-3362602,1122991,,695,98,坏棒 总长 1002 任意重度敲 铁头
1687,15:14:10,hit_1687_20260730_151410.csv,512,DEFECT,HIGH,0,39,113,382,500000,4176558,3684174,-4176558,501946,,695,-313,坏棒 总长 1002 任意重度敲 铁头
1688,15:14:10,hit_1688_20260730_151410.csv,512,DEFECT,HIGH,0,72,113,705,500000,3777331,3777331,-2966858,880734.6,,695,10,坏棒 总长 1002 任意重度敲 铁头
1689,15:14:10,hit_1689_20260730_151410.csv,512,DEFECT,HIGH,0,80,108,824,500000,3805807,3712542,-3805807,466574.9,,695,129,坏棒 总长 1002 任意重度敲 铁头
1690,15:14:10,hit_1690_20260730_151410.csv,512,DEFECT,HIGH,0,32,109,326,500000,3881571,3881571,-3856290,643247.1,,695,-369,坏棒 总长 1002 任意重度敲 铁头
1691,15:14:11,hit_1691_20260730_151411.csv,512,DEFECT,HIGH,0,34,110,343,500000,4062124,3504775,-4062124,366605.8,,695,-352,坏棒 总长 1002 任意重度敲 铁头
1692,15:14:11,hit_1692_20260730_151411.csv,512,DEFECT,HIGH,0,76,108,783,500000,3833443,3833443,-3187285,981928.4,,695,88,坏棒 总长 1002 任意重度敲 铁头
1693,15:14:11,hit_1693_20260730_151411.csv,512,DEFECT,HIGH,0,33,109,336,500000,4240113,3404328,-4240113,220886.6,,695,-359,坏棒 总长 1002 任意重度敲 铁头
1694,15:14:12,hit_1694_20260730_151412.csv,512,DEFECT,HIGH,0,74,108,762,500000,3713363,3660506,-3713363,378708.3,,695,67,坏棒 总长 1002 任意重度敲 铁头
1695,15:14:12,hit_1695_20260730_151412.csv,512,DEFECT,HIGH,0,74,108,649,500000,3994085,3354542,-3994085,234980.6,,695,-46,坏棒 总长 1002 任意重度敲 铁头
1696,15:14:12,hit_1696_20260730_151412.csv,512,DEFECT,HIGH,0,76,108,783,500000,4684108,4684108,-3468651,1042618.1,,695,88,坏棒 总长 1002 任意重度敲 铁头
1697,15:14:12,hit_1697_20260730_151412.csv,512,DEFECT,HIGH,0,77,110,777,500000,4376301,4376301,-3614347,1032443.9,,695,82,坏棒 总长 1002 任意重度敲 铁头
1698,15:14:13,hit_1698_20260730_151413.csv,512,DEFECT,HIGH,0,78,110,787,500000,3999004,3999004,-3572711,909785.9,,695,92,坏棒 总长 1002 任意重度敲 铁头
1699,15:14:13,hit_1699_20260730_151413.csv,512,DEFECT,HIGH,0,35,112,346,500000,3953294,3840745,-3953294,653195.4,,695,-349,坏棒 总长 1002 任意重度敲 铁头
1700,15:14:13,hit_1700_20260730_151413.csv,512,DEFECT,HIGH,0,35,110,353,500000,3913098,3784922,-3913098,650523.1,,695,-342,坏棒 总长 1002 任意重度敲 铁头
1701,15:14:14,hit_1701_20260730_151414.csv,512,DEFECT,HIGH,0,77,108,793,500000,4192470,4192470,-3190780,1179624.4,,695,98,坏棒 总长 1002 任意重度敲 铁头
1702,15:14:14,hit_1702_20260730_151414.csv,512,DEFECT,HIGH,0,78,110,787,500000,3928808,3928808,-3765549,753318.5,,695,92,坏棒 总长 1002 任意重度敲 铁头
1703,15:14:14,hit_1703_20260730_151414.csv,512,DEFECT,HIGH,0,74,108,762,500000,3981923,3981923,-3454552,743678.9,,695,67,坏棒 总长 1002 任意重度敲 铁头
1704,15:14:15,hit_1704_20260730_151415.csv,512,DEFECT,HIGH,0,22,111,220,500000,4162739,2740363,-4162739,-265926.2,,695,-475,坏棒 总长 1002 任意重度敲 铁头
1705,15:14:15,hit_1705_20260730_151415.csv,512,DEFECT,HIGH,0,76,109,775,500000,4188457,3377010,-4188457,255526.1,,695,80,坏棒 总长 1002 任意重度敲 铁头
1706,15:14:15,hit_1706_20260730_151415.csv,512,DEFECT,HIGH,0,34,110,343,500000,3975536,3817918,-3975536,537257.7,,695,-352,坏棒 总长 1002 任意重度敲 铁头
1707,15:14:15,hit_1707_20260730_151415.csv,512,DEFECT,HIGH,0,37,112,366,500000,4183186,3665651,-4183186,577064.4,,695,-329,坏棒 总长 1002 任意重度敲 铁头
1708,15:14:16,hit_1708_20260730_151416.csv,512,DEFECT,HIGH,0,80,111,800,500000,4100908,4100908,-3680583,788145.9,,695,105,坏棒 总长 1002 任意重度敲 铁头
1709,15:14:16,hit_1709_20260730_151416.csv,512,DEFECT,HIGH,0,79,110,797,500000,4096004,4096004,-3569070,889742.8,,695,102,坏棒 总长 1002 任意重度敲 铁头
1710,15:14:16,hit_1710_20260730_151416.csv,512,DEFECT,HIGH,0,82,110,828,500000,3588261,3504029,-3588261,577989.1,,695,133,坏棒 总长 1002 任意重度敲 铁头
1711,15:14:16,hit_1711_20260730_151416.csv,512,DEFECT,HIGH,0,77,110,777,500000,3752845,3665835,-3752845,587442.1,,695,82,坏棒 总长 1002 任意重度敲 铁头
1712,15:14:17,hit_1712_20260730_151417.csv,512,DEFECT,HIGH,0,25,115,221,500000,3557804,3557804,-3360964,529011.7,,695,-474,坏棒 总长 1002 任意重度敲 铁头
1713,15:14:17,hit_1713_20260730_151417.csv,512,DEFECT,HIGH,0,73,108,752,500000,3743253,3743253,-3128817,819997.8,,695,57,坏棒 总长 1002 任意重度敲 铁头
1714,15:14:17,hit_1714_20260730_151417.csv,512,DEFECT,HIGH,0,73,109,632,500000,3981695,2775204,-3981695,-17427.3,,695,-63,坏棒 总长 1002 任意重度敲 铁头
1715,15:14:18,hit_1715_20260730_151418.csv,512,DEFECT,HIGH,0,72,110,616,500000,4023971,2624655,-4023971,-120913.3,,695,-79,坏棒 总长 1002 任意重度敲 铁头
1716,15:14:18,hit_1716_20260730_151418.csv,512,DEFECT,HIGH,0,25,113,245,500000,3936354,3936354,-2928510,790672.2,,695,-450,坏棒 总长 1002 任意重度敲 铁头
1717,15:14:18,hit_1717_20260730_151418.csv,512,DEFECT,HIGH,0,25,112,247,500000,4826803,2826678,-4826803,-366676.6,,695,-448,坏棒 总长 1002 任意重度敲 铁头
1718,15:14:19,hit_1718_20260730_151419.csv,512,DEFECT,HIGH,0,77,109,785,500000,3832210,3698430,-3832210,548507.3,,695,90,坏棒 总长 1002 任意重度敲 铁头
1719,15:14:19,hit_1719_20260730_151419.csv,512,DEFECT,HIGH,0,74,108,762,500000,4029850,4029850,-3674980,759106.7,,695,67,坏棒 总长 1002 任意重度敲 铁头
1720,15:14:19,hit_1720_20260730_151419.csv,512,DEFECT,HIGH,0,73,108,752,500000,3631440,3369516,-3631440,368159.5,,695,57,坏棒 总长 1002 任意重度敲 铁头
1721,15:14:19,hit_1721_20260730_151419.csv,512,DEFECT,HIGH,0,21,111,210,500000,4536561,3435105,-4536561,274135.1,,695,-485,坏棒 总长 1002 任意重度敲 铁头
1722,15:14:20,hit_1722_20260730_151420.csv,512,DEFECT,HIGH,0,41,115,394,500000,3519313,2972561,-3519313,-218104.1,,695,-301,坏棒 总长 1002 任意重度敲 铁头
1723,15:14:20,hit_1723_20260730_151420.csv,512,DEFECT,HIGH,0,23,115,221,500000,4402446,2964981,-4402446,-199119.9,,695,-474,坏棒 总长 1002 任意重度敲 铁头
1724,15:14:20,hit_1724_20260730_151420.csv,512,DEFECT,HIGH,0,33,108,340,500000,3218530,3218530,-3093925,-55565.1,,695,-355,坏棒 总长 1002 任意重度敲 铁头
1725,15:14:20,hit_1725_20260730_151420.csv,512,DEFECT,HIGH,0,40,111,400,500000,3318003,3318003,-2493671,34644.9,,695,-295,坏棒 总长 1002 任意重度敲 铁头
1726,15:14:21,hit_1726_20260730_151421.csv,512,DEFECT,HIGH,0,54,97,556,500000,4502215,3386466,-4502215,129586.1,,695,-139,坏棒 总长 1002 任意重度敲 铁头
1727,15:14:21,hit_1727_20260730_151421.csv,512,DEFECT,HIGH,0,79,110,797,500000,4181193,4181193,-3504347,902939.2,,695,102,坏棒 总长 1002 任意重度敲 铁头
1728,15:14:21,hit_1728_20260730_151421.csv,512,DEFECT,HIGH,0,77,110,666,500000,4946254,4946254,-3442717,1516475.4,,695,-29,坏棒 总长 1002 任意重度敲 铁头
1729,15:14:21,hit_1729_20260730_151421.csv,512,DEFECT,HIGH,0,75,108,773,500000,4314833,4314833,-3756668,743320.6,,695,78,坏棒 总长 1002 任意重度敲 铁头
1730,15:14:22,hit_1730_20260730_151422.csv,512,DEFECT,HIGH,0,24,113,235,500000,4789708,3037474,-4789708,-200121.6,,695,-460,坏棒 总长 1002 任意重度敲 铁头
1731,15:14:22,hit_1731_20260730_151422.csv,512,DEFECT,HIGH,0,24,113,233,500000,4408664,4408664,-2773408,1104463.8,,695,-462,坏棒 总长 1002 任意重度敲 铁头
1732,15:14:22,hit_1732_20260730_151422.csv,512,DEFECT,HIGH,0,74,108,649,500000,4448937,4448937,-3477243,1266938.3,,695,-46,坏棒 总长 1002 任意重度敲 铁头
1733,15:14:23,hit_1733_20260730_151423.csv,512,DEFECT,HIGH,0,83,110,838,500000,4812218,4812218,-3832538,1204792.1,,695,143,坏棒 总长 1002 任意重度敲 铁头
1734,15:14:23,hit_1734_20260730_151423.csv,512,DEFECT,HIGH,0,76,109,663,500000,4556948,4556948,-3303999,1373908.5,,695,-32,坏棒 总长 1002 任意重度敲 铁头
1735,15:14:23,hit_1735_20260730_151423.csv,512,DEFECT,HIGH,0,78,110,787,500000,4121415,4121415,-3607831,936871.9,,695,92,坏棒 总长 1002 任意重度敲 铁头
1736,15:14:23,hit_1736_20260730_151423.csv,512,DEFECT,HIGH,0,77,109,785,500000,4497012,4497012,-3527836,1209770.6,,695,90,坏棒 总长 1002 任意重度敲 铁头
1737,15:14:24,hit_1737_20260730_151424.csv,512,DEFECT,HIGH,0,24,113,212,500000,3736396,3736396,-3150080,637865.3,,695,-483,坏棒 总长 1002 任意重度敲 铁头
1738,15:14:24,hit_1738_20260730_151424.csv,512,DEFECT,HIGH,0,73,108,752,500000,3862118,3862118,-3202344,762036.9,,695,57,坏棒 总长 1002 任意重度敲 铁头
1739,15:14:24,hit_1739_20260730_151424.csv,512,DEFECT,HIGH,0,82,109,836,500000,4359092,4359092,-3615867,1128199.8,,695,141,坏棒 总长 1002 任意重度敲 铁头
1740,15:14:24,hit_1740_20260730_151424.csv,512,DEFECT,HIGH,0,37,112,366,500000,4115000,3683970,-4115000,494985.7,,695,-329,坏棒 总长 1002 任意重度敲 铁头
1741,15:14:25,hit_1741_20260730_151425.csv,512,DEFECT,HIGH,0,81,113,794,500000,3884421,3881607,-3884421,692200,,695,99,坏棒 总长 1002 任意重度敲 铁头
1742,15:14:25,hit_1742_20260730_151425.csv,512,DEFECT,HIGH,0,39,113,382,500000,4239939,3622761,-4239939,463044.6,,695,-313,坏棒 总长 1002 任意重度敲 铁头
1743,15:14:25,hit_1743_20260730_151425.csv,512,DEFECT,HIGH,0,78,110,787,500000,4059774,4059774,-3943170,765313.3,,695,92,坏棒 总长 1002 任意重度敲 铁头
1744,15:14:25,hit_1744_20260730_151425.csv,512,DEFECT,HIGH,0,77,109,785,500000,4270039,4270039,-3578736,1052909.5,,695,90,坏棒 总长 1002 任意重度敲 铁头
1745,15:14:26,hit_1745_20260730_151426.csv,512,DEFECT,HIGH,0,77,110,777,500000,4235728,4235728,-3736073,883369.2,,695,82,坏棒 总长 1002 任意重度敲 铁头
1746,15:14:26,hit_1746_20260730_151426.csv,512,DEFECT,HIGH,0,78,111,780,500000,4400206,4400206,-4030014,868233.9,,695,85,坏棒 总长 1002 任意重度敲 铁头
1747,15:14:26,hit_1747_20260730_151426.csv,512,DEFECT,HIGH,0,72,108,628,500000,4194416,3339420,-4194416,34616.9,,695,-67,坏棒 总长 1002 任意重度敲 铁头
1748,15:14:26,hit_1748_20260730_151426.csv,512,DEFECT,HIGH,0,72,108,742,500000,4028762,4028762,-3473562,642974.2,,695,47,坏棒 总长 1002 任意重度敲 铁头
1749,15:14:27,hit_1749_20260730_151427.csv,512,DEFECT,HIGH,0,77,108,793,500000,4578139,4578139,-3639312,1147934,,695,98,坏棒 总长 1002 任意重度敲 铁头
1750,15:14:27,hit_1750_20260730_151427.csv,512,DEFECT,HIGH,0,78,110,787,500000,4529494,4529494,-3698235,1069741.6,,695,92,坏棒 总长 1002 任意重度敲 铁头
1751,15:14:27,hit_1751_20260730_151427.csv,512,DEFECT,HIGH,0,77,109,785,500000,4314748,4314748,-3746911,1002475.7,,695,90,坏棒 总长 1002 任意重度敲 铁头
1752,15:14:27,hit_1752_20260730_151427.csv,512,DEFECT,HIGH,0,78,110,787,500000,4414167,4414167,-3795775,972420.4,,695,92,坏棒 总长 1002 任意重度敲 铁头
1753,15:14:28,hit_1753_20260730_151428.csv,512,DEFECT,HIGH,0,34,110,343,500000,4187991,4187991,-3765855,937459.2,,695,-352,坏棒 总长 1002 任意重度敲 铁头
1754,15:14:28,hit_1754_20260730_151428.csv,512,DEFECT,HIGH,0,80,112,792,500000,4047959,4047959,-3979485,795864.9,,695,97,坏棒 总长 1002 任意重度敲 铁头
1755,15:14:28,hit_1755_20260730_151428.csv,512,DEFECT,HIGH,0,77,109,785,500000,4418927,4418927,-3637296,1000243.3,,695,90,坏棒 总长 1002 任意重度敲 铁头
1756,15:14:28,hit_1756_20260730_151428.csv,512,DEFECT,HIGH,0,76,108,783,500000,4533242,4533242,-3620965,909753.5,,695,88,坏棒 总长 1002 任意重度敲 铁头
1757,15:14:29,hit_1757_20260730_151429.csv,512,DEFECT,HIGH,0,73,108,752,500000,3998379,3870135,-3998379,390330.9,,695,57,坏棒 总长 1002 任意重度敲 铁头
1758,15:14:29,hit_1758_20260730_151429.csv,512,DEFECT,HIGH,0,73,108,752,500000,4495625,4495625,-3558057,759991.6,,695,57,坏棒 总长 1002 任意重度敲 铁头
1759,15:14:29,hit_1759_20260730_151429.csv,512,DEFECT,HIGH,0,78,110,787,500000,4446919,4446919,-3737332,955550.8,,695,92,坏棒 总长 1002 任意重度敲 铁头
1760,15:14:30,hit_1760_20260730_151430.csv,512,DEFECT,HIGH,0,76,108,670,500000,4797647,4797647,-3123635,1527646.1,,695,-25,坏棒 总长 1002 任意重度敲 铁头
1761,15:14:30,hit_1761_20260730_151430.csv,512,DEFECT,HIGH,0,83,110,838,500000,4540667,4540667,-3723898,1067982.2,,695,143,坏棒 总长 1002 任意重度敲 铁头
1762,15:14:30,hit_1762_20260730_151430.csv,512,DEFECT,HIGH,0,82,110,828,500000,4673823,4673823,-3387592,1355160.6,,695,133,坏棒 总长 1002 任意重度敲 铁头
1763,15:14:30,hit_1763_20260730_151430.csv,512,DEFECT,HIGH,0,79,110,797,500000,4222642,4222642,-3830884,909117.9,,695,102,坏棒 总长 1002 任意重度敲 铁头
1764,15:14:31,hit_1764_20260730_151431.csv,512,DEFECT,HIGH,0,86,112,851,500000,3920942,3596689,-3920942,432507.7,,695,156,坏棒 总长 1002 任意重度敲 铁头
1765,15:14:31,hit_1765_20260730_151431.csv,512,DEFECT,HIGH,0,82,110,828,500000,4564159,4564159,-3234877,1300290.9,,695,133,坏棒 总长 1002 任意重度敲 铁头
1766,15:14:31,hit_1766_20260730_151431.csv,512,DEFECT,HIGH,0,81,113,794,500000,4167478,4167478,-3925747,855772.1,,695,99,坏棒 总长 1002 任意重度敲 铁头
1767,15:14:31,hit_1767_20260730_151431.csv,512,DEFECT,HIGH,0,83,111,830,500000,4693722,4693722,-3316878,1243734.8,,695,135,坏棒 总长 1002 任意重度敲 铁头
1768,15:14:32,hit_1768_20260730_151432.csv,512,DEFECT,HIGH,0,77,110,777,500000,4674576,4674576,-3407676,1224245.8,,695,82,坏棒 总长 1002 任意重度敲 铁头
1769,15:14:32,hit_1769_20260730_151432.csv,512,DEFECT,HIGH,0,31,109,316,500000,4033578,3639835,-4033578,404582.3,,695,-379,坏棒 总长 1002 任意重度敲 铁头
1770,15:14:32,hit_1770_20260730_151432.csv,512,DEFECT,HIGH,0,31,108,319,500000,4162082,4162082,-4025111,576097.9,,695,-376,坏棒 总长 1002 任意重度敲 铁头
1771,15:14:32,hit_1771_20260730_151432.csv,512,DEFECT,HIGH,0,75,108,773,500000,4111311,4111311,-3828508,707360.1,,695,78,坏棒 总长 1002 任意重度敲 铁头
1772,15:14:32,hit_1772_20260730_151432.csv,512,DEFECT,HIGH,0,77,109,785,500000,4047384,4047384,-3975668,686157.1,,695,90,坏棒 总长 1002 任意重度敲 铁头
1773,15:14:33,hit_1773_20260730_151433.csv,512,DEFECT,HIGH,0,78,109,795,500000,4257854,4257854,-3381298,1076421.9,,695,100,坏棒 总长 1002 任意重度敲 铁头
1774,15:14:33,hit_1774_20260730_151433.csv,512,DEFECT,HIGH,0,24,117,226,500000,4818752,3450530,-4818752,338.6,,695,-469,坏棒 总长 1002 任意重度敲 铁头
1775,15:14:33,hit_1775_20260730_151433.csv,512,DEFECT,HIGH,0,83,110,838,500000,4602414,4602414,-3340951,1139277,,695,143,坏棒 总长 1002 任意重度敲 铁头
1776,15:14:33,hit_1776_20260730_151433.csv,512,DEFECT,HIGH,0,85,115,817,500000,4696163,4136371,-4696163,594780.8,,695,122,坏棒 总长 1002 任意重度敲 铁头
1777,15:14:34,hit_1777_20260730_151434.csv,512,DEFECT,HIGH,0,83,111,830,500000,4385870,4385870,-3362633,1129125.6,,695,135,坏棒 总长 1002 任意重度敲 铁头
1778,15:14:34,hit_1778_20260730_151434.csv,512,DEFECT,HIGH,0,82,110,828,500000,4898033,4898033,-3364294,1376029.8,,695,133,坏棒 总长 1002 任意重度敲 铁头
1779,15:14:34,hit_1779_20260730_151434.csv,512,DEFECT,HIGH,0,77,110,777,500000,4457390,4457390,-3806154,933890,,695,82,坏棒 总长 1002 任意重度敲 铁头
1780,15:14:34,hit_1780_20260730_151434.csv,512,DEFECT,HIGH,0,73,108,639,500000,4288886,4288886,-3403589,1103527.3,,695,-56,坏棒 总长 1002 任意重度敲 铁头
1781,15:14:35,hit_1781_20260730_151435.csv,512,DEFECT,HIGH,0,76,108,783,500000,4254363,4254363,-3533293,1023299.5,,695,88,坏棒 总长 1002 任意重度敲 铁头
1782,15:14:35,hit_1782_20260730_151435.csv,512,NORMAL,HIGH,0,0,108,0,500000,5140201,5140201,-3344600,1650306.4,,695,,坏棒 总长 1002 任意重度敲 铁头
1783,15:14:35,hit_1783_20260730_151435.csv,512,DEFECT,HIGH,0,75,108,659,500000,4591604,4591604,-3586879,1255369.4,,695,-36,坏棒 总长 1002 任意重度敲 铁头
1784,15:14:36,hit_1784_20260730_151436.csv,512,DEFECT,HIGH,0,75,108,659,500000,4604121,4604121,-3382617,1428109.9,,695,-36,坏棒 总长 1002 任意重度敲 铁头
1785,15:14:36,hit_1785_20260730_151436.csv,512,DEFECT,HIGH,0,78,109,795,500000,4304104,4304104,-3580513,1124554.8,,695,100,坏棒 总长 1002 任意重度敲 铁头
1786,15:14:36,hit_1786_20260730_151436.csv,512,DEFECT,HIGH,0,82,109,836,500000,4559476,4559476,-3584220,1241239.1,,695,141,坏棒 总长 1002 任意重度敲 铁头
1787,15:14:36,hit_1787_20260730_151436.csv,512,DEFECT,HIGH,0,81,109,826,500000,4497847,4497847,-3128023,1246082.6,,695,131,坏棒 总长 1002 任意重度敲 铁头
1788,15:14:36,hit_1788_20260730_151436.csv,512,DEFECT,HIGH,0,84,111,840,500000,4586638,4586638,-3571506,1238878.7,,695,145,坏棒 总长 1002 任意重度敲 铁头
1789,15:14:37,hit_1789_20260730_151437.csv,512,DEFECT,HIGH,0,80,112,792,500000,4178475,4178475,-3737457,869660.4,,695,97,坏棒 总长 1002 任意重度敲 铁头
1790,15:14:37,hit_1790_20260730_151437.csv,512,DEFECT,HIGH,0,76,109,775,500000,4691615,4691615,-3342560,1189655.9,,695,80,坏棒 总长 1002 任意重度敲 铁头
1791,15:14:37,hit_1791_20260730_151437.csv,512,DEFECT,HIGH,0,73,108,752,500000,4516736,4516736,-3585548,896315.4,,695,57,坏棒 总长 1002 任意重度敲 铁头
1792,15:14:37,hit_1792_20260730_151437.csv,512,NORMAL,HIGH,0,0,109,0,500000,4663420,4663420,-2506644,1301509.7,,695,,坏棒 总长 1002 任意重度敲 铁头
1793,15:14:38,hit_1793_20260730_151438.csv,512,DEFECT,HIGH,0,74,108,649,500000,4845421,4845421,-3396927,1439899.5,,695,-46,坏棒 总长 1002 任意重度敲 铁头
1794,15:14:38,hit_1794_20260730_151438.csv,512,DEFECT,HIGH,0,32,110,323,500000,3840836,3638550,-3840836,497423.9,,695,-372,坏棒 总长 1002 任意重度敲 铁头
1795,15:14:38,hit_1795_20260730_151438.csv,512,DEFECT,HIGH,0,79,110,797,500000,4289381,4289381,-3762866,1007957.7,,695,102,坏棒 总长 1002 任意重度敲 铁头
1796,15:14:38,hit_1796_20260730_151438.csv,512,DEFECT,HIGH,0,85,116,809,500000,4513180,3985731,-4513180,578168.6,,695,114,坏棒 总长 1002 任意重度敲 铁头
1797,15:14:39,hit_1797_20260730_151439.csv,512,DEFECT,HIGH,0,77,110,666,500000,4909075,4909075,-3271409,1469637.2,,695,-29,坏棒 总长 1002 任意重度敲 铁头
1798,15:14:39,hit_1798_20260730_151439.csv,512,DEFECT,HIGH,0,83,111,830,500000,4530708,4530708,-3642834,1099154.3,,695,135,坏棒 总长 1002 任意重度敲 铁头
1799,15:14:39,hit_1799_20260730_151439.csv,512,DEFECT,HIGH,0,75,108,659,500000,4613971,4613971,-3386052,1368614.7,,695,-36,坏棒 总长 1002 任意重度敲 铁头
1800,15:14:39,hit_1800_20260730_151439.csv,512,DEFECT,HIGH,0,74,108,649,500000,4813988,4813988,-3355689,1534521.1,,695,-46,坏棒 总长 1002 任意重度敲 铁头
1801,15:14:40,hit_1801_20260730_151440.csv,512,NORMAL,HIGH,0,0,115,0,500000,5044087,5044087,-2855810,1792728.7,,695,,坏棒 总长 1002 任意重度敲 铁头
1802,15:14:40,hit_1802_20260730_151440.csv,512,DEFECT,HIGH,0,75,108,773,500000,4221664,4221664,-3061056,1128360.1,,695,78,坏棒 总长 1002 任意重度敲 铁头
1803,15:14:40,hit_1803_20260730_151440.csv,512,DEFECT,HIGH,0,21,113,205,500000,4521441,3813372,-4521441,416792.8,,695,-490,坏棒 总长 1002 任意重度敲 铁头
1804,15:14:40,hit_1804_20260730_151440.csv,512,DEFECT,HIGH,0,79,110,797,500000,4298523,4298523,-3568268,991232.1,,695,102,坏棒 总长 1002 任意重度敲 铁头
1805,15:14:41,hit_1805_20260730_151441.csv,512,DEFECT,HIGH,0,78,111,780,500000,4178468,4178468,-3867122,842184.7,,695,85,坏棒 总长 1002 任意重度敲 铁头
1806,15:14:41,hit_1806_20260730_151441.csv,512,DEFECT,HIGH,0,74,108,762,500000,4277159,4277159,-3378691,910970,,695,67,坏棒 总长 1002 任意重度敲 铁头
1807,15:14:41,hit_1807_20260730_151441.csv,512,DEFECT,HIGH,0,73,108,752,500000,4964596,4964596,-3533279,1029319.5,,695,57,坏棒 总长 1002 任意重度敲 铁头
1808,15:14:41,hit_1808_20260730_151441.csv,512,DEFECT,HIGH,0,72,108,628,500000,4518415,4518415,-3038879,1076371.4,,695,-67,坏棒 总长 1002 任意重度敲 铁头
1809,15:14:42,hit_1809_20260730_151442.csv,512,DEFECT,HIGH,0,78,110,787,500000,4563544,4563544,-3697557,1076137.9,,695,92,坏棒 总长 1002 任意重度敲 铁头
1810,15:14:42,hit_1810_20260730_151442.csv,512,DEFECT,HIGH,0,76,110,656,500000,5004997,5004997,-3589115,1355360.6,,695,-39,坏棒 总长 1002 任意重度敲 铁头
1811,15:14:42,hit_1811_20260730_151442.csv,512,DEFECT,HIGH,0,76,109,663,500000,5298394,5298394,-3260377,1573306.4,,695,-32,坏棒 总长 1002 任意重度敲 铁头
1812,15:14:43,hit_1812_20260730_151443.csv,512,DEFECT,HIGH,0,74,115,605,500000,4658496,4658496,-3024656,1515418.9,,695,-90,坏棒 总长 1002 任意重度敲 铁头
1813,15:14:43,hit_1813_20260730_151443.csv,512,DEFECT,HIGH,0,37,110,373,500000,4186973,4186973,-3839043,740110.1,,695,-322,坏棒 总长 1002 任意重度敲 铁头
1814,15:14:43,hit_1814_20260730_151443.csv,512,DEFECT,HIGH,0,84,111,840,500000,4588465,4588465,-3471230,1063132.9,,695,145,坏棒 总长 1002 任意重度敲 铁头
1815,15:14:44,hit_1815_20260730_151444.csv,512,DEFECT,HIGH,0,82,110,828,500000,4797822,4797822,-3204245,1440308.3,,695,133,坏棒 总长 1002 任意重度敲 铁头
1816,15:14:44,hit_1816_20260730_151444.csv,512,DEFECT,HIGH,0,84,111,840,500000,4694684,4694684,-3636557,1187557.8,,695,145,坏棒 总长 1002 任意重度敲 铁头
1817,15:14:44,hit_1817_20260730_151444.csv,512,DEFECT,HIGH,0,74,108,649,500000,5432975,5432975,-3034154,1814755.3,,695,-46,坏棒 总长 1002 任意重度敲 铁头
1818,15:14:44,hit_1818_20260730_151444.csv,512,DEFECT,HIGH,0,30,108,309,500000,4298412,4298412,-3902581,719800.2,,695,-386,坏棒 总长 1002 任意重度敲 铁头
1819,15:14:45,hit_1819_20260730_151445.csv,512,NORMAL,HIGH,0,0,113,0,500000,4905589,4905589,-2809174,1596893.1,,695,,坏棒 总长 1002 任意重度敲 铁头
1820,15:14:45,hit_1820_20260730_151445.csv,512,DEFECT,HIGH,0,77,109,785,500000,4456884,4456884,-3712517,1050283.8,,695,90,坏棒 总长 1002 任意重度敲 铁头
1821,15:14:45,hit_1821_20260730_151445.csv,512,DEFECT,HIGH,0,82,109,836,500000,4626799,4626799,-3407501,1238591.2,,695,141,坏棒 总长 1002 任意重度敲 铁头
1822,15:14:45,hit_1822_20260730_151445.csv,512,DEFECT,HIGH,0,81,112,801,500000,4241189,4241189,-3989874,798157.4,,695,106,坏棒 总长 1002 任意重度敲 铁头
1823,15:14:46,hit_1823_20260730_151446.csv,512,DEFECT,HIGH,0,75,109,653,500000,4924430,4924430,-3479957,1451736.7,,695,-42,坏棒 总长 1002 任意重度敲 铁头
1824,15:14:46,hit_1824_20260730_151446.csv,512,DEFECT,HIGH,0,76,109,775,500000,4377683,4377683,-2634143,1107901,,695,80,坏棒 总长 1002 任意重度敲 铁头
1825,15:14:46,hit_1825_20260730_151446.csv,512,DEFECT,HIGH,0,78,108,804,500000,3549756,3549756,-3304630,551106.6,,695,109,坏棒 总长 1002 任意重度敲 铁头
1826,15:14:47,hit_1826_20260730_151447.csv,512,DEFECT,HIGH,0,74,108,762,500000,4105908,4105908,-3120979,1037744.4,,695,67,坏棒 总长 1002 任意重度敲 铁头
1827,15:14:47,hit_1827_20260730_151447.csv,512,DEFECT,HIGH,0,85,111,850,500000,4444006,4444006,-4015518,949482.3,,695,155,坏棒 总长 1002 任意重度敲 铁头
1828,15:14:47,hit_1828_20260730_151447.csv,512,DEFECT,HIGH,0,80,110,808,500000,4683802,4683802,-3707697,991508,,695,113,坏棒 总长 1002 任意重度敲 铁头
1829,15:14:47,hit_1829_20260730_151447.csv,512,NORMAL,HIGH,0,0,116,0,500000,5305795,5305795,-2875882,1982531.9,,695,,坏棒 总长 1002 任意重度敲 铁头
1830,15:14:48,hit_1830_20260730_151448.csv,512,DEFECT,HIGH,0,76,109,663,500000,5330504,5330504,-3286114,1785855.5,,695,-32,坏棒 总长 1002 任意重度敲 铁头
1831,15:14:48,hit_1831_20260730_151448.csv,512,DEFECT,HIGH,0,75,109,653,500000,4999191,4999191,-3317446,1368778,,695,-42,坏棒 总长 1002 任意重度敲 铁头
1832,15:14:48,hit_1832_20260730_151448.csv,512,DEFECT,HIGH,0,76,108,783,500000,4572036,4572036,-3994372,713224,,695,88,坏棒 总长 1002 任意重度敲 铁头
1833,15:14:48,hit_1833_20260730_151448.csv,512,DEFECT,HIGH,0,70,111,584,500000,4827685,4827685,-2562943,1569047.9,,695,-111,坏棒 总长 1002 任意重度敲 铁头
1834,15:14:49,hit_1834_20260730_151449.csv,512,DEFECT,HIGH,0,82,109,836,500000,4587045,4587045,-3513568,1242719,,695,141,坏棒 总长 1002 任意重度敲 铁头
1835,15:14:49,hit_1835_20260730_151449.csv,512,DEFECT,HIGH,0,81,108,835,500000,4823893,4823893,-3164397,1380683.6,,695,140,坏棒 总长 1002 任意重度敲 铁头
1836,15:14:49,hit_1836_20260730_151449.csv,512,DEFECT,HIGH,0,76,109,663,500000,4991378,4991378,-3305063,1530261,,695,-32,坏棒 总长 1002 任意重度敲 铁头
1837,15:14:49,hit_1837_20260730_151449.csv,512,DEFECT,HIGH,0,77,109,673,500000,5329203,5329203,-3322229,1763890.6,,695,-22,坏棒 总长 1002 任意重度敲 铁头
1838,15:14:50,hit_1838_20260730_151450.csv,512,DEFECT,HIGH,0,78,109,795,500000,4824781,4824781,-3665670,1140154.7,,695,100,坏棒 总长 1002 任意重度敲 铁头
1839,15:14:50,hit_1839_20260730_151450.csv,512,DEFECT,HIGH,0,72,108,628,500000,5198884,5198884,-3098075,1547661.2,,695,-67,坏棒 总长 1002 任意重度敲 铁头
1840,15:14:50,hit_1840_20260730_151450.csv,512,DEFECT,HIGH,0,76,108,670,500000,5432770,5432770,-3383326,1843126.4,,695,-25,坏棒 总长 1002 任意重度敲 铁头
1841,15:14:50,hit_1841_20260730_151450.csv,512,DEFECT,HIGH,0,76,109,663,500000,4841074,4841074,-3477533,1429348.3,,695,-32,坏棒 总长 1002 任意重度敲 铁头
1842,15:14:51,hit_1842_20260730_151451.csv,512,DEFECT,HIGH,0,76,108,670,500000,5418369,5418369,-3433057,1751152.8,,695,-25,坏棒 总长 1002 任意重度敲 铁头
1843,15:14:51,hit_1843_20260730_151451.csv,512,DEFECT,HIGH,0,75,108,659,500000,5205125,5205125,-3197197,1645163.5,,695,-36,坏棒 总长 1002 任意重度敲 铁头
1844,15:14:51,hit_1844_20260730_151451.csv,512,DEFECT,HIGH,0,75,108,773,500000,4498093,4498093,-3568512,1110035.3,,695,78,坏棒 总长 1002 任意重度敲 铁头
1845,15:14:52,hit_1845_20260730_151452.csv,512,DEFECT,HIGH,0,84,112,831,500000,4174217,4174217,-3437146,938821.4,,695,136,坏棒 总长 1002 任意重度敲 铁头
1846,15:14:52,hit_1846_20260730_151452.csv,512,DEFECT,HIGH,0,85,113,833,500000,3737957,3114060,-3737957,363691.6,,695,138,坏棒 总长 1002 任意重度敲 铁头
1847,15:14:53,hit_1847_20260730_151453.csv,512,DEFECT,HIGH,0,82,110,828,500000,4671638,4671638,-3412198,1262613.9,,695,133,坏棒 总长 1002 任意重度敲 铁头
1848,15:14:55,hit_1848_20260730_151455.csv,512,DEFECT,HIGH,0,77,109,785,500000,4833099,4833099,-3390133,1359883.9,,695,90,坏棒 总长 1002 任意重度敲 铁头
1849,15:14:56,hit_1849_20260730_151456.csv,512,DEFECT,HIGH,0,77,111,770,500000,3810748,3699912,-3810748,670596,,695,75,坏棒 总长 1002 任意重度敲 铁头
1850,15:14:56,hit_1850_20260730_151456.csv,512,DEFECT,HIGH,0,79,111,790,500000,3906177,3798094,-3906177,634079.2,,695,95,坏棒 总长 1002 任意重度敲 铁头
1851,15:14:56,hit_1851_20260730_151456.csv,512,DEFECT,HIGH,0,77,110,777,500000,3814355,3814355,-3436113,792560.5,,695,82,坏棒 总长 1002 任意重度敲 铁头
1852,15:14:57,hit_1852_20260730_151457.csv,512,DEFECT,HIGH,0,33,112,326,500000,3877441,3292613,-3877441,411765.4,,695,-369,坏棒 总长 1002 任意重度敲 铁头
1853,15:14:57,hit_1853_20260730_151457.csv,512,DEFECT,HIGH,0,84,112,831,500000,3378702,2837921,-3378702,285352.6,,695,136,坏棒 总长 1002 任意重度敲 铁头
1854,15:14:57,hit_1854_20260730_151457.csv,512,DEFECT,HIGH,0,80,111,780,500000,3399547,3399547,-3384308,625238.9,,695,85,坏棒 总长 1002 任意重度敲 铁头
1855,15:14:57,hit_1855_20260730_151457.csv,512,DEFECT,HIGH,0,79,112,782,500000,3949996,3632151,-3949996,562574.8,,695,87,坏棒 总长 1002 任意重度敲 铁头
1856,15:14:58,hit_1856_20260730_151458.csv,512,DEFECT,HIGH,0,77,110,777,500000,3677318,3611219,-3677318,593193.4,,695,82,坏棒 总长 1002 任意重度敲 铁头
1857,15:14:58,hit_1857_20260730_151458.csv,512,DEFECT,HIGH,0,76,109,775,500000,3583083,3513157,-3583083,498486.5,,695,80,坏棒 总长 1002 任意重度敲 铁头
1858,15:14:58,hit_1858_20260730_151458.csv,512,DEFECT,HIGH,0,35,112,346,500000,3976496,3652168,-3976496,520726.9,,695,-349,坏棒 总长 1002 任意重度敲 铁头
1859,15:14:59,hit_1859_20260730_151459.csv,512,DEFECT,HIGH,0,76,110,656,500000,4262622,4262622,-3140153,1202726,,695,-39,坏棒 总长 1002 任意重度敲 铁头
1860,15:14:59,hit_1860_20260730_151459.csv,512,DEFECT,HIGH,0,76,109,775,500000,3857791,3857791,-3614607,760297.6,,695,80,坏棒 总长 1002 任意重度敲 铁头
1861,15:14:59,hit_1861_20260730_151459.csv,512,DEFECT,HIGH,0,78,111,780,500000,3971001,3887243,-3971001,631575.4,,695,85,坏棒 总长 1002 任意重度敲 铁头
1862,15:14:59,hit_1862_20260730_151459.csv,512,DEFECT,HIGH,0,78,111,780,500000,3672583,3550938,-3672583,550854.3,,695,85,坏棒 总长 1002 任意重度敲 铁头
1863,15:15:00,hit_1863_20260730_151500.csv,512,DEFECT,HIGH,0,78,110,787,500000,4235389,4235389,-3148612,1080600.6,,695,92,坏棒 总长 1002 任意重度敲 铁头
1864,15:15:00,hit_1864_20260730_151500.csv,512,DEFECT,HIGH,0,79,111,790,500000,3801282,3801282,-3641545,694221.9,,695,95,坏棒 总长 1002 任意重度敲 铁头
1865,15:15:00,hit_1865_20260730_151500.csv,512,DEFECT,HIGH,0,33,113,323,500000,3697722,2789448,-3697722,87179,,695,-372,坏棒 总长 1002 任意重度敲 铁头
1866,15:15:01,hit_1866_20260730_151501.csv,512,DEFECT,HIGH,0,79,111,790,500000,4140988,4140988,-3708899,871025.1,,695,95,坏棒 总长 1002 任意重度敲 铁头
1867,15:15:01,hit_1867_20260730_151501.csv,512,DEFECT,HIGH,0,34,110,343,500000,4035171,4035171,-3768584,842233.8,,695,-352,坏棒 总长 1002 任意重度敲 铁头
1868,15:15:01,hit_1868_20260730_151501.csv,512,DEFECT,HIGH,0,77,109,785,500000,4199833,4199833,-3980127,768951.6,,695,90,坏棒 总长 1002 任意重度敲 铁头
1869,15:15:01,hit_1869_20260730_151501.csv,512,DEFECT,HIGH,0,77,110,777,500000,4034359,4034359,-3991752,687507.5,,695,82,坏棒 总长 1002 任意重度敲 铁头
1870,15:15:02,hit_1870_20260730_151502.csv,512,DEFECT,HIGH,0,78,111,780,500000,3910929,3910929,-3826380,732496.8,,695,85,坏棒 总长 1002 任意重度敲 铁头
1871,15:15:02,hit_1871_20260730_151502.csv,512,DEFECT,HIGH,0,32,113,313,500000,3805372,2940603,-3805372,239167.1,,695,-382,坏棒 总长 1002 任意重度敲 铁头
1872,15:15:02,hit_1872_20260730_151502.csv,512,DEFECT,HIGH,0,78,111,780,500000,3540074,3372725,-3540074,571094,,695,85,坏棒 总长 1002 任意重度敲 铁头
1873,15:15:03,hit_1873_20260730_151503.csv,512,DEFECT,HIGH,0,78,110,787,500000,4135353,4135353,-3496790,971618.8,,695,92,坏棒 总长 1002 任意重度敲 铁头
1874,15:15:03,hit_1874_20260730_151503.csv,512,DEFECT,HIGH,0,79,112,782,500000,3746235,3567528,-3746235,546949.9,,695,87,坏棒 总长 1002 任意重度敲 铁头
1875,15:15:03,hit_1875_20260730_151503.csv,512,DEFECT,HIGH,0,78,110,787,500000,4038542,4038542,-3654415,932237.4,,695,92,坏棒 总长 1002 任意重度敲 铁头
1876,15:15:03,hit_1876_20260730_151503.csv,512,DEFECT,HIGH,0,75,108,773,500000,4398588,4398588,-3565037,1048278.4,,695,78,坏棒 总长 1002 任意重度敲 铁头
1877,15:15:04,hit_1877_20260730_151504.csv,512,DEFECT,HIGH,0,23,111,230,500000,4078376,4078376,-3758091,543337.2,,695,-465,坏棒 总长 1002 任意重度敲 铁头
1878,15:15:04,hit_1878_20260730_151504.csv,512,DEFECT,HIGH,0,75,108,773,500000,4037283,4037283,-3968458,598242.8,,695,78,坏棒 总长 1002 任意重度敲 铁头
1879,15:15:04,hit_1879_20260730_151504.csv,512,DEFECT,HIGH,0,77,109,785,500000,4748845,4748845,-3182661,1251687.9,,695,90,坏棒 总长 1002 任意重度敲 铁头
1880,15:15:05,hit_1880_20260730_151505.csv,512,DEFECT,HIGH,0,79,112,782,500000,3840794,3662996,-3840794,596215.1,,695,87,坏棒 总长 1002 任意重度敲 铁头
1881,15:15:05,hit_1881_20260730_151505.csv,512,DEFECT,HIGH,0,79,111,790,500000,4300913,4300913,-3782933,1029920,,695,95,坏棒 总长 1002 任意重度敲 铁头
1882,15:15:05,hit_1882_20260730_151505.csv,512,DEFECT,HIGH,0,78,110,787,500000,3922497,3710528,-3922497,616878.8,,695,92,坏棒 总长 1002 任意重度敲 铁头
1883,15:15:05,hit_1883_20260730_151505.csv,512,DEFECT,HIGH,0,36,111,360,500000,4194138,4194138,-4037073,923697.6,,695,-335,坏棒 总长 1002 任意重度敲 铁头
1884,15:15:05,hit_1884_20260730_151505.csv,512,DEFECT,HIGH,0,32,118,283,500000,4169039,3565330,-4169039,265736.5,,695,-412,坏棒 总长 1002 任意重度敲 铁头
1885,15:15:06,hit_1885_20260730_151506.csv,512,DEFECT,HIGH,0,77,110,777,500000,4389778,4389778,-3754576,859694.8,,695,82,坏棒 总长 1002 任意重度敲 铁头
1886,15:15:06,hit_1886_20260730_151506.csv,512,DEFECT,HIGH,0,80,112,792,500000,4436676,4436676,-3970770,920337.9,,695,97,坏棒 总长 1002 任意重度敲 铁头
1887,15:15:06,hit_1887_20260730_151506.csv,512,DEFECT,HIGH,0,83,110,838,500000,4599288,4599288,-3626647,1187700.1,,695,143,坏棒 总长 1002 任意重度敲 铁头
1888,15:15:06,hit_1888_20260730_151506.csv,512,DEFECT,HIGH,0,82,109,836,500000,4411500,4411500,-3660343,1161633.1,,695,141,坏棒 总长 1002 任意重度敲 铁头
1889,15:15:07,hit_1889_20260730_151507.csv,512,NORMAL,HIGH,0,0,113,0,500000,5129427,5129427,-2796470,1714400.3,,695,,坏棒 总长 1002 任意重度敲 铁头
1890,15:15:07,hit_1890_20260730_151507.csv,512,DEFECT,HIGH,0,77,113,647,500000,4377842,3151138,-4377842,59981.4,,695,-48,坏棒 总长 1002 任意重度敲 铁头
1891,15:15:07,hit_1891_20260730_151507.csv,512,DEFECT,HIGH,0,78,111,780,500000,4168763,4168763,-3870492,852720.4,,695,85,坏棒 总长 1002 任意重度敲 铁头
1892,15:15:07,hit_1892_20260730_151507.csv,512,DEFECT,HIGH,0,85,112,841,500000,4368741,4368741,-3916457,978858.4,,695,146,坏棒 总长 1002 任意重度敲 铁头
1893,15:15:08,hit_1893_20260730_151508.csv,512,DEFECT,HIGH,0,76,109,663,500000,5224625,5224625,-3317023,1514104.2,,695,-32,坏棒 总长 1002 任意重度敲 铁头
1894,15:15:08,hit_1894_20260730_151508.csv,512,DEFECT,HIGH,0,78,112,663,500000,4385768,3565443,-4385768,91011.6,,695,-32,坏棒 总长 1002 任意重度敲 铁头
1895,15:15:08,hit_1895_20260730_151508.csv,512,DEFECT,HIGH,0,84,112,831,500000,4430827,4430827,-3577024,1032692.1,,695,136,坏棒 总长 1002 任意重度敲 铁头
1896,15:15:08,hit_1896_20260730_151508.csv,512,DEFECT,HIGH,0,82,110,828,500000,5059671,5059671,-3246426,1554431,,695,133,坏棒 总长 1002 任意重度敲 铁头
1897,15:15:09,hit_1897_20260730_151509.csv,512,DEFECT,HIGH,0,77,109,673,500000,4989488,4989488,-3271413,1640013,,695,-22,坏棒 总长 1002 任意重度敲 铁头
1898,15:15:09,hit_1898_20260730_151509.csv,512,DEFECT,HIGH,0,77,109,785,500000,4461376,4461376,-3415761,1119963,,695,90,坏棒 总长 1002 任意重度敲 铁头
1899,15:15:09,hit_1899_20260730_151509.csv,512,DEFECT,HIGH,0,84,111,840,500000,4008243,4008243,-3664306,694731.3,,695,145,坏棒 总长 1002 任意重度敲 铁头
1900,15:15:10,hit_1900_20260730_151510.csv,512,DEFECT,HIGH,0,36,113,352,500000,4051809,3791569,-4051809,582573.5,,695,-343,坏棒 总长 1002 任意重度敲 铁头
1901,15:15:10,hit_1901_20260730_151510.csv,512,DEFECT,HIGH,0,78,110,787,500000,4433403,4433403,-3814169,1067464,,695,92,坏棒 总长 1002 任意重度敲 铁头
1902,15:15:10,hit_1902_20260730_151510.csv,512,DEFECT,HIGH,0,76,110,767,500000,3929625,3929625,-3814119,724400.1,,695,72,坏棒 总长 1002 任意重度敲 铁头
1903,15:15:10,hit_1903_20260730_151510.csv,512,DEFECT,HIGH,0,82,110,828,500000,4743468,4743468,-3432389,1220436.6,,695,133,坏棒 总长 1002 任意重度敲 铁头
1904,15:15:10,hit_1904_20260730_151510.csv,512,DEFECT,HIGH,0,83,110,838,500000,4644223,4644223,-3653436,1161310.8,,695,143,坏棒 总长 1002 任意重度敲 铁头
1905,15:15:11,hit_1905_20260730_151511.csv,512,DEFECT,HIGH,0,76,109,663,500000,4950195,4950195,-3447070,1513684.4,,695,-32,坏棒 总长 1002 任意重度敲 铁头
1906,15:15:11,hit_1906_20260730_151511.csv,512,DEFECT,HIGH,0,76,108,670,500000,4947664,4947664,-3347317,1553444.5,,695,-25,坏棒 总长 1002 任意重度敲 铁头
1907,15:15:11,hit_1907_20260730_151511.csv,512,DEFECT,HIGH,0,76,109,663,500000,4874797,4874797,-3747921,1383348.5,,695,-32,坏棒 总长 1002 任意重度敲 铁头
1908,15:15:12,hit_1908_20260730_151512.csv,512,DEFECT,HIGH,0,31,110,313,500000,4029587,3041446,-4029587,173725.6,,695,-382,坏棒 总长 1002 任意重度敲 铁头
1909,15:15:12,hit_1909_20260730_151512.csv,512,DEFECT,HIGH,0,79,111,790,500000,4404707,4404707,-3895689,966312.9,,695,95,坏棒 总长 1002 任意重度敲 铁头
1910,15:15:13,hit_1910_20260730_151513.csv,512,DEFECT,HIGH,0,83,111,830,500000,4782310,4782310,-3823236,1235350.1,,695,135,坏棒 总长 1002 任意重度敲 铁头
1911,15:15:13,hit_1911_20260730_151513.csv,512,DEFECT,HIGH,0,79,112,782,500000,3988216,3988216,-3960559,712420.9,,695,87,坏棒 总长 1002 任意重度敲 铁头
1912,15:15:13,hit_1912_20260730_151513.csv,512,DEFECT,HIGH,0,76,109,663,500000,5179769,5179769,-3225298,1497037.5,,695,-32,坏棒 总长 1002 任意重度敲 铁头
1913,15:15:14,hit_1913_20260730_151514.csv,512,DEFECT,HIGH,0,79,111,790,500000,4328928,4328928,-3815579,934430.1,,695,95,坏棒 总长 1002 任意重度敲 铁头
1914,15:15:14,hit_1914_20260730_151514.csv,512,DEFECT,HIGH,0,77,110,666,500000,5071744,5071744,-3620380,1530360.9,,695,-29,坏棒 总长 1002 任意重度敲 铁头
1915,15:15:14,hit_1915_20260730_151514.csv,512,DEFECT,HIGH,0,78,110,787,500000,4571283,4571283,-3711355,1169619.3,,695,92,坏棒 总长 1002 任意重度敲 铁头
1916,15:15:15,hit_1916_20260730_151515.csv,512,DEFECT,HIGH,0,76,108,783,500000,5080014,5080014,-3481593,1250433.3,,695,88,坏棒 总长 1002 任意重度敲 铁头
1917,15:15:15,hit_1917_20260730_151515.csv,512,DEFECT,HIGH,0,28,120,256,500000,4906870,3316496,-4906870,-346589.8,,695,-439,坏棒 总长 1002 任意重度敲 铁头
1918,15:15:15,hit_1918_20260730_151515.csv,512,DEFECT,HIGH,0,76,109,663,500000,5762890,5762890,-3178503,1828120.9,,695,-32,坏棒 总长 1002 任意重度敲 铁头
1919,15:15:15,hit_1919_20260730_151515.csv,512,DEFECT,HIGH,0,77,110,666,500000,5217099,5217099,-3666192,1476938.6,,695,-29,坏棒 总长 1002 任意重度敲 铁头
1920,15:15:16,hit_1920_20260730_151516.csv,512,DEFECT,HIGH,0,79,111,680,500000,4586028,4586028,-3685281,1367548.7,,695,-15,坏棒 总长 1002 任意重度敲 铁头
1921,15:15:16,hit_1921_20260730_151516.csv,512,DEFECT,HIGH,0,80,111,800,500000,4497944,4497944,-3957456,975347,,695,105,坏棒 总长 1002 任意重度敲 铁头
1922,15:15:16,hit_1922_20260730_151516.csv,512,DEFECT,HIGH,0,80,111,800,500000,4012808,4012808,-3666888,752880.4,,695,105,坏棒 总长 1002 任意重度敲 铁头
1923,15:15:17,hit_1923_20260730_151517.csv,512,DEFECT,HIGH,0,77,110,666,500000,5093650,5093650,-3132154,1590231.9,,695,-29,坏棒 总长 1002 任意重度敲 铁头
1924,15:15:17,hit_1924_20260730_151517.csv,512,DEFECT,HIGH,0,78,110,787,500000,4647936,4647936,-3651951,1092539.1,,695,92,坏棒 总长 1002 任意重度敲 铁头
1925,15:15:17,hit_1925_20260730_151517.csv,512,DEFECT,HIGH,0,76,110,656,500000,4989720,4989720,-3567447,1385622.6,,695,-39,坏棒 总长 1002 任意重度敲 铁头
1926,15:15:17,hit_1926_20260730_151517.csv,512,DEFECT,HIGH,0,79,111,790,500000,4010809,4010809,-3958563,681072.5,,695,95,坏棒 总长 1002 任意重度敲 铁头
1927,15:15:18,hit_1927_20260730_151518.csv,512,DEFECT,HIGH,0,80,112,792,500000,4286921,4286921,-3867435,942287.3,,695,97,坏棒 总长 1002 任意重度敲 铁头
1928,15:15:18,hit_1928_20260730_151518.csv,512,DEFECT,HIGH,0,24,116,228,500000,4796180,3367190,-4796180,-26826.2,,695,-467,坏棒 总长 1002 任意重度敲 铁头
1929,15:15:18,hit_1929_20260730_151518.csv,512,DEFECT,HIGH,0,26,117,245,500000,5025555,3138436,-5025555,-215911.9,,695,-450,坏棒 总长 1002 任意重度敲 铁头
1930,15:15:18,hit_1930_20260730_151518.csv,512,DEFECT,HIGH,0,34,111,340,500000,4239997,4188535,-4239997,645105.9,,695,-355,坏棒 总长 1002 任意重度敲 铁头
1931,15:15:19,hit_1931_20260730_151519.csv,512,DEFECT,HIGH,0,77,110,777,500000,4379644,4379644,-3404150,1056644.7,,695,82,坏棒 总长 1002 任意重度敲 铁头
1932,15:15:19,hit_1932_20260730_151519.csv,512,DEFECT,HIGH,0,79,111,790,500000,3858266,3858266,-3702383,737055.4,,695,95,坏棒 总长 1002 任意重度敲 铁头
1933,15:15:19,hit_1933_20260730_151519.csv,512,DEFECT,HIGH,0,82,111,820,500000,4918961,4918961,-3211089,1427712.1,,695,125,坏棒 总长 1002 任意重度敲 铁头
1934,15:15:20,hit_1934_20260730_151520.csv,512,DEFECT,HIGH,0,84,111,840,500000,4485660,4485660,-3464290,1085505.9,,695,145,坏棒 总长 1002 任意重度敲 铁头
1935,15:15:20,hit_1935_20260730_151520.csv,512,DEFECT,HIGH,0,75,108,659,500000,4946966,4946966,-3156867,1430575.6,,695,-36,坏棒 总长 1002 任意重度敲 铁头
1936,15:15:20,hit_1936_20260730_151520.csv,512,DEFECT,HIGH,0,78,110,787,500000,4169440,4169440,-3671543,937137,,695,92,坏棒 总长 1002 任意重度敲 铁头
1937,15:15:21,hit_1937_20260730_151521.csv,512,DEFECT,HIGH,0,80,112,792,500000,4110504,4110504,-3640428,886807.6,,695,97,坏棒 总长 1002 任意重度敲 铁头
1938,15:15:21,hit_1938_20260730_151521.csv,512,DEFECT,HIGH,0,77,110,666,500000,4734644,4734644,-3173428,1381951.8,,695,-29,坏棒 总长 1002 任意重度敲 铁头
1939,15:15:21,hit_1939_20260730_151521.csv,512,DEFECT,HIGH,0,78,110,676,500000,4929043,4929043,-2891477,1828990.8,,695,-19,坏棒 总长 1002 任意重度敲 铁头
1940,15:15:22,hit_1940_20260730_151522.csv,512,DEFECT,HIGH,0,81,113,794,500000,4147949,4147949,-3480501,955049.3,,695,99,坏棒 总长 1002 任意重度敲 铁头
1941,15:15:22,hit_1941_20260730_151522.csv,512,DEFECT,HIGH,0,76,113,637,500000,4006203,3315751,-4006203,239919.9,,695,-58,坏棒 总长 1002 任意重度敲 铁头
1942,15:15:22,hit_1942_20260730_151522.csv,512,DEFECT,HIGH,0,30,110,303,500000,3558368,3144745,-3558368,343355.7,,695,-392,坏棒 总长 1002 任意重度敲 铁头
1943,15:15:22,hit_1943_20260730_151522.csv,512,DEFECT,HIGH,0,76,109,775,500000,3651206,3489203,-3651206,477063.6,,695,80,坏棒 总长 1002 任意重度敲 铁头
1944,15:15:23,hit_1944_20260730_151523.csv,512,DEFECT,HIGH,0,37,112,366,500000,4331470,3434778,-4331470,267546,,695,-329,坏棒 总长 1002 任意重度敲 铁头
1945,15:15:23,hit_1945_20260730_151523.csv,512,DEFECT,HIGH,0,24,116,228,500000,4658903,3222523,-4658903,-239269,,695,-467,坏棒 总长 1002 任意重度敲 铁头
1946,15:15:23,hit_1946_20260730_151523.csv,512,DEFECT,HIGH,0,80,111,800,500000,4161660,4161660,-3432733,932679.5,,695,105,坏棒 总长 1002 任意重度敲 铁头
1947,15:15:23,hit_1947_20260730_151523.csv,512,DEFECT,HIGH,0,80,113,784,500000,3740071,3236019,-3740071,279573.5,,695,89,坏棒 总长 1002 任意重度敲 铁头
1948,15:15:24,hit_1948_20260730_151524.csv,512,DEFECT,HIGH,0,76,117,607,500000,4859578,4859578,-2825545,1604848.1,,695,-88,坏棒 总长 1002 任意重度敲 铁头
1949,15:15:24,hit_1949_20260730_151524.csv,512,DEFECT,HIGH,0,81,110,818,500000,4457733,4457733,-3064627,1196457.5,,695,123,坏棒 总长 1002 任意重度敲 铁头
1950,15:15:24,hit_1950_20260730_151524.csv,512,DEFECT,HIGH,0,81,110,818,500000,4363929,4363929,-3141251,1097051.1,,695,123,坏棒 总长 1002 任意重度敲 铁头
1951,15:15:24,hit_1951_20260730_151524.csv,512,DEFECT,HIGH,0,78,112,772,500000,3549954,3317473,-3549954,395502.2,,695,77,坏棒 总长 1002 任意重度敲 铁头
1952,15:15:25,hit_1952_20260730_151525.csv,512,DEFECT,HIGH,0,76,109,775,500000,4074753,4074753,-3643402,871955,,695,80,坏棒 总长 1002 任意重度敲 铁头
1953,15:15:25,hit_1953_20260730_151525.csv,512,DEFECT,HIGH,0,75,108,659,500000,4598751,4598751,-3591088,1351301,,695,-36,坏棒 总长 1002 任意重度敲 铁头
1954,15:15:25,hit_1954_20260730_151525.csv,512,DEFECT,HIGH,0,78,110,787,500000,4356471,4356471,-3930453,940441.6,,695,92,坏棒 总长 1002 任意重度敲 铁头
1955,15:15:25,hit_1955_20260730_151525.csv,512,DEFECT,HIGH,0,75,108,773,500000,3731353,3731353,-3419555,809841.7,,695,78,坏棒 总长 1002 任意重度敲 铁头
1956,15:15:26,hit_1956_20260730_151526.csv,512,DEFECT,HIGH,0,77,112,742,500000,2882361,1981949,-2882361,-109654.6,,695,47,坏棒 总长 1002 任意重度敲 铁头
1957,15:15:26,hit_1957_20260730_151526.csv,512,DEFECT,HIGH,0,77,110,666,500000,4414012,4414012,-3686736,1112601.3,,695,-29,坏棒 总长 1002 任意重度敲 铁头
1958,15:15:26,hit_1958_20260730_151526.csv,512,DEFECT,HIGH,0,76,110,656,500000,4527580,4527580,-3583238,1168203.7,,695,-39,坏棒 总长 1002 任意重度敲 铁头
1959,15:15:27,hit_1959_20260730_151527.csv,512,DEFECT,HIGH,0,77,110,777,500000,4326971,4326971,-3731459,1056303.3,,695,82,坏棒 总长 1002 任意重度敲 铁头
1960,15:15:27,hit_1960_20260730_151527.csv,512,DEFECT,HIGH,0,78,110,787,500000,4286007,4286007,-3743482,1041558.5,,695,92,坏棒 总长 1002 任意重度敲 铁头
1961,15:15:27,hit_1961_20260730_151527.csv,512,DEFECT,HIGH,0,33,110,333,500000,4391879,4391879,-3783393,1006249.6,,695,-362,坏棒 总长 1002 任意重度敲 铁头
1962,15:15:28,hit_1962_20260730_151528.csv,512,DEFECT,HIGH,0,79,110,797,500000,4218865,4218865,-3609674,974478.6,,695,102,坏棒 总长 1002 任意重度敲 铁头
1963,15:15:28,hit_1963_20260730_151528.csv,512,DEFECT,HIGH,0,79,112,782,500000,3914247,3914247,-3822417,722705.4,,695,87,坏棒 总长 1002 任意重度敲 铁头
1964,15:15:28,hit_1964_20260730_151528.csv,512,DEFECT,HIGH,0,79,112,782,500000,3977406,3956812,-3977406,693461.5,,695,87,坏棒 总长 1002 任意重度敲 铁头
1965,15:15:28,hit_1965_20260730_151528.csv,512,DEFECT,HIGH,0,76,109,775,500000,4112273,4112273,-3664223,941192.5,,695,80,坏棒 总长 1002 任意重度敲 铁头
1966,15:15:29,hit_1966_20260730_151529.csv,512,DEFECT,HIGH,0,74,108,762,500000,3937931,3937931,-3377839,862455.2,,695,67,坏棒 总长 1002 任意重度敲 铁头
1967,15:15:29,hit_1967_20260730_151529.csv,512,DEFECT,HIGH,0,77,110,777,500000,3904933,3904933,-3737818,757461.2,,695,82,坏棒 总长 1002 任意重度敲 铁头
1968,15:15:29,hit_1968_20260730_151529.csv,512,DEFECT,HIGH,0,83,111,830,500000,4314673,4314673,-3597477,1048400.5,,695,135,坏棒 总长 1002 任意重度敲 铁头
1969,15:15:30,hit_1969_20260730_151530.csv,512,DEFECT,HIGH,0,76,110,656,500000,4894061,4894061,-3416161,1395488.2,,695,-39,坏棒 总长 1002 任意重度敲 铁头
1970,15:15:30,hit_1970_20260730_151530.csv,512,DEFECT,HIGH,0,80,109,816,500000,4458051,4458051,-3259560,1314261.4,,695,121,坏棒 总长 1002 任意重度敲 铁头
1971,15:15:30,hit_1971_20260730_151530.csv,512,DEFECT,HIGH,0,77,109,785,500000,4321372,4321372,-3508082,1143316,,695,90,坏棒 总长 1002 任意重度敲 铁头
1972,15:15:30,hit_1972_20260730_151530.csv,512,DEFECT,HIGH,0,76,109,775,500000,4136383,4136383,-3631173,976333.8,,695,80,坏棒 总长 1002 任意重度敲 铁头
1973,15:15:31,hit_1973_20260730_151531.csv,512,DEFECT,HIGH,0,32,111,320,500000,3980359,3461605,-3980359,424496.8,,695,-375,坏棒 总长 1002 任意重度敲 铁头
1974,15:15:31,hit_1974_20260730_151531.csv,512,DEFECT,HIGH,0,39,113,382,500000,4178793,3712388,-4178793,562333.8,,695,-313,坏棒 总长 1002 任意重度敲 铁头
1975,15:15:31,hit_1975_20260730_151531.csv,512,DEFECT,HIGH,0,82,110,828,500000,4251565,4251565,-3217094,1121366.5,,695,133,坏棒 总长 1002 任意重度敲 铁头
1976,15:15:32,hit_1976_20260730_151532.csv,512,DEFECT,HIGH,0,79,111,790,500000,4294826,4294826,-3332174,1021484.7,,695,95,坏棒 总长 1002 任意重度敲 铁头
1977,15:15:32,hit_1977_20260730_151532.csv,512,DEFECT,HIGH,0,78,110,787,500000,4025898,4025898,-3586180,886476.2,,695,92,坏棒 总长 1002 任意重度敲 铁头
1978,15:15:32,hit_1978_20260730_151532.csv,512,DEFECT,HIGH,0,74,115,605,500000,4649686,4649686,-2874325,1436856.6,,695,-90,坏棒 总长 1002 任意重度敲 铁头
1979,15:15:33,hit_1979_20260730_151533.csv,512,DEFECT,HIGH,0,72,108,628,500000,3950358,3950358,-3207756,1018295,,695,-67,坏棒 总长 1002 任意重度敲 铁头
1980,15:15:33,hit_1980_20260730_151533.csv,512,DEFECT,HIGH,0,31,114,300,500000,5324107,5324107,-2920900,1770676,,695,-395,坏棒 总长 1002 任意重度敲 铁头
1981,15:15:33,hit_1981_20260730_151533.csv,512,NORMAL,HIGH,0,0,116,0,500000,4613838,4613838,-2849295,1588588.2,,695,,坏棒 总长 1002 任意重度敲 铁头
1982,15:15:33,hit_1982_20260730_151533.csv,512,DEFECT,HIGH,0,78,110,787,500000,4146694,4146694,-3209057,1075562.5,,695,92,坏棒 总长 1002 任意重度敲 铁头
1983,15:15:34,hit_1983_20260730_151534.csv,512,DEFECT,HIGH,0,79,110,777,500000,3786745,3786745,-3026974,999915.1,,695,82,坏棒 总长 1002 任意重度敲 铁头
1984,15:15:34,hit_1984_20260730_151534.csv,512,DEFECT,HIGH,0,76,116,723,500000,3743069,3743069,-2925782,977576.2,,695,28,坏棒 总长 1002 任意重度敲 铁头
1985,15:15:35,hit_1985_20260730_151535.csv,512,DEFECT,HIGH,0,33,114,314,500000,4805886,4805886,-2548879,1694876.2,,695,-381,坏棒 总长 1002 任意重度敲 铁头
1986,15:15:35,hit_1986_20260730_151535.csv,512,DEFECT,HIGH,0,76,109,663,500000,4038603,4038603,-3139964,1096530.1,,695,-32,坏棒 总长 1002 任意重度敲 铁头
1987,15:15:35,hit_1987_20260730_151535.csv,512,DEFECT,HIGH,0,75,115,609,500000,5012502,5012502,-2738366,1795386.8,,695,-86,坏棒 总长 1002 任意重度敲 铁头
1988,15:15:36,hit_1988_20260730_151536.csv,512,NORMAL,HIGH,0,0,115,0,500000,5068856,5068856,-2518474,1964738.7,,695,,坏棒 总长 1002 任意重度敲 铁头
1989,15:15:36,hit_1989_20260730_151536.csv,512,DEFECT,HIGH,0,81,117,757,500000,4720257,4720257,-2788554,1446516.9,,695,62,坏棒 总长 1002 任意重度敲 铁头
1990,15:15:36,hit_1990_20260730_151536.csv,512,DEFECT,HIGH,0,76,117,613,500000,5470243,5470243,-2892472,1906210.7,,695,-82,坏棒 总长 1002 任意重度敲 铁头
1991,15:15:37,hit_1991_20260730_151537.csv,512,DEFECT,HIGH,0,83,111,830,500000,3280434,2309784,-3280434,-25411.9,,695,135,坏棒 总长 1002 任意重度敲 铁头
1992,15:15:37,hit_1992_20260730_151537.csv,512,DEFECT,HIGH,0,76,108,783,500000,4014500,4014500,-3505256,863249.4,,695,88,坏棒 总长 1002 任意重度敲 铁头
1993,15:15:37,hit_1993_20260730_151537.csv,512,DEFECT,HIGH,0,75,108,659,500000,4516835,4516835,-3452598,1275541,,695,-36,坏棒 总长 1002 任意重度敲 铁头
1994,15:15:38,hit_1994_20260730_151538.csv,512,DEFECT,HIGH,0,73,108,639,500000,4340016,4340016,-3424896,1176726.6,,695,-56,坏棒 总长 1002 任意重度敲 铁头
1995,15:15:38,hit_1995_20260730_151538.csv,512,DEFECT,HIGH,0,75,108,659,500000,4913567,4913567,-3291260,1459847.4,,695,-36,坏棒 总长 1002 任意重度敲 铁头
1996,15:15:38,hit_1996_20260730_151538.csv,512,DEFECT,HIGH,0,74,108,649,500000,4274553,4274553,-3271813,1179559.9,,695,-46,坏棒 总长 1002 任意重度敲 铁头
1997,15:15:39,hit_1997_20260730_151539.csv,512,DEFECT,HIGH,0,76,108,670,500000,4327183,4327183,-3522127,1147241.1,,695,-25,坏棒 总长 1002 任意重度敲 铁头
1998,15:15:39,hit_1998_20260730_151539.csv,512,DEFECT,HIGH,0,78,110,787,500000,4194034,4194034,-3769889,960566.3,,695,92,坏棒 总长 1002 任意重度敲 铁头
1999,15:15:39,hit_1999_20260730_151539.csv,512,DEFECT,HIGH,0,74,115,600,500000,4332097,4332097,-2819155,1349326,,695,-95,坏棒 总长 1002 任意重度敲 铁头
2000,15:15:40,hit_2000_20260730_151540.csv,512,DEFECT,HIGH,0,75,108,659,500000,4576350,4576350,-3131894,1314754.4,,695,-36,坏棒 总长 1002 任意重度敲 铁头
