hit,time,file,points,state,conf,impact,defect,bottom,dist_mm,threshold,peak_abs,peak_pos,peak_neg,mean,rod_len_mm,defect_true_mm,err_mm,note
1,12:16:40,hit_001_20260730_121640.csv,512,DEFECT,HIGH,0,31,113,303,500000,4078755,3158487,-4078755,-546948.2,,,,好棒 任意重度敲击
2,12:16:41,hit_002_20260730_121641.csv,512,DEFECT,HIGH,0,38,113,372,500000,3979105,3979105,-3644943,-421528.1,,,,好棒 任意重度敲击
3,12:16:41,hit_003_20260730_121641.csv,512,DEFECT,HIGH,0,40,113,392,500000,4076441,3489097,-4076441,-461113.5,,,,好棒 任意重度敲击
4,12:16:42,hit_004_20260730_121642.csv,512,DEFECT,HIGH,0,35,111,350,500000,3662667,3153258,-3662667,-384995.8,,,,好棒 任意重度敲击
5,12:16:42,hit_005_20260730_121642.csv,512,DEFECT,HIGH,0,35,117,309,500000,3589904,3589904,-2590410,-322769.9,,,,好棒 任意重度敲击
6,12:16:42,hit_006_20260730_121642.csv,512,DEFECT,HIGH,0,41,109,418,500000,4027887,4027887,-3549280,-482785.6,,,,好棒 任意重度敲击
7,12:16:43,hit_007_20260730_121643.csv,512,DEFECT,HIGH,0,42,110,424,500000,4011994,4011994,-3435956,-433330.1,,,,好棒 任意重度敲击
8,12:16:43,hit_008_20260730_121643.csv,512,DEFECT,HIGH,0,37,109,377,500000,5035045,3460970,-5035045,-734944.1,,,,好棒 任意重度敲击
9,12:16:44,hit_009_20260730_121644.csv,512,DEFECT,HIGH,0,31,115,274,500000,3339351,3339351,-2407777,-283795.8,,,,好棒 任意重度敲击
10,12:16:44,hit_010_20260730_121644.csv,512,DEFECT,HIGH,0,37,116,327,500000,3620998,3620998,-2351232,-261315.9,,,,好棒 任意重度敲击
11,12:16:45,hit_011_20260730_121645.csv,512,DEFECT,HIGH,0,35,116,309,500000,3562050,3562050,-2430492,-286217.8,,,,好棒 任意重度敲击
12,12:16:45,hit_012_20260730_121645.csv,512,DEFECT,HIGH,0,37,111,370,500000,4620407,3202567,-4620407,-561956.8,,,,好棒 任意重度敲击
13,12:16:46,hit_013_20260730_121646.csv,512,DEFECT,HIGH,0,36,110,363,500000,4723790,3118746,-4723790,-604127.3,,,,好棒 任意重度敲击
14,12:16:46,hit_014_20260730_121646.csv,512,DEFECT,HIGH,0,33,111,330,500000,4648578,3171766,-4648578,-723856.3,,,,好棒 任意重度敲击
15,12:16:47,hit_015_20260730_121647.csv,512,DEFECT,HIGH,0,32,110,323,500000,4648732,3069653,-4648732,-667370.8,,,,好棒 任意重度敲击
16,12:16:47,hit_016_20260730_121647.csv,512,DEFECT,HIGH,0,22,108,226,500000,4563451,3209584,-4563451,-547403.7,,,,好棒 任意重度敲击
17,12:16:48,hit_017_20260730_121648.csv,512,DEFECT,HIGH,0,31,111,310,500000,4049779,3056921,-4049779,-529056.7,,,,好棒 任意重度敲击
18,12:16:48,hit_018_20260730_121648.csv,512,DEFECT,HIGH,0,37,108,381,500000,3391256,3391256,-2374198,-251386.6,,,,好棒 任意重度敲击
19,12:16:49,hit_019_20260730_121649.csv,512,DEFECT,HIGH,0,31,111,310,500000,3700226,3226151,-3700226,-468712.4,,,,好棒 任意重度敲击
20,12:16:49,hit_020_20260730_121649.csv,512,DEFECT,HIGH,0,37,108,381,500000,3490450,3490450,-2354247,-271301.7,,,,好棒 任意重度敲击
21,12:16:50,hit_021_20260730_121650.csv,512,DEFECT,HIGH,0,34,110,343,500000,3284638,3284638,-2960238,-376801.9,,,,好棒 任意重度敲击
22,12:16:50,hit_022_20260730_121650.csv,512,DEFECT,HIGH,0,40,120,353,500000,3653876,3653876,-2598540,-304893.2,,,,好棒 任意重度敲击
23,12:16:51,hit_023_20260730_121651.csv,512,DEFECT,HIGH,0,43,111,430,500000,3952069,3952069,-3041239,-395877.0,,,,好棒 任意重度敲击
24,12:16:51,hit_024_20260730_121651.csv,512,DEFECT,HIGH,0,47,111,470,500000,4187183,4187183,-3493701,-474031.0,,,,好棒 任意重度敲击
25,12:16:52,hit_025_20260730_121652.csv,512,DEFECT,HIGH,0,30,111,300,500000,4188337,2999579,-4188337,-608379.5,,,,好棒 任意重度敲击
26,12:16:52,hit_026_20260730_121652.csv,512,DEFECT,HIGH,0,33,111,330,500000,4353262,3048761,-4353262,-523036.3,,,,好棒 任意重度敲击
27,12:16:52,hit_027_20260730_121652.csv,512,DEFECT,HIGH,0,35,112,346,500000,4622262,3091472,-4622262,-570635.1,,,,好棒 任意重度敲击
28,12:16:53,hit_028_20260730_121653.csv,512,DEFECT,HIGH,0,23,111,230,500000,4835829,3049183,-4835829,-589080.5,,,,好棒 任意重度敲击
29,12:16:53,hit_029_20260730_121653.csv,512,DEFECT,HIGH,0,35,114,339,500000,3764936,3515335,-3764936,-498945.8,,,,好棒 任意重度敲击
30,12:16:53,hit_030_20260730_121653.csv,512,DEFECT,HIGH,0,30,111,300,500000,3622296,3164831,-3622296,-420340.7,,,,好棒 任意重度敲击
31,12:16:54,hit_031_20260730_121654.csv,512,DEFECT,HIGH,0,30,111,300,600792,4163019,3183797,-4163019,-514013.6,,,,好棒 任意重度敲击
32,12:16:54,hit_032_20260730_121654.csv,512,DEFECT,HIGH,0,30,111,300,548694,4012270,3160018,-4012270,-471957.1,,,,好棒 任意重度敲击
33,12:16:54,hit_033_20260730_121654.csv,512,DEFECT,HIGH,0,28,111,280,622290,4191016,3105884,-4191016,-501802.5,,,,好棒 任意重度敲击
34,12:16:55,hit_034_20260730_121655.csv,512,DEFECT,HIGH,0,30,111,300,500000,4146345,3067631,-4146345,-488323.9,,,,好棒 任意重度敲击
35,12:16:55,hit_035_20260730_121655.csv,512,DEFECT,HIGH,0,28,111,280,641094,3554323,3457784,-3554323,-404061.7,,,,好棒 任意重度敲击
36,12:16:55,hit_036_20260730_121655.csv,512,DEFECT,HIGH,0,34,111,340,527460,4759642,3327612,-4759642,-621321.9,,,,好棒 任意重度敲击
37,12:16:56,hit_037_20260730_121656.csv,512,DEFECT,HIGH,0,33,111,330,597366,4679724,3335658,-4679724,-601326.7,,,,好棒 任意重度敲击
38,12:16:56,hit_038_20260730_121656.csv,512,DEFECT,HIGH,0,34,112,336,519534,4600452,3249374,-4600452,-577723.3,,,,好棒 任意重度敲击
39,12:16:56,hit_039_20260730_121656.csv,512,DEFECT,HIGH,0,24,111,240,500000,4970233,3168180,-4970233,-631529.8,,,,好棒 任意重度敲击
40,12:16:57,hit_040_20260730_121657.csv,512,DEFECT,HIGH,0,30,110,303,500000,4174762,2899657,-4174762,-640929.9,,,,好棒 任意重度敲击
41,12:16:57,hit_041_20260730_121657.csv,512,DEFECT,HIGH,0,32,109,326,500000,3159977,3159977,-2710649,-361652.6,,,,好棒 任意重度敲击
42,12:16:57,hit_042_20260730_121657.csv,512,DEFECT,HIGH,0,40,113,392,500000,3818147,3489652,-3818147,-562966.9,,,,好棒 任意重度敲击
43,12:16:58,hit_043_20260730_121658.csv,512,DEFECT,HIGH,0,36,112,356,500000,4490072,2937697,-4490072,-567180.2,,,,好棒 任意重度敲击
44,12:16:58,hit_044_20260730_121658.csv,512,DEFECT,HIGH,0,30,109,306,500000,4345719,2848010,-4345719,-605255.9,,,,好棒 任意重度敲击
45,12:16:58,hit_045_20260730_121658.csv,512,DEFECT,HIGH,0,29,109,295,500000,4084144,2944306,-4084144,-627228.8,,,,好棒 任意重度敲击
46,12:17:01,hit_046_20260730_121701.csv,512,DEFECT,HIGH,0,33,108,340,500000,2385373,2385373,-1603544,-179247.5,,,,好棒 任意重度敲击
47,12:17:01,hit_047_20260730_121701.csv,512,DEFECT,HIGH,0,37,111,370,500000,3909382,3375500,-3909382,-504773.2,,,,好棒 任意重度敲击
48,12:17:01,hit_048_20260730_121701.csv,512,DEFECT,HIGH,0,37,114,359,500000,3796077,3348536,-3796077,-447272.9,,,,好棒 任意重度敲击
49,12:17:02,hit_049_20260730_121702.csv,512,DEFECT,HIGH,0,38,112,376,500000,3940019,3283208,-3940019,-475467.7,,,,好棒 任意重度敲击
50,12:17:02,hit_050_20260730_121702.csv,512,DEFECT,HIGH,0,35,112,346,500000,3949767,3107403,-3949767,-488717.9,,,,好棒 任意重度敲击
51,12:17:02,hit_051_20260730_121702.csv,512,DEFECT,HIGH,0,36,112,356,500000,3692705,3692705,-3229163,-428664.9,,,,好棒 任意重度敲击
52,12:17:03,hit_052_20260730_121703.csv,512,DEFECT,HIGH,0,40,111,400,500000,3710261,3710261,-3309808,-438865.8,,,,好棒 任意重度敲击
53,12:17:03,hit_053_20260730_121703.csv,512,DEFECT,HIGH,0,38,111,380,500000,3447225,3447225,-3060295,-393067.6,,,,好棒 任意重度敲击
54,12:17:03,hit_054_20260730_121703.csv,512,DEFECT,HIGH,0,42,109,428,500000,3591565,3591565,-2422794,-259059.7,,,,好棒 任意重度敲击
55,12:17:03,hit_055_20260730_121703.csv,512,DEFECT,HIGH,0,39,109,397,500000,3579014,3579014,-2485513,-289126.5,,,,好棒 任意重度敲击
56,12:17:04,hit_056_20260730_121704.csv,512,DEFECT,HIGH,0,40,111,400,500000,3744976,3744976,-2758700,-326818.9,,,,好棒 任意重度敲击
57,12:17:04,hit_057_20260730_121704.csv,512,DEFECT,HIGH,0,38,108,391,500000,3584304,3584304,-2524627,-305350.8,,,,好棒 任意重度敲击
58,12:17:04,hit_058_20260730_121704.csv,512,DEFECT,HIGH,0,36,110,363,500000,3469955,3166275,-3469955,-565353.0,,,,好棒 任意重度敲击
59,12:17:04,hit_059_20260730_121704.csv,512,DEFECT,HIGH,0,44,114,427,500000,4083894,4083894,-2946631,-303409.2,,,,好棒 任意重度敲击
60,12:17:05,hit_060_20260730_121705.csv,512,DEFECT,HIGH,0,33,112,326,500000,4395215,3060748,-4395215,-796540.8,,,,好棒 任意重度敲击
61,12:17:05,hit_061_20260730_121705.csv,512,DEFECT,HIGH,0,26,111,260,500000,5306438,3107354,-5306438,-699855.0,,,,好棒 任意重度敲击
62,12:17:06,hit_062_20260730_121706.csv,512,DEFECT,HIGH,0,25,112,247,500000,4696941,2894347,-4696941,-580495.9,,,,好棒 任意重度敲击
63,12:17:06,hit_063_20260730_121706.csv,512,DEFECT,HIGH,0,24,111,240,500000,4684421,2902439,-4684421,-538047.6,,,,好棒 任意重度敲击
64,12:17:06,hit_064_20260730_121706.csv,512,DEFECT,HIGH,0,26,112,257,500000,4903189,3141738,-4903189,-591768.6,,,,好棒 任意重度敲击
65,12:17:06,hit_065_20260730_121706.csv,512,DEFECT,HIGH,0,36,115,346,500000,4234990,3239155,-4234990,-580972.7,,,,好棒 任意重度敲击
66,12:17:07,hit_066_20260730_121707.csv,512,DEFECT,HIGH,0,34,116,323,500000,3488965,3488965,-3334286,-430341.4,,,,好棒 任意重度敲击
67,12:17:07,hit_067_20260730_121707.csv,512,DEFECT,HIGH,0,31,111,310,500000,3447214,3447214,-2887667,-376081.1,,,,好棒 任意重度敲击
68,12:17:07,hit_068_20260730_121707.csv,512,DEFECT,HIGH,0,36,113,352,500000,4287370,2968249,-4287370,-540308.3,,,,好棒 任意重度敲击
69,12:17:08,hit_069_20260730_121708.csv,512,DEFECT,HIGH,0,38,111,380,500000,4500682,3341998,-4500682,-620773.6,,,,好棒 任意重度敲击
70,12:17:08,hit_070_20260730_121708.csv,512,DEFECT,HIGH,0,39,112,386,500000,3777910,3365029,-3777910,-477970.5,,,,好棒 任意重度敲击
71,12:17:08,hit_071_20260730_121708.csv,512,DEFECT,HIGH,0,35,111,350,500000,3827222,3191369,-3827222,-472276.7,,,,好棒 任意重度敲击
72,12:17:09,hit_072_20260730_121709.csv,512,DEFECT,HIGH,0,37,113,362,500000,4417000,3100417,-4417000,-541759.4,,,,好棒 任意重度敲击
73,12:17:09,hit_073_20260730_121709.csv,512,DEFECT,HIGH,0,39,112,386,500000,4135225,3355868,-4135225,-532040.1,,,,好棒 任意重度敲击
74,12:17:09,hit_074_20260730_121709.csv,512,DEFECT,HIGH,0,37,112,366,500000,3881747,3193594,-3881747,-500720.4,,,,好棒 任意重度敲击
75,12:17:09,hit_075_20260730_121709.csv,512,DEFECT,HIGH,0,43,121,390,500000,3588961,3588961,-3213320,-409135.7,,,,好棒 任意重度敲击
76,12:17:10,hit_076_20260730_121710.csv,512,DEFECT,HIGH,0,46,120,422,500000,2949768,2949768,-2314428,-212444.9,,,,好棒 任意重度敲击
77,12:17:10,hit_077_20260730_121710.csv,512,DEFECT,HIGH,0,62,111,620,500000,3984314,3984314,-3062621,-235469.3,,,,好棒 任意重度敲击
78,12:17:10,hit_078_20260730_121710.csv,512,DEFECT,HIGH,0,36,112,356,500000,4851891,3106597,-4851891,-680258.1,,,,好棒 任意重度敲击
79,12:17:11,hit_079_20260730_121711.csv,512,DEFECT,HIGH,0,25,112,247,500000,4945070,2979306,-4945070,-678324.4,,,,好棒 任意重度敲击
80,12:17:11,hit_080_20260730_121711.csv,512,DEFECT,HIGH,0,26,113,254,500000,5139376,2895360,-5139376,-683856.6,,,,好棒 任意重度敲击
81,12:17:11,hit_081_20260730_121711.csv,512,DEFECT,HIGH,0,36,111,360,500000,4396892,3097308,-4396892,-639672.8,,,,好棒 任意重度敲击
82,12:17:12,hit_082_20260730_121712.csv,512,DEFECT,HIGH,0,25,113,245,500000,4994761,2983980,-4994761,-674148.6,,,,好棒 任意重度敲击
83,12:17:12,hit_083_20260730_121712.csv,512,DEFECT,HIGH,0,26,115,250,500000,4900818,2948433,-4900818,-613948.7,,,,好棒 任意重度敲击
84,12:17:13,hit_084_20260730_121713.csv,512,DEFECT,HIGH,0,49,119,453,500000,4308282,4308282,-3243160,-305335.5,,,,好棒 任意重度敲击
85,12:17:13,hit_085_20260730_121713.csv,512,DEFECT,HIGH,0,26,114,252,500000,5054755,2822974,-5054755,-673395.2,,,,好棒 任意重度敲击
86,12:17:13,hit_086_20260730_121713.csv,512,DEFECT,HIGH,0,39,114,378,500000,5172514,3123454,-5172514,-786481.8,,,,好棒 任意重度敲击
87,12:17:14,hit_087_20260730_121714.csv,512,DEFECT,HIGH,0,27,114,262,500000,5162799,3095111,-5162799,-645592.2,,,,好棒 任意重度敲击
88,12:17:14,hit_088_20260730_121714.csv,512,DEFECT,HIGH,0,23,113,225,500000,4422672,2877227,-4422672,-409416.8,,,,好棒 任意重度敲击
89,12:17:14,hit_089_20260730_121714.csv,512,DEFECT,HIGH,0,23,114,223,500000,4329866,2716206,-4329866,-425802.5,,,,好棒 任意重度敲击
90,12:17:15,hit_090_20260730_121715.csv,512,DEFECT,HIGH,0,35,115,336,500000,3180728,3180728,-2847349,-226224.7,,,,好棒 任意重度敲击
91,12:17:15,hit_091_20260730_121715.csv,512,DEFECT,HIGH,0,22,117,207,500000,4237081,2802707,-4237081,-337889.2,,,,好棒 任意重度敲击
92,12:17:15,hit_092_20260730_121715.csv,512,DEFECT,HIGH,0,21,116,200,500000,4251990,3144343,-4251990,-279913.2,,,,好棒 任意重度敲击
93,12:17:16,hit_093_20260730_121716.csv,512,DEFECT,HIGH,0,23,117,216,500000,4367073,3076582,-4367073,-345443.7,,,,好棒 任意重度敲击
94,12:17:16,hit_094_20260730_121716.csv,512,DEFECT,HIGH,0,23,118,214,500000,4324208,3075060,-4324208,-267585.2,,,,好棒 任意重度敲击
95,12:17:16,hit_095_20260730_121716.csv,512,DEFECT,HIGH,0,37,118,345,500000,4253152,2927546,-4253152,-182585.3,,,,好棒 任意重度敲击
96,12:17:17,hit_096_20260730_121717.csv,512,DEFECT,HIGH,0,26,119,240,500000,4756645,3474220,-4756645,-404418.0,,,,好棒 任意重度敲击
97,12:17:17,hit_097_20260730_121717.csv,512,DEFECT,HIGH,0,24,119,222,500000,4592069,3243401,-4592069,-348976.4,,,,好棒 任意重度敲击
98,12:17:17,hit_098_20260730_121717.csv,512,DEFECT,HIGH,0,54,121,490,500000,4440115,3841583,-4440115,-349805.8,,,,好棒 任意重度敲击
99,12:17:17,hit_099_20260730_121717.csv,512,DEFECT,HIGH,0,28,123,250,500000,4629171,3377915,-4629171,-400785.1,,,,好棒 任意重度敲击
100,12:17:18,hit_100_20260730_121718.csv,512,DEFECT,HIGH,0,24,118,224,500000,4738052,3256367,-4738052,-374687.5,,,,好棒 任意重度敲击
101,12:17:18,hit_101_20260730_121718.csv,512,DEFECT,HIGH,0,22,117,207,500000,4542931,3322049,-4542931,-257824.0,,,,好棒 任意重度敲击
102,12:17:18,hit_102_20260730_121718.csv,512,DEFECT,HIGH,0,38,116,361,500000,4226974,3007823,-4226974,-337317.7,,,,好棒 任意重度敲击
103,12:17:19,hit_103_20260730_121719.csv,512,DEFECT,HIGH,0,24,116,228,500000,4744979,3741791,-4744979,-318129.9,,,,好棒 任意重度敲击
104,12:17:19,hit_104_20260730_121719.csv,512,DEFECT,HIGH,0,23,116,219,500000,4783499,3640223,-4783499,-325453.8,,,,好棒 任意重度敲击
105,12:17:19,hit_105_20260730_121719.csv,512,DEFECT,HIGH,0,24,115,230,500000,4933460,3604261,-4933460,-453637.3,,,,好棒 任意重度敲击
106,12:17:20,hit_106_20260730_121720.csv,512,DEFECT,HIGH,0,75,112,742,500000,4458293,3986797,-4458293,-125082.6,,,,好棒 任意重度敲击
107,12:17:20,hit_107_20260730_121720.csv,512,DEFECT,HIGH,0,24,116,228,500000,4783878,3705537,-4783878,-367984.2,,,,好棒 任意重度敲击
108,12:17:20,hit_108_20260730_121720.csv,512,DEFECT,HIGH,0,35,113,343,500000,4497521,4000029,-4497521,-120049.8,,,,好棒 任意重度敲击
109,12:17:21,hit_109_20260730_121721.csv,512,DEFECT,HIGH,0,25,118,233,500000,4971287,3304401,-4971287,-399743.9,,,,好棒 任意重度敲击
110,12:17:21,hit_110_20260730_121721.csv,512,DEFECT,HIGH,0,61,108,628,500000,6356638,3497427,-6356638,-740936.8,,,,好棒 任意重度敲击
111,12:17:21,hit_111_20260730_121721.csv,512,DEFECT,HIGH,0,33,122,297,500000,5740498,3505829,-5740498,-688728.0,,,,好棒 任意重度敲击
112,12:17:21,hit_112_20260730_121721.csv,512,DEFECT,HIGH,0,22,113,215,500000,4574036,3653029,-4574036,-275897.2,,,,好棒 任意重度敲击
113,12:17:22,hit_113_20260730_121722.csv,512,DEFECT,HIGH,0,56,108,577,500000,5418877,3373678,-5418877,-823860.3,,,,好棒 任意重度敲击
114,12:17:22,hit_114_20260730_121722.csv,512,NORMAL,HIGH,0,0,110,0,500000,5712170,4674974,-5712170,-723155.0,,,,好棒 任意重度敲击
115,12:17:22,hit_115_20260730_121722.csv,512,DEFECT,HIGH,0,28,116,266,500000,5365779,3251042,-5365779,-679222.1,,,,好棒 任意重度敲击
116,12:17:23,hit_116_20260730_121723.csv,512,DEFECT,HIGH,0,61,108,628,500000,6529137,3652251,-6529137,-1015397.6,,,,好棒 任意重度敲击
117,12:17:23,hit_117_20260730_121723.csv,512,DEFECT,HIGH,0,38,121,345,500000,6485986,3812180,-6485986,-813928.1,,,,好棒 任意重度敲击
118,12:17:23,hit_118_20260730_121723.csv,512,DEFECT,HIGH,0,35,121,318,500000,5860895,3266277,-5860895,-663987.4,,,,好棒 任意重度敲击
119,12:17:24,hit_119_20260730_121724.csv,512,DEFECT,HIGH,0,25,111,250,500000,5624701,3925813,-5624701,-282933.6,,,,好棒 任意重度敲击
120,12:17:24,hit_120_20260730_121724.csv,512,DEFECT,HIGH,0,24,111,240,500000,5348681,3537335,-5348681,-445092.9,,,,好棒 任意重度敲击
121,12:17:24,hit_121_20260730_121724.csv,512,DEFECT,HIGH,0,24,110,242,500000,5450108,3907609,-5450108,-234371.8,,,,好棒 任意重度敲击
122,12:17:24,hit_122_20260730_121724.csv,512,DEFECT,HIGH,0,25,111,250,500000,5323784,4009999,-5323784,-102532.2,,,,好棒 任意重度敲击
123,12:17:25,hit_123_20260730_121725.csv,512,DEFECT,HIGH,0,22,108,226,500000,5179109,4134385,-5179109,-22859.4,,,,好棒 任意重度敲击
124,12:17:25,hit_124_20260730_121725.csv,512,DEFECT,HIGH,0,29,112,287,500000,5731021,3385488,-5731021,-908634.7,,,,好棒 任意重度敲击
125,12:17:25,hit_125_20260730_121725.csv,512,DEFECT,HIGH,0,23,111,230,500000,5566931,4216851,-5566931,-179651.5,,,,好棒 任意重度敲击
126,12:17:26,hit_126_20260730_121726.csv,512,NORMAL,HIGH,0,0,111,0,500000,4649263,4649263,-4494830,359766.5,,,,好棒 任意重度敲击
127,12:17:26,hit_127_20260730_121726.csv,512,NORMAL,HIGH,0,0,113,0,500000,4455325,4455325,-4272732,265421.5,,,,好棒 任意重度敲击
128,12:17:26,hit_128_20260730_121726.csv,512,DEFECT,HIGH,0,22,113,215,500000,4919694,4441757,-4919694,-74656.3,,,,好棒 任意重度敲击
129,12:17:26,hit_129_20260730_121726.csv,512,DEFECT,HIGH,0,28,118,261,500000,5586110,4495534,-5586110,-261433.8,,,,好棒 任意重度敲击
130,12:17:27,hit_130_20260730_121727.csv,512,DEFECT,HIGH,0,63,114,611,500000,4597250,4597250,-4117487,288861.1,,,,好棒 任意重度敲击
131,12:17:27,hit_131_20260730_121727.csv,512,DEFECT,HIGH,0,25,116,238,500000,5053014,4069421,-5053014,-268230.6,,,,好棒 任意重度敲击
132,12:17:27,hit_132_20260730_121727.csv,512,NORMAL,HIGH,0,0,113,0,500000,4388546,4388546,-4337183,173094.9,,,,好棒 任意重度敲击
133,12:17:28,hit_133_20260730_121728.csv,512,DEFECT,HIGH,0,30,118,280,500000,5831898,3638556,-5831898,-672942.5,,,,好棒 任意重度敲击
134,12:17:28,hit_134_20260730_121728.csv,512,DEFECT,HIGH,0,51,110,515,500000,5913452,3450559,-5913452,-699053.5,,,,好棒 任意重度敲击
135,12:17:28,hit_135_20260730_121728.csv,512,DEFECT,HIGH,0,26,115,250,500000,5320039,3584232,-5320039,-443812.5,,,,好棒 任意重度敲击
136,12:17:29,hit_136_20260730_121729.csv,512,DEFECT,HIGH,0,26,114,252,500000,5677169,3409520,-5677169,-576622.3,,,,好棒 任意重度敲击
137,12:17:29,hit_137_20260730_121729.csv,512,DEFECT,HIGH,0,28,116,266,500000,5494983,4208018,-5494983,-299060.3,,,,好棒 任意重度敲击
138,12:17:29,hit_138_20260730_121729.csv,512,NORMAL,HIGH,0,0,114,0,500000,4547286,4407284,-4547286,135913.3,,,,好棒 任意重度敲击
139,12:17:29,hit_139_20260730_121729.csv,512,NORMAL,HIGH,0,0,112,0,500000,4464896,4464896,-4385288,275939.7,,,,好棒 任意重度敲击
140,12:17:30,hit_140_20260730_121730.csv,512,DEFECT,HIGH,0,55,116,523,500000,6024909,3966825,-6024909,-501554.0,,,,好棒 任意重度敲击
141,12:17:30,hit_141_20260730_121730.csv,512,NORMAL,HIGH,0,0,112,0,500000,5402161,4629361,-5402161,246971.0,,,,好棒 任意重度敲击
142,12:17:30,hit_142_20260730_121730.csv,512,DEFECT,HIGH,0,32,120,293,500000,5705317,4032352,-5705317,-467734.9,,,,好棒 任意重度敲击
143,12:17:31,hit_143_20260730_121731.csv,512,NORMAL,HIGH,0,0,112,0,500000,5159135,4674649,-5159135,214159.0,,,,好棒 任意重度敲击
144,12:17:31,hit_144_20260730_121731.csv,512,DEFECT,HIGH,0,23,112,227,500000,5203277,4297213,-5203277,-59682.6,,,,好棒 任意重度敲击
145,12:17:31,hit_145_20260730_121731.csv,512,DEFECT,HIGH,0,30,116,285,500000,5849893,3790356,-5849893,-699425.3,,,,好棒 任意重度敲击
146,12:17:32,hit_146_20260730_121732.csv,512,DEFECT,HIGH,0,26,115,250,500000,5464930,3871038,-5464930,-420689.8,,,,好棒 任意重度敲击
147,12:17:32,hit_147_20260730_121732.csv,512,DEFECT,HIGH,0,23,112,227,500000,5661385,3521226,-5661385,-404616.5,,,,好棒 任意重度敲击
148,12:17:32,hit_148_20260730_121732.csv,512,DEFECT,HIGH,0,23,111,230,500000,5051139,3599986,-5051139,-304211.9,,,,好棒 任意重度敲击
149,12:17:33,hit_149_20260730_121733.csv,512,DEFECT,HIGH,0,36,118,336,500000,6033310,3786281,-6033310,-886495.8,,,,好棒 任意重度敲击
150,12:17:33,hit_150_20260730_121733.csv,512,DEFECT,HIGH,0,22,110,222,500000,5000103,3848933,-5000103,-39122.0,,,,好棒 任意重度敲击
151,12:17:33,hit_151_20260730_121733.csv,512,DEFECT,HIGH,0,26,112,257,500000,5229726,4025795,-5229726,-252916.8,,,,好棒 任意重度敲击
152,12:17:34,hit_152_20260730_121734.csv,512,DEFECT,HIGH,0,22,111,220,500000,4719001,4110782,-4719001,-4383.9,,,,好棒 任意重度敲击
153,12:17:34,hit_153_20260730_121734.csv,512,DEFECT,HIGH,0,24,113,235,500000,4957757,3444796,-4957757,-495067.7,,,,好棒 任意重度敲击
154,12:17:40,hit_154_20260730_121740.csv,512,DEFECT,HIGH,0,28,115,269,500000,5398681,3346734,-5398681,-582569.6,,,,好棒 任意重度敲击
155,12:17:41,hit_155_20260730_121741.csv,512,DEFECT,HIGH,0,28,117,264,500000,5159050,3127017,-5159050,-567919.9,,,,好棒 任意重度敲击
156,12:17:41,hit_156_20260730_121741.csv,512,DEFECT,HIGH,0,54,108,556,500000,5382567,3298747,-5382567,-496168.6,,,,好棒 任意重度敲击
157,12:17:41,hit_157_20260730_121741.csv,512,DEFECT,HIGH,0,46,119,425,500000,3821435,3821435,-3711184,-429009.6,,,,好棒 任意重度敲击
158,12:17:42,hit_158_20260730_121742.csv,512,DEFECT,HIGH,0,25,114,242,500000,5154782,3867390,-5154782,-224875.7,,,,好棒 任意重度敲击
159,12:17:42,hit_159_20260730_121742.csv,512,DEFECT,HIGH,0,32,116,304,500000,6061260,3767094,-6061260,-682710.0,,,,好棒 任意重度敲击
160,12:17:42,hit_160_20260730_121742.csv,512,DEFECT,HIGH,0,55,111,550,500000,6018098,3615144,-6018098,-565011.4,,,,好棒 任意重度敲击
161,12:17:43,hit_161_20260730_121743.csv,512,DEFECT,HIGH,0,27,110,272,500000,5438579,3452383,-5438579,-730302.1,,,,好棒 任意重度敲击
162,12:17:43,hit_162_20260730_121743.csv,512,DEFECT,HIGH,0,29,112,287,500000,5691624,3506008,-5691624,-878567.1,,,,好棒 任意重度敲击
163,12:17:43,hit_163_20260730_121743.csv,512,DEFECT,HIGH,0,41,122,369,500000,6379404,3521719,-6379404,-1021237.4,,,,好棒 任意重度敲击
164,12:17:44,hit_164_20260730_121744.csv,512,DEFECT,HIGH,0,24,109,244,500000,4982994,3701332,-4982994,-360312.9,,,,好棒 任意重度敲击
165,12:17:44,hit_165_20260730_121744.csv,512,DEFECT,HIGH,0,53,116,504,500000,5157774,5157774,-4584345,-560470.3,,,,好棒 任意重度敲击
166,12:17:44,hit_166_20260730_121744.csv,512,DEFECT,HIGH,0,23,111,230,500000,4729748,3656903,-4729748,-223625.8,,,,好棒 任意重度敲击
167,12:17:44,hit_167_20260730_121744.csv,512,DEFECT,HIGH,0,24,111,240,500000,4907786,3831590,-4907786,-327400.6,,,,好棒 任意重度敲击
168,12:17:45,hit_168_20260730_121745.csv,512,DEFECT,HIGH,0,25,112,247,500000,5138175,3825756,-5138175,-377856.5,,,,好棒 任意重度敲击
169,12:17:45,hit_169_20260730_121745.csv,512,DEFECT,HIGH,0,24,112,237,500000,5076295,3899922,-5076295,-377337.7,,,,好棒 任意重度敲击
170,12:17:45,hit_170_20260730_121745.csv,512,DEFECT,HIGH,0,55,108,567,500000,5283079,3164445,-5283079,-742140.9,,,,好棒 任意重度敲击
171,12:17:46,hit_171_20260730_121746.csv,512,DEFECT,HIGH,0,32,118,299,500000,5646379,3265594,-5646379,-767352.7,,,,好棒 任意重度敲击
172,12:17:46,hit_172_20260730_121746.csv,512,DEFECT,HIGH,0,38,123,339,500000,6108097,3668271,-6108097,-756455.0,,,,好棒 任意重度敲击
173,12:17:46,hit_173_20260730_121746.csv,512,DEFECT,HIGH,0,60,120,550,500000,5599940,5061483,-5599940,-643062.8,,,,好棒 任意重度敲击
174,12:17:46,hit_174_20260730_121746.csv,512,DEFECT,HIGH,0,28,116,266,500000,5529442,3764457,-5529442,-512987.9,,,,好棒 任意重度敲击
175,12:17:47,hit_175_20260730_121747.csv,512,DEFECT,HIGH,0,33,122,297,500000,5422337,3399961,-5422337,-618406.5,,,,好棒 任意重度敲击
176,12:17:47,hit_176_20260730_121747.csv,512,DEFECT,HIGH,0,27,112,267,500000,5443380,4074328,-5443380,-432928.5,,,,好棒 任意重度敲击
177,12:17:47,hit_177_20260730_121747.csv,512,DEFECT,HIGH,0,27,112,267,500000,5367919,3946452,-5367919,-394192.7,,,,好棒 任意重度敲击
178,12:17:48,hit_178_20260730_121748.csv,512,DEFECT,HIGH,0,27,114,262,500000,5310619,3683600,-5310619,-430963.7,,,,好棒 任意重度敲击
179,12:17:48,hit_179_20260730_121748.csv,512,DEFECT,HIGH,0,60,108,618,500000,5265378,4150946,-5265378,-441988.9,,,,好棒 任意重度敲击
180,12:17:48,hit_180_20260730_121748.csv,512,NORMAL,HIGH,0,0,115,0,500000,5407718,5407718,-4632152,-315413.4,,,,好棒 任意重度敲击
181,12:17:48,hit_181_20260730_121748.csv,512,DEFECT,HIGH,0,24,110,242,500000,5056415,3730314,-5056415,-432949.6,,,,好棒 任意重度敲击
182,12:17:49,hit_182_20260730_121749.csv,512,DEFECT,HIGH,0,22,109,224,500000,4707000,3735112,-4707000,-86332.1,,,,好棒 任意重度敲击
183,12:17:49,hit_183_20260730_121749.csv,512,DEFECT,HIGH,0,41,108,422,500000,5210612,3670319,-5210612,-809681.5,,,,好棒 任意重度敲击
184,12:17:49,hit_184_20260730_121749.csv,512,DEFECT,HIGH,0,30,115,288,500000,5055283,3372605,-5055283,-699741.5,,,,好棒 任意重度敲击
185,12:17:49,hit_185_20260730_121749.csv,512,DEFECT,HIGH,0,55,112,544,500000,4097454,4097454,-3905454,-374772.0,,,,好棒 任意重度敲击
186,12:17:50,hit_186_20260730_121750.csv,512,DEFECT,HIGH,0,75,112,742,500000,4138201,3281839,-4138201,80058.6,,,,好棒 任意重度敲击
187,12:17:50,hit_187_20260730_121750.csv,512,DEFECT,HIGH,0,23,112,227,500000,4445419,3263337,-4445419,-207355.5,,,,好棒 任意重度敲击
188,12:17:50,hit_188_20260730_121750.csv,512,DEFECT,HIGH,0,21,111,210,500000,4220472,3159428,-4220472,-163009.2,,,,好棒 任意重度敲击
189,12:17:50,hit_189_20260730_121750.csv,512,DEFECT,HIGH,0,22,113,215,500000,4409791,3304043,-4409791,-120461.2,,,,好棒 任意重度敲击
190,12:17:51,hit_190_20260730_121751.csv,512,DEFECT,HIGH,0,24,113,235,500000,4999360,3183175,-4999360,-348477.6,,,,好棒 任意重度敲击
191,12:17:51,hit_191_20260730_121751.csv,512,DEFECT,HIGH,0,21,111,210,500000,4034650,3648052,-4034650,64548.7,,,,好棒 任意重度敲击
192,12:17:51,hit_192_20260730_121751.csv,512,DEFECT,HIGH,0,24,112,237,500000,4919838,3423559,-4919838,-399375.7,,,,好棒 任意重度敲击
193,12:17:51,hit_193_20260730_121751.csv,512,DEFECT,HIGH,0,23,111,230,500000,4633059,3474937,-4633059,-327800.7,,,,好棒 任意重度敲击
194,12:17:53,hit_194_20260730_121753.csv,512,DEFECT,HIGH,0,26,117,245,500000,4937217,3273389,-4937217,-498381.2,,,,好棒 任意重度敲击
195,12:17:53,hit_195_20260730_121753.csv,512,DEFECT,HIGH,0,25,117,235,500000,4779434,3200056,-4779434,-386872.2,,,,好棒 任意重度敲击
196,12:17:53,hit_196_20260730_121753.csv,512,DEFECT,HIGH,0,64,116,609,500000,4434389,4434389,-3456189,-174471.1,,,,好棒 任意重度敲击
197,12:17:54,hit_197_20260730_121754.csv,512,DEFECT,HIGH,0,32,121,290,500000,5755540,3166151,-5755540,-771044.5,,,,好棒 任意重度敲击
198,12:17:54,hit_198_20260730_121754.csv,512,DEFECT,HIGH,0,32,122,288,500000,5525846,3084656,-5525846,-646599.7,,,,好棒 任意重度敲击
199,12:17:55,hit_199_20260730_121755.csv,512,DEFECT,HIGH,0,48,118,448,500000,4277466,4277466,-3098073,-290293.5,,,,好棒 任意重度敲击
200,12:17:55,hit_200_20260730_121755.csv,512,DEFECT,HIGH,0,25,112,247,500000,4939619,2926891,-4939619,-703859.0,,,,好棒 任意重度敲击
201,12:17:55,hit_201_20260730_121755.csv,512,DEFECT,HIGH,0,22,109,224,500000,4785758,2963873,-4785758,-549797.5,,,,好棒 任意重度敲击
202,12:17:56,hit_202_20260730_121756.csv,512,DEFECT,HIGH,0,44,115,423,500000,3918975,3918975,-2712593,-270327.4,,,,好棒 任意重度敲击
203,12:17:56,hit_203_20260730_121756.csv,512,DEFECT,HIGH,0,39,116,371,500000,4719491,2973222,-4719491,-544891.4,,,,好棒 任意重度敲击
204,12:17:56,hit_204_20260730_121756.csv,512,DEFECT,HIGH,0,28,120,256,500000,4559044,3466902,-4559044,-462503.0,,,,好棒 任意重度敲击
205,12:17:57,hit_205_20260730_121757.csv,512,DEFECT,HIGH,0,48,121,436,500000,4210313,3810630,-4210313,-410826.2,,,,好棒 任意重度敲击
206,12:17:57,hit_206_20260730_121757.csv,512,DEFECT,HIGH,0,25,117,235,500000,4791025,3054021,-4791025,-418187.9,,,,好棒 任意重度敲击
207,12:17:57,hit_207_20260730_121757.csv,512,DEFECT,HIGH,0,25,118,233,500000,4953965,2989352,-4953965,-418654.3,,,,好棒 任意重度敲击
208,12:17:58,hit_208_20260730_121758.csv,512,DEFECT,HIGH,0,45,122,405,500000,4398790,3545657,-4398790,-430407.4,,,,好棒 任意重度敲击
209,12:17:58,hit_209_20260730_121758.csv,512,DEFECT,HIGH,0,54,120,495,500000,3754725,3754725,-3404913,-254017.6,,,,好棒 任意重度敲击
210,12:17:58,hit_210_20260730_121758.csv,512,DEFECT,HIGH,0,33,108,340,500000,4776673,3452060,-4776673,-397404.5,,,,好棒 任意重度敲击
211,12:17:58,hit_211_20260730_121758.csv,512,DEFECT,HIGH,0,43,118,401,500000,4592183,3326240,-4592183,-412139.3,,,,好棒 任意重度敲击
212,12:17:59,hit_212_20260730_121759.csv,512,DEFECT,HIGH,0,24,117,226,500000,4632749,3190829,-4632749,-261211.8,,,,好棒 任意重度敲击
213,12:17:59,hit_213_20260730_121759.csv,512,DEFECT,HIGH,0,25,119,231,500000,4654483,3187056,-4654483,-294107.2,,,,好棒 任意重度敲击
214,12:17:59,hit_214_20260730_121759.csv,512,DEFECT,HIGH,0,27,116,257,500000,5227148,3263573,-5227148,-506719.8,,,,好棒 任意重度敲击
215,12:18:00,hit_215_20260730_121800.csv,512,DEFECT,HIGH,0,30,118,280,500000,5558975,3751255,-5558975,-648709.6,,,,好棒 任意重度敲击
216,12:18:00,hit_216_20260730_121800.csv,512,DEFECT,HIGH,0,30,117,283,500000,5726666,3369710,-5726666,-742596.2,,,,好棒 任意重度敲击
217,12:18:00,hit_217_20260730_121800.csv,512,DEFECT,HIGH,0,25,114,242,500000,4770030,3282491,-4770030,-377889.7,,,,好棒 任意重度敲击
218,12:18:01,hit_218_20260730_121801.csv,512,DEFECT,HIGH,0,52,108,536,500000,5713359,3187908,-5713359,-725159.4,,,,好棒 任意重度敲击
219,12:18:01,hit_219_20260730_121801.csv,512,DEFECT,HIGH,0,29,116,276,500000,5652700,3192970,-5652700,-666294.5,,,,好棒 任意重度敲击
220,12:18:01,hit_220_20260730_121801.csv,512,DEFECT,HIGH,0,42,117,396,500000,5182325,3205410,-5182325,-763659.7,,,,好棒 任意重度敲击
221,12:18:02,hit_221_20260730_121802.csv,512,DEFECT,HIGH,0,26,115,250,500000,5050592,3182398,-5050592,-443081.4,,,,好棒 任意重度敲击
222,12:18:02,hit_222_20260730_121802.csv,512,DEFECT,HIGH,0,24,113,235,500000,4695471,3256505,-4695471,-348680.0,,,,好棒 任意重度敲击
223,12:18:02,hit_223_20260730_121802.csv,512,DEFECT,HIGH,0,32,108,329,500000,5116405,3059372,-5116405,-483101.6,,,,好棒 任意重度敲击
224,12:18:03,hit_224_20260730_121803.csv,512,DEFECT,HIGH,0,27,122,243,500000,5018983,3053220,-5018983,-430351.0,,,,好棒 任意重度敲击
225,12:18:03,hit_225_20260730_121803.csv,512,DEFECT,HIGH,0,25,120,229,500000,4977740,3114405,-4977740,-389922.9,,,,好棒 任意重度敲击
226,12:18:03,hit_226_20260730_121803.csv,512,DEFECT,HIGH,0,41,116,390,500000,3506834,3506834,-3488503,-283238.4,,,,好棒 任意重度敲击
227,12:18:04,hit_227_20260730_121804.csv,512,DEFECT,HIGH,0,24,115,230,500000,4335977,2661274,-4335977,-411991.1,,,,好棒 任意重度敲击
228,12:18:04,hit_228_20260730_121804.csv,512,DEFECT,HIGH,0,23,110,232,500000,4705872,2907499,-4705872,-549236.9,,,,好棒 任意重度敲击
229,12:18:04,hit_229_20260730_121804.csv,512,DEFECT,HIGH,0,25,113,245,500000,4901523,3776341,-4901523,-355781.4,,,,好棒 任意重度敲击
230,12:18:05,hit_230_20260730_121805.csv,512,DEFECT,HIGH,0,23,117,216,500000,4616491,3666175,-4616491,-280751.7,,,,好棒 任意重度敲击
231,12:18:05,hit_231_20260730_121805.csv,512,DEFECT,HIGH,0,21,115,201,500000,4376591,3511077,-4376591,-244899.4,,,,好棒 任意重度敲击
232,12:18:05,hit_232_20260730_121805.csv,512,DEFECT,HIGH,0,26,117,245,500000,5163248,3505963,-5163248,-425347.0,,,,好棒 任意重度敲击
233,12:18:06,hit_233_20260730_121806.csv,512,DEFECT,HIGH,0,25,117,235,500000,4815674,3808956,-4815674,-359117.2,,,,好棒 任意重度敲击
234,12:18:06,hit_234_20260730_121806.csv,512,DEFECT,HIGH,0,59,114,543,500000,4123481,3627744,-4123481,-127390.7,,,,好棒 任意重度敲击
235,12:18:07,hit_235_20260730_121807.csv,512,DEFECT,HIGH,0,22,112,217,500000,3904293,3621600,-3904293,-140685.0,,,,好棒 任意重度敲击
236,12:18:07,hit_236_20260730_121807.csv,512,DEFECT,HIGH,0,26,113,254,500000,5090948,3453157,-5090948,-494995.0,,,,好棒 任意重度敲击
237,12:18:07,hit_237_20260730_121807.csv,512,DEFECT,HIGH,0,25,112,247,500000,4996037,3324227,-4996037,-496175.2,,,,好棒 任意重度敲击
238,12:18:08,hit_238_20260730_121808.csv,512,DEFECT,HIGH,0,29,118,271,500000,4833765,3045036,-4833765,-574273.9,,,,好棒 任意重度敲击
239,12:18:08,hit_239_20260730_121808.csv,512,DEFECT,HIGH,0,22,110,222,500000,4275368,3061306,-4275368,-384756.9,,,,好棒 任意重度敲击
240,12:18:08,hit_240_20260730_121808.csv,512,DEFECT,HIGH,0,37,112,366,500000,5036232,3238899,-5036232,-714479.0,,,,好棒 任意重度敲击
241,12:18:09,hit_241_20260730_121809.csv,512,DEFECT,HIGH,0,27,112,267,500000,5190577,2917312,-5190577,-720119.9,,,,好棒 任意重度敲击
242,12:18:09,hit_242_20260730_121809.csv,512,DEFECT,HIGH,0,26,109,265,500000,5005475,3272374,-5005475,-737215.2,,,,好棒 任意重度敲击
243,12:18:09,hit_243_20260730_121809.csv,512,DEFECT,HIGH,0,45,113,441,704454,4508003,4508003,-3456973,-380895.7,,,,好棒 任意重度敲击
244,12:18:10,hit_244_20260730_121810.csv,512,DEFECT,HIGH,0,30,113,294,758322,4460434,3139369,-4460434,-605465.6,,,,好棒 任意重度敲击
245,12:18:10,hit_245_20260730_121810.csv,512,DEFECT,HIGH,0,23,109,234,500000,4857490,2893623,-4857490,-577963.7,,,,好棒 任意重度敲击
246,12:18:10,hit_246_20260730_121810.csv,512,DEFECT,HIGH,0,24,109,244,500000,4924488,3278301,-4924488,-544030.2,,,,好棒 任意重度敲击
247,12:18:10,hit_247_20260730_121810.csv,512,DEFECT,HIGH,0,32,114,310,500000,5747099,3247704,-5747099,-944685.8,,,,好棒 任意重度敲击
248,12:18:11,hit_248_20260730_121811.csv,512,DEFECT,HIGH,0,23,112,227,500000,4780669,3361516,-4780669,-326105.0,,,,好棒 任意重度敲击
249,12:18:11,hit_249_20260730_121811.csv,512,DEFECT,HIGH,0,53,108,546,500000,5291981,3121666,-5291981,-594409.7,,,,好棒 任意重度敲击
250,12:18:11,hit_250_20260730_121811.csv,512,DEFECT,HIGH,0,25,116,238,500000,5003002,3056034,-5003002,-429594.3,,,,好棒 任意重度敲击
251,12:18:12,hit_251_20260730_121812.csv,512,DEFECT,HIGH,0,30,119,277,500000,5505299,3349968,-5505299,-591859.4,,,,好棒 任意重度敲击
252,12:18:12,hit_252_20260730_121812.csv,512,DEFECT,HIGH,0,23,112,227,500000,4643255,3490190,-4643255,-427869.7,,,,好棒 任意重度敲击
253,12:18:12,hit_253_20260730_121812.csv,512,DEFECT,HIGH,0,28,113,274,500000,5463205,2762229,-5463205,-805617.1,,,,好棒 任意重度敲击
254,12:18:13,hit_254_20260730_121813.csv,512,DEFECT,HIGH,0,28,114,271,500000,5054528,2891227,-5054528,-773671.7,,,,好棒 任意重度敲击
255,12:18:13,hit_255_20260730_121813.csv,512,DEFECT,HIGH,0,25,110,252,500000,4819383,3073010,-4819383,-805765.0,,,,好棒 任意重度敲击
256,12:18:13,hit_256_20260730_121813.csv,512,DEFECT,HIGH,0,26,112,257,500000,5257191,3330004,-5257191,-602517.9,,,,好棒 任意重度敲击
257,12:18:13,hit_257_20260730_121813.csv,512,DEFECT,HIGH,0,22,112,217,500000,4583786,3422810,-4583786,-330547.1,,,,好棒 任意重度敲击
258,12:18:14,hit_258_20260730_121814.csv,512,DEFECT,HIGH,0,23,112,227,500000,4675979,3779886,-4675979,-341569.8,,,,好棒 任意重度敲击
259,12:18:14,hit_259_20260730_121814.csv,512,DEFECT,HIGH,0,25,115,240,500000,5137228,3770534,-5137228,-522483.3,,,,好棒 任意重度敲击
260,12:18:14,hit_260_20260730_121814.csv,512,DEFECT,HIGH,0,24,115,230,500000,4954967,3676164,-4954967,-402340.9,,,,好棒 任意重度敲击
261,12:18:14,hit_261_20260730_121814.csv,512,DEFECT,HIGH,0,23,115,221,500000,4519739,3084973,-4519739,-413935.9,,,,好棒 任意重度敲击
262,12:18:15,hit_262_20260730_121815.csv,512,DEFECT,HIGH,0,26,114,252,500000,5022666,3023445,-5022666,-618549.0,,,,好棒 任意重度敲击
263,12:18:15,hit_263_20260730_121815.csv,512,DEFECT,HIGH,0,27,116,257,500000,5245150,3142913,-5245150,-578433.3,,,,好棒 任意重度敲击
264,12:18:15,hit_264_20260730_121815.csv,512,DEFECT,HIGH,0,35,123,312,500000,5585432,3541692,-5585432,-573159.5,,,,好棒 任意重度敲击
265,12:18:15,hit_265_20260730_121815.csv,512,DEFECT,HIGH,0,29,119,268,500000,5418344,3230455,-5418344,-551506.4,,,,好棒 任意重度敲击
266,12:18:16,hit_266_20260730_121816.csv,512,DEFECT,HIGH,0,24,116,228,500000,4649573,4112136,-4649573,-95725.8,,,,好棒 任意重度敲击
267,12:18:16,hit_267_20260730_121816.csv,512,DEFECT,HIGH,0,28,117,264,500000,5417934,3867094,-5417934,-402303.6,,,,好棒 任意重度敲击
268,12:18:16,hit_268_20260730_121816.csv,512,DEFECT,HIGH,0,21,112,207,500000,4431249,3493680,-4431249,-149132.7,,,,好棒 任意重度敲击
269,12:18:16,hit_269_20260730_121816.csv,512,DEFECT,HIGH,0,31,118,289,500000,5729334,3206775,-5729334,-726294.6,,,,好棒 任意重度敲击
270,12:18:17,hit_270_20260730_121817.csv,512,DEFECT,HIGH,0,27,112,267,500000,5387758,2957085,-5387758,-683102.1,,,,好棒 任意重度敲击
271,12:18:17,hit_271_20260730_121817.csv,512,DEFECT,HIGH,0,41,110,414,500000,5128068,3552305,-5128068,-815148.8,,,,好棒 任意重度敲击
272,12:18:17,hit_272_20260730_121817.csv,512,DEFECT,HIGH,0,35,108,360,500000,5784296,3015482,-5784296,-795512.2,,,,好棒 任意重度敲击
273,12:18:18,hit_273_20260730_121818.csv,512,DEFECT,HIGH,0,26,111,260,500000,5414407,3471609,-5414407,-615040.1,,,,好棒 任意重度敲击
274,12:18:18,hit_274_20260730_121818.csv,512,DEFECT,HIGH,0,29,115,278,500000,5590076,3220981,-5590076,-725725.1,,,,好棒 任意重度敲击
275,12:18:18,hit_275_20260730_121818.csv,512,DEFECT,HIGH,0,25,116,238,500000,4775278,3554297,-4775278,-299295.4,,,,好棒 任意重度敲击
276,12:19:47,hit_276_20260730_121947.csv,512,DEFECT,HIGH,0,54,108,556,500000,4506777,3912947,-4506777,-605816.7,,,,好棒 任意重度敲击
277,12:19:47,hit_277_20260730_121947.csv,512,DEFECT,HIGH,0,53,120,486,500000,4843391,4181323,-4843391,-723017.3,,,,好棒 任意重度敲击
278,12:19:48,hit_278_20260730_121948.csv,512,DEFECT,HIGH,0,48,108,494,500000,5407798,2818782,-5407798,-773023.9,,,,好棒 任意重度敲击
279,12:19:48,hit_279_20260730_121948.csv,512,DEFECT,HIGH,0,29,116,276,500000,5216314,2854940,-5216314,-740852.7,,,,好棒 任意重度敲击
280,12:19:48,hit_280_20260730_121948.csv,512,DEFECT,HIGH,0,28,116,266,500000,5172652,2868491,-5172652,-756880.5,,,,好棒 任意重度敲击
281,12:19:49,hit_281_20260730_121949.csv,512,DEFECT,HIGH,0,26,114,252,500000,5070764,2866431,-5070764,-741522.9,,,,好棒 任意重度敲击
282,12:19:49,hit_282_20260730_121949.csv,512,DEFECT,HIGH,0,27,114,262,500000,5258308,2886322,-5258308,-823589.3,,,,好棒 任意重度敲击
283,12:19:49,hit_283_20260730_121949.csv,512,DEFECT,HIGH,0,23,109,234,500000,4908975,3006181,-4908975,-746958.3,,,,好棒 任意重度敲击
284,12:19:50,hit_284_20260730_121950.csv,512,DEFECT,HIGH,0,24,113,235,500000,4837505,2837952,-4837505,-677392.9,,,,好棒 任意重度敲击
285,12:19:50,hit_285_20260730_121950.csv,512,DEFECT,HIGH,0,28,117,264,500000,5081827,3131984,-5081827,-610369.5,,,,好棒 任意重度敲击
286,12:19:50,hit_286_20260730_121950.csv,512,DEFECT,HIGH,0,25,113,245,500000,4912090,2672736,-4912090,-677067.6,,,,好棒 任意重度敲击
287,12:19:51,hit_287_20260730_121951.csv,512,DEFECT,HIGH,0,27,117,254,500000,5003482,2952737,-5003482,-457287.2,,,,好棒 任意重度敲击
288,12:19:51,hit_288_20260730_121951.csv,512,DEFECT,HIGH,0,37,113,362,500000,4106730,2972554,-4106730,-564585.5,,,,好棒 任意重度敲击
289,12:19:51,hit_289_20260730_121951.csv,512,DEFECT,HIGH,0,54,108,556,500000,5155555,3820254,-5155555,-657056.5,,,,好棒 任意重度敲击
290,12:19:51,hit_290_20260730_121951.csv,512,DEFECT,HIGH,0,22,111,220,500000,4472293,2537926,-4472293,-521817.9,,,,好棒 任意重度敲击
291,12:19:52,hit_291_20260730_121952.csv,512,DEFECT,HIGH,0,23,109,234,500000,4813433,2798553,-4813433,-695529.4,,,,好棒 任意重度敲击
292,12:19:52,hit_292_20260730_121952.csv,512,DEFECT,HIGH,0,22,110,222,500000,4616467,2757821,-4616467,-476735.8,,,,好棒 任意重度敲击
293,12:19:52,hit_293_20260730_121952.csv,512,DEFECT,HIGH,0,28,109,285,500000,4343924,2964894,-4343924,-291677.0,,,,好棒 任意重度敲击
294,12:19:53,hit_294_20260730_121953.csv,512,DEFECT,HIGH,0,27,115,259,500000,5136837,2955663,-5136837,-711042.1,,,,好棒 任意重度敲击
295,12:19:53,hit_295_20260730_121953.csv,512,DEFECT,HIGH,0,25,112,247,500000,5092265,3015845,-5092265,-737602.4,,,,好棒 任意重度敲击
296,12:19:53,hit_296_20260730_121953.csv,512,DEFECT,HIGH,0,29,114,281,500000,5380884,2755785,-5380884,-832651.3,,,,好棒 任意重度敲击
297,12:19:54,hit_297_20260730_121954.csv,512,DEFECT,HIGH,0,27,113,264,500000,5071281,2708696,-5071281,-834014.8,,,,好棒 任意重度敲击
298,12:19:54,hit_298_20260730_121954.csv,512,DEFECT,HIGH,0,26,115,250,500000,5061368,2759630,-5061368,-663815.3,,,,好棒 任意重度敲击
299,12:19:55,hit_299_20260730_121955.csv,512,DEFECT,HIGH,0,49,108,505,500000,5066094,2965452,-5066094,-556787.8,,,,好棒 任意重度敲击
300,12:19:55,hit_300_20260730_121955.csv,512,DEFECT,HIGH,0,30,119,277,500000,5542254,3548269,-5542254,-471977.9,,,,好棒 任意重度敲击
301,12:19:55,hit_301_20260730_121955.csv,512,DEFECT,HIGH,0,32,108,329,500000,5392244,3114575,-5392244,-572948.2,,,,好棒 任意重度敲击
302,12:19:56,hit_302_20260730_121956.csv,512,DEFECT,HIGH,0,49,108,505,500000,4772875,3516775,-4772875,-471094.4,,,,好棒 任意重度敲击
303,12:19:56,hit_303_20260730_121956.csv,512,DEFECT,HIGH,0,34,108,350,500000,4688843,3465998,-4688843,-449100.8,,,,好棒 任意重度敲击
304,12:19:56,hit_304_20260730_121956.csv,512,DEFECT,HIGH,0,31,120,284,500000,5172644,3828611,-5172644,-549314.9,,,,好棒 任意重度敲击
305,12:19:57,hit_305_20260730_121957.csv,512,DEFECT,HIGH,0,49,121,445,500000,4884888,3781200,-4884888,-496566.4,,,,好棒 任意重度敲击
306,12:19:57,hit_306_20260730_121957.csv,512,DEFECT,HIGH,0,48,120,440,500000,4555178,3857220,-4555178,-432918.3,,,,好棒 任意重度敲击
307,12:19:57,hit_307_20260730_121957.csv,512,DEFECT,HIGH,0,31,121,281,500000,5081336,3455171,-5081336,-526976.0,,,,好棒 任意重度敲击
308,12:19:58,hit_308_20260730_121958.csv,512,DEFECT,HIGH,0,50,119,462,500000,4375800,4001538,-4375800,-420257.7,,,,好棒 任意重度敲击
309,12:19:58,hit_309_20260730_121958.csv,512,DEFECT,HIGH,0,50,118,467,500000,4294468,4048961,-4294468,-417703.3,,,,好棒 任意重度敲击
310,12:19:58,hit_310_20260730_121958.csv,512,DEFECT,HIGH,0,31,121,281,500000,5200369,3326314,-5200369,-569826.4,,,,好棒 任意重度敲击
311,12:19:59,hit_311_20260730_121959.csv,512,DEFECT,HIGH,0,35,108,360,500000,5433085,3210018,-5433085,-569721.0,,,,好棒 任意重度敲击
312,12:19:59,hit_312_20260730_121959.csv,512,DEFECT,HIGH,0,33,108,340,500000,5407794,3073132,-5407794,-571031.0,,,,好棒 任意重度敲击
313,12:19:59,hit_313_20260730_121959.csv,512,DEFECT,HIGH,0,34,108,350,500000,4892514,3294560,-4892514,-474835.8,,,,好棒 任意重度敲击
314,12:20:00,hit_314_20260730_122000.csv,512,DEFECT,HIGH,0,34,108,350,500000,5185749,3223806,-5185749,-551961.7,,,,好棒 任意重度敲击
315,12:20:00,hit_315_20260730_122000.csv,512,DEFECT,HIGH,0,33,108,340,500000,5363386,3220872,-5363386,-586474.0,,,,好棒 任意重度敲击
316,12:20:00,hit_316_20260730_122000.csv,512,DEFECT,HIGH,0,49,108,505,500000,4736000,3672712,-4736000,-511757.0,,,,好棒 任意重度敲击
317,12:20:01,hit_317_20260730_122001.csv,512,DEFECT,HIGH,0,32,108,329,500000,5089034,3454085,-5089034,-523455.3,,,,好棒 任意重度敲击
318,12:20:01,hit_318_20260730_122001.csv,512,DEFECT,HIGH,0,33,108,340,500000,5324679,3227196,-5324679,-565789.8,,,,好棒 任意重度敲击
319,12:20:01,hit_319_20260730_122001.csv,512,DEFECT,HIGH,0,30,122,270,500000,5209115,3321706,-5209115,-585974.5,,,,好棒 任意重度敲击
320,12:20:01,hit_320_20260730_122001.csv,512,DEFECT,HIGH,0,31,121,281,500000,4876124,3534550,-4876124,-478268.4,,,,好棒 任意重度敲击
321,12:20:02,hit_321_20260730_122002.csv,512,DEFECT,HIGH,0,47,122,423,500000,4414946,3705764,-4414946,-406704.6,,,,好棒 任意重度敲击
322,12:20:02,hit_322_20260730_122002.csv,512,DEFECT,HIGH,0,32,108,329,500000,5086626,3209421,-5086626,-604542.0,,,,好棒 任意重度敲击
323,12:20:02,hit_323_20260730_122002.csv,512,DEFECT,HIGH,0,30,122,270,500000,5200821,3025418,-5200821,-627850.7,,,,好棒 任意重度敲击
324,12:20:03,hit_324_20260730_122003.csv,512,DEFECT,HIGH,0,27,116,257,500000,5228395,3433434,-5228395,-543611.1,,,,好棒 任意重度敲击
325,12:20:03,hit_325_20260730_122003.csv,512,DEFECT,HIGH,0,28,116,266,500000,5462178,3558933,-5462178,-593073.6,,,,好棒 任意重度敲击
326,12:20:03,hit_326_20260730_122003.csv,512,DEFECT,HIGH,0,30,117,283,500000,5925159,3551135,-5925159,-712737.5,,,,好棒 任意重度敲击
327,12:20:04,hit_327_20260730_122004.csv,512,DEFECT,HIGH,0,29,116,276,500000,5592946,3663179,-5592946,-627480.9,,,,好棒 任意重度敲击
328,12:20:04,hit_328_20260730_122004.csv,512,NORMAL,HIGH,0,0,114,0,500000,4648786,3791901,-4648786,-108604.8,,,,好棒 任意重度敲击
329,12:20:04,hit_329_20260730_122004.csv,512,DEFECT,HIGH,0,28,116,266,500000,5542950,3792130,-5542950,-441378.9,,,,好棒 任意重度敲击
330,12:20:04,hit_330_20260730_122004.csv,512,DEFECT,HIGH,0,22,113,215,500000,4644078,3649466,-4644078,-253576.9,,,,好棒 任意重度敲击
331,12:20:05,hit_331_20260730_122005.csv,512,DEFECT,HIGH,0,25,116,238,500000,5051159,3526471,-5051159,-265964.4,,,,好棒 任意重度敲击
332,12:20:05,hit_332_20260730_122005.csv,512,DEFECT,HIGH,0,29,116,276,500000,5724665,3781935,-5724665,-579487.5,,,,好棒 任意重度敲击
333,12:20:05,hit_333_20260730_122005.csv,512,DEFECT,HIGH,0,27,116,257,500000,5318618,3504512,-5318618,-487120.4,,,,好棒 任意重度敲击
334,12:20:06,hit_334_20260730_122006.csv,512,DEFECT,HIGH,0,29,117,273,500000,5359138,3526714,-5359138,-574220.2,,,,好棒 任意重度敲击
335,12:20:06,hit_335_20260730_122006.csv,512,DEFECT,HIGH,0,24,114,233,500000,4977779,3568665,-4977779,-381629.6,,,,好棒 任意重度敲击
336,12:20:06,hit_336_20260730_122006.csv,512,DEFECT,HIGH,0,23,111,230,500000,4779522,3943030,-4779522,-263623.4,,,,好棒 任意重度敲击
337,12:20:07,hit_337_20260730_122007.csv,512,DEFECT,HIGH,0,28,117,264,500000,5324357,3374238,-5324357,-618025.0,,,,好棒 任意重度敲击
338,12:20:07,hit_338_20260730_122007.csv,512,NORMAL,HIGH,0,0,111,0,500000,4255353,4146639,-4255353,233090.6,,,,好棒 任意重度敲击
339,12:20:07,hit_339_20260730_122007.csv,512,NORMAL,HIGH,0,0,111,0,500000,4384696,4384696,-3929111,481824.5,,,,好棒 任意重度敲击
340,12:20:07,hit_340_20260730_122007.csv,512,NORMAL,HIGH,0,0,113,0,500000,4134710,3658501,-4134710,30659.1,,,,好棒 任意重度敲击
341,12:20:08,hit_341_20260730_122008.csv,512,NORMAL,HIGH,0,0,114,0,500000,4556966,3636542,-4556966,-74662.5,,,,好棒 任意重度敲击
342,12:20:08,hit_342_20260730_122008.csv,512,DEFECT,HIGH,0,28,116,266,500000,5218048,3466312,-5218048,-592388.4,,,,好棒 任意重度敲击
343,12:20:08,hit_343_20260730_122008.csv,512,DEFECT,HIGH,0,26,115,250,500000,5271909,3902806,-5271909,-382705.1,,,,好棒 任意重度敲击
344,12:20:09,hit_344_20260730_122009.csv,512,DEFECT,HIGH,0,22,111,220,500000,4603146,3393804,-4603146,-405548.2,,,,好棒 任意重度敲击
345,12:20:09,hit_345_20260730_122009.csv,512,DEFECT,HIGH,0,28,117,264,500000,5242647,3596073,-5242647,-439577.5,,,,好棒 任意重度敲击
346,12:20:09,hit_346_20260730_122009.csv,512,DEFECT,HIGH,0,23,114,223,500000,4734323,3700487,-4734323,-117788.4,,,,好棒 任意重度敲击
347,12:20:10,hit_347_20260730_122010.csv,512,DEFECT,HIGH,0,24,114,233,500000,4835642,3511233,-4835642,-319522.9,,,,好棒 任意重度敲击
348,12:20:10,hit_348_20260730_122010.csv,512,DEFECT,HIGH,0,23,112,227,500000,4574405,3713627,-4574405,-165079.8,,,,好棒 任意重度敲击
349,12:20:10,hit_349_20260730_122010.csv,512,DEFECT,HIGH,0,25,113,245,500000,4982754,3765928,-4982754,-352489.5,,,,好棒 任意重度敲击
350,12:20:10,hit_350_20260730_122010.csv,512,DEFECT,HIGH,0,22,111,220,500000,4656223,3905722,-4656223,-208959.7,,,,好棒 任意重度敲击
351,12:20:11,hit_351_20260730_122011.csv,512,DEFECT,HIGH,0,31,116,295,500000,5789068,3635711,-5789068,-853666.0,,,,好棒 任意重度敲击
352,12:20:11,hit_352_20260730_122011.csv,512,DEFECT,HIGH,0,26,116,247,500000,5211277,3308854,-5211277,-543701.7,,,,好棒 任意重度敲击
353,12:20:11,hit_353_20260730_122011.csv,512,DEFECT,HIGH,0,27,114,262,500000,5290466,3645424,-5290466,-598563.4,,,,好棒 任意重度敲击
354,12:20:12,hit_354_20260730_122012.csv,512,DEFECT,HIGH,0,26,113,254,500000,5393477,3375966,-5393477,-619548.0,,,,好棒 任意重度敲击
355,12:20:12,hit_355_20260730_122012.csv,512,DEFECT,HIGH,0,53,108,546,500000,5901016,3362416,-5901016,-886918.0,,,,好棒 任意重度敲击
356,12:20:12,hit_356_20260730_122012.csv,512,DEFECT,HIGH,0,27,113,264,500000,5359985,3663380,-5359985,-653284.1,,,,好棒 任意重度敲击
357,12:20:12,hit_357_20260730_122012.csv,512,DEFECT,HIGH,0,27,114,262,500000,5402489,3398930,-5402489,-718167.1,,,,好棒 任意重度敲击
358,12:20:13,hit_358_20260730_122013.csv,512,DEFECT,HIGH,0,26,115,250,500000,5200493,3531263,-5200493,-447910.3,,,,好棒 任意重度敲击
359,12:20:13,hit_359_20260730_122013.csv,512,DEFECT,HIGH,0,27,115,259,500000,5386582,3142675,-5386582,-751443.7,,,,好棒 任意重度敲击
360,12:20:13,hit_360_20260730_122013.csv,512,DEFECT,HIGH,0,26,117,245,500000,5031611,2912579,-5031611,-586808.8,,,,好棒 任意重度敲击
361,12:20:14,hit_361_20260730_122014.csv,512,DEFECT,HIGH,0,28,117,264,500000,5436131,3312585,-5436131,-668274.8,,,,好棒 任意重度敲击
362,12:20:14,hit_362_20260730_122014.csv,512,DEFECT,HIGH,0,24,115,230,500000,4907314,4093536,-4907314,-182439.9,,,,好棒 任意重度敲击
363,12:20:14,hit_363_20260730_122014.csv,512,DEFECT,HIGH,0,24,114,233,500000,4960228,3921713,-4960228,-378272.4,,,,好棒 任意重度敲击
364,12:20:14,hit_364_20260730_122014.csv,512,DEFECT,HIGH,0,22,114,213,500000,4793350,4793350,-4499055,152819.2,,,,好棒 任意重度敲击
365,12:20:15,hit_365_20260730_122015.csv,512,DEFECT,HIGH,0,27,117,254,500000,5486882,4631306,-5486882,-224500.7,,,,好棒 任意重度敲击
366,12:20:15,hit_366_20260730_122015.csv,512,DEFECT,HIGH,0,27,118,252,500000,5047171,4065329,-5047171,-235815.2,,,,好棒 任意重度敲击
367,12:20:15,hit_367_20260730_122015.csv,512,DEFECT,HIGH,0,25,115,240,500000,5098361,3676860,-5098361,-464695.3,,,,好棒 任意重度敲击
368,12:20:16,hit_368_20260730_122016.csv,512,DEFECT,HIGH,0,57,108,587,500000,5926480,3530790,-5926480,-621508.7,,,,好棒 任意重度敲击
369,12:20:16,hit_369_20260730_122016.csv,512,DEFECT,HIGH,0,26,113,254,500000,5313985,3606115,-5313985,-617588.6,,,,好棒 任意重度敲击
370,12:20:16,hit_370_20260730_122016.csv,512,DEFECT,HIGH,0,24,113,235,500000,4813245,3438705,-4813245,-432307.4,,,,好棒 任意重度敲击
371,12:20:17,hit_371_20260730_122017.csv,512,DEFECT,HIGH,0,27,115,259,500000,5277394,3373953,-5277394,-584681.9,,,,好棒 任意重度敲击
372,12:20:17,hit_372_20260730_122017.csv,512,DEFECT,HIGH,0,24,112,237,500000,4882472,3367197,-4882472,-438492.2,,,,好棒 任意重度敲击
373,12:20:17,hit_373_20260730_122017.csv,512,NORMAL,HIGH,0,0,113,0,500000,4305249,4305249,-3934447,-405082.8,,,,好棒 任意重度敲击
374,12:20:17,hit_374_20260730_122017.csv,512,DEFECT,HIGH,0,24,115,230,500000,4918217,3358404,-4918217,-430964.0,,,,好棒 任意重度敲击
375,12:20:18,hit_375_20260730_122018.csv,512,DEFECT,HIGH,0,25,115,240,500000,5005705,3274472,-5005705,-488987.3,,,,好棒 任意重度敲击
376,12:20:18,hit_376_20260730_122018.csv,512,DEFECT,HIGH,0,21,112,207,500000,4457054,3614121,-4457054,-243320.7,,,,好棒 任意重度敲击
377,12:20:18,hit_377_20260730_122018.csv,512,DEFECT,HIGH,0,24,111,240,500000,4921056,3453648,-4921056,-532331.8,,,,好棒 任意重度敲击
378,12:20:18,hit_378_20260730_122018.csv,512,DEFECT,HIGH,0,22,111,220,500000,4684307,3356147,-4684307,-397021.4,,,,好棒 任意重度敲击
379,12:20:19,hit_379_20260730_122019.csv,512,DEFECT,HIGH,0,28,115,269,500000,5586472,3787061,-5586472,-496400.3,,,,好棒 任意重度敲击
380,12:20:19,hit_380_20260730_122019.csv,512,DEFECT,HIGH,0,25,115,240,500000,5084124,3144690,-5084124,-516099.4,,,,好棒 任意重度敲击
381,12:20:19,hit_381_20260730_122019.csv,512,DEFECT,HIGH,0,22,113,215,500000,4541199,3519086,-4541199,-336257.4,,,,好棒 任意重度敲击
382,12:20:20,hit_382_20260730_122020.csv,512,DEFECT,HIGH,0,23,116,219,500000,4632685,3103145,-4632685,-402563.1,,,,好棒 任意重度敲击
383,12:20:20,hit_383_20260730_122020.csv,512,DEFECT,HIGH,0,21,115,201,500000,4519029,3702843,-4519029,-198793.7,,,,好棒 任意重度敲击
384,12:20:20,hit_384_20260730_122020.csv,512,DEFECT,HIGH,0,32,118,299,500000,5955315,3469305,-5955315,-818484.0,,,,好棒 任意重度敲击
385,12:20:20,hit_385_20260730_122020.csv,512,DEFECT,HIGH,0,32,111,320,500000,4288064,3600869,-4288064,-231494.3,,,,好棒 任意重度敲击
386,12:20:21,hit_386_20260730_122021.csv,512,DEFECT,HIGH,0,26,115,250,500000,5176044,3286419,-5176044,-578467.0,,,,好棒 任意重度敲击
387,12:20:21,hit_387_20260730_122021.csv,512,DEFECT,HIGH,0,21,111,210,500000,4449541,3476519,-4449541,-378234.3,,,,好棒 任意重度敲击
388,12:20:21,hit_388_20260730_122021.csv,512,DEFECT,HIGH,0,24,112,237,500000,4795397,3404143,-4795397,-489374.4,,,,好棒 任意重度敲击
389,12:20:22,hit_389_20260730_122022.csv,512,DEFECT,HIGH,0,24,113,235,500000,5030067,3372114,-5030067,-475466.6,,,,好棒 任意重度敲击
390,12:20:22,hit_390_20260730_122022.csv,512,DEFECT,HIGH,0,25,112,247,500000,5051445,3200148,-5051445,-688952.2,,,,好棒 任意重度敲击
391,12:20:22,hit_391_20260730_122022.csv,512,DEFECT,HIGH,0,23,110,232,500000,4748048,3183680,-4748048,-420929.9,,,,好棒 任意重度敲击
392,12:20:22,hit_392_20260730_122022.csv,512,DEFECT,HIGH,0,25,111,250,500000,5140524,2968422,-5140524,-728515.1,,,,好棒 任意重度敲击
393,12:20:23,hit_393_20260730_122023.csv,512,DEFECT,HIGH,0,30,113,294,500000,5671598,3000167,-5671598,-952581.9,,,,好棒 任意重度敲击
394,12:20:23,hit_394_20260730_122023.csv,512,DEFECT,HIGH,0,25,114,242,500000,5096120,3445720,-5096120,-548980.2,,,,好棒 任意重度敲击
395,12:20:23,hit_395_20260730_122023.csv,512,DEFECT,HIGH,0,23,114,223,500000,4546618,3506630,-4546618,-190112.1,,,,好棒 任意重度敲击
396,12:20:23,hit_396_20260730_122023.csv,512,DEFECT,HIGH,0,22,117,207,500000,4620795,3267409,-4620795,-218366.7,,,,好棒 任意重度敲击
397,12:20:24,hit_397_20260730_122024.csv,512,DEFECT,HIGH,0,29,121,263,500000,5658116,4127004,-5658116,-300554.7,,,,好棒 任意重度敲击
398,12:20:24,hit_398_20260730_122024.csv,512,DEFECT,HIGH,0,24,118,224,500000,4777673,4251195,-4777673,26911.6,,,,好棒 任意重度敲击
399,12:20:24,hit_399_20260730_122024.csv,512,DEFECT,HIGH,0,29,119,268,500000,5632802,4013955,-5632802,-478642.3,,,,好棒 任意重度敲击
400,12:20:25,hit_400_20260730_122025.csv,512,DEFECT,HIGH,0,26,119,240,500000,5138426,4144004,-5138426,-67644.3,,,,好棒 任意重度敲击
401,12:20:25,hit_401_20260730_122025.csv,512,NORMAL,HIGH,0,0,113,0,500000,5966415,5966415,-3855739,1321687.8,,,,好棒 任意重度敲击
402,12:20:25,hit_402_20260730_122025.csv,512,NORMAL,HIGH,0,0,111,0,500000,5185050,4785802,-5185050,388837.8,,,,好棒 任意重度敲击
403,12:20:25,hit_403_20260730_122025.csv,512,NORMAL,HIGH,0,0,112,0,500000,5029665,4394848,-5029665,213237.4,,,,好棒 任意重度敲击
404,12:20:26,hit_404_20260730_122026.csv,512,NORMAL,HIGH,0,0,109,0,500000,4983271,4983271,-4930594,587498.4,,,,好棒 任意重度敲击
405,12:20:26,hit_405_20260730_122026.csv,512,NORMAL,HIGH,0,0,114,0,500000,4531479,4531479,-4308544,529783.2,,,,好棒 任意重度敲击
406,12:20:26,hit_406_20260730_122026.csv,512,NORMAL,HIGH,0,0,110,0,500000,5026043,5026043,-4539818,727926.8,,,,好棒 任意重度敲击
407,12:20:27,hit_407_20260730_122027.csv,512,DEFECT,HIGH,0,28,111,280,500000,6458084,3667016,-6458084,-513335.6,,,,好棒 任意重度敲击
408,12:20:27,hit_408_20260730_122027.csv,512,DEFECT,HIGH,0,26,111,260,500000,5917948,4230526,-5917948,-82350.3,,,,好棒 任意重度敲击
409,12:20:27,hit_409_20260730_122027.csv,512,NORMAL,HIGH,0,0,110,0,500000,5642859,4622209,-5642859,391388.5,,,,好棒 任意重度敲击
410,12:20:28,hit_410_20260730_122028.csv,512,NORMAL,HIGH,0,0,109,0,500000,5137056,4885556,-5137056,686696.2,,,,好棒 任意重度敲击
411,12:20:28,hit_411_20260730_122028.csv,512,NORMAL,HIGH,0,0,110,0,500000,5331176,4456191,-5331176,281816.1,,,,好棒 任意重度敲击
412,12:20:28,hit_412_20260730_122028.csv,512,DEFECT,HIGH,0,27,111,270,500000,6231108,3689451,-6231108,-413465.3,,,,好棒 任意重度敲击
413,12:20:29,hit_413_20260730_122029.csv,512,NORMAL,HIGH,0,0,109,0,500000,4770273,4770273,-4764934,587719.9,,,,好棒 任意重度敲击
414,12:20:29,hit_414_20260730_122029.csv,512,NORMAL,HIGH,0,0,109,0,500000,5389577,4597784,-5389577,344498.2,,,,好棒 任意重度敲击
415,12:20:29,hit_415_20260730_122029.csv,512,DEFECT,HIGH,0,25,109,255,500000,5953575,3918327,-5953575,-330636.4,,,,好棒 任意重度敲击
416,12:20:33,hit_416_20260730_122033.csv,512,DEFECT,HIGH,0,26,113,254,500000,5247821,3171655,-5247821,-589489.4,,,,好棒 任意重度敲击
417,12:20:33,hit_417_20260730_122033.csv,512,DEFECT,HIGH,0,23,111,230,500000,5563124,3576629,-5563124,-392055.5,,,,好棒 任意重度敲击
418,12:20:33,hit_418_20260730_122033.csv,512,DEFECT,HIGH,0,22,112,217,500000,5509272,3800204,-5509272,-229472.8,,,,好棒 任意重度敲击
419,12:20:34,hit_419_20260730_122034.csv,512,DEFECT,HIGH,0,21,112,207,500000,5075286,3496113,-5075286,-411186.0,,,,好棒 任意重度敲击
420,12:20:34,hit_420_20260730_122034.csv,512,DEFECT,HIGH,0,26,114,252,500000,5353635,4160109,-5353635,-92283.5,,,,好棒 任意重度敲击
421,12:20:34,hit_421_20260730_122034.csv,512,NORMAL,HIGH,0,0,111,0,500000,4700647,3981344,-4700647,92698.5,,,,好棒 任意重度敲击
422,12:20:35,hit_422_20260730_122035.csv,512,DEFECT,HIGH,0,29,115,278,500000,5632548,3530104,-5632548,-776955.6,,,,好棒 任意重度敲击
423,12:20:35,hit_423_20260730_122035.csv,512,DEFECT,HIGH,0,27,113,264,500000,5381584,3389087,-5381584,-664820.0,,,,好棒 任意重度敲击
424,12:20:35,hit_424_20260730_122035.csv,512,NORMAL,HIGH,0,0,110,0,500000,5371099,4672888,-5371099,301651.4,,,,好棒 任意重度敲击
425,12:20:36,hit_425_20260730_122036.csv,512,DEFECT,HIGH,0,26,113,254,500000,5168780,3004523,-5168780,-676573.5,,,,好棒 任意重度敲击
426,12:20:36,hit_426_20260730_122036.csv,512,DEFECT,HIGH,0,28,116,266,500000,4978982,2822558,-4978982,-693722.0,,,,好棒 任意重度敲击
427,12:20:36,hit_427_20260730_122036.csv,512,DEFECT,HIGH,0,24,111,240,500000,4809010,3412747,-4809010,-505766.7,,,,好棒 任意重度敲击
428,12:20:36,hit_428_20260730_122036.csv,512,NORMAL,HIGH,0,0,108,0,500000,5265952,4179899,-5265952,93570.5,,,,好棒 任意重度敲击
429,12:20:37,hit_429_20260730_122037.csv,512,DEFECT,HIGH,0,27,111,270,500000,5398618,4059891,-5398618,-527346.1,,,,好棒 任意重度敲击
430,12:20:46,hit_430_20260730_122046.csv,512,DEFECT,HIGH,0,24,111,240,500000,5556512,3790932,-5556512,-377140.8,,,,好棒 任意重度敲击
431,12:20:46,hit_431_20260730_122046.csv,512,DEFECT,HIGH,0,23,112,227,500000,5329603,3627080,-5329603,-407526.7,,,,好棒 任意重度敲击
432,12:20:47,hit_432_20260730_122047.csv,512,DEFECT,HIGH,0,24,113,235,500000,5697954,3780979,-5697954,-335716.5,,,,好棒 任意重度敲击
433,12:20:47,hit_433_20260730_122047.csv,512,NORMAL,HIGH,0,0,111,0,500000,4853778,4672358,-4853778,428807.2,,,,好棒 任意重度敲击
434,12:20:47,hit_434_20260730_122047.csv,512,NORMAL,HIGH,0,0,113,0,500000,5207391,4471923,-5207391,85264.8,,,,好棒 任意重度敲击
435,12:20:47,hit_435_20260730_122047.csv,512,DEFECT,HIGH,0,21,112,207,500000,4839557,4044251,-4839557,-114555.7,,,,好棒 任意重度敲击
436,12:20:48,hit_436_20260730_122048.csv,512,DEFECT,HIGH,0,25,114,242,500000,4982036,3807044,-4982036,-295968.4,,,,好棒 任意重度敲击
437,12:20:48,hit_437_20260730_122048.csv,512,DEFECT,HIGH,0,22,111,220,500000,4701259,4067542,-4701259,-150974.7,,,,好棒 任意重度敲击
438,12:20:48,hit_438_20260730_122048.csv,512,DEFECT,HIGH,0,21,111,210,500000,5127160,4163366,-5127160,-133890.4,,,,好棒 任意重度敲击
439,12:20:49,hit_439_20260730_122049.csv,512,NORMAL,HIGH,0,0,111,0,500000,4841825,4480011,-4841825,181599.4,,,,好棒 任意重度敲击
440,12:20:49,hit_440_20260730_122049.csv,512,NORMAL,HIGH,0,0,112,0,500000,4983907,4629733,-4983907,251817.5,,,,好棒 任意重度敲击
441,12:20:49,hit_441_20260730_122049.csv,512,NORMAL,HIGH,0,0,109,0,500000,5325598,4180792,-5325598,95101.3,,,,好棒 任意重度敲击
442,12:20:49,hit_442_20260730_122049.csv,512,DEFECT,HIGH,0,26,112,257,500000,5720184,4074752,-5720184,-198311.3,,,,好棒 任意重度敲击
443,12:20:50,hit_443_20260730_122050.csv,512,DEFECT,HIGH,0,32,113,313,500000,5922450,3605118,-5922450,-929115.7,,,,好棒 任意重度敲击
444,12:20:50,hit_444_20260730_122050.csv,512,DEFECT,HIGH,0,21,108,216,500000,5449635,4631627,-5449635,49477.3,,,,好棒 任意重度敲击
445,12:20:51,hit_445_20260730_122051.csv,512,DEFECT,HIGH,0,24,112,237,500000,5062227,3576543,-5062227,-420459.9,,,,好棒 任意重度敲击
446,12:20:51,hit_446_20260730_122051.csv,512,DEFECT,HIGH,0,23,111,230,500000,4995859,4026329,-4995859,-263674.3,,,,好棒 任意重度敲击
447,12:20:51,hit_447_20260730_122051.csv,512,DEFECT,HIGH,0,22,113,215,500000,4444780,3834390,-4444780,-147427.7,,,,好棒 任意重度敲击
448,12:20:51,hit_448_20260730_122051.csv,512,DEFECT,HIGH,0,21,113,205,500000,4564430,4100339,-4564430,-122717.4,,,,好棒 任意重度敲击
449,12:20:52,hit_449_20260730_122052.csv,512,DEFECT,HIGH,0,23,116,219,500000,4685891,3849206,-4685891,-226933.2,,,,好棒 任意重度敲击
450,12:20:52,hit_450_20260730_122052.csv,512,DEFECT,HIGH,0,64,114,621,500000,4216564,3890768,-4216564,-137512.2,,,,好棒 任意重度敲击
451,12:20:52,hit_451_20260730_122052.csv,512,DEFECT,HIGH,0,21,113,205,500000,4290206,3705684,-4290206,-205652.4,,,,好棒 任意重度敲击
452,12:20:52,hit_452_20260730_122052.csv,512,DEFECT,HIGH,0,27,114,262,500000,5441483,3428302,-5441483,-685009.6,,,,好棒 任意重度敲击
453,12:20:53,hit_453_20260730_122053.csv,512,DEFECT,HIGH,0,24,110,242,500000,5284337,3328217,-5284337,-478386.8,,,,好棒 任意重度敲击
454,12:20:53,hit_454_20260730_122053.csv,512,DEFECT,HIGH,0,21,108,216,500000,5167968,4115574,-5167968,-92120.3,,,,好棒 任意重度敲击
455,12:20:53,hit_455_20260730_122053.csv,512,DEFECT,HIGH,0,27,113,264,500000,5350793,3893571,-5350793,-423489.5,,,,好棒 任意重度敲击
456,12:20:53,hit_456_20260730_122053.csv,512,NORMAL,HIGH,0,0,110,0,500000,4487566,4134079,-4487566,-13158.6,,,,好棒 任意重度敲击
457,12:20:54,hit_457_20260730_122054.csv,512,DEFECT,HIGH,0,54,111,520,500000,4339165,4189088,-4339165,35303.2,,,,好棒 任意重度敲击
458,12:20:54,hit_458_20260730_122054.csv,512,DEFECT,HIGH,0,23,111,230,500000,4960436,4415117,-4960436,62884.9,,,,好棒 任意重度敲击
459,12:20:54,hit_459_20260730_122054.csv,512,NORMAL,HIGH,0,0,111,0,500000,5495294,4632561,-5495294,178754.5,,,,好棒 任意重度敲击
460,12:20:54,hit_460_20260730_122054.csv,512,NORMAL,HIGH,0,0,108,0,500000,5075989,4160429,-5075989,136033.0,,,,好棒 任意重度敲击
461,12:20:55,hit_461_20260730_122055.csv,512,NORMAL,HIGH,0,0,108,0,500000,5298434,4288657,-5298434,151865.2,,,,好棒 任意重度敲击
462,12:20:55,hit_462_20260730_122055.csv,512,DEFECT,HIGH,0,98,108,896,500000,5585216,4149189,-5585216,-225158.0,,,,好棒 任意重度敲击
463,12:20:55,hit_463_20260730_122055.csv,512,DEFECT,HIGH,0,56,117,528,500000,6524876,3691216,-6524876,-991334.7,,,,好棒 任意重度敲击
464,12:20:55,hit_464_20260730_122055.csv,512,DEFECT,HIGH,0,38,121,345,500000,5528881,3605645,-5528881,-562017.4,,,,好棒 任意重度敲击
465,12:20:56,hit_465_20260730_122056.csv,512,DEFECT,HIGH,0,24,108,247,500000,5795018,4018980,-5795018,-455594.5,,,,好棒 任意重度敲击
466,12:20:56,hit_466_20260730_122056.csv,512,NORMAL,HIGH,0,0,108,0,500000,5186829,5186829,-4900855,391897.0,,,,好棒 任意重度敲击
467,12:20:56,hit_467_20260730_122056.csv,512,DEFECT,HIGH,0,22,109,224,500000,5880906,5880906,-4962556,562262.0,,,,好棒 任意重度敲击
468,12:20:56,hit_468_20260730_122056.csv,512,DEFECT,HIGH,0,29,115,278,500000,5686589,4261137,-5686589,-135509.2,,,,好棒 任意重度敲击
469,12:20:57,hit_469_20260730_122057.csv,512,DEFECT,HIGH,0,32,113,313,500000,6390119,3523521,-6390119,-856488.5,,,,好棒 任意重度敲击
470,12:20:57,hit_470_20260730_122057.csv,512,DEFECT,HIGH,0,25,111,250,500000,5030645,3930430,-5030645,-90784.2,,,,好棒 任意重度敲击
471,12:20:57,hit_471_20260730_122057.csv,512,DEFECT,HIGH,0,25,111,250,500000,5354466,3936952,-5354466,-205585.2,,,,好棒 任意重度敲击
472,12:20:58,hit_472_20260730_122058.csv,512,NORMAL,HIGH,0,0,109,0,500000,5697270,4645060,-5697270,279705.6,,,,好棒 任意重度敲击
473,12:20:58,hit_473_20260730_122058.csv,512,NORMAL,HIGH,0,0,109,0,500000,5278583,4289466,-5278583,194435.7,,,,好棒 任意重度敲击
474,12:20:58,hit_474_20260730_122058.csv,512,DEFECT,HIGH,0,28,117,247,500000,5245115,2992042,-5245115,-461221.0,,,,好棒 任意重度敲击
475,12:20:58,hit_475_20260730_122058.csv,512,DEFECT,HIGH,0,24,110,242,500000,5584967,4295292,-5584967,2065.6,,,,好棒 任意重度敲击
476,12:20:59,hit_476_20260730_122059.csv,512,DEFECT,HIGH,0,29,113,284,500000,5398436,3077648,-5398436,-901253.0,,,,好棒 任意重度敲击
477,12:20:59,hit_477_20260730_122059.csv,512,NORMAL,HIGH,0,0,119,0,500000,7063633,3672925,-7063633,-910938.2,,,,好棒 任意重度敲击
478,12:20:59,hit_478_20260730_122059.csv,512,DEFECT,HIGH,0,26,111,260,500000,6004808,3907304,-6004808,-241493.2,,,,好棒 任意重度敲击
479,12:21:00,hit_479_20260730_122100.csv,512,DEFECT,HIGH,0,24,108,247,500000,6029587,3958152,-6029587,-180793.5,,,,好棒 任意重度敲击
480,12:21:00,hit_480_20260730_122100.csv,512,NORMAL,HIGH,0,0,108,0,500000,5770446,4532779,-5770446,259994.1,,,,好棒 任意重度敲击
481,12:21:00,hit_481_20260730_122100.csv,512,NORMAL,HIGH,0,0,108,0,500000,5894377,4656073,-5894377,338798.9,,,,好棒 任意重度敲击
482,12:21:01,hit_482_20260730_122101.csv,512,DEFECT,HIGH,0,25,110,252,500000,5959779,4359639,-5959779,13854.9,,,,好棒 任意重度敲击
483,12:21:01,hit_483_20260730_122101.csv,512,DEFECT,HIGH,0,26,111,260,500000,6333986,4498549,-6333986,48404.3,,,,好棒 任意重度敲击
484,12:21:01,hit_484_20260730_122101.csv,512,NORMAL,HIGH,0,0,109,0,500000,5381050,4488457,-5381050,319109.2,,,,好棒 任意重度敲击
485,12:21:01,hit_485_20260730_122101.csv,512,DEFECT,HIGH,0,24,110,242,500000,5826544,4445917,-5826544,167009.7,,,,好棒 任意重度敲击
486,12:21:02,hit_486_20260730_122102.csv,512,DEFECT,HIGH,0,34,117,320,500000,5939252,4028768,-5939252,-208056.4,,,,好棒 任意重度敲击
487,12:21:02,hit_487_20260730_122102.csv,512,DEFECT,HIGH,0,57,117,537,500000,6868360,4331052,-6868360,-690078.2,,,,好棒 任意重度敲击
488,12:21:02,hit_488_20260730_122102.csv,512,DEFECT,HIGH,0,57,118,532,500000,6700364,4821139,-6700364,-342006.9,,,,好棒 任意重度敲击
489,12:21:03,hit_489_20260730_122103.csv,512,DEFECT,HIGH,0,57,108,587,500000,5923879,3843411,-5923879,-773891.4,,,,好棒 任意重度敲击
490,12:21:03,hit_490_20260730_122103.csv,512,NORMAL,HIGH,0,0,108,0,500000,5857629,4823784,-5857629,386130.5,,,,好棒 任意重度敲击
491,12:21:03,hit_491_20260730_122103.csv,512,NORMAL,HIGH,0,0,108,0,500000,5920322,4653227,-5920322,226552.4,,,,好棒 任意重度敲击
492,12:21:03,hit_492_20260730_122103.csv,512,DEFECT,HIGH,0,27,111,270,500000,6069456,4460857,-6069456,136580.4,,,,好棒 任意重度敲击
493,12:21:04,hit_493_20260730_122104.csv,512,NORMAL,HIGH,0,0,108,0,500000,5402562,5402562,-5011864,829256.8,,,,好棒 任意重度敲击
494,12:21:04,hit_494_20260730_122104.csv,512,NORMAL,HIGH,0,0,108,0,500000,5497715,5497715,-5107046,603754.8,,,,好棒 任意重度敲击
495,12:21:04,hit_495_20260730_122104.csv,512,DEFECT,HIGH,0,23,110,232,500000,5470711,5470711,-4658935,503145.3,,,,好棒 任意重度敲击
496,12:21:04,hit_496_20260730_122104.csv,512,DEFECT,HIGH,0,22,111,220,500000,4880906,4575435,-4880906,59284.6,,,,好棒 任意重度敲击
497,12:21:05,hit_497_20260730_122105.csv,512,DEFECT,HIGH,0,23,111,230,500000,5061507,5061507,-5057817,203371.7,,,,好棒 任意重度敲击
498,12:21:05,hit_498_20260730_122105.csv,512,NORMAL,HIGH,0,0,114,0,500000,5042714,4598988,-5042714,159032.6,,,,好棒 任意重度敲击
499,12:21:05,hit_499_20260730_122105.csv,512,DEFECT,HIGH,0,28,116,266,500000,5583173,4031091,-5583173,-296822.5,,,,好棒 任意重度敲击
500,12:21:06,hit_500_20260730_122106.csv,512,NORMAL,HIGH,0,0,110,0,500000,5391299,5391299,-5246541,714884.6,,,,好棒 任意重度敲击
501,12:21:06,hit_501_20260730_122106.csv,512,NORMAL,HIGH,0,0,109,0,500000,4769979,4769979,-4590104,364072.0,,,,好棒 任意重度敲击
502,12:21:06,hit_502_20260730_122106.csv,512,DEFECT,HIGH,0,25,110,252,500000,5315988,4660745,-5315988,-83957.6,,,,好棒 任意重度敲击
503,12:21:06,hit_503_20260730_122106.csv,512,DEFECT,HIGH,0,27,111,270,500000,5515934,4567902,-5515934,-312843.3,,,,好棒 任意重度敲击
504,12:21:07,hit_504_20260730_122107.csv,512,NORMAL,HIGH,0,0,110,0,500000,4886725,4802907,-4886725,357116.6,,,,好棒 任意重度敲击
505,12:21:07,hit_505_20260730_122107.csv,512,DEFECT,HIGH,0,24,110,242,500000,4913585,4270816,-4913585,-169026.1,,,,好棒 任意重度敲击
506,12:21:07,hit_506_20260730_122107.csv,512,NORMAL,HIGH,0,0,110,0,500000,4705093,4565497,-4705093,234255.9,,,,好棒 任意重度敲击
507,12:21:08,hit_507_20260730_122108.csv,512,NORMAL,HIGH,0,0,111,0,500000,5139503,4662617,-5139503,359495.2,,,,好棒 任意重度敲击
508,12:21:08,hit_508_20260730_122108.csv,512,DEFECT,HIGH,0,27,113,264,500000,5387103,4308278,-5387103,-126725.6,,,,好棒 任意重度敲击
509,12:21:08,hit_509_20260730_122108.csv,512,DEFECT,HIGH,0,23,112,227,500000,4774411,3916083,-4774411,-136868.8,,,,好棒 任意重度敲击
510,12:21:08,hit_510_20260730_122108.csv,512,DEFECT,HIGH,0,23,113,225,500000,4710966,4262231,-4710966,-164954.2,,,,好棒 任意重度敲击
511,12:21:09,hit_511_20260730_122109.csv,512,DEFECT,HIGH,0,25,114,242,500000,5213369,5213369,-4921745,490833.0,,,,好棒 任意重度敲击
512,12:21:09,hit_512_20260730_122109.csv,512,DEFECT,HIGH,0,23,112,227,500000,5494088,5494088,-4755825,608687.8,,,,好棒 任意重度敲击
513,12:21:09,hit_513_20260730_122109.csv,512,NORMAL,HIGH,0,0,109,0,500000,5059562,5059562,-4661971,634504.1,,,,好棒 任意重度敲击
514,12:21:10,hit_514_20260730_122110.csv,512,DEFECT,HIGH,0,26,114,252,500000,5584516,4162026,-5584516,-66220.6,,,,好棒 任意重度敲击
515,12:21:10,hit_515_20260730_122110.csv,512,DEFECT,HIGH,0,36,123,321,500000,6014007,4045117,-6014007,-430467.0,,,,好棒 任意重度敲击
516,12:21:10,hit_516_20260730_122110.csv,512,DEFECT,HIGH,0,22,111,220,500000,5913533,5913533,-4726123,742400.0,,,,好棒 任意重度敲击
517,12:21:10,hit_517_20260730_122110.csv,512,DEFECT,HIGH,0,21,111,210,500000,5289764,5289764,-4960201,366263.9,,,,好棒 任意重度敲击
518,12:21:11,hit_518_20260730_122111.csv,512,DEFECT,HIGH,0,23,111,230,500000,4914179,4765781,-4914179,137078.8,,,,好棒 任意重度敲击
519,12:21:11,hit_519_20260730_122111.csv,512,NORMAL,HIGH,0,0,108,0,500000,5178280,5088979,-5178280,470659.6,,,,好棒 任意重度敲击
520,12:21:11,hit_520_20260730_122111.csv,512,NORMAL,HIGH,0,0,108,0,500000,4952635,4952635,-4903385,675295.3,,,,好棒 任意重度敲击
521,12:21:12,hit_521_20260730_122112.csv,512,NORMAL,HIGH,0,0,108,0,500000,5496827,4306912,-5496827,66217.4,,,,好棒 任意重度敲击
522,12:21:12,hit_522_20260730_122112.csv,512,DEFECT,HIGH,0,23,108,237,500000,5577914,4237003,-5577914,-61214.1,,,,好棒 任意重度敲击
523,12:21:12,hit_523_20260730_122112.csv,512,DEFECT,HIGH,0,21,111,210,500000,5364309,4057133,-5364309,7022.6,,,,好棒 任意重度敲击
524,12:21:12,hit_524_20260730_122112.csv,512,NORMAL,HIGH,0,0,111,0,500000,5075983,5075983,-4464577,647246.0,,,,好棒 任意重度敲击
525,12:21:31,hit_525_20260730_122131.csv,512,DEFECT,HIGH,0,54,120,495,500000,4535216,4319818,-4535216,-589886.4,,,,好棒 任意重度敲击
526,12:21:31,hit_526_20260730_122131.csv,512,DEFECT,HIGH,0,33,118,308,500000,5810173,3462702,-5810173,-559972.9,,,,好棒 任意重度敲击
527,12:21:31,hit_527_20260730_122131.csv,512,DEFECT,HIGH,0,37,120,339,500000,5625451,3733113,-5625451,-857721.2,,,,好棒 任意重度敲击
528,12:21:32,hit_528_20260730_122132.csv,512,NORMAL,HIGH,0,0,108,0,500000,5322094,5322094,-5114854,805255.6,,,,好棒 任意重度敲击
529,12:21:32,hit_529_20260730_122132.csv,512,DEFECT,HIGH,0,23,109,234,500000,5873017,4407903,-5873017,82235.4,,,,好棒 任意重度敲击
530,12:21:32,hit_530_20260730_122132.csv,512,DEFECT,HIGH,0,30,113,294,500000,6084487,4384017,-6084487,-89066.9,,,,好棒 任意重度敲击
531,12:21:32,hit_531_20260730_122132.csv,512,NORMAL,HIGH,0,0,108,0,500000,5900915,5308756,-5900915,593111.8,,,,好棒 任意重度敲击
532,12:21:33,hit_532_20260730_122133.csv,512,NORMAL,HIGH,0,0,108,0,500000,6144612,4670790,-6144612,300270.0,,,,好棒 任意重度敲击
533,12:21:33,hit_533_20260730_122133.csv,512,NORMAL,HIGH,0,0,108,0,500000,5841681,4785973,-5841681,364326.0,,,,好棒 任意重度敲击
534,12:21:33,hit_534_20260730_122133.csv,512,DEFECT,HIGH,0,24,108,247,500000,5619973,4066537,-5619973,-231397.2,,,,好棒 任意重度敲击
535,12:21:34,hit_535_20260730_122134.csv,512,DEFECT,HIGH,0,25,110,252,500000,5509062,4402310,-5509062,-19674.0,,,,好棒 任意重度敲击
536,12:21:34,hit_536_20260730_122134.csv,512,NORMAL,HIGH,0,0,110,0,500000,4951253,4659548,-4951253,279168.5,,,,好棒 任意重度敲击
537,12:21:34,hit_537_20260730_122134.csv,512,DEFECT,HIGH,0,24,110,242,500000,5256813,4442146,-5256813,-35727.7,,,,好棒 任意重度敲击
538,12:21:34,hit_538_20260730_122134.csv,512,DEFECT,HIGH,0,23,111,230,500000,4843986,4290229,-4843986,-8114.7,,,,好棒 任意重度敲击
539,12:21:35,hit_539_20260730_122135.csv,512,DEFECT,HIGH,0,27,113,264,500000,5468051,4339245,-5468051,-193537.1,,,,好棒 任意重度敲击
540,12:21:35,hit_540_20260730_122135.csv,512,DEFECT,HIGH,0,24,113,235,500000,4380002,4109472,-4380002,80279.9,,,,好棒 任意重度敲击
541,12:21:35,hit_541_20260730_122135.csv,512,DEFECT,HIGH,0,29,115,278,500000,5619417,4002816,-5619417,-297055.9,,,,好棒 任意重度敲击
542,12:21:36,hit_542_20260730_122136.csv,512,DEFECT,HIGH,0,26,110,262,500000,5335621,3449991,-5335621,-412921.6,,,,好棒 任意重度敲击
543,12:21:36,hit_543_20260730_122136.csv,512,DEFECT,HIGH,0,23,108,237,500000,5306020,3801542,-5306020,-347840.6,,,,好棒 任意重度敲击
544,12:21:36,hit_544_20260730_122136.csv,512,DEFECT,HIGH,0,23,109,234,500000,5277723,3635553,-5277723,-415951.8,,,,好棒 任意重度敲击
545,12:21:36,hit_545_20260730_122136.csv,512,DEFECT,HIGH,0,26,110,262,500000,6043900,3997567,-6043900,-445945.1,,,,好棒 任意重度敲击
546,12:21:37,hit_546_20260730_122137.csv,512,DEFECT,HIGH,0,24,111,240,500000,4833572,3801257,-4833572,-148904.4,,,,好棒 任意重度敲击
547,12:21:37,hit_547_20260730_122137.csv,512,DEFECT,HIGH,0,23,110,232,500000,5359547,4928339,-5359547,177021.5,,,,好棒 任意重度敲击
548,12:21:37,hit_548_20260730_122137.csv,512,DEFECT,HIGH,0,25,112,247,500000,5201606,4711624,-5201606,74822.1,,,,好棒 任意重度敲击
549,12:21:37,hit_549_20260730_122137.csv,512,DEFECT,HIGH,0,28,113,274,500000,5605973,3528854,-5605973,-593416.9,,,,好棒 任意重度敲击
550,12:21:38,hit_550_20260730_122138.csv,512,DEFECT,HIGH,0,27,110,272,500000,5731394,3810449,-5731394,-538937.5,,,,好棒 任意重度敲击
551,12:21:38,hit_551_20260730_122138.csv,512,DEFECT,HIGH,0,27,111,270,500000,6103856,4127834,-6103856,-386862.5,,,,好棒 任意重度敲击
552,12:21:38,hit_552_20260730_122138.csv,512,DEFECT,HIGH,0,22,108,226,500000,5575071,4095892,-5575071,-229607.0,,,,好棒 任意重度敲击
553,12:21:39,hit_553_20260730_122139.csv,512,DEFECT,HIGH,0,26,110,262,500000,6087506,4217862,-6087506,-213109.3,,,,好棒 任意重度敲击
554,12:21:39,hit_554_20260730_122139.csv,512,DEFECT,HIGH,0,26,112,257,500000,5382112,3312010,-5382112,-560755.8,,,,好棒 任意重度敲击
555,12:21:39,hit_555_20260730_122139.csv,512,DEFECT,HIGH,0,29,119,268,500000,5261911,3286661,-5261911,-436729.8,,,,好棒 任意重度敲击
556,12:21:39,hit_556_20260730_122139.csv,512,DEFECT,HIGH,0,24,110,242,500000,5008043,4242316,-5008043,-111840.6,,,,好棒 任意重度敲击
557,12:21:40,hit_557_20260730_122140.csv,512,DEFECT,HIGH,0,27,113,264,500000,5462125,3978633,-5462125,-258667.9,,,,好棒 任意重度敲击
558,12:21:40,hit_558_20260730_122140.csv,512,DEFECT,HIGH,0,24,108,247,500000,5855061,3988184,-5855061,-271552.7,,,,好棒 任意重度敲击
559,12:22:46,hit_559_20260730_122246.csv,512,DEFECT,HIGH,0,34,108,350,500000,5506996,2989845,-5506996,-828888.4,,,,好棒 任意重度敲击
560,12:22:46,hit_560_20260730_122246.csv,512,DEFECT,HIGH,0,25,113,245,500000,5535309,3791086,-5535309,-374595.2,,,,好棒 任意重度敲击
561,12:22:47,hit_561_20260730_122247.csv,512,DEFECT,HIGH,0,35,120,321,500000,5848806,3710625,-5848806,-502670.0,,,,好棒 任意重度敲击
562,12:22:47,hit_562_20260730_122247.csv,512,DEFECT,HIGH,0,23,111,230,500000,5302822,3385295,-5302822,-456003.5,,,,好棒 任意重度敲击
563,12:22:47,hit_563_20260730_122247.csv,512,DEFECT,HIGH,0,24,111,240,500000,5399799,3488675,-5399799,-455688.0,,,,好棒 任意重度敲击
564,12:22:47,hit_564_20260730_122247.csv,512,DEFECT,HIGH,0,24,110,242,500000,5357309,3787947,-5357309,-360427.6,,,,好棒 任意重度敲击
565,12:22:48,hit_565_20260730_122248.csv,512,DEFECT,HIGH,0,25,112,247,500000,5163381,3334493,-5163381,-567661.0,,,,好棒 任意重度敲击
566,12:22:48,hit_566_20260730_122248.csv,512,DEFECT,HIGH,0,22,108,226,500000,5344903,4101658,-5344903,-34557.9,,,,好棒 任意重度敲击
567,12:22:48,hit_567_20260730_122248.csv,512,DEFECT,HIGH,0,23,109,234,500000,4990952,3482077,-4990952,-560795.2,,,,好棒 任意重度敲击
568,12:22:49,hit_568_20260730_122249.csv,512,DEFECT,HIGH,0,21,108,216,500000,5045103,3608343,-5045103,-310525.2,,,,好棒 任意重度敲击
569,12:22:49,hit_569_20260730_122249.csv,512,DEFECT,HIGH,0,21,108,216,500000,5084287,3697389,-5084287,-194513.8,,,,好棒 任意重度敲击
570,12:22:49,hit_570_20260730_122249.csv,512,DEFECT,HIGH,0,24,108,247,500000,5141953,3671627,-5141953,-645483.9,,,,好棒 任意重度敲击
571,12:22:50,hit_571_20260730_122250.csv,512,DEFECT,HIGH,0,35,117,330,500000,5570509,3617315,-5570509,-860148.5,,,,好棒 任意重度敲击
572,12:22:50,hit_572_20260730_122250.csv,512,DEFECT,HIGH,0,57,111,570,500000,5255263,4795747,-5255263,-679172.9,,,,好棒 任意重度敲击
573,12:22:51,hit_573_20260730_122251.csv,512,DEFECT,HIGH,0,49,112,485,500000,5299025,4237897,-5299025,-642377.3,,,,好棒 任意重度敲击
574,12:22:51,hit_574_20260730_122251.csv,512,DEFECT,HIGH,0,29,111,290,500000,5674778,3757330,-5674778,-709110.6,,,,好棒 任意重度敲击
575,12:22:51,hit_575_20260730_122251.csv,512,DEFECT,HIGH,0,23,109,234,500000,4796205,3557500,-4796205,-474630.0,,,,好棒 任意重度敲击
576,12:22:51,hit_576_20260730_122251.csv,512,DEFECT,HIGH,0,22,108,226,500000,4886743,3615762,-4886743,-336299.0,,,,好棒 任意重度敲击
577,12:22:52,hit_577_20260730_122252.csv,512,DEFECT,HIGH,0,26,111,260,500000,5328231,3537673,-5328231,-553916.1,,,,好棒 任意重度敲击
578,12:22:52,hit_578_20260730_122252.csv,512,DEFECT,HIGH,0,25,110,252,500000,5289853,3740068,-5289853,-425910.3,,,,好棒 任意重度敲击
579,12:22:52,hit_579_20260730_122252.csv,512,DEFECT,HIGH,0,24,110,242,500000,5183861,4130728,-5183861,-269031.9,,,,好棒 任意重度敲击
580,12:22:53,hit_580_20260730_122253.csv,512,DEFECT,HIGH,0,31,117,292,500000,5950048,3713454,-5950048,-720412.7,,,,好棒 任意重度敲击
581,12:22:53,hit_581_20260730_122253.csv,512,DEFECT,HIGH,0,24,112,237,500000,5115142,4097566,-5115142,-210631.1,,,,好棒 任意重度敲击
582,12:22:53,hit_582_20260730_122253.csv,512,DEFECT,HIGH,0,24,112,237,500000,5057990,3600501,-5057990,-398487.3,,,,好棒 任意重度敲击
583,12:22:53,hit_583_20260730_122253.csv,512,DEFECT,HIGH,0,26,111,260,500000,5711932,3694786,-5711932,-479993.2,,,,好棒 任意重度敲击
584,12:22:54,hit_584_20260730_122254.csv,512,DEFECT,HIGH,0,36,120,330,500000,5873798,3597010,-5873798,-551964.5,,,,好棒 任意重度敲击
585,12:22:54,hit_585_20260730_122254.csv,512,DEFECT,HIGH,0,26,112,257,500000,5074315,3113418,-5074315,-812034.9,,,,好棒 任意重度敲击
586,12:22:54,hit_586_20260730_122254.csv,512,DEFECT,HIGH,0,26,112,257,500000,5471732,3735932,-5471732,-496737.0,,,,好棒 任意重度敲击
587,12:22:54,hit_587_20260730_122254.csv,512,DEFECT,HIGH,0,27,113,264,500000,5444673,3912018,-5444673,-270630.0,,,,好棒 任意重度敲击
588,12:22:55,hit_588_20260730_122255.csv,512,DEFECT,HIGH,0,23,110,232,500000,5138040,4305465,-5138040,-101547.8,,,,好棒 任意重度敲击
589,12:22:55,hit_589_20260730_122255.csv,512,DEFECT,HIGH,0,25,111,250,500000,5109329,3803746,-5109329,-288847.8,,,,好棒 任意重度敲击
590,12:22:55,hit_590_20260730_122255.csv,512,DEFECT,HIGH,0,26,111,260,500000,5304285,3690508,-5304285,-428481.6,,,,好棒 任意重度敲击
591,12:22:56,hit_591_20260730_122256.csv,512,DEFECT,HIGH,0,31,115,298,500000,5707835,3340651,-5707835,-734089.7,,,,好棒 任意重度敲击
592,12:22:56,hit_592_20260730_122256.csv,512,DEFECT,HIGH,0,33,119,305,500000,5892927,3987410,-5892927,-457725.9,,,,好棒 任意重度敲击
593,12:22:56,hit_593_20260730_122256.csv,512,DEFECT,HIGH,0,38,123,339,500000,6144727,3854210,-6144727,-564355.5,,,,好棒 任意重度敲击
594,12:22:56,hit_594_20260730_122256.csv,512,DEFECT,HIGH,0,39,123,348,500000,6652869,3845723,-6652869,-797874.9,,,,好棒 任意重度敲击
595,12:22:57,hit_595_20260730_122257.csv,512,DEFECT,HIGH,0,30,116,285,500000,5761971,3340669,-5761971,-657946.2,,,,好棒 任意重度敲击
596,12:22:57,hit_596_20260730_122257.csv,512,DEFECT,HIGH,0,30,114,291,500000,5863204,3884306,-5863204,-621366.4,,,,好棒 任意重度敲击
597,12:22:57,hit_597_20260730_122257.csv,512,DEFECT,HIGH,0,26,111,260,500000,5380202,4046957,-5380202,-325087.6,,,,好棒 任意重度敲击
598,12:22:57,hit_598_20260730_122257.csv,512,DEFECT,HIGH,0,27,113,264,500000,5301421,3684452,-5301421,-373731.6,,,,好棒 任意重度敲击
599,12:22:58,hit_599_20260730_122258.csv,512,DEFECT,HIGH,0,30,114,291,500000,5882203,3885929,-5882203,-619539.1,,,,好棒 任意重度敲击
600,12:22:58,hit_600_20260730_122258.csv,512,DEFECT,HIGH,0,23,110,232,500000,4945037,4350559,-4945037,104936.8,,,,好棒 任意重度敲击
601,12:22:58,hit_601_20260730_122258.csv,512,DEFECT,HIGH,0,26,111,260,500000,5297694,4047531,-5297694,-225538.8,,,,好棒 任意重度敲击
602,12:22:59,hit_602_20260730_122259.csv,512,DEFECT,HIGH,0,26,111,260,500000,5419296,3820135,-5419296,-447422.0,,,,好棒 任意重度敲击
603,12:22:59,hit_603_20260730_122259.csv,512,DEFECT,HIGH,0,26,111,260,500000,5376377,3883835,-5376377,-359722.8,,,,好棒 任意重度敲击
604,12:22:59,hit_604_20260730_122259.csv,512,DEFECT,HIGH,0,29,112,287,500000,5818805,3887415,-5818805,-647669.3,,,,好棒 任意重度敲击
605,12:22:59,hit_605_20260730_122259.csv,512,DEFECT,HIGH,0,24,110,242,500000,5597216,3985107,-5597216,-273210.9,,,,好棒 任意重度敲击
606,12:23:00,hit_606_20260730_122300.csv,512,DEFECT,HIGH,0,25,111,250,500000,5183410,3626109,-5183410,-520187.2,,,,好棒 任意重度敲击
607,12:23:00,hit_607_20260730_122300.csv,512,DEFECT,HIGH,0,24,108,247,500000,6046822,3813153,-6046822,-589236.7,,,,好棒 任意重度敲击
608,12:23:00,hit_608_20260730_122300.csv,512,DEFECT,HIGH,0,25,110,252,500000,5076251,3434874,-5076251,-655428.5,,,,好棒 任意重度敲击
609,12:23:01,hit_609_20260730_122301.csv,512,DEFECT,HIGH,0,26,109,265,500000,5283423,3784893,-5283423,-669382.0,,,,好棒 任意重度敲击
610,12:23:01,hit_610_20260730_122301.csv,512,DEFECT,HIGH,0,24,109,244,500000,4988518,3416403,-4988518,-466992.3,,,,好棒 任意重度敲击
611,12:23:01,hit_611_20260730_122301.csv,512,DEFECT,HIGH,0,24,109,244,500000,5210183,3682370,-5210183,-490516.8,,,,好棒 任意重度敲击
612,12:23:02,hit_612_20260730_122302.csv,512,DEFECT,HIGH,0,23,108,237,500000,5084734,3629893,-5084734,-556456.0,,,,好棒 任意重度敲击
613,12:23:02,hit_613_20260730_122302.csv,512,DEFECT,HIGH,0,24,109,244,500000,5162343,3830476,-5162343,-536566.7,,,,好棒 任意重度敲击
614,12:23:02,hit_614_20260730_122302.csv,512,DEFECT,HIGH,0,35,108,360,500000,4812373,3376293,-4812373,-622970.0,,,,好棒 任意重度敲击
615,12:23:03,hit_615_20260730_122303.csv,512,DEFECT,HIGH,0,25,109,255,500000,5164030,3740153,-5164030,-509685.9,,,,好棒 任意重度敲击
616,12:23:03,hit_616_20260730_122303.csv,512,DEFECT,HIGH,0,23,109,234,500000,5106688,3699610,-5106688,-405867.2,,,,好棒 任意重度敲击
617,12:23:03,hit_617_20260730_122303.csv,512,DEFECT,HIGH,0,25,109,255,500000,5461465,3637503,-5461465,-579767.4,,,,好棒 任意重度敲击
618,12:23:09,hit_618_20260730_122309.csv,512,DEFECT,HIGH,0,28,117,264,500000,5248845,3714976,-5248845,-420829.5,,,,好棒 任意重度敲击
619,12:23:09,hit_619_20260730_122309.csv,512,DEFECT,HIGH,0,27,115,259,500000,5427149,3774694,-5427149,-462758.4,,,,好棒 任意重度敲击
620,12:23:10,hit_620_20260730_122310.csv,512,DEFECT,HIGH,0,24,113,235,500000,4775923,3957248,-4775923,-199658.8,,,,好棒 任意重度敲击
621,12:23:10,hit_621_20260730_122310.csv,512,DEFECT,HIGH,0,32,119,296,500000,5910338,3647759,-5910338,-666656.1,,,,好棒 任意重度敲击
622,12:23:10,hit_622_20260730_122310.csv,512,DEFECT,HIGH,0,28,114,271,500000,5505847,4023665,-5505847,-539715.2,,,,好棒 任意重度敲击
623,12:23:11,hit_623_20260730_122311.csv,512,DEFECT,HIGH,0,31,118,289,500000,5626410,3573361,-5626410,-638316.7,,,,好棒 任意重度敲击
624,12:23:11,hit_624_20260730_122311.csv,512,DEFECT,HIGH,0,26,113,254,500000,5290562,3946478,-5290562,-418984.1,,,,好棒 任意重度敲击
625,12:23:11,hit_625_20260730_122311.csv,512,DEFECT,HIGH,0,27,115,259,500000,5360507,3791670,-5360507,-419688.4,,,,好棒 任意重度敲击
626,12:23:12,hit_626_20260730_122312.csv,512,DEFECT,HIGH,0,25,114,242,500000,4988365,3701937,-4988365,-334022.2,,,,好棒 任意重度敲击
627,12:23:12,hit_627_20260730_122312.csv,512,DEFECT,HIGH,0,22,112,217,500000,4526449,3807674,-4526449,-180116.1,,,,好棒 任意重度敲击
628,12:23:12,hit_628_20260730_122312.csv,512,DEFECT,HIGH,0,26,114,252,500000,5227427,4073159,-5227427,-406031.4,,,,好棒 任意重度敲击
629,12:23:13,hit_629_20260730_122313.csv,512,DEFECT,HIGH,0,53,117,500,500000,5116145,4291167,-5116145,-458676.0,,,,好棒 任意重度敲击
630,12:23:13,hit_630_20260730_122313.csv,512,DEFECT,HIGH,0,26,118,242,500000,4833350,3538030,-4833350,-210128.2,,,,好棒 任意重度敲击
631,12:23:13,hit_631_20260730_122313.csv,512,DEFECT,HIGH,0,22,113,215,500000,4578205,3945883,-4578205,-114014.5,,,,好棒 任意重度敲击
632,12:23:14,hit_632_20260730_122314.csv,512,DEFECT,HIGH,0,21,114,203,500000,4413275,4363134,-4413275,112927.2,,,,好棒 任意重度敲击
633,12:23:15,hit_633_20260730_122315.csv,512,DEFECT,HIGH,0,75,113,735,500000,4332331,3580988,-4332331,-160882.2,,,,好棒 任意重度敲击
634,12:23:15,hit_634_20260730_122315.csv,512,NORMAL,HIGH,0,0,113,0,500000,4604348,4033637,-4604348,-42427.5,,,,好棒 任意重度敲击
635,12:23:15,hit_635_20260730_122315.csv,512,DEFECT,HIGH,0,24,116,228,500000,4742737,3238614,-4742737,-501411.8,,,,好棒 任意重度敲击
636,12:23:16,hit_636_20260730_122316.csv,512,DEFECT,HIGH,0,24,116,228,500000,4666454,2938677,-4666454,-538637.5,,,,好棒 任意重度敲击
637,12:23:16,hit_637_20260730_122316.csv,512,DEFECT,HIGH,0,23,113,225,500000,4651034,3690531,-4651034,-275195.6,,,,好棒 任意重度敲击
638,12:23:17,hit_638_20260730_122317.csv,512,DEFECT,HIGH,0,26,115,250,500000,5033155,3349559,-5033155,-505254.2,,,,好棒 任意重度敲击
639,12:23:17,hit_639_20260730_122317.csv,512,DEFECT,HIGH,0,28,115,269,500000,5380290,3579890,-5380290,-598851.3,,,,好棒 任意重度敲击
640,12:23:17,hit_640_20260730_122317.csv,512,DEFECT,HIGH,0,24,111,240,500000,5102872,3751188,-5102872,-360015.9,,,,好棒 任意重度敲击
641,12:23:18,hit_641_20260730_122318.csv,512,NORMAL,HIGH,0,0,109,0,500000,4864074,4316339,-4864074,135932.9,,,,好棒 任意重度敲击
642,12:23:18,hit_642_20260730_122318.csv,512,DEFECT,HIGH,0,25,113,245,500000,5060092,3647262,-5060092,-480763.7,,,,好棒 任意重度敲击
643,12:23:18,hit_643_20260730_122318.csv,512,DEFECT,HIGH,0,24,111,240,500000,5087018,3621327,-5087018,-453871.8,,,,好棒 任意重度敲击
644,12:23:19,hit_644_20260730_122319.csv,512,DEFECT,HIGH,0,22,110,222,500000,4597411,3858458,-4597411,-113279.8,,,,好棒 任意重度敲击
645,12:23:19,hit_645_20260730_122319.csv,512,DEFECT,HIGH,0,22,109,224,500000,4763850,3448246,-4763850,-464343.1,,,,好棒 任意重度敲击
646,12:23:19,hit_646_20260730_122319.csv,512,DEFECT,HIGH,0,22,109,224,500000,4997952,3706193,-4997952,-256298.6,,,,好棒 任意重度敲击
647,12:23:20,hit_647_20260730_122320.csv,512,DEFECT,HIGH,0,21,117,185,500000,4987024,3188780,-4987024,-554909.8,,,,好棒 任意重度敲击
648,12:23:20,hit_648_20260730_122320.csv,512,DEFECT,HIGH,0,36,108,371,500000,4933582,3629329,-4933582,-572514.8,,,,好棒 任意重度敲击
649,12:23:21,hit_649_20260730_122321.csv,512,DEFECT,HIGH,0,22,110,222,500000,5039966,3758997,-5039966,-290466.7,,,,好棒 任意重度敲击
650,12:23:21,hit_650_20260730_122321.csv,512,DEFECT,HIGH,0,22,110,222,500000,4742644,3816523,-4742644,-237265.0,,,,好棒 任意重度敲击
651,12:23:22,hit_651_20260730_122322.csv,512,DEFECT,HIGH,0,24,112,237,500000,4901115,3353675,-4901115,-367711.1,,,,好棒 任意重度敲击
652,12:23:22,hit_652_20260730_122322.csv,512,DEFECT,HIGH,0,24,110,242,500000,4981472,3809983,-4981472,-306435.2,,,,好棒 任意重度敲击
653,12:23:22,hit_653_20260730_122322.csv,512,DEFECT,HIGH,0,39,114,378,500000,4654959,3134872,-4654959,-540485.6,,,,好棒 任意重度敲击
654,12:23:23,hit_654_20260730_122323.csv,512,DEFECT,HIGH,0,27,114,262,500000,5146095,3242541,-5146095,-540756.0,,,,好棒 任意重度敲击
655,12:23:23,hit_655_20260730_122323.csv,512,DEFECT,HIGH,0,40,113,392,500000,4725640,3192378,-4725640,-665507.0,,,,好棒 任意重度敲击
656,12:23:23,hit_656_20260730_122323.csv,512,DEFECT,HIGH,0,37,113,362,500000,4188460,3193460,-4188460,-400196.3,,,,好棒 任意重度敲击
657,12:23:24,hit_657_20260730_122324.csv,512,DEFECT,HIGH,0,21,111,210,500000,4504025,3657848,-4504025,-328740.5,,,,好棒 任意重度敲击
658,12:23:24,hit_658_20260730_122324.csv,512,DEFECT,HIGH,0,23,113,225,500000,4700947,3425743,-4700947,-413748.0,,,,好棒 任意重度敲击
659,12:23:25,hit_659_20260730_122325.csv,512,DEFECT,HIGH,0,21,112,207,500000,4357178,3502516,-4357178,-295549.2,,,,好棒 任意重度敲击
660,12:23:25,hit_660_20260730_122325.csv,512,DEFECT,HIGH,0,73,110,737,500000,4787467,4112816,-4787467,-126271.7,,,,好棒 任意重度敲击
661,12:23:25,hit_661_20260730_122325.csv,512,DEFECT,HIGH,0,21,113,205,500000,4410981,3386042,-4410981,-298461.5,,,,好棒 任意重度敲击
662,12:23:26,hit_662_20260730_122326.csv,512,DEFECT,HIGH,0,22,112,217,500000,4508210,3528235,-4508210,-362884.3,,,,好棒 任意重度敲击
663,12:23:26,hit_663_20260730_122326.csv,512,DEFECT,HIGH,0,21,111,210,500000,4479083,3668780,-4479083,-292239.9,,,,好棒 任意重度敲击
664,12:23:26,hit_664_20260730_122326.csv,512,DEFECT,HIGH,0,22,112,217,500000,4586878,3550128,-4586878,-335322.3,,,,好棒 任意重度敲击
665,12:23:27,hit_665_20260730_122327.csv,512,DEFECT,HIGH,0,53,108,546,500000,4981316,4123687,-4981316,-76811.8,,,,好棒 任意重度敲击
666,12:23:27,hit_666_20260730_122327.csv,512,DEFECT,HIGH,0,22,111,220,500000,4700209,3932831,-4700209,-154044.6,,,,好棒 任意重度敲击
667,12:23:27,hit_667_20260730_122327.csv,512,DEFECT,HIGH,0,23,112,227,500000,4788953,3236224,-4788953,-391292.8,,,,好棒 任意重度敲击
668,12:23:28,hit_668_20260730_122328.csv,512,DEFECT,HIGH,0,24,112,237,500000,5020454,3566135,-5020454,-369488.5,,,,好棒 任意重度敲击
669,12:23:28,hit_669_20260730_122328.csv,512,DEFECT,HIGH,0,31,118,289,500000,5523775,3205917,-5523775,-661802.1,,,,好棒 任意重度敲击
670,12:23:28,hit_670_20260730_122328.csv,512,DEFECT,HIGH,0,26,113,254,500000,5317254,3517080,-5317254,-519779.4,,,,好棒 任意重度敲击
671,12:23:29,hit_671_20260730_122329.csv,512,DEFECT,HIGH,0,35,120,321,500000,5861789,3629186,-5861789,-810198.5,,,,好棒 任意重度敲击
672,12:23:29,hit_672_20260730_122329.csv,512,DEFECT,HIGH,0,23,112,227,500000,5428327,3261912,-5428327,-564596.2,,,,好棒 任意重度敲击
673,12:23:29,hit_673_20260730_122329.csv,512,DEFECT,HIGH,0,24,112,237,500000,5482037,4462319,-5482037,-11238.5,,,,好棒 任意重度敲击
674,12:23:30,hit_674_20260730_122330.csv,512,NORMAL,HIGH,0,0,111,0,500000,5448161,4358978,-5448161,144435.3,,,,好棒 任意重度敲击
675,12:23:30,hit_675_20260730_122330.csv,512,DEFECT,HIGH,0,25,112,247,500000,5596990,4203915,-5596990,-105996.5,,,,好棒 任意重度敲击
676,12:23:31,hit_676_20260730_122331.csv,512,DEFECT,HIGH,0,25,112,247,500000,5690994,3294257,-5690994,-632357.8,,,,好棒 任意重度敲击
677,12:23:31,hit_677_20260730_122331.csv,512,DEFECT,HIGH,0,23,114,223,500000,4783706,3610269,-4783706,-213999.4,,,,好棒 任意重度敲击
678,12:23:31,hit_678_20260730_122331.csv,512,DEFECT,HIGH,0,28,115,269,500000,5338251,4359556,-5338251,-377522.6,,,,好棒 任意重度敲击
679,12:23:32,hit_679_20260730_122332.csv,512,DEFECT,HIGH,0,22,113,215,500000,4484336,4376495,-4484336,80918.0,,,,好棒 任意重度敲击
680,12:23:32,hit_680_20260730_122332.csv,512,DEFECT,HIGH,0,33,116,314,500000,6087949,3492966,-6087949,-739697.5,,,,好棒 任意重度敲击
681,12:23:32,hit_681_20260730_122332.csv,512,DEFECT,HIGH,0,23,109,234,500000,5531104,4098885,-5531104,-152934.4,,,,好棒 任意重度敲击
682,12:23:33,hit_682_20260730_122333.csv,512,DEFECT,HIGH,0,21,109,214,500000,5111387,3571081,-5111387,-278224.5,,,,好棒 任意重度敲击
683,12:23:33,hit_683_20260730_122333.csv,512,DEFECT,HIGH,0,23,110,232,500000,4883753,3360301,-4883753,-540634.4,,,,好棒 任意重度敲击
684,12:23:33,hit_684_20260730_122333.csv,512,DEFECT,HIGH,0,24,110,242,500000,5327332,3650294,-5327332,-424043.8,,,,好棒 任意重度敲击
685,12:23:34,hit_685_20260730_122334.csv,512,DEFECT,HIGH,0,27,113,264,500000,5437683,3124654,-5437683,-779996.8,,,,好棒 任意重度敲击
686,12:23:34,hit_686_20260730_122334.csv,512,DEFECT,HIGH,0,23,110,232,500000,5041678,4293037,-5041678,-106197.9,,,,好棒 任意重度敲击
687,12:23:34,hit_687_20260730_122334.csv,512,NORMAL,HIGH,0,0,109,0,500000,5544805,5544805,-5205274,910125.1,,,,好棒 任意重度敲击
688,12:23:35,hit_688_20260730_122335.csv,512,NORMAL,HIGH,0,0,109,0,500000,5653091,4813029,-5653091,388658.0,,,,好棒 任意重度敲击
689,12:23:35,hit_689_20260730_122335.csv,512,DEFECT,HIGH,0,23,109,234,500000,6197558,4083173,-6197558,-79194.9,,,,好棒 任意重度敲击
690,12:23:36,hit_690_20260730_122336.csv,512,NORMAL,HIGH,0,0,110,0,500000,5571363,5571363,-5387741,705961.0,,,,好棒 任意重度敲击
691,12:23:36,hit_691_20260730_122336.csv,512,NORMAL,HIGH,0,0,108,0,500000,6018223,4447674,-6018223,211484.0,,,,好棒 任意重度敲击
692,12:23:36,hit_692_20260730_122336.csv,512,NORMAL,HIGH,0,0,108,0,500000,5859808,4707454,-5859808,387951.8,,,,好棒 任意重度敲击
693,12:23:37,hit_693_20260730_122337.csv,512,DEFECT,HIGH,0,24,111,240,500000,5431098,4011582,-5431098,27952.8,,,,好棒 任意重度敲击
694,12:23:37,hit_694_20260730_122337.csv,512,NORMAL,HIGH,0,0,108,0,500000,5700311,5000749,-5700311,537680.9,,,,好棒 任意重度敲击
695,12:23:37,hit_695_20260730_122337.csv,512,NORMAL,HIGH,0,0,110,0,500000,5568620,4590333,-5568620,304862.9,,,,好棒 任意重度敲击
696,12:23:38,hit_696_20260730_122338.csv,512,DEFECT,HIGH,0,28,112,277,500000,6410270,4602536,-6410270,18381.2,,,,好棒 任意重度敲击
697,12:23:38,hit_697_20260730_122338.csv,512,NORMAL,HIGH,0,0,109,0,500000,5749683,4534398,-5749683,338741.7,,,,好棒 任意重度敲击
698,12:23:39,hit_698_20260730_122339.csv,512,DEFECT,HIGH,0,28,113,274,500000,6253655,4184378,-6253655,-268348.4,,,,好棒 任意重度敲击
699,12:23:39,hit_699_20260730_122339.csv,512,NORMAL,HIGH,0,0,109,0,500000,5474491,5117720,-5474491,535492.5,,,,好棒 任意重度敲击
700,12:23:39,hit_700_20260730_122339.csv,512,DEFECT,HIGH,0,28,115,269,500000,5480549,3996914,-5480549,-300418.2,,,,好棒 任意重度敲击
701,12:23:40,hit_701_20260730_122340.csv,512,NORMAL,HIGH,0,0,108,0,500000,5653890,5653890,-5375974,843171.8,,,,好棒 任意重度敲击
702,12:23:40,hit_702_20260730_122340.csv,512,DEFECT,HIGH,0,30,114,291,500000,6551176,3582815,-6551176,-619861.4,,,,好棒 任意重度敲击
703,12:23:41,hit_703_20260730_122341.csv,512,NORMAL,HIGH,0,0,111,0,500000,6025998,4699907,-6025998,311848.7,,,,好棒 任意重度敲击
704,12:23:46,hit_704_20260730_122346.csv,512,NORMAL,HIGH,0,0,110,0,500000,5384771,5384771,-4756206,789988.2,,,,好棒 任意重度敲击
705,12:23:46,hit_705_20260730_122346.csv,512,NORMAL,HIGH,0,0,111,0,500000,6384747,6384747,-4240333,1392867.9,,,,好棒 任意重度敲击
706,12:23:46,hit_706_20260730_122346.csv,512,NORMAL,HIGH,0,0,111,0,500000,6069227,6069227,-5520087,825770.8,,,,好棒 任意重度敲击
707,12:23:47,hit_707_20260730_122347.csv,512,NORMAL,HIGH,0,0,111,0,500000,5511919,5260432,-5511919,629777.0,,,,好棒 任意重度敲击
708,12:23:47,hit_708_20260730_122347.csv,512,NORMAL,HIGH,0,0,109,0,500000,6093507,6093507,-4970943,1153864.3,,,,好棒 任意重度敲击
709,12:23:47,hit_709_20260730_122347.csv,512,NORMAL,HIGH,0,0,109,0,500000,5411704,4780885,-5411704,608899.1,,,,好棒 任意重度敲击
710,12:23:48,hit_710_20260730_122348.csv,512,NORMAL,HIGH,0,0,111,0,500000,5523133,5306270,-5523133,595519.0,,,,好棒 任意重度敲击
711,12:23:48,hit_711_20260730_122348.csv,512,NORMAL,HIGH,0,0,108,0,500000,5477369,5070261,-5477369,617741.2,,,,好棒 任意重度敲击
712,12:23:48,hit_712_20260730_122348.csv,512,NORMAL,HIGH,0,0,109,0,500000,5857947,4573743,-5857947,329574.6,,,,好棒 任意重度敲击
713,12:23:49,hit_713_20260730_122349.csv,512,DEFECT,HIGH,0,33,119,305,500000,5872511,4494387,-5872511,-84298.6,,,,好棒 任意重度敲击
714,12:23:49,hit_714_20260730_122349.csv,512,DEFECT,HIGH,0,32,116,304,500000,6683917,4224854,-6683917,-267505.5,,,,好棒 任意重度敲击
715,12:23:49,hit_715_20260730_122349.csv,512,NORMAL,HIGH,0,0,114,0,500000,5615009,4647573,-5615009,334883.9,,,,好棒 任意重度敲击
716,12:23:50,hit_716_20260730_122350.csv,512,NORMAL,HIGH,0,0,111,0,500000,5581447,5526242,-5581447,672708.0,,,,好棒 任意重度敲击
717,12:23:50,hit_717_20260730_122350.csv,512,NORMAL,HIGH,0,0,111,0,500000,5856287,4980694,-5856287,430180.9,,,,好棒 任意重度敲击
718,12:23:50,hit_718_20260730_122350.csv,512,NORMAL,HIGH,0,0,111,0,500000,5743326,5743326,-5580466,808623.1,,,,好棒 任意重度敲击
719,12:23:51,hit_719_20260730_122351.csv,512,NORMAL,HIGH,0,0,110,0,500000,5857559,4914491,-5857559,420593.0,,,,好棒 任意重度敲击
720,12:23:51,hit_720_20260730_122351.csv,512,DEFECT,HIGH,0,27,112,267,500000,6059878,4072475,-6059878,-41638.1,,,,好棒 任意重度敲击
721,12:23:51,hit_721_20260730_122351.csv,512,DEFECT,HIGH,0,29,114,281,500000,6298906,4531687,-6298906,-146807.9,,,,好棒 任意重度敲击
722,12:23:52,hit_722_20260730_122352.csv,512,NORMAL,HIGH,0,0,109,0,500000,5627020,5113866,-5627020,633608.3,,,,好棒 任意重度敲击
723,12:23:52,hit_723_20260730_122352.csv,512,NORMAL,HIGH,0,0,109,0,500000,5701339,4990389,-5701339,557001.6,,,,好棒 任意重度敲击
724,12:23:52,hit_724_20260730_122352.csv,512,DEFECT,HIGH,0,29,111,290,500000,6770473,3774083,-6770473,-726964.1,,,,好棒 任意重度敲击
725,12:23:53,hit_725_20260730_122353.csv,512,DEFECT,HIGH,0,25,110,252,500000,6546511,4785114,-6546511,122506.4,,,,好棒 任意重度敲击
726,12:23:53,hit_726_20260730_122353.csv,512,NORMAL,HIGH,0,0,109,0,500000,5621400,4577102,-5621400,408717.1,,,,好棒 任意重度敲击
727,12:23:54,hit_727_20260730_122354.csv,512,NORMAL,HIGH,0,0,109,0,500000,5706874,5280056,-5706874,622356.9,,,,好棒 任意重度敲击
728,12:23:54,hit_728_20260730_122354.csv,512,DEFECT,HIGH,0,28,115,269,500000,5819068,4672770,-5819068,158663.6,,,,好棒 任意重度敲击
729,12:23:54,hit_729_20260730_122354.csv,512,NORMAL,HIGH,0,0,110,0,500000,5516608,5145240,-5516608,559559.8,,,,好棒 任意重度敲击
730,12:23:55,hit_730_20260730_122355.csv,512,NORMAL,HIGH,0,0,111,0,500000,5749954,5467667,-5749954,653368.2,,,,好棒 任意重度敲击
731,12:23:55,hit_731_20260730_122355.csv,512,NORMAL,HIGH,0,0,111,0,500000,6177764,4718486,-6177764,248643.2,,,,好棒 任意重度敲击
732,12:23:55,hit_732_20260730_122355.csv,512,NORMAL,HIGH,0,0,108,0,500000,5594709,5128625,-5594709,544958.4,,,,好棒 任意重度敲击
733,12:23:56,hit_733_20260730_122356.csv,512,DEFECT,HIGH,0,35,108,360,500000,6044622,4396107,-6044622,114092.5,,,,好棒 任意重度敲击
734,12:23:56,hit_734_20260730_122356.csv,512,NORMAL,HIGH,0,0,108,0,500000,5294915,4685597,-5294915,403315.2,,,,好棒 任意重度敲击
735,12:23:56,hit_735_20260730_122356.csv,512,NORMAL,HIGH,0,0,108,0,500000,6080453,6080453,-5220904,935542.5,,,,好棒 任意重度敲击
736,12:23:57,hit_736_20260730_122357.csv,512,NORMAL,HIGH,0,0,111,0,500000,5835636,5835636,-5240799,770702.0,,,,好棒 任意重度敲击
737,12:23:57,hit_737_20260730_122357.csv,512,NORMAL,HIGH,0,0,109,0,500000,5099992,4835188,-5099992,373707.8,,,,好棒 任意重度敲击
738,12:23:57,hit_738_20260730_122357.csv,512,NORMAL,HIGH,0,0,111,0,500000,5934523,4701170,-5934523,296055.6,,,,好棒 任意重度敲击
739,12:23:58,hit_739_20260730_122358.csv,512,NORMAL,HIGH,0,0,109,0,500000,5566635,5566635,-5295079,903667.5,,,,好棒 任意重度敲击
740,12:23:58,hit_740_20260730_122358.csv,512,NORMAL,HIGH,0,0,112,0,500000,5553376,5007940,-5553376,538528.3,,,,好棒 任意重度敲击
741,12:23:58,hit_741_20260730_122358.csv,512,NORMAL,HIGH,0,0,110,0,500000,5542554,5110223,-5542554,558671.5,,,,好棒 任意重度敲击
742,12:23:59,hit_742_20260730_122359.csv,512,NORMAL,HIGH,0,0,109,0,500000,5622533,5495864,-5622533,737441.2,,,,好棒 任意重度敲击
743,12:23:59,hit_743_20260730_122359.csv,512,NORMAL,HIGH,0,0,110,0,500000,5758797,5758797,-5232232,917925.0,,,,好棒 任意重度敲击
744,12:23:59,hit_744_20260730_122359.csv,512,NORMAL,HIGH,0,0,111,0,500000,5776622,5382941,-5776622,665375.6,,,,好棒 任意重度敲击
745,12:24:00,hit_745_20260730_122400.csv,512,NORMAL,HIGH,0,0,109,0,500000,5692716,5692716,-5639253,818174.9,,,,好棒 任意重度敲击
746,12:24:00,hit_746_20260730_122400.csv,512,NORMAL,HIGH,0,0,109,0,500000,6147325,6147325,-5588264,872813.9,,,,好棒 任意重度敲击
747,12:24:01,hit_747_20260730_122401.csv,512,NORMAL,HIGH,0,0,109,0,500000,5823034,5257926,-5823034,612052.5,,,,好棒 任意重度敲击
748,12:24:01,hit_748_20260730_122401.csv,512,NORMAL,HIGH,0,0,110,0,500000,5697838,4151014,-5697838,178716.8,,,,好棒 任意重度敲击
749,12:24:01,hit_749_20260730_122401.csv,512,DEFECT,HIGH,0,30,117,283,500000,5905831,4665654,-5905831,64545.0,,,,好棒 任意重度敲击
750,12:24:02,hit_750_20260730_122402.csv,512,NORMAL,HIGH,0,0,109,0,500000,5689712,5689712,-5217225,772791.4,,,,好棒 任意重度敲击
751,12:24:02,hit_751_20260730_122402.csv,512,NORMAL,HIGH,0,0,108,0,500000,5652481,5652481,-5642772,606297.9,,,,好棒 任意重度敲击
752,12:24:02,hit_752_20260730_122402.csv,512,NORMAL,HIGH,0,0,108,0,500000,5628324,5628324,-5412888,641498.1,,,,好棒 任意重度敲击
753,12:24:03,hit_753_20260730_122403.csv,512,NORMAL,HIGH,0,0,109,0,500000,5680613,5680613,-5382280,737686.6,,,,好棒 任意重度敲击
754,12:24:03,hit_754_20260730_122403.csv,512,NORMAL,HIGH,0,0,111,0,500000,5964054,5964054,-5367899,918617.9,,,,好棒 任意重度敲击
755,12:24:03,hit_755_20260730_122403.csv,512,DEFECT,HIGH,0,25,113,245,500000,6240453,4157207,-6240453,-16661.0,,,,好棒 任意重度敲击
756,12:24:04,hit_756_20260730_122404.csv,512,NORMAL,HIGH,0,0,112,0,500000,6103342,4873656,-6103342,328926.6,,,,好棒 任意重度敲击
757,12:24:04,hit_757_20260730_122404.csv,512,DEFECT,HIGH,0,31,117,292,500000,6393630,4577213,-6393630,-2277.5,,,,好棒 任意重度敲击
758,12:24:04,hit_758_20260730_122404.csv,512,NORMAL,HIGH,0,0,111,0,500000,5713128,5713128,-5668773,802960.2,,,,好棒 任意重度敲击
759,12:24:05,hit_759_20260730_122405.csv,512,DEFECT,HIGH,0,27,114,262,500000,5987019,4348151,-5987019,118763.6,,,,好棒 任意重度敲击
760,12:24:05,hit_760_20260730_122405.csv,512,NORMAL,HIGH,0,0,111,0,500000,5541801,5167321,-5541801,582170.2,,,,好棒 任意重度敲击
761,12:24:05,hit_761_20260730_122405.csv,512,DEFECT,HIGH,0,34,119,314,500000,6229698,3767581,-6229698,-455654.0,,,,好棒 任意重度敲击
762,12:24:06,hit_762_20260730_122406.csv,512,DEFECT,HIGH,0,27,113,264,500000,6474506,3827901,-6474506,-375351.8,,,,好棒 任意重度敲击
763,12:24:06,hit_763_20260730_122406.csv,512,NORMAL,HIGH,0,0,114,0,500000,5980040,4654861,-5980040,161553.0,,,,好棒 任意重度敲击
764,12:24:07,hit_764_20260730_122407.csv,512,DEFECT,HIGH,0,62,123,553,500000,6842645,4382110,-6842645,-769945.6,,,,好棒 任意重度敲击
765,12:24:07,hit_765_20260730_122407.csv,512,NORMAL,HIGH,0,0,111,0,500000,5952406,5122986,-5952406,384462.1,,,,好棒 任意重度敲击
766,12:24:07,hit_766_20260730_122407.csv,512,NORMAL,HIGH,0,0,109,0,500000,5759443,5759443,-5641171,787351.9,,,,好棒 任意重度敲击
767,12:24:08,hit_767_20260730_122408.csv,512,NORMAL,HIGH,0,0,110,0,500000,5623721,5623721,-5544122,753448.5,,,,好棒 任意重度敲击
768,12:24:08,hit_768_20260730_122408.csv,512,NORMAL,HIGH,0,0,111,0,500000,6042163,6042163,-5523011,915198.2,,,,好棒 任意重度敲击
769,12:24:08,hit_769_20260730_122408.csv,512,NORMAL,HIGH,0,0,112,0,500000,5670725,5137140,-5670725,379459.3,,,,好棒 任意重度敲击
770,12:24:09,hit_770_20260730_122409.csv,512,DEFECT,HIGH,0,32,118,299,500000,6512194,4248834,-6512194,-215518.9,,,,好棒 任意重度敲击
771,12:24:09,hit_771_20260730_122409.csv,512,DEFECT,HIGH,0,22,111,220,500000,6150968,4035590,-6150968,-71107.5,,,,好棒 任意重度敲击
772,12:24:09,hit_772_20260730_122409.csv,512,NORMAL,HIGH,0,0,110,0,500000,5752233,5327909,-5752233,637323.8,,,,好棒 任意重度敲击
773,12:24:10,hit_773_20260730_122410.csv,512,NORMAL,HIGH,0,0,116,0,500000,5620813,4934658,-5620813,403228.4,,,,好棒 任意重度敲击
774,12:24:10,hit_774_20260730_122410.csv,512,NORMAL,HIGH,0,0,115,0,500000,5989833,4995026,-5989833,454180.7,,,,好棒 任意重度敲击
775,12:24:10,hit_775_20260730_122410.csv,512,NORMAL,HIGH,0,0,111,0,500000,5285246,5285246,-4883583,721700.9,,,,好棒 任意重度敲击
776,12:24:11,hit_776_20260730_122411.csv,512,NORMAL,HIGH,0,0,113,0,500000,5250820,5250659,-5250820,561737.2,,,,好棒 任意重度敲击
777,12:24:11,hit_777_20260730_122411.csv,512,NORMAL,HIGH,0,0,114,0,500000,5369306,4863891,-5369306,246547.3,,,,好棒 任意重度敲击
778,12:24:11,hit_778_20260730_122411.csv,512,NORMAL,HIGH,0,0,114,0,500000,5557788,5557788,-5115797,733371.7,,,,好棒 任意重度敲击
779,12:24:12,hit_779_20260730_122412.csv,512,NORMAL,HIGH,0,0,111,0,500000,6190919,6190919,-4943268,1119978.8,,,,好棒 任意重度敲击
780,12:24:12,hit_780_20260730_122412.csv,512,NORMAL,HIGH,0,0,110,0,500000,5666681,5666681,-4653717,976560.3,,,,好棒 任意重度敲击
781,12:24:13,hit_781_20260730_122413.csv,512,NORMAL,HIGH,0,0,112,0,500000,5333513,5333513,-4593841,799601.5,,,,好棒 任意重度敲击
782,12:24:13,hit_782_20260730_122413.csv,512,DEFECT,HIGH,0,27,118,252,500000,5756049,5756049,-4626256,949642.4,,,,好棒 任意重度敲击
783,12:24:13,hit_783_20260730_122413.csv,512,NORMAL,HIGH,0,0,110,0,500000,5957421,5957421,-4240896,1266459.8,,,,好棒 任意重度敲击
784,12:24:14,hit_784_20260730_122414.csv,512,NORMAL,HIGH,0,0,110,0,500000,5697594,5311766,-5697594,614154.8,,,,好棒 任意重度敲击
785,12:24:14,hit_785_20260730_122414.csv,512,NORMAL,HIGH,0,0,108,0,500000,5914735,5914735,-4904738,1059678.3,,,,好棒 任意重度敲击
786,12:24:14,hit_786_20260730_122414.csv,512,NORMAL,HIGH,0,0,108,0,500000,5957745,4712450,-5957745,349566.3,,,,好棒 任意重度敲击
787,12:24:15,hit_787_20260730_122415.csv,512,DEFECT,HIGH,0,30,112,297,500000,6382591,3298968,-6382591,-939433.2,,,,好棒 任意重度敲击
788,12:24:15,hit_788_20260730_122415.csv,512,NORMAL,HIGH,0,0,110,0,500000,5849926,4915259,-5849926,344583.1,,,,好棒 任意重度敲击
789,12:24:15,hit_789_20260730_122415.csv,512,DEFECT,HIGH,0,24,113,235,500000,5390404,3904053,-5390404,-312734.6,,,,好棒 任意重度敲击
790,12:24:16,hit_790_20260730_122416.csv,512,NORMAL,HIGH,0,0,111,0,500000,5265279,5265279,-5108313,445547.1,,,,好棒 任意重度敲击
791,12:24:16,hit_791_20260730_122416.csv,512,NORMAL,HIGH,0,0,112,0,500000,5001195,4935289,-5001195,430041.9,,,,好棒 任意重度敲击
792,12:24:16,hit_792_20260730_122416.csv,512,NORMAL,HIGH,0,0,111,0,500000,5297574,5297574,-4643216,669103.7,,,,好棒 任意重度敲击
793,12:24:17,hit_793_20260730_122417.csv,512,DEFECT,HIGH,0,21,111,210,500000,5392634,4881478,-5392634,265770.8,,,,好棒 任意重度敲击
794,12:24:17,hit_794_20260730_122417.csv,512,DEFECT,HIGH,0,25,112,247,500000,5566743,5473847,-5566743,395031.3,,,,好棒 任意重度敲击
795,12:24:17,hit_795_20260730_122417.csv,512,DEFECT,HIGH,0,21,109,214,500000,5360769,5348326,-5360769,396536.4,,,,好棒 任意重度敲击
796,12:24:18,hit_796_20260730_122418.csv,512,INVALID,NONE,0,0,0,0,500000,797890,351829,-797890,-17224.9,,,,好棒 任意重度敲击
797,12:24:18,hit_797_20260730_122418.csv,512,DEFECT,HIGH,0,26,114,252,500000,5435536,4499162,-5435536,12316.7,,,,好棒 任意重度敲击
798,12:24:18,hit_798_20260730_122418.csv,512,DEFECT,HIGH,0,28,115,269,500000,6059322,4539963,-6059322,97664.2,,,,好棒 任意重度敲击
799,12:24:19,hit_799_20260730_122419.csv,512,NORMAL,HIGH,0,0,110,0,500000,5873952,4651732,-5873952,358440.4,,,,好棒 任意重度敲击
800,12:24:19,hit_800_20260730_122419.csv,512,DEFECT,HIGH,0,23,110,232,500000,6211105,4211383,-6211105,-110675.4,,,,好棒 任意重度敲击
801,12:24:19,hit_801_20260730_122419.csv,512,NORMAL,HIGH,0,0,109,0,500000,5688452,5032521,-5688452,420112.2,,,,好棒 任意重度敲击
802,12:24:20,hit_802_20260730_122420.csv,512,NORMAL,HIGH,0,0,110,0,500000,5022241,5022241,-4778933,687895.1,,,,好棒 任意重度敲击
803,12:24:20,hit_803_20260730_122420.csv,512,NORMAL,HIGH,0,0,111,0,500000,4659651,4223980,-4659651,9970.4,,,,好棒 任意重度敲击
804,12:24:20,hit_804_20260730_122420.csv,512,NORMAL,HIGH,0,0,109,0,500000,5067584,5067584,-4990840,569007.9,,,,好棒 任意重度敲击
805,12:24:21,hit_805_20260730_122421.csv,512,NORMAL,HIGH,0,0,111,0,500000,5602931,4683353,-5602931,268140.2,,,,好棒 任意重度敲击
806,12:24:21,hit_806_20260730_122421.csv,512,DEFECT,HIGH,0,35,111,350,500000,5744198,3938768,-5744198,-44052.0,,,,好棒 任意重度敲击
807,12:24:21,hit_807_20260730_122421.csv,512,DEFECT,HIGH,0,32,118,299,500000,5808496,4094734,-5808496,-525155.1,,,,好棒 任意重度敲击
808,12:24:22,hit_808_20260730_122422.csv,512,NORMAL,HIGH,0,0,110,0,500000,5733319,5501633,-5733319,755321.3,,,,好棒 任意重度敲击
809,12:24:22,hit_809_20260730_122422.csv,512,NORMAL,HIGH,0,0,110,0,500000,5549757,4669673,-5549757,518878.0,,,,好棒 任意重度敲击
810,12:24:22,hit_810_20260730_122422.csv,512,NORMAL,HIGH,0,0,113,0,500000,6053011,6053011,-5558542,901601.8,,,,好棒 任意重度敲击
811,12:24:23,hit_811_20260730_122423.csv,512,NORMAL,HIGH,0,0,110,0,500000,5281937,4976794,-5281937,470407.3,,,,好棒 任意重度敲击
812,12:24:23,hit_812_20260730_122423.csv,512,NORMAL,HIGH,0,0,113,0,500000,5743526,4938968,-5743526,515931.6,,,,好棒 任意重度敲击
813,12:24:24,hit_813_20260730_122424.csv,512,DEFECT,HIGH,0,28,115,269,500000,6089358,4346583,-6089358,84966.2,,,,好棒 任意重度敲击
814,12:24:24,hit_814_20260730_122424.csv,512,NORMAL,HIGH,0,0,109,0,500000,5559587,5559587,-5480418,733937.5,,,,好棒 任意重度敲击
815,12:24:24,hit_815_20260730_122424.csv,512,NORMAL,HIGH,0,0,111,0,500000,5374228,4952468,-5374228,326392.8,,,,好棒 任意重度敲击
816,12:24:25,hit_816_20260730_122425.csv,512,DEFECT,HIGH,0,22,112,217,500000,5222579,4359338,-5222579,104547.3,,,,好棒 任意重度敲击
817,12:24:25,hit_817_20260730_122425.csv,512,NORMAL,HIGH,0,0,111,0,500000,5126569,5126569,-4918195,576398.7,,,,好棒 任意重度敲击
818,12:24:25,hit_818_20260730_122425.csv,512,DEFECT,HIGH,0,32,108,329,500000,5468784,4761764,-5468784,210775.1,,,,好棒 任意重度敲击
819,12:24:26,hit_819_20260730_122426.csv,512,NORMAL,HIGH,0,0,110,0,500000,5764078,5193504,-5764078,536575.8,,,,好棒 任意重度敲击
820,12:24:26,hit_820_20260730_122426.csv,512,NORMAL,HIGH,0,0,110,0,500000,5812025,4797922,-5812025,496189.6,,,,好棒 任意重度敲击
821,12:24:26,hit_821_20260730_122426.csv,512,NORMAL,HIGH,0,0,111,0,500000,5241617,4845272,-5241617,411145.1,,,,好棒 任意重度敲击
822,12:24:27,hit_822_20260730_122427.csv,512,NORMAL,HIGH,0,0,110,0,500000,5125617,5125617,-4512964,661969.9,,,,好棒 任意重度敲击
823,12:24:27,hit_823_20260730_122427.csv,512,DEFECT,HIGH,0,28,115,269,500000,5406305,3351449,-5406305,-736673.3,,,,好棒 任意重度敲击
824,12:24:27,hit_824_20260730_122427.csv,512,DEFECT,HIGH,0,27,112,267,500000,5699650,3444202,-5699650,-782597.0,,,,好棒 任意重度敲击
825,12:24:28,hit_825_20260730_122428.csv,512,DEFECT,HIGH,0,26,111,260,500000,5374384,3652620,-5374384,-507283.4,,,,好棒 任意重度敲击
826,12:24:28,hit_826_20260730_122428.csv,512,DEFECT,HIGH,0,37,120,339,500000,6316261,3555388,-6316261,-855381.9,,,,好棒 任意重度敲击
827,12:24:28,hit_827_20260730_122428.csv,512,DEFECT,HIGH,0,23,110,232,500000,6031699,4272243,-6031699,118189.5,,,,好棒 任意重度敲击
828,12:24:29,hit_828_20260730_122429.csv,512,DEFECT,HIGH,0,23,109,234,500000,5932224,3425418,-5932224,-555492.4,,,,好棒 任意重度敲击
829,12:24:29,hit_829_20260730_122429.csv,512,NORMAL,HIGH,0,0,108,0,500000,5426645,4788280,-5426645,335054.0,,,,好棒 任意重度敲击
830,12:24:29,hit_830_20260730_122429.csv,512,NORMAL,HIGH,0,0,110,0,500000,5600005,4610933,-5600005,236363.8,,,,好棒 任意重度敲击
831,12:24:30,hit_831_20260730_122430.csv,512,NORMAL,HIGH,0,0,109,0,500000,5650475,5650475,-5373757,673083.5,,,,好棒 任意重度敲击
832,12:24:30,hit_832_20260730_122430.csv,512,NORMAL,HIGH,0,0,111,0,500000,4936055,4936055,-4763761,335118.7,,,,好棒 任意重度敲击
833,12:24:30,hit_833_20260730_122430.csv,512,NORMAL,HIGH,0,0,110,0,500000,5390405,5390405,-4900556,655165.4,,,,好棒 任意重度敲击
834,12:24:55,hit_834_20260730_122455.csv,512,DEFECT,HIGH,0,26,111,260,500000,5817141,3587315,-5817141,-694550.4,,,,好棒 任意重度敲击
835,12:24:56,hit_835_20260730_122456.csv,512,DEFECT,HIGH,0,22,108,226,500000,5474367,3968058,-5474367,-139155.2,,,,好棒 任意重度敲击
836,12:24:56,hit_836_20260730_122456.csv,512,NORMAL,HIGH,0,0,108,0,500000,4758246,4348311,-4758246,178340.7,,,,好棒 任意重度敲击
837,12:24:56,hit_837_20260730_122456.csv,512,NORMAL,HIGH,0,0,108,0,500000,6239113,4640785,-6239113,281461.9,,,,好棒 任意重度敲击
838,12:24:57,hit_838_20260730_122457.csv,512,DEFECT,HIGH,0,21,108,216,500000,5650234,4197298,-5650234,-33983.5,,,,好棒 任意重度敲击
839,12:24:57,hit_839_20260730_122457.csv,512,NORMAL,HIGH,0,0,108,0,500000,5965768,4473780,-5965768,113094.2,,,,好棒 任意重度敲击
840,12:24:57,hit_840_20260730_122457.csv,512,DEFECT,HIGH,0,32,113,313,500000,6649610,3853448,-6649610,-824653.9,,,,好棒 任意重度敲击
841,12:24:58,hit_841_20260730_122458.csv,512,DEFECT,HIGH,0,23,108,237,500000,6316189,4528641,-6316189,65120.7,,,,好棒 任意重度敲击
842,12:24:58,hit_842_20260730_122458.csv,512,NORMAL,HIGH,0,0,110,0,500000,6075255,4607272,-6075255,261527.1,,,,好棒 任意重度敲击
843,12:24:58,hit_843_20260730_122458.csv,512,DEFECT,HIGH,0,26,110,262,500000,6403322,4487674,-6403322,21502.5,,,,好棒 任意重度敲击
844,12:24:58,hit_844_20260730_122458.csv,512,NORMAL,HIGH,0,0,108,0,500000,5465714,5281937,-5465714,734704.1,,,,好棒 任意重度敲击
845,12:24:59,hit_845_20260730_122459.csv,512,DEFECT,HIGH,0,28,110,282,500000,6566319,4229784,-6566319,-227071.8,,,,好棒 任意重度敲击
846,12:24:59,hit_846_20260730_122459.csv,512,DEFECT,HIGH,0,22,108,226,500000,6174755,4262320,-6174755,-80881.0,,,,好棒 任意重度敲击
847,12:24:59,hit_847_20260730_122459.csv,512,DEFECT,HIGH,0,22,108,226,500000,6010767,4146347,-6010767,-123074.5,,,,好棒 任意重度敲击
848,12:25:00,hit_848_20260730_122500.csv,512,NORMAL,HIGH,0,0,108,0,500000,5855943,4821671,-5855943,418221.3,,,,好棒 任意重度敲击
849,12:25:00,hit_849_20260730_122500.csv,512,DEFECT,HIGH,0,29,108,298,500000,5969628,3984943,-5969628,-124528.3,,,,好棒 任意重度敲击
850,12:25:00,hit_850_20260730_122500.csv,512,DEFECT,HIGH,0,22,108,226,500000,6320725,3556118,-6320725,-696790.8,,,,好棒 任意重度敲击
851,12:25:01,hit_851_20260730_122501.csv,512,NORMAL,HIGH,0,0,110,0,500000,6008045,5097466,-6008045,383214.7,,,,好棒 任意重度敲击
852,12:25:01,hit_852_20260730_122501.csv,512,DEFECT,HIGH,0,25,110,252,500000,6181597,4582817,-6181597,128420.0,,,,好棒 任意重度敲击
853,12:25:01,hit_853_20260730_122501.csv,512,DEFECT,HIGH,0,25,111,250,500000,6033492,4167257,-6033492,-65161.6,,,,好棒 任意重度敲击
854,12:25:02,hit_854_20260730_122502.csv,512,NORMAL,HIGH,0,0,108,0,500000,5829458,4726985,-5829458,373050.2,,,,好棒 任意重度敲击
855,12:25:02,hit_855_20260730_122502.csv,512,DEFECT,HIGH,0,22,109,224,500000,6020001,4360056,-6020001,160645.6,,,,好棒 任意重度敲击
856,12:25:03,hit_856_20260730_122503.csv,512,NORMAL,HIGH,0,0,108,0,500000,5839795,5230267,-5839795,491608.0,,,,好棒 任意重度敲击
857,12:25:03,hit_857_20260730_122503.csv,512,NORMAL,HIGH,0,0,108,0,500000,6254264,4588528,-6254264,246680.1,,,,好棒 任意重度敲击
858,12:25:03,hit_858_20260730_122503.csv,512,NORMAL,HIGH,0,0,110,0,500000,6017637,5310102,-6017637,492186.5,,,,好棒 任意重度敲击
859,12:25:04,hit_859_20260730_122504.csv,512,NORMAL,HIGH,0,0,111,0,500000,5988541,4371617,-5988541,7064.5,,,,好棒 任意重度敲击
860,12:25:04,hit_860_20260730_122504.csv,512,NORMAL,HIGH,0,0,109,0,500000,6244271,6244271,-5297924,972432.8,,,,好棒 任意重度敲击
861,12:25:04,hit_861_20260730_122504.csv,512,NORMAL,HIGH,0,0,112,0,500000,5630647,4888914,-5630647,449786.9,,,,好棒 任意重度敲击
862,12:25:05,hit_862_20260730_122505.csv,512,DEFECT,HIGH,0,24,110,242,500000,6250198,4523805,-6250198,130997.6,,,,好棒 任意重度敲击
863,12:25:06,hit_863_20260730_122506.csv,512,NORMAL,HIGH,0,0,109,0,500000,5717429,4561557,-5717429,312457.3,,,,好棒 任意重度敲击
864,12:25:06,hit_864_20260730_122506.csv,512,NORMAL,HIGH,0,0,109,0,500000,6267069,6267069,-4914098,1161043.3,,,,好棒 任意重度敲击
865,12:25:06,hit_865_20260730_122506.csv,512,NORMAL,HIGH,0,0,108,0,500000,5761155,5445613,-5761155,658734.0,,,,好棒 任意重度敲击
866,12:25:07,hit_866_20260730_122507.csv,512,DEFECT,HIGH,0,24,110,242,500000,6199491,4619697,-6199491,87774.7,,,,好棒 任意重度敲击
867,12:25:07,hit_867_20260730_122507.csv,512,DEFECT,HIGH,0,27,112,267,500000,6225304,4282344,-6225304,-111376.0,,,,好棒 任意重度敲击
868,12:25:08,hit_868_20260730_122508.csv,512,DEFECT,HIGH,0,29,113,284,500000,6703734,4738560,-6703734,30102.0,,,,好棒 任意重度敲击
869,12:25:08,hit_869_20260730_122508.csv,512,NORMAL,HIGH,0,0,110,0,500000,6043853,5003957,-6043853,445265.2,,,,好棒 任意重度敲击
870,12:25:08,hit_870_20260730_122508.csv,512,DEFECT,HIGH,0,24,111,240,500000,5684742,3664068,-5684742,-347437.6,,,,好棒 任意重度敲击
871,12:25:09,hit_871_20260730_122509.csv,512,DEFECT,HIGH,0,33,113,323,500000,7043957,3512149,-7043957,-1038816.5,,,,好棒 任意重度敲击
872,12:25:09,hit_872_20260730_122509.csv,512,NORMAL,HIGH,0,0,109,0,500000,5584502,5141643,-5584502,334261.1,,,,好棒 任意重度敲击
873,12:25:10,hit_873_20260730_122510.csv,512,NORMAL,HIGH,0,0,108,0,500000,5554630,5554630,-5393569,636676.7,,,,好棒 任意重度敲击
874,12:25:10,hit_874_20260730_122510.csv,512,NORMAL,HIGH,0,0,111,0,500000,6022187,6022187,-5216505,949879.4,,,,好棒 任意重度敲击
875,12:25:10,hit_875_20260730_122510.csv,512,NORMAL,HIGH,0,0,109,0,500000,6642757,6642757,-4237264,1637271.8,,,,好棒 任意重度敲击
876,12:25:11,hit_876_20260730_122511.csv,512,NORMAL,HIGH,0,0,109,0,500000,5613701,5613701,-5174159,877279.4,,,,好棒 任意重度敲击
877,12:25:11,hit_877_20260730_122511.csv,512,NORMAL,HIGH,0,0,111,0,500000,5820278,4845887,-5820278,313906.8,,,,好棒 任意重度敲击
878,12:25:12,hit_878_20260730_122512.csv,512,NORMAL,HIGH,0,0,109,0,500000,6446747,4833555,-6446747,284164.9,,,,好棒 任意重度敲击
879,12:25:12,hit_879_20260730_122512.csv,512,NORMAL,HIGH,0,0,108,0,500000,6193103,6193103,-4782668,1270622.5,,,,好棒 任意重度敲击
880,12:25:13,hit_880_20260730_122513.csv,512,NORMAL,HIGH,0,0,108,0,500000,5464124,5464124,-5187745,612412.1,,,,好棒 任意重度敲击
881,12:25:13,hit_881_20260730_122513.csv,512,NORMAL,HIGH,0,0,108,0,500000,5723941,5723941,-5261597,729971.0,,,,好棒 任意重度敲击
882,12:25:13,hit_882_20260730_122513.csv,512,NORMAL,HIGH,0,0,109,0,500000,5574531,4754936,-5574531,477416.5,,,,好棒 任意重度敲击
883,12:25:14,hit_883_20260730_122514.csv,512,NORMAL,HIGH,0,0,111,0,500000,5714217,4761709,-5714217,346987.8,,,,好棒 任意重度敲击
884,12:25:14,hit_884_20260730_122514.csv,512,NORMAL,HIGH,0,0,110,0,500000,6404753,6404753,-4227807,1318403.4,,,,好棒 任意重度敲击
885,12:25:34,hit_885_20260730_122534.csv,512,NORMAL,HIGH,0,0,108,0,500000,4890762,4890762,-4869051,738499.9,,,,好棒 任意重度敲击
886,12:25:34,hit_886_20260730_122534.csv,512,NORMAL,HIGH,0,0,110,0,500000,5797535,4838483,-5797535,370978.2,,,,好棒 任意重度敲击
887,12:25:34,hit_887_20260730_122534.csv,512,NORMAL,HIGH,0,0,110,0,500000,5300879,4893910,-5300879,408234.7,,,,好棒 任意重度敲击
888,12:25:35,hit_888_20260730_122535.csv,512,DEFECT,HIGH,0,23,110,232,500000,5886025,4225728,-5886025,-102191.7,,,,好棒 任意重度敲击
889,12:25:35,hit_889_20260730_122535.csv,512,DEFECT,HIGH,0,27,111,270,500000,6392698,3919222,-6392698,-347926.4,,,,好棒 任意重度敲击
890,12:25:35,hit_890_20260730_122535.csv,512,NORMAL,HIGH,0,0,108,0,500000,5396174,4690856,-5396174,467840.7,,,,好棒 任意重度敲击
891,12:25:35,hit_891_20260730_122535.csv,512,NORMAL,HIGH,0,0,109,0,500000,5424433,4033800,-5424433,-61094.8,,,,好棒 任意重度敲击
892,12:25:36,hit_892_20260730_122536.csv,512,DEFECT,HIGH,0,73,108,752,500000,5766766,4066883,-5766766,-80420.9,,,,好棒 任意重度敲击
893,12:25:36,hit_893_20260730_122536.csv,512,DEFECT,HIGH,0,23,108,237,500000,5965567,4096629,-5965567,-318492.5,,,,好棒 任意重度敲击
894,12:25:36,hit_894_20260730_122536.csv,512,NORMAL,HIGH,0,0,110,0,500000,5234027,4324244,-5234027,29139.5,,,,好棒 任意重度敲击
895,12:25:37,hit_895_20260730_122537.csv,512,NORMAL,HIGH,0,0,108,0,500000,5801288,5801288,-4024362,912608.5,,,,好棒 任意重度敲击
896,12:25:37,hit_896_20260730_122537.csv,512,DEFECT,HIGH,0,28,111,280,500000,6175796,4111865,-6175796,-356821.3,,,,好棒 任意重度敲击
897,12:25:37,hit_897_20260730_122537.csv,512,NORMAL,HIGH,0,0,109,0,500000,5889757,4378580,-5889757,57405.1,,,,好棒 任意重度敲击
898,12:25:38,hit_898_20260730_122538.csv,512,NORMAL,HIGH,0,0,109,0,500000,4512892,4512892,-4416451,318106.7,,,,好棒 任意重度敲击
899,12:25:38,hit_899_20260730_122538.csv,512,NORMAL,HIGH,0,0,110,0,500000,5108470,5108470,-4897982,511698.5,,,,好棒 任意重度敲击
900,12:25:38,hit_900_20260730_122538.csv,512,NORMAL,HIGH,0,0,110,0,500000,5018968,5018968,-4389174,592856.1,,,,好棒 任意重度敲击
901,12:25:39,hit_901_20260730_122539.csv,512,DEFECT,HIGH,0,56,112,554,500000,5820206,3229586,-5820206,-770626.0,,,,好棒 任意重度敲击
902,12:25:39,hit_902_20260730_122539.csv,512,NORMAL,HIGH,0,0,108,0,500000,5231554,5231554,-4796562,799888.6,,,,好棒 任意重度敲击
903,12:25:39,hit_903_20260730_122539.csv,512,NORMAL,HIGH,0,0,108,0,500000,5188995,4966998,-5188995,550100.7,,,,好棒 任意重度敲击
904,12:25:39,hit_904_20260730_122539.csv,512,NORMAL,HIGH,0,0,108,0,500000,5834998,4489023,-5834998,284939.9,,,,好棒 任意重度敲击
905,12:25:40,hit_905_20260730_122540.csv,512,DEFECT,HIGH,0,32,108,329,500000,6060938,4060383,-6060938,-113304.7,,,,好棒 任意重度敲击
906,12:25:40,hit_906_20260730_122540.csv,512,DEFECT,HIGH,0,23,109,234,500000,6076256,4356246,-6076256,67522.0,,,,好棒 任意重度敲击
907,12:25:40,hit_907_20260730_122540.csv,512,DEFECT,HIGH,0,27,113,264,500000,6714890,4440480,-6714890,-128648.1,,,,好棒 任意重度敲击
908,12:25:40,hit_908_20260730_122540.csv,512,NORMAL,HIGH,0,0,109,0,500000,5526375,5526375,-4866485,752943.9,,,,好棒 任意重度敲击
909,12:25:41,hit_909_20260730_122541.csv,512,NORMAL,HIGH,0,0,109,0,500000,6234002,6234002,-3952106,1334140.1,,,,好棒 任意重度敲击
910,12:25:41,hit_910_20260730_122541.csv,512,NORMAL,HIGH,0,0,108,0,500000,5777372,5777372,-4750487,911157.1,,,,好棒 任意重度敲击
911,12:25:41,hit_911_20260730_122541.csv,512,NORMAL,HIGH,0,0,108,0,500000,5478512,5478512,-5028397,639239.8,,,,好棒 任意重度敲击
912,12:25:42,hit_912_20260730_122542.csv,512,NORMAL,HIGH,0,0,108,0,500000,6079126,6079126,-3714181,1130581.3,,,,好棒 任意重度敲击
913,12:25:42,hit_913_20260730_122542.csv,512,NORMAL,HIGH,0,0,108,0,500000,6215397,6215397,-3514186,1376838.8,,,,好棒 任意重度敲击
914,12:25:45,hit_914_20260730_122545.csv,512,NORMAL,HIGH,0,0,108,0,500000,6165699,6165699,-4937817,1112621.4,,,,好棒 任意重度敲击
915,12:25:45,hit_915_20260730_122545.csv,512,NORMAL,HIGH,0,0,108,0,500000,5157302,5033580,-5157302,542019.3,,,,好棒 任意重度敲击
916,12:25:45,hit_916_20260730_122545.csv,512,NORMAL,HIGH,0,0,108,0,500000,5726015,5726015,-5695683,696230.7,,,,好棒 任意重度敲击
917,12:25:46,hit_917_20260730_122546.csv,512,NORMAL,HIGH,0,0,108,0,500000,5705628,4688335,-5705628,358098.5,,,,好棒 任意重度敲击
918,12:25:46,hit_918_20260730_122546.csv,512,NORMAL,HIGH,0,0,108,0,500000,5423901,5378921,-5423901,603949.2,,,,好棒 任意重度敲击
919,12:25:46,hit_919_20260730_122546.csv,512,NORMAL,HIGH,0,0,113,0,500000,5695520,5695520,-5102384,1028884.6,,,,好棒 任意重度敲击
920,12:25:47,hit_920_20260730_122547.csv,512,NORMAL,HIGH,0,0,109,0,500000,5635227,5635227,-4112896,1099007.4,,,,好棒 任意重度敲击
921,12:25:47,hit_921_20260730_122547.csv,512,NORMAL,HIGH,0,0,108,0,500000,5829890,5829890,-4749411,928194.4,,,,好棒 任意重度敲击
922,12:25:47,hit_922_20260730_122547.csv,512,NORMAL,HIGH,0,0,109,0,500000,5908105,5908105,-4875943,990028.7,,,,好棒 任意重度敲击
923,12:25:47,hit_923_20260730_122547.csv,512,NORMAL,HIGH,0,0,109,0,500000,5741085,5741085,-5005600,885522.4,,,,好棒 任意重度敲击
924,12:25:48,hit_924_20260730_122548.csv,512,NORMAL,HIGH,0,0,109,0,500000,5750843,5750843,-4958243,894582.8,,,,好棒 任意重度敲击
925,12:25:48,hit_925_20260730_122548.csv,512,NORMAL,HIGH,0,0,110,0,500000,5836231,5836231,-4731361,1188259.3,,,,好棒 任意重度敲击
926,12:25:48,hit_926_20260730_122548.csv,512,NORMAL,HIGH,0,0,109,0,500000,5853133,5853133,-4664121,1005721.2,,,,好棒 任意重度敲击
927,12:25:49,hit_927_20260730_122549.csv,512,DEFECT,HIGH,0,26,112,257,500000,5395014,3606510,-5395014,-466188.1,,,,好棒 任意重度敲击
928,12:25:49,hit_928_20260730_122549.csv,512,DEFECT,HIGH,0,34,122,306,500000,5362633,2902507,-5362633,-735166.4,,,,好棒 任意重度敲击
929,12:25:50,hit_929_20260730_122550.csv,512,DEFECT,HIGH,0,40,112,396,500000,3719009,3719009,-3166970,-410193.6,,,,好棒 任意重度敲击
930,12:25:50,hit_930_20260730_122550.csv,512,DEFECT,HIGH,0,38,112,376,500000,3907000,3432730,-3907000,-521296.2,,,,好棒 任意重度敲击
931,12:25:50,hit_931_20260730_122550.csv,512,DEFECT,HIGH,0,33,110,333,500000,2583307,2583307,-1845337,-203630.4,,,,好棒 任意重度敲击
932,12:25:50,hit_932_20260730_122550.csv,512,DEFECT,HIGH,0,35,112,346,500000,3457306,3457306,-2499272,-253613.1,,,,好棒 任意重度敲击
933,12:25:51,hit_933_20260730_122551.csv,512,DEFECT,HIGH,0,46,116,438,500000,4333794,4333794,-3566315,-403042.4,,,,好棒 任意重度敲击
934,12:25:51,hit_934_20260730_122551.csv,512,DEFECT,HIGH,0,45,108,463,578256,2637170,2637170,-2103312,-232124.8,,,,好棒 任意重度敲击
935,12:25:51,hit_935_20260730_122551.csv,512,DEFECT,HIGH,0,37,112,366,500000,4801180,3339497,-4801180,-607453.9,,,,好棒 任意重度敲击
936,12:25:52,hit_936_20260730_122552.csv,512,DEFECT,HIGH,0,23,110,232,562134,4928826,3339649,-4928826,-498831.1,,,,好棒 任意重度敲击
937,12:25:52,hit_937_20260730_122552.csv,512,DEFECT,HIGH,0,29,109,295,791724,3983198,3348889,-3983198,-476395.1,,,,好棒 任意重度敲击
938,12:25:52,hit_938_20260730_122552.csv,512,DEFECT,HIGH,0,21,109,214,500000,4704318,3222707,-4704318,-478114.0,,,,好棒 任意重度敲击
939,12:25:52,hit_939_20260730_122552.csv,512,DEFECT,HIGH,0,31,109,316,500000,4117114,2901862,-4117114,-474841.9,,,,好棒 任意重度敲击
940,12:25:53,hit_940_20260730_122553.csv,512,DEFECT,HIGH,0,40,108,412,500000,2591711,2591711,-1878503,-173775.3,,,,好棒 任意重度敲击
941,12:25:53,hit_941_20260730_122553.csv,512,DEFECT,HIGH,0,33,116,292,500000,3114702,3114702,-2151456,-208312.3,,,,好棒 任意重度敲击
942,12:25:53,hit_942_20260730_122553.csv,512,DEFECT,HIGH,0,31,108,319,500000,3667815,3147815,-3667815,-446169.0,,,,好棒 任意重度敲击
943,12:25:54,hit_943_20260730_122554.csv,512,DEFECT,LOW,0,67,0,533,500000,1158244,1158244,-818762,49365.5,,,,好棒 任意重度敲击
944,12:25:54,hit_944_20260730_122554.csv,512,DEFECT,HIGH,0,51,113,451,500000,1708139,1708139,-1601576,-174726.4,,,,好棒 任意重度敲击
945,12:25:54,hit_945_20260730_122554.csv,512,DEFECT,HIGH,0,55,113,486,500000,2476706,2476706,-1999216,-204716.9,,,,好棒 任意重度敲击
946,12:25:55,hit_946_20260730_122555.csv,512,DEFECT,HIGH,0,53,117,500,500000,5052310,5052310,-3948259,-402949.6,,,,好棒 任意重度敲击
947,12:25:55,hit_947_20260730_122555.csv,512,DEFECT,HIGH,0,40,119,370,500000,5478709,4196561,-5478709,-713934.0,,,,好棒 任意重度敲击
948,12:25:55,hit_948_20260730_122555.csv,512,DEFECT,HIGH,0,43,116,409,500000,3517841,3517841,-2561518,-222525.2,,,,好棒 任意重度敲击
949,12:25:58,hit_949_20260730_122558.csv,512,DEFECT,HIGH,0,45,112,445,500000,3509535,3509535,-2626670,-256873.3,,,,好棒 任意重度敲击
950,12:25:58,hit_950_20260730_122558.csv,512,DEFECT,HIGH,0,25,109,255,500000,5754122,3413253,-5754122,-528752.1,,,,好棒 任意重度敲击
951,12:26:04,hit_951_20260730_122604.csv,512,DEFECT,HIGH,0,23,108,237,500000,5357415,3679223,-5357415,-376840.5,,,,好棒 任意重度敲击
952,12:26:05,hit_952_20260730_122605.csv,512,DEFECT,HIGH,0,32,109,326,500000,4530828,3107579,-4530828,-489543.0,,,,好棒 任意重度敲击
953,12:26:05,hit_953_20260730_122605.csv,512,DEFECT,HIGH,0,34,110,343,500000,4228641,3074384,-4228641,-507372.4,,,,好棒 任意重度敲击
954,12:26:05,hit_954_20260730_122605.csv,512,DEFECT,HIGH,0,88,109,785,500000,4222648,3003355,-4222648,-453006.9,,,,好棒 任意重度敲击
955,12:26:06,hit_955_20260730_122606.csv,512,DEFECT,HIGH,0,33,112,326,500000,3935375,3151310,-3935375,-445008.2,,,,好棒 任意重度敲击
956,12:26:07,hit_956_20260730_122607.csv,512,DEFECT,HIGH,0,49,114,475,500000,4042354,4042354,-2916852,-299326.0,,,,好棒 任意重度敲击
957,12:26:07,hit_957_20260730_122607.csv,512,DEFECT,HIGH,0,32,111,320,510894,3996995,3324197,-3996995,-561415.5,,,,好棒 任意重度敲击
958,12:26:07,hit_958_20260730_122607.csv,512,DEFECT,HIGH,0,34,110,343,500000,3547386,3547386,-3169144,-384330.2,,,,好棒 任意重度敲击
959,12:26:08,hit_959_20260730_122608.csv,512,DEFECT,HIGH,0,31,110,313,500000,4286950,2899055,-4286950,-474549.2,,,,好棒 任意重度敲击
960,12:26:08,hit_960_20260730_122608.csv,512,DEFECT,HIGH,0,31,111,310,500000,3220296,3220296,-2713211,-246015.6,,,,好棒 任意重度敲击
961,12:26:08,hit_961_20260730_122608.csv,512,DEFECT,HIGH,0,31,111,310,500000,3678139,3135375,-3678139,-392140.5,,,,好棒 任意重度敲击
962,12:26:08,hit_962_20260730_122608.csv,512,DEFECT,HIGH,0,34,111,340,500000,3290966,3290966,-2994184,-299622.3,,,,好棒 任意重度敲击
963,12:26:09,hit_963_20260730_122609.csv,512,NORMAL,HIGH,0,0,122,0,500000,1031749,1031749,-993043,-43339.9,,,,好棒 任意重度敲击
964,12:26:10,hit_964_20260730_122610.csv,512,DEFECT,HIGH,0,36,110,363,500000,4718079,3293669,-4718079,-580552.6,,,,好棒 任意重度敲击
965,12:26:10,hit_965_20260730_122610.csv,512,DEFECT,HIGH,0,33,109,336,500000,3587486,3399028,-3587486,-443351.6,,,,好棒 任意重度敲击
966,12:26:10,hit_966_20260730_122610.csv,512,DEFECT,HIGH,0,45,121,409,500000,4406626,3802564,-4406626,-611660.1,,,,好棒 任意重度敲击
967,12:26:10,hit_967_20260730_122610.csv,512,DEFECT,HIGH,0,39,113,382,500000,4766187,3339162,-4766187,-628883.0,,,,好棒 任意重度敲击
968,12:26:11,hit_968_20260730_122611.csv,512,DEFECT,HIGH,0,45,117,424,500000,4873241,3637041,-4873241,-613044.3,,,,好棒 任意重度敲击
969,12:26:11,hit_969_20260730_122611.csv,512,DEFECT,HIGH,0,31,118,289,500000,4995743,3189839,-4995743,-641305.3,,,,好棒 任意重度敲击
970,12:26:11,hit_970_20260730_122611.csv,512,DEFECT,HIGH,0,31,116,295,500000,5672224,3377352,-5672224,-806379.6,,,,好棒 任意重度敲击
971,12:26:12,hit_971_20260730_122612.csv,512,DEFECT,HIGH,0,26,110,262,500000,5380911,4436769,-5380911,-439398.6,,,,好棒 任意重度敲击
972,12:26:12,hit_972_20260730_122612.csv,512,DEFECT,HIGH,0,23,108,237,500000,5451641,3859068,-5451641,-396667.9,,,,好棒 任意重度敲击
973,12:26:12,hit_973_20260730_122612.csv,512,DEFECT,HIGH,0,30,113,294,500000,5636206,3280956,-5636206,-809127.8,,,,好棒 任意重度敲击
974,12:26:12,hit_974_20260730_122612.csv,512,DEFECT,HIGH,0,28,111,280,500000,5335599,3686417,-5335599,-628963.4,,,,好棒 任意重度敲击
975,12:26:13,hit_975_20260730_122613.csv,512,INVALID,NONE,0,0,0,0,500000,623585,257824,-623585,-3313.6,,,,好棒 任意重度敲击
976,12:26:13,hit_976_20260730_122613.csv,512,DEFECT,HIGH,0,27,108,278,500000,5886256,4138910,-5886256,-319156.3,,,,好棒 任意重度敲击
977,12:26:13,hit_977_20260730_122613.csv,512,NORMAL,HIGH,0,0,108,0,500000,5229421,4322664,-5229421,105849.8,,,,好棒 任意重度敲击
978,12:26:14,hit_978_20260730_122614.csv,512,NORMAL,HIGH,0,0,108,0,500000,5458748,4526005,-5458748,230515.6,,,,好棒 任意重度敲击
979,12:26:14,hit_979_20260730_122614.csv,512,DEFECT,HIGH,0,22,108,226,500000,5434142,3880583,-5434142,-270635.9,,,,好棒 任意重度敲击
980,12:26:14,hit_980_20260730_122614.csv,512,DEFECT,HIGH,0,21,108,216,500000,5234937,3926066,-5234937,-157741.3,,,,好棒 任意重度敲击
981,12:26:15,hit_981_20260730_122615.csv,512,DEFECT,HIGH,0,23,108,237,500000,5349822,3788751,-5349822,-321442.9,,,,好棒 任意重度敲击
982,12:26:15,hit_982_20260730_122615.csv,512,DEFECT,HIGH,0,22,108,226,500000,5610939,3937697,-5610939,-374333.3,,,,好棒 任意重度敲击
983,12:26:15,hit_983_20260730_122615.csv,512,DEFECT,HIGH,0,22,108,226,500000,5625261,3728181,-5625261,-482696.3,,,,好棒 任意重度敲击
984,12:26:16,hit_984_20260730_122616.csv,512,DEFECT,HIGH,0,31,108,319,500000,5477396,3856795,-5477396,-342308.5,,,,好棒 任意重度敲击
985,12:26:16,hit_985_20260730_122616.csv,512,DEFECT,HIGH,0,23,108,237,500000,5720146,4082769,-5720146,-234914.9,,,,好棒 任意重度敲击
986,12:26:16,hit_986_20260730_122616.csv,512,DEFECT,HIGH,0,28,111,280,500000,5499365,3985627,-5499365,-556103.7,,,,好棒 任意重度敲击
987,12:26:16,hit_987_20260730_122616.csv,512,DEFECT,HIGH,0,23,108,237,500000,5559260,3710967,-5559260,-388369.7,,,,好棒 任意重度敲击
988,12:26:17,hit_988_20260730_122617.csv,512,NORMAL,HIGH,0,0,108,0,500000,5702520,4368986,-5702520,31828.8,,,,好棒 任意重度敲击
989,12:26:17,hit_989_20260730_122617.csv,512,DEFECT,HIGH,0,24,108,247,500000,5681401,3915206,-5681401,-376966.9,,,,好棒 任意重度敲击
990,12:26:17,hit_990_20260730_122617.csv,512,DEFECT,HIGH,0,21,108,216,500000,5562572,4033739,-5562572,-250113.4,,,,好棒 任意重度敲击
991,12:26:18,hit_991_20260730_122618.csv,512,DEFECT,HIGH,0,21,108,216,500000,5025556,3713288,-5025556,-330180.5,,,,好棒 任意重度敲击
992,12:26:18,hit_992_20260730_122618.csv,512,NORMAL,HIGH,0,0,108,0,500000,5847512,4331394,-5847512,-56117.7,,,,好棒 任意重度敲击
993,12:26:18,hit_993_20260730_122618.csv,512,DEFECT,HIGH,0,29,111,290,500000,5643810,4025454,-5643810,-571608.4,,,,好棒 任意重度敲击
994,12:26:18,hit_994_20260730_122618.csv,512,DEFECT,HIGH,0,27,112,267,500000,5304691,4128040,-5304691,-251273.8,,,,好棒 任意重度敲击
995,12:26:19,hit_995_20260730_122619.csv,512,DEFECT,HIGH,0,28,112,277,500000,5354842,4006569,-5354842,-280089.4,,,,好棒 任意重度敲击
996,12:26:19,hit_996_20260730_122619.csv,512,DEFECT,HIGH,0,31,113,303,500000,5714497,3344942,-5714497,-726627.0,,,,好棒 任意重度敲击
997,12:26:19,hit_997_20260730_122619.csv,512,DEFECT,HIGH,0,31,112,306,500000,5833643,3475010,-5833643,-732744.8,,,,好棒 任意重度敲击
998,12:26:20,hit_998_20260730_122620.csv,512,DEFECT,HIGH,0,31,111,310,500000,5923641,3614677,-5923641,-732886.7,,,,好棒 任意重度敲击
999,12:26:20,hit_999_20260730_122620.csv,512,NORMAL,HIGH,0,0,108,0,500000,5310023,4235345,-5310023,-51860.0,,,,好棒 任意重度敲击
1000,12:26:20,hit_1000_20260730_122620.csv,512,NORMAL,HIGH,0,0,108,0,500000,5933496,4633532,-5933496,49641.2,,,,好棒 任意重度敲击
1001,12:26:20,hit_1001_20260730_122620.csv,512,DEFECT,HIGH,0,29,111,290,500000,5913250,4156001,-5913250,-308558.8,,,,好棒 任意重度敲击
1002,12:26:21,hit_1002_20260730_122621.csv,512,DEFECT,HIGH,0,27,109,275,500000,5406416,3986425,-5406416,-345705.0,,,,好棒 任意重度敲击
1003,12:26:21,hit_1003_20260730_122621.csv,512,DEFECT,HIGH,0,26,108,268,500000,5763271,4102742,-5763271,-270886.6,,,,好棒 任意重度敲击
1004,12:26:21,hit_1004_20260730_122621.csv,512,DEFECT,HIGH,0,26,108,268,500000,5939862,4053023,-5939862,-456799.0,,,,好棒 任意重度敲击
1005,12:26:21,hit_1005_20260730_122621.csv,512,DEFECT,HIGH,0,25,111,250,500000,3615052,3020533,-3615052,139473.2,,,,好棒 任意重度敲击
1006,12:26:22,hit_1006_20260730_122622.csv,512,DEFECT,HIGH,0,43,113,421,500000,5008367,3538026,-5008367,-552512.5,,,,好棒 任意重度敲击
1007,12:26:22,hit_1007_20260730_122622.csv,512,NORMAL,HIGH,0,0,108,0,500000,6091951,4305108,-6091951,4053.5,,,,好棒 任意重度敲击
1008,12:26:22,hit_1008_20260730_122622.csv,512,DEFECT,HIGH,0,21,108,216,500000,5848843,4004438,-5848843,-292184.3,,,,好棒 任意重度敲击
1009,12:26:23,hit_1009_20260730_122623.csv,512,DEFECT,HIGH,0,22,108,226,500000,5578197,4144617,-5578197,-218815.4,,,,好棒 任意重度敲击
1010,12:26:23,hit_1010_20260730_122623.csv,512,NORMAL,HIGH,0,0,108,0,500000,5409969,4437985,-5409969,97005.0,,,,好棒 任意重度敲击
1011,12:26:23,hit_1011_20260730_122623.csv,512,DEFECT,HIGH,0,99,108,907,500000,5481252,4272100,-5481252,-77261.5,,,,好棒 任意重度敲击
1012,12:26:23,hit_1012_20260730_122623.csv,512,DEFECT,HIGH,0,24,108,247,500000,5824609,4029238,-5824609,-439602.4,,,,好棒 任意重度敲击
1013,12:26:24,hit_1013_20260730_122624.csv,512,NORMAL,HIGH,0,0,108,0,500000,5169422,3986872,-5169422,-68857.4,,,,好棒 任意重度敲击
1014,12:26:24,hit_1014_20260730_122624.csv,512,NORMAL,HIGH,0,0,108,0,500000,5784607,4362183,-5784607,89416.1,,,,好棒 任意重度敲击
1015,12:26:24,hit_1015_20260730_122624.csv,512,DEFECT,HIGH,0,27,108,278,500000,5740260,3992377,-5740260,-679097.0,,,,好棒 任意重度敲击
1016,12:26:25,hit_1016_20260730_122625.csv,512,DEFECT,HIGH,0,27,109,275,500000,6269630,4230812,-6269630,-452705.8,,,,好棒 任意重度敲击
1017,12:26:25,hit_1017_20260730_122625.csv,512,DEFECT,HIGH,0,27,111,270,500000,5399091,4053481,-5399091,-379788.1,,,,好棒 任意重度敲击
1018,12:26:25,hit_1018_20260730_122625.csv,512,DEFECT,HIGH,0,26,110,262,500000,5997681,4225244,-5997681,-276683.3,,,,好棒 任意重度敲击
1019,12:26:25,hit_1019_20260730_122625.csv,512,NORMAL,HIGH,0,0,108,0,500000,5499286,5185635,-5499286,436707.5,,,,好棒 任意重度敲击
1020,12:26:26,hit_1020_20260730_122626.csv,512,NORMAL,HIGH,0,0,109,0,500000,5837237,5837237,-5239774,746547.1,,,,好棒 任意重度敲击
1021,12:26:26,hit_1021_20260730_122626.csv,512,NORMAL,HIGH,0,0,108,0,500000,5593288,5593288,-5169908,663507.3,,,,好棒 任意重度敲击
1022,12:26:26,hit_1022_20260730_122626.csv,512,DEFECT,HIGH,0,27,110,272,500000,5976170,4076612,-5976170,-443108.2,,,,好棒 任意重度敲击
1023,12:26:26,hit_1023_20260730_122626.csv,512,NORMAL,HIGH,0,0,108,0,500000,5500039,4921721,-5500039,358578.4,,,,好棒 任意重度敲击
1024,12:28:25,hit_1024_20260730_122825.csv,512,DEFECT,HIGH,0,23,108,237,500000,5828079,4354305,-5828079,54266.1,,,,好棒 任意重度敲击
1025,12:28:25,hit_1025_20260730_122825.csv,512,NORMAL,HIGH,0,0,108,0,500000,5694119,5098842,-5694119,397413.2,,,,好棒 任意重度敲击
1026,12:28:26,hit_1026_20260730_122826.csv,512,NORMAL,HIGH,0,0,108,0,500000,5196445,4847667,-5196445,411070.7,,,,好棒 任意重度敲击
1027,12:28:26,hit_1027_20260730_122826.csv,512,NORMAL,HIGH,0,0,108,0,500000,5399339,4406037,-5399339,160129.4,,,,好棒 任意重度敲击
1028,12:28:26,hit_1028_20260730_122826.csv,512,NORMAL,HIGH,0,0,108,0,500000,5987701,5211524,-5987701,408877.3,,,,好棒 任意重度敲击
1029,12:28:27,hit_1029_20260730_122827.csv,512,DEFECT,HIGH,0,24,111,240,500000,4935744,2978501,-4935744,-719130.6,,,,好棒 任意重度敲击
1030,12:28:28,hit_1030_20260730_122828.csv,512,DEFECT,HIGH,0,23,109,234,500000,5497237,3484257,-5497237,-572540.9,,,,好棒 任意重度敲击
1031,12:28:28,hit_1031_20260730_122828.csv,512,DEFECT,HIGH,0,30,108,309,500000,4738275,3149948,-4738275,-500834.5,,,,好棒 任意重度敲击
1032,12:28:28,hit_1032_20260730_122828.csv,512,DEFECT,HIGH,0,29,115,278,500000,5594079,3090168,-5594079,-651197.0,,,,好棒 任意重度敲击
1033,12:28:28,hit_1033_20260730_122828.csv,512,DEFECT,HIGH,0,25,111,250,500000,5155719,3405867,-5155719,-524233.9,,,,好棒 任意重度敲击
1034,12:28:29,hit_1034_20260730_122829.csv,512,DEFECT,HIGH,0,25,112,247,500000,5057458,3414397,-5057458,-638090.3,,,,好棒 任意重度敲击
1035,12:28:29,hit_1035_20260730_122829.csv,512,DEFECT,HIGH,0,27,112,267,500000,5459974,3524803,-5459974,-508373.4,,,,好棒 任意重度敲击
1036,12:28:29,hit_1036_20260730_122829.csv,512,DEFECT,HIGH,0,30,116,285,500000,5514088,3673981,-5514088,-579333.6,,,,好棒 任意重度敲击
1037,12:28:30,hit_1037_20260730_122830.csv,512,DEFECT,HIGH,0,41,114,398,500000,4778208,3364903,-4778208,-576309.8,,,,好棒 任意重度敲击
1038,12:28:30,hit_1038_20260730_122830.csv,512,DEFECT,HIGH,0,26,113,254,500000,5177315,3394163,-5177315,-435262.4,,,,好棒 任意重度敲击
1039,12:28:30,hit_1039_20260730_122830.csv,512,DEFECT,HIGH,0,27,113,264,500000,5214471,3389628,-5214471,-505860.4,,,,好棒 任意重度敲击
1040,12:28:30,hit_1040_20260730_122830.csv,512,DEFECT,HIGH,0,26,113,254,500000,5176153,3238644,-5176153,-624611.3,,,,好棒 任意重度敲击
1041,12:28:31,hit_1041_20260730_122831.csv,512,DEFECT,HIGH,0,25,112,247,500000,5169191,3267082,-5169191,-476225.4,,,,好棒 任意重度敲击
1042,12:28:31,hit_1042_20260730_122831.csv,512,DEFECT,HIGH,0,24,113,235,500000,4999791,3315584,-4999791,-399495.8,,,,好棒 任意重度敲击
1043,12:28:31,hit_1043_20260730_122831.csv,512,DEFECT,HIGH,0,27,116,257,500000,5324121,3367771,-5324121,-523244.9,,,,好棒 任意重度敲击
1044,12:28:32,hit_1044_20260730_122832.csv,512,DEFECT,HIGH,0,24,112,237,500000,4967716,3109258,-4967716,-562128.4,,,,好棒 任意重度敲击
1045,12:28:32,hit_1045_20260730_122832.csv,512,DEFECT,HIGH,0,28,117,264,500000,5158931,3384244,-5158931,-573346.5,,,,好棒 任意重度敲击
1046,12:28:32,hit_1046_20260730_122832.csv,512,DEFECT,HIGH,0,26,114,252,500000,4351647,3071712,-4351647,-448705.1,,,,好棒 任意重度敲击
1047,12:28:32,hit_1047_20260730_122832.csv,512,DEFECT,LOW,0,41,0,390,500000,3349507,3349507,-2513876,-261158.3,,,,好棒 任意重度敲击
1048,12:28:33,hit_1048_20260730_122833.csv,512,DEFECT,HIGH,0,28,116,266,500000,4635717,3200172,-4635717,-496925.2,,,,好棒 任意重度敲击
1049,12:28:33,hit_1049_20260730_122833.csv,512,DEFECT,HIGH,0,36,113,352,500000,4002430,2975217,-4002430,-647782.2,,,,好棒 任意重度敲击
1050,12:28:33,hit_1050_20260730_122833.csv,512,DEFECT,HIGH,0,37,111,370,500000,3322143,3141150,-3322143,-518722.7,,,,好棒 任意重度敲击
1051,12:28:33,hit_1051_20260730_122833.csv,512,DEFECT,HIGH,0,37,112,366,500000,3663010,3213289,-3663010,-528640.2,,,,好棒 任意重度敲击
1052,12:28:34,hit_1052_20260730_122834.csv,512,DEFECT,HIGH,0,40,111,400,500000,3658247,3658247,-2954860,-383196.9,,,,好棒 任意重度敲击
1053,12:28:34,hit_1053_20260730_122834.csv,512,DEFECT,HIGH,0,41,110,414,500000,3686986,3686986,-2557039,-284655.2,,,,好棒 任意重度敲击
1054,12:28:34,hit_1054_20260730_122834.csv,512,DEFECT,HIGH,0,36,112,356,500000,3560412,3560412,-3203976,-458072.6,,,,好棒 任意重度敲击
1055,12:28:34,hit_1055_20260730_122834.csv,512,DEFECT,HIGH,0,35,110,353,500000,3255096,3255096,-2778548,-369074.9,,,,好棒 任意重度敲击
1056,12:28:35,hit_1056_20260730_122835.csv,512,DEFECT,HIGH,0,34,110,343,500000,3615340,3615340,-3185731,-437772.6,,,,好棒 任意重度敲击
1057,12:28:35,hit_1057_20260730_122835.csv,512,DEFECT,HIGH,0,41,110,414,500000,3655783,3655783,-2844713,-342229.5,,,,好棒 任意重度敲击
1058,12:28:35,hit_1058_20260730_122835.csv,512,DEFECT,HIGH,0,38,112,376,500000,4272241,3205099,-4272241,-588772.6,,,,好棒 任意重度敲击
1059,12:28:35,hit_1059_20260730_122835.csv,512,DEFECT,HIGH,0,38,112,376,500000,3528724,3474140,-3528724,-406619.8,,,,好棒 任意重度敲击
1060,12:28:36,hit_1060_20260730_122836.csv,512,DEFECT,HIGH,0,36,112,356,500000,3624502,3624502,-2760406,-310726.7,,,,好棒 任意重度敲击
1061,12:28:36,hit_1061_20260730_122836.csv,512,DEFECT,HIGH,0,34,113,333,500000,3763124,3271290,-3763124,-439157.1,,,,好棒 任意重度敲击
1062,12:28:36,hit_1062_20260730_122836.csv,512,DEFECT,HIGH,0,35,111,350,500000,3752913,3132396,-3752913,-437785.3,,,,好棒 任意重度敲击
1063,12:28:36,hit_1063_20260730_122836.csv,512,DEFECT,HIGH,0,37,113,362,500000,3899617,3555158,-3899617,-461388.7,,,,好棒 任意重度敲击
1064,12:28:37,hit_1064_20260730_122837.csv,512,DEFECT,HIGH,0,40,114,388,500000,4301094,3291318,-4301094,-538836.0,,,,好棒 任意重度敲击
1065,12:28:37,hit_1065_20260730_122837.csv,512,DEFECT,HIGH,0,40,108,412,500000,3384891,3384891,-2353327,-246158.2,,,,好棒 任意重度敲击
1066,12:28:37,hit_1066_20260730_122837.csv,512,DEFECT,HIGH,0,33,112,326,500000,3316093,3316093,-2842030,-275162.2,,,,好棒 任意重度敲击
1067,12:28:38,hit_1067_20260730_122838.csv,512,DEFECT,HIGH,0,24,112,237,500000,4767849,3112424,-4767849,-544791.6,,,,好棒 任意重度敲击
1068,12:28:38,hit_1068_20260730_122838.csv,512,DEFECT,HIGH,0,47,111,470,500000,3082031,3082031,-2254088,-242692.2,,,,好棒 任意重度敲击
1069,12:28:38,hit_1069_20260730_122838.csv,512,DEFECT,HIGH,0,41,114,398,500000,4044203,4044203,-3301403,-423806.2,,,,好棒 任意重度敲击
1070,12:28:39,hit_1070_20260730_122839.csv,512,DEFECT,HIGH,0,36,116,342,500000,4495461,3041952,-4495461,-620230.7,,,,好棒 任意重度敲击
1071,12:28:39,hit_1071_20260730_122839.csv,512,DEFECT,HIGH,0,25,114,242,500000,4765181,3015957,-4765181,-584465.9,,,,好棒 任意重度敲击
1072,12:28:39,hit_1072_20260730_122839.csv,512,DEFECT,HIGH,0,28,114,271,500000,5401709,3191190,-5401709,-737432.1,,,,好棒 任意重度敲击
1073,12:28:40,hit_1073_20260730_122840.csv,512,DEFECT,HIGH,0,41,114,398,500000,4978839,3472275,-4978839,-709052.5,,,,好棒 任意重度敲击
1074,12:28:40,hit_1074_20260730_122840.csv,512,DEFECT,HIGH,0,49,117,462,500000,5170326,3787052,-5170326,-746477.1,,,,好棒 任意重度敲击
1075,12:28:40,hit_1075_20260730_122840.csv,512,DEFECT,HIGH,0,29,114,281,500000,5352939,3265645,-5352939,-749035.7,,,,好棒 任意重度敲击
1076,12:28:41,hit_1076_20260730_122841.csv,512,DEFECT,HIGH,0,28,115,269,500000,5465714,3243246,-5465714,-620967.5,,,,好棒 任意重度敲击
1077,12:28:41,hit_1077_20260730_122841.csv,512,DEFECT,HIGH,0,48,108,494,500000,4877632,3638706,-4877632,-560694.5,,,,好棒 任意重度敲击
1078,12:28:41,hit_1078_20260730_122841.csv,512,DEFECT,HIGH,0,33,120,302,500000,5276255,3202741,-5276255,-667243.6,,,,好棒 任意重度敲击
1079,12:28:41,hit_1079_20260730_122841.csv,512,DEFECT,HIGH,0,36,115,346,500000,3599657,3599657,-2818026,-313106.7,,,,好棒 任意重度敲击
1080,12:28:42,hit_1080_20260730_122842.csv,512,DEFECT,HIGH,0,52,108,536,500000,5729268,3441395,-5729268,-766651.5,,,,好棒 任意重度敲击
1081,12:28:42,hit_1081_20260730_122842.csv,512,DEFECT,HIGH,0,34,122,306,500000,5410624,3251850,-5410624,-645666.4,,,,好棒 任意重度敲击
1082,12:28:42,hit_1082_20260730_122842.csv,512,DEFECT,HIGH,0,53,108,546,500000,4714743,4277043,-4714743,-512618.4,,,,好棒 任意重度敲击
1083,12:28:43,hit_1083_20260730_122843.csv,512,DEFECT,HIGH,0,34,117,320,500000,5843519,3567170,-5843519,-871912.5,,,,好棒 任意重度敲击
1084,12:28:43,hit_1084_20260730_122843.csv,512,DEFECT,HIGH,0,30,115,288,500000,5523421,3338609,-5523421,-695296.8,,,,好棒 任意重度敲击
1085,12:28:43,hit_1085_20260730_122843.csv,512,DEFECT,HIGH,0,30,116,285,500000,5290546,3473027,-5290546,-777825.9,,,,好棒 任意重度敲击
1086,12:28:43,hit_1086_20260730_122843.csv,512,DEFECT,HIGH,0,31,118,289,500000,5020214,2977751,-5020214,-750545.1,,,,好棒 任意重度敲击
1087,12:28:44,hit_1087_20260730_122844.csv,512,DEFECT,HIGH,0,30,116,285,500000,5490317,3241366,-5490317,-705854.2,,,,好棒 任意重度敲击
1088,12:28:44,hit_1088_20260730_122844.csv,512,DEFECT,HIGH,0,26,113,254,500000,5214186,3332749,-5214186,-669540.1,,,,好棒 任意重度敲击
1089,12:28:44,hit_1089_20260730_122844.csv,512,DEFECT,HIGH,0,38,123,339,500000,5920939,3332598,-5920939,-786977.3,,,,好棒 任意重度敲击
1090,12:28:44,hit_1090_20260730_122844.csv,512,DEFECT,HIGH,0,27,112,267,500000,5438396,3305485,-5438396,-716287.0,,,,好棒 任意重度敲击
1091,12:28:45,hit_1091_20260730_122845.csv,512,DEFECT,HIGH,0,26,112,257,500000,5113589,3099442,-5113589,-686334.2,,,,好棒 任意重度敲击
1092,12:28:45,hit_1092_20260730_122845.csv,512,DEFECT,HIGH,0,35,110,353,500000,4738501,2908048,-4738501,-830213.6,,,,好棒 任意重度敲击
1093,12:28:45,hit_1093_20260730_122845.csv,512,DEFECT,HIGH,0,29,113,284,500000,4967457,2961824,-4967457,-856568.7,,,,好棒 任意重度敲击
1094,12:28:46,hit_1094_20260730_122846.csv,512,DEFECT,HIGH,0,24,110,242,500000,4723140,3061769,-4723140,-746695.7,,,,好棒 任意重度敲击
1095,12:28:46,hit_1095_20260730_122846.csv,512,DEFECT,HIGH,0,47,115,451,500000,4961970,3720074,-4961970,-834581.7,,,,好棒 任意重度敲击
1096,12:28:46,hit_1096_20260730_122846.csv,512,DEFECT,HIGH,0,27,113,264,500000,5218061,3175229,-5218061,-741790.5,,,,好棒 任意重度敲击
1097,12:28:46,hit_1097_20260730_122846.csv,512,DEFECT,HIGH,0,24,111,240,500000,5585818,3819215,-5585818,-363738.5,,,,好棒 任意重度敲击
1098,12:28:47,hit_1098_20260730_122847.csv,512,DEFECT,HIGH,0,25,112,247,500000,5173641,3374233,-5173641,-664360.8,,,,好棒 任意重度敲击
1099,12:28:47,hit_1099_20260730_122847.csv,512,DEFECT,HIGH,0,36,120,330,500000,6034320,3459142,-6034320,-819511.8,,,,好棒 任意重度敲击
1100,12:28:47,hit_1100_20260730_122847.csv,512,DEFECT,HIGH,0,38,123,339,500000,5984113,3337853,-5984113,-789939.1,,,,好棒 任意重度敲击
1101,12:28:47,hit_1101_20260730_122847.csv,512,DEFECT,HIGH,0,32,114,310,500000,6108305,3553091,-6108305,-824220.5,,,,好棒 任意重度敲击
1102,12:28:48,hit_1102_20260730_122848.csv,512,DEFECT,HIGH,0,27,112,267,500000,5465730,3247946,-5465730,-618903.2,,,,好棒 任意重度敲击
1103,12:28:48,hit_1103_20260730_122848.csv,512,DEFECT,HIGH,0,26,110,262,500000,5250278,3609822,-5250278,-465640.2,,,,好棒 任意重度敲击
1104,12:28:48,hit_1104_20260730_122848.csv,512,DEFECT,HIGH,0,24,109,244,500000,5049113,3500731,-5049113,-479821.5,,,,好棒 任意重度敲击
1105,12:28:49,hit_1105_20260730_122849.csv,512,DEFECT,HIGH,0,22,108,226,500000,5011864,3593750,-5011864,-374996.2,,,,好棒 任意重度敲击
1106,12:28:49,hit_1106_20260730_122849.csv,512,DEFECT,HIGH,0,24,110,242,500000,5266769,3789136,-5266769,-397883.1,,,,好棒 任意重度敲击
1107,12:28:49,hit_1107_20260730_122849.csv,512,DEFECT,HIGH,0,24,110,242,500000,4938581,3570175,-4938581,-423381.6,,,,好棒 任意重度敲击
1108,12:28:49,hit_1108_20260730_122849.csv,512,DEFECT,HIGH,0,25,110,252,500000,5054655,3369525,-5054655,-496306.4,,,,好棒 任意重度敲击
1109,12:28:50,hit_1109_20260730_122850.csv,512,DEFECT,HIGH,0,38,111,380,500000,4648775,3171784,-4648775,-707743.9,,,,好棒 任意重度敲击
1110,12:28:50,hit_1110_20260730_122850.csv,512,DEFECT,HIGH,0,25,111,250,500000,5335810,3409492,-5335810,-498261.2,,,,好棒 任意重度敲击
1111,12:28:50,hit_1111_20260730_122850.csv,512,DEFECT,HIGH,0,23,108,237,500000,5663289,3777650,-5663289,-352834.4,,,,好棒 任意重度敲击
1112,12:28:50,hit_1112_20260730_122850.csv,512,DEFECT,HIGH,0,26,112,257,500000,5513707,3583386,-5513707,-538073.4,,,,好棒 任意重度敲击
1113,12:28:51,hit_1113_20260730_122851.csv,512,DEFECT,HIGH,0,23,111,230,500000,5792791,3559401,-5792791,-493195.3,,,,好棒 任意重度敲击
1114,12:28:51,hit_1114_20260730_122851.csv,512,DEFECT,HIGH,0,27,114,262,500000,5424813,3904335,-5424813,-300822.9,,,,好棒 任意重度敲击
1115,12:28:51,hit_1115_20260730_122851.csv,512,DEFECT,HIGH,0,26,113,254,500000,5253025,3894573,-5253025,-345645.3,,,,好棒 任意重度敲击
1116,12:28:51,hit_1116_20260730_122851.csv,512,DEFECT,HIGH,0,25,115,240,500000,5077914,3756135,-5077914,-243812.4,,,,好棒 任意重度敲击
1117,12:28:52,hit_1117_20260730_122852.csv,512,DEFECT,HIGH,0,24,113,235,500000,4883729,4526831,-4883729,61985.7,,,,好棒 任意重度敲击
1118,12:28:52,hit_1118_20260730_122852.csv,512,DEFECT,HIGH,0,24,114,233,500000,4842511,3996706,-4842511,-163709.6,,,,好棒 任意重度敲击
1119,12:28:52,hit_1119_20260730_122852.csv,512,DEFECT,HIGH,0,24,111,240,500000,5085647,4066000,-5085647,-266697.7,,,,好棒 任意重度敲击
1120,12:28:53,hit_1120_20260730_122853.csv,512,DEFECT,HIGH,0,22,110,222,500000,5091027,3573237,-5091027,-382966.5,,,,好棒 任意重度敲击
1121,12:28:53,hit_1121_20260730_122853.csv,512,DEFECT,HIGH,0,25,111,250,500000,5918984,4096703,-5918984,-102621.4,,,,好棒 任意重度敲击
1122,12:28:53,hit_1122_20260730_122853.csv,512,DEFECT,HIGH,0,32,116,304,500000,6175772,3457438,-6175772,-831737.9,,,,好棒 任意重度敲击
1123,12:29:25,hit_1123_20260730_122925.csv,512,DEFECT,HIGH,0,29,117,273,500000,5929754,3517784,-5929754,-463846.3,,,,好棒 任意重度敲击
1124,12:29:26,hit_1124_20260730_122926.csv,512,DEFECT,HIGH,0,23,111,230,500000,4704334,3032217,-4704334,-545618.2,,,,好棒 任意重度敲击
1125,12:29:26,hit_1125_20260730_122926.csv,512,DEFECT,HIGH,0,24,112,237,500000,4901694,3210318,-4901694,-535824.0,,,,好棒 任意重度敲击
1126,12:29:26,hit_1126_20260730_122926.csv,512,DEFECT,HIGH,0,24,109,244,500000,6022665,3923432,-6022665,-316196.9,,,,好棒 任意重度敲击
1127,12:29:26,hit_1127_20260730_122926.csv,512,DEFECT,HIGH,0,24,110,242,500000,5474543,3832695,-5474543,-222398.3,,,,好棒 任意重度敲击
1128,12:29:27,hit_1128_20260730_122927.csv,512,DEFECT,HIGH,0,31,117,274,500000,4382730,2441376,-4382730,-909682.8,,,,好棒 任意重度敲击
1129,12:29:27,hit_1129_20260730_122927.csv,512,DEFECT,HIGH,0,22,108,226,500000,4543328,2766897,-4543328,-727980.3,,,,好棒 任意重度敲击
1130,12:29:27,hit_1130_20260730_122927.csv,512,DEFECT,HIGH,0,98,116,769,500000,5275105,3381545,-5275105,-535950.2,,,,好棒 任意重度敲击
1131,12:29:27,hit_1131_20260730_122927.csv,512,DEFECT,HIGH,0,24,109,244,500000,4720288,2533722,-4720288,-811969.7,,,,好棒 任意重度敲击
1132,12:29:28,hit_1132_20260730_122928.csv,512,DEFECT,HIGH,0,26,112,257,500000,4955608,2939268,-4955608,-642395.5,,,,好棒 任意重度敲击
1133,12:29:28,hit_1133_20260730_122928.csv,512,DEFECT,HIGH,0,37,109,377,500000,4379444,3200553,-4379444,-708594.5,,,,好棒 任意重度敲击
1134,12:29:28,hit_1134_20260730_122928.csv,512,DEFECT,HIGH,0,26,112,257,500000,4973244,3013904,-4973244,-606260.0,,,,好棒 任意重度敲击
1135,12:29:28,hit_1135_20260730_122928.csv,512,DEFECT,HIGH,0,25,111,250,500000,5112950,3142325,-5112950,-577471.4,,,,好棒 任意重度敲击
1136,12:29:29,hit_1136_20260730_122929.csv,512,DEFECT,HIGH,0,38,111,380,500000,4456215,3155975,-4456215,-730071.7,,,,好棒 任意重度敲击
1137,12:29:29,hit_1137_20260730_122929.csv,512,DEFECT,HIGH,0,26,111,260,500000,5185882,3099724,-5185882,-600116.6,,,,好棒 任意重度敲击
1138,12:29:29,hit_1138_20260730_122929.csv,512,DEFECT,HIGH,0,24,110,242,500000,4966183,3062642,-4966183,-605225.9,,,,好棒 任意重度敲击
1139,12:29:29,hit_1139_20260730_122929.csv,512,DEFECT,HIGH,0,25,110,252,500000,5079912,3263001,-5079912,-587438.1,,,,好棒 任意重度敲击
1140,12:29:30,hit_1140_20260730_122930.csv,512,DEFECT,HIGH,0,25,111,250,500000,4893012,3139802,-4893012,-589060.8,,,,好棒 任意重度敲击
1141,12:29:30,hit_1141_20260730_122930.csv,512,DEFECT,HIGH,0,25,110,252,500000,5128221,3511508,-5128221,-572905.8,,,,好棒 任意重度敲击
1142,12:29:30,hit_1142_20260730_122930.csv,512,DEFECT,HIGH,0,24,111,240,500000,4891194,3066790,-4891194,-611760.8,,,,好棒 任意重度敲击
1143,12:29:30,hit_1143_20260730_122930.csv,512,DEFECT,HIGH,0,38,112,376,500000,4320558,3286170,-4320558,-541936.8,,,,好棒 任意重度敲击
1144,12:29:31,hit_1144_20260730_122931.csv,512,DEFECT,HIGH,0,35,109,357,500000,4807007,3243285,-4807007,-681894.6,,,,好棒 任意重度敲击
1145,12:29:31,hit_1145_20260730_122931.csv,512,DEFECT,HIGH,0,38,110,383,500000,4937122,3406410,-4937122,-673993.2,,,,好棒 任意重度敲击
1146,12:29:31,hit_1146_20260730_122931.csv,512,DEFECT,HIGH,0,24,111,240,500000,5036794,3317048,-5036794,-564135.8,,,,好棒 任意重度敲击
1147,12:29:31,hit_1147_20260730_122931.csv,512,DEFECT,HIGH,0,22,109,224,500000,4913649,3163146,-4913649,-549048.8,,,,好棒 任意重度敲击
1148,12:29:32,hit_1148_20260730_122932.csv,512,DEFECT,HIGH,0,22,110,222,500000,4734685,3004922,-4734685,-583912.7,,,,好棒 任意重度敲击
1149,12:29:32,hit_1149_20260730_122932.csv,512,DEFECT,HIGH,0,26,111,260,500000,5188675,3313534,-5188675,-657969.4,,,,好棒 任意重度敲击
1150,12:29:32,hit_1150_20260730_122932.csv,512,DEFECT,HIGH,0,35,109,357,500000,4350597,2926520,-4350597,-832621.8,,,,好棒 任意重度敲击
1151,12:29:32,hit_1151_20260730_122932.csv,512,DEFECT,HIGH,0,24,112,237,500000,4718228,3058903,-4718228,-544912.7,,,,好棒 任意重度敲击
1152,12:29:33,hit_1152_20260730_122933.csv,512,DEFECT,HIGH,0,36,113,352,500000,4532813,3063690,-4532813,-521833.0,,,,好棒 任意重度敲击
1153,12:29:33,hit_1153_20260730_122933.csv,512,DEFECT,HIGH,0,33,109,336,500000,4159415,2645899,-4159415,-731506.8,,,,好棒 任意重度敲击
1154,12:29:33,hit_1154_20260730_122933.csv,512,DEFECT,HIGH,0,23,111,230,500000,4681803,3086050,-4681803,-599378.9,,,,好棒 任意重度敲击
1155,12:29:33,hit_1155_20260730_122933.csv,512,DEFECT,HIGH,0,24,111,240,500000,4870965,3252275,-4870965,-592766.5,,,,好棒 任意重度敲击
1156,12:29:34,hit_1156_20260730_122934.csv,512,DEFECT,HIGH,0,23,110,232,500000,4866274,3266316,-4866274,-510397.3,,,,好棒 任意重度敲击
1157,12:29:34,hit_1157_20260730_122934.csv,512,DEFECT,HIGH,0,38,111,380,500000,5322945,3079114,-5322945,-847259.6,,,,好棒 任意重度敲击
1158,12:29:34,hit_1158_20260730_122934.csv,512,DEFECT,HIGH,0,24,109,244,500000,4828574,3081777,-4828574,-605364.0,,,,好棒 任意重度敲击
1159,12:29:35,hit_1159_20260730_122935.csv,512,DEFECT,HIGH,0,38,110,383,500000,5116698,3219639,-5116698,-788282.5,,,,好棒 任意重度敲击
1160,12:29:35,hit_1160_20260730_122935.csv,512,DEFECT,HIGH,0,31,108,319,500000,4627608,3077091,-4627608,-515948.0,,,,好棒 任意重度敲击
1161,12:29:35,hit_1161_20260730_122935.csv,512,DEFECT,HIGH,0,52,119,481,500000,4228933,4228933,-3877809,-451917.4,,,,好棒 任意重度敲击
1162,12:29:35,hit_1162_20260730_122935.csv,512,DEFECT,HIGH,0,25,114,242,500000,4862834,2954224,-4862834,-577011.5,,,,好棒 任意重度敲击
1163,12:29:36,hit_1163_20260730_122936.csv,512,DEFECT,HIGH,0,24,112,237,500000,5028449,3597853,-5028449,-455147.8,,,,好棒 任意重度敲击
1164,12:29:36,hit_1164_20260730_122936.csv,512,DEFECT,HIGH,0,22,112,217,500000,4522428,3401733,-4522428,-333654.7,,,,好棒 任意重度敲击
1165,12:29:36,hit_1165_20260730_122936.csv,512,DEFECT,HIGH,0,26,116,247,500000,5170682,3394757,-5170682,-488105.6,,,,好棒 任意重度敲击
1166,12:29:36,hit_1166_20260730_122936.csv,512,DEFECT,HIGH,0,25,112,247,500000,5293399,3403865,-5293399,-599602.9,,,,好棒 任意重度敲击
1167,12:29:37,hit_1167_20260730_122937.csv,512,DEFECT,HIGH,0,25,110,252,500000,5767863,3646739,-5767863,-503944.9,,,,好棒 任意重度敲击
1168,12:29:37,hit_1168_20260730_122937.csv,512,DEFECT,HIGH,0,24,110,242,500000,5255016,3395835,-5255016,-501568.8,,,,好棒 任意重度敲击
1169,12:29:37,hit_1169_20260730_122937.csv,512,DEFECT,HIGH,0,23,110,232,500000,4983470,3499734,-4983470,-342320.9,,,,好棒 任意重度敲击
1170,12:29:38,hit_1170_20260730_122938.csv,512,DEFECT,HIGH,0,26,112,257,500000,5233757,3425917,-5233757,-482939.8,,,,好棒 任意重度敲击
1171,12:29:38,hit_1171_20260730_122938.csv,512,DEFECT,HIGH,0,24,110,242,500000,5070429,3641974,-5070429,-346901.1,,,,好棒 任意重度敲击
1172,12:29:38,hit_1172_20260730_122938.csv,512,DEFECT,HIGH,0,25,111,250,500000,5061045,3369292,-5061045,-605103.8,,,,好棒 任意重度敲击
1173,12:29:39,hit_1173_20260730_122939.csv,512,DEFECT,HIGH,0,26,112,257,500000,5222173,2832878,-5222173,-769724.3,,,,好棒 任意重度敲击
1174,12:29:39,hit_1174_20260730_122939.csv,512,DEFECT,HIGH,0,26,111,260,500000,5192552,3058089,-5192552,-688869.0,,,,好棒 任意重度敲击
1175,12:29:39,hit_1175_20260730_122939.csv,512,DEFECT,HIGH,0,24,113,235,500000,4826426,3332002,-4826426,-399333.6,,,,好棒 任意重度敲击
1176,12:29:40,hit_1176_20260730_122940.csv,512,DEFECT,HIGH,0,23,114,223,500000,4550900,3323232,-4550900,-362227.2,,,,好棒 任意重度敲击
1177,12:29:40,hit_1177_20260730_122940.csv,512,DEFECT,HIGH,0,32,108,329,500000,4986177,2897831,-4986177,-541706.5,,,,好棒 任意重度敲击
1178,12:29:40,hit_1178_20260730_122940.csv,512,DEFECT,HIGH,0,26,113,254,500000,5040705,3518076,-5040705,-508282.8,,,,好棒 任意重度敲击
1179,12:29:40,hit_1179_20260730_122940.csv,512,DEFECT,HIGH,0,24,115,230,500000,4656616,3349113,-4656616,-362495.1,,,,好棒 任意重度敲击
1180,12:29:41,hit_1180_20260730_122941.csv,512,DEFECT,HIGH,0,75,112,742,500000,4365992,3700165,-4365992,-194493.6,,,,好棒 任意重度敲击
1181,12:29:41,hit_1181_20260730_122941.csv,512,DEFECT,HIGH,0,51,108,525,500000,5552624,3223768,-5552624,-639729.0,,,,好棒 任意重度敲击
1182,12:29:41,hit_1182_20260730_122941.csv,512,DEFECT,HIGH,0,31,122,279,500000,5468095,3434984,-5468095,-551549.1,,,,好棒 任意重度敲击
1183,12:29:42,hit_1183_20260730_122942.csv,512,DEFECT,HIGH,0,31,108,319,500000,5062398,3247522,-5062398,-518950.1,,,,好棒 任意重度敲击
1184,12:29:42,hit_1184_20260730_122942.csv,512,DEFECT,HIGH,0,32,123,285,500000,5006566,3578953,-5006566,-513905.4,,,,好棒 任意重度敲击
1185,12:29:42,hit_1185_20260730_122942.csv,512,DEFECT,HIGH,0,33,108,340,500000,5687890,3290637,-5687890,-606449.3,,,,好棒 任意重度敲击
1186,12:29:42,hit_1186_20260730_122942.csv,512,DEFECT,HIGH,0,52,123,464,500000,4107911,4107911,-3309091,-272794.7,,,,好棒 任意重度敲击
1187,12:29:43,hit_1187_20260730_122943.csv,512,DEFECT,HIGH,0,31,108,319,500000,5045871,3304517,-5045871,-499274.0,,,,好棒 任意重度敲击
1188,12:29:43,hit_1188_20260730_122943.csv,512,DEFECT,HIGH,0,32,108,329,500000,5144138,3222651,-5144138,-504822.7,,,,好棒 任意重度敲击
1189,12:29:43,hit_1189_20260730_122943.csv,512,DEFECT,HIGH,0,54,108,556,500000,4353108,3942429,-4353108,-357347.8,,,,好棒 任意重度敲击
1190,12:29:44,hit_1190_20260730_122944.csv,512,DEFECT,HIGH,0,56,120,513,500000,4176362,4176362,-3731821,-263403.4,,,,好棒 任意重度敲击
1191,12:29:44,hit_1191_20260730_122944.csv,512,DEFECT,HIGH,0,51,108,525,500000,5147359,3386728,-5147359,-521914.7,,,,好棒 任意重度敲击
1192,12:29:44,hit_1192_20260730_122944.csv,512,DEFECT,HIGH,0,60,120,550,500000,5207288,3079242,-5207288,-434246.4,,,,好棒 任意重度敲击
1193,12:29:44,hit_1193_20260730_122944.csv,512,DEFECT,HIGH,0,34,108,350,500000,4960699,3418889,-4960699,-519301.5,,,,好棒 任意重度敲击
1194,12:29:45,hit_1194_20260730_122945.csv,512,DEFECT,HIGH,0,31,108,319,500000,5103591,3166797,-5103591,-533900.5,,,,好棒 任意重度敲击
1195,12:29:45,hit_1195_20260730_122945.csv,512,DEFECT,HIGH,0,32,108,329,500000,5181754,3165205,-5181754,-505608.6,,,,好棒 任意重度敲击
1196,12:29:45,hit_1196_20260730_122945.csv,512,DEFECT,HIGH,0,30,123,267,500000,5085958,3153068,-5085958,-472733.5,,,,好棒 任意重度敲击
1197,12:29:45,hit_1197_20260730_122945.csv,512,DEFECT,HIGH,0,32,108,329,500000,4898404,3384920,-4898404,-474777.6,,,,好棒 任意重度敲击
1198,12:29:46,hit_1198_20260730_122946.csv,512,DEFECT,HIGH,0,27,119,250,500000,4523359,3304296,-4523359,-241000.8,,,,好棒 任意重度敲击
1199,12:29:46,hit_1199_20260730_122946.csv,512,DEFECT,HIGH,0,54,108,556,500000,5366670,3501109,-5366670,-436431.6,,,,好棒 任意重度敲击
1200,12:29:46,hit_1200_20260730_122946.csv,512,DEFECT,HIGH,0,30,122,270,500000,4542875,3272104,-4542875,-224098.1,,,,好棒 任意重度敲击
1201,12:29:46,hit_1201_20260730_122946.csv,512,DEFECT,HIGH,0,26,119,240,500000,4460278,3144276,-4460278,-277340.5,,,,好棒 任意重度敲击
1202,12:29:47,hit_1202_20260730_122947.csv,512,DEFECT,HIGH,0,21,116,200,500000,4348212,3079725,-4348212,-284140.3,,,,好棒 任意重度敲击
1203,12:29:47,hit_1203_20260730_122947.csv,512,DEFECT,HIGH,0,51,118,476,500000,4935588,3814296,-4935588,-388098.4,,,,好棒 任意重度敲击
1204,12:29:47,hit_1204_20260730_122947.csv,512,DEFECT,HIGH,0,55,108,567,500000,5495239,3783088,-5495239,-469494.8,,,,好棒 任意重度敲击
1205,12:29:47,hit_1205_20260730_122947.csv,512,DEFECT,HIGH,0,52,119,481,500000,5204609,3788922,-5204609,-482871.7,,,,好棒 任意重度敲击
1206,12:29:48,hit_1206_20260730_122948.csv,512,DEFECT,HIGH,0,52,119,481,500000,5189288,3759360,-5189288,-476886.6,,,,好棒 任意重度敲击
1207,12:29:48,hit_1207_20260730_122948.csv,512,DEFECT,HIGH,0,54,118,504,500000,5326570,4127640,-5326570,-499026.8,,,,好棒 任意重度敲击
1208,12:29:48,hit_1208_20260730_122948.csv,512,DEFECT,HIGH,0,50,118,467,500000,5279619,3814073,-5279619,-404265.0,,,,好棒 任意重度敲击
1209,12:29:48,hit_1209_20260730_122948.csv,512,DEFECT,HIGH,0,55,119,509,500000,5626989,3869321,-5626989,-540871.9,,,,好棒 任意重度敲击
1210,12:29:49,hit_1210_20260730_122949.csv,512,DEFECT,HIGH,0,55,118,514,500000,4977783,4065234,-4977783,-400954.0,,,,好棒 任意重度敲击
1211,12:29:49,hit_1211_20260730_122949.csv,512,DEFECT,HIGH,0,48,117,452,500000,5137988,3644678,-5137988,-425251.5,,,,好棒 任意重度敲击
1212,12:29:49,hit_1212_20260730_122949.csv,512,DEFECT,HIGH,0,31,123,276,500000,5330728,3461836,-5330728,-420060.1,,,,好棒 任意重度敲击
1213,12:29:49,hit_1213_20260730_122949.csv,512,DEFECT,HIGH,0,55,118,514,500000,5449298,3836624,-5449298,-478458.3,,,,好棒 任意重度敲击
1214,12:29:50,hit_1214_20260730_122950.csv,512,DEFECT,HIGH,0,25,118,233,500000,4897173,3285319,-4897173,-399091.1,,,,好棒 任意重度敲击
1215,12:29:50,hit_1215_20260730_122950.csv,512,DEFECT,HIGH,0,31,119,287,500000,5504573,3557738,-5504573,-530853.1,,,,好棒 任意重度敲击
1216,12:29:50,hit_1216_20260730_122950.csv,512,DEFECT,HIGH,0,28,121,254,500000,5245748,3136851,-5245748,-504440.8,,,,好棒 任意重度敲击
1217,12:29:50,hit_1217_20260730_122950.csv,512,DEFECT,HIGH,0,26,116,247,500000,5192542,3750748,-5192542,-407467.3,,,,好棒 任意重度敲击
1218,12:29:51,hit_1218_20260730_122951.csv,512,DEFECT,HIGH,0,29,120,266,500000,4876580,3127603,-4876580,-425082.2,,,,好棒 任意重度敲击
1219,12:29:51,hit_1219_20260730_122951.csv,512,DEFECT,HIGH,0,53,117,500,500000,4773884,4040385,-4773884,-395294.7,,,,好棒 任意重度敲击
1220,12:29:51,hit_1220_20260730_122951.csv,512,DEFECT,HIGH,0,54,118,504,500000,4611645,4061550,-4611645,-366428.9,,,,好棒 任意重度敲击
1221,12:29:51,hit_1221_20260730_122951.csv,512,DEFECT,HIGH,0,29,118,271,500000,5652337,3452457,-5652337,-549719.8,,,,好棒 任意重度敲击
1222,12:29:52,hit_1222_20260730_122952.csv,512,DEFECT,HIGH,0,29,122,261,500000,4926251,3150498,-4926251,-414718.8,,,,好棒 任意重度敲击
1223,12:29:52,hit_1223_20260730_122952.csv,512,DEFECT,HIGH,0,28,122,252,500000,4691071,3081695,-4691071,-394920.5,,,,好棒 任意重度敲击
1224,12:29:52,hit_1224_20260730_122952.csv,512,DEFECT,HIGH,0,32,108,329,500000,4992752,3429438,-4992752,-332056.6,,,,好棒 任意重度敲击
1225,12:29:52,hit_1225_20260730_122952.csv,512,DEFECT,HIGH,0,33,108,340,500000,5354794,3178295,-5354794,-506618.4,,,,好棒 任意重度敲击
1226,12:29:53,hit_1226_20260730_122953.csv,512,DEFECT,HIGH,0,33,123,294,500000,5375436,3436173,-5375436,-450591.0,,,,好棒 任意重度敲击
1227,12:29:53,hit_1227_20260730_122953.csv,512,DEFECT,HIGH,0,28,118,261,500000,5429411,3720388,-5429411,-417379.3,,,,好棒 任意重度敲击
1228,12:29:53,hit_1228_20260730_122953.csv,512,DEFECT,HIGH,0,23,116,219,500000,4721570,3508567,-4721570,-211158.1,,,,好棒 任意重度敲击
1229,12:29:53,hit_1229_20260730_122953.csv,512,DEFECT,HIGH,0,27,119,250,500000,5224369,3511697,-5224369,-377037.7,,,,好棒 任意重度敲击
1230,12:29:54,hit_1230_20260730_122954.csv,512,DEFECT,HIGH,0,24,115,230,500000,4816524,3536075,-4816524,-235761.9,,,,好棒 任意重度敲击
1231,12:29:54,hit_1231_20260730_122954.csv,512,DEFECT,HIGH,0,26,117,245,500000,5066351,3467428,-5066351,-316534.0,,,,好棒 任意重度敲击
1232,12:29:54,hit_1232_20260730_122954.csv,512,DEFECT,HIGH,0,28,116,266,500000,5469429,3435642,-5469429,-548081.3,,,,好棒 任意重度敲击
1233,12:29:54,hit_1233_20260730_122954.csv,512,DEFECT,HIGH,0,27,117,254,500000,5300691,3467462,-5300691,-456453.0,,,,好棒 任意重度敲击
1234,12:29:55,hit_1234_20260730_122955.csv,512,DEFECT,HIGH,0,27,116,257,500000,5288586,3421715,-5288586,-537928.8,,,,好棒 任意重度敲击
1235,12:29:55,hit_1235_20260730_122955.csv,512,DEFECT,HIGH,0,28,116,266,500000,5416995,3666282,-5416995,-548428.8,,,,好棒 任意重度敲击
1236,12:29:55,hit_1236_20260730_122955.csv,512,DEFECT,HIGH,0,26,115,250,500000,5250485,3606394,-5250485,-516662.9,,,,好棒 任意重度敲击
1237,12:29:55,hit_1237_20260730_122955.csv,512,DEFECT,HIGH,0,26,114,252,500000,5377555,3861609,-5377555,-515823.3,,,,好棒 任意重度敲击
1238,12:29:56,hit_1238_20260730_122956.csv,512,DEFECT,HIGH,0,25,115,240,500000,5088111,3531070,-5088111,-406684.5,,,,好棒 任意重度敲击
1239,12:29:56,hit_1239_20260730_122956.csv,512,DEFECT,HIGH,0,25,114,242,500000,5115297,3532949,-5115297,-449348.0,,,,好棒 任意重度敲击
1240,12:29:56,hit_1240_20260730_122956.csv,512,DEFECT,HIGH,0,25,114,242,500000,5132010,3640857,-5132010,-439392.3,,,,好棒 任意重度敲击
1241,12:29:56,hit_1241_20260730_122956.csv,512,DEFECT,HIGH,0,21,112,207,500000,4407430,3669342,-4407430,-179960.0,,,,好棒 任意重度敲击
1242,12:29:57,hit_1242_20260730_122957.csv,512,DEFECT,HIGH,0,21,112,207,500000,4496553,3444593,-4496553,-291333.5,,,,好棒 任意重度敲击
1243,12:29:57,hit_1243_20260730_122957.csv,512,DEFECT,HIGH,0,77,113,754,500000,4432032,3668127,-4432032,-87324.1,,,,好棒 任意重度敲击
1244,12:29:57,hit_1244_20260730_122957.csv,512,DEFECT,HIGH,0,29,120,266,500000,5200582,3005203,-5200582,-731709.5,,,,好棒 任意重度敲击
1245,12:29:57,hit_1245_20260730_122957.csv,512,DEFECT,HIGH,0,25,116,238,500000,5142805,3537406,-5142805,-435927.3,,,,好棒 任意重度敲击
1246,12:29:58,hit_1246_20260730_122958.csv,512,DEFECT,HIGH,0,25,113,245,500000,5074247,3212481,-5074247,-628590.1,,,,好棒 任意重度敲击
1247,12:31:11,hit_1247_20260730_123111.csv,512,DEFECT,HIGH,0,26,111,260,500000,6558692,4776764,-6558692,105739.2,,,,好棒 任意重度敲击
1248,12:31:12,hit_1248_20260730_123112.csv,512,DEFECT,HIGH,0,26,111,260,500000,5787512,4084361,-5787512,-326208.8,,,,好棒 任意重度敲击
1249,12:31:12,hit_1249_20260730_123112.csv,512,DEFECT,HIGH,0,27,111,270,500000,6419686,4019007,-6419686,-502549.3,,,,好棒 任意重度敲击
1250,12:31:12,hit_1250_20260730_123112.csv,512,DEFECT,HIGH,0,25,111,250,500000,6535555,4258582,-6535555,-262559.8,,,,好棒 任意重度敲击
1251,12:31:13,hit_1251_20260730_123113.csv,512,DEFECT,HIGH,0,24,110,242,500000,6301833,4349331,-6301833,-90097.5,,,,好棒 任意重度敲击
1252,12:31:13,hit_1252_20260730_123113.csv,512,DEFECT,HIGH,0,24,112,237,500000,6055251,4168909,-6055251,-152124.1,,,,好棒 任意重度敲击
1253,12:31:13,hit_1253_20260730_123113.csv,512,DEFECT,HIGH,0,26,111,260,500000,6407697,4170595,-6407697,-259860.8,,,,好棒 任意重度敲击
1254,12:31:13,hit_1254_20260730_123113.csv,512,DEFECT,HIGH,0,24,111,240,500000,5866242,4457429,-5866242,241713.9,,,,好棒 任意重度敲击
1255,12:31:14,hit_1255_20260730_123114.csv,512,DEFECT,HIGH,0,25,111,250,500000,6239826,4007975,-6239826,-278438.3,,,,好棒 任意重度敲击
1256,12:31:14,hit_1256_20260730_123114.csv,512,DEFECT,HIGH,0,25,110,252,500000,6405919,4481790,-6405919,-91023.3,,,,好棒 任意重度敲击
1257,12:31:14,hit_1257_20260730_123114.csv,512,NORMAL,HIGH,0,0,112,0,500000,5902848,4722286,-5902848,243788.3,,,,好棒 任意重度敲击
1258,12:31:14,hit_1258_20260730_123114.csv,512,DEFECT,HIGH,0,25,110,252,500000,6259710,4621687,-6259710,57397.3,,,,好棒 任意重度敲击
1259,12:31:14,hit_1259_20260730_123114.csv,512,DEFECT,HIGH,0,24,111,240,500000,6245512,4352391,-6245512,14562.5,,,,好棒 任意重度敲击
1260,12:31:15,hit_1260_20260730_123115.csv,512,DEFECT,HIGH,0,23,110,232,500000,6191811,4303551,-6191811,-59278.0,,,,好棒 任意重度敲击
1261,12:31:15,hit_1261_20260730_123115.csv,512,DEFECT,HIGH,0,24,110,242,500000,6230466,4499854,-6230466,129001.2,,,,好棒 任意重度敲击
1262,12:31:15,hit_1262_20260730_123115.csv,512,NORMAL,HIGH,0,0,111,0,500000,5703703,4536959,-5703703,228966.2,,,,好棒 任意重度敲击
1263,12:31:15,hit_1263_20260730_123115.csv,512,DEFECT,HIGH,0,24,111,240,500000,5813525,4461227,-5813525,80559.4,,,,好棒 任意重度敲击
1264,12:31:15,hit_1264_20260730_123115.csv,512,DEFECT,HIGH,0,23,110,232,500000,5849887,4524412,-5849887,70934.5,,,,好棒 任意重度敲击
1265,12:31:16,hit_1265_20260730_123116.csv,512,DEFECT,HIGH,0,24,111,240,500000,5766395,4195589,-5766395,-152987.2,,,,好棒 任意重度敲击
1266,12:31:16,hit_1266_20260730_123116.csv,512,DEFECT,HIGH,0,24,110,242,500000,6228259,4318463,-6228259,-175766.3,,,,好棒 任意重度敲击
1267,12:31:16,hit_1267_20260730_123116.csv,512,DEFECT,HIGH,0,27,112,267,500000,6328339,4155474,-6328339,-407602.7,,,,好棒 任意重度敲击
1268,12:31:16,hit_1268_20260730_123116.csv,512,NORMAL,HIGH,0,0,111,0,500000,5715346,4855162,-5715346,464120.8,,,,好棒 任意重度敲击
1269,12:31:16,hit_1269_20260730_123116.csv,512,NORMAL,HIGH,0,0,110,0,500000,5925347,4633922,-5925347,269510.0,,,,好棒 任意重度敲击
1270,12:31:17,hit_1270_20260730_123117.csv,512,DEFECT,HIGH,0,24,111,240,500000,6135641,4195029,-6135641,-149075.1,,,,好棒 任意重度敲击
1271,12:31:17,hit_1271_20260730_123117.csv,512,NORMAL,HIGH,0,0,110,0,500000,6007564,4781416,-6007564,288152.5,,,,好棒 任意重度敲击
1272,12:31:17,hit_1272_20260730_123117.csv,512,NORMAL,HIGH,0,0,110,0,500000,5475256,5018151,-5475256,521448.7,,,,好棒 任意重度敲击
1273,12:31:17,hit_1273_20260730_123117.csv,512,DEFECT,HIGH,0,25,111,250,500000,6073898,4070578,-6073898,-232976.2,,,,好棒 任意重度敲击
1274,12:31:17,hit_1274_20260730_123117.csv,512,NORMAL,HIGH,0,0,110,0,500000,5278037,4823012,-5278037,403987.2,,,,好棒 任意重度敲击
1275,12:31:18,hit_1275_20260730_123118.csv,512,DEFECT,HIGH,0,22,110,222,500000,5593158,4410892,-5593158,66668.8,,,,好棒 任意重度敲击
1276,12:31:18,hit_1276_20260730_123118.csv,512,DEFECT,HIGH,0,24,110,242,500000,5947763,4357783,-5947763,-99429.5,,,,好棒 任意重度敲击
1277,12:31:18,hit_1277_20260730_123118.csv,512,NORMAL,HIGH,0,0,111,0,500000,5167902,4906578,-5167902,409303.2,,,,好棒 任意重度敲击
1278,12:31:18,hit_1278_20260730_123118.csv,512,NORMAL,HIGH,0,0,110,0,500000,5412316,4673391,-5412316,348510.2,,,,好棒 任意重度敲击
1279,12:31:18,hit_1279_20260730_123118.csv,512,DEFECT,HIGH,0,25,112,247,500000,5943784,4036511,-5943784,-311783.0,,,,好棒 任意重度敲击
1280,12:31:19,hit_1280_20260730_123119.csv,512,DEFECT,HIGH,0,25,110,252,500000,6038402,4334094,-6038402,-166954.2,,,,好棒 任意重度敲击
1281,12:31:19,hit_1281_20260730_123119.csv,512,DEFECT,HIGH,0,27,113,264,500000,5665951,3790298,-5665951,-607019.5,,,,好棒 任意重度敲击
1282,12:31:19,hit_1282_20260730_123119.csv,512,DEFECT,HIGH,0,26,111,260,500000,6075539,4303926,-6075539,-246100.7,,,,好棒 任意重度敲击
1283,12:31:19,hit_1283_20260730_123119.csv,512,NORMAL,HIGH,0,0,109,0,500000,5608049,4694958,-5608049,262058.6,,,,好棒 任意重度敲击
1284,12:31:19,hit_1284_20260730_123119.csv,512,NORMAL,HIGH,0,0,109,0,500000,5508799,4678493,-5508799,330063.3,,,,好棒 任意重度敲击
1285,12:31:20,hit_1285_20260730_123120.csv,512,DEFECT,HIGH,0,21,109,214,500000,5676530,4385795,-5676530,-83001.3,,,,好棒 任意重度敲击
1286,12:31:20,hit_1286_20260730_123120.csv,512,DEFECT,HIGH,0,24,111,240,500000,5553662,4143825,-5553662,-366290.1,,,,好棒 任意重度敲击
1287,12:31:20,hit_1287_20260730_123120.csv,512,NORMAL,HIGH,0,0,111,0,500000,4933532,4145854,-4933532,-84549.7,,,,好棒 任意重度敲击
1288,12:31:20,hit_1288_20260730_123120.csv,512,NORMAL,HIGH,0,0,110,0,500000,5232079,4478510,-5232079,39282.8,,,,好棒 任意重度敲击
1289,12:31:20,hit_1289_20260730_123120.csv,512,NORMAL,HIGH,0,0,111,0,500000,5645102,4533016,-5645102,92446.2,,,,好棒 任意重度敲击
1290,12:31:21,hit_1290_20260730_123121.csv,512,DEFECT,HIGH,0,22,109,224,500000,6085448,4532653,-6085448,-41735.8,,,,好棒 任意重度敲击
1291,12:31:21,hit_1291_20260730_123121.csv,512,NORMAL,HIGH,0,0,110,0,500000,6040326,4570092,-6040326,145512.3,,,,好棒 任意重度敲击
1292,12:31:21,hit_1292_20260730_123121.csv,512,NORMAL,HIGH,0,0,111,0,500000,5880815,4432708,-5880815,-57506.4,,,,好棒 任意重度敲击
1293,12:31:21,hit_1293_20260730_123121.csv,512,NORMAL,HIGH,0,0,110,0,500000,5877600,4737100,-5877600,185142.2,,,,好棒 任意重度敲击
1294,12:31:21,hit_1294_20260730_123121.csv,512,NORMAL,HIGH,0,0,110,0,500000,5469966,4430742,-5469966,-51772.9,,,,好棒 任意重度敲击
1295,12:31:22,hit_1295_20260730_123122.csv,512,DEFECT,HIGH,0,23,111,230,500000,5396127,4170307,-5396127,-236171.3,,,,好棒 任意重度敲击
1296,12:31:22,hit_1296_20260730_123122.csv,512,DEFECT,HIGH,0,25,112,247,500000,5673278,4265007,-5673278,-214944.3,,,,好棒 任意重度敲击
1297,12:31:22,hit_1297_20260730_123122.csv,512,DEFECT,HIGH,0,29,115,278,500000,5665943,3898296,-5665943,-534502.5,,,,好棒 任意重度敲击
1298,12:31:22,hit_1298_20260730_123122.csv,512,DEFECT,HIGH,0,22,110,222,500000,5688315,4210467,-5688315,-182280.4,,,,好棒 任意重度敲击
1299,12:31:22,hit_1299_20260730_123122.csv,512,DEFECT,HIGH,0,25,111,250,500000,5956780,4318616,-5956780,-258171.3,,,,好棒 任意重度敲击
1300,12:31:23,hit_1300_20260730_123123.csv,512,NORMAL,HIGH,0,0,110,0,500000,5875362,4972205,-5875362,367078.0,,,,好棒 任意重度敲击
1301,12:31:24,hit_1301_20260730_123124.csv,512,DEFECT,HIGH,0,25,110,252,500000,5143067,3425378,-5143067,-650199.5,,,,好棒 任意重度敲击
1302,12:31:24,hit_1302_20260730_123124.csv,512,DEFECT,HIGH,0,24,109,244,500000,5074673,3494373,-5074673,-562556.8,,,,好棒 任意重度敲击
1303,12:31:24,hit_1303_20260730_123124.csv,512,DEFECT,HIGH,0,24,109,244,500000,5072463,3492389,-5072463,-423736.2,,,,好棒 任意重度敲击
1304,12:31:25,hit_1304_20260730_123125.csv,512,DEFECT,HIGH,0,25,109,255,500000,4961436,3000744,-4961436,-658040.6,,,,好棒 任意重度敲击
1305,12:31:25,hit_1305_20260730_123125.csv,512,DEFECT,HIGH,0,27,112,267,500000,5369029,3189845,-5369029,-665915.6,,,,好棒 任意重度敲击
1306,12:31:26,hit_1306_20260730_123126.csv,512,DEFECT,HIGH,0,24,112,237,500000,5027630,2997324,-5027630,-431614.7,,,,好棒 任意重度敲击
1307,12:31:26,hit_1307_20260730_123126.csv,512,DEFECT,HIGH,0,22,110,222,500000,4602822,3687919,-4602822,-151452.5,,,,好棒 任意重度敲击
1308,12:31:26,hit_1308_20260730_123126.csv,512,DEFECT,HIGH,0,23,111,230,500000,4639048,2960456,-4639048,-334086.9,,,,好棒 任意重度敲击
1309,12:31:26,hit_1309_20260730_123126.csv,512,DEFECT,HIGH,0,27,113,264,500000,4646533,2720924,-4646533,-678195.9,,,,好棒 任意重度敲击
1310,12:31:27,hit_1310_20260730_123127.csv,512,DEFECT,HIGH,0,29,112,287,500000,4917197,3387961,-4917197,-754158.0,,,,好棒 任意重度敲击
1311,12:31:27,hit_1311_20260730_123127.csv,512,DEFECT,HIGH,0,30,112,297,500000,5419501,3392234,-5419501,-798884.8,,,,好棒 任意重度敲击
1312,12:31:27,hit_1312_20260730_123127.csv,512,DEFECT,HIGH,0,41,113,401,500000,4681565,3412613,-4681565,-622906.7,,,,好棒 任意重度敲击
1313,12:31:28,hit_1313_20260730_123128.csv,512,DEFECT,HIGH,0,40,112,396,500000,3784044,3626879,-3784044,-464680.8,,,,好棒 任意重度敲击
1314,12:31:28,hit_1314_20260730_123128.csv,512,DEFECT,HIGH,0,26,112,257,500000,4741698,2961325,-4741698,-601273.7,,,,好棒 任意重度敲击
1315,12:31:28,hit_1315_20260730_123128.csv,512,DEFECT,HIGH,0,41,113,401,500000,3738793,3738793,-3429903,-415814.9,,,,好棒 任意重度敲击
1316,12:31:28,hit_1316_20260730_123128.csv,512,DEFECT,HIGH,0,43,112,425,500000,3862913,3798489,-3862913,-489601.0,,,,好棒 任意重度敲击
1317,12:31:29,hit_1317_20260730_123129.csv,512,DEFECT,HIGH,0,45,111,450,500000,4015822,4015822,-3404965,-426464.8,,,,好棒 任意重度敲击
1318,12:31:29,hit_1318_20260730_123129.csv,512,DEFECT,HIGH,0,42,112,415,500000,4102836,3860600,-4102836,-551020.0,,,,好棒 任意重度敲击
1319,12:31:29,hit_1319_20260730_123129.csv,512,DEFECT,HIGH,0,44,112,435,500000,3852724,3852724,-3767824,-483191.6,,,,好棒 任意重度敲击
1320,12:31:29,hit_1320_20260730_123129.csv,512,DEFECT,HIGH,0,34,110,343,500000,3942054,3269739,-3942054,-525176.2,,,,好棒 任意重度敲击
1321,12:31:30,hit_1321_20260730_123130.csv,512,DEFECT,HIGH,0,43,112,425,500000,4152368,3828924,-4152368,-559024.9,,,,好棒 任意重度敲击
1322,12:31:30,hit_1322_20260730_123130.csv,512,DEFECT,HIGH,0,42,113,411,500000,4424316,3582573,-4424316,-618530.6,,,,好棒 任意重度敲击
1323,12:31:30,hit_1323_20260730_123130.csv,512,DEFECT,HIGH,0,28,112,277,500000,4920886,3259165,-4920886,-671399.3,,,,好棒 任意重度敲击
1324,12:31:30,hit_1324_20260730_123130.csv,512,DEFECT,HIGH,0,39,113,382,500000,4293595,3411978,-4293595,-595875.8,,,,好棒 任意重度敲击
1325,12:31:31,hit_1325_20260730_123131.csv,512,DEFECT,HIGH,0,45,112,445,500000,3918528,3918528,-3718577,-522333.8,,,,好棒 任意重度敲击
1326,12:31:31,hit_1326_20260730_123131.csv,512,DEFECT,HIGH,0,44,111,440,500000,3957133,3957133,-3109176,-397829.8,,,,好棒 任意重度敲击
1327,12:31:31,hit_1327_20260730_123131.csv,512,DEFECT,HIGH,0,41,112,405,500000,4140989,3770225,-4140989,-570811.1,,,,好棒 任意重度敲击
1328,12:31:31,hit_1328_20260730_123131.csv,512,DEFECT,HIGH,0,45,112,445,500000,3849220,3849220,-3838366,-547973.9,,,,好棒 任意重度敲击
1329,12:31:32,hit_1329_20260730_123132.csv,512,DEFECT,HIGH,0,43,112,425,500000,3954737,3852993,-3954737,-558937.7,,,,好棒 任意重度敲击
1330,12:31:32,hit_1330_20260730_123132.csv,512,DEFECT,HIGH,0,44,111,440,500000,3950796,3950796,-3236986,-434602.1,,,,好棒 任意重度敲击
1331,12:31:32,hit_1331_20260730_123132.csv,512,DEFECT,HIGH,0,44,111,440,500000,3904037,3767625,-3904037,-572985.9,,,,好棒 任意重度敲击
1332,12:31:32,hit_1332_20260730_123132.csv,512,DEFECT,HIGH,0,40,111,400,500000,3853810,3853810,-3339401,-472184.0,,,,好棒 任意重度敲击
1333,12:31:33,hit_1333_20260730_123133.csv,512,DEFECT,HIGH,0,39,111,390,500000,3708471,3708471,-3414462,-488158.8,,,,好棒 任意重度敲击
1334,12:31:33,hit_1334_20260730_123133.csv,512,DEFECT,HIGH,0,39,112,386,500000,3939419,3468311,-3939419,-586463.4,,,,好棒 任意重度敲击
1335,12:31:33,hit_1335_20260730_123133.csv,512,DEFECT,HIGH,0,28,111,280,500000,5203773,3392039,-5203773,-772397.8,,,,好棒 任意重度敲击
1336,12:31:33,hit_1336_20260730_123133.csv,512,DEFECT,HIGH,0,27,111,270,500000,4988895,3426700,-4988895,-656832.0,,,,好棒 任意重度敲击
1337,12:31:34,hit_1337_20260730_123134.csv,512,DEFECT,HIGH,0,25,110,252,500000,4912474,3234375,-4912474,-544553.3,,,,好棒 任意重度敲击
1338,12:31:34,hit_1338_20260730_123134.csv,512,DEFECT,HIGH,0,27,110,272,500000,5165362,3313660,-5165362,-781997.1,,,,好棒 任意重度敲击
1339,12:31:34,hit_1339_20260730_123134.csv,512,DEFECT,HIGH,0,26,109,265,500000,5199244,3211049,-5199244,-751251.3,,,,好棒 任意重度敲击
1340,12:31:34,hit_1340_20260730_123134.csv,512,DEFECT,HIGH,0,24,108,247,500000,5079060,3403457,-5079060,-640345.0,,,,好棒 任意重度敲击
1341,12:31:34,hit_1341_20260730_123134.csv,512,DEFECT,HIGH,0,30,114,291,500000,5853696,3214499,-5853696,-707900.6,,,,好棒 任意重度敲击
1342,12:31:35,hit_1342_20260730_123135.csv,512,DEFECT,HIGH,0,26,110,262,500000,5475509,3372521,-5475509,-618934.8,,,,好棒 任意重度敲击
1343,12:31:36,hit_1343_20260730_123136.csv,512,DEFECT,HIGH,0,25,111,250,500000,5227359,3242162,-5227359,-580283.5,,,,好棒 任意重度敲击
1344,12:31:36,hit_1344_20260730_123136.csv,512,DEFECT,HIGH,0,28,112,277,500000,5542100,3409834,-5542100,-735768.7,,,,好棒 任意重度敲击
1345,12:31:37,hit_1345_20260730_123137.csv,512,DEFECT,HIGH,0,25,111,250,500000,5156976,3352802,-5156976,-544642.8,,,,好棒 任意重度敲击
1346,12:31:37,hit_1346_20260730_123137.csv,512,DEFECT,HIGH,0,23,109,234,500000,4989380,3273226,-4989380,-493959.3,,,,好棒 任意重度敲击
1347,12:31:37,hit_1347_20260730_123137.csv,512,DEFECT,HIGH,0,26,110,262,500000,5254738,3298927,-5254738,-643738.7,,,,好棒 任意重度敲击
1348,12:31:38,hit_1348_20260730_123138.csv,512,DEFECT,HIGH,0,27,111,270,500000,5295299,3092044,-5295299,-707696.8,,,,好棒 任意重度敲击
1349,12:31:38,hit_1349_20260730_123138.csv,512,DEFECT,HIGH,0,26,111,260,500000,5306522,3055961,-5306522,-750311.9,,,,好棒 任意重度敲击
1350,12:31:38,hit_1350_20260730_123138.csv,512,DEFECT,HIGH,0,26,110,262,500000,5399514,3357065,-5399514,-725290.4,,,,好棒 任意重度敲击
1351,12:31:38,hit_1351_20260730_123138.csv,512,DEFECT,HIGH,0,28,112,277,500000,5575733,3211395,-5575733,-812727.9,,,,好棒 任意重度敲击
1352,12:31:38,hit_1352_20260730_123138.csv,512,DEFECT,HIGH,0,27,111,270,500000,5374765,3461439,-5374765,-684422.9,,,,好棒 任意重度敲击
1353,12:31:39,hit_1353_20260730_123139.csv,512,DEFECT,HIGH,0,24,112,237,500000,4994302,3372163,-4994302,-511683.3,,,,好棒 任意重度敲击
1354,12:31:39,hit_1354_20260730_123139.csv,512,DEFECT,HIGH,0,31,109,316,500000,4727172,3720413,-4727172,-63022.1,,,,好棒 任意重度敲击
1355,12:31:39,hit_1355_20260730_123139.csv,512,NORMAL,HIGH,0,0,109,0,500000,5309078,4038792,-5309078,-40150.2,,,,好棒 任意重度敲击
1356,12:31:39,hit_1356_20260730_123139.csv,512,DEFECT,HIGH,0,26,111,260,500000,5554931,3545994,-5554931,-589670.8,,,,好棒 任意重度敲击
1357,12:31:39,hit_1357_20260730_123139.csv,512,DEFECT,HIGH,0,25,110,252,500000,5715098,3805967,-5715098,-459379.3,,,,好棒 任意重度敲击
1358,12:31:40,hit_1358_20260730_123140.csv,512,DEFECT,HIGH,0,26,110,262,500000,6033027,3675597,-6033027,-628373.2,,,,好棒 任意重度敲击
1359,12:31:40,hit_1359_20260730_123140.csv,512,DEFECT,HIGH,0,26,110,262,500000,6063162,3783712,-6063162,-545957.3,,,,好棒 任意重度敲击
1360,12:31:40,hit_1360_20260730_123140.csv,512,DEFECT,HIGH,0,28,111,280,500000,6195812,3541791,-6195812,-684209.8,,,,好棒 任意重度敲击
1361,12:31:45,hit_1361_20260730_123145.csv,512,DEFECT,HIGH,0,24,110,242,500000,5203987,3448589,-5203987,-467983.1,,,,好棒 任意重度敲击
1362,12:31:47,hit_1362_20260730_123147.csv,512,DEFECT,HIGH,0,25,113,245,500000,5018546,3439755,-5018546,-329291.0,,,,好棒 任意重度敲击
1363,12:31:48,hit_1363_20260730_123148.csv,512,DEFECT,HIGH,0,42,120,385,500000,3674765,3674765,-3626074,-392363.4,,,,好棒 任意重度敲击
1364,12:31:49,hit_1364_20260730_123149.csv,512,DEFECT,HIGH,0,30,114,291,500000,3524586,2944944,-3524586,-411140.9,,,,好棒 任意重度敲击
1365,12:31:50,hit_1365_20260730_123150.csv,512,DEFECT,HIGH,0,30,112,297,500000,3713801,2632270,-3713801,-485051.9,,,,好棒 任意重度敲击
1366,12:31:51,hit_1366_20260730_123151.csv,512,DEFECT,HIGH,0,32,109,326,500000,2954997,2954997,-2093053,-205859.8,,,,好棒 任意重度敲击
1367,12:31:52,hit_1367_20260730_123152.csv,512,DEFECT,HIGH,0,33,111,330,500000,3411404,2825792,-3411404,-422786.4,,,,好棒 任意重度敲击
1368,12:31:53,hit_1368_20260730_123153.csv,512,NORMAL,LOW,0,0,0,0,1000000,1442450,1442450,-1277058,92865.3,,,,好棒 任意重度敲击
1369,12:31:54,hit_1369_20260730_123154.csv,512,DEFECT,HIGH,0,32,114,310,500000,3765483,2952330,-3765483,-488319.3,,,,好棒 任意重度敲击
1370,12:31:56,hit_1370_20260730_123156.csv,512,DEFECT,HIGH,0,24,110,242,500000,3634987,2110400,-3634987,-387566.1,,,,好棒 任意重度敲击
1371,12:31:56,hit_1371_20260730_123156.csv,512,DEFECT,HIGH,0,88,111,770,500000,3784282,2245487,-3784282,-448507.7,,,,好棒 任意重度敲击
1372,12:31:57,hit_1372_20260730_123157.csv,512,DEFECT,HIGH,0,27,111,270,500000,3042639,2512831,-3042639,-300639.4,,,,好棒 任意重度敲击
1373,12:31:58,hit_1373_20260730_123158.csv,512,DEFECT,HIGH,0,26,110,262,500000,2694394,2666045,-2694394,-266350.1,,,,好棒 任意重度敲击
1374,12:31:59,hit_1374_20260730_123159.csv,512,DEFECT,HIGH,0,25,112,247,500000,3351631,2229505,-3351631,-351129.9,,,,好棒 任意重度敲击
1375,12:32:00,hit_1375_20260730_123200.csv,512,DEFECT,HIGH,0,27,109,275,500000,2133005,2133005,-1592530,-146181.9,,,,好棒 任意重度敲击
1376,12:32:02,hit_1376_20260730_123202.csv,512,DEFECT,HIGH,0,31,115,274,500000,2383949,2383949,-1712257,-158862.3,,,,好棒 任意重度敲击
1377,12:32:03,hit_1377_20260730_123203.csv,512,DEFECT,HIGH,0,33,110,333,500000,3197060,3197060,-2827491,-258298.0,,,,好棒 任意重度敲击
1378,12:32:04,hit_1378_20260730_123204.csv,512,DEFECT,HIGH,0,31,110,313,500000,3259793,3198532,-3259793,-298561.6,,,,好棒 任意重度敲击
1379,12:32:05,hit_1379_20260730_123205.csv,512,DEFECT,HIGH,0,31,109,316,500000,3089628,3089628,-2607342,-243304.2,,,,好棒 任意重度敲击
1380,12:32:06,hit_1380_20260730_123206.csv,512,DEFECT,HIGH,0,39,118,345,500000,2532653,2532653,-1696785,-176514.8,,,,好棒 任意重度敲击
1381,12:32:07,hit_1381_20260730_123207.csv,512,DEFECT,HIGH,0,33,109,336,500000,3299365,3299365,-3208548,-319478.0,,,,好棒 任意重度敲击
1382,12:32:08,hit_1382_20260730_123208.csv,512,DEFECT,HIGH,0,32,109,326,500000,3182279,3182279,-2793812,-255882.1,,,,好棒 任意重度敲击
1383,12:32:09,hit_1383_20260730_123209.csv,512,DEFECT,HIGH,0,30,111,300,500000,3844853,3028331,-3844853,-424195.0,,,,好棒 任意重度敲击
1384,12:32:10,hit_1384_20260730_123210.csv,512,DEFECT,HIGH,0,32,110,323,500000,4349743,3044654,-4349743,-448945.7,,,,好棒 任意重度敲击
1385,12:32:11,hit_1385_20260730_123211.csv,512,DEFECT,HIGH,0,38,112,376,500000,3685474,3685474,-3445781,-326587.0,,,,好棒 任意重度敲击
1386,12:32:12,hit_1386_20260730_123212.csv,512,DEFECT,HIGH,0,35,110,353,500000,3299391,3299391,-3045137,-276917.5,,,,好棒 任意重度敲击
1387,12:32:13,hit_1387_20260730_123213.csv,512,DEFECT,HIGH,0,34,110,343,500000,3605873,3269621,-3605873,-407814.6,,,,好棒 任意重度敲击
1388,12:32:14,hit_1388_20260730_123214.csv,512,DEFECT,HIGH,0,34,110,343,500000,4013709,3269172,-4013709,-411961.4,,,,好棒 任意重度敲击
1389,12:32:15,hit_1389_20260730_123215.csv,512,DEFECT,HIGH,0,39,110,393,500000,3381219,3381219,-2544113,-216363.0,,,,好棒 任意重度敲击
1390,12:32:16,hit_1390_20260730_123216.csv,512,DEFECT,HIGH,0,36,110,363,500000,3462489,3450483,-3462489,-334325.2,,,,好棒 任意重度敲击
1391,12:32:17,hit_1391_20260730_123217.csv,512,DEFECT,HIGH,0,40,119,353,500000,3271051,3271051,-2136967,-216138.6,,,,好棒 任意重度敲击
1392,12:32:18,hit_1392_20260730_123218.csv,512,DEFECT,HIGH,0,35,109,357,500000,3391324,3391324,-2725863,-269819.6,,,,好棒 任意重度敲击
1393,12:32:19,hit_1393_20260730_123219.csv,512,DEFECT,HIGH,0,35,109,357,500000,3153317,3153317,-2694538,-222350.5,,,,好棒 任意重度敲击
1394,12:32:20,hit_1394_20260730_123220.csv,512,DEFECT,HIGH,0,41,117,362,500000,2975725,2975725,-1956429,-205688.5,,,,好棒 任意重度敲击
1395,12:32:21,hit_1395_20260730_123221.csv,512,DEFECT,HIGH,0,34,108,350,500000,3261946,3261946,-2726616,-249381.5,,,,好棒 任意重度敲击
1396,12:32:22,hit_1396_20260730_123222.csv,512,DEFECT,HIGH,0,39,117,345,500000,3158217,3158217,-2062499,-211718.7,,,,好棒 任意重度敲击
1397,12:32:23,hit_1397_20260730_123223.csv,512,DEFECT,HIGH,0,36,109,367,500000,3098947,3098947,-2323828,-201911.3,,,,好棒 任意重度敲击
1398,12:32:23,hit_1398_20260730_123223.csv,512,DEFECT,HIGH,0,39,111,390,500000,3572974,3572974,-3387973,-349894.4,,,,好棒 任意重度敲击
1399,12:32:30,hit_1399_20260730_123230.csv,512,DEFECT,HIGH,0,36,110,363,500000,3336599,3336599,-3094952,-348122.2,,,,好棒 任意重度敲击
1400,12:32:31,hit_1400_20260730_123231.csv,512,DEFECT,HIGH,0,36,117,318,500000,2628787,2628787,-1802773,-174404.0,,,,好棒 任意重度敲击
1401,12:32:31,hit_1401_20260730_123231.csv,512,DEFECT,HIGH,0,30,109,306,500000,2867458,2867458,-2400793,-207960.3,,,,好棒 任意重度敲击
1402,12:32:32,hit_1402_20260730_123232.csv,512,DEFECT,HIGH,0,28,108,288,500000,2544415,2544415,-1877607,-162665.8,,,,好棒 任意重度敲击
1403,12:32:32,hit_1403_20260730_123232.csv,512,DEFECT,HIGH,0,33,108,340,500000,2620340,2620340,-1900852,-171475.3,,,,好棒 任意重度敲击
1404,12:32:38,hit_1404_20260730_123238.csv,512,DEFECT,HIGH,0,36,113,352,500000,3523911,3523911,-3147358,-346805.1,,,,好棒 任意重度敲击
1405,12:32:39,hit_1405_20260730_123239.csv,512,DEFECT,HIGH,0,43,110,434,500000,3089648,3089648,-2126572,-220415.3,,,,好棒 任意重度敲击
1406,12:32:39,hit_1406_20260730_123239.csv,512,DEFECT,HIGH,0,41,113,401,500000,4321882,3470795,-4321882,-535829.3,,,,好棒 任意重度敲击
1407,12:32:40,hit_1407_20260730_123240.csv,512,DEFECT,HIGH,0,40,114,388,500000,4067919,3372978,-4067919,-499143.3,,,,好棒 任意重度敲击
1408,12:32:40,hit_1408_20260730_123240.csv,512,DEFECT,HIGH,0,41,117,386,500000,3699921,3391287,-3699921,-306529.5,,,,好棒 任意重度敲击
1409,12:32:41,hit_1409_20260730_123241.csv,512,DEFECT,HIGH,0,39,113,382,500000,2537314,2537314,-1879078,-178381.0,,,,好棒 任意重度敲击
1410,12:32:41,hit_1410_20260730_123241.csv,512,DEFECT,HIGH,0,45,118,420,500000,3284300,3284300,-2380376,-204623.1,,,,好棒 任意重度敲击
1411,12:32:41,hit_1411_20260730_123241.csv,512,DEFECT,HIGH,0,38,115,365,500000,3820241,3230638,-3820241,-382180.8,,,,好棒 任意重度敲击
1412,12:32:42,hit_1412_20260730_123242.csv,512,DEFECT,HIGH,0,36,110,363,500000,2377893,2377893,-1719416,-166869.6,,,,好棒 任意重度敲击
1413,12:32:43,hit_1413_20260730_123243.csv,512,DEFECT,HIGH,0,38,111,380,500000,2218482,2218482,-1673721,-163631.4,,,,好棒 任意重度敲击
1414,12:32:43,hit_1414_20260730_123243.csv,512,DEFECT,HIGH,0,35,116,333,500000,4073113,2765232,-4073113,-341697.7,,,,好棒 任意重度敲击
1415,12:32:44,hit_1415_20260730_123244.csv,512,DEFECT,LOW,0,32,0,304,500000,2006952,2006952,-1529566,-147396.0,,,,好棒 任意重度敲击
1416,12:32:44,hit_1416_20260730_123244.csv,512,DEFECT,LOW,0,34,0,323,500000,1929019,1929019,-1493369,-134489.0,,,,好棒 任意重度敲击
1417,12:32:44,hit_1417_20260730_123244.csv,512,DEFECT,HIGH,0,31,113,303,500000,2253695,2253695,-2064194,-143852.0,,,,好棒 任意重度敲击
1418,12:32:45,hit_1418_20260730_123245.csv,512,DEFECT,HIGH,0,31,114,300,500000,2858233,2858233,-2744194,-201889.7,,,,好棒 任意重度敲击
1419,12:32:45,hit_1419_20260730_123245.csv,512,DEFECT,LOW,0,39,0,371,500000,1884538,1884538,-1318018,-137165.8,,,,好棒 任意重度敲击
1420,12:32:45,hit_1420_20260730_123245.csv,512,DEFECT,LOW,0,35,0,333,500000,1549339,1549339,-1125607,-121032.8,,,,好棒 任意重度敲击
1421,12:32:46,hit_1421_20260730_123246.csv,512,DEFECT,HIGH,0,36,111,360,500000,3565571,3565571,-2650834,-276556.8,,,,好棒 任意重度敲击
1422,12:32:46,hit_1422_20260730_123246.csv,512,DEFECT,HIGH,0,38,115,365,500000,3550761,3550761,-3139987,-360522.1,,,,好棒 任意重度敲击
1423,12:32:46,hit_1423_20260730_123246.csv,512,DEFECT,HIGH,0,38,111,380,500000,3192915,3192915,-2223080,-213800.3,,,,好棒 任意重度敲击
1424,12:32:47,hit_1424_20260730_123247.csv,512,DEFECT,HIGH,0,37,116,352,500000,3763948,3196115,-3763948,-442106.2,,,,好棒 任意重度敲击
1425,12:32:47,hit_1425_20260730_123247.csv,512,DEFECT,HIGH,0,36,116,342,500000,3964714,2907513,-3964714,-402632.7,,,,好棒 任意重度敲击
1426,12:32:48,hit_1426_20260730_123248.csv,512,DEFECT,HIGH,0,41,114,398,500000,3722271,3722271,-3583496,-431806.6,,,,好棒 任意重度敲击
1427,12:32:48,hit_1427_20260730_123248.csv,512,DEFECT,HIGH,0,39,113,382,500000,3704430,3704430,-3433654,-406557.7,,,,好棒 任意重度敲击
1428,12:32:48,hit_1428_20260730_123248.csv,512,DEFECT,HIGH,0,42,113,411,500000,5045315,3322048,-5045315,-701010.4,,,,好棒 任意重度敲击
1429,12:32:49,hit_1429_20260730_123249.csv,512,DEFECT,HIGH,0,36,113,352,500000,3960301,3121836,-3960301,-484875.1,,,,好棒 任意重度敲击
1430,12:32:49,hit_1430_20260730_123249.csv,512,DEFECT,HIGH,0,35,115,336,500000,3920506,2787494,-3920506,-459992.8,,,,好棒 任意重度敲击
1431,12:32:49,hit_1431_20260730_123249.csv,512,DEFECT,HIGH,0,35,111,350,500000,3425775,3425775,-2379745,-229991.6,,,,好棒 任意重度敲击
1432,12:32:50,hit_1432_20260730_123250.csv,512,DEFECT,HIGH,0,38,112,376,500000,3573602,3573602,-2499450,-251429.4,,,,好棒 任意重度敲击
1433,12:32:50,hit_1433_20260730_123250.csv,512,DEFECT,HIGH,0,37,114,359,500000,4126035,3000200,-4126035,-513681.7,,,,好棒 任意重度敲击
1434,12:32:50,hit_1434_20260730_123250.csv,512,DEFECT,HIGH,0,37,112,366,500000,3078183,3078183,-2188073,-211382.4,,,,好棒 任意重度敲击
1435,12:32:51,hit_1435_20260730_123251.csv,512,DEFECT,HIGH,0,39,115,375,500000,3611024,3338384,-3611024,-416729.4,,,,好棒 任意重度敲击
1436,12:32:51,hit_1436_20260730_123251.csv,512,DEFECT,HIGH,0,38,114,368,500000,3429238,3429238,-3228186,-350009.4,,,,好棒 任意重度敲击
1437,12:32:51,hit_1437_20260730_123251.csv,512,DEFECT,HIGH,0,38,114,368,500000,3969146,3118632,-3969146,-485975.3,,,,好棒 任意重度敲击
1438,12:32:52,hit_1438_20260730_123252.csv,512,DEFECT,HIGH,0,43,114,417,500000,3913087,3913087,-3166823,-330309.5,,,,好棒 任意重度敲击
1439,12:32:52,hit_1439_20260730_123252.csv,512,DEFECT,HIGH,0,39,114,378,500000,3988905,3432994,-3988905,-474683.3,,,,好棒 任意重度敲击
1440,12:32:52,hit_1440_20260730_123252.csv,512,DEFECT,HIGH,0,38,115,365,500000,3927372,3252044,-3927372,-469269.8,,,,好棒 任意重度敲击
1441,12:32:53,hit_1441_20260730_123253.csv,512,DEFECT,HIGH,0,37,115,355,500000,3383120,3203033,-3383120,-344641.6,,,,好棒 任意重度敲击
1442,12:32:53,hit_1442_20260730_123253.csv,512,DEFECT,HIGH,0,41,117,386,500000,4398435,3039761,-4398435,-433074.2,,,,好棒 任意重度敲击
1443,12:32:53,hit_1443_20260730_123253.csv,512,DEFECT,HIGH,0,40,114,388,500000,4099003,3250753,-4099003,-431046.1,,,,好棒 任意重度敲击
1444,12:32:54,hit_1444_20260730_123254.csv,512,DEFECT,HIGH,0,38,115,365,500000,3337959,3266057,-3337959,-282296.9,,,,好棒 任意重度敲击
1445,12:32:54,hit_1445_20260730_123254.csv,512,DEFECT,LOW,0,29,0,276,500000,1894959,1894959,-1628439,-125636.5,,,,好棒 任意重度敲击
1446,12:32:54,hit_1446_20260730_123254.csv,512,DEFECT,HIGH,0,40,117,377,500000,3553558,3323120,-3553558,-300785.8,,,,好棒 任意重度敲击
1447,12:32:55,hit_1447_20260730_123255.csv,512,DEFECT,HIGH,0,37,114,359,500000,3970782,3059561,-3970782,-462076.7,,,,好棒 任意重度敲击
1448,12:32:55,hit_1448_20260730_123255.csv,512,DEFECT,HIGH,0,40,115,384,500000,3342208,3342208,-2798648,-219531.6,,,,好棒 任意重度敲击
1449,12:32:55,hit_1449_20260730_123255.csv,512,DEFECT,HIGH,0,39,115,375,500000,3374083,3374083,-3330406,-275045.3,,,,好棒 任意重度敲击
1450,12:32:56,hit_1450_20260730_123256.csv,512,DEFECT,HIGH,0,38,116,361,500000,3289210,3289210,-2361920,-217306.5,,,,好棒 任意重度敲击
1451,12:32:56,hit_1451_20260730_123256.csv,512,DEFECT,HIGH,0,35,116,333,500000,3798126,2909907,-3798126,-337030.9,,,,好棒 任意重度敲击
1452,12:32:56,hit_1452_20260730_123256.csv,512,DEFECT,HIGH,0,38,115,365,500000,3397843,3397843,-2607702,-241103.1,,,,好棒 任意重度敲击
1453,12:32:57,hit_1453_20260730_123257.csv,512,DEFECT,HIGH,0,33,112,326,500000,2412872,2412872,-1710784,-174202.4,,,,好棒 任意重度敲击
1454,12:32:57,hit_1454_20260730_123257.csv,512,DEFECT,HIGH,0,36,113,352,500000,3092524,3092524,-2350806,-203386.8,,,,好棒 任意重度敲击
1455,12:32:57,hit_1455_20260730_123257.csv,512,DEFECT,HIGH,0,37,116,352,500000,3367614,3290411,-3367614,-335355.9,,,,好棒 任意重度敲击
1456,12:32:58,hit_1456_20260730_123258.csv,512,DEFECT,HIGH,0,37,115,355,500000,3417705,3272214,-3417705,-357920.1,,,,好棒 任意重度敲击
1457,12:32:58,hit_1457_20260730_123258.csv,512,DEFECT,HIGH,0,38,113,372,500000,3427601,3427601,-3345605,-336053.3,,,,好棒 任意重度敲击
1458,12:32:58,hit_1458_20260730_123258.csv,512,DEFECT,HIGH,0,37,115,355,500000,3530470,3194609,-3530470,-364124.8,,,,好棒 任意重度敲击
1459,12:32:58,hit_1459_20260730_123258.csv,512,DEFECT,HIGH,0,39,115,375,500000,4002255,3239707,-4002255,-438160.4,,,,好棒 任意重度敲击
1460,12:32:59,hit_1460_20260730_123259.csv,512,DEFECT,HIGH,0,36,114,349,500000,3118558,3118558,-3027849,-277743.6,,,,好棒 任意重度敲击
1461,12:32:59,hit_1461_20260730_123259.csv,512,DEFECT,HIGH,0,36,113,352,500000,3230537,3230537,-2838748,-262417.7,,,,好棒 任意重度敲击
1462,12:33:00,hit_1462_20260730_123300.csv,512,DEFECT,HIGH,0,35,113,343,500000,3476303,2902946,-3476303,-380393.2,,,,好棒 任意重度敲击
1463,12:33:00,hit_1463_20260730_123300.csv,512,DEFECT,HIGH,0,36,112,356,500000,2976898,2976898,-2077867,-200329.6,,,,好棒 任意重度敲击
1464,12:33:00,hit_1464_20260730_123300.csv,512,DEFECT,HIGH,0,37,113,362,500000,3419727,3419727,-2822360,-259088.7,,,,好棒 任意重度敲击
1465,12:33:01,hit_1465_20260730_123301.csv,512,DEFECT,HIGH,0,38,113,372,500000,3475962,3475962,-2833168,-275568.1,,,,好棒 任意重度敲击
1466,12:33:01,hit_1466_20260730_123301.csv,512,DEFECT,HIGH,0,36,114,349,500000,3307714,3225622,-3307714,-322539.4,,,,好棒 任意重度敲击
1467,12:33:01,hit_1467_20260730_123301.csv,512,DEFECT,HIGH,0,38,113,372,500000,3557144,3557144,-2637322,-283797.6,,,,好棒 任意重度敲击
1468,12:33:01,hit_1468_20260730_123301.csv,512,DEFECT,HIGH,0,44,112,435,500000,2982520,2982520,-2056255,-207809.2,,,,好棒 任意重度敲击
1469,12:33:02,hit_1469_20260730_123302.csv,512,DEFECT,HIGH,0,31,113,303,500000,3037332,2937452,-3037332,-327451.3,,,,好棒 任意重度敲击
1470,12:33:02,hit_1470_20260730_123302.csv,512,DEFECT,LOW,0,38,0,361,500000,2507971,2507971,-1722867,-181992.6,,,,好棒 任意重度敲击
1471,12:33:02,hit_1471_20260730_123302.csv,512,DEFECT,HIGH,0,32,110,323,500000,2624771,2624771,-1786074,-178446.3,,,,好棒 任意重度敲击
1472,12:33:03,hit_1472_20260730_123303.csv,512,DEFECT,HIGH,0,34,112,336,500000,3356810,3356810,-2509879,-249405.0,,,,好棒 任意重度敲击
1473,12:33:03,hit_1473_20260730_123303.csv,512,DEFECT,HIGH,0,34,110,343,500000,2640810,2640810,-1878016,-186588.8,,,,好棒 任意重度敲击
1474,12:33:03,hit_1474_20260730_123303.csv,512,DEFECT,HIGH,0,34,113,333,500000,3597967,2940928,-3597967,-408954.2,,,,好棒 任意重度敲击
1475,12:33:03,hit_1475_20260730_123303.csv,512,DEFECT,HIGH,0,32,112,316,500000,3021623,3021623,-2661393,-258914.7,,,,好棒 任意重度敲击
1476,12:33:04,hit_1476_20260730_123304.csv,512,DEFECT,HIGH,0,35,114,339,500000,3262959,3262959,-2694940,-263011.2,,,,好棒 任意重度敲击
1477,12:33:04,hit_1477_20260730_123304.csv,512,DEFECT,HIGH,0,35,112,346,500000,2563957,2563957,-1790243,-173918.5,,,,好棒 任意重度敲击
1478,12:33:04,hit_1478_20260730_123304.csv,512,DEFECT,HIGH,0,34,113,333,500000,3248254,3248254,-2775492,-277664.6,,,,好棒 任意重度敲击
1479,12:33:05,hit_1479_20260730_123305.csv,512,DEFECT,HIGH,0,34,113,333,500000,3143443,3143443,-2461359,-228387.3,,,,好棒 任意重度敲击
1480,12:33:05,hit_1480_20260730_123305.csv,512,DEFECT,HIGH,0,37,113,362,500000,3375787,3375787,-2884368,-282820.0,,,,好棒 任意重度敲击
1481,12:33:05,hit_1481_20260730_123305.csv,512,DEFECT,HIGH,0,37,114,359,500000,3366188,3366188,-2544064,-237634.1,,,,好棒 任意重度敲击
1482,12:33:05,hit_1482_20260730_123305.csv,512,DEFECT,HIGH,0,34,112,336,500000,2779381,2779381,-1937455,-185462.5,,,,好棒 任意重度敲击
1483,12:33:06,hit_1483_20260730_123306.csv,512,DEFECT,HIGH,0,36,112,356,500000,3205847,3205847,-2281326,-209201.0,,,,好棒 任意重度敲击
1484,12:33:06,hit_1484_20260730_123306.csv,512,DEFECT,HIGH,0,36,113,352,500000,2802517,2802517,-1963912,-191535.8,,,,好棒 任意重度敲击
1485,12:33:06,hit_1485_20260730_123306.csv,512,DEFECT,HIGH,0,32,112,316,500000,2972819,2972819,-2413317,-206302.3,,,,好棒 任意重度敲击
1486,12:33:06,hit_1486_20260730_123306.csv,512,DEFECT,HIGH,0,35,114,339,500000,2985111,2985111,-2246620,-196028.1,,,,好棒 任意重度敲击
1487,12:33:07,hit_1487_20260730_123307.csv,512,DEFECT,HIGH,0,35,114,339,500000,3161002,3161002,-2955515,-279075.5,,,,好棒 任意重度敲击
1488,12:33:07,hit_1488_20260730_123307.csv,512,DEFECT,HIGH,0,35,112,346,500000,3209140,3209140,-2437476,-215733.3,,,,好棒 任意重度敲击
1489,12:33:07,hit_1489_20260730_123307.csv,512,DEFECT,HIGH,0,36,114,349,500000,3212019,3212019,-3120845,-310944.8,,,,好棒 任意重度敲击
1490,12:33:08,hit_1490_20260730_123308.csv,512,DEFECT,HIGH,0,46,112,455,500000,3545263,3545263,-2524574,-229159.9,,,,好棒 任意重度敲击
1491,12:33:08,hit_1491_20260730_123308.csv,512,DEFECT,HIGH,0,37,113,362,500000,3402625,3402625,-2705350,-249556.3,,,,好棒 任意重度敲击
1492,12:33:08,hit_1492_20260730_123308.csv,512,DEFECT,LOW,0,46,0,438,500000,1983049,1983049,-1431737,-145291.6,,,,好棒 任意重度敲击
1493,12:33:09,hit_1493_20260730_123309.csv,512,DEFECT,HIGH,0,40,111,400,500000,3290098,3290098,-2336657,-220153.0,,,,好棒 任意重度敲击
1494,12:33:09,hit_1494_20260730_123309.csv,512,DEFECT,HIGH,0,35,112,346,500000,3065229,3065229,-2207990,-199001.4,,,,好棒 任意重度敲击
1495,12:33:10,hit_1495_20260730_123310.csv,512,DEFECT,HIGH,0,36,112,356,500000,3095940,3095940,-2208013,-202597.8,,,,好棒 任意重度敲击
1496,12:33:10,hit_1496_20260730_123310.csv,512,DEFECT,HIGH,0,43,115,413,500000,3825944,3825944,-3390591,-328563.8,,,,好棒 任意重度敲击
1497,12:33:11,hit_1497_20260730_123311.csv,512,DEFECT,HIGH,0,38,114,368,500000,3375043,3375043,-3055206,-261215.6,,,,好棒 任意重度敲击
1498,12:33:11,hit_1498_20260730_123311.csv,512,DEFECT,HIGH,0,42,113,411,500000,3876678,3876678,-3036025,-286784.7,,,,好棒 任意重度敲击
1499,12:33:11,hit_1499_20260730_123311.csv,512,DEFECT,HIGH,0,36,113,352,500000,3355819,3355819,-2870732,-263592.3,,,,好棒 任意重度敲击
1500,12:33:12,hit_1500_20260730_123312.csv,512,DEFECT,HIGH,0,38,114,368,500000,3379703,3379703,-3377122,-332378.3,,,,好棒 任意重度敲击
1501,12:33:12,hit_1501_20260730_123312.csv,512,DEFECT,HIGH,0,41,114,398,500000,4102896,3557633,-4102896,-453188.4,,,,好棒 任意重度敲击
1502,12:33:13,hit_1502_20260730_123313.csv,512,DEFECT,HIGH,0,36,113,352,500000,4204131,2994566,-4204131,-470093.9,,,,好棒 任意重度敲击
1503,12:33:13,hit_1503_20260730_123313.csv,512,DEFECT,HIGH,0,36,115,346,500000,3301473,3175355,-3301473,-331120.9,,,,好棒 任意重度敲击
1504,12:33:14,hit_1504_20260730_123314.csv,512,DEFECT,HIGH,0,34,115,326,500000,3759614,2635355,-3759614,-433228.1,,,,好棒 任意重度敲击
1505,12:33:14,hit_1505_20260730_123314.csv,512,DEFECT,HIGH,0,37,111,370,500000,2977313,2977313,-2154848,-198941.3,,,,好棒 任意重度敲击
1506,12:33:14,hit_1506_20260730_123314.csv,512,DEFECT,HIGH,0,31,113,303,500000,3827562,2542010,-3827562,-430682.3,,,,好棒 任意重度敲击
1507,12:33:15,hit_1507_20260730_123315.csv,512,DEFECT,HIGH,0,38,112,376,500000,3463699,3352583,-3463699,-342351.5,,,,好棒 任意重度敲击
1508,12:33:15,hit_1508_20260730_123315.csv,512,DEFECT,HIGH,0,31,112,306,500000,3366499,2901584,-3366499,-361320.5,,,,好棒 任意重度敲击
1509,12:33:16,hit_1509_20260730_123316.csv,512,DEFECT,HIGH,0,33,113,323,500000,3439312,2947688,-3439312,-333552.4,,,,好棒 任意重度敲击
1510,12:33:16,hit_1510_20260730_123316.csv,512,DEFECT,HIGH,0,34,114,330,500000,3696915,2907455,-3696915,-354993.1,,,,好棒 任意重度敲击
1511,12:33:16,hit_1511_20260730_123316.csv,512,DEFECT,HIGH,0,34,112,336,500000,3217718,3217718,-3078519,-289673.6,,,,好棒 任意重度敲击
1512,12:33:17,hit_1512_20260730_123317.csv,512,DEFECT,HIGH,0,35,113,343,500000,3279357,3233214,-3279357,-328920.9,,,,好棒 任意重度敲击
1513,12:33:17,hit_1513_20260730_123317.csv,512,DEFECT,HIGH,0,35,113,343,500000,3761618,3059205,-3761618,-379492.6,,,,好棒 任意重度敲击
1514,12:33:17,hit_1514_20260730_123317.csv,512,DEFECT,HIGH,0,35,114,339,500000,3955520,2925427,-3955520,-402110.1,,,,好棒 任意重度敲击
1515,12:33:18,hit_1515_20260730_123318.csv,512,DEFECT,HIGH,0,35,115,336,500000,3995732,2783092,-3995732,-406246.4,,,,好棒 任意重度敲击
1516,12:33:18,hit_1516_20260730_123318.csv,512,DEFECT,HIGH,0,34,114,330,500000,3852388,2854783,-3852388,-393518.4,,,,好棒 任意重度敲击
1517,12:33:19,hit_1517_20260730_123319.csv,512,DEFECT,HIGH,0,40,113,392,500000,3417085,3417085,-2655287,-222679.8,,,,好棒 任意重度敲击
1518,12:33:19,hit_1518_20260730_123319.csv,512,DEFECT,HIGH,0,40,113,392,500000,3657771,3657771,-3551684,-336101.8,,,,好棒 任意重度敲击
1519,12:33:19,hit_1519_20260730_123319.csv,512,DEFECT,HIGH,0,37,113,362,500000,3304072,3304072,-3172039,-297622.9,,,,好棒 任意重度敲击
1520,12:33:20,hit_1520_20260730_123320.csv,512,DEFECT,HIGH,0,41,113,401,500000,3735888,3735888,-3257786,-294149.0,,,,好棒 任意重度敲击
1521,12:33:20,hit_1521_20260730_123320.csv,512,DEFECT,HIGH,0,38,113,372,500000,3662866,3370657,-3662866,-371563.5,,,,好棒 任意重度敲击
1522,12:33:20,hit_1522_20260730_123320.csv,512,DEFECT,HIGH,0,39,113,382,500000,3503612,3503612,-2962749,-242349.9,,,,好棒 任意重度敲击
1523,12:33:21,hit_1523_20260730_123321.csv,512,DEFECT,HIGH,0,39,113,382,500000,3576733,3501658,-3576733,-361254.5,,,,好棒 任意重度敲击
1524,12:33:21,hit_1524_20260730_123321.csv,512,DEFECT,HIGH,0,42,113,411,500000,3789018,3789018,-3169106,-286835.5,,,,好棒 任意重度敲击
1525,12:33:21,hit_1525_20260730_123321.csv,512,DEFECT,HIGH,0,36,114,349,500000,3993644,2931887,-3993644,-433701.6,,,,好棒 任意重度敲击
1526,12:33:22,hit_1526_20260730_123322.csv,512,DEFECT,HIGH,0,37,114,359,500000,3461435,3271770,-3461435,-342428.2,,,,好棒 任意重度敲击
1527,12:33:22,hit_1527_20260730_123322.csv,512,DEFECT,HIGH,0,36,113,352,500000,3420097,3243383,-3420097,-338251.3,,,,好棒 任意重度敲击
1528,12:33:22,hit_1528_20260730_123322.csv,512,DEFECT,HIGH,0,39,114,378,500000,3716705,3442768,-3716705,-371799.3,,,,好棒 任意重度敲击
1529,12:33:23,hit_1529_20260730_123323.csv,512,DEFECT,HIGH,0,42,114,407,500000,3648647,3648647,-3605873,-348730.2,,,,好棒 任意重度敲击
1530,12:33:23,hit_1530_20260730_123323.csv,512,DEFECT,HIGH,0,40,114,388,500000,3681750,3522809,-3681750,-354894.9,,,,好棒 任意重度敲击
1531,12:33:23,hit_1531_20260730_123323.csv,512,DEFECT,HIGH,0,36,114,349,500000,3545593,3187951,-3545593,-351305.4,,,,好棒 任意重度敲击
1532,12:33:24,hit_1532_20260730_123324.csv,512,DEFECT,HIGH,0,36,114,349,500000,3503491,3131373,-3503491,-348340.1,,,,好棒 任意重度敲击
1533,12:33:24,hit_1533_20260730_123324.csv,512,DEFECT,HIGH,0,37,115,355,500000,3274599,3274599,-3201459,-296520.6,,,,好棒 任意重度敲击
1534,12:33:24,hit_1534_20260730_123324.csv,512,DEFECT,HIGH,0,36,116,342,500000,3232833,3161651,-3232833,-284980.3,,,,好棒 任意重度敲击
1535,12:33:25,hit_1535_20260730_123325.csv,512,DEFECT,HIGH,0,37,114,359,500000,3590873,3304548,-3590873,-354812.5,,,,好棒 任意重度敲击
1536,12:33:25,hit_1536_20260730_123325.csv,512,DEFECT,HIGH,0,36,114,349,500000,3990414,2993382,-3990414,-395137.1,,,,好棒 任意重度敲击
1537,12:33:25,hit_1537_20260730_123325.csv,512,DEFECT,HIGH,0,22,113,215,500000,4506471,2905538,-4506471,-480706.4,,,,好棒 任意重度敲击
1538,12:33:26,hit_1538_20260730_123326.csv,512,DEFECT,HIGH,0,34,113,333,500000,3135766,3131869,-3135766,-278467.3,,,,好棒 任意重度敲击
1539,12:33:26,hit_1539_20260730_123326.csv,512,DEFECT,HIGH,0,37,112,366,500000,3504364,3504364,-3135566,-309272.5,,,,好棒 任意重度敲击
1540,12:33:26,hit_1540_20260730_123326.csv,512,DEFECT,HIGH,0,39,115,375,500000,3485302,3327067,-3485302,-342337.6,,,,好棒 任意重度敲击
1541,12:33:27,hit_1541_20260730_123327.csv,512,DEFECT,HIGH,0,33,113,323,500000,3050805,3050805,-2956253,-267702.3,,,,好棒 任意重度敲击
1542,12:33:27,hit_1542_20260730_123327.csv,512,DEFECT,HIGH,0,34,113,333,500000,3788074,2875572,-3788074,-408301.0,,,,好棒 任意重度敲击
1543,12:33:27,hit_1543_20260730_123327.csv,512,DEFECT,HIGH,0,38,114,368,500000,3563738,3311361,-3563738,-364094.7,,,,好棒 任意重度敲击
1544,12:33:27,hit_1544_20260730_123327.csv,512,DEFECT,HIGH,0,36,112,356,500000,3333926,3333926,-2611199,-231843.8,,,,好棒 任意重度敲击
1545,12:33:28,hit_1545_20260730_123328.csv,512,DEFECT,HIGH,0,38,113,372,500000,3835813,3415394,-3835813,-419869.2,,,,好棒 任意重度敲击
1546,12:33:28,hit_1546_20260730_123328.csv,512,DEFECT,HIGH,0,35,113,343,500000,3198177,3198177,-2681566,-240210.2,,,,好棒 任意重度敲击
1547,12:33:28,hit_1547_20260730_123328.csv,512,DEFECT,HIGH,0,35,114,339,500000,4066036,2719079,-4066036,-473184.7,,,,好棒 任意重度敲击
1548,12:33:29,hit_1548_20260730_123329.csv,512,DEFECT,HIGH,0,35,114,339,500000,3281586,3055366,-3281586,-334312.0,,,,好棒 任意重度敲击
1549,12:33:29,hit_1549_20260730_123329.csv,512,DEFECT,HIGH,0,35,114,339,500000,3167441,3167441,-3157061,-330730.6,,,,好棒 任意重度敲击
1550,12:33:29,hit_1550_20260730_123329.csv,512,DEFECT,HIGH,0,34,113,333,500000,4041014,2729237,-4041014,-473051.9,,,,好棒 任意重度敲击
1551,12:33:30,hit_1551_20260730_123330.csv,512,DEFECT,HIGH,0,41,113,401,500000,3698582,3698582,-2919470,-268269.7,,,,好棒 任意重度敲击
1552,12:33:30,hit_1552_20260730_123330.csv,512,DEFECT,HIGH,0,36,113,352,500000,3466801,3165264,-3466801,-360642.3,,,,好棒 任意重度敲击
1553,12:33:30,hit_1553_20260730_123330.csv,512,DEFECT,HIGH,0,33,114,320,500000,3118001,2991114,-3118001,-294656.1,,,,好棒 任意重度敲击
1554,12:33:31,hit_1554_20260730_123331.csv,512,DEFECT,HIGH,0,37,114,359,500000,3292256,3292256,-2858268,-260771.1,,,,好棒 任意重度敲击
1555,12:33:31,hit_1555_20260730_123331.csv,512,DEFECT,HIGH,0,32,111,320,500000,2475075,2475075,-1966112,-157761.5,,,,好棒 任意重度敲击
1556,12:33:31,hit_1556_20260730_123331.csv,512,DEFECT,HIGH,0,34,112,336,500000,2691278,2691278,-2083259,-177163.1,,,,好棒 任意重度敲击
1557,12:33:31,hit_1557_20260730_123331.csv,512,DEFECT,HIGH,0,34,108,350,500000,2464045,2464045,-1721160,-185975.8,,,,好棒 任意重度敲击
1558,12:33:32,hit_1558_20260730_123332.csv,512,DEFECT,HIGH,0,34,114,330,500000,3374634,3374634,-3184556,-349985.2,,,,好棒 任意重度敲击
1559,12:33:32,hit_1559_20260730_123332.csv,512,DEFECT,HIGH,0,35,113,343,500000,3938125,2934639,-3938125,-462973.0,,,,好棒 任意重度敲击
1560,12:33:33,hit_1560_20260730_123333.csv,512,DEFECT,HIGH,0,35,113,343,500000,4363602,2854979,-4363602,-617309.3,,,,好棒 任意重度敲击
1561,12:33:33,hit_1561_20260730_123333.csv,512,DEFECT,HIGH,0,46,111,460,500000,3585394,3585394,-2500310,-234012.6,,,,好棒 任意重度敲击
1562,12:33:33,hit_1562_20260730_123333.csv,512,DEFECT,HIGH,0,34,113,333,500000,4031053,2836431,-4031053,-411093.4,,,,好棒 任意重度敲击
1563,12:33:33,hit_1563_20260730_123333.csv,512,DEFECT,HIGH,0,33,113,323,500000,3646126,2915923,-3646126,-394786.5,,,,好棒 任意重度敲击
1564,12:33:34,hit_1564_20260730_123334.csv,512,DEFECT,HIGH,0,34,113,333,500000,3775977,2828586,-3775977,-427784.8,,,,好棒 任意重度敲击
1565,12:33:34,hit_1565_20260730_123334.csv,512,DEFECT,HIGH,0,35,113,343,500000,4186359,2947239,-4186359,-439218.0,,,,好棒 任意重度敲击
1566,12:33:34,hit_1566_20260730_123334.csv,512,DEFECT,HIGH,0,35,113,343,500000,4201559,2891467,-4201559,-443200.8,,,,好棒 任意重度敲击
1567,12:33:35,hit_1567_20260730_123335.csv,512,DEFECT,HIGH,0,38,114,368,500000,4118335,3210475,-4118335,-464140.6,,,,好棒 任意重度敲击
1568,12:33:35,hit_1568_20260730_123335.csv,512,DEFECT,HIGH,0,41,115,394,500000,4391799,3358688,-4391799,-496894.9,,,,好棒 任意重度敲击
1569,12:33:35,hit_1569_20260730_123335.csv,512,DEFECT,HIGH,0,40,116,380,500000,4409073,3212869,-4409073,-447415.2,,,,好棒 任意重度敲击
1570,12:33:36,hit_1570_20260730_123336.csv,512,DEFECT,HIGH,0,40,117,377,500000,4496601,3131884,-4496601,-465732.7,,,,好棒 任意重度敲击
1571,12:33:36,hit_1571_20260730_123336.csv,512,DEFECT,HIGH,0,39,114,378,500000,4002702,3301134,-4002702,-432755.2,,,,好棒 任意重度敲击
1572,12:33:37,hit_1572_20260730_123337.csv,512,DEFECT,HIGH,0,36,114,349,500000,4324782,2727857,-4324782,-501864.5,,,,好棒 任意重度敲击
1573,12:33:37,hit_1573_20260730_123337.csv,512,DEFECT,HIGH,0,36,114,349,500000,3976064,2909864,-3976064,-463598.7,,,,好棒 任意重度敲击
1574,12:33:37,hit_1574_20260730_123337.csv,512,DEFECT,HIGH,0,36,114,349,500000,4211247,2766946,-4211247,-501136.1,,,,好棒 任意重度敲击
1575,12:33:38,hit_1575_20260730_123338.csv,512,DEFECT,HIGH,0,39,116,371,500000,4353737,3015842,-4353737,-512880.9,,,,好棒 任意重度敲击
1576,12:33:38,hit_1576_20260730_123338.csv,512,DEFECT,HIGH,0,38,115,365,500000,3588051,3329392,-3588051,-389870.5,,,,好棒 任意重度敲击
1577,12:33:39,hit_1577_20260730_123339.csv,512,DEFECT,HIGH,0,37,115,355,500000,4330365,2762363,-4330365,-547273.7,,,,好棒 任意重度敲击
1578,12:33:39,hit_1578_20260730_123339.csv,512,DEFECT,HIGH,0,38,116,361,500000,4254571,3071378,-4254571,-462562.1,,,,好棒 任意重度敲击
1579,12:33:40,hit_1579_20260730_123340.csv,512,DEFECT,HIGH,0,38,114,368,500000,3438895,3438895,-3083924,-302715.1,,,,好棒 任意重度敲击
1580,12:33:40,hit_1580_20260730_123340.csv,512,DEFECT,HIGH,0,26,118,242,500000,4807753,3122937,-4807753,-498199.4,,,,好棒 任意重度敲击
1581,12:33:40,hit_1581_20260730_123340.csv,512,DEFECT,HIGH,0,35,114,339,500000,3223776,3223776,-2927740,-275978.9,,,,好棒 任意重度敲击
1582,12:33:41,hit_1582_20260730_123341.csv,512,DEFECT,HIGH,0,40,114,388,500000,4508927,3193547,-4508927,-568871.5,,,,好棒 任意重度敲击
1583,12:33:41,hit_1583_20260730_123341.csv,512,DEFECT,HIGH,0,35,114,339,500000,3366674,3226987,-3366674,-340540.5,,,,好棒 任意重度敲击
1584,12:33:42,hit_1584_20260730_123342.csv,512,DEFECT,HIGH,0,37,114,359,500000,4058568,2962902,-4058568,-496904.3,,,,好棒 任意重度敲击
1585,12:33:42,hit_1585_20260730_123342.csv,512,DEFECT,HIGH,0,41,115,394,500000,4539838,3240742,-4539838,-559956.3,,,,好棒 任意重度敲击
1586,12:33:42,hit_1586_20260730_123342.csv,512,DEFECT,HIGH,0,38,114,368,500000,4103297,3047506,-4103297,-512856.9,,,,好棒 任意重度敲击
1587,12:33:43,hit_1587_20260730_123343.csv,512,DEFECT,HIGH,0,34,115,326,500000,3888245,2852608,-3888245,-391296.1,,,,好棒 任意重度敲击
1588,12:34:14,hit_1588_20260730_123414.csv,512,DEFECT,HIGH,0,30,113,265,500000,1669889,1669889,-1138659,-121063.4,,,,好棒 任意重度敲击
1589,12:34:15,hit_1589_20260730_123415.csv,512,DEFECT,HIGH,0,28,117,247,500000,2246335,2246335,-1560551,-164456.3,,,,好棒 任意重度敲击
1590,12:34:15,hit_1590_20260730_123415.csv,512,DEFECT,HIGH,0,30,111,300,500000,2976902,2976902,-2443027,-213175.7,,,,好棒 任意重度敲击
1591,12:34:16,hit_1591_20260730_123416.csv,512,DEFECT,HIGH,0,34,111,340,500000,2672581,2672581,-2074587,-175005.7,,,,好棒 任意重度敲击
1592,12:34:16,hit_1592_20260730_123416.csv,512,DEFECT,HIGH,0,33,113,323,500000,3746271,3006726,-3746271,-381994.1,,,,好棒 任意重度敲击
1593,12:34:17,hit_1593_20260730_123417.csv,512,DEFECT,HIGH,0,32,108,329,500000,2376606,2376606,-1658842,-165289.8,,,,好棒 任意重度敲击
1594,12:34:17,hit_1594_20260730_123417.csv,512,DEFECT,HIGH,0,32,112,316,500000,3083259,3083259,-2738593,-240796.8,,,,好棒 任意重度敲击
1595,12:34:17,hit_1595_20260730_123417.csv,512,DEFECT,HIGH,0,32,111,320,500000,2547480,2547480,-2136869,-164658.3,,,,好棒 任意重度敲击
1596,12:34:18,hit_1596_20260730_123418.csv,512,DEFECT,HIGH,0,33,112,326,500000,3170094,3170094,-3004222,-245336.5,,,,好棒 任意重度敲击
1597,12:34:18,hit_1597_20260730_123418.csv,512,DEFECT,HIGH,0,34,112,336,500000,3162203,3162203,-3064702,-245719.3,,,,好棒 任意重度敲击
1598,12:34:19,hit_1598_20260730_123419.csv,512,DEFECT,HIGH,0,34,112,336,500000,2983305,2983305,-2618263,-190748.2,,,,好棒 任意重度敲击
1599,12:34:19,hit_1599_20260730_123419.csv,512,DEFECT,HIGH,0,40,112,396,500000,3349861,3349861,-2606328,-207869.7,,,,好棒 任意重度敲击
1600,12:34:19,hit_1600_20260730_123419.csv,512,DEFECT,HIGH,0,38,110,383,500000,2601192,2601192,-1926240,-171224.4,,,,好棒 任意重度敲击
1601,12:34:20,hit_1601_20260730_123420.csv,512,DEFECT,HIGH,0,32,111,320,500000,2843762,2843762,-2178599,-182838.2,,,,好棒 任意重度敲击
1602,12:34:20,hit_1602_20260730_123420.csv,512,DEFECT,HIGH,0,35,110,353,500000,2623441,2623441,-1891416,-176129.2,,,,好棒 任意重度敲击
1603,12:34:20,hit_1603_20260730_123420.csv,512,DEFECT,HIGH,0,33,110,333,500000,2502174,2502174,-1884241,-163273.0,,,,好棒 任意重度敲击
1604,12:34:21,hit_1604_20260730_123421.csv,512,DEFECT,HIGH,0,33,111,330,500000,2670312,2670312,-2092531,-168480.3,,,,好棒 任意重度敲击
1605,12:34:21,hit_1605_20260730_123421.csv,512,DEFECT,HIGH,0,33,110,333,500000,2375012,2375012,-1896491,-151696.2,,,,好棒 任意重度敲击
1606,12:34:21,hit_1606_20260730_123421.csv,512,DEFECT,HIGH,0,37,110,373,500000,2473844,2473844,-1863992,-161763.7,,,,好棒 任意重度敲击
1607,12:34:22,hit_1607_20260730_123422.csv,512,DEFECT,HIGH,0,33,111,330,500000,2504812,2504812,-2053406,-164643.6,,,,好棒 任意重度敲击
1608,12:34:22,hit_1608_20260730_123422.csv,512,DEFECT,HIGH,0,34,112,336,500000,3285625,3285625,-2817950,-230961.9,,,,好棒 任意重度敲击
1609,12:34:23,hit_1609_20260730_123423.csv,512,DEFECT,LOW,0,39,0,371,500000,1895953,1895953,-1371786,-131785.7,,,,好棒 任意重度敲击
1610,12:34:23,hit_1610_20260730_123423.csv,512,DEFECT,HIGH,0,34,110,343,500000,2809450,2809450,-2225699,-181600.2,,,,好棒 任意重度敲击
1611,12:34:23,hit_1611_20260730_123423.csv,512,DEFECT,LOW,0,40,0,380,500000,1942017,1942017,-1402620,-133286.1,,,,好棒 任意重度敲击
1612,12:34:24,hit_1612_20260730_123424.csv,512,DEFECT,HIGH,0,31,111,310,500000,2608476,2608476,-2237037,-168175.2,,,,好棒 任意重度敲击
1613,12:34:24,hit_1613_20260730_123424.csv,512,DEFECT,HIGH,0,29,110,292,500000,2108197,2108197,-1748369,-141125.3,,,,好棒 任意重度敲击
1614,12:34:24,hit_1614_20260730_123424.csv,512,DEFECT,HIGH,0,31,111,310,500000,2575916,2575916,-2220623,-167005.1,,,,好棒 任意重度敲击
1615,12:34:25,hit_1615_20260730_123425.csv,512,DEFECT,HIGH,0,31,110,313,500000,2188741,2188741,-1743032,-144648.6,,,,好棒 任意重度敲击
1616,12:34:25,hit_1616_20260730_123425.csv,512,DEFECT,HIGH,0,29,111,290,500000,2168181,2168181,-1828213,-147624.0,,,,好棒 任意重度敲击
1617,12:34:26,hit_1617_20260730_123426.csv,512,DEFECT,LOW,0,27,0,257,500000,1851396,1851396,-1331370,-134202.4,,,,好棒 任意重度敲击
1618,12:34:26,hit_1618_20260730_123426.csv,512,DEFECT,HIGH,0,35,109,357,500000,2267259,2267259,-1643021,-156552.4,,,,好棒 任意重度敲击
1619,12:34:26,hit_1619_20260730_123426.csv,512,DEFECT,HIGH,0,32,108,329,500000,2339810,2339810,-1650582,-161798.4,,,,好棒 任意重度敲击
1620,12:34:27,hit_1620_20260730_123427.csv,512,DEFECT,HIGH,0,36,117,318,500000,2016550,2016550,-1375870,-142176.7,,,,好棒 任意重度敲击
1621,12:34:27,hit_1621_20260730_123427.csv,512,DEFECT,HIGH,0,40,110,404,500000,2529159,2529159,-1783282,-171828.9,,,,好棒 任意重度敲击
1622,12:34:28,hit_1622_20260730_123428.csv,512,DEFECT,LOW,0,41,0,390,500000,2080979,2080979,-1475789,-152006.0,,,,好棒 任意重度敲击
1623,12:34:28,hit_1623_20260730_123428.csv,512,DEFECT,HIGH,0,30,111,300,500000,2978339,2978339,-2513049,-212551.8,,,,好棒 任意重度敲击
1624,12:34:28,hit_1624_20260730_123428.csv,512,DEFECT,HIGH,0,38,108,391,500000,2322531,2322531,-1626870,-159256.7,,,,好棒 任意重度敲击
1625,12:34:29,hit_1625_20260730_123429.csv,512,DEFECT,HIGH,0,31,110,313,500000,2887130,2887130,-2183321,-189770.4,,,,好棒 任意重度敲击
1626,12:34:29,hit_1626_20260730_123429.csv,512,DEFECT,HIGH,0,31,108,319,500000,2058665,2058665,-1599043,-136721.0,,,,好棒 任意重度敲击
1627,12:34:29,hit_1627_20260730_123429.csv,512,DEFECT,HIGH,0,48,108,494,500000,2482358,2482358,-1767876,-179162.9,,,,好棒 任意重度敲击
1628,12:34:30,hit_1628_20260730_123430.csv,512,DEFECT,HIGH,0,37,110,373,500000,2679137,2679137,-1920709,-190810.9,,,,好棒 任意重度敲击
1629,12:34:30,hit_1629_20260730_123430.csv,512,DEFECT,HIGH,0,42,109,428,500000,2425260,2425260,-1707706,-171513.5,,,,好棒 任意重度敲击
1630,12:34:30,hit_1630_20260730_123430.csv,512,DEFECT,HIGH,0,38,108,391,500000,2923826,2923826,-1962802,-202652.0,,,,好棒 任意重度敲击
1631,12:34:31,hit_1631_20260730_123431.csv,512,DEFECT,HIGH,0,37,109,377,500000,3049104,3049104,-2019039,-204541.6,,,,好棒 任意重度敲击
1632,12:34:31,hit_1632_20260730_123431.csv,512,DEFECT,HIGH,0,35,109,357,500000,2974595,2974595,-2039127,-203227.0,,,,好棒 任意重度敲击
1633,12:34:31,hit_1633_20260730_123431.csv,512,DEFECT,LOW,0,34,0,323,500000,2231272,2231272,-1511535,-166357.9,,,,好棒 任意重度敲击
1634,12:34:32,hit_1634_20260730_123432.csv,512,DEFECT,LOW,0,34,0,323,500000,2181727,2181727,-1509476,-163672.7,,,,好棒 任意重度敲击
1635,12:34:32,hit_1635_20260730_123432.csv,512,DEFECT,LOW,0,63,0,495,500000,931970,931970,-647975,50905.8,,,,好棒 任意重度敲击
1636,12:34:32,hit_1636_20260730_123432.csv,512,DEFECT,HIGH,0,43,111,430,500000,2856304,2856304,-2008645,-206206.9,,,,好棒 任意重度敲击
1637,12:34:33,hit_1637_20260730_123433.csv,512,DEFECT,HIGH,0,37,116,327,500000,2402396,2402396,-1641127,-170643.4,,,,好棒 任意重度敲击
1638,12:34:33,hit_1638_20260730_123433.csv,512,DEFECT,HIGH,0,31,110,313,500000,3314511,3314511,-2842303,-274588.9,,,,好棒 任意重度敲击
1639,12:34:33,hit_1639_20260730_123433.csv,512,DEFECT,HIGH,0,35,110,353,500000,3231277,3231277,-2659797,-239749.9,,,,好棒 任意重度敲击
1640,12:34:34,hit_1640_20260730_123434.csv,512,DEFECT,HIGH,0,41,119,362,500000,2829635,2829635,-1893538,-196953.5,,,,好棒 任意重度敲击
1641,12:34:34,hit_1641_20260730_123434.csv,512,DEFECT,HIGH,0,37,111,370,500000,3299612,3299612,-2452563,-233029.8,,,,好棒 任意重度敲击
1642,12:34:35,hit_1642_20260730_123435.csv,512,DEFECT,HIGH,0,38,108,391,500000,2492215,2492215,-1815937,-177604.9,,,,好棒 任意重度敲击
1643,12:34:35,hit_1643_20260730_123435.csv,512,DEFECT,HIGH,0,33,112,326,500000,3913057,3256427,-3913057,-371203.2,,,,好棒 任意重度敲击
1644,12:34:36,hit_1644_20260730_123436.csv,512,DEFECT,HIGH,0,32,110,323,500000,3360950,3360950,-2791372,-250080.6,,,,好棒 任意重度敲击
1645,12:34:36,hit_1645_20260730_123436.csv,512,DEFECT,HIGH,0,39,118,345,500000,3187590,3187590,-2156836,-209703.5,,,,好棒 任意重度敲击
1646,12:34:36,hit_1646_20260730_123436.csv,512,DEFECT,HIGH,0,39,109,397,500000,3906646,3906646,-3302222,-349021.4,,,,好棒 任意重度敲击
1647,12:34:37,hit_1647_20260730_123437.csv,512,DEFECT,HIGH,0,32,109,326,500000,2864690,2864690,-2357947,-192793.7,,,,好棒 任意重度敲击
1648,12:34:37,hit_1648_20260730_123437.csv,512,DEFECT,HIGH,0,36,111,360,500000,3720030,3720030,-3065330,-291356.1,,,,好棒 任意重度敲击
1649,12:34:37,hit_1649_20260730_123437.csv,512,DEFECT,HIGH,0,33,112,326,500000,3375853,3375853,-3226095,-289004.4,,,,好棒 任意重度敲击
1650,12:34:37,hit_1650_20260730_123437.csv,512,DEFECT,HIGH,0,30,110,303,500000,3175688,3175688,-2824907,-238537.7,,,,好棒 任意重度敲击
1651,12:34:38,hit_1651_20260730_123438.csv,512,DEFECT,LOW,0,50,0,476,500000,2152759,2152759,-1623952,-155106.6,,,,好棒 任意重度敲击
1652,12:34:38,hit_1652_20260730_123438.csv,512,DEFECT,HIGH,0,39,116,371,500000,2943603,2943603,-2288347,-195097.6,,,,好棒 任意重度敲击
1653,12:34:38,hit_1653_20260730_123438.csv,512,DEFECT,HIGH,0,48,120,440,500000,3102291,3102291,-2220262,-201194.7,,,,好棒 任意重度敲击
1654,12:34:39,hit_1654_20260730_123439.csv,512,DEFECT,HIGH,0,32,111,320,500000,3344550,3344550,-3213372,-280709.8,,,,好棒 任意重度敲击
1655,12:34:39,hit_1655_20260730_123439.csv,512,DEFECT,HIGH,0,37,114,359,500000,4390852,3325131,-4390852,-475235.0,,,,好棒 任意重度敲击
1656,12:34:39,hit_1656_20260730_123439.csv,512,DEFECT,HIGH,0,40,113,392,500000,2865219,2865219,-1989472,-203162.4,,,,好棒 任意重度敲击
1657,12:34:40,hit_1657_20260730_123440.csv,512,DEFECT,HIGH,0,33,111,330,500000,3454828,3435390,-3454828,-326795.4,,,,好棒 任意重度敲击
1658,12:34:40,hit_1658_20260730_123440.csv,512,DEFECT,HIGH,0,33,110,333,500000,4069771,3201782,-4069771,-405764.6,,,,好棒 任意重度敲击
1659,12:34:40,hit_1659_20260730_123440.csv,512,DEFECT,LOW,0,55,0,523,500000,2132517,2132517,-1635820,-156918.5,,,,好棒 任意重度敲击
1660,12:34:41,hit_1660_20260730_123441.csv,512,DEFECT,HIGH,0,47,113,460,500000,3296144,3296144,-2427064,-204784.4,,,,好棒 任意重度敲击
1661,12:34:41,hit_1661_20260730_123441.csv,512,DEFECT,HIGH,0,46,113,450,500000,3240551,3240551,-2344502,-205043.5,,,,好棒 任意重度敲击
1662,12:34:41,hit_1662_20260730_123441.csv,512,DEFECT,HIGH,0,44,113,431,500000,3140797,3140797,-2278205,-199488.8,,,,好棒 任意重度敲击
1663,12:34:42,hit_1663_20260730_123442.csv,512,DEFECT,HIGH,0,31,119,287,500000,5478268,2697736,-5478268,-640401.3,,,,好棒 任意重度敲击
1664,12:34:42,hit_1664_20260730_123442.csv,512,DEFECT,HIGH,0,31,110,313,500000,4521351,2922063,-4521351,-394334.9,,,,好棒 任意重度敲击
1665,12:34:42,hit_1665_20260730_123442.csv,512,DEFECT,HIGH,0,28,110,282,500000,4219598,2724147,-4219598,-341553.6,,,,好棒 任意重度敲击
1666,12:34:43,hit_1666_20260730_123443.csv,512,DEFECT,HIGH,0,37,120,339,500000,3993034,2749966,-3993034,-345554.9,,,,好棒 任意重度敲击
1667,12:34:43,hit_1667_20260730_123443.csv,512,DEFECT,HIGH,0,32,111,320,500000,4269902,2946202,-4269902,-401237.1,,,,好棒 任意重度敲击
1668,12:34:43,hit_1668_20260730_123443.csv,512,DEFECT,HIGH,0,29,111,290,500000,3887721,2705067,-3887721,-326515.5,,,,好棒 任意重度敲击
1669,12:34:44,hit_1669_20260730_123444.csv,512,DEFECT,HIGH,0,28,111,280,500000,3805475,2607247,-3805475,-312316.9,,,,好棒 任意重度敲击
1670,12:34:44,hit_1670_20260730_123444.csv,512,DEFECT,HIGH,0,85,111,740,500000,3677051,2651628,-3677051,-278509.9,,,,好棒 任意重度敲击
1671,12:34:44,hit_1671_20260730_123444.csv,512,DEFECT,HIGH,0,27,112,267,500000,3617461,2462827,-3617461,-269738.6,,,,好棒 任意重度敲击
1672,12:34:44,hit_1672_20260730_123444.csv,512,DEFECT,HIGH,0,38,118,355,500000,2925754,2925754,-2818523,-188314.3,,,,好棒 任意重度敲击
1673,12:34:45,hit_1673_20260730_123445.csv,512,DEFECT,HIGH,0,27,111,270,500000,3819409,2600500,-3819409,-300242.5,,,,好棒 任意重度敲击
1674,12:34:45,hit_1674_20260730_123445.csv,512,DEFECT,HIGH,0,26,111,260,500000,3622658,2502272,-3622658,-274391.3,,,,好棒 任意重度敲击
1675,12:34:46,hit_1675_20260730_123446.csv,512,DEFECT,HIGH,0,28,112,277,500000,3776206,2453437,-3776206,-295972.0,,,,好棒 任意重度敲击
1676,12:34:46,hit_1676_20260730_123446.csv,512,DEFECT,HIGH,0,30,111,300,500000,3220492,2798043,-3220492,-234137.3,,,,好棒 任意重度敲击
1677,12:34:46,hit_1677_20260730_123446.csv,512,DEFECT,HIGH,0,34,111,340,500000,3366088,3190446,-3366088,-255082.8,,,,好棒 任意重度敲击
1678,12:34:47,hit_1678_20260730_123447.csv,512,DEFECT,HIGH,0,40,111,400,500000,3679081,3679081,-3410101,-267755.4,,,,好棒 任意重度敲击
1679,12:34:47,hit_1679_20260730_123447.csv,512,DEFECT,HIGH,0,39,111,390,500000,3631057,3631057,-3334189,-261456.4,,,,好棒 任意重度敲击
1680,12:34:51,hit_1680_20260730_123451.csv,512,DEFECT,HIGH,0,27,113,264,500000,4828113,2866607,-4828113,-662270.1,,,,好棒 任意重度敲击
1681,12:34:53,hit_1681_20260730_123453.csv,512,DEFECT,HIGH,0,30,112,297,500000,3894734,2594692,-3894734,-554833.3,,,,好棒 任意重度敲击
1682,12:34:54,hit_1682_20260730_123454.csv,512,DEFECT,HIGH,0,33,113,323,500000,4323539,2670005,-4323539,-464105.2,,,,好棒 任意重度敲击
1683,12:34:55,hit_1683_20260730_123455.csv,512,DEFECT,HIGH,0,34,114,330,500000,3452264,2912536,-3452264,-344600.2,,,,好棒 任意重度敲击
1684,12:34:56,hit_1684_20260730_123456.csv,512,DEFECT,HIGH,0,35,112,346,500000,3096624,3096624,-2481289,-243572.9,,,,好棒 任意重度敲击
1685,12:34:56,hit_1685_20260730_123456.csv,512,DEFECT,HIGH,0,35,111,350,500000,3049907,3049907,-2254730,-211249.0,,,,好棒 任意重度敲击
1686,12:34:57,hit_1686_20260730_123457.csv,512,DEFECT,HIGH,0,30,112,297,500000,3044632,3044632,-2396417,-244995.6,,,,好棒 任意重度敲击
1687,12:34:59,hit_1687_20260730_123459.csv,512,DEFECT,HIGH,0,39,112,386,500000,3433172,3433172,-2678032,-274301.9,,,,好棒 任意重度敲击
1688,12:35:00,hit_1688_20260730_123500.csv,512,DEFECT,HIGH,0,37,110,373,500000,2831606,2831606,-1913404,-194448.8,,,,好棒 任意重度敲击
1689,12:35:01,hit_1689_20260730_123501.csv,512,DEFECT,HIGH,0,35,112,346,500000,4003433,3322442,-4003433,-467224.5,,,,好棒 任意重度敲击
1690,12:35:02,hit_1690_20260730_123502.csv,512,DEFECT,HIGH,0,41,112,405,500000,3354694,3354694,-2382755,-219769.6,,,,好棒 任意重度敲击
1691,12:35:03,hit_1691_20260730_123503.csv,512,DEFECT,HIGH,0,40,113,392,500000,4793679,3570211,-4793679,-576467.4,,,,好棒 任意重度敲击
1692,12:35:04,hit_1692_20260730_123504.csv,512,DEFECT,HIGH,0,38,115,365,500000,4563738,3262079,-4563738,-518146.1,,,,好棒 任意重度敲击
1693,12:35:05,hit_1693_20260730_123505.csv,512,DEFECT,HIGH,0,36,113,352,500000,4690425,3030194,-4690425,-489479.9,,,,好棒 任意重度敲击
1694,12:35:06,hit_1694_20260730_123506.csv,512,DEFECT,HIGH,0,42,117,396,500000,4960966,3140813,-4960966,-608320.3,,,,好棒 任意重度敲击
1695,12:35:06,hit_1695_20260730_123506.csv,512,DEFECT,LOW,0,39,0,371,500000,1766112,1766112,-1284275,-122826.0,,,,好棒 任意重度敲击
1696,12:35:07,hit_1696_20260730_123507.csv,512,DEFECT,HIGH,0,26,114,252,500000,4917965,3093111,-4917965,-555641.9,,,,好棒 任意重度敲击
1697,12:35:08,hit_1697_20260730_123508.csv,512,DEFECT,HIGH,0,44,116,419,500000,4362484,3672253,-4362484,-499762.8,,,,好棒 任意重度敲击
1698,12:35:09,hit_1698_20260730_123509.csv,512,DEFECT,HIGH,0,39,114,378,500000,4715363,3092486,-4715363,-603871.7,,,,好棒 任意重度敲击
1699,12:35:09,hit_1699_20260730_123509.csv,512,DEFECT,HIGH,0,38,114,368,500000,3685602,3330057,-3685602,-385348.7,,,,好棒 任意重度敲击
1700,12:35:10,hit_1700_20260730_123510.csv,512,DEFECT,HIGH,0,35,116,333,500000,3313449,3070264,-3313449,-384490.0,,,,好棒 任意重度敲击
1701,12:35:11,hit_1701_20260730_123511.csv,512,DEFECT,HIGH,0,36,114,349,500000,3964650,3122071,-3964650,-418647.5,,,,好棒 任意重度敲击
1702,12:35:25,hit_1702_20260730_123525.csv,512,DEFECT,HIGH,0,25,112,247,500000,4826118,3026001,-4826118,-521216.4,,,,好棒 任意重度敲击
1703,12:35:25,hit_1703_20260730_123525.csv,512,DEFECT,HIGH,0,29,111,290,500000,2951226,2919113,-2951226,-273775.1,,,,好棒 任意重度敲击
1704,12:35:26,hit_1704_20260730_123526.csv,512,DEFECT,HIGH,0,32,108,329,500000,3315683,3315683,-2246717,-219078.2,,,,好棒 任意重度敲击
1705,12:35:26,hit_1705_20260730_123526.csv,512,DEFECT,HIGH,0,32,111,320,500000,3039730,3039730,-2560457,-224785.3,,,,好棒 任意重度敲击
1706,12:35:26,hit_1706_20260730_123526.csv,512,DEFECT,HIGH,0,33,115,292,500000,2768022,2768022,-1833652,-195185.4,,,,好棒 任意重度敲击
1707,12:35:27,hit_1707_20260730_123527.csv,512,DEFECT,HIGH,0,28,108,288,500000,2181205,2181205,-1658859,-158607.1,,,,好棒 任意重度敲击
1708,12:35:27,hit_1708_20260730_123527.csv,512,DEFECT,LOW,0,47,0,447,500000,2901823,2901823,-2023475,-209116.5,,,,好棒 任意重度敲击
1709,12:35:27,hit_1709_20260730_123527.csv,512,DEFECT,HIGH,0,35,113,343,500000,3188938,3188938,-2239084,-222110.9,,,,好棒 任意重度敲击
1710,12:35:28,hit_1710_20260730_123528.csv,512,DEFECT,HIGH,0,39,114,378,500000,3131008,3131008,-2106339,-214189.7,,,,好棒 任意重度敲击
1711,12:35:28,hit_1711_20260730_123528.csv,512,DEFECT,LOW,0,36,0,342,500000,2358390,2358390,-1610459,-177163.4,,,,好棒 任意重度敲击
1712,12:35:28,hit_1712_20260730_123528.csv,512,DEFECT,HIGH,0,41,110,414,500000,3524206,3524206,-2365207,-242355.2,,,,好棒 任意重度敲击
1713,12:35:29,hit_1713_20260730_123529.csv,512,DEFECT,HIGH,0,31,111,310,500000,3388195,2983678,-3388195,-355335.4,,,,好棒 任意重度敲击
1714,12:35:29,hit_1714_20260730_123529.csv,512,DEFECT,HIGH,0,31,109,316,500000,3072999,3072999,-2458190,-231585.0,,,,好棒 任意重度敲击
1715,12:35:29,hit_1715_20260730_123529.csv,512,DEFECT,LOW,0,34,0,323,500000,2455428,2455428,-1634174,-177742.9,,,,好棒 任意重度敲击
1716,12:35:30,hit_1716_20260730_123530.csv,512,DEFECT,HIGH,0,35,109,357,500000,3033561,3033561,-2205890,-198760.3,,,,好棒 任意重度敲击
1717,12:35:30,hit_1717_20260730_123530.csv,512,DEFECT,LOW,0,43,0,409,500000,2348985,2348985,-1641638,-183606.5,,,,好棒 任意重度敲击
1718,12:35:30,hit_1718_20260730_123530.csv,512,DEFECT,HIGH,0,35,110,353,500000,3555303,3555303,-2652313,-264922.5,,,,好棒 任意重度敲击
1719,12:35:31,hit_1719_20260730_123531.csv,512,DEFECT,LOW,0,41,0,390,500000,2719114,2719114,-1839545,-198198.3,,,,好棒 任意重度敲击
1720,12:35:31,hit_1720_20260730_123531.csv,512,DEFECT,HIGH,0,27,109,275,500000,3200075,2598006,-3200075,-327301.4,,,,好棒 任意重度敲击
1721,12:35:32,hit_1721_20260730_123532.csv,512,DEFECT,HIGH,0,28,108,288,500000,2697787,2697787,-1953104,-193845.4,,,,好棒 任意重度敲击
1722,12:35:32,hit_1722_20260730_123532.csv,512,DEFECT,HIGH,0,32,111,320,500000,3250451,3250451,-3144876,-330135.0,,,,好棒 任意重度敲击
1723,12:35:33,hit_1723_20260730_123533.csv,512,DEFECT,HIGH,0,35,109,357,500000,2919543,2919543,-2007536,-213914.5,,,,好棒 任意重度敲击
1724,12:35:33,hit_1724_20260730_123533.csv,512,DEFECT,HIGH,0,29,109,295,500000,2638539,2638539,-1962895,-190762.6,,,,好棒 任意重度敲击
1725,12:35:34,hit_1725_20260730_123534.csv,512,DEFECT,HIGH,0,29,109,295,500000,2607798,2607798,-1879787,-192376.0,,,,好棒 任意重度敲击
1726,12:35:34,hit_1726_20260730_123534.csv,512,DEFECT,HIGH,0,35,108,360,500000,2336145,2336145,-1671040,-182549.1,,,,好棒 任意重度敲击
1727,12:35:34,hit_1727_20260730_123534.csv,512,DEFECT,HIGH,0,74,110,572,500000,1471485,1471485,-1168792,-121859.0,,,,好棒 任意重度敲击
1728,12:35:35,hit_1728_20260730_123535.csv,512,DEFECT,LOW,0,68,0,542,587772,809467,809467,-532776,43925.8,,,,好棒 任意重度敲击
1729,12:35:35,hit_1729_20260730_123535.csv,512,DEFECT,HIGH,0,34,110,343,500000,3423473,3254000,-3423473,-399187.9,,,,好棒 任意重度敲击
1730,12:35:36,hit_1730_20260730_123536.csv,512,DEFECT,HIGH,0,34,116,300,500000,2464074,2464074,-1708218,-167088.1,,,,好棒 任意重度敲击
1731,12:35:36,hit_1731_20260730_123536.csv,512,DEFECT,LOW,0,46,0,438,500000,1800245,1800245,-1375787,-157088.0,,,,好棒 任意重度敲击
1732,12:35:36,hit_1732_20260730_123536.csv,512,DEFECT,HIGH,0,47,113,460,500000,4556142,3867392,-4556142,-605425.9,,,,好棒 任意重度敲击
1733,12:35:44,hit_1733_20260730_123544.csv,512,DEFECT,HIGH,0,22,111,220,500000,4453452,2796121,-4453452,-533284.9,,,,好棒 任意重度敲击
1734,12:35:44,hit_1734_20260730_123544.csv,512,DEFECT,HIGH,0,22,110,222,500000,4342024,2669043,-4342024,-568556.6,,,,好棒 任意重度敲击
1735,12:35:45,hit_1735_20260730_123545.csv,512,DEFECT,HIGH,0,23,110,232,500000,5362563,3680636,-5362563,-372033.8,,,,好棒 任意重度敲击
1736,12:35:46,hit_1736_20260730_123546.csv,512,DEFECT,HIGH,0,38,111,380,500000,4700005,3380176,-4700005,-537078.0,,,,好棒 任意重度敲击
1737,12:35:46,hit_1737_20260730_123546.csv,512,DEFECT,HIGH,0,24,110,242,500000,4837105,3187346,-4837105,-548073.7,,,,好棒 任意重度敲击
1738,12:35:46,hit_1738_20260730_123546.csv,512,NORMAL,HIGH,0,0,108,0,500000,5959113,4201210,-5959113,-80228.6,,,,好棒 任意重度敲击
1739,12:35:47,hit_1739_20260730_123547.csv,512,DEFECT,HIGH,0,23,109,234,500000,4985500,3636881,-4985500,-468028.2,,,,好棒 任意重度敲击
1740,12:35:47,hit_1740_20260730_123547.csv,512,DEFECT,HIGH,0,21,108,216,500000,4380172,3200863,-4380172,-385788.0,,,,好棒 任意重度敲击
1741,12:35:48,hit_1741_20260730_123548.csv,512,NORMAL,HIGH,0,0,108,0,500000,5198582,4130966,-5198582,14503.4,,,,好棒 任意重度敲击
1742,12:35:48,hit_1742_20260730_123548.csv,512,DEFECT,HIGH,0,25,108,257,500000,5653923,3743684,-5653923,-568840.2,,,,好棒 任意重度敲击
1743,12:35:48,hit_1743_20260730_123548.csv,512,DEFECT,HIGH,0,30,108,309,500000,5007479,3743958,-5007479,-225805.0,,,,好棒 任意重度敲击
1744,12:35:49,hit_1744_20260730_123549.csv,512,NORMAL,HIGH,0,0,108,0,500000,5280053,4093643,-5280053,-13494.6,,,,好棒 任意重度敲击
1745,12:35:49,hit_1745_20260730_123549.csv,512,DEFECT,HIGH,0,22,108,226,500000,5284202,3723847,-5284202,-306770.9,,,,好棒 任意重度敲击
1746,12:35:50,hit_1746_20260730_123550.csv,512,DEFECT,HIGH,0,27,113,238,500000,5014368,3605391,-5014368,-331125.2,,,,好棒 任意重度敲击
1747,12:35:50,hit_1747_20260730_123550.csv,512,DEFECT,HIGH,0,28,113,247,500000,5058136,3718109,-5058136,-270238.7,,,,好棒 任意重度敲击
1748,12:35:50,hit_1748_20260730_123550.csv,512,DEFECT,HIGH,0,23,108,237,500000,5507364,3852173,-5507364,-284448.0,,,,好棒 任意重度敲击
1749,12:35:51,hit_1749_20260730_123551.csv,512,DEFECT,HIGH,0,21,108,216,500000,6244545,4399649,-6244545,-89966.3,,,,好棒 任意重度敲击
1750,12:35:52,hit_1750_20260730_123552.csv,512,NORMAL,HIGH,0,0,108,0,500000,5811896,4340949,-5811896,9390.8,,,,好棒 任意重度敲击
1751,12:35:53,hit_1751_20260730_123553.csv,512,NORMAL,HIGH,0,0,108,0,500000,5400198,4439155,-5400198,127870.4,,,,好棒 任意重度敲击
1752,12:35:54,hit_1752_20260730_123554.csv,512,NORMAL,HIGH,0,0,108,0,500000,5613110,5613110,-5138915,846468.9,,,,好棒 任意重度敲击
1753,12:35:55,hit_1753_20260730_123555.csv,512,DEFECT,HIGH,0,26,110,262,500000,5540446,3838583,-5540446,-452453.3,,,,好棒 任意重度敲击
1754,12:35:56,hit_1754_20260730_123556.csv,512,DEFECT,HIGH,0,22,108,226,500000,4955259,4199962,-4955259,-35924.6,,,,好棒 任意重度敲击
1755,12:35:57,hit_1755_20260730_123557.csv,512,DEFECT,HIGH,0,23,119,203,500000,5185765,3017564,-5185765,-660548.5,,,,好棒 任意重度敲击
1756,12:35:58,hit_1756_20260730_123558.csv,512,DEFECT,HIGH,0,26,112,257,500000,5614585,4458543,-5614585,61453.6,,,,好棒 任意重度敲击
1757,12:35:59,hit_1757_20260730_123559.csv,512,DEFECT,HIGH,0,23,111,230,500000,5325159,4003672,-5325159,-176338.1,,,,好棒 任意重度敲击
1758,12:35:59,hit_1758_20260730_123559.csv,512,NORMAL,HIGH,0,0,109,0,500000,5379045,4966250,-5379045,420347.4,,,,好棒 任意重度敲击
1759,12:36:00,hit_1759_20260730_123600.csv,512,DEFECT,HIGH,0,25,110,252,500000,5384818,3524877,-5384818,-478869.9,,,,好棒 任意重度敲击
1760,12:36:01,hit_1760_20260730_123601.csv,512,DEFECT,HIGH,0,25,110,252,500000,5457806,4480857,-5457806,7231.1,,,,好棒 任意重度敲击
1761,12:36:02,hit_1761_20260730_123602.csv,512,DEFECT,HIGH,0,24,110,242,500000,5578297,4113014,-5578297,-160383.3,,,,好棒 任意重度敲击
1762,12:36:02,hit_1762_20260730_123602.csv,512,NORMAL,HIGH,0,0,112,0,500000,5105345,4322719,-5105345,55632.5,,,,好棒 任意重度敲击
1763,12:36:03,hit_1763_20260730_123603.csv,512,DEFECT,HIGH,0,25,110,252,500000,5788192,4050083,-5788192,-287266.5,,,,好棒 任意重度敲击
1764,12:36:03,hit_1764_20260730_123603.csv,512,DEFECT,HIGH,0,25,109,255,500000,5319723,3505707,-5319723,-719673.2,,,,好棒 任意重度敲击
1765,12:36:04,hit_1765_20260730_123604.csv,512,DEFECT,HIGH,0,24,110,242,500000,5170221,4227876,-5170221,-177609.5,,,,好棒 任意重度敲击
1766,12:36:04,hit_1766_20260730_123604.csv,512,NORMAL,HIGH,0,0,109,0,500000,4722172,4722172,-4592864,245488.0,,,,好棒 任意重度敲击
1767,12:36:05,hit_1767_20260730_123605.csv,512,DEFECT,HIGH,0,23,109,234,500000,5339386,3890790,-5339386,-181648.6,,,,好棒 任意重度敲击
1768,12:36:05,hit_1768_20260730_123605.csv,512,DEFECT,HIGH,0,24,110,242,500000,5009725,4086104,-5009725,-160764.3,,,,好棒 任意重度敲击
1769,12:36:05,hit_1769_20260730_123605.csv,512,DEFECT,HIGH,0,29,114,281,500000,5603359,3923626,-5603359,-425662.6,,,,好棒 任意重度敲击
1770,12:36:06,hit_1770_20260730_123606.csv,512,DEFECT,HIGH,0,22,108,226,500000,4664752,3091867,-4664752,-720848.5,,,,好棒 任意重度敲击
1771,12:36:06,hit_1771_20260730_123606.csv,512,DEFECT,HIGH,0,23,110,232,500000,5167907,3925430,-5167907,-179072.3,,,,好棒 任意重度敲击
1772,12:36:07,hit_1772_20260730_123607.csv,512,DEFECT,HIGH,0,28,115,269,500000,5625858,3975142,-5625858,-378573.8,,,,好棒 任意重度敲击
1773,12:36:07,hit_1773_20260730_123607.csv,512,DEFECT,HIGH,0,23,111,230,500000,4838002,4108106,-4838002,-74217.6,,,,好棒 任意重度敲击
1774,12:36:07,hit_1774_20260730_123607.csv,512,DEFECT,HIGH,0,31,113,303,500000,5367657,3360348,-5367657,-924520.4,,,,好棒 任意重度敲击
1775,12:36:08,hit_1775_20260730_123608.csv,512,DEFECT,HIGH,0,30,113,294,500000,5718728,3145412,-5718728,-972570.5,,,,好棒 任意重度敲击
1776,12:36:08,hit_1776_20260730_123608.csv,512,DEFECT,HIGH,0,24,110,242,500000,5034036,3909800,-5034036,-260781.2,,,,好棒 任意重度敲击
1777,12:36:08,hit_1777_20260730_123608.csv,512,DEFECT,HIGH,0,61,119,564,500000,5267448,5267448,-4939976,-425989.1,,,,好棒 任意重度敲击
1778,12:36:09,hit_1778_20260730_123609.csv,512,DEFECT,HIGH,0,28,113,274,500000,5603608,3945100,-5603608,-465872.9,,,,好棒 任意重度敲击
1779,12:36:09,hit_1779_20260730_123609.csv,512,DEFECT,HIGH,0,23,108,237,500000,4861946,3244774,-4861946,-456675.4,,,,好棒 任意重度敲击
1780,12:36:09,hit_1780_20260730_123609.csv,512,DEFECT,HIGH,0,24,110,242,500000,5381409,3827083,-5381409,-392149.7,,,,好棒 任意重度敲击
1781,12:36:10,hit_1781_20260730_123610.csv,512,DEFECT,HIGH,0,24,110,242,500000,5220986,4094461,-5220986,-204770.7,,,,好棒 任意重度敲击
1782,12:36:10,hit_1782_20260730_123610.csv,512,DEFECT,HIGH,0,25,114,242,500000,5180230,3587451,-5180230,-417796.8,,,,好棒 任意重度敲击
1783,12:36:10,hit_1783_20260730_123610.csv,512,DEFECT,HIGH,0,22,112,217,500000,4688428,4479980,-4688428,-36590.2,,,,好棒 任意重度敲击
1784,12:36:11,hit_1784_20260730_123611.csv,512,DEFECT,HIGH,0,23,116,219,500000,4671282,3651465,-4671282,-221671.2,,,,好棒 任意重度敲击
1785,12:36:11,hit_1785_20260730_123611.csv,512,DEFECT,HIGH,0,35,120,321,500000,4788999,4767120,-4788999,61605.3,,,,好棒 任意重度敲击
1786,12:36:11,hit_1786_20260730_123611.csv,512,DEFECT,HIGH,0,63,110,636,500000,6154158,4568782,-6154158,-539838.2,,,,好棒 任意重度敲击
1787,12:36:12,hit_1787_20260730_123612.csv,512,DEFECT,HIGH,0,22,111,220,500000,4607987,4607987,-4582211,169904.1,,,,好棒 任意重度敲击
1788,12:36:12,hit_1788_20260730_123612.csv,512,DEFECT,HIGH,0,26,112,257,500000,5506753,4137281,-5506753,-162792.7,,,,好棒 任意重度敲击
1789,12:36:12,hit_1789_20260730_123612.csv,512,DEFECT,HIGH,0,38,109,387,500000,5083414,3157548,-5083414,-837617.3,,,,好棒 任意重度敲击
1790,12:36:13,hit_1790_20260730_123613.csv,512,DEFECT,HIGH,0,23,110,232,500000,4905031,4037990,-4905031,-188604.0,,,,好棒 任意重度敲击
1791,12:36:13,hit_1791_20260730_123613.csv,512,DEFECT,HIGH,0,21,109,214,500000,4738789,3940761,-4738789,-169963.3,,,,好棒 任意重度敲击
1792,12:36:13,hit_1792_20260730_123613.csv,512,DEFECT,HIGH,0,26,112,257,500000,5213783,3961724,-5213783,-272237.9,,,,好棒 任意重度敲击
1793,12:36:14,hit_1793_20260730_123614.csv,512,DEFECT,HIGH,0,24,110,242,500000,5335371,3882314,-5335371,-202043.6,,,,好棒 任意重度敲击
1794,12:36:15,hit_1794_20260730_123615.csv,512,DEFECT,HIGH,0,34,112,336,500000,3277738,2985713,-3277738,-326638.6,,,,好棒 任意重度敲击
1795,12:36:16,hit_1795_20260730_123616.csv,512,DEFECT,HIGH,0,41,110,414,500000,2684914,2684914,-1985127,-188732.4,,,,好棒 任意重度敲击
1796,12:36:17,hit_1796_20260730_123617.csv,512,DEFECT,HIGH,0,36,115,346,500000,4418940,2982254,-4418940,-510299.3,,,,好棒 任意重度敲击
1797,12:36:19,hit_1797_20260730_123619.csv,512,DEFECT,HIGH,0,26,113,254,500000,4851343,3308800,-4851343,-503239.7,,,,好棒 任意重度敲击
1798,12:36:19,hit_1798_20260730_123619.csv,512,DEFECT,HIGH,0,49,108,505,500000,3616651,3610190,-3616651,-301389.5,,,,好棒 任意重度敲击
1799,12:36:20,hit_1799_20260730_123620.csv,512,DEFECT,HIGH,0,42,113,411,500000,3195772,3195772,-2166600,-223002.4,,,,好棒 任意重度敲击
1800,12:36:22,hit_1800_20260730_123622.csv,512,DEFECT,HIGH,0,34,112,336,500000,2400585,2400585,-1943038,-162888.1,,,,好棒 任意重度敲击
1801,12:36:23,hit_1801_20260730_123623.csv,512,DEFECT,HIGH,0,24,113,235,500000,4735665,2971304,-4735665,-537110.0,,,,好棒 任意重度敲击
1802,12:36:24,hit_1802_20260730_123624.csv,512,DEFECT,HIGH,0,38,115,365,500000,3698626,3149115,-3698626,-393819.0,,,,好棒 任意重度敲击
1803,12:36:24,hit_1803_20260730_123624.csv,512,DEFECT,HIGH,0,42,114,407,500000,2728189,2728189,-1992704,-183372.9,,,,好棒 任意重度敲击
1804,12:36:25,hit_1804_20260730_123625.csv,512,DEFECT,HIGH,0,45,119,416,500000,3421878,3421878,-2527224,-220437.1,,,,好棒 任意重度敲击
1805,12:36:25,hit_1805_20260730_123625.csv,512,DEFECT,HIGH,0,43,113,421,500000,2699343,2699343,-2021268,-187180.5,,,,好棒 任意重度敲击
1806,12:36:26,hit_1806_20260730_123626.csv,512,DEFECT,LOW,0,34,0,323,500000,2304248,2304248,-1696583,-164846.4,,,,好棒 任意重度敲击
1807,12:36:27,hit_1807_20260730_123627.csv,512,DEFECT,LOW,0,41,0,390,500000,2215431,2215431,-1569634,-158599.1,,,,好棒 任意重度敲击
1808,12:36:27,hit_1808_20260730_123627.csv,512,DEFECT,HIGH,0,40,115,384,500000,3472702,3472702,-2591911,-239354.1,,,,好棒 任意重度敲击
1809,12:37:33,hit_1809_20260730_123733.csv,512,DEFECT,HIGH,0,25,112,247,500000,5048696,3223369,-5048696,-595432.8,,,,好棒 任意重度敲击
1810,12:37:34,hit_1810_20260730_123734.csv,512,DEFECT,HIGH,0,22,109,224,500000,5349131,3275476,-5349131,-581361.6,,,,好棒 任意重度敲击
1811,12:37:34,hit_1811_20260730_123734.csv,512,DEFECT,HIGH,0,23,108,237,500000,5017273,3301928,-5017273,-517532.1,,,,好棒 任意重度敲击
1812,12:37:35,hit_1812_20260730_123735.csv,512,DEFECT,HIGH,0,23,112,227,500000,4751408,3020828,-4751408,-508660.2,,,,好棒 任意重度敲击
1813,12:37:36,hit_1813_20260730_123736.csv,512,DEFECT,HIGH,0,39,112,386,500000,3517991,3517991,-3226670,-427299.1,,,,好棒 任意重度敲击
1814,12:37:36,hit_1814_20260730_123736.csv,512,DEFECT,HIGH,0,35,113,343,500000,3090587,3090587,-2288439,-212165.2,,,,好棒 任意重度敲击
1815,12:37:37,hit_1815_20260730_123737.csv,512,DEFECT,HIGH,0,36,114,349,500000,3932520,3166705,-3932520,-458502.3,,,,好棒 任意重度敲击
1816,12:37:37,hit_1816_20260730_123737.csv,512,DEFECT,HIGH,0,37,112,366,500000,3347698,3347698,-2785470,-257768.7,,,,好棒 任意重度敲击
1817,12:37:37,hit_1817_20260730_123737.csv,512,DEFECT,HIGH,0,35,113,343,500000,3828264,3058509,-3828264,-415170.2,,,,好棒 任意重度敲击
1818,12:37:38,hit_1818_20260730_123738.csv,512,DEFECT,HIGH,0,32,112,316,500000,3297477,2874369,-3297477,-331453.1,,,,好棒 任意重度敲击
1819,12:37:38,hit_1819_20260730_123738.csv,512,DEFECT,HIGH,0,32,111,320,500000,3084239,3084239,-2515073,-288878.2,,,,好棒 任意重度敲击
1820,12:37:38,hit_1820_20260730_123738.csv,512,DEFECT,HIGH,0,33,110,333,500000,3167630,3167630,-2520856,-281574.3,,,,好棒 任意重度敲击
1821,12:37:39,hit_1821_20260730_123739.csv,512,DEFECT,HIGH,0,40,109,408,500000,3282680,3282680,-2138872,-232532.8,,,,好棒 任意重度敲击
1822,12:37:39,hit_1822_20260730_123739.csv,512,DEFECT,HIGH,0,37,109,377,500000,3231784,3231784,-2136033,-227894.0,,,,好棒 任意重度敲击
1823,12:37:39,hit_1823_20260730_123739.csv,512,DEFECT,HIGH,0,37,108,381,500000,2847473,2847473,-1881285,-203652.9,,,,好棒 任意重度敲击
1824,12:37:40,hit_1824_20260730_123740.csv,512,DEFECT,HIGH,0,35,110,353,500000,3087217,3087217,-2350895,-221079.4,,,,好棒 任意重度敲击
1825,12:37:40,hit_1825_20260730_123740.csv,512,DEFECT,LOW,0,31,0,295,500000,2536774,2536774,-1668084,-185182.1,,,,好棒 任意重度敲击
1826,12:37:41,hit_1826_20260730_123741.csv,512,DEFECT,HIGH,0,31,112,306,500000,4156545,2793050,-4156545,-493424.0,,,,好棒 任意重度敲击
1827,12:37:41,hit_1827_20260730_123741.csv,512,DEFECT,HIGH,0,31,111,310,500000,2992207,2992207,-2737629,-265174.6,,,,好棒 任意重度敲击
1828,12:37:41,hit_1828_20260730_123741.csv,512,DEFECT,HIGH,0,33,109,336,500000,2944923,2944923,-1927788,-207203.7,,,,好棒 任意重度敲击
1829,12:37:42,hit_1829_20260730_123742.csv,512,DEFECT,HIGH,0,38,109,387,500000,3528424,3528424,-2384993,-264108.3,,,,好棒 任意重度敲击
1830,12:37:42,hit_1830_20260730_123742.csv,512,DEFECT,HIGH,0,38,110,383,500000,3606108,3606108,-2876090,-354397.3,,,,好棒 任意重度敲击
1831,12:37:42,hit_1831_20260730_123742.csv,512,DEFECT,HIGH,0,39,112,386,500000,3449202,3449202,-2616041,-282518.2,,,,好棒 任意重度敲击
1832,12:37:42,hit_1832_20260730_123742.csv,512,DEFECT,HIGH,0,37,111,370,500000,3433353,3433353,-3086616,-347644.1,,,,好棒 任意重度敲击
1833,12:37:43,hit_1833_20260730_123743.csv,512,DEFECT,HIGH,0,35,111,350,500000,3556979,3266754,-3556979,-451456.5,,,,好棒 任意重度敲击
1834,12:37:43,hit_1834_20260730_123743.csv,512,DEFECT,HIGH,0,37,110,373,500000,3532112,3532112,-2449201,-278076.5,,,,好棒 任意重度敲击
1835,12:37:43,hit_1835_20260730_123743.csv,512,DEFECT,HIGH,0,33,112,326,500000,3467310,3345916,-3467310,-408172.8,,,,好棒 任意重度敲击
1836,12:37:44,hit_1836_20260730_123744.csv,512,DEFECT,HIGH,0,37,111,370,500000,3416318,3416318,-3328266,-420451.7,,,,好棒 任意重度敲击
1837,12:37:44,hit_1837_20260730_123744.csv,512,DEFECT,HIGH,0,34,111,340,500000,3309539,3309539,-3026318,-346050.9,,,,好棒 任意重度敲击
1838,12:37:44,hit_1838_20260730_123744.csv,512,DEFECT,HIGH,0,31,110,313,500000,3816860,2855813,-3816860,-454374.1,,,,好棒 任意重度敲击
1839,12:37:45,hit_1839_20260730_123745.csv,512,DEFECT,HIGH,0,34,110,343,500000,4183049,3223329,-4183049,-539284.3,,,,好棒 任意重度敲击
1840,12:37:45,hit_1840_20260730_123745.csv,512,DEFECT,HIGH,0,33,111,330,500000,4315077,2958779,-4315077,-527779.0,,,,好棒 任意重度敲击
1841,12:37:45,hit_1841_20260730_123745.csv,512,DEFECT,HIGH,0,36,112,356,500000,4469346,3112825,-4469346,-536463.3,,,,好棒 任意重度敲击
1842,12:37:46,hit_1842_20260730_123746.csv,512,DEFECT,HIGH,0,33,111,330,500000,4115808,2978359,-4115808,-495142.6,,,,好棒 任意重度敲击
1843,12:37:46,hit_1843_20260730_123746.csv,512,DEFECT,HIGH,0,33,111,330,500000,4054439,2984966,-4054439,-457403.6,,,,好棒 任意重度敲击
1844,12:37:47,hit_1844_20260730_123747.csv,512,DEFECT,HIGH,0,31,111,310,500000,4025131,2982048,-4025131,-443918.4,,,,好棒 任意重度敲击
1845,12:37:47,hit_1845_20260730_123747.csv,512,NORMAL,LOW,0,0,0,0,582324,1219286,1219286,-945436,58227.4,,,,好棒 任意重度敲击
1846,12:37:47,hit_1846_20260730_123747.csv,512,DEFECT,HIGH,0,36,111,360,500000,3917875,3303007,-3917875,-453214.4,,,,好棒 任意重度敲击
1847,12:37:48,hit_1847_20260730_123748.csv,512,DEFECT,HIGH,0,36,109,367,500000,3045991,3045991,-2273319,-205037.7,,,,好棒 任意重度敲击
1848,12:37:48,hit_1848_20260730_123748.csv,512,DEFECT,HIGH,0,31,111,310,500000,3954648,3142257,-3954648,-454413.0,,,,好棒 任意重度敲击
1849,12:37:48,hit_1849_20260730_123748.csv,512,DEFECT,HIGH,0,34,111,340,500000,3917445,3142883,-3917445,-455949.0,,,,好棒 任意重度敲击
1850,12:37:49,hit_1850_20260730_123749.csv,512,DEFECT,HIGH,0,33,110,333,500000,3634399,3162341,-3634399,-396008.9,,,,好棒 任意重度敲击
1851,12:37:49,hit_1851_20260730_123749.csv,512,DEFECT,HIGH,0,35,110,353,500000,3331965,3331965,-2967313,-329048.2,,,,好棒 任意重度敲击
1852,12:37:49,hit_1852_20260730_123749.csv,512,DEFECT,HIGH,0,34,110,343,500000,3442532,3259480,-3442532,-371992.6,,,,好棒 任意重度敲击
1853,12:37:50,hit_1853_20260730_123750.csv,512,DEFECT,HIGH,0,31,109,316,500000,3134855,3134855,-2604237,-258143.4,,,,好棒 任意重度敲击
1854,12:37:50,hit_1854_20260730_123750.csv,512,DEFECT,HIGH,0,39,109,397,500000,3671026,3671026,-2688710,-285755.0,,,,好棒 任意重度敲击
1855,12:37:51,hit_1855_20260730_123751.csv,512,DEFECT,HIGH,0,34,110,343,500000,3267219,3267219,-3165632,-326940.1,,,,好棒 任意重度敲击
1856,12:37:51,hit_1856_20260730_123751.csv,512,DEFECT,HIGH,0,33,110,333,500000,3318917,3144561,-3318917,-350698.1,,,,好棒 任意重度敲击
1857,12:37:51,hit_1857_20260730_123751.csv,512,DEFECT,HIGH,0,33,110,333,500000,3225219,3225219,-3110937,-319166.0,,,,好棒 任意重度敲击
1858,12:37:52,hit_1858_20260730_123752.csv,512,DEFECT,HIGH,0,34,110,343,500000,3464738,3243542,-3464738,-369466.1,,,,好棒 任意重度敲击
1859,12:37:52,hit_1859_20260730_123752.csv,512,DEFECT,HIGH,0,31,109,316,500000,3383599,3021355,-3383599,-383023.5,,,,好棒 任意重度敲击
1860,12:37:53,hit_1860_20260730_123753.csv,512,DEFECT,HIGH,0,34,110,343,500000,3236088,3212322,-3236088,-369818.4,,,,好棒 任意重度敲击
1861,12:37:53,hit_1861_20260730_123753.csv,512,DEFECT,HIGH,0,31,108,319,500000,3159120,3159120,-2822702,-320943.8,,,,好棒 任意重度敲击
1862,12:37:53,hit_1862_20260730_123753.csv,512,DEFECT,HIGH,0,40,110,404,500000,3654727,3654727,-3011868,-329709.3,,,,好棒 任意重度敲击
1863,12:37:54,hit_1863_20260730_123754.csv,512,DEFECT,HIGH,0,33,111,330,500000,3395629,3190029,-3395629,-376391.5,,,,好棒 任意重度敲击
1864,12:37:54,hit_1864_20260730_123754.csv,512,DEFECT,HIGH,0,35,110,353,500000,3335451,3335451,-2957617,-304211.3,,,,好棒 任意重度敲击
1865,12:37:55,hit_1865_20260730_123755.csv,512,DEFECT,HIGH,0,40,110,404,500000,3525069,3525069,-2468344,-259327.9,,,,好棒 任意重度敲击
1866,12:37:55,hit_1866_20260730_123755.csv,512,DEFECT,HIGH,0,38,108,391,500000,2775628,2775628,-1985392,-203738.5,,,,好棒 任意重度敲击
1867,12:37:55,hit_1867_20260730_123755.csv,512,DEFECT,HIGH,0,33,110,333,500000,3355657,3355657,-3152499,-326241.9,,,,好棒 任意重度敲击
1868,12:37:56,hit_1868_20260730_123756.csv,512,DEFECT,HIGH,0,32,110,323,500000,3543010,3146692,-3543010,-381061.5,,,,好棒 任意重度敲击
1869,12:37:56,hit_1869_20260730_123756.csv,512,DEFECT,HIGH,0,41,111,410,500000,3789838,3789838,-2712820,-257710.8,,,,好棒 任意重度敲击
1870,12:37:57,hit_1870_20260730_123757.csv,512,DEFECT,HIGH,0,46,109,469,500000,3531064,3531064,-2434184,-243931.4,,,,好棒 任意重度敲击
1871,12:37:57,hit_1871_20260730_123757.csv,512,DEFECT,HIGH,0,38,113,372,500000,3591826,3417201,-3591826,-395518.7,,,,好棒 任意重度敲击
1872,12:37:57,hit_1872_20260730_123757.csv,512,DEFECT,HIGH,0,37,111,370,500000,3458054,3458054,-3238830,-319483.6,,,,好棒 任意重度敲击
1873,12:37:58,hit_1873_20260730_123758.csv,512,DEFECT,HIGH,0,33,111,330,500000,3855551,3099965,-3855551,-415620.4,,,,好棒 任意重度敲击
1874,12:37:58,hit_1874_20260730_123758.csv,512,DEFECT,HIGH,0,34,110,343,500000,3887419,3233692,-3887419,-420319.6,,,,好棒 任意重度敲击
1875,12:37:59,hit_1875_20260730_123759.csv,512,DEFECT,HIGH,0,39,112,386,500000,3692696,3692696,-3626658,-392017.6,,,,好棒 任意重度敲击
1876,12:37:59,hit_1876_20260730_123759.csv,512,DEFECT,HIGH,0,36,111,360,500000,3432140,3432140,-3322810,-345646.6,,,,好棒 任意重度敲击
1877,12:37:59,hit_1877_20260730_123759.csv,512,DEFECT,HIGH,0,35,113,343,500000,3914263,3455279,-3914263,-429262.7,,,,好棒 任意重度敲击
1878,12:38:00,hit_1878_20260730_123800.csv,512,DEFECT,HIGH,0,34,110,343,500000,3873567,3390882,-3873567,-424340.5,,,,好棒 任意重度敲击
1879,12:38:00,hit_1879_20260730_123800.csv,512,DEFECT,HIGH,0,35,111,350,500000,4234299,3299162,-4234299,-487977.7,,,,好棒 任意重度敲击
1880,12:38:00,hit_1880_20260730_123800.csv,512,DEFECT,HIGH,0,33,111,330,500000,4158351,3187457,-4158351,-461555.8,,,,好棒 任意重度敲击
1881,12:38:01,hit_1881_20260730_123801.csv,512,DEFECT,HIGH,0,28,109,285,500000,3937521,2896255,-3937521,-437100.2,,,,好棒 任意重度敲击
1882,12:38:01,hit_1882_20260730_123801.csv,512,DEFECT,HIGH,0,23,110,232,500000,4385362,3019966,-4385362,-471533.9,,,,好棒 任意重度敲击
1883,12:38:02,hit_1883_20260730_123802.csv,512,DEFECT,HIGH,0,36,111,360,500000,4194216,3392316,-4194216,-457804.8,,,,好棒 任意重度敲击
1884,12:38:02,hit_1884_20260730_123802.csv,512,DEFECT,HIGH,0,32,111,320,500000,4096398,3060953,-4096398,-427572.0,,,,好棒 任意重度敲击
1885,12:38:02,hit_1885_20260730_123802.csv,512,DEFECT,HIGH,0,33,109,336,500000,3291277,3291277,-2855901,-275764.6,,,,好棒 任意重度敲击
1886,12:38:03,hit_1886_20260730_123803.csv,512,DEFECT,HIGH,0,34,111,340,500000,4001958,3123285,-4001958,-445282.8,,,,好棒 任意重度敲击
1887,12:38:03,hit_1887_20260730_123803.csv,512,DEFECT,HIGH,0,30,110,303,500000,4019624,3021477,-4019624,-428627.4,,,,好棒 任意重度敲击
1888,12:38:03,hit_1888_20260730_123803.csv,512,DEFECT,HIGH,0,34,110,343,500000,4624151,3101308,-4624151,-561445.6,,,,好棒 任意重度敲击
1889,12:38:04,hit_1889_20260730_123804.csv,512,DEFECT,HIGH,0,32,110,323,500000,4231519,3027980,-4231519,-486583.7,,,,好棒 任意重度敲击
1890,12:38:04,hit_1890_20260730_123804.csv,512,DEFECT,HIGH,0,36,110,363,500000,3961515,3405552,-3961515,-441713.8,,,,好棒 任意重度敲击
1891,12:38:05,hit_1891_20260730_123805.csv,512,DEFECT,HIGH,0,32,110,323,500000,4303947,3047676,-4303947,-472310.2,,,,好棒 任意重度敲击
1892,12:38:05,hit_1892_20260730_123805.csv,512,DEFECT,HIGH,0,29,109,295,500000,4106857,2865427,-4106857,-479904.8,,,,好棒 任意重度敲击
1893,12:38:05,hit_1893_20260730_123805.csv,512,DEFECT,HIGH,0,30,109,306,500000,3752832,2915116,-3752832,-419311.1,,,,好棒 任意重度敲击
1894,12:38:06,hit_1894_20260730_123806.csv,512,DEFECT,HIGH,0,29,108,298,500000,4176248,2817379,-4176248,-537806.4,,,,好棒 任意重度敲击
1895,12:38:06,hit_1895_20260730_123806.csv,512,DEFECT,HIGH,0,29,109,295,500000,4121426,2788390,-4121426,-477266.4,,,,好棒 任意重度敲击
1896,12:38:07,hit_1896_20260730_123807.csv,512,DEFECT,HIGH,0,33,110,333,500000,4374647,3069989,-4374647,-517142.5,,,,好棒 任意重度敲击
1897,12:38:07,hit_1897_20260730_123807.csv,512,DEFECT,HIGH,0,32,111,320,500000,3765059,2983195,-3765059,-427211.9,,,,好棒 任意重度敲击
1898,12:38:08,hit_1898_20260730_123808.csv,512,DEFECT,HIGH,0,31,110,313,500000,4281824,2941473,-4281824,-484569.0,,,,好棒 任意重度敲击
1899,12:38:08,hit_1899_20260730_123808.csv,512,DEFECT,HIGH,0,36,110,363,500000,3427570,3427570,-3292442,-356804.7,,,,好棒 任意重度敲击
1900,12:38:08,hit_1900_20260730_123808.csv,512,DEFECT,HIGH,0,33,111,330,500000,4416155,2875735,-4416155,-555706.1,,,,好棒 任意重度敲击
1901,12:38:09,hit_1901_20260730_123809.csv,512,DEFECT,HIGH,0,32,111,320,500000,4220045,2860385,-4220045,-499619.0,,,,好棒 任意重度敲击
1902,12:38:09,hit_1902_20260730_123809.csv,512,DEFECT,HIGH,0,31,111,310,500000,4207234,2794935,-4207234,-497339.7,,,,好棒 任意重度敲击
1903,12:38:10,hit_1903_20260730_123810.csv,512,DEFECT,HIGH,0,31,110,313,500000,4460278,2810600,-4460278,-533952.4,,,,好棒 任意重度敲击
1904,12:38:10,hit_1904_20260730_123810.csv,512,DEFECT,HIGH,0,31,110,313,500000,4241686,2943283,-4241686,-488209.4,,,,好棒 任意重度敲击
1905,12:38:11,hit_1905_20260730_123811.csv,512,DEFECT,HIGH,0,28,109,285,500000,4090916,2819709,-4090916,-445284.4,,,,好棒 任意重度敲击
1906,12:38:11,hit_1906_20260730_123811.csv,512,DEFECT,HIGH,0,31,110,313,500000,3651949,3006130,-3651949,-403855.5,,,,好棒 任意重度敲击
1907,12:38:11,hit_1907_20260730_123811.csv,512,DEFECT,HIGH,0,36,111,360,500000,4383205,3165411,-4383205,-567827.7,,,,好棒 任意重度敲击
1908,12:38:12,hit_1908_20260730_123812.csv,512,DEFECT,HIGH,0,30,110,303,500000,4018850,2967820,-4018850,-450236.3,,,,好棒 任意重度敲击
1909,12:38:12,hit_1909_20260730_123812.csv,512,DEFECT,HIGH,0,33,110,333,500000,3911967,3042218,-3911967,-456747.2,,,,好棒 任意重度敲击
1910,12:38:13,hit_1910_20260730_123813.csv,512,DEFECT,HIGH,0,32,110,323,500000,3990867,3174786,-3990867,-450922.9,,,,好棒 任意重度敲击
1911,12:38:13,hit_1911_20260730_123813.csv,512,DEFECT,HIGH,0,34,111,340,500000,4148244,3104840,-4148244,-480103.2,,,,好棒 任意重度敲击
1912,12:38:13,hit_1912_20260730_123813.csv,512,DEFECT,HIGH,0,35,109,357,500000,3538012,3346009,-3538012,-384346.7,,,,好棒 任意重度敲击
1913,12:38:14,hit_1913_20260730_123814.csv,512,DEFECT,HIGH,0,35,110,353,500000,3607541,3290682,-3607541,-402555.7,,,,好棒 任意重度敲击
1914,12:38:14,hit_1914_20260730_123814.csv,512,DEFECT,HIGH,0,32,111,320,500000,4463687,2972237,-4463687,-477483.5,,,,好棒 任意重度敲击
1915,12:38:15,hit_1915_20260730_123815.csv,512,DEFECT,HIGH,0,36,110,363,500000,3754884,3342527,-3754884,-409502.5,,,,好棒 任意重度敲击
1916,12:38:15,hit_1916_20260730_123815.csv,512,DEFECT,HIGH,0,38,111,380,500000,3620599,3620599,-3288622,-331860.5,,,,好棒 任意重度敲击
1917,12:38:15,hit_1917_20260730_123815.csv,512,DEFECT,HIGH,0,38,112,376,500000,3699232,3438394,-3699232,-374673.6,,,,好棒 任意重度敲击
1918,12:38:16,hit_1918_20260730_123816.csv,512,DEFECT,HIGH,0,38,110,383,500000,3681268,3681268,-3505184,-386216.7,,,,好棒 任意重度敲击
1919,12:38:16,hit_1919_20260730_123816.csv,512,DEFECT,HIGH,0,31,111,310,500000,4125195,2879532,-4125195,-452134.5,,,,好棒 任意重度敲击
1920,12:38:16,hit_1920_20260730_123816.csv,512,DEFECT,HIGH,0,33,111,330,500000,3861761,3152936,-3861761,-406638.5,,,,好棒 任意重度敲击
1921,12:38:17,hit_1921_20260730_123817.csv,512,DEFECT,HIGH,0,32,111,320,500000,3809292,3094349,-3809292,-381410.1,,,,好棒 任意重度敲击
1922,12:38:17,hit_1922_20260730_123817.csv,512,DEFECT,HIGH,0,32,110,323,500000,3937535,2969887,-3937535,-446131.6,,,,好棒 任意重度敲击
1923,12:38:18,hit_1923_20260730_123818.csv,512,DEFECT,HIGH,0,35,110,353,500000,3426305,3335579,-3426305,-361331.1,,,,好棒 任意重度敲击
1924,12:38:18,hit_1924_20260730_123818.csv,512,DEFECT,HIGH,0,37,111,370,500000,3380252,3380252,-2868490,-263785.2,,,,好棒 任意重度敲击
1925,12:38:18,hit_1925_20260730_123818.csv,512,DEFECT,HIGH,0,35,110,353,500000,3424382,3424382,-3172637,-327561.6,,,,好棒 任意重度敲击
1926,12:38:19,hit_1926_20260730_123819.csv,512,DEFECT,HIGH,0,32,111,320,500000,3491249,3009503,-3491249,-339205.7,,,,好棒 任意重度敲击
1927,12:38:19,hit_1927_20260730_123819.csv,512,DEFECT,HIGH,0,34,111,340,500000,4197998,3163529,-4197998,-460023.5,,,,好棒 任意重度敲击
1928,12:38:19,hit_1928_20260730_123819.csv,512,DEFECT,HIGH,0,36,110,363,500000,3851402,3371399,-3851402,-436272.1,,,,好棒 任意重度敲击
1929,12:38:20,hit_1929_20260730_123820.csv,512,DEFECT,HIGH,0,32,110,323,500000,4376584,3011998,-4376584,-486938.0,,,,好棒 任意重度敲击
1930,12:38:20,hit_1930_20260730_123820.csv,512,DEFECT,HIGH,0,33,110,333,500000,4570092,3028567,-4570092,-512481.8,,,,好棒 任意重度敲击
1931,12:38:29,hit_1931_20260730_123829.csv,512,DEFECT,HIGH,0,35,110,353,500000,4584829,3220278,-4584829,-522225.4,,,,好棒 任意重度敲击
1932,12:38:29,hit_1932_20260730_123829.csv,512,DEFECT,HIGH,0,38,114,368,500000,4504809,3171959,-4504809,-624820.3,,,,好棒 任意重度敲击
1933,12:38:30,hit_1933_20260730_123830.csv,512,DEFECT,HIGH,0,25,110,252,500000,5269959,3553115,-5269959,-535929.7,,,,好棒 任意重度敲击
1934,12:38:30,hit_1934_20260730_123830.csv,512,DEFECT,HIGH,0,26,113,254,500000,4668599,2916431,-4668599,-599742.3,,,,好棒 任意重度敲击
1935,12:38:30,hit_1935_20260730_123830.csv,512,DEFECT,HIGH,0,24,111,240,500000,5064942,3097924,-5064942,-482765.5,,,,好棒 任意重度敲击
1936,12:38:32,hit_1936_20260730_123832.csv,512,DEFECT,HIGH,0,33,109,336,500000,4478547,3229202,-4478547,-530289.3,,,,好棒 任意重度敲击
1937,12:38:32,hit_1937_20260730_123832.csv,512,DEFECT,HIGH,0,26,112,257,500000,5141075,3241422,-5141075,-567820.2,,,,好棒 任意重度敲击
1938,12:38:32,hit_1938_20260730_123832.csv,512,DEFECT,HIGH,0,34,112,336,500000,4211368,3210779,-4211368,-448719.8,,,,好棒 任意重度敲击
1939,12:38:33,hit_1939_20260730_123833.csv,512,DEFECT,HIGH,0,30,111,300,500000,3079749,3079749,-2594942,-217034.7,,,,好棒 任意重度敲击
1940,12:38:33,hit_1940_20260730_123833.csv,512,DEFECT,HIGH,0,36,112,356,500000,4200985,3411827,-4200985,-440568.5,,,,好棒 任意重度敲击
1941,12:38:33,hit_1941_20260730_123833.csv,512,DEFECT,HIGH,0,37,113,362,500000,3525449,3525449,-3152039,-287492.5,,,,好棒 任意重度敲击
1942,12:38:34,hit_1942_20260730_123834.csv,512,DEFECT,HIGH,0,35,112,346,500000,4480120,3124416,-4480120,-477231.5,,,,好棒 任意重度敲击
1943,12:38:34,hit_1943_20260730_123834.csv,512,DEFECT,HIGH,0,38,113,372,500000,3724514,3565530,-3724514,-356414.7,,,,好棒 任意重度敲击
1944,12:38:34,hit_1944_20260730_123834.csv,512,DEFECT,HIGH,0,38,112,376,500000,3424627,3424627,-2974224,-258858.7,,,,好棒 任意重度敲击
1945,12:38:35,hit_1945_20260730_123835.csv,512,DEFECT,HIGH,0,38,113,372,500000,4252265,3223338,-4252265,-450344.1,,,,好棒 任意重度敲击
1946,12:38:35,hit_1946_20260730_123835.csv,512,DEFECT,HIGH,0,36,113,352,500000,4250151,3276867,-4250151,-444783.5,,,,好棒 任意重度敲击
1947,12:38:35,hit_1947_20260730_123835.csv,512,DEFECT,HIGH,0,37,113,362,500000,4249138,3476844,-4249138,-443375.6,,,,好棒 任意重度敲击
1948,12:38:36,hit_1948_20260730_123836.csv,512,DEFECT,HIGH,0,32,112,316,500000,4008210,2887857,-4008210,-377038.5,,,,好棒 任意重度敲击
1949,12:38:36,hit_1949_20260730_123836.csv,512,DEFECT,HIGH,0,36,114,349,500000,4446134,3126219,-4446134,-455198.2,,,,好棒 任意重度敲击
1950,12:38:36,hit_1950_20260730_123836.csv,512,DEFECT,HIGH,0,38,113,372,500000,4015133,3637344,-4015133,-399061.1,,,,好棒 任意重度敲击
1951,12:38:37,hit_1951_20260730_123837.csv,512,DEFECT,HIGH,0,37,114,359,500000,4377309,3057732,-4377309,-437339.5,,,,好棒 任意重度敲击
1952,12:38:37,hit_1952_20260730_123837.csv,512,DEFECT,HIGH,0,38,113,372,500000,4171854,3339939,-4171854,-434453.0,,,,好棒 任意重度敲击
1953,12:38:37,hit_1953_20260730_123837.csv,512,DEFECT,HIGH,0,38,112,376,500000,3706315,3706315,-3463346,-317042.4,,,,好棒 任意重度敲击
1954,12:38:37,hit_1954_20260730_123837.csv,512,DEFECT,HIGH,0,38,113,372,500000,3722074,3587729,-3722074,-347909.6,,,,好棒 任意重度敲击
1955,12:38:38,hit_1955_20260730_123838.csv,512,DEFECT,HIGH,0,38,114,368,500000,3533159,3533159,-3212674,-278337.3,,,,好棒 任意重度敲击
1956,12:38:38,hit_1956_20260730_123838.csv,512,DEFECT,HIGH,0,35,112,346,500000,3314698,3314698,-2742538,-224668.8,,,,好棒 任意重度敲击
1957,12:38:38,hit_1957_20260730_123838.csv,512,DEFECT,HIGH,0,32,111,320,500000,3147295,3147295,-2832257,-241238.1,,,,好棒 任意重度敲击
1958,12:38:39,hit_1958_20260730_123839.csv,512,DEFECT,HIGH,0,33,112,326,500000,4184509,2912823,-4184509,-403199.6,,,,好棒 任意重度敲击
1959,12:38:39,hit_1959_20260730_123839.csv,512,DEFECT,HIGH,0,34,113,333,500000,4225785,2939257,-4225785,-390843.3,,,,好棒 任意重度敲击
1960,12:38:39,hit_1960_20260730_123839.csv,512,DEFECT,HIGH,0,36,113,352,500000,4345724,3159266,-4345724,-483967.2,,,,好棒 任意重度敲击
1961,12:38:40,hit_1961_20260730_123840.csv,512,DEFECT,HIGH,0,35,113,343,500000,4296214,3093788,-4296214,-466747.2,,,,好棒 任意重度敲击
1962,12:38:40,hit_1962_20260730_123840.csv,512,DEFECT,HIGH,0,39,114,378,500000,4420411,3344478,-4420411,-481239.6,,,,好棒 任意重度敲击
1963,12:38:40,hit_1963_20260730_123840.csv,512,DEFECT,HIGH,0,32,111,320,500000,4373873,2955510,-4373873,-398960.9,,,,好棒 任意重度敲击
1964,12:38:40,hit_1964_20260730_123840.csv,512,DEFECT,HIGH,0,24,111,240,500000,4819031,3216838,-4819031,-505741.2,,,,好棒 任意重度敲击
1965,12:38:41,hit_1965_20260730_123841.csv,512,DEFECT,HIGH,0,23,110,232,500000,4844352,3059411,-4844352,-530586.1,,,,好棒 任意重度敲击
1966,12:38:41,hit_1966_20260730_123841.csv,512,DEFECT,HIGH,0,24,111,240,500000,4940452,3004988,-4940452,-557746.3,,,,好棒 任意重度敲击
1967,12:38:41,hit_1967_20260730_123841.csv,512,DEFECT,HIGH,0,23,110,232,500000,4911247,3244178,-4911247,-465638.9,,,,好棒 任意重度敲击
1968,12:38:42,hit_1968_20260730_123842.csv,512,DEFECT,HIGH,0,24,109,244,500000,4952017,3105912,-4952017,-577005.7,,,,好棒 任意重度敲击
1969,12:38:42,hit_1969_20260730_123842.csv,512,DEFECT,HIGH,0,23,110,232,500000,4834582,3223063,-4834582,-435435.8,,,,好棒 任意重度敲击
1970,12:38:42,hit_1970_20260730_123842.csv,512,DEFECT,HIGH,0,24,111,240,500000,4847615,3137014,-4847615,-437313.3,,,,好棒 任意重度敲击
1971,12:38:42,hit_1971_20260730_123842.csv,512,DEFECT,HIGH,0,24,112,237,500000,4860112,2897381,-4860112,-514160.7,,,,好棒 任意重度敲击
1972,12:38:43,hit_1972_20260730_123843.csv,512,DEFECT,HIGH,0,24,112,237,500000,4890154,2939936,-4890154,-475144.7,,,,好棒 任意重度敲击
1973,12:38:43,hit_1973_20260730_123843.csv,512,DEFECT,HIGH,0,33,111,330,500000,4642717,2977418,-4642717,-459688.8,,,,好棒 任意重度敲击
1974,12:38:43,hit_1974_20260730_123843.csv,512,DEFECT,HIGH,0,34,112,336,500000,4172633,3100884,-4172633,-441134.9,,,,好棒 任意重度敲击
1975,12:38:44,hit_1975_20260730_123844.csv,512,DEFECT,HIGH,0,38,110,383,500000,3398433,3398433,-2406582,-240024.9,,,,好棒 任意重度敲击
1976,12:38:44,hit_1976_20260730_123844.csv,512,DEFECT,HIGH,0,39,113,382,500000,4181914,3631608,-4181914,-468177.6,,,,好棒 任意重度敲击
1977,12:38:44,hit_1977_20260730_123844.csv,512,DEFECT,HIGH,0,32,111,320,500000,4463720,2855454,-4463720,-506817.3,,,,好棒 任意重度敲击
1978,12:38:44,hit_1978_20260730_123844.csv,512,DEFECT,HIGH,0,38,114,368,500000,4405787,3027839,-4405787,-534718.0,,,,好棒 任意重度敲击
1979,12:38:45,hit_1979_20260730_123845.csv,512,DEFECT,HIGH,0,36,113,352,500000,3168218,3168218,-2534859,-235040.0,,,,好棒 任意重度敲击
1980,12:38:45,hit_1980_20260730_123845.csv,512,DEFECT,HIGH,0,31,112,306,500000,3936896,2951653,-3936896,-430063.4,,,,好棒 任意重度敲击
1981,12:38:45,hit_1981_20260730_123845.csv,512,DEFECT,HIGH,0,32,110,323,500000,3300961,3300961,-3298954,-332495.8,,,,好棒 任意重度敲击
1982,12:38:46,hit_1982_20260730_123846.csv,512,DEFECT,HIGH,0,36,113,352,500000,4061941,3302136,-4061941,-481975.7,,,,好棒 任意重度敲击
1983,12:38:46,hit_1983_20260730_123846.csv,512,DEFECT,HIGH,0,35,112,346,500000,4341310,3175555,-4341310,-545620.8,,,,好棒 任意重度敲击
1984,12:38:46,hit_1984_20260730_123846.csv,512,DEFECT,HIGH,0,36,112,356,500000,4617473,3137774,-4617473,-564908.0,,,,好棒 任意重度敲击
1985,12:38:47,hit_1985_20260730_123847.csv,512,DEFECT,HIGH,0,40,110,404,500000,3668922,3668922,-2748551,-276775.4,,,,好棒 任意重度敲击
1986,12:38:47,hit_1986_20260730_123847.csv,512,DEFECT,HIGH,0,40,114,388,500000,4792997,3384713,-4792997,-673716.2,,,,好棒 任意重度敲击
1987,12:38:48,hit_1987_20260730_123848.csv,512,DEFECT,HIGH,0,42,112,415,500000,4488982,3829058,-4488982,-576615.5,,,,好棒 任意重度敲击
1988,12:38:49,hit_1988_20260730_123849.csv,512,DEFECT,HIGH,0,23,108,237,500000,4727389,3303855,-4727389,-536900.8,,,,好棒 任意重度敲击
1989,12:38:49,hit_1989_20260730_123849.csv,512,DEFECT,HIGH,0,21,109,214,500000,4529817,3214960,-4529817,-386149.9,,,,好棒 任意重度敲击
1990,12:38:50,hit_1990_20260730_123850.csv,512,DEFECT,HIGH,0,39,112,386,500000,4562712,3334582,-4562712,-578587.9,,,,好棒 任意重度敲击
1991,12:38:50,hit_1991_20260730_123850.csv,512,DEFECT,HIGH,0,34,116,300,500000,2860049,2860049,-1900267,-189417.5,,,,好棒 任意重度敲击
1992,12:38:51,hit_1992_20260730_123851.csv,512,DEFECT,HIGH,0,34,108,350,500000,3374455,3374455,-2930950,-302399.5,,,,好棒 任意重度敲击
1993,12:38:51,hit_1993_20260730_123851.csv,512,DEFECT,HIGH,0,32,116,283,500000,3032262,3032262,-2208950,-199336.6,,,,好棒 任意重度敲击
1994,12:38:51,hit_1994_20260730_123851.csv,512,DEFECT,HIGH,0,35,110,353,500000,3889616,3274907,-3889616,-444823.8,,,,好棒 任意重度敲击
1995,12:38:52,hit_1995_20260730_123852.csv,512,DEFECT,HIGH,0,36,109,367,500000,3534360,3534360,-3025803,-307305.1,,,,好棒 任意重度敲击
1996,12:38:52,hit_1996_20260730_123852.csv,512,DEFECT,HIGH,0,33,110,333,500000,4679265,3111225,-4679265,-573979.7,,,,好棒 任意重度敲击
1997,12:38:53,hit_1997_20260730_123853.csv,512,DEFECT,HIGH,0,36,111,360,500000,4610046,3258573,-4610046,-552820.9,,,,好棒 任意重度敲击
1998,12:38:53,hit_1998_20260730_123853.csv,512,DEFECT,HIGH,0,36,111,360,500000,4599984,3291867,-4599984,-538571.5,,,,好棒 任意重度敲击
1999,12:38:54,hit_1999_20260730_123854.csv,512,DEFECT,HIGH,0,42,113,411,500000,5283174,3290427,-5283174,-728421.2,,,,好棒 任意重度敲击
2000,12:38:55,hit_2000_20260730_123855.csv,512,DEFECT,HIGH,0,36,109,367,500000,4852318,3428284,-4852318,-623243.2,,,,好棒 任意重度敲击
